[2026-09-15T21:01:00.196+0000] {processor.py:161} INFO - Started process (PID=85) to work on /home/airflow/.local/lib/python3.12/site-packages/airflow/example_dags/example_short_circuit_decorator.py
[2026-09-15T21:01:00.198+0000] {processor.py:830} INFO - Processing file /home/airflow/.local/lib/python3.12/site-packages/airflow/example_dags/example_short_circuit_decorator.py for tasks to queue
[2026-09-15T21:01:00.201+0000] {logging_mixin.py:188} INFO - [2026-09-15T21:01:00.201+0000] {dagbag.py:545} INFO - Filling up the DagBag from /home/airflow/.local/lib/python3.12/site-packages/airflow/example_dags/example_short_circuit_decorator.py
[2026-09-15T21:01:00.220+0000] {processor.py:840} INFO - DAG(s) 'example_short_circuit_decorator' retrieved from /home/airflow/.local/lib/python3.12/site-packages/airflow/example_dags/example_short_circuit_decorator.py
[2026-09-15T21:01:00.238+0000] {logging_mixin.py:188} INFO - [2026-09-15T21:01:00.237+0000] {dag.py:3089} INFO - Sync 1 DAGs
[2026-09-15T21:01:00.269+0000] {logging_mixin.py:188} INFO - [2026-09-15T21:01:00.269+0000] {dag.py:3947} INFO - Setting next_dagrun for example_short_circuit_decorator to 2026-09-14 00:00:00+00:00, run_after=2026-09-15 00:00:00+00:00
[2026-09-15T21:01:00.298+0000] {processor.py:183} INFO - Processing /home/airflow/.local/lib/python3.12/site-packages/airflow/example_dags/example_short_circuit_decorator.py took 0.110 seconds
[2026-09-15T21:01:31.870+0000] {processor.py:161} INFO - Started process (PID=143) to work on /home/airflow/.local/lib/python3.12/site-packages/airflow/example_dags/example_short_circuit_decorator.py
[2026-09-15T21:01:31.871+0000] {processor.py:830} INFO - Processing file /home/airflow/.local/lib/python3.12/site-packages/airflow/example_dags/example_short_circuit_decorator.py for tasks to queue
[2026-09-15T21:01:31.873+0000] {logging_mixin.py:188} INFO - [2026-09-15T21:01:31.873+0000] {dagbag.py:545} INFO - Filling up the DagBag from /home/airflow/.local/lib/python3.12/site-packages/airflow/example_dags/example_short_circuit_decorator.py
[2026-09-15T21:01:31.880+0000] {processor.py:840} INFO - DAG(s) 'example_short_circuit_decorator' retrieved from /home/airflow/.local/lib/python3.12/site-packages/airflow/example_dags/example_short_circuit_decorator.py
[2026-09-15T21:01:31.958+0000] {logging_mixin.py:188} INFO - [2026-09-15T21:01:31.957+0000] {dag.py:3089} INFO - Sync 1 DAGs
[2026-09-15T21:01:31.974+0000] {logging_mixin.py:188} INFO - [2026-09-15T21:01:31.974+0000] {dag.py:3947} INFO - Setting next_dagrun for example_short_circuit_decorator to 2026-09-14 00:00:00+00:00, run_after=2026-09-15 00:00:00+00:00
[2026-09-15T21:01:31.990+0000] {processor.py:183} INFO - Processing /home/airflow/.local/lib/python3.12/site-packages/airflow/example_dags/example_short_circuit_decorator.py took 0.124 seconds
[2026-09-15T21:02:02.154+0000] {processor.py:161} INFO - Started process (PID=201) to work on /home/airflow/.local/lib/python3.12/site-packages/airflow/example_dags/example_short_circuit_decorator.py
[2026-09-15T21:02:02.156+0000] {processor.py:830} INFO - Processing file /home/airflow/.local/lib/python3.12/site-packages/airflow/example_dags/example_short_circuit_decorator.py for tasks to queue
[2026-09-15T21:02:02.159+0000] {logging_mixin.py:188} INFO - [2026-09-15T21:02:02.158+0000] {dagbag.py:545} INFO - Filling up the DagBag from /home/airflow/.local/lib/python3.12/site-packages/airflow/example_dags/example_short_circuit_decorator.py
[2026-09-15T21:02:02.168+0000] {processor.py:840} INFO - DAG(s) 'example_short_circuit_decorator' retrieved from /home/airflow/.local/lib/python3.12/site-packages/airflow/example_dags/example_short_circuit_decorator.py
[2026-09-15T21:02:02.189+0000] {logging_mixin.py:188} INFO - [2026-09-15T21:02:02.189+0000] {dag.py:3089} INFO - Sync 1 DAGs
[2026-09-15T21:02:02.208+0000] {logging_mixin.py:188} INFO - [2026-09-15T21:02:02.207+0000] {dag.py:3947} INFO - Setting next_dagrun for example_short_circuit_decorator to 2026-09-14 00:00:00+00:00, run_after=2026-09-15 00:00:00+00:00
[2026-09-15T21:02:02.226+0000] {processor.py:183} INFO - Processing /home/airflow/.local/lib/python3.12/site-packages/airflow/example_dags/example_short_circuit_decorator.py took 0.078 seconds
[2026-09-15T21:02:33.185+0000] {processor.py:161} INFO - Started process (PID=266) to work on /home/airflow/.local/lib/python3.12/site-packages/airflow/example_dags/example_short_circuit_decorator.py
[2026-09-15T21:02:33.187+0000] {processor.py:830} INFO - Processing file /home/airflow/.local/lib/python3.12/site-packages/airflow/example_dags/example_short_circuit_decorator.py for tasks to queue
[2026-09-15T21:02:33.189+0000] {logging_mixin.py:188} INFO - [2026-09-15T21:02:33.189+0000] {dagbag.py:545} INFO - Filling up the DagBag from /home/airflow/.local/lib/python3.12/site-packages/airflow/example_dags/example_short_circuit_decorator.py
[2026-09-15T21:02:33.197+0000] {processor.py:840} INFO - DAG(s) 'example_short_circuit_decorator' retrieved from /home/airflow/.local/lib/python3.12/site-packages/airflow/example_dags/example_short_circuit_decorator.py
[2026-09-15T21:02:33.218+0000] {logging_mixin.py:188} INFO - [2026-09-15T21:02:33.218+0000] {dag.py:3089} INFO - Sync 1 DAGs
[2026-09-15T21:02:33.234+0000] {logging_mixin.py:188} INFO - [2026-09-15T21:02:33.234+0000] {dag.py:3947} INFO - Setting next_dagrun for example_short_circuit_decorator to 2026-09-14 00:00:00+00:00, run_after=2026-09-15 00:00:00+00:00
[2026-09-15T21:02:33.251+0000] {processor.py:183} INFO - Processing /home/airflow/.local/lib/python3.12/site-packages/airflow/example_dags/example_short_circuit_decorator.py took 0.072 seconds
[2026-09-15T21:03:03.456+0000] {processor.py:161} INFO - Started process (PID=324) to work on /home/airflow/.local/lib/python3.12/site-packages/airflow/example_dags/example_short_circuit_decorator.py
[2026-09-15T21:03:03.458+0000] {processor.py:830} INFO - Processing file /home/airflow/.local/lib/python3.12/site-packages/airflow/example_dags/example_short_circuit_decorator.py for tasks to queue
[2026-09-15T21:03:03.459+0000] {logging_mixin.py:188} INFO - [2026-09-15T21:03:03.459+0000] {dagbag.py:545} INFO - Filling up the DagBag from /home/airflow/.local/lib/python3.12/site-packages/airflow/example_dags/example_short_circuit_decorator.py
[2026-09-15T21:03:03.466+0000] {processor.py:840} INFO - DAG(s) 'example_short_circuit_decorator' retrieved from /home/airflow/.local/lib/python3.12/site-packages/airflow/example_dags/example_short_circuit_decorator.py
[2026-09-15T21:03:03.485+0000] {logging_mixin.py:188} INFO - [2026-09-15T21:03:03.485+0000] {dag.py:3089} INFO - Sync 1 DAGs
[2026-09-15T21:03:03.501+0000] {logging_mixin.py:188} INFO - [2026-09-15T21:03:03.501+0000] {dag.py:3947} INFO - Setting next_dagrun for example_short_circuit_decorator to 2026-09-14 00:00:00+00:00, run_after=2026-09-15 00:00:00+00:00
[2026-09-15T21:03:03.518+0000] {processor.py:183} INFO - Processing /home/airflow/.local/lib/python3.12/site-packages/airflow/example_dags/example_short_circuit_decorator.py took 0.066 seconds
[2026-09-15T21:03:33.654+0000] {processor.py:161} INFO - Started process (PID=382) to work on /home/airflow/.local/lib/python3.12/site-packages/airflow/example_dags/example_short_circuit_decorator.py
[2026-09-15T21:03:33.655+0000] {processor.py:830} INFO - Processing file /home/airflow/.local/lib/python3.12/site-packages/airflow/example_dags/example_short_circuit_decorator.py for tasks to queue
[2026-09-15T21:03:33.657+0000] {logging_mixin.py:188} INFO - [2026-09-15T21:03:33.657+0000] {dagbag.py:545} INFO - Filling up the DagBag from /home/airflow/.local/lib/python3.12/site-packages/airflow/example_dags/example_short_circuit_decorator.py
[2026-09-15T21:03:33.665+0000] {processor.py:840} INFO - DAG(s) 'example_short_circuit_decorator' retrieved from /home/airflow/.local/lib/python3.12/site-packages/airflow/example_dags/example_short_circuit_decorator.py
[2026-09-15T21:03:33.684+0000] {logging_mixin.py:188} INFO - [2026-09-15T21:03:33.684+0000] {dag.py:3089} INFO - Sync 1 DAGs
[2026-09-15T21:03:33.701+0000] {logging_mixin.py:188} INFO - [2026-09-15T21:03:33.701+0000] {dag.py:3947} INFO - Setting next_dagrun for example_short_circuit_decorator to 2026-09-14 00:00:00+00:00, run_after=2026-09-15 00:00:00+00:00
[2026-09-15T21:03:33.716+0000] {processor.py:183} INFO - Processing /home/airflow/.local/lib/python3.12/site-packages/airflow/example_dags/example_short_circuit_decorator.py took 0.067 seconds
[2026-09-15T21:04:03.799+0000] {processor.py:161} INFO - Started process (PID=440) to work on /home/airflow/.local/lib/python3.12/site-packages/airflow/example_dags/example_short_circuit_decorator.py
[2026-09-15T21:04:03.800+0000] {processor.py:830} INFO - Processing file /home/airflow/.local/lib/python3.12/site-packages/airflow/example_dags/example_short_circuit_decorator.py for tasks to queue
[2026-09-15T21:04:03.801+0000] {logging_mixin.py:188} INFO - [2026-09-15T21:04:03.801+0000] {dagbag.py:545} INFO - Filling up the DagBag from /home/airflow/.local/lib/python3.12/site-packages/airflow/example_dags/example_short_circuit_decorator.py
[2026-09-15T21:04:03.808+0000] {processor.py:840} INFO - DAG(s) 'example_short_circuit_decorator' retrieved from /home/airflow/.local/lib/python3.12/site-packages/airflow/example_dags/example_short_circuit_decorator.py
[2026-09-15T21:04:03.825+0000] {logging_mixin.py:188} INFO - [2026-09-15T21:04:03.825+0000] {dag.py:3089} INFO - Sync 1 DAGs
[2026-09-15T21:04:03.840+0000] {logging_mixin.py:188} INFO - [2026-09-15T21:04:03.839+0000] {dag.py:3947} INFO - Setting next_dagrun for example_short_circuit_decorator to 2026-09-14 00:00:00+00:00, run_after=2026-09-15 00:00:00+00:00
[2026-09-15T21:04:03.853+0000] {processor.py:183} INFO - Processing /home/airflow/.local/lib/python3.12/site-packages/airflow/example_dags/example_short_circuit_decorator.py took 0.059 seconds
[2026-09-15T21:04:33.995+0000] {processor.py:161} INFO - Started process (PID=498) to work on /home/airflow/.local/lib/python3.12/site-packages/airflow/example_dags/example_short_circuit_decorator.py
[2026-09-15T21:04:33.996+0000] {processor.py:830} INFO - Processing file /home/airflow/.local/lib/python3.12/site-packages/airflow/example_dags/example_short_circuit_decorator.py for tasks to queue
[2026-09-15T21:04:33.997+0000] {logging_mixin.py:188} INFO - [2026-09-15T21:04:33.997+0000] {dagbag.py:545} INFO - Filling up the DagBag from /home/airflow/.local/lib/python3.12/site-packages/airflow/example_dags/example_short_circuit_decorator.py
[2026-09-15T21:04:34.003+0000] {processor.py:840} INFO - DAG(s) 'example_short_circuit_decorator' retrieved from /home/airflow/.local/lib/python3.12/site-packages/airflow/example_dags/example_short_circuit_decorator.py
[2026-09-15T21:04:34.021+0000] {logging_mixin.py:188} INFO - [2026-09-15T21:04:34.020+0000] {dag.py:3089} INFO - Sync 1 DAGs
[2026-09-15T21:04:34.038+0000] {logging_mixin.py:188} INFO - [2026-09-15T21:04:34.038+0000] {dag.py:3947} INFO - Setting next_dagrun for example_short_circuit_decorator to 2026-09-14 00:00:00+00:00, run_after=2026-09-15 00:00:00+00:00
[2026-09-15T21:04:34.052+0000] {processor.py:183} INFO - Processing /home/airflow/.local/lib/python3.12/site-packages/airflow/example_dags/example_short_circuit_decorator.py took 0.062 seconds
[2026-09-15T21:05:04.221+0000] {processor.py:161} INFO - Started process (PID=556) to work on /home/airflow/.local/lib/python3.12/site-packages/airflow/example_dags/example_short_circuit_decorator.py
[2026-09-15T21:05:04.222+0000] {processor.py:830} INFO - Processing file /home/airflow/.local/lib/python3.12/site-packages/airflow/example_dags/example_short_circuit_decorator.py for tasks to queue
[2026-09-15T21:05:04.224+0000] {logging_mixin.py:188} INFO - [2026-09-15T21:05:04.224+0000] {dagbag.py:545} INFO - Filling up the DagBag from /home/airflow/.local/lib/python3.12/site-packages/airflow/example_dags/example_short_circuit_decorator.py
[2026-09-15T21:05:04.230+0000] {processor.py:840} INFO - DAG(s) 'example_short_circuit_decorator' retrieved from /home/airflow/.local/lib/python3.12/site-packages/airflow/example_dags/example_short_circuit_decorator.py
[2026-09-15T21:05:04.250+0000] {logging_mixin.py:188} INFO - [2026-09-15T21:05:04.249+0000] {dag.py:3089} INFO - Sync 1 DAGs
[2026-09-15T21:05:04.268+0000] {logging_mixin.py:188} INFO - [2026-09-15T21:05:04.268+0000] {dag.py:3947} INFO - Setting next_dagrun for example_short_circuit_decorator to 2026-09-14 00:00:00+00:00, run_after=2026-09-15 00:00:00+00:00
[2026-09-15T21:05:04.283+0000] {processor.py:183} INFO - Processing /home/airflow/.local/lib/python3.12/site-packages/airflow/example_dags/example_short_circuit_decorator.py took 0.067 seconds
[2026-09-15T21:05:35.219+0000] {processor.py:161} INFO - Started process (PID=614) to work on /home/airflow/.local/lib/python3.12/site-packages/airflow/example_dags/example_short_circuit_decorator.py
[2026-09-15T21:05:35.220+0000] {processor.py:830} INFO - Processing file /home/airflow/.local/lib/python3.12/site-packages/airflow/example_dags/example_short_circuit_decorator.py for tasks to queue
[2026-09-15T21:05:35.222+0000] {logging_mixin.py:188} INFO - [2026-09-15T21:05:35.221+0000] {dagbag.py:545} INFO - Filling up the DagBag from /home/airflow/.local/lib/python3.12/site-packages/airflow/example_dags/example_short_circuit_decorator.py
[2026-09-15T21:05:35.228+0000] {processor.py:840} INFO - DAG(s) 'example_short_circuit_decorator' retrieved from /home/airflow/.local/lib/python3.12/site-packages/airflow/example_dags/example_short_circuit_decorator.py
[2026-09-15T21:05:35.246+0000] {logging_mixin.py:188} INFO - [2026-09-15T21:05:35.246+0000] {dag.py:3089} INFO - Sync 1 DAGs
[2026-09-15T21:05:35.262+0000] {logging_mixin.py:188} INFO - [2026-09-15T21:05:35.262+0000] {dag.py:3947} INFO - Setting next_dagrun for example_short_circuit_decorator to 2026-09-14 00:00:00+00:00, run_after=2026-09-15 00:00:00+00:00
[2026-09-15T21:05:35.278+0000] {processor.py:183} INFO - Processing /home/airflow/.local/lib/python3.12/site-packages/airflow/example_dags/example_short_circuit_decorator.py took 0.063 seconds
[2026-09-15T21:06:05.746+0000] {processor.py:161} INFO - Started process (PID=672) to work on /home/airflow/.local/lib/python3.12/site-packages/airflow/example_dags/example_short_circuit_decorator.py
[2026-09-15T21:06:05.748+0000] {processor.py:830} INFO - Processing file /home/airflow/.local/lib/python3.12/site-packages/airflow/example_dags/example_short_circuit_decorator.py for tasks to queue
[2026-09-15T21:06:05.749+0000] {logging_mixin.py:188} INFO - [2026-09-15T21:06:05.749+0000] {dagbag.py:545} INFO - Filling up the DagBag from /home/airflow/.local/lib/python3.12/site-packages/airflow/example_dags/example_short_circuit_decorator.py
[2026-09-15T21:06:05.756+0000] {processor.py:840} INFO - DAG(s) 'example_short_circuit_decorator' retrieved from /home/airflow/.local/lib/python3.12/site-packages/airflow/example_dags/example_short_circuit_decorator.py
[2026-09-15T21:06:05.773+0000] {logging_mixin.py:188} INFO - [2026-09-15T21:06:05.773+0000] {dag.py:3089} INFO - Sync 1 DAGs
[2026-09-15T21:06:05.788+0000] {logging_mixin.py:188} INFO - [2026-09-15T21:06:05.787+0000] {dag.py:3947} INFO - Setting next_dagrun for example_short_circuit_decorator to 2026-09-14 00:00:00+00:00, run_after=2026-09-15 00:00:00+00:00
[2026-09-15T21:06:05.802+0000] {processor.py:183} INFO - Processing /home/airflow/.local/lib/python3.12/site-packages/airflow/example_dags/example_short_circuit_decorator.py took 0.060 seconds
[2026-09-15T21:06:35.879+0000] {processor.py:161} INFO - Started process (PID=733) to work on /home/airflow/.local/lib/python3.12/site-packages/airflow/example_dags/example_short_circuit_decorator.py
[2026-09-15T21:06:35.880+0000] {processor.py:830} INFO - Processing file /home/airflow/.local/lib/python3.12/site-packages/airflow/example_dags/example_short_circuit_decorator.py for tasks to queue
[2026-09-15T21:06:35.881+0000] {logging_mixin.py:188} INFO - [2026-09-15T21:06:35.881+0000] {dagbag.py:545} INFO - Filling up the DagBag from /home/airflow/.local/lib/python3.12/site-packages/airflow/example_dags/example_short_circuit_decorator.py
[2026-09-15T21:06:35.888+0000] {processor.py:840} INFO - DAG(s) 'example_short_circuit_decorator' retrieved from /home/airflow/.local/lib/python3.12/site-packages/airflow/example_dags/example_short_circuit_decorator.py
[2026-09-15T21:06:35.905+0000] {logging_mixin.py:188} INFO - [2026-09-15T21:06:35.904+0000] {dag.py:3089} INFO - Sync 1 DAGs
[2026-09-15T21:06:35.920+0000] {logging_mixin.py:188} INFO - [2026-09-15T21:06:35.920+0000] {dag.py:3947} INFO - Setting next_dagrun for example_short_circuit_decorator to 2026-09-14 00:00:00+00:00, run_after=2026-09-15 00:00:00+00:00
[2026-09-15T21:06:35.934+0000] {processor.py:183} INFO - Processing /home/airflow/.local/lib/python3.12/site-packages/airflow/example_dags/example_short_circuit_decorator.py took 0.060 seconds
[2026-09-15T21:07:06.235+0000] {processor.py:161} INFO - Started process (PID=791) to work on /home/airflow/.local/lib/python3.12/site-packages/airflow/example_dags/example_short_circuit_decorator.py
[2026-09-15T21:07:06.236+0000] {processor.py:830} INFO - Processing file /home/airflow/.local/lib/python3.12/site-packages/airflow/example_dags/example_short_circuit_decorator.py for tasks to queue
[2026-09-15T21:07:06.238+0000] {logging_mixin.py:188} INFO - [2026-09-15T21:07:06.238+0000] {dagbag.py:545} INFO - Filling up the DagBag from /home/airflow/.local/lib/python3.12/site-packages/airflow/example_dags/example_short_circuit_decorator.py
[2026-09-15T21:07:06.246+0000] {processor.py:840} INFO - DAG(s) 'example_short_circuit_decorator' retrieved from /home/airflow/.local/lib/python3.12/site-packages/airflow/example_dags/example_short_circuit_decorator.py
[2026-09-15T21:07:06.265+0000] {logging_mixin.py:188} INFO - [2026-09-15T21:07:06.265+0000] {dag.py:3089} INFO - Sync 1 DAGs
[2026-09-15T21:07:06.281+0000] {logging_mixin.py:188} INFO - [2026-09-15T21:07:06.280+0000] {dag.py:3947} INFO - Setting next_dagrun for example_short_circuit_decorator to 2026-09-14 00:00:00+00:00, run_after=2026-09-15 00:00:00+00:00
[2026-09-15T21:07:06.294+0000] {processor.py:183} INFO - Processing /home/airflow/.local/lib/python3.12/site-packages/airflow/example_dags/example_short_circuit_decorator.py took 0.064 seconds
[2026-09-15T21:07:36.736+0000] {processor.py:161} INFO - Started process (PID=849) to work on /home/airflow/.local/lib/python3.12/site-packages/airflow/example_dags/example_short_circuit_decorator.py
[2026-09-15T21:07:36.737+0000] {processor.py:830} INFO - Processing file /home/airflow/.local/lib/python3.12/site-packages/airflow/example_dags/example_short_circuit_decorator.py for tasks to queue
[2026-09-15T21:07:36.739+0000] {logging_mixin.py:188} INFO - [2026-09-15T21:07:36.739+0000] {dagbag.py:545} INFO - Filling up the DagBag from /home/airflow/.local/lib/python3.12/site-packages/airflow/example_dags/example_short_circuit_decorator.py
[2026-09-15T21:07:36.745+0000] {processor.py:840} INFO - DAG(s) 'example_short_circuit_decorator' retrieved from /home/airflow/.local/lib/python3.12/site-packages/airflow/example_dags/example_short_circuit_decorator.py
[2026-09-15T21:07:36.763+0000] {logging_mixin.py:188} INFO - [2026-09-15T21:07:36.762+0000] {dag.py:3089} INFO - Sync 1 DAGs
[2026-09-15T21:07:36.779+0000] {logging_mixin.py:188} INFO - [2026-09-15T21:07:36.779+0000] {dag.py:3947} INFO - Setting next_dagrun for example_short_circuit_decorator to 2026-09-14 00:00:00+00:00, run_after=2026-09-15 00:00:00+00:00
[2026-09-15T21:07:36.793+0000] {processor.py:183} INFO - Processing /home/airflow/.local/lib/python3.12/site-packages/airflow/example_dags/example_short_circuit_decorator.py took 0.062 seconds
[2026-09-15T21:08:07.535+0000] {processor.py:161} INFO - Started process (PID=907) to work on /home/airflow/.local/lib/python3.12/site-packages/airflow/example_dags/example_short_circuit_decorator.py
[2026-09-15T21:08:07.536+0000] {processor.py:830} INFO - Processing file /home/airflow/.local/lib/python3.12/site-packages/airflow/example_dags/example_short_circuit_decorator.py for tasks to queue
[2026-09-15T21:08:07.538+0000] {logging_mixin.py:188} INFO - [2026-09-15T21:08:07.538+0000] {dagbag.py:545} INFO - Filling up the DagBag from /home/airflow/.local/lib/python3.12/site-packages/airflow/example_dags/example_short_circuit_decorator.py
[2026-09-15T21:08:07.545+0000] {processor.py:840} INFO - DAG(s) 'example_short_circuit_decorator' retrieved from /home/airflow/.local/lib/python3.12/site-packages/airflow/example_dags/example_short_circuit_decorator.py
[2026-09-15T21:08:07.566+0000] {logging_mixin.py:188} INFO - [2026-09-15T21:08:07.565+0000] {dag.py:3089} INFO - Sync 1 DAGs
[2026-09-15T21:08:07.583+0000] {logging_mixin.py:188} INFO - [2026-09-15T21:08:07.583+0000] {dag.py:3947} INFO - Setting next_dagrun for example_short_circuit_decorator to 2026-09-14 00:00:00+00:00, run_after=2026-09-15 00:00:00+00:00
[2026-09-15T21:08:07.600+0000] {processor.py:183} INFO - Processing /home/airflow/.local/lib/python3.12/site-packages/airflow/example_dags/example_short_circuit_decorator.py took 0.070 seconds
[2026-09-15T21:08:37.872+0000] {processor.py:161} INFO - Started process (PID=965) to work on /home/airflow/.local/lib/python3.12/site-packages/airflow/example_dags/example_short_circuit_decorator.py
[2026-09-15T21:08:37.874+0000] {processor.py:830} INFO - Processing file /home/airflow/.local/lib/python3.12/site-packages/airflow/example_dags/example_short_circuit_decorator.py for tasks to queue
[2026-09-15T21:08:37.876+0000] {logging_mixin.py:188} INFO - [2026-09-15T21:08:37.875+0000] {dagbag.py:545} INFO - Filling up the DagBag from /home/airflow/.local/lib/python3.12/site-packages/airflow/example_dags/example_short_circuit_decorator.py
[2026-09-15T21:08:37.883+0000] {processor.py:840} INFO - DAG(s) 'example_short_circuit_decorator' retrieved from /home/airflow/.local/lib/python3.12/site-packages/airflow/example_dags/example_short_circuit_decorator.py
[2026-09-15T21:08:37.905+0000] {logging_mixin.py:188} INFO - [2026-09-15T21:08:37.905+0000] {dag.py:3089} INFO - Sync 1 DAGs
[2026-09-15T21:08:37.926+0000] {logging_mixin.py:188} INFO - [2026-09-15T21:08:37.925+0000] {dag.py:3947} INFO - Setting next_dagrun for example_short_circuit_decorator to 2026-09-14 00:00:00+00:00, run_after=2026-09-15 00:00:00+00:00
[2026-09-15T21:08:37.942+0000] {processor.py:183} INFO - Processing /home/airflow/.local/lib/python3.12/site-packages/airflow/example_dags/example_short_circuit_decorator.py took 0.075 seconds
[2026-09-15T21:09:08.171+0000] {processor.py:161} INFO - Started process (PID=1023) to work on /home/airflow/.local/lib/python3.12/site-packages/airflow/example_dags/example_short_circuit_decorator.py
[2026-09-15T21:09:08.173+0000] {processor.py:830} INFO - Processing file /home/airflow/.local/lib/python3.12/site-packages/airflow/example_dags/example_short_circuit_decorator.py for tasks to queue
[2026-09-15T21:09:08.175+0000] {logging_mixin.py:188} INFO - [2026-09-15T21:09:08.175+0000] {dagbag.py:545} INFO - Filling up the DagBag from /home/airflow/.local/lib/python3.12/site-packages/airflow/example_dags/example_short_circuit_decorator.py
[2026-09-15T21:09:08.182+0000] {processor.py:840} INFO - DAG(s) 'example_short_circuit_decorator' retrieved from /home/airflow/.local/lib/python3.12/site-packages/airflow/example_dags/example_short_circuit_decorator.py
[2026-09-15T21:09:08.201+0000] {logging_mixin.py:188} INFO - [2026-09-15T21:09:08.201+0000] {dag.py:3089} INFO - Sync 1 DAGs
[2026-09-15T21:09:08.216+0000] {logging_mixin.py:188} INFO - [2026-09-15T21:09:08.216+0000] {dag.py:3947} INFO - Setting next_dagrun for example_short_circuit_decorator to 2026-09-14 00:00:00+00:00, run_after=2026-09-15 00:00:00+00:00
[2026-09-15T21:09:08.231+0000] {processor.py:183} INFO - Processing /home/airflow/.local/lib/python3.12/site-packages/airflow/example_dags/example_short_circuit_decorator.py took 0.064 seconds
[2026-09-15T21:09:38.444+0000] {processor.py:161} INFO - Started process (PID=1081) to work on /home/airflow/.local/lib/python3.12/site-packages/airflow/example_dags/example_short_circuit_decorator.py
[2026-09-15T21:09:38.446+0000] {processor.py:830} INFO - Processing file /home/airflow/.local/lib/python3.12/site-packages/airflow/example_dags/example_short_circuit_decorator.py for tasks to queue
[2026-09-15T21:09:38.448+0000] {logging_mixin.py:188} INFO - [2026-09-15T21:09:38.448+0000] {dagbag.py:545} INFO - Filling up the DagBag from /home/airflow/.local/lib/python3.12/site-packages/airflow/example_dags/example_short_circuit_decorator.py
[2026-09-15T21:09:38.455+0000] {processor.py:840} INFO - DAG(s) 'example_short_circuit_decorator' retrieved from /home/airflow/.local/lib/python3.12/site-packages/airflow/example_dags/example_short_circuit_decorator.py
[2026-09-15T21:09:38.473+0000] {logging_mixin.py:188} INFO - [2026-09-15T21:09:38.473+0000] {dag.py:3089} INFO - Sync 1 DAGs
[2026-09-15T21:09:38.488+0000] {logging_mixin.py:188} INFO - [2026-09-15T21:09:38.488+0000] {dag.py:3947} INFO - Setting next_dagrun for example_short_circuit_decorator to 2026-09-14 00:00:00+00:00, run_after=2026-09-15 00:00:00+00:00
[2026-09-15T21:09:38.503+0000] {processor.py:183} INFO - Processing /home/airflow/.local/lib/python3.12/site-packages/airflow/example_dags/example_short_circuit_decorator.py took 0.063 seconds
[2026-09-15T21:10:08.909+0000] {processor.py:161} INFO - Started process (PID=1139) to work on /home/airflow/.local/lib/python3.12/site-packages/airflow/example_dags/example_short_circuit_decorator.py
[2026-09-15T21:10:08.910+0000] {processor.py:830} INFO - Processing file /home/airflow/.local/lib/python3.12/site-packages/airflow/example_dags/example_short_circuit_decorator.py for tasks to queue
[2026-09-15T21:10:08.912+0000] {logging_mixin.py:188} INFO - [2026-09-15T21:10:08.912+0000] {dagbag.py:545} INFO - Filling up the DagBag from /home/airflow/.local/lib/python3.12/site-packages/airflow/example_dags/example_short_circuit_decorator.py
[2026-09-15T21:10:08.928+0000] {processor.py:840} INFO - DAG(s) 'example_short_circuit_decorator' retrieved from /home/airflow/.local/lib/python3.12/site-packages/airflow/example_dags/example_short_circuit_decorator.py
[2026-09-15T21:10:08.981+0000] {logging_mixin.py:188} INFO - [2026-09-15T21:10:08.981+0000] {dag.py:3089} INFO - Sync 1 DAGs
[2026-09-15T21:10:09.019+0000] {logging_mixin.py:188} INFO - [2026-09-15T21:10:09.019+0000] {dag.py:3947} INFO - Setting next_dagrun for example_short_circuit_decorator to 2026-09-14 00:00:00+00:00, run_after=2026-09-15 00:00:00+00:00
[2026-09-15T21:10:09.054+0000] {processor.py:183} INFO - Processing /home/airflow/.local/lib/python3.12/site-packages/airflow/example_dags/example_short_circuit_decorator.py took 0.151 seconds
[2026-09-15T21:10:39.977+0000] {processor.py:161} INFO - Started process (PID=1197) to work on /home/airflow/.local/lib/python3.12/site-packages/airflow/example_dags/example_short_circuit_decorator.py
[2026-09-15T21:10:39.978+0000] {processor.py:830} INFO - Processing file /home/airflow/.local/lib/python3.12/site-packages/airflow/example_dags/example_short_circuit_decorator.py for tasks to queue
[2026-09-15T21:10:39.980+0000] {logging_mixin.py:188} INFO - [2026-09-15T21:10:39.980+0000] {dagbag.py:545} INFO - Filling up the DagBag from /home/airflow/.local/lib/python3.12/site-packages/airflow/example_dags/example_short_circuit_decorator.py
[2026-09-15T21:10:39.986+0000] {processor.py:840} INFO - DAG(s) 'example_short_circuit_decorator' retrieved from /home/airflow/.local/lib/python3.12/site-packages/airflow/example_dags/example_short_circuit_decorator.py
[2026-09-15T21:10:40.056+0000] {logging_mixin.py:188} INFO - [2026-09-15T21:10:40.056+0000] {dag.py:3089} INFO - Sync 1 DAGs
[2026-09-15T21:10:40.072+0000] {logging_mixin.py:188} INFO - [2026-09-15T21:10:40.071+0000] {dag.py:3947} INFO - Setting next_dagrun for example_short_circuit_decorator to 2026-09-14 00:00:00+00:00, run_after=2026-09-15 00:00:00+00:00
[2026-09-15T21:10:40.100+0000] {processor.py:183} INFO - Processing /home/airflow/.local/lib/python3.12/site-packages/airflow/example_dags/example_short_circuit_decorator.py took 0.127 seconds
[2026-09-15T21:11:10.703+0000] {processor.py:161} INFO - Started process (PID=1255) to work on /home/airflow/.local/lib/python3.12/site-packages/airflow/example_dags/example_short_circuit_decorator.py
[2026-09-15T21:11:10.704+0000] {processor.py:830} INFO - Processing file /home/airflow/.local/lib/python3.12/site-packages/airflow/example_dags/example_short_circuit_decorator.py for tasks to queue
[2026-09-15T21:11:10.706+0000] {logging_mixin.py:188} INFO - [2026-09-15T21:11:10.706+0000] {dagbag.py:545} INFO - Filling up the DagBag from /home/airflow/.local/lib/python3.12/site-packages/airflow/example_dags/example_short_circuit_decorator.py
[2026-09-15T21:11:10.712+0000] {processor.py:840} INFO - DAG(s) 'example_short_circuit_decorator' retrieved from /home/airflow/.local/lib/python3.12/site-packages/airflow/example_dags/example_short_circuit_decorator.py
[2026-09-15T21:11:10.734+0000] {logging_mixin.py:188} INFO - [2026-09-15T21:11:10.734+0000] {dag.py:3089} INFO - Sync 1 DAGs
[2026-09-15T21:11:10.750+0000] {logging_mixin.py:188} INFO - [2026-09-15T21:11:10.750+0000] {dag.py:3947} INFO - Setting next_dagrun for example_short_circuit_decorator to 2026-09-14 00:00:00+00:00, run_after=2026-09-15 00:00:00+00:00
[2026-09-15T21:11:10.766+0000] {processor.py:183} INFO - Processing /home/airflow/.local/lib/python3.12/site-packages/airflow/example_dags/example_short_circuit_decorator.py took 0.068 seconds
[2026-09-15T21:11:40.964+0000] {processor.py:161} INFO - Started process (PID=1313) to work on /home/airflow/.local/lib/python3.12/site-packages/airflow/example_dags/example_short_circuit_decorator.py
[2026-09-15T21:11:40.966+0000] {processor.py:830} INFO - Processing file /home/airflow/.local/lib/python3.12/site-packages/airflow/example_dags/example_short_circuit_decorator.py for tasks to queue
[2026-09-15T21:11:40.968+0000] {logging_mixin.py:188} INFO - [2026-09-15T21:11:40.968+0000] {dagbag.py:545} INFO - Filling up the DagBag from /home/airflow/.local/lib/python3.12/site-packages/airflow/example_dags/example_short_circuit_decorator.py
[2026-09-15T21:11:40.975+0000] {processor.py:840} INFO - DAG(s) 'example_short_circuit_decorator' retrieved from /home/airflow/.local/lib/python3.12/site-packages/airflow/example_dags/example_short_circuit_decorator.py
[2026-09-15T21:11:40.997+0000] {logging_mixin.py:188} INFO - [2026-09-15T21:11:40.997+0000] {dag.py:3089} INFO - Sync 1 DAGs
[2026-09-15T21:11:41.016+0000] {logging_mixin.py:188} INFO - [2026-09-15T21:11:41.016+0000] {dag.py:3947} INFO - Setting next_dagrun for example_short_circuit_decorator to 2026-09-14 00:00:00+00:00, run_after=2026-09-15 00:00:00+00:00
[2026-09-15T21:11:41.032+0000] {processor.py:183} INFO - Processing /home/airflow/.local/lib/python3.12/site-packages/airflow/example_dags/example_short_circuit_decorator.py took 0.073 seconds
[2026-09-15T21:12:11.387+0000] {processor.py:161} INFO - Started process (PID=1371) to work on /home/airflow/.local/lib/python3.12/site-packages/airflow/example_dags/example_short_circuit_decorator.py
[2026-09-15T21:12:11.388+0000] {processor.py:830} INFO - Processing file /home/airflow/.local/lib/python3.12/site-packages/airflow/example_dags/example_short_circuit_decorator.py for tasks to queue
[2026-09-15T21:12:11.391+0000] {logging_mixin.py:188} INFO - [2026-09-15T21:12:11.391+0000] {dagbag.py:545} INFO - Filling up the DagBag from /home/airflow/.local/lib/python3.12/site-packages/airflow/example_dags/example_short_circuit_decorator.py
[2026-09-15T21:12:11.399+0000] {processor.py:840} INFO - DAG(s) 'example_short_circuit_decorator' retrieved from /home/airflow/.local/lib/python3.12/site-packages/airflow/example_dags/example_short_circuit_decorator.py
[2026-09-15T21:12:11.419+0000] {logging_mixin.py:188} INFO - [2026-09-15T21:12:11.419+0000] {dag.py:3089} INFO - Sync 1 DAGs
[2026-09-15T21:12:11.435+0000] {logging_mixin.py:188} INFO - [2026-09-15T21:12:11.435+0000] {dag.py:3947} INFO - Setting next_dagrun for example_short_circuit_decorator to 2026-09-14 00:00:00+00:00, run_after=2026-09-15 00:00:00+00:00
[2026-09-15T21:12:11.450+0000] {processor.py:183} INFO - Processing /home/airflow/.local/lib/python3.12/site-packages/airflow/example_dags/example_short_circuit_decorator.py took 0.068 seconds
[2026-09-15T21:12:41.585+0000] {processor.py:161} INFO - Started process (PID=1429) to work on /home/airflow/.local/lib/python3.12/site-packages/airflow/example_dags/example_short_circuit_decorator.py
[2026-09-15T21:12:41.586+0000] {processor.py:830} INFO - Processing file /home/airflow/.local/lib/python3.12/site-packages/airflow/example_dags/example_short_circuit_decorator.py for tasks to queue
[2026-09-15T21:12:41.588+0000] {logging_mixin.py:188} INFO - [2026-09-15T21:12:41.588+0000] {dagbag.py:545} INFO - Filling up the DagBag from /home/airflow/.local/lib/python3.12/site-packages/airflow/example_dags/example_short_circuit_decorator.py
[2026-09-15T21:12:41.594+0000] {processor.py:840} INFO - DAG(s) 'example_short_circuit_decorator' retrieved from /home/airflow/.local/lib/python3.12/site-packages/airflow/example_dags/example_short_circuit_decorator.py
[2026-09-15T21:12:41.612+0000] {logging_mixin.py:188} INFO - [2026-09-15T21:12:41.612+0000] {dag.py:3089} INFO - Sync 1 DAGs
[2026-09-15T21:12:41.627+0000] {logging_mixin.py:188} INFO - [2026-09-15T21:12:41.627+0000] {dag.py:3947} INFO - Setting next_dagrun for example_short_circuit_decorator to 2026-09-14 00:00:00+00:00, run_after=2026-09-15 00:00:00+00:00
[2026-09-15T21:12:41.640+0000] {processor.py:183} INFO - Processing /home/airflow/.local/lib/python3.12/site-packages/airflow/example_dags/example_short_circuit_decorator.py took 0.059 seconds
[2026-09-15T21:13:11.712+0000] {processor.py:161} INFO - Started process (PID=1487) to work on /home/airflow/.local/lib/python3.12/site-packages/airflow/example_dags/example_short_circuit_decorator.py
[2026-09-15T21:13:11.713+0000] {processor.py:830} INFO - Processing file /home/airflow/.local/lib/python3.12/site-packages/airflow/example_dags/example_short_circuit_decorator.py for tasks to queue
[2026-09-15T21:13:11.715+0000] {logging_mixin.py:188} INFO - [2026-09-15T21:13:11.714+0000] {dagbag.py:545} INFO - Filling up the DagBag from /home/airflow/.local/lib/python3.12/site-packages/airflow/example_dags/example_short_circuit_decorator.py
[2026-09-15T21:13:11.722+0000] {processor.py:840} INFO - DAG(s) 'example_short_circuit_decorator' retrieved from /home/airflow/.local/lib/python3.12/site-packages/airflow/example_dags/example_short_circuit_decorator.py
[2026-09-15T21:13:11.741+0000] {logging_mixin.py:188} INFO - [2026-09-15T21:13:11.740+0000] {dag.py:3089} INFO - Sync 1 DAGs
[2026-09-15T21:13:11.757+0000] {logging_mixin.py:188} INFO - [2026-09-15T21:13:11.756+0000] {dag.py:3947} INFO - Setting next_dagrun for example_short_circuit_decorator to 2026-09-14 00:00:00+00:00, run_after=2026-09-15 00:00:00+00:00
[2026-09-15T21:13:11.774+0000] {processor.py:183} INFO - Processing /home/airflow/.local/lib/python3.12/site-packages/airflow/example_dags/example_short_circuit_decorator.py took 0.066 seconds
[2026-09-15T21:13:42.054+0000] {processor.py:161} INFO - Started process (PID=1544) to work on /home/airflow/.local/lib/python3.12/site-packages/airflow/example_dags/example_short_circuit_decorator.py
[2026-09-15T21:13:42.056+0000] {processor.py:830} INFO - Processing file /home/airflow/.local/lib/python3.12/site-packages/airflow/example_dags/example_short_circuit_decorator.py for tasks to queue
[2026-09-15T21:13:42.058+0000] {logging_mixin.py:188} INFO - [2026-09-15T21:13:42.057+0000] {dagbag.py:545} INFO - Filling up the DagBag from /home/airflow/.local/lib/python3.12/site-packages/airflow/example_dags/example_short_circuit_decorator.py
[2026-09-15T21:13:42.065+0000] {processor.py:840} INFO - DAG(s) 'example_short_circuit_decorator' retrieved from /home/airflow/.local/lib/python3.12/site-packages/airflow/example_dags/example_short_circuit_decorator.py
[2026-09-15T21:13:42.084+0000] {logging_mixin.py:188} INFO - [2026-09-15T21:13:42.084+0000] {dag.py:3089} INFO - Sync 1 DAGs
[2026-09-15T21:13:42.099+0000] {logging_mixin.py:188} INFO - [2026-09-15T21:13:42.099+0000] {dag.py:3947} INFO - Setting next_dagrun for example_short_circuit_decorator to 2026-09-14 00:00:00+00:00, run_after=2026-09-15 00:00:00+00:00
[2026-09-15T21:13:42.115+0000] {processor.py:183} INFO - Processing /home/airflow/.local/lib/python3.12/site-packages/airflow/example_dags/example_short_circuit_decorator.py took 0.065 seconds
[2026-09-15T21:14:12.913+0000] {processor.py:161} INFO - Started process (PID=1603) to work on /home/airflow/.local/lib/python3.12/site-packages/airflow/example_dags/example_short_circuit_decorator.py
[2026-09-15T21:14:12.914+0000] {processor.py:830} INFO - Processing file /home/airflow/.local/lib/python3.12/site-packages/airflow/example_dags/example_short_circuit_decorator.py for tasks to queue
[2026-09-15T21:14:12.916+0000] {logging_mixin.py:188} INFO - [2026-09-15T21:14:12.916+0000] {dagbag.py:545} INFO - Filling up the DagBag from /home/airflow/.local/lib/python3.12/site-packages/airflow/example_dags/example_short_circuit_decorator.py
[2026-09-15T21:14:12.922+0000] {processor.py:840} INFO - DAG(s) 'example_short_circuit_decorator' retrieved from /home/airflow/.local/lib/python3.12/site-packages/airflow/example_dags/example_short_circuit_decorator.py
[2026-09-15T21:14:12.941+0000] {logging_mixin.py:188} INFO - [2026-09-15T21:14:12.941+0000] {dag.py:3089} INFO - Sync 1 DAGs
[2026-09-15T21:14:12.957+0000] {logging_mixin.py:188} INFO - [2026-09-15T21:14:12.957+0000] {dag.py:3947} INFO - Setting next_dagrun for example_short_circuit_decorator to 2026-09-14 00:00:00+00:00, run_after=2026-09-15 00:00:00+00:00
[2026-09-15T21:14:12.972+0000] {processor.py:183} INFO - Processing /home/airflow/.local/lib/python3.12/site-packages/airflow/example_dags/example_short_circuit_decorator.py took 0.063 seconds
[2026-09-15T21:14:43.098+0000] {processor.py:161} INFO - Started process (PID=1660) to work on /home/airflow/.local/lib/python3.12/site-packages/airflow/example_dags/example_short_circuit_decorator.py
[2026-09-15T21:14:43.100+0000] {processor.py:830} INFO - Processing file /home/airflow/.local/lib/python3.12/site-packages/airflow/example_dags/example_short_circuit_decorator.py for tasks to queue
[2026-09-15T21:14:43.102+0000] {logging_mixin.py:188} INFO - [2026-09-15T21:14:43.101+0000] {dagbag.py:545} INFO - Filling up the DagBag from /home/airflow/.local/lib/python3.12/site-packages/airflow/example_dags/example_short_circuit_decorator.py
[2026-09-15T21:14:43.108+0000] {processor.py:840} INFO - DAG(s) 'example_short_circuit_decorator' retrieved from /home/airflow/.local/lib/python3.12/site-packages/airflow/example_dags/example_short_circuit_decorator.py
[2026-09-15T21:14:43.126+0000] {logging_mixin.py:188} INFO - [2026-09-15T21:14:43.125+0000] {dag.py:3089} INFO - Sync 1 DAGs
[2026-09-15T21:14:43.141+0000] {logging_mixin.py:188} INFO - [2026-09-15T21:14:43.141+0000] {dag.py:3947} INFO - Setting next_dagrun for example_short_circuit_decorator to 2026-09-14 00:00:00+00:00, run_after=2026-09-15 00:00:00+00:00
[2026-09-15T21:14:43.162+0000] {processor.py:183} INFO - Processing /home/airflow/.local/lib/python3.12/site-packages/airflow/example_dags/example_short_circuit_decorator.py took 0.067 seconds
[2026-09-15T21:15:13.706+0000] {processor.py:161} INFO - Started process (PID=1718) to work on /home/airflow/.local/lib/python3.12/site-packages/airflow/example_dags/example_short_circuit_decorator.py
[2026-09-15T21:15:13.707+0000] {processor.py:830} INFO - Processing file /home/airflow/.local/lib/python3.12/site-packages/airflow/example_dags/example_short_circuit_decorator.py for tasks to queue
[2026-09-15T21:15:13.710+0000] {logging_mixin.py:188} INFO - [2026-09-15T21:15:13.710+0000] {dagbag.py:545} INFO - Filling up the DagBag from /home/airflow/.local/lib/python3.12/site-packages/airflow/example_dags/example_short_circuit_decorator.py
[2026-09-15T21:15:13.718+0000] {processor.py:840} INFO - DAG(s) 'example_short_circuit_decorator' retrieved from /home/airflow/.local/lib/python3.12/site-packages/airflow/example_dags/example_short_circuit_decorator.py
[2026-09-15T21:15:13.738+0000] {logging_mixin.py:188} INFO - [2026-09-15T21:15:13.738+0000] {dag.py:3089} INFO - Sync 1 DAGs
[2026-09-15T21:15:13.755+0000] {logging_mixin.py:188} INFO - [2026-09-15T21:15:13.755+0000] {dag.py:3947} INFO - Setting next_dagrun for example_short_circuit_decorator to 2026-09-14 00:00:00+00:00, run_after=2026-09-15 00:00:00+00:00
[2026-09-15T21:15:13.770+0000] {processor.py:183} INFO - Processing /home/airflow/.local/lib/python3.12/site-packages/airflow/example_dags/example_short_circuit_decorator.py took 0.068 seconds
[2026-09-15T21:15:44.353+0000] {processor.py:161} INFO - Started process (PID=1776) to work on /home/airflow/.local/lib/python3.12/site-packages/airflow/example_dags/example_short_circuit_decorator.py
[2026-09-15T21:15:44.354+0000] {processor.py:830} INFO - Processing file /home/airflow/.local/lib/python3.12/site-packages/airflow/example_dags/example_short_circuit_decorator.py for tasks to queue
[2026-09-15T21:15:44.357+0000] {logging_mixin.py:188} INFO - [2026-09-15T21:15:44.357+0000] {dagbag.py:545} INFO - Filling up the DagBag from /home/airflow/.local/lib/python3.12/site-packages/airflow/example_dags/example_short_circuit_decorator.py
[2026-09-15T21:15:44.366+0000] {processor.py:840} INFO - DAG(s) 'example_short_circuit_decorator' retrieved from /home/airflow/.local/lib/python3.12/site-packages/airflow/example_dags/example_short_circuit_decorator.py
[2026-09-15T21:15:44.390+0000] {logging_mixin.py:188} INFO - [2026-09-15T21:15:44.390+0000] {dag.py:3089} INFO - Sync 1 DAGs
[2026-09-15T21:15:44.414+0000] {logging_mixin.py:188} INFO - [2026-09-15T21:15:44.414+0000] {dag.py:3947} INFO - Setting next_dagrun for example_short_circuit_decorator to 2026-09-14 00:00:00+00:00, run_after=2026-09-15 00:00:00+00:00
[2026-09-15T21:15:44.436+0000] {processor.py:183} INFO - Processing /home/airflow/.local/lib/python3.12/site-packages/airflow/example_dags/example_short_circuit_decorator.py took 0.089 seconds
[2026-09-15T21:16:14.508+0000] {processor.py:161} INFO - Started process (PID=1834) to work on /home/airflow/.local/lib/python3.12/site-packages/airflow/example_dags/example_short_circuit_decorator.py
[2026-09-15T21:16:14.509+0000] {processor.py:830} INFO - Processing file /home/airflow/.local/lib/python3.12/site-packages/airflow/example_dags/example_short_circuit_decorator.py for tasks to queue
[2026-09-15T21:16:14.511+0000] {logging_mixin.py:188} INFO - [2026-09-15T21:16:14.511+0000] {dagbag.py:545} INFO - Filling up the DagBag from /home/airflow/.local/lib/python3.12/site-packages/airflow/example_dags/example_short_circuit_decorator.py
[2026-09-15T21:16:14.517+0000] {processor.py:840} INFO - DAG(s) 'example_short_circuit_decorator' retrieved from /home/airflow/.local/lib/python3.12/site-packages/airflow/example_dags/example_short_circuit_decorator.py
[2026-09-15T21:16:14.537+0000] {logging_mixin.py:188} INFO - [2026-09-15T21:16:14.536+0000] {dag.py:3089} INFO - Sync 1 DAGs
[2026-09-15T21:16:14.742+0000] {logging_mixin.py:188} INFO - [2026-09-15T21:16:14.742+0000] {dag.py:3947} INFO - Setting next_dagrun for example_short_circuit_decorator to 2026-09-14 00:00:00+00:00, run_after=2026-09-15 00:00:00+00:00
[2026-09-15T21:16:14.757+0000] {processor.py:183} INFO - Processing /home/airflow/.local/lib/python3.12/site-packages/airflow/example_dags/example_short_circuit_decorator.py took 0.253 seconds
[2026-09-15T21:17:36.290+0000] {processor.py:161} INFO - Started process (PID=87) to work on /home/airflow/.local/lib/python3.12/site-packages/airflow/example_dags/example_short_circuit_decorator.py
[2026-09-15T21:17:36.292+0000] {processor.py:830} INFO - Processing file /home/airflow/.local/lib/python3.12/site-packages/airflow/example_dags/example_short_circuit_decorator.py for tasks to queue
[2026-09-15T21:17:36.294+0000] {logging_mixin.py:188} INFO - [2026-09-15T21:17:36.293+0000] {dagbag.py:545} INFO - Filling up the DagBag from /home/airflow/.local/lib/python3.12/site-packages/airflow/example_dags/example_short_circuit_decorator.py
[2026-09-15T21:17:36.302+0000] {processor.py:840} INFO - DAG(s) 'example_short_circuit_decorator' retrieved from /home/airflow/.local/lib/python3.12/site-packages/airflow/example_dags/example_short_circuit_decorator.py
[2026-09-15T21:17:36.315+0000] {logging_mixin.py:188} INFO - [2026-09-15T21:17:36.314+0000] {dag.py:3089} INFO - Sync 1 DAGs
[2026-09-15T21:17:36.332+0000] {logging_mixin.py:188} INFO - [2026-09-15T21:17:36.331+0000] {dag.py:3947} INFO - Setting next_dagrun for example_short_circuit_decorator to 2026-09-14 00:00:00+00:00, run_after=2026-09-15 00:00:00+00:00
[2026-09-15T21:17:36.349+0000] {processor.py:183} INFO - Processing /home/airflow/.local/lib/python3.12/site-packages/airflow/example_dags/example_short_circuit_decorator.py took 0.063 seconds
[2026-09-15T21:18:07.676+0000] {processor.py:161} INFO - Started process (PID=146) to work on /home/airflow/.local/lib/python3.12/site-packages/airflow/example_dags/example_short_circuit_decorator.py
[2026-09-15T21:18:07.678+0000] {processor.py:830} INFO - Processing file /home/airflow/.local/lib/python3.12/site-packages/airflow/example_dags/example_short_circuit_decorator.py for tasks to queue
[2026-09-15T21:18:07.681+0000] {logging_mixin.py:188} INFO - [2026-09-15T21:18:07.680+0000] {dagbag.py:545} INFO - Filling up the DagBag from /home/airflow/.local/lib/python3.12/site-packages/airflow/example_dags/example_short_circuit_decorator.py
[2026-09-15T21:18:07.688+0000] {processor.py:840} INFO - DAG(s) 'example_short_circuit_decorator' retrieved from /home/airflow/.local/lib/python3.12/site-packages/airflow/example_dags/example_short_circuit_decorator.py
[2026-09-15T21:18:07.772+0000] {logging_mixin.py:188} INFO - [2026-09-15T21:18:07.772+0000] {dag.py:3089} INFO - Sync 1 DAGs
[2026-09-15T21:18:07.787+0000] {logging_mixin.py:188} INFO - [2026-09-15T21:18:07.787+0000] {dag.py:3947} INFO - Setting next_dagrun for example_short_circuit_decorator to 2026-09-14 00:00:00+00:00, run_after=2026-09-15 00:00:00+00:00
[2026-09-15T21:18:07.807+0000] {processor.py:183} INFO - Processing /home/airflow/.local/lib/python3.12/site-packages/airflow/example_dags/example_short_circuit_decorator.py took 0.136 seconds
[2026-09-15T21:18:38.140+0000] {processor.py:161} INFO - Started process (PID=204) to work on /home/airflow/.local/lib/python3.12/site-packages/airflow/example_dags/example_short_circuit_decorator.py
[2026-09-15T21:18:38.141+0000] {processor.py:830} INFO - Processing file /home/airflow/.local/lib/python3.12/site-packages/airflow/example_dags/example_short_circuit_decorator.py for tasks to queue
[2026-09-15T21:18:38.144+0000] {logging_mixin.py:188} INFO - [2026-09-15T21:18:38.143+0000] {dagbag.py:545} INFO - Filling up the DagBag from /home/airflow/.local/lib/python3.12/site-packages/airflow/example_dags/example_short_circuit_decorator.py
[2026-09-15T21:18:38.154+0000] {processor.py:840} INFO - DAG(s) 'example_short_circuit_decorator' retrieved from /home/airflow/.local/lib/python3.12/site-packages/airflow/example_dags/example_short_circuit_decorator.py
[2026-09-15T21:18:38.176+0000] {logging_mixin.py:188} INFO - [2026-09-15T21:18:38.175+0000] {dag.py:3089} INFO - Sync 1 DAGs
[2026-09-15T21:18:38.198+0000] {logging_mixin.py:188} INFO - [2026-09-15T21:18:38.197+0000] {dag.py:3947} INFO - Setting next_dagrun for example_short_circuit_decorator to 2026-09-14 00:00:00+00:00, run_after=2026-09-15 00:00:00+00:00
[2026-09-15T21:18:38.217+0000] {processor.py:183} INFO - Processing /home/airflow/.local/lib/python3.12/site-packages/airflow/example_dags/example_short_circuit_decorator.py took 0.082 seconds
[2026-09-15T21:19:08.945+0000] {processor.py:161} INFO - Started process (PID=262) to work on /home/airflow/.local/lib/python3.12/site-packages/airflow/example_dags/example_short_circuit_decorator.py
[2026-09-15T21:19:08.946+0000] {processor.py:830} INFO - Processing file /home/airflow/.local/lib/python3.12/site-packages/airflow/example_dags/example_short_circuit_decorator.py for tasks to queue
[2026-09-15T21:19:08.948+0000] {logging_mixin.py:188} INFO - [2026-09-15T21:19:08.948+0000] {dagbag.py:545} INFO - Filling up the DagBag from /home/airflow/.local/lib/python3.12/site-packages/airflow/example_dags/example_short_circuit_decorator.py
[2026-09-15T21:19:08.954+0000] {processor.py:840} INFO - DAG(s) 'example_short_circuit_decorator' retrieved from /home/airflow/.local/lib/python3.12/site-packages/airflow/example_dags/example_short_circuit_decorator.py
[2026-09-15T21:19:08.973+0000] {logging_mixin.py:188} INFO - [2026-09-15T21:19:08.973+0000] {dag.py:3089} INFO - Sync 1 DAGs
[2026-09-15T21:19:08.990+0000] {logging_mixin.py:188} INFO - [2026-09-15T21:19:08.990+0000] {dag.py:3947} INFO - Setting next_dagrun for example_short_circuit_decorator to 2026-09-14 00:00:00+00:00, run_after=2026-09-15 00:00:00+00:00
[2026-09-15T21:19:09.006+0000] {processor.py:183} INFO - Processing /home/airflow/.local/lib/python3.12/site-packages/airflow/example_dags/example_short_circuit_decorator.py took 0.065 seconds
[2026-09-15T21:19:39.602+0000] {processor.py:161} INFO - Started process (PID=320) to work on /home/airflow/.local/lib/python3.12/site-packages/airflow/example_dags/example_short_circuit_decorator.py
[2026-09-15T21:19:39.603+0000] {processor.py:830} INFO - Processing file /home/airflow/.local/lib/python3.12/site-packages/airflow/example_dags/example_short_circuit_decorator.py for tasks to queue
[2026-09-15T21:19:39.605+0000] {logging_mixin.py:188} INFO - [2026-09-15T21:19:39.605+0000] {dagbag.py:545} INFO - Filling up the DagBag from /home/airflow/.local/lib/python3.12/site-packages/airflow/example_dags/example_short_circuit_decorator.py
[2026-09-15T21:19:39.612+0000] {processor.py:840} INFO - DAG(s) 'example_short_circuit_decorator' retrieved from /home/airflow/.local/lib/python3.12/site-packages/airflow/example_dags/example_short_circuit_decorator.py
[2026-09-15T21:19:39.630+0000] {logging_mixin.py:188} INFO - [2026-09-15T21:19:39.629+0000] {dag.py:3089} INFO - Sync 1 DAGs
[2026-09-15T21:19:39.645+0000] {logging_mixin.py:188} INFO - [2026-09-15T21:19:39.645+0000] {dag.py:3947} INFO - Setting next_dagrun for example_short_circuit_decorator to 2026-09-14 00:00:00+00:00, run_after=2026-09-15 00:00:00+00:00
[2026-09-15T21:19:39.658+0000] {processor.py:183} INFO - Processing /home/airflow/.local/lib/python3.12/site-packages/airflow/example_dags/example_short_circuit_decorator.py took 0.060 seconds
[2026-09-15T21:20:09.892+0000] {processor.py:161} INFO - Started process (PID=378) to work on /home/airflow/.local/lib/python3.12/site-packages/airflow/example_dags/example_short_circuit_decorator.py
[2026-09-15T21:20:09.893+0000] {processor.py:830} INFO - Processing file /home/airflow/.local/lib/python3.12/site-packages/airflow/example_dags/example_short_circuit_decorator.py for tasks to queue
[2026-09-15T21:20:09.896+0000] {logging_mixin.py:188} INFO - [2026-09-15T21:20:09.895+0000] {dagbag.py:545} INFO - Filling up the DagBag from /home/airflow/.local/lib/python3.12/site-packages/airflow/example_dags/example_short_circuit_decorator.py
[2026-09-15T21:20:09.902+0000] {processor.py:840} INFO - DAG(s) 'example_short_circuit_decorator' retrieved from /home/airflow/.local/lib/python3.12/site-packages/airflow/example_dags/example_short_circuit_decorator.py
[2026-09-15T21:20:09.919+0000] {logging_mixin.py:188} INFO - [2026-09-15T21:20:09.919+0000] {dag.py:3089} INFO - Sync 1 DAGs
[2026-09-15T21:20:09.935+0000] {logging_mixin.py:188} INFO - [2026-09-15T21:20:09.935+0000] {dag.py:3947} INFO - Setting next_dagrun for example_short_circuit_decorator to 2026-09-14 00:00:00+00:00, run_after=2026-09-15 00:00:00+00:00
[2026-09-15T21:20:09.950+0000] {processor.py:183} INFO - Processing /home/airflow/.local/lib/python3.12/site-packages/airflow/example_dags/example_short_circuit_decorator.py took 0.062 seconds
[2026-09-15T21:20:40.126+0000] {processor.py:161} INFO - Started process (PID=436) to work on /home/airflow/.local/lib/python3.12/site-packages/airflow/example_dags/example_short_circuit_decorator.py
[2026-09-15T21:20:40.128+0000] {processor.py:830} INFO - Processing file /home/airflow/.local/lib/python3.12/site-packages/airflow/example_dags/example_short_circuit_decorator.py for tasks to queue
[2026-09-15T21:20:40.129+0000] {logging_mixin.py:188} INFO - [2026-09-15T21:20:40.129+0000] {dagbag.py:545} INFO - Filling up the DagBag from /home/airflow/.local/lib/python3.12/site-packages/airflow/example_dags/example_short_circuit_decorator.py
[2026-09-15T21:20:40.136+0000] {processor.py:840} INFO - DAG(s) 'example_short_circuit_decorator' retrieved from /home/airflow/.local/lib/python3.12/site-packages/airflow/example_dags/example_short_circuit_decorator.py
[2026-09-15T21:20:40.155+0000] {logging_mixin.py:188} INFO - [2026-09-15T21:20:40.155+0000] {dag.py:3089} INFO - Sync 1 DAGs
[2026-09-15T21:20:40.171+0000] {logging_mixin.py:188} INFO - [2026-09-15T21:20:40.171+0000] {dag.py:3947} INFO - Setting next_dagrun for example_short_circuit_decorator to 2026-09-14 00:00:00+00:00, run_after=2026-09-15 00:00:00+00:00
[2026-09-15T21:20:40.186+0000] {processor.py:183} INFO - Processing /home/airflow/.local/lib/python3.12/site-packages/airflow/example_dags/example_short_circuit_decorator.py took 0.065 seconds
[2026-09-15T21:22:08.190+0000] {processor.py:161} INFO - Started process (PID=330) to work on /home/airflow/.local/lib/python3.12/site-packages/airflow/example_dags/example_short_circuit_decorator.py
[2026-09-15T21:22:08.192+0000] {processor.py:830} INFO - Processing file /home/airflow/.local/lib/python3.12/site-packages/airflow/example_dags/example_short_circuit_decorator.py for tasks to queue
[2026-09-15T21:22:08.194+0000] {logging_mixin.py:188} INFO - [2026-09-15T21:22:08.194+0000] {dagbag.py:545} INFO - Filling up the DagBag from /home/airflow/.local/lib/python3.12/site-packages/airflow/example_dags/example_short_circuit_decorator.py
[2026-09-15T21:22:08.203+0000] {processor.py:840} INFO - DAG(s) 'example_short_circuit_decorator' retrieved from /home/airflow/.local/lib/python3.12/site-packages/airflow/example_dags/example_short_circuit_decorator.py
[2026-09-15T21:22:08.217+0000] {logging_mixin.py:188} INFO - [2026-09-15T21:22:08.217+0000] {dag.py:3089} INFO - Sync 1 DAGs
[2026-09-15T21:22:08.238+0000] {logging_mixin.py:188} INFO - [2026-09-15T21:22:08.238+0000] {dag.py:3947} INFO - Setting next_dagrun for example_short_circuit_decorator to 2026-09-14 00:00:00+00:00, run_after=2026-09-15 00:00:00+00:00
[2026-09-15T21:22:08.259+0000] {processor.py:183} INFO - Processing /home/airflow/.local/lib/python3.12/site-packages/airflow/example_dags/example_short_circuit_decorator.py took 0.074 seconds
[2026-09-15T21:22:39.734+0000] {processor.py:161} INFO - Started process (PID=598) to work on /home/airflow/.local/lib/python3.12/site-packages/airflow/example_dags/example_short_circuit_decorator.py
[2026-09-15T21:22:39.735+0000] {processor.py:830} INFO - Processing file /home/airflow/.local/lib/python3.12/site-packages/airflow/example_dags/example_short_circuit_decorator.py for tasks to queue
[2026-09-15T21:22:39.737+0000] {logging_mixin.py:188} INFO - [2026-09-15T21:22:39.737+0000] {dagbag.py:545} INFO - Filling up the DagBag from /home/airflow/.local/lib/python3.12/site-packages/airflow/example_dags/example_short_circuit_decorator.py
[2026-09-15T21:22:39.743+0000] {processor.py:840} INFO - DAG(s) 'example_short_circuit_decorator' retrieved from /home/airflow/.local/lib/python3.12/site-packages/airflow/example_dags/example_short_circuit_decorator.py
[2026-09-15T21:22:39.822+0000] {logging_mixin.py:188} INFO - [2026-09-15T21:22:39.822+0000] {dag.py:3089} INFO - Sync 1 DAGs
[2026-09-15T21:22:39.837+0000] {logging_mixin.py:188} INFO - [2026-09-15T21:22:39.837+0000] {dag.py:3947} INFO - Setting next_dagrun for example_short_circuit_decorator to 2026-09-14 00:00:00+00:00, run_after=2026-09-15 00:00:00+00:00
[2026-09-15T21:22:39.853+0000] {processor.py:183} INFO - Processing /home/airflow/.local/lib/python3.12/site-packages/airflow/example_dags/example_short_circuit_decorator.py took 0.124 seconds
[2026-09-15T21:23:10.323+0000] {processor.py:161} INFO - Started process (PID=858) to work on /home/airflow/.local/lib/python3.12/site-packages/airflow/example_dags/example_short_circuit_decorator.py
[2026-09-15T21:23:10.324+0000] {processor.py:830} INFO - Processing file /home/airflow/.local/lib/python3.12/site-packages/airflow/example_dags/example_short_circuit_decorator.py for tasks to queue
[2026-09-15T21:23:10.326+0000] {logging_mixin.py:188} INFO - [2026-09-15T21:23:10.326+0000] {dagbag.py:545} INFO - Filling up the DagBag from /home/airflow/.local/lib/python3.12/site-packages/airflow/example_dags/example_short_circuit_decorator.py
[2026-09-15T21:23:10.332+0000] {processor.py:840} INFO - DAG(s) 'example_short_circuit_decorator' retrieved from /home/airflow/.local/lib/python3.12/site-packages/airflow/example_dags/example_short_circuit_decorator.py
[2026-09-15T21:23:10.350+0000] {logging_mixin.py:188} INFO - [2026-09-15T21:23:10.350+0000] {dag.py:3089} INFO - Sync 1 DAGs
[2026-09-15T21:23:10.369+0000] {logging_mixin.py:188} INFO - [2026-09-15T21:23:10.368+0000] {dag.py:3947} INFO - Setting next_dagrun for example_short_circuit_decorator to 2026-09-14 00:00:00+00:00, run_after=2026-09-15 00:00:00+00:00
[2026-09-15T21:23:10.383+0000] {processor.py:183} INFO - Processing /home/airflow/.local/lib/python3.12/site-packages/airflow/example_dags/example_short_circuit_decorator.py took 0.065 seconds
[2026-09-15T21:23:40.503+0000] {processor.py:161} INFO - Started process (PID=1120) to work on /home/airflow/.local/lib/python3.12/site-packages/airflow/example_dags/example_short_circuit_decorator.py
[2026-09-15T21:23:40.504+0000] {processor.py:830} INFO - Processing file /home/airflow/.local/lib/python3.12/site-packages/airflow/example_dags/example_short_circuit_decorator.py for tasks to queue
[2026-09-15T21:23:40.506+0000] {logging_mixin.py:188} INFO - [2026-09-15T21:23:40.506+0000] {dagbag.py:545} INFO - Filling up the DagBag from /home/airflow/.local/lib/python3.12/site-packages/airflow/example_dags/example_short_circuit_decorator.py
[2026-09-15T21:23:40.512+0000] {processor.py:840} INFO - DAG(s) 'example_short_circuit_decorator' retrieved from /home/airflow/.local/lib/python3.12/site-packages/airflow/example_dags/example_short_circuit_decorator.py
[2026-09-15T21:23:40.530+0000] {logging_mixin.py:188} INFO - [2026-09-15T21:23:40.530+0000] {dag.py:3089} INFO - Sync 1 DAGs
[2026-09-15T21:23:40.546+0000] {logging_mixin.py:188} INFO - [2026-09-15T21:23:40.546+0000] {dag.py:3947} INFO - Setting next_dagrun for example_short_circuit_decorator to 2026-09-14 00:00:00+00:00, run_after=2026-09-15 00:00:00+00:00
[2026-09-15T21:23:40.560+0000] {processor.py:183} INFO - Processing /home/airflow/.local/lib/python3.12/site-packages/airflow/example_dags/example_short_circuit_decorator.py took 0.061 seconds
[2026-09-15T21:24:10.692+0000] {processor.py:161} INFO - Started process (PID=1382) to work on /home/airflow/.local/lib/python3.12/site-packages/airflow/example_dags/example_short_circuit_decorator.py
[2026-09-15T21:24:10.694+0000] {processor.py:830} INFO - Processing file /home/airflow/.local/lib/python3.12/site-packages/airflow/example_dags/example_short_circuit_decorator.py for tasks to queue
[2026-09-15T21:24:10.696+0000] {logging_mixin.py:188} INFO - [2026-09-15T21:24:10.695+0000] {dagbag.py:545} INFO - Filling up the DagBag from /home/airflow/.local/lib/python3.12/site-packages/airflow/example_dags/example_short_circuit_decorator.py
[2026-09-15T21:24:10.703+0000] {processor.py:840} INFO - DAG(s) 'example_short_circuit_decorator' retrieved from /home/airflow/.local/lib/python3.12/site-packages/airflow/example_dags/example_short_circuit_decorator.py
[2026-09-15T21:24:10.721+0000] {logging_mixin.py:188} INFO - [2026-09-15T21:24:10.721+0000] {dag.py:3089} INFO - Sync 1 DAGs
[2026-09-15T21:24:10.736+0000] {logging_mixin.py:188} INFO - [2026-09-15T21:24:10.736+0000] {dag.py:3947} INFO - Setting next_dagrun for example_short_circuit_decorator to 2026-09-14 00:00:00+00:00, run_after=2026-09-15 00:00:00+00:00
[2026-09-15T21:24:10.750+0000] {processor.py:183} INFO - Processing /home/airflow/.local/lib/python3.12/site-packages/airflow/example_dags/example_short_circuit_decorator.py took 0.062 seconds
[2026-09-15T21:24:40.899+0000] {processor.py:161} INFO - Started process (PID=1644) to work on /home/airflow/.local/lib/python3.12/site-packages/airflow/example_dags/example_short_circuit_decorator.py
[2026-09-15T21:24:40.900+0000] {processor.py:830} INFO - Processing file /home/airflow/.local/lib/python3.12/site-packages/airflow/example_dags/example_short_circuit_decorator.py for tasks to queue
[2026-09-15T21:24:40.901+0000] {logging_mixin.py:188} INFO - [2026-09-15T21:24:40.901+0000] {dagbag.py:545} INFO - Filling up the DagBag from /home/airflow/.local/lib/python3.12/site-packages/airflow/example_dags/example_short_circuit_decorator.py
[2026-09-15T21:24:40.908+0000] {processor.py:840} INFO - DAG(s) 'example_short_circuit_decorator' retrieved from /home/airflow/.local/lib/python3.12/site-packages/airflow/example_dags/example_short_circuit_decorator.py
[2026-09-15T21:24:40.925+0000] {logging_mixin.py:188} INFO - [2026-09-15T21:24:40.925+0000] {dag.py:3089} INFO - Sync 1 DAGs
[2026-09-15T21:24:40.940+0000] {logging_mixin.py:188} INFO - [2026-09-15T21:24:40.940+0000] {dag.py:3947} INFO - Setting next_dagrun for example_short_circuit_decorator to 2026-09-14 00:00:00+00:00, run_after=2026-09-15 00:00:00+00:00
[2026-09-15T21:24:40.954+0000] {processor.py:183} INFO - Processing /home/airflow/.local/lib/python3.12/site-packages/airflow/example_dags/example_short_circuit_decorator.py took 0.060 seconds
[2026-09-15T21:25:11.117+0000] {processor.py:161} INFO - Started process (PID=1906) to work on /home/airflow/.local/lib/python3.12/site-packages/airflow/example_dags/example_short_circuit_decorator.py
[2026-09-15T21:25:11.118+0000] {processor.py:830} INFO - Processing file /home/airflow/.local/lib/python3.12/site-packages/airflow/example_dags/example_short_circuit_decorator.py for tasks to queue
[2026-09-15T21:25:11.120+0000] {logging_mixin.py:188} INFO - [2026-09-15T21:25:11.120+0000] {dagbag.py:545} INFO - Filling up the DagBag from /home/airflow/.local/lib/python3.12/site-packages/airflow/example_dags/example_short_circuit_decorator.py
[2026-09-15T21:25:11.128+0000] {processor.py:840} INFO - DAG(s) 'example_short_circuit_decorator' retrieved from /home/airflow/.local/lib/python3.12/site-packages/airflow/example_dags/example_short_circuit_decorator.py
[2026-09-15T21:25:11.147+0000] {logging_mixin.py:188} INFO - [2026-09-15T21:25:11.147+0000] {dag.py:3089} INFO - Sync 1 DAGs
[2026-09-15T21:25:11.164+0000] {logging_mixin.py:188} INFO - [2026-09-15T21:25:11.164+0000] {dag.py:3947} INFO - Setting next_dagrun for example_short_circuit_decorator to 2026-09-14 00:00:00+00:00, run_after=2026-09-15 00:00:00+00:00
[2026-09-15T21:25:11.179+0000] {processor.py:183} INFO - Processing /home/airflow/.local/lib/python3.12/site-packages/airflow/example_dags/example_short_circuit_decorator.py took 0.067 seconds
[2026-09-15T21:25:41.471+0000] {processor.py:161} INFO - Started process (PID=2170) to work on /home/airflow/.local/lib/python3.12/site-packages/airflow/example_dags/example_short_circuit_decorator.py
[2026-09-15T21:25:41.473+0000] {processor.py:830} INFO - Processing file /home/airflow/.local/lib/python3.12/site-packages/airflow/example_dags/example_short_circuit_decorator.py for tasks to queue
[2026-09-15T21:25:41.475+0000] {logging_mixin.py:188} INFO - [2026-09-15T21:25:41.474+0000] {dagbag.py:545} INFO - Filling up the DagBag from /home/airflow/.local/lib/python3.12/site-packages/airflow/example_dags/example_short_circuit_decorator.py
[2026-09-15T21:25:41.482+0000] {processor.py:840} INFO - DAG(s) 'example_short_circuit_decorator' retrieved from /home/airflow/.local/lib/python3.12/site-packages/airflow/example_dags/example_short_circuit_decorator.py
[2026-09-15T21:25:41.501+0000] {logging_mixin.py:188} INFO - [2026-09-15T21:25:41.500+0000] {dag.py:3089} INFO - Sync 1 DAGs
[2026-09-15T21:25:41.517+0000] {logging_mixin.py:188} INFO - [2026-09-15T21:25:41.517+0000] {dag.py:3947} INFO - Setting next_dagrun for example_short_circuit_decorator to 2026-09-14 00:00:00+00:00, run_after=2026-09-15 00:00:00+00:00
[2026-09-15T21:25:41.531+0000] {processor.py:183} INFO - Processing /home/airflow/.local/lib/python3.12/site-packages/airflow/example_dags/example_short_circuit_decorator.py took 0.065 seconds
[2026-09-15T21:26:11.692+0000] {processor.py:161} INFO - Started process (PID=2432) to work on /home/airflow/.local/lib/python3.12/site-packages/airflow/example_dags/example_short_circuit_decorator.py
[2026-09-15T21:26:11.693+0000] {processor.py:830} INFO - Processing file /home/airflow/.local/lib/python3.12/site-packages/airflow/example_dags/example_short_circuit_decorator.py for tasks to queue
[2026-09-15T21:26:11.695+0000] {logging_mixin.py:188} INFO - [2026-09-15T21:26:11.694+0000] {dagbag.py:545} INFO - Filling up the DagBag from /home/airflow/.local/lib/python3.12/site-packages/airflow/example_dags/example_short_circuit_decorator.py
[2026-09-15T21:26:11.702+0000] {processor.py:840} INFO - DAG(s) 'example_short_circuit_decorator' retrieved from /home/airflow/.local/lib/python3.12/site-packages/airflow/example_dags/example_short_circuit_decorator.py
[2026-09-15T21:26:11.721+0000] {logging_mixin.py:188} INFO - [2026-09-15T21:26:11.721+0000] {dag.py:3089} INFO - Sync 1 DAGs
[2026-09-15T21:26:11.737+0000] {logging_mixin.py:188} INFO - [2026-09-15T21:26:11.737+0000] {dag.py:3947} INFO - Setting next_dagrun for example_short_circuit_decorator to 2026-09-14 00:00:00+00:00, run_after=2026-09-15 00:00:00+00:00
[2026-09-15T21:26:11.751+0000] {processor.py:183} INFO - Processing /home/airflow/.local/lib/python3.12/site-packages/airflow/example_dags/example_short_circuit_decorator.py took 0.064 seconds
[2026-09-15T21:26:41.817+0000] {processor.py:161} INFO - Started process (PID=2694) to work on /home/airflow/.local/lib/python3.12/site-packages/airflow/example_dags/example_short_circuit_decorator.py
[2026-09-15T21:26:41.819+0000] {processor.py:830} INFO - Processing file /home/airflow/.local/lib/python3.12/site-packages/airflow/example_dags/example_short_circuit_decorator.py for tasks to queue
[2026-09-15T21:26:41.820+0000] {logging_mixin.py:188} INFO - [2026-09-15T21:26:41.820+0000] {dagbag.py:545} INFO - Filling up the DagBag from /home/airflow/.local/lib/python3.12/site-packages/airflow/example_dags/example_short_circuit_decorator.py
[2026-09-15T21:26:41.826+0000] {processor.py:840} INFO - DAG(s) 'example_short_circuit_decorator' retrieved from /home/airflow/.local/lib/python3.12/site-packages/airflow/example_dags/example_short_circuit_decorator.py
[2026-09-15T21:26:41.843+0000] {logging_mixin.py:188} INFO - [2026-09-15T21:26:41.843+0000] {dag.py:3089} INFO - Sync 1 DAGs
[2026-09-15T21:26:41.857+0000] {logging_mixin.py:188} INFO - [2026-09-15T21:26:41.857+0000] {dag.py:3947} INFO - Setting next_dagrun for example_short_circuit_decorator to 2026-09-14 00:00:00+00:00, run_after=2026-09-15 00:00:00+00:00
[2026-09-15T21:26:41.871+0000] {processor.py:183} INFO - Processing /home/airflow/.local/lib/python3.12/site-packages/airflow/example_dags/example_short_circuit_decorator.py took 0.058 seconds
[2026-09-15T21:27:11.946+0000] {processor.py:161} INFO - Started process (PID=2959) to work on /home/airflow/.local/lib/python3.12/site-packages/airflow/example_dags/example_short_circuit_decorator.py
[2026-09-15T21:27:11.947+0000] {processor.py:830} INFO - Processing file /home/airflow/.local/lib/python3.12/site-packages/airflow/example_dags/example_short_circuit_decorator.py for tasks to queue
[2026-09-15T21:27:11.949+0000] {logging_mixin.py:188} INFO - [2026-09-15T21:27:11.949+0000] {dagbag.py:545} INFO - Filling up the DagBag from /home/airflow/.local/lib/python3.12/site-packages/airflow/example_dags/example_short_circuit_decorator.py
[2026-09-15T21:27:11.957+0000] {processor.py:840} INFO - DAG(s) 'example_short_circuit_decorator' retrieved from /home/airflow/.local/lib/python3.12/site-packages/airflow/example_dags/example_short_circuit_decorator.py
[2026-09-15T21:27:11.979+0000] {logging_mixin.py:188} INFO - [2026-09-15T21:27:11.978+0000] {dag.py:3089} INFO - Sync 1 DAGs
[2026-09-15T21:27:11.997+0000] {logging_mixin.py:188} INFO - [2026-09-15T21:27:11.997+0000] {dag.py:3947} INFO - Setting next_dagrun for example_short_circuit_decorator to 2026-09-14 00:00:00+00:00, run_after=2026-09-15 00:00:00+00:00
[2026-09-15T21:27:12.013+0000] {processor.py:183} INFO - Processing /home/airflow/.local/lib/python3.12/site-packages/airflow/example_dags/example_short_circuit_decorator.py took 0.072 seconds
[2026-09-15T21:27:42.253+0000] {processor.py:161} INFO - Started process (PID=3216) to work on /home/airflow/.local/lib/python3.12/site-packages/airflow/example_dags/example_short_circuit_decorator.py
[2026-09-15T21:27:42.254+0000] {processor.py:830} INFO - Processing file /home/airflow/.local/lib/python3.12/site-packages/airflow/example_dags/example_short_circuit_decorator.py for tasks to queue
[2026-09-15T21:27:42.256+0000] {logging_mixin.py:188} INFO - [2026-09-15T21:27:42.256+0000] {dagbag.py:545} INFO - Filling up the DagBag from /home/airflow/.local/lib/python3.12/site-packages/airflow/example_dags/example_short_circuit_decorator.py
[2026-09-15T21:27:42.262+0000] {processor.py:840} INFO - DAG(s) 'example_short_circuit_decorator' retrieved from /home/airflow/.local/lib/python3.12/site-packages/airflow/example_dags/example_short_circuit_decorator.py
[2026-09-15T21:27:42.281+0000] {logging_mixin.py:188} INFO - [2026-09-15T21:27:42.281+0000] {dag.py:3089} INFO - Sync 1 DAGs
[2026-09-15T21:27:42.298+0000] {logging_mixin.py:188} INFO - [2026-09-15T21:27:42.298+0000] {dag.py:3947} INFO - Setting next_dagrun for example_short_circuit_decorator to 2026-09-14 00:00:00+00:00, run_after=2026-09-15 00:00:00+00:00
[2026-09-15T21:27:42.313+0000] {processor.py:183} INFO - Processing /home/airflow/.local/lib/python3.12/site-packages/airflow/example_dags/example_short_circuit_decorator.py took 0.064 seconds
[2026-09-15T21:28:12.864+0000] {processor.py:161} INFO - Started process (PID=3478) to work on /home/airflow/.local/lib/python3.12/site-packages/airflow/example_dags/example_short_circuit_decorator.py
[2026-09-15T21:28:12.865+0000] {processor.py:830} INFO - Processing file /home/airflow/.local/lib/python3.12/site-packages/airflow/example_dags/example_short_circuit_decorator.py for tasks to queue
[2026-09-15T21:28:12.867+0000] {logging_mixin.py:188} INFO - [2026-09-15T21:28:12.867+0000] {dagbag.py:545} INFO - Filling up the DagBag from /home/airflow/.local/lib/python3.12/site-packages/airflow/example_dags/example_short_circuit_decorator.py
[2026-09-15T21:28:12.875+0000] {processor.py:840} INFO - DAG(s) 'example_short_circuit_decorator' retrieved from /home/airflow/.local/lib/python3.12/site-packages/airflow/example_dags/example_short_circuit_decorator.py
[2026-09-15T21:28:12.896+0000] {logging_mixin.py:188} INFO - [2026-09-15T21:28:12.895+0000] {dag.py:3089} INFO - Sync 1 DAGs
[2026-09-15T21:28:12.915+0000] {logging_mixin.py:188} INFO - [2026-09-15T21:28:12.915+0000] {dag.py:3947} INFO - Setting next_dagrun for example_short_circuit_decorator to 2026-09-14 00:00:00+00:00, run_after=2026-09-15 00:00:00+00:00
[2026-09-15T21:28:12.935+0000] {processor.py:183} INFO - Processing /home/airflow/.local/lib/python3.12/site-packages/airflow/example_dags/example_short_circuit_decorator.py took 0.076 seconds
[2026-09-15T21:28:43.776+0000] {processor.py:161} INFO - Started process (PID=3740) to work on /home/airflow/.local/lib/python3.12/site-packages/airflow/example_dags/example_short_circuit_decorator.py
[2026-09-15T21:28:43.777+0000] {processor.py:830} INFO - Processing file /home/airflow/.local/lib/python3.12/site-packages/airflow/example_dags/example_short_circuit_decorator.py for tasks to queue
[2026-09-15T21:28:43.779+0000] {logging_mixin.py:188} INFO - [2026-09-15T21:28:43.779+0000] {dagbag.py:545} INFO - Filling up the DagBag from /home/airflow/.local/lib/python3.12/site-packages/airflow/example_dags/example_short_circuit_decorator.py
[2026-09-15T21:28:43.788+0000] {processor.py:840} INFO - DAG(s) 'example_short_circuit_decorator' retrieved from /home/airflow/.local/lib/python3.12/site-packages/airflow/example_dags/example_short_circuit_decorator.py
[2026-09-15T21:28:43.816+0000] {logging_mixin.py:188} INFO - [2026-09-15T21:28:43.815+0000] {dag.py:3089} INFO - Sync 1 DAGs
[2026-09-15T21:28:43.841+0000] {logging_mixin.py:188} INFO - [2026-09-15T21:28:43.840+0000] {dag.py:3947} INFO - Setting next_dagrun for example_short_circuit_decorator to 2026-09-14 00:00:00+00:00, run_after=2026-09-15 00:00:00+00:00
[2026-09-15T21:28:43.865+0000] {processor.py:183} INFO - Processing /home/airflow/.local/lib/python3.12/site-packages/airflow/example_dags/example_short_circuit_decorator.py took 0.094 seconds
[2026-09-15T21:29:13.984+0000] {processor.py:161} INFO - Started process (PID=4002) to work on /home/airflow/.local/lib/python3.12/site-packages/airflow/example_dags/example_short_circuit_decorator.py
[2026-09-15T21:29:13.985+0000] {processor.py:830} INFO - Processing file /home/airflow/.local/lib/python3.12/site-packages/airflow/example_dags/example_short_circuit_decorator.py for tasks to queue
[2026-09-15T21:29:13.987+0000] {logging_mixin.py:188} INFO - [2026-09-15T21:29:13.987+0000] {dagbag.py:545} INFO - Filling up the DagBag from /home/airflow/.local/lib/python3.12/site-packages/airflow/example_dags/example_short_circuit_decorator.py
[2026-09-15T21:29:13.994+0000] {processor.py:840} INFO - DAG(s) 'example_short_circuit_decorator' retrieved from /home/airflow/.local/lib/python3.12/site-packages/airflow/example_dags/example_short_circuit_decorator.py
[2026-09-15T21:29:14.011+0000] {logging_mixin.py:188} INFO - [2026-09-15T21:29:14.011+0000] {dag.py:3089} INFO - Sync 1 DAGs
[2026-09-15T21:29:14.026+0000] {logging_mixin.py:188} INFO - [2026-09-15T21:29:14.026+0000] {dag.py:3947} INFO - Setting next_dagrun for example_short_circuit_decorator to 2026-09-14 00:00:00+00:00, run_after=2026-09-15 00:00:00+00:00
[2026-09-15T21:29:14.041+0000] {processor.py:183} INFO - Processing /home/airflow/.local/lib/python3.12/site-packages/airflow/example_dags/example_short_circuit_decorator.py took 0.061 seconds
[2026-09-15T21:29:44.331+0000] {processor.py:161} INFO - Started process (PID=4271) to work on /home/airflow/.local/lib/python3.12/site-packages/airflow/example_dags/example_short_circuit_decorator.py
[2026-09-15T21:29:44.333+0000] {processor.py:830} INFO - Processing file /home/airflow/.local/lib/python3.12/site-packages/airflow/example_dags/example_short_circuit_decorator.py for tasks to queue
[2026-09-15T21:29:44.335+0000] {logging_mixin.py:188} INFO - [2026-09-15T21:29:44.335+0000] {dagbag.py:545} INFO - Filling up the DagBag from /home/airflow/.local/lib/python3.12/site-packages/airflow/example_dags/example_short_circuit_decorator.py
[2026-09-15T21:29:44.343+0000] {processor.py:840} INFO - DAG(s) 'example_short_circuit_decorator' retrieved from /home/airflow/.local/lib/python3.12/site-packages/airflow/example_dags/example_short_circuit_decorator.py
[2026-09-15T21:29:44.369+0000] {logging_mixin.py:188} INFO - [2026-09-15T21:29:44.369+0000] {dag.py:3089} INFO - Sync 1 DAGs
[2026-09-15T21:29:44.390+0000] {logging_mixin.py:188} INFO - [2026-09-15T21:29:44.389+0000] {dag.py:3947} INFO - Setting next_dagrun for example_short_circuit_decorator to 2026-09-14 00:00:00+00:00, run_after=2026-09-15 00:00:00+00:00
[2026-09-15T21:29:44.408+0000] {processor.py:183} INFO - Processing /home/airflow/.local/lib/python3.12/site-packages/airflow/example_dags/example_short_circuit_decorator.py took 0.082 seconds
[2026-09-15T21:30:14.658+0000] {processor.py:161} INFO - Started process (PID=4536) to work on /home/airflow/.local/lib/python3.12/site-packages/airflow/example_dags/example_short_circuit_decorator.py
[2026-09-15T21:30:14.659+0000] {processor.py:830} INFO - Processing file /home/airflow/.local/lib/python3.12/site-packages/airflow/example_dags/example_short_circuit_decorator.py for tasks to queue
[2026-09-15T21:30:14.662+0000] {logging_mixin.py:188} INFO - [2026-09-15T21:30:14.661+0000] {dagbag.py:545} INFO - Filling up the DagBag from /home/airflow/.local/lib/python3.12/site-packages/airflow/example_dags/example_short_circuit_decorator.py
[2026-09-15T21:30:14.672+0000] {processor.py:840} INFO - DAG(s) 'example_short_circuit_decorator' retrieved from /home/airflow/.local/lib/python3.12/site-packages/airflow/example_dags/example_short_circuit_decorator.py
[2026-09-15T21:30:14.697+0000] {logging_mixin.py:188} INFO - [2026-09-15T21:30:14.697+0000] {dag.py:3089} INFO - Sync 1 DAGs
[2026-09-15T21:30:14.720+0000] {logging_mixin.py:188} INFO - [2026-09-15T21:30:14.720+0000] {dag.py:3947} INFO - Setting next_dagrun for example_short_circuit_decorator to 2026-09-14 00:00:00+00:00, run_after=2026-09-15 00:00:00+00:00
[2026-09-15T21:30:14.740+0000] {processor.py:183} INFO - Processing /home/airflow/.local/lib/python3.12/site-packages/airflow/example_dags/example_short_circuit_decorator.py took 0.088 seconds
[2026-09-15T21:30:45.402+0000] {processor.py:161} INFO - Started process (PID=4798) to work on /home/airflow/.local/lib/python3.12/site-packages/airflow/example_dags/example_short_circuit_decorator.py
[2026-09-15T21:30:45.403+0000] {processor.py:830} INFO - Processing file /home/airflow/.local/lib/python3.12/site-packages/airflow/example_dags/example_short_circuit_decorator.py for tasks to queue
[2026-09-15T21:30:45.405+0000] {logging_mixin.py:188} INFO - [2026-09-15T21:30:45.405+0000] {dagbag.py:545} INFO - Filling up the DagBag from /home/airflow/.local/lib/python3.12/site-packages/airflow/example_dags/example_short_circuit_decorator.py
[2026-09-15T21:30:45.412+0000] {processor.py:840} INFO - DAG(s) 'example_short_circuit_decorator' retrieved from /home/airflow/.local/lib/python3.12/site-packages/airflow/example_dags/example_short_circuit_decorator.py
[2026-09-15T21:30:45.431+0000] {logging_mixin.py:188} INFO - [2026-09-15T21:30:45.431+0000] {dag.py:3089} INFO - Sync 1 DAGs
[2026-09-15T21:30:45.446+0000] {logging_mixin.py:188} INFO - [2026-09-15T21:30:45.446+0000] {dag.py:3947} INFO - Setting next_dagrun for example_short_circuit_decorator to 2026-09-14 00:00:00+00:00, run_after=2026-09-15 00:00:00+00:00
[2026-09-15T21:30:45.460+0000] {processor.py:183} INFO - Processing /home/airflow/.local/lib/python3.12/site-packages/airflow/example_dags/example_short_circuit_decorator.py took 0.062 seconds
[2026-09-15T21:31:15.948+0000] {processor.py:161} INFO - Started process (PID=5060) to work on /home/airflow/.local/lib/python3.12/site-packages/airflow/example_dags/example_short_circuit_decorator.py
[2026-09-15T21:31:15.949+0000] {processor.py:830} INFO - Processing file /home/airflow/.local/lib/python3.12/site-packages/airflow/example_dags/example_short_circuit_decorator.py for tasks to queue
[2026-09-15T21:31:15.951+0000] {logging_mixin.py:188} INFO - [2026-09-15T21:31:15.951+0000] {dagbag.py:545} INFO - Filling up the DagBag from /home/airflow/.local/lib/python3.12/site-packages/airflow/example_dags/example_short_circuit_decorator.py
[2026-09-15T21:31:15.958+0000] {processor.py:840} INFO - DAG(s) 'example_short_circuit_decorator' retrieved from /home/airflow/.local/lib/python3.12/site-packages/airflow/example_dags/example_short_circuit_decorator.py
[2026-09-15T21:31:15.978+0000] {logging_mixin.py:188} INFO - [2026-09-15T21:31:15.978+0000] {dag.py:3089} INFO - Sync 1 DAGs
[2026-09-15T21:31:15.997+0000] {logging_mixin.py:188} INFO - [2026-09-15T21:31:15.997+0000] {dag.py:3947} INFO - Setting next_dagrun for example_short_circuit_decorator to 2026-09-14 00:00:00+00:00, run_after=2026-09-15 00:00:00+00:00
[2026-09-15T21:31:16.013+0000] {processor.py:183} INFO - Processing /home/airflow/.local/lib/python3.12/site-packages/airflow/example_dags/example_short_circuit_decorator.py took 0.071 seconds
[2026-09-15T21:31:46.708+0000] {processor.py:161} INFO - Started process (PID=5322) to work on /home/airflow/.local/lib/python3.12/site-packages/airflow/example_dags/example_short_circuit_decorator.py
[2026-09-15T21:31:46.709+0000] {processor.py:830} INFO - Processing file /home/airflow/.local/lib/python3.12/site-packages/airflow/example_dags/example_short_circuit_decorator.py for tasks to queue
[2026-09-15T21:31:46.711+0000] {logging_mixin.py:188} INFO - [2026-09-15T21:31:46.711+0000] {dagbag.py:545} INFO - Filling up the DagBag from /home/airflow/.local/lib/python3.12/site-packages/airflow/example_dags/example_short_circuit_decorator.py
[2026-09-15T21:31:46.717+0000] {processor.py:840} INFO - DAG(s) 'example_short_circuit_decorator' retrieved from /home/airflow/.local/lib/python3.12/site-packages/airflow/example_dags/example_short_circuit_decorator.py
[2026-09-15T21:31:46.736+0000] {logging_mixin.py:188} INFO - [2026-09-15T21:31:46.736+0000] {dag.py:3089} INFO - Sync 1 DAGs
[2026-09-15T21:31:46.751+0000] {logging_mixin.py:188} INFO - [2026-09-15T21:31:46.751+0000] {dag.py:3947} INFO - Setting next_dagrun for example_short_circuit_decorator to 2026-09-14 00:00:00+00:00, run_after=2026-09-15 00:00:00+00:00
[2026-09-15T21:31:46.764+0000] {processor.py:183} INFO - Processing /home/airflow/.local/lib/python3.12/site-packages/airflow/example_dags/example_short_circuit_decorator.py took 0.061 seconds
[2026-09-15T21:32:17.697+0000] {processor.py:161} INFO - Started process (PID=5586) to work on /home/airflow/.local/lib/python3.12/site-packages/airflow/example_dags/example_short_circuit_decorator.py
[2026-09-15T21:32:17.698+0000] {processor.py:830} INFO - Processing file /home/airflow/.local/lib/python3.12/site-packages/airflow/example_dags/example_short_circuit_decorator.py for tasks to queue
[2026-09-15T21:32:17.700+0000] {logging_mixin.py:188} INFO - [2026-09-15T21:32:17.699+0000] {dagbag.py:545} INFO - Filling up the DagBag from /home/airflow/.local/lib/python3.12/site-packages/airflow/example_dags/example_short_circuit_decorator.py
[2026-09-15T21:32:17.705+0000] {processor.py:840} INFO - DAG(s) 'example_short_circuit_decorator' retrieved from /home/airflow/.local/lib/python3.12/site-packages/airflow/example_dags/example_short_circuit_decorator.py
[2026-09-15T21:32:17.723+0000] {logging_mixin.py:188} INFO - [2026-09-15T21:32:17.723+0000] {dag.py:3089} INFO - Sync 1 DAGs
[2026-09-15T21:32:17.738+0000] {logging_mixin.py:188} INFO - [2026-09-15T21:32:17.737+0000] {dag.py:3947} INFO - Setting next_dagrun for example_short_circuit_decorator to 2026-09-14 00:00:00+00:00, run_after=2026-09-15 00:00:00+00:00
[2026-09-15T21:32:17.752+0000] {processor.py:183} INFO - Processing /home/airflow/.local/lib/python3.12/site-packages/airflow/example_dags/example_short_circuit_decorator.py took 0.059 seconds
[2026-09-15T21:32:48.004+0000] {processor.py:161} INFO - Started process (PID=5846) to work on /home/airflow/.local/lib/python3.12/site-packages/airflow/example_dags/example_short_circuit_decorator.py
[2026-09-15T21:32:48.006+0000] {processor.py:830} INFO - Processing file /home/airflow/.local/lib/python3.12/site-packages/airflow/example_dags/example_short_circuit_decorator.py for tasks to queue
[2026-09-15T21:32:48.007+0000] {logging_mixin.py:188} INFO - [2026-09-15T21:32:48.007+0000] {dagbag.py:545} INFO - Filling up the DagBag from /home/airflow/.local/lib/python3.12/site-packages/airflow/example_dags/example_short_circuit_decorator.py
[2026-09-15T21:32:48.014+0000] {processor.py:840} INFO - DAG(s) 'example_short_circuit_decorator' retrieved from /home/airflow/.local/lib/python3.12/site-packages/airflow/example_dags/example_short_circuit_decorator.py
[2026-09-15T21:32:48.033+0000] {logging_mixin.py:188} INFO - [2026-09-15T21:32:48.033+0000] {dag.py:3089} INFO - Sync 1 DAGs
[2026-09-15T21:32:48.050+0000] {logging_mixin.py:188} INFO - [2026-09-15T21:32:48.050+0000] {dag.py:3947} INFO - Setting next_dagrun for example_short_circuit_decorator to 2026-09-14 00:00:00+00:00, run_after=2026-09-15 00:00:00+00:00
[2026-09-15T21:32:48.065+0000] {processor.py:183} INFO - Processing /home/airflow/.local/lib/python3.12/site-packages/airflow/example_dags/example_short_circuit_decorator.py took 0.065 seconds
[2026-09-15T21:33:19.091+0000] {processor.py:161} INFO - Started process (PID=6108) to work on /home/airflow/.local/lib/python3.12/site-packages/airflow/example_dags/example_short_circuit_decorator.py
[2026-09-15T21:33:19.092+0000] {processor.py:830} INFO - Processing file /home/airflow/.local/lib/python3.12/site-packages/airflow/example_dags/example_short_circuit_decorator.py for tasks to queue
[2026-09-15T21:33:19.094+0000] {logging_mixin.py:188} INFO - [2026-09-15T21:33:19.093+0000] {dagbag.py:545} INFO - Filling up the DagBag from /home/airflow/.local/lib/python3.12/site-packages/airflow/example_dags/example_short_circuit_decorator.py
[2026-09-15T21:33:19.100+0000] {processor.py:840} INFO - DAG(s) 'example_short_circuit_decorator' retrieved from /home/airflow/.local/lib/python3.12/site-packages/airflow/example_dags/example_short_circuit_decorator.py
[2026-09-15T21:33:19.117+0000] {logging_mixin.py:188} INFO - [2026-09-15T21:33:19.117+0000] {dag.py:3089} INFO - Sync 1 DAGs
[2026-09-15T21:33:19.133+0000] {logging_mixin.py:188} INFO - [2026-09-15T21:33:19.133+0000] {dag.py:3947} INFO - Setting next_dagrun for example_short_circuit_decorator to 2026-09-14 00:00:00+00:00, run_after=2026-09-15 00:00:00+00:00
[2026-09-15T21:33:19.151+0000] {processor.py:183} INFO - Processing /home/airflow/.local/lib/python3.12/site-packages/airflow/example_dags/example_short_circuit_decorator.py took 0.064 seconds
[2026-09-15T21:33:49.195+0000] {processor.py:161} INFO - Started process (PID=6369) to work on /home/airflow/.local/lib/python3.12/site-packages/airflow/example_dags/example_short_circuit_decorator.py
[2026-09-15T21:33:49.196+0000] {processor.py:830} INFO - Processing file /home/airflow/.local/lib/python3.12/site-packages/airflow/example_dags/example_short_circuit_decorator.py for tasks to queue
[2026-09-15T21:33:49.198+0000] {logging_mixin.py:188} INFO - [2026-09-15T21:33:49.197+0000] {dagbag.py:545} INFO - Filling up the DagBag from /home/airflow/.local/lib/python3.12/site-packages/airflow/example_dags/example_short_circuit_decorator.py
[2026-09-15T21:33:49.204+0000] {processor.py:840} INFO - DAG(s) 'example_short_circuit_decorator' retrieved from /home/airflow/.local/lib/python3.12/site-packages/airflow/example_dags/example_short_circuit_decorator.py
[2026-09-15T21:33:49.223+0000] {logging_mixin.py:188} INFO - [2026-09-15T21:33:49.222+0000] {dag.py:3089} INFO - Sync 1 DAGs
[2026-09-15T21:33:49.238+0000] {logging_mixin.py:188} INFO - [2026-09-15T21:33:49.238+0000] {dag.py:3947} INFO - Setting next_dagrun for example_short_circuit_decorator to 2026-09-14 00:00:00+00:00, run_after=2026-09-15 00:00:00+00:00
[2026-09-15T21:33:49.252+0000] {processor.py:183} INFO - Processing /home/airflow/.local/lib/python3.12/site-packages/airflow/example_dags/example_short_circuit_decorator.py took 0.061 seconds
[2026-09-15T21:34:19.425+0000] {processor.py:161} INFO - Started process (PID=6631) to work on /home/airflow/.local/lib/python3.12/site-packages/airflow/example_dags/example_short_circuit_decorator.py
[2026-09-15T21:34:19.427+0000] {processor.py:830} INFO - Processing file /home/airflow/.local/lib/python3.12/site-packages/airflow/example_dags/example_short_circuit_decorator.py for tasks to queue
[2026-09-15T21:34:19.429+0000] {logging_mixin.py:188} INFO - [2026-09-15T21:34:19.429+0000] {dagbag.py:545} INFO - Filling up the DagBag from /home/airflow/.local/lib/python3.12/site-packages/airflow/example_dags/example_short_circuit_decorator.py
[2026-09-15T21:34:19.437+0000] {processor.py:840} INFO - DAG(s) 'example_short_circuit_decorator' retrieved from /home/airflow/.local/lib/python3.12/site-packages/airflow/example_dags/example_short_circuit_decorator.py
[2026-09-15T21:34:19.459+0000] {logging_mixin.py:188} INFO - [2026-09-15T21:34:19.459+0000] {dag.py:3089} INFO - Sync 1 DAGs
[2026-09-15T21:34:19.477+0000] {logging_mixin.py:188} INFO - [2026-09-15T21:34:19.477+0000] {dag.py:3947} INFO - Setting next_dagrun for example_short_circuit_decorator to 2026-09-14 00:00:00+00:00, run_after=2026-09-15 00:00:00+00:00
[2026-09-15T21:34:19.493+0000] {processor.py:183} INFO - Processing /home/airflow/.local/lib/python3.12/site-packages/airflow/example_dags/example_short_circuit_decorator.py took 0.073 seconds
[2026-09-15T21:34:49.877+0000] {processor.py:161} INFO - Started process (PID=6898) to work on /home/airflow/.local/lib/python3.12/site-packages/airflow/example_dags/example_short_circuit_decorator.py
[2026-09-15T21:34:49.878+0000] {processor.py:830} INFO - Processing file /home/airflow/.local/lib/python3.12/site-packages/airflow/example_dags/example_short_circuit_decorator.py for tasks to queue
[2026-09-15T21:34:49.881+0000] {logging_mixin.py:188} INFO - [2026-09-15T21:34:49.880+0000] {dagbag.py:545} INFO - Filling up the DagBag from /home/airflow/.local/lib/python3.12/site-packages/airflow/example_dags/example_short_circuit_decorator.py
[2026-09-15T21:34:49.887+0000] {processor.py:840} INFO - DAG(s) 'example_short_circuit_decorator' retrieved from /home/airflow/.local/lib/python3.12/site-packages/airflow/example_dags/example_short_circuit_decorator.py
[2026-09-15T21:34:49.906+0000] {logging_mixin.py:188} INFO - [2026-09-15T21:34:49.906+0000] {dag.py:3089} INFO - Sync 1 DAGs
[2026-09-15T21:34:49.922+0000] {logging_mixin.py:188} INFO - [2026-09-15T21:34:49.922+0000] {dag.py:3947} INFO - Setting next_dagrun for example_short_circuit_decorator to 2026-09-14 00:00:00+00:00, run_after=2026-09-15 00:00:00+00:00
[2026-09-15T21:34:49.938+0000] {processor.py:183} INFO - Processing /home/airflow/.local/lib/python3.12/site-packages/airflow/example_dags/example_short_circuit_decorator.py took 0.066 seconds
[2026-09-15T21:35:19.990+0000] {processor.py:161} INFO - Started process (PID=7159) to work on /home/airflow/.local/lib/python3.12/site-packages/airflow/example_dags/example_short_circuit_decorator.py
[2026-09-15T21:35:19.991+0000] {processor.py:830} INFO - Processing file /home/airflow/.local/lib/python3.12/site-packages/airflow/example_dags/example_short_circuit_decorator.py for tasks to queue
[2026-09-15T21:35:19.993+0000] {logging_mixin.py:188} INFO - [2026-09-15T21:35:19.992+0000] {dagbag.py:545} INFO - Filling up the DagBag from /home/airflow/.local/lib/python3.12/site-packages/airflow/example_dags/example_short_circuit_decorator.py
[2026-09-15T21:35:19.999+0000] {processor.py:840} INFO - DAG(s) 'example_short_circuit_decorator' retrieved from /home/airflow/.local/lib/python3.12/site-packages/airflow/example_dags/example_short_circuit_decorator.py
[2026-09-15T21:35:20.017+0000] {logging_mixin.py:188} INFO - [2026-09-15T21:35:20.017+0000] {dag.py:3089} INFO - Sync 1 DAGs
[2026-09-15T21:35:20.035+0000] {logging_mixin.py:188} INFO - [2026-09-15T21:35:20.034+0000] {dag.py:3947} INFO - Setting next_dagrun for example_short_circuit_decorator to 2026-09-14 00:00:00+00:00, run_after=2026-09-15 00:00:00+00:00
[2026-09-15T21:35:20.050+0000] {processor.py:183} INFO - Processing /home/airflow/.local/lib/python3.12/site-packages/airflow/example_dags/example_short_circuit_decorator.py took 0.064 seconds
[2026-09-15T21:35:50.429+0000] {processor.py:161} INFO - Started process (PID=7421) to work on /home/airflow/.local/lib/python3.12/site-packages/airflow/example_dags/example_short_circuit_decorator.py
[2026-09-15T21:35:50.430+0000] {processor.py:830} INFO - Processing file /home/airflow/.local/lib/python3.12/site-packages/airflow/example_dags/example_short_circuit_decorator.py for tasks to queue
[2026-09-15T21:35:50.432+0000] {logging_mixin.py:188} INFO - [2026-09-15T21:35:50.432+0000] {dagbag.py:545} INFO - Filling up the DagBag from /home/airflow/.local/lib/python3.12/site-packages/airflow/example_dags/example_short_circuit_decorator.py
[2026-09-15T21:35:50.438+0000] {processor.py:840} INFO - DAG(s) 'example_short_circuit_decorator' retrieved from /home/airflow/.local/lib/python3.12/site-packages/airflow/example_dags/example_short_circuit_decorator.py
[2026-09-15T21:35:50.456+0000] {logging_mixin.py:188} INFO - [2026-09-15T21:35:50.456+0000] {dag.py:3089} INFO - Sync 1 DAGs
[2026-09-15T21:35:50.471+0000] {logging_mixin.py:188} INFO - [2026-09-15T21:35:50.471+0000] {dag.py:3947} INFO - Setting next_dagrun for example_short_circuit_decorator to 2026-09-14 00:00:00+00:00, run_after=2026-09-15 00:00:00+00:00
[2026-09-15T21:35:50.485+0000] {processor.py:183} INFO - Processing /home/airflow/.local/lib/python3.12/site-packages/airflow/example_dags/example_short_circuit_decorator.py took 0.060 seconds
[2026-09-15T21:36:20.632+0000] {processor.py:161} INFO - Started process (PID=7685) to work on /home/airflow/.local/lib/python3.12/site-packages/airflow/example_dags/example_short_circuit_decorator.py
[2026-09-15T21:36:20.633+0000] {processor.py:830} INFO - Processing file /home/airflow/.local/lib/python3.12/site-packages/airflow/example_dags/example_short_circuit_decorator.py for tasks to queue
[2026-09-15T21:36:20.635+0000] {logging_mixin.py:188} INFO - [2026-09-15T21:36:20.635+0000] {dagbag.py:545} INFO - Filling up the DagBag from /home/airflow/.local/lib/python3.12/site-packages/airflow/example_dags/example_short_circuit_decorator.py
[2026-09-15T21:36:20.642+0000] {processor.py:840} INFO - DAG(s) 'example_short_circuit_decorator' retrieved from /home/airflow/.local/lib/python3.12/site-packages/airflow/example_dags/example_short_circuit_decorator.py
[2026-09-15T21:36:20.659+0000] {logging_mixin.py:188} INFO - [2026-09-15T21:36:20.659+0000] {dag.py:3089} INFO - Sync 1 DAGs
[2026-09-15T21:36:20.676+0000] {logging_mixin.py:188} INFO - [2026-09-15T21:36:20.676+0000] {dag.py:3947} INFO - Setting next_dagrun for example_short_circuit_decorator to 2026-09-14 00:00:00+00:00, run_after=2026-09-15 00:00:00+00:00
[2026-09-15T21:36:20.691+0000] {processor.py:183} INFO - Processing /home/airflow/.local/lib/python3.12/site-packages/airflow/example_dags/example_short_circuit_decorator.py took 0.064 seconds
[2026-09-15T21:36:50.796+0000] {processor.py:161} INFO - Started process (PID=7945) to work on /home/airflow/.local/lib/python3.12/site-packages/airflow/example_dags/example_short_circuit_decorator.py
[2026-09-15T21:36:50.799+0000] {processor.py:830} INFO - Processing file /home/airflow/.local/lib/python3.12/site-packages/airflow/example_dags/example_short_circuit_decorator.py for tasks to queue
[2026-09-15T21:36:50.802+0000] {logging_mixin.py:188} INFO - [2026-09-15T21:36:50.802+0000] {dagbag.py:545} INFO - Filling up the DagBag from /home/airflow/.local/lib/python3.12/site-packages/airflow/example_dags/example_short_circuit_decorator.py
[2026-09-15T21:36:50.812+0000] {processor.py:840} INFO - DAG(s) 'example_short_circuit_decorator' retrieved from /home/airflow/.local/lib/python3.12/site-packages/airflow/example_dags/example_short_circuit_decorator.py
[2026-09-15T21:36:50.839+0000] {logging_mixin.py:188} INFO - [2026-09-15T21:36:50.838+0000] {dag.py:3089} INFO - Sync 1 DAGs
[2026-09-15T21:36:50.869+0000] {logging_mixin.py:188} INFO - [2026-09-15T21:36:50.869+0000] {dag.py:3947} INFO - Setting next_dagrun for example_short_circuit_decorator to 2026-09-14 00:00:00+00:00, run_after=2026-09-15 00:00:00+00:00
[2026-09-15T21:36:50.889+0000] {processor.py:183} INFO - Processing /home/airflow/.local/lib/python3.12/site-packages/airflow/example_dags/example_short_circuit_decorator.py took 0.099 seconds
[2026-09-15T21:37:21.117+0000] {processor.py:161} INFO - Started process (PID=8207) to work on /home/airflow/.local/lib/python3.12/site-packages/airflow/example_dags/example_short_circuit_decorator.py
[2026-09-15T21:37:21.118+0000] {processor.py:830} INFO - Processing file /home/airflow/.local/lib/python3.12/site-packages/airflow/example_dags/example_short_circuit_decorator.py for tasks to queue
[2026-09-15T21:37:21.120+0000] {logging_mixin.py:188} INFO - [2026-09-15T21:37:21.120+0000] {dagbag.py:545} INFO - Filling up the DagBag from /home/airflow/.local/lib/python3.12/site-packages/airflow/example_dags/example_short_circuit_decorator.py
[2026-09-15T21:37:21.127+0000] {processor.py:840} INFO - DAG(s) 'example_short_circuit_decorator' retrieved from /home/airflow/.local/lib/python3.12/site-packages/airflow/example_dags/example_short_circuit_decorator.py
[2026-09-15T21:37:21.146+0000] {logging_mixin.py:188} INFO - [2026-09-15T21:37:21.145+0000] {dag.py:3089} INFO - Sync 1 DAGs
[2026-09-15T21:37:21.164+0000] {logging_mixin.py:188} INFO - [2026-09-15T21:37:21.164+0000] {dag.py:3947} INFO - Setting next_dagrun for example_short_circuit_decorator to 2026-09-14 00:00:00+00:00, run_after=2026-09-15 00:00:00+00:00
[2026-09-15T21:37:21.181+0000] {processor.py:183} INFO - Processing /home/airflow/.local/lib/python3.12/site-packages/airflow/example_dags/example_short_circuit_decorator.py took 0.068 seconds
[2026-09-15T21:37:51.569+0000] {processor.py:161} INFO - Started process (PID=8469) to work on /home/airflow/.local/lib/python3.12/site-packages/airflow/example_dags/example_short_circuit_decorator.py
[2026-09-15T21:37:51.571+0000] {processor.py:830} INFO - Processing file /home/airflow/.local/lib/python3.12/site-packages/airflow/example_dags/example_short_circuit_decorator.py for tasks to queue
[2026-09-15T21:37:51.573+0000] {logging_mixin.py:188} INFO - [2026-09-15T21:37:51.573+0000] {dagbag.py:545} INFO - Filling up the DagBag from /home/airflow/.local/lib/python3.12/site-packages/airflow/example_dags/example_short_circuit_decorator.py
[2026-09-15T21:37:51.580+0000] {processor.py:840} INFO - DAG(s) 'example_short_circuit_decorator' retrieved from /home/airflow/.local/lib/python3.12/site-packages/airflow/example_dags/example_short_circuit_decorator.py
[2026-09-15T21:37:51.604+0000] {logging_mixin.py:188} INFO - [2026-09-15T21:37:51.604+0000] {dag.py:3089} INFO - Sync 1 DAGs
[2026-09-15T21:37:51.625+0000] {logging_mixin.py:188} INFO - [2026-09-15T21:37:51.624+0000] {dag.py:3947} INFO - Setting next_dagrun for example_short_circuit_decorator to 2026-09-14 00:00:00+00:00, run_after=2026-09-15 00:00:00+00:00
[2026-09-15T21:37:51.649+0000] {processor.py:183} INFO - Processing /home/airflow/.local/lib/python3.12/site-packages/airflow/example_dags/example_short_circuit_decorator.py took 0.084 seconds
[2026-09-15T21:38:21.854+0000] {processor.py:161} INFO - Started process (PID=8731) to work on /home/airflow/.local/lib/python3.12/site-packages/airflow/example_dags/example_short_circuit_decorator.py
[2026-09-15T21:38:21.855+0000] {processor.py:830} INFO - Processing file /home/airflow/.local/lib/python3.12/site-packages/airflow/example_dags/example_short_circuit_decorator.py for tasks to queue
[2026-09-15T21:38:21.857+0000] {logging_mixin.py:188} INFO - [2026-09-15T21:38:21.857+0000] {dagbag.py:545} INFO - Filling up the DagBag from /home/airflow/.local/lib/python3.12/site-packages/airflow/example_dags/example_short_circuit_decorator.py
[2026-09-15T21:38:21.864+0000] {processor.py:840} INFO - DAG(s) 'example_short_circuit_decorator' retrieved from /home/airflow/.local/lib/python3.12/site-packages/airflow/example_dags/example_short_circuit_decorator.py
[2026-09-15T21:38:21.884+0000] {logging_mixin.py:188} INFO - [2026-09-15T21:38:21.883+0000] {dag.py:3089} INFO - Sync 1 DAGs
[2026-09-15T21:38:21.900+0000] {logging_mixin.py:188} INFO - [2026-09-15T21:38:21.900+0000] {dag.py:3947} INFO - Setting next_dagrun for example_short_circuit_decorator to 2026-09-14 00:00:00+00:00, run_after=2026-09-15 00:00:00+00:00
[2026-09-15T21:38:21.915+0000] {processor.py:183} INFO - Processing /home/airflow/.local/lib/python3.12/site-packages/airflow/example_dags/example_short_circuit_decorator.py took 0.066 seconds
[2026-09-15T21:38:52.255+0000] {processor.py:161} INFO - Started process (PID=9022) to work on /home/airflow/.local/lib/python3.12/site-packages/airflow/example_dags/example_short_circuit_decorator.py
[2026-09-15T21:38:52.256+0000] {processor.py:830} INFO - Processing file /home/airflow/.local/lib/python3.12/site-packages/airflow/example_dags/example_short_circuit_decorator.py for tasks to queue
[2026-09-15T21:38:52.258+0000] {logging_mixin.py:188} INFO - [2026-09-15T21:38:52.258+0000] {dagbag.py:545} INFO - Filling up the DagBag from /home/airflow/.local/lib/python3.12/site-packages/airflow/example_dags/example_short_circuit_decorator.py
[2026-09-15T21:38:52.264+0000] {processor.py:840} INFO - DAG(s) 'example_short_circuit_decorator' retrieved from /home/airflow/.local/lib/python3.12/site-packages/airflow/example_dags/example_short_circuit_decorator.py
[2026-09-15T21:38:52.281+0000] {logging_mixin.py:188} INFO - [2026-09-15T21:38:52.280+0000] {dag.py:3089} INFO - Sync 1 DAGs
[2026-09-15T21:38:52.299+0000] {logging_mixin.py:188} INFO - [2026-09-15T21:38:52.299+0000] {dag.py:3947} INFO - Setting next_dagrun for example_short_circuit_decorator to 2026-09-14 00:00:00+00:00, run_after=2026-09-15 00:00:00+00:00
[2026-09-15T21:38:52.313+0000] {processor.py:183} INFO - Processing /home/airflow/.local/lib/python3.12/site-packages/airflow/example_dags/example_short_circuit_decorator.py took 0.062 seconds
[2026-09-15T21:39:22.501+0000] {processor.py:161} INFO - Started process (PID=9284) to work on /home/airflow/.local/lib/python3.12/site-packages/airflow/example_dags/example_short_circuit_decorator.py
[2026-09-15T21:39:22.503+0000] {processor.py:830} INFO - Processing file /home/airflow/.local/lib/python3.12/site-packages/airflow/example_dags/example_short_circuit_decorator.py for tasks to queue
[2026-09-15T21:39:22.505+0000] {logging_mixin.py:188} INFO - [2026-09-15T21:39:22.505+0000] {dagbag.py:545} INFO - Filling up the DagBag from /home/airflow/.local/lib/python3.12/site-packages/airflow/example_dags/example_short_circuit_decorator.py
[2026-09-15T21:39:22.512+0000] {processor.py:840} INFO - DAG(s) 'example_short_circuit_decorator' retrieved from /home/airflow/.local/lib/python3.12/site-packages/airflow/example_dags/example_short_circuit_decorator.py
[2026-09-15T21:39:22.534+0000] {logging_mixin.py:188} INFO - [2026-09-15T21:39:22.533+0000] {dag.py:3089} INFO - Sync 1 DAGs
[2026-09-15T21:39:22.553+0000] {logging_mixin.py:188} INFO - [2026-09-15T21:39:22.553+0000] {dag.py:3947} INFO - Setting next_dagrun for example_short_circuit_decorator to 2026-09-14 00:00:00+00:00, run_after=2026-09-15 00:00:00+00:00
[2026-09-15T21:39:22.571+0000] {processor.py:183} INFO - Processing /home/airflow/.local/lib/python3.12/site-packages/airflow/example_dags/example_short_circuit_decorator.py took 0.074 seconds
[2026-09-15T21:39:52.669+0000] {processor.py:161} INFO - Started process (PID=9548) to work on /home/airflow/.local/lib/python3.12/site-packages/airflow/example_dags/example_short_circuit_decorator.py
[2026-09-15T21:39:52.671+0000] {processor.py:830} INFO - Processing file /home/airflow/.local/lib/python3.12/site-packages/airflow/example_dags/example_short_circuit_decorator.py for tasks to queue
[2026-09-15T21:39:52.673+0000] {logging_mixin.py:188} INFO - [2026-09-15T21:39:52.672+0000] {dagbag.py:545} INFO - Filling up the DagBag from /home/airflow/.local/lib/python3.12/site-packages/airflow/example_dags/example_short_circuit_decorator.py
[2026-09-15T21:39:52.679+0000] {processor.py:840} INFO - DAG(s) 'example_short_circuit_decorator' retrieved from /home/airflow/.local/lib/python3.12/site-packages/airflow/example_dags/example_short_circuit_decorator.py
[2026-09-15T21:39:52.698+0000] {logging_mixin.py:188} INFO - [2026-09-15T21:39:52.698+0000] {dag.py:3089} INFO - Sync 1 DAGs
[2026-09-15T21:39:52.713+0000] {logging_mixin.py:188} INFO - [2026-09-15T21:39:52.713+0000] {dag.py:3947} INFO - Setting next_dagrun for example_short_circuit_decorator to 2026-09-14 00:00:00+00:00, run_after=2026-09-15 00:00:00+00:00
[2026-09-15T21:39:52.729+0000] {processor.py:183} INFO - Processing /home/airflow/.local/lib/python3.12/site-packages/airflow/example_dags/example_short_circuit_decorator.py took 0.064 seconds
[2026-09-15T21:40:22.841+0000] {processor.py:161} INFO - Started process (PID=9808) to work on /home/airflow/.local/lib/python3.12/site-packages/airflow/example_dags/example_short_circuit_decorator.py
[2026-09-15T21:40:22.842+0000] {processor.py:830} INFO - Processing file /home/airflow/.local/lib/python3.12/site-packages/airflow/example_dags/example_short_circuit_decorator.py for tasks to queue
[2026-09-15T21:40:22.844+0000] {logging_mixin.py:188} INFO - [2026-09-15T21:40:22.844+0000] {dagbag.py:545} INFO - Filling up the DagBag from /home/airflow/.local/lib/python3.12/site-packages/airflow/example_dags/example_short_circuit_decorator.py
[2026-09-15T21:40:22.851+0000] {processor.py:840} INFO - DAG(s) 'example_short_circuit_decorator' retrieved from /home/airflow/.local/lib/python3.12/site-packages/airflow/example_dags/example_short_circuit_decorator.py
[2026-09-15T21:40:22.870+0000] {logging_mixin.py:188} INFO - [2026-09-15T21:40:22.870+0000] {dag.py:3089} INFO - Sync 1 DAGs
[2026-09-15T21:40:22.887+0000] {logging_mixin.py:188} INFO - [2026-09-15T21:40:22.887+0000] {dag.py:3947} INFO - Setting next_dagrun for example_short_circuit_decorator to 2026-09-14 00:00:00+00:00, run_after=2026-09-15 00:00:00+00:00
[2026-09-15T21:40:22.903+0000] {processor.py:183} INFO - Processing /home/airflow/.local/lib/python3.12/site-packages/airflow/example_dags/example_short_circuit_decorator.py took 0.066 seconds
[2026-09-15T21:40:53.537+0000] {processor.py:161} INFO - Started process (PID=10070) to work on /home/airflow/.local/lib/python3.12/site-packages/airflow/example_dags/example_short_circuit_decorator.py
[2026-09-15T21:40:53.538+0000] {processor.py:830} INFO - Processing file /home/airflow/.local/lib/python3.12/site-packages/airflow/example_dags/example_short_circuit_decorator.py for tasks to queue
[2026-09-15T21:40:53.540+0000] {logging_mixin.py:188} INFO - [2026-09-15T21:40:53.540+0000] {dagbag.py:545} INFO - Filling up the DagBag from /home/airflow/.local/lib/python3.12/site-packages/airflow/example_dags/example_short_circuit_decorator.py
[2026-09-15T21:40:53.549+0000] {processor.py:840} INFO - DAG(s) 'example_short_circuit_decorator' retrieved from /home/airflow/.local/lib/python3.12/site-packages/airflow/example_dags/example_short_circuit_decorator.py
[2026-09-15T21:40:53.572+0000] {logging_mixin.py:188} INFO - [2026-09-15T21:40:53.571+0000] {dag.py:3089} INFO - Sync 1 DAGs
[2026-09-15T21:40:53.593+0000] {logging_mixin.py:188} INFO - [2026-09-15T21:40:53.593+0000] {dag.py:3947} INFO - Setting next_dagrun for example_short_circuit_decorator to 2026-09-14 00:00:00+00:00, run_after=2026-09-15 00:00:00+00:00
[2026-09-15T21:40:53.611+0000] {processor.py:183} INFO - Processing /home/airflow/.local/lib/python3.12/site-packages/airflow/example_dags/example_short_circuit_decorator.py took 0.080 seconds
[2026-09-15T21:41:24.525+0000] {processor.py:161} INFO - Started process (PID=10334) to work on /home/airflow/.local/lib/python3.12/site-packages/airflow/example_dags/example_short_circuit_decorator.py
[2026-09-15T21:41:24.527+0000] {processor.py:830} INFO - Processing file /home/airflow/.local/lib/python3.12/site-packages/airflow/example_dags/example_short_circuit_decorator.py for tasks to queue
[2026-09-15T21:41:24.529+0000] {logging_mixin.py:188} INFO - [2026-09-15T21:41:24.529+0000] {dagbag.py:545} INFO - Filling up the DagBag from /home/airflow/.local/lib/python3.12/site-packages/airflow/example_dags/example_short_circuit_decorator.py
[2026-09-15T21:41:24.536+0000] {processor.py:840} INFO - DAG(s) 'example_short_circuit_decorator' retrieved from /home/airflow/.local/lib/python3.12/site-packages/airflow/example_dags/example_short_circuit_decorator.py
[2026-09-15T21:41:24.556+0000] {logging_mixin.py:188} INFO - [2026-09-15T21:41:24.555+0000] {dag.py:3089} INFO - Sync 1 DAGs
[2026-09-15T21:41:24.574+0000] {logging_mixin.py:188} INFO - [2026-09-15T21:41:24.573+0000] {dag.py:3947} INFO - Setting next_dagrun for example_short_circuit_decorator to 2026-09-14 00:00:00+00:00, run_after=2026-09-15 00:00:00+00:00
[2026-09-15T21:41:24.590+0000] {processor.py:183} INFO - Processing /home/airflow/.local/lib/python3.12/site-packages/airflow/example_dags/example_short_circuit_decorator.py took 0.069 seconds
[2026-09-15T21:41:55.581+0000] {processor.py:161} INFO - Started process (PID=10594) to work on /home/airflow/.local/lib/python3.12/site-packages/airflow/example_dags/example_short_circuit_decorator.py
[2026-09-15T21:41:55.582+0000] {processor.py:830} INFO - Processing file /home/airflow/.local/lib/python3.12/site-packages/airflow/example_dags/example_short_circuit_decorator.py for tasks to queue
[2026-09-15T21:41:55.584+0000] {logging_mixin.py:188} INFO - [2026-09-15T21:41:55.583+0000] {dagbag.py:545} INFO - Filling up the DagBag from /home/airflow/.local/lib/python3.12/site-packages/airflow/example_dags/example_short_circuit_decorator.py
[2026-09-15T21:41:55.590+0000] {processor.py:840} INFO - DAG(s) 'example_short_circuit_decorator' retrieved from /home/airflow/.local/lib/python3.12/site-packages/airflow/example_dags/example_short_circuit_decorator.py
[2026-09-15T21:41:55.610+0000] {logging_mixin.py:188} INFO - [2026-09-15T21:41:55.610+0000] {dag.py:3089} INFO - Sync 1 DAGs
[2026-09-15T21:41:55.761+0000] {logging_mixin.py:188} INFO - [2026-09-15T21:41:55.761+0000] {dag.py:3947} INFO - Setting next_dagrun for example_short_circuit_decorator to 2026-09-14 00:00:00+00:00, run_after=2026-09-15 00:00:00+00:00
[2026-09-15T21:41:55.774+0000] {processor.py:183} INFO - Processing /home/airflow/.local/lib/python3.12/site-packages/airflow/example_dags/example_short_circuit_decorator.py took 0.198 seconds
[2026-09-15T21:42:26.207+0000] {processor.py:161} INFO - Started process (PID=10856) to work on /home/airflow/.local/lib/python3.12/site-packages/airflow/example_dags/example_short_circuit_decorator.py
[2026-09-15T21:42:26.209+0000] {processor.py:830} INFO - Processing file /home/airflow/.local/lib/python3.12/site-packages/airflow/example_dags/example_short_circuit_decorator.py for tasks to queue
[2026-09-15T21:42:26.212+0000] {logging_mixin.py:188} INFO - [2026-09-15T21:42:26.211+0000] {dagbag.py:545} INFO - Filling up the DagBag from /home/airflow/.local/lib/python3.12/site-packages/airflow/example_dags/example_short_circuit_decorator.py
[2026-09-15T21:42:26.219+0000] {processor.py:840} INFO - DAG(s) 'example_short_circuit_decorator' retrieved from /home/airflow/.local/lib/python3.12/site-packages/airflow/example_dags/example_short_circuit_decorator.py
[2026-09-15T21:42:26.243+0000] {logging_mixin.py:188} INFO - [2026-09-15T21:42:26.242+0000] {dag.py:3089} INFO - Sync 1 DAGs
[2026-09-15T21:42:26.262+0000] {logging_mixin.py:188} INFO - [2026-09-15T21:42:26.262+0000] {dag.py:3947} INFO - Setting next_dagrun for example_short_circuit_decorator to 2026-09-14 00:00:00+00:00, run_after=2026-09-15 00:00:00+00:00
[2026-09-15T21:42:26.453+0000] {processor.py:183} INFO - Processing /home/airflow/.local/lib/python3.12/site-packages/airflow/example_dags/example_short_circuit_decorator.py took 0.250 seconds
[2026-09-15T21:42:57.289+0000] {processor.py:161} INFO - Started process (PID=11118) to work on /home/airflow/.local/lib/python3.12/site-packages/airflow/example_dags/example_short_circuit_decorator.py
[2026-09-15T21:42:57.291+0000] {processor.py:830} INFO - Processing file /home/airflow/.local/lib/python3.12/site-packages/airflow/example_dags/example_short_circuit_decorator.py for tasks to queue
[2026-09-15T21:42:57.292+0000] {logging_mixin.py:188} INFO - [2026-09-15T21:42:57.292+0000] {dagbag.py:545} INFO - Filling up the DagBag from /home/airflow/.local/lib/python3.12/site-packages/airflow/example_dags/example_short_circuit_decorator.py
[2026-09-15T21:42:57.298+0000] {processor.py:840} INFO - DAG(s) 'example_short_circuit_decorator' retrieved from /home/airflow/.local/lib/python3.12/site-packages/airflow/example_dags/example_short_circuit_decorator.py
[2026-09-15T21:42:57.319+0000] {logging_mixin.py:188} INFO - [2026-09-15T21:42:57.319+0000] {dag.py:3089} INFO - Sync 1 DAGs
[2026-09-15T21:42:57.338+0000] {logging_mixin.py:188} INFO - [2026-09-15T21:42:57.338+0000] {dag.py:3947} INFO - Setting next_dagrun for example_short_circuit_decorator to 2026-09-14 00:00:00+00:00, run_after=2026-09-15 00:00:00+00:00
[2026-09-15T21:42:57.354+0000] {processor.py:183} INFO - Processing /home/airflow/.local/lib/python3.12/site-packages/airflow/example_dags/example_short_circuit_decorator.py took 0.069 seconds
[2026-09-15T21:43:27.539+0000] {processor.py:161} INFO - Started process (PID=11380) to work on /home/airflow/.local/lib/python3.12/site-packages/airflow/example_dags/example_short_circuit_decorator.py
[2026-09-15T21:43:27.540+0000] {processor.py:830} INFO - Processing file /home/airflow/.local/lib/python3.12/site-packages/airflow/example_dags/example_short_circuit_decorator.py for tasks to queue
[2026-09-15T21:43:27.542+0000] {logging_mixin.py:188} INFO - [2026-09-15T21:43:27.542+0000] {dagbag.py:545} INFO - Filling up the DagBag from /home/airflow/.local/lib/python3.12/site-packages/airflow/example_dags/example_short_circuit_decorator.py
[2026-09-15T21:43:27.549+0000] {processor.py:840} INFO - DAG(s) 'example_short_circuit_decorator' retrieved from /home/airflow/.local/lib/python3.12/site-packages/airflow/example_dags/example_short_circuit_decorator.py
[2026-09-15T21:43:27.569+0000] {logging_mixin.py:188} INFO - [2026-09-15T21:43:27.569+0000] {dag.py:3089} INFO - Sync 1 DAGs
[2026-09-15T21:43:27.590+0000] {logging_mixin.py:188} INFO - [2026-09-15T21:43:27.590+0000] {dag.py:3947} INFO - Setting next_dagrun for example_short_circuit_decorator to 2026-09-14 00:00:00+00:00, run_after=2026-09-15 00:00:00+00:00
[2026-09-15T21:43:27.609+0000] {processor.py:183} INFO - Processing /home/airflow/.local/lib/python3.12/site-packages/airflow/example_dags/example_short_circuit_decorator.py took 0.074 seconds
[2026-09-15T21:43:57.687+0000] {processor.py:161} INFO - Started process (PID=11642) to work on /home/airflow/.local/lib/python3.12/site-packages/airflow/example_dags/example_short_circuit_decorator.py
[2026-09-15T21:43:57.687+0000] {processor.py:830} INFO - Processing file /home/airflow/.local/lib/python3.12/site-packages/airflow/example_dags/example_short_circuit_decorator.py for tasks to queue
[2026-09-15T21:43:57.689+0000] {logging_mixin.py:188} INFO - [2026-09-15T21:43:57.689+0000] {dagbag.py:545} INFO - Filling up the DagBag from /home/airflow/.local/lib/python3.12/site-packages/airflow/example_dags/example_short_circuit_decorator.py
[2026-09-15T21:43:57.695+0000] {processor.py:840} INFO - DAG(s) 'example_short_circuit_decorator' retrieved from /home/airflow/.local/lib/python3.12/site-packages/airflow/example_dags/example_short_circuit_decorator.py
[2026-09-15T21:43:57.712+0000] {logging_mixin.py:188} INFO - [2026-09-15T21:43:57.712+0000] {dag.py:3089} INFO - Sync 1 DAGs
[2026-09-15T21:43:57.729+0000] {logging_mixin.py:188} INFO - [2026-09-15T21:43:57.729+0000] {dag.py:3947} INFO - Setting next_dagrun for example_short_circuit_decorator to 2026-09-14 00:00:00+00:00, run_after=2026-09-15 00:00:00+00:00
[2026-09-15T21:43:57.746+0000] {processor.py:183} INFO - Processing /home/airflow/.local/lib/python3.12/site-packages/airflow/example_dags/example_short_circuit_decorator.py took 0.063 seconds
[2026-09-15T21:44:27.854+0000] {processor.py:161} INFO - Started process (PID=11904) to work on /home/airflow/.local/lib/python3.12/site-packages/airflow/example_dags/example_short_circuit_decorator.py
[2026-09-15T21:44:27.856+0000] {processor.py:830} INFO - Processing file /home/airflow/.local/lib/python3.12/site-packages/airflow/example_dags/example_short_circuit_decorator.py for tasks to queue
[2026-09-15T21:44:27.858+0000] {logging_mixin.py:188} INFO - [2026-09-15T21:44:27.858+0000] {dagbag.py:545} INFO - Filling up the DagBag from /home/airflow/.local/lib/python3.12/site-packages/airflow/example_dags/example_short_circuit_decorator.py
[2026-09-15T21:44:27.867+0000] {processor.py:840} INFO - DAG(s) 'example_short_circuit_decorator' retrieved from /home/airflow/.local/lib/python3.12/site-packages/airflow/example_dags/example_short_circuit_decorator.py
[2026-09-15T21:44:27.889+0000] {logging_mixin.py:188} INFO - [2026-09-15T21:44:27.889+0000] {dag.py:3089} INFO - Sync 1 DAGs
[2026-09-15T21:44:27.911+0000] {logging_mixin.py:188} INFO - [2026-09-15T21:44:27.911+0000] {dag.py:3947} INFO - Setting next_dagrun for example_short_circuit_decorator to 2026-09-14 00:00:00+00:00, run_after=2026-09-15 00:00:00+00:00
[2026-09-15T21:44:27.935+0000] {processor.py:183} INFO - Processing /home/airflow/.local/lib/python3.12/site-packages/airflow/example_dags/example_short_circuit_decorator.py took 0.086 seconds
[2026-09-15T21:44:58.136+0000] {processor.py:161} INFO - Started process (PID=12228) to work on /home/airflow/.local/lib/python3.12/site-packages/airflow/example_dags/example_short_circuit_decorator.py
[2026-09-15T21:44:58.138+0000] {processor.py:830} INFO - Processing file /home/airflow/.local/lib/python3.12/site-packages/airflow/example_dags/example_short_circuit_decorator.py for tasks to queue
[2026-09-15T21:44:58.141+0000] {logging_mixin.py:188} INFO - [2026-09-15T21:44:58.141+0000] {dagbag.py:545} INFO - Filling up the DagBag from /home/airflow/.local/lib/python3.12/site-packages/airflow/example_dags/example_short_circuit_decorator.py
[2026-09-15T21:44:58.152+0000] {processor.py:840} INFO - DAG(s) 'example_short_circuit_decorator' retrieved from /home/airflow/.local/lib/python3.12/site-packages/airflow/example_dags/example_short_circuit_decorator.py
[2026-09-15T21:44:58.193+0000] {logging_mixin.py:188} INFO - [2026-09-15T21:44:58.192+0000] {dag.py:3089} INFO - Sync 1 DAGs
[2026-09-15T21:44:58.222+0000] {logging_mixin.py:188} INFO - [2026-09-15T21:44:58.222+0000] {dag.py:3947} INFO - Setting next_dagrun for example_short_circuit_decorator to 2026-09-14 00:00:00+00:00, run_after=2026-09-15 00:00:00+00:00
[2026-09-15T21:44:58.251+0000] {processor.py:183} INFO - Processing /home/airflow/.local/lib/python3.12/site-packages/airflow/example_dags/example_short_circuit_decorator.py took 0.122 seconds
