[2026-09-15T21:01:01.144+0000] {processor.py:161} INFO - Started process (PID=94) to work on /home/airflow/.local/lib/python3.12/site-packages/airflow/example_dags/example_trigger_controller_dag.py
[2026-09-15T21:01:01.145+0000] {processor.py:830} INFO - Processing file /home/airflow/.local/lib/python3.12/site-packages/airflow/example_dags/example_trigger_controller_dag.py for tasks to queue
[2026-09-15T21:01:01.149+0000] {logging_mixin.py:188} INFO - [2026-09-15T21:01:01.149+0000] {dagbag.py:545} INFO - Filling up the DagBag from /home/airflow/.local/lib/python3.12/site-packages/airflow/example_dags/example_trigger_controller_dag.py
[2026-09-15T21:01:01.155+0000] {processor.py:840} INFO - DAG(s) 'example_trigger_controller_dag' retrieved from /home/airflow/.local/lib/python3.12/site-packages/airflow/example_dags/example_trigger_controller_dag.py
[2026-09-15T21:01:01.170+0000] {logging_mixin.py:188} INFO - [2026-09-15T21:01:01.170+0000] {dag.py:3089} INFO - Sync 1 DAGs
[2026-09-15T21:01:01.191+0000] {logging_mixin.py:188} INFO - [2026-09-15T21:01:01.191+0000] {dag.py:3947} INFO - Setting next_dagrun for example_trigger_controller_dag to 2021-01-01 00:00:00+00:00, run_after=2021-01-01 00:00:00+00:00
[2026-09-15T21:01:01.214+0000] {processor.py:183} INFO - Processing /home/airflow/.local/lib/python3.12/site-packages/airflow/example_dags/example_trigger_controller_dag.py took 0.075 seconds
[2026-09-15T21:01:32.524+0000] {processor.py:161} INFO - Started process (PID=152) to work on /home/airflow/.local/lib/python3.12/site-packages/airflow/example_dags/example_trigger_controller_dag.py
[2026-09-15T21:01:32.525+0000] {processor.py:830} INFO - Processing file /home/airflow/.local/lib/python3.12/site-packages/airflow/example_dags/example_trigger_controller_dag.py for tasks to queue
[2026-09-15T21:01:32.527+0000] {logging_mixin.py:188} INFO - [2026-09-15T21:01:32.527+0000] {dagbag.py:545} INFO - Filling up the DagBag from /home/airflow/.local/lib/python3.12/site-packages/airflow/example_dags/example_trigger_controller_dag.py
[2026-09-15T21:01:32.531+0000] {processor.py:840} INFO - DAG(s) 'example_trigger_controller_dag' retrieved from /home/airflow/.local/lib/python3.12/site-packages/airflow/example_dags/example_trigger_controller_dag.py
[2026-09-15T21:01:32.603+0000] {logging_mixin.py:188} INFO - [2026-09-15T21:01:32.603+0000] {dag.py:3089} INFO - Sync 1 DAGs
[2026-09-15T21:01:32.618+0000] {logging_mixin.py:188} INFO - [2026-09-15T21:01:32.618+0000] {dag.py:3947} INFO - Setting next_dagrun for example_trigger_controller_dag to 2021-01-01 00:00:00+00:00, run_after=2021-01-01 00:00:00+00:00
[2026-09-15T21:01:32.634+0000] {processor.py:183} INFO - Processing /home/airflow/.local/lib/python3.12/site-packages/airflow/example_dags/example_trigger_controller_dag.py took 0.114 seconds
[2026-09-15T21:02:02.715+0000] {processor.py:161} INFO - Started process (PID=210) to work on /home/airflow/.local/lib/python3.12/site-packages/airflow/example_dags/example_trigger_controller_dag.py
[2026-09-15T21:02:02.716+0000] {processor.py:830} INFO - Processing file /home/airflow/.local/lib/python3.12/site-packages/airflow/example_dags/example_trigger_controller_dag.py for tasks to queue
[2026-09-15T21:02:02.718+0000] {logging_mixin.py:188} INFO - [2026-09-15T21:02:02.718+0000] {dagbag.py:545} INFO - Filling up the DagBag from /home/airflow/.local/lib/python3.12/site-packages/airflow/example_dags/example_trigger_controller_dag.py
[2026-09-15T21:02:02.723+0000] {processor.py:840} INFO - DAG(s) 'example_trigger_controller_dag' retrieved from /home/airflow/.local/lib/python3.12/site-packages/airflow/example_dags/example_trigger_controller_dag.py
[2026-09-15T21:02:02.742+0000] {logging_mixin.py:188} INFO - [2026-09-15T21:02:02.742+0000] {dag.py:3089} INFO - Sync 1 DAGs
[2026-09-15T21:02:02.759+0000] {logging_mixin.py:188} INFO - [2026-09-15T21:02:02.759+0000] {dag.py:3947} INFO - Setting next_dagrun for example_trigger_controller_dag to 2021-01-01 00:00:00+00:00, run_after=2021-01-01 00:00:00+00:00
[2026-09-15T21:02:02.775+0000] {processor.py:183} INFO - Processing /home/airflow/.local/lib/python3.12/site-packages/airflow/example_dags/example_trigger_controller_dag.py took 0.065 seconds
[2026-09-15T21:02:33.681+0000] {processor.py:161} INFO - Started process (PID=275) to work on /home/airflow/.local/lib/python3.12/site-packages/airflow/example_dags/example_trigger_controller_dag.py
[2026-09-15T21:02:33.683+0000] {processor.py:830} INFO - Processing file /home/airflow/.local/lib/python3.12/site-packages/airflow/example_dags/example_trigger_controller_dag.py for tasks to queue
[2026-09-15T21:02:33.684+0000] {logging_mixin.py:188} INFO - [2026-09-15T21:02:33.684+0000] {dagbag.py:545} INFO - Filling up the DagBag from /home/airflow/.local/lib/python3.12/site-packages/airflow/example_dags/example_trigger_controller_dag.py
[2026-09-15T21:02:33.688+0000] {processor.py:840} INFO - DAG(s) 'example_trigger_controller_dag' retrieved from /home/airflow/.local/lib/python3.12/site-packages/airflow/example_dags/example_trigger_controller_dag.py
[2026-09-15T21:02:33.706+0000] {logging_mixin.py:188} INFO - [2026-09-15T21:02:33.705+0000] {dag.py:3089} INFO - Sync 1 DAGs
[2026-09-15T21:02:33.723+0000] {logging_mixin.py:188} INFO - [2026-09-15T21:02:33.722+0000] {dag.py:3947} INFO - Setting next_dagrun for example_trigger_controller_dag to 2021-01-01 00:00:00+00:00, run_after=2021-01-01 00:00:00+00:00
[2026-09-15T21:02:33.737+0000] {processor.py:183} INFO - Processing /home/airflow/.local/lib/python3.12/site-packages/airflow/example_dags/example_trigger_controller_dag.py took 0.060 seconds
[2026-09-15T21:03:04.128+0000] {processor.py:161} INFO - Started process (PID=333) to work on /home/airflow/.local/lib/python3.12/site-packages/airflow/example_dags/example_trigger_controller_dag.py
[2026-09-15T21:03:04.129+0000] {processor.py:830} INFO - Processing file /home/airflow/.local/lib/python3.12/site-packages/airflow/example_dags/example_trigger_controller_dag.py for tasks to queue
[2026-09-15T21:03:04.131+0000] {logging_mixin.py:188} INFO - [2026-09-15T21:03:04.131+0000] {dagbag.py:545} INFO - Filling up the DagBag from /home/airflow/.local/lib/python3.12/site-packages/airflow/example_dags/example_trigger_controller_dag.py
[2026-09-15T21:03:04.136+0000] {processor.py:840} INFO - DAG(s) 'example_trigger_controller_dag' retrieved from /home/airflow/.local/lib/python3.12/site-packages/airflow/example_dags/example_trigger_controller_dag.py
[2026-09-15T21:03:04.155+0000] {logging_mixin.py:188} INFO - [2026-09-15T21:03:04.154+0000] {dag.py:3089} INFO - Sync 1 DAGs
[2026-09-15T21:03:04.172+0000] {logging_mixin.py:188} INFO - [2026-09-15T21:03:04.172+0000] {dag.py:3947} INFO - Setting next_dagrun for example_trigger_controller_dag to 2021-01-01 00:00:00+00:00, run_after=2021-01-01 00:00:00+00:00
[2026-09-15T21:03:04.195+0000] {processor.py:183} INFO - Processing /home/airflow/.local/lib/python3.12/site-packages/airflow/example_dags/example_trigger_controller_dag.py took 0.072 seconds
[2026-09-15T21:03:35.104+0000] {processor.py:161} INFO - Started process (PID=391) to work on /home/airflow/.local/lib/python3.12/site-packages/airflow/example_dags/example_trigger_controller_dag.py
[2026-09-15T21:03:35.105+0000] {processor.py:830} INFO - Processing file /home/airflow/.local/lib/python3.12/site-packages/airflow/example_dags/example_trigger_controller_dag.py for tasks to queue
[2026-09-15T21:03:35.107+0000] {logging_mixin.py:188} INFO - [2026-09-15T21:03:35.107+0000] {dagbag.py:545} INFO - Filling up the DagBag from /home/airflow/.local/lib/python3.12/site-packages/airflow/example_dags/example_trigger_controller_dag.py
[2026-09-15T21:03:35.110+0000] {processor.py:840} INFO - DAG(s) 'example_trigger_controller_dag' retrieved from /home/airflow/.local/lib/python3.12/site-packages/airflow/example_dags/example_trigger_controller_dag.py
[2026-09-15T21:03:35.128+0000] {logging_mixin.py:188} INFO - [2026-09-15T21:03:35.128+0000] {dag.py:3089} INFO - Sync 1 DAGs
[2026-09-15T21:03:35.144+0000] {logging_mixin.py:188} INFO - [2026-09-15T21:03:35.143+0000] {dag.py:3947} INFO - Setting next_dagrun for example_trigger_controller_dag to 2021-01-01 00:00:00+00:00, run_after=2021-01-01 00:00:00+00:00
[2026-09-15T21:03:35.158+0000] {processor.py:183} INFO - Processing /home/airflow/.local/lib/python3.12/site-packages/airflow/example_dags/example_trigger_controller_dag.py took 0.058 seconds
[2026-09-15T21:04:05.343+0000] {processor.py:161} INFO - Started process (PID=449) to work on /home/airflow/.local/lib/python3.12/site-packages/airflow/example_dags/example_trigger_controller_dag.py
[2026-09-15T21:04:05.344+0000] {processor.py:830} INFO - Processing file /home/airflow/.local/lib/python3.12/site-packages/airflow/example_dags/example_trigger_controller_dag.py for tasks to queue
[2026-09-15T21:04:05.346+0000] {logging_mixin.py:188} INFO - [2026-09-15T21:04:05.346+0000] {dagbag.py:545} INFO - Filling up the DagBag from /home/airflow/.local/lib/python3.12/site-packages/airflow/example_dags/example_trigger_controller_dag.py
[2026-09-15T21:04:05.351+0000] {processor.py:840} INFO - DAG(s) 'example_trigger_controller_dag' retrieved from /home/airflow/.local/lib/python3.12/site-packages/airflow/example_dags/example_trigger_controller_dag.py
[2026-09-15T21:04:05.366+0000] {logging_mixin.py:188} INFO - [2026-09-15T21:04:05.366+0000] {dag.py:3089} INFO - Sync 1 DAGs
[2026-09-15T21:04:05.380+0000] {logging_mixin.py:188} INFO - [2026-09-15T21:04:05.380+0000] {dag.py:3947} INFO - Setting next_dagrun for example_trigger_controller_dag to 2021-01-01 00:00:00+00:00, run_after=2021-01-01 00:00:00+00:00
[2026-09-15T21:04:05.394+0000] {processor.py:183} INFO - Processing /home/airflow/.local/lib/python3.12/site-packages/airflow/example_dags/example_trigger_controller_dag.py took 0.055 seconds
[2026-09-15T21:04:35.447+0000] {processor.py:161} INFO - Started process (PID=506) to work on /home/airflow/.local/lib/python3.12/site-packages/airflow/example_dags/example_trigger_controller_dag.py
[2026-09-15T21:04:35.449+0000] {processor.py:830} INFO - Processing file /home/airflow/.local/lib/python3.12/site-packages/airflow/example_dags/example_trigger_controller_dag.py for tasks to queue
[2026-09-15T21:04:35.450+0000] {logging_mixin.py:188} INFO - [2026-09-15T21:04:35.450+0000] {dagbag.py:545} INFO - Filling up the DagBag from /home/airflow/.local/lib/python3.12/site-packages/airflow/example_dags/example_trigger_controller_dag.py
[2026-09-15T21:04:35.454+0000] {processor.py:840} INFO - DAG(s) 'example_trigger_controller_dag' retrieved from /home/airflow/.local/lib/python3.12/site-packages/airflow/example_dags/example_trigger_controller_dag.py
[2026-09-15T21:04:35.470+0000] {logging_mixin.py:188} INFO - [2026-09-15T21:04:35.469+0000] {dag.py:3089} INFO - Sync 1 DAGs
[2026-09-15T21:04:35.484+0000] {logging_mixin.py:188} INFO - [2026-09-15T21:04:35.484+0000] {dag.py:3947} INFO - Setting next_dagrun for example_trigger_controller_dag to 2021-01-01 00:00:00+00:00, run_after=2021-01-01 00:00:00+00:00
[2026-09-15T21:04:35.498+0000] {processor.py:183} INFO - Processing /home/airflow/.local/lib/python3.12/site-packages/airflow/example_dags/example_trigger_controller_dag.py took 0.055 seconds
[2026-09-15T21:05:05.732+0000] {processor.py:161} INFO - Started process (PID=565) to work on /home/airflow/.local/lib/python3.12/site-packages/airflow/example_dags/example_trigger_controller_dag.py
[2026-09-15T21:05:05.733+0000] {processor.py:830} INFO - Processing file /home/airflow/.local/lib/python3.12/site-packages/airflow/example_dags/example_trigger_controller_dag.py for tasks to queue
[2026-09-15T21:05:05.735+0000] {logging_mixin.py:188} INFO - [2026-09-15T21:05:05.735+0000] {dagbag.py:545} INFO - Filling up the DagBag from /home/airflow/.local/lib/python3.12/site-packages/airflow/example_dags/example_trigger_controller_dag.py
[2026-09-15T21:05:05.739+0000] {processor.py:840} INFO - DAG(s) 'example_trigger_controller_dag' retrieved from /home/airflow/.local/lib/python3.12/site-packages/airflow/example_dags/example_trigger_controller_dag.py
[2026-09-15T21:05:05.756+0000] {logging_mixin.py:188} INFO - [2026-09-15T21:05:05.756+0000] {dag.py:3089} INFO - Sync 1 DAGs
[2026-09-15T21:05:05.770+0000] {logging_mixin.py:188} INFO - [2026-09-15T21:05:05.770+0000] {dag.py:3947} INFO - Setting next_dagrun for example_trigger_controller_dag to 2021-01-01 00:00:00+00:00, run_after=2021-01-01 00:00:00+00:00
[2026-09-15T21:05:05.785+0000] {processor.py:183} INFO - Processing /home/airflow/.local/lib/python3.12/site-packages/airflow/example_dags/example_trigger_controller_dag.py took 0.057 seconds
[2026-09-15T21:05:36.678+0000] {processor.py:161} INFO - Started process (PID=623) to work on /home/airflow/.local/lib/python3.12/site-packages/airflow/example_dags/example_trigger_controller_dag.py
[2026-09-15T21:05:36.679+0000] {processor.py:830} INFO - Processing file /home/airflow/.local/lib/python3.12/site-packages/airflow/example_dags/example_trigger_controller_dag.py for tasks to queue
[2026-09-15T21:05:36.681+0000] {logging_mixin.py:188} INFO - [2026-09-15T21:05:36.681+0000] {dagbag.py:545} INFO - Filling up the DagBag from /home/airflow/.local/lib/python3.12/site-packages/airflow/example_dags/example_trigger_controller_dag.py
[2026-09-15T21:05:36.686+0000] {processor.py:840} INFO - DAG(s) 'example_trigger_controller_dag' retrieved from /home/airflow/.local/lib/python3.12/site-packages/airflow/example_dags/example_trigger_controller_dag.py
[2026-09-15T21:05:36.707+0000] {logging_mixin.py:188} INFO - [2026-09-15T21:05:36.707+0000] {dag.py:3089} INFO - Sync 1 DAGs
[2026-09-15T21:05:36.730+0000] {logging_mixin.py:188} INFO - [2026-09-15T21:05:36.729+0000] {dag.py:3947} INFO - Setting next_dagrun for example_trigger_controller_dag to 2021-01-01 00:00:00+00:00, run_after=2021-01-01 00:00:00+00:00
[2026-09-15T21:05:36.753+0000] {processor.py:183} INFO - Processing /home/airflow/.local/lib/python3.12/site-packages/airflow/example_dags/example_trigger_controller_dag.py took 0.079 seconds
[2026-09-15T21:06:07.137+0000] {processor.py:161} INFO - Started process (PID=681) to work on /home/airflow/.local/lib/python3.12/site-packages/airflow/example_dags/example_trigger_controller_dag.py
[2026-09-15T21:06:07.139+0000] {processor.py:830} INFO - Processing file /home/airflow/.local/lib/python3.12/site-packages/airflow/example_dags/example_trigger_controller_dag.py for tasks to queue
[2026-09-15T21:06:07.140+0000] {logging_mixin.py:188} INFO - [2026-09-15T21:06:07.140+0000] {dagbag.py:545} INFO - Filling up the DagBag from /home/airflow/.local/lib/python3.12/site-packages/airflow/example_dags/example_trigger_controller_dag.py
[2026-09-15T21:06:07.144+0000] {processor.py:840} INFO - DAG(s) 'example_trigger_controller_dag' retrieved from /home/airflow/.local/lib/python3.12/site-packages/airflow/example_dags/example_trigger_controller_dag.py
[2026-09-15T21:06:07.159+0000] {logging_mixin.py:188} INFO - [2026-09-15T21:06:07.159+0000] {dag.py:3089} INFO - Sync 1 DAGs
[2026-09-15T21:06:07.173+0000] {logging_mixin.py:188} INFO - [2026-09-15T21:06:07.173+0000] {dag.py:3947} INFO - Setting next_dagrun for example_trigger_controller_dag to 2021-01-01 00:00:00+00:00, run_after=2021-01-01 00:00:00+00:00
[2026-09-15T21:06:07.187+0000] {processor.py:183} INFO - Processing /home/airflow/.local/lib/python3.12/site-packages/airflow/example_dags/example_trigger_controller_dag.py took 0.054 seconds
[2026-09-15T21:06:37.374+0000] {processor.py:161} INFO - Started process (PID=742) to work on /home/airflow/.local/lib/python3.12/site-packages/airflow/example_dags/example_trigger_controller_dag.py
[2026-09-15T21:06:37.375+0000] {processor.py:830} INFO - Processing file /home/airflow/.local/lib/python3.12/site-packages/airflow/example_dags/example_trigger_controller_dag.py for tasks to queue
[2026-09-15T21:06:37.377+0000] {logging_mixin.py:188} INFO - [2026-09-15T21:06:37.377+0000] {dagbag.py:545} INFO - Filling up the DagBag from /home/airflow/.local/lib/python3.12/site-packages/airflow/example_dags/example_trigger_controller_dag.py
[2026-09-15T21:06:37.381+0000] {processor.py:840} INFO - DAG(s) 'example_trigger_controller_dag' retrieved from /home/airflow/.local/lib/python3.12/site-packages/airflow/example_dags/example_trigger_controller_dag.py
[2026-09-15T21:06:37.401+0000] {logging_mixin.py:188} INFO - [2026-09-15T21:06:37.401+0000] {dag.py:3089} INFO - Sync 1 DAGs
[2026-09-15T21:06:37.420+0000] {logging_mixin.py:188} INFO - [2026-09-15T21:06:37.420+0000] {dag.py:3947} INFO - Setting next_dagrun for example_trigger_controller_dag to 2021-01-01 00:00:00+00:00, run_after=2021-01-01 00:00:00+00:00
[2026-09-15T21:06:37.441+0000] {processor.py:183} INFO - Processing /home/airflow/.local/lib/python3.12/site-packages/airflow/example_dags/example_trigger_controller_dag.py took 0.072 seconds
[2026-09-15T21:07:07.634+0000] {processor.py:161} INFO - Started process (PID=800) to work on /home/airflow/.local/lib/python3.12/site-packages/airflow/example_dags/example_trigger_controller_dag.py
[2026-09-15T21:07:07.636+0000] {processor.py:830} INFO - Processing file /home/airflow/.local/lib/python3.12/site-packages/airflow/example_dags/example_trigger_controller_dag.py for tasks to queue
[2026-09-15T21:07:07.637+0000] {logging_mixin.py:188} INFO - [2026-09-15T21:07:07.637+0000] {dagbag.py:545} INFO - Filling up the DagBag from /home/airflow/.local/lib/python3.12/site-packages/airflow/example_dags/example_trigger_controller_dag.py
[2026-09-15T21:07:07.642+0000] {processor.py:840} INFO - DAG(s) 'example_trigger_controller_dag' retrieved from /home/airflow/.local/lib/python3.12/site-packages/airflow/example_dags/example_trigger_controller_dag.py
[2026-09-15T21:07:07.660+0000] {logging_mixin.py:188} INFO - [2026-09-15T21:07:07.659+0000] {dag.py:3089} INFO - Sync 1 DAGs
[2026-09-15T21:07:07.675+0000] {logging_mixin.py:188} INFO - [2026-09-15T21:07:07.675+0000] {dag.py:3947} INFO - Setting next_dagrun for example_trigger_controller_dag to 2021-01-01 00:00:00+00:00, run_after=2021-01-01 00:00:00+00:00
[2026-09-15T21:07:07.691+0000] {processor.py:183} INFO - Processing /home/airflow/.local/lib/python3.12/site-packages/airflow/example_dags/example_trigger_controller_dag.py took 0.062 seconds
[2026-09-15T21:07:38.203+0000] {processor.py:161} INFO - Started process (PID=858) to work on /home/airflow/.local/lib/python3.12/site-packages/airflow/example_dags/example_trigger_controller_dag.py
[2026-09-15T21:07:38.204+0000] {processor.py:830} INFO - Processing file /home/airflow/.local/lib/python3.12/site-packages/airflow/example_dags/example_trigger_controller_dag.py for tasks to queue
[2026-09-15T21:07:38.206+0000] {logging_mixin.py:188} INFO - [2026-09-15T21:07:38.206+0000] {dagbag.py:545} INFO - Filling up the DagBag from /home/airflow/.local/lib/python3.12/site-packages/airflow/example_dags/example_trigger_controller_dag.py
[2026-09-15T21:07:38.211+0000] {processor.py:840} INFO - DAG(s) 'example_trigger_controller_dag' retrieved from /home/airflow/.local/lib/python3.12/site-packages/airflow/example_dags/example_trigger_controller_dag.py
[2026-09-15T21:07:38.228+0000] {logging_mixin.py:188} INFO - [2026-09-15T21:07:38.228+0000] {dag.py:3089} INFO - Sync 1 DAGs
[2026-09-15T21:07:38.245+0000] {logging_mixin.py:188} INFO - [2026-09-15T21:07:38.244+0000] {dag.py:3947} INFO - Setting next_dagrun for example_trigger_controller_dag to 2021-01-01 00:00:00+00:00, run_after=2021-01-01 00:00:00+00:00
[2026-09-15T21:07:38.261+0000] {processor.py:183} INFO - Processing /home/airflow/.local/lib/python3.12/site-packages/airflow/example_dags/example_trigger_controller_dag.py took 0.062 seconds
[2026-09-15T21:08:09.001+0000] {processor.py:161} INFO - Started process (PID=916) to work on /home/airflow/.local/lib/python3.12/site-packages/airflow/example_dags/example_trigger_controller_dag.py
[2026-09-15T21:08:09.002+0000] {processor.py:830} INFO - Processing file /home/airflow/.local/lib/python3.12/site-packages/airflow/example_dags/example_trigger_controller_dag.py for tasks to queue
[2026-09-15T21:08:09.004+0000] {logging_mixin.py:188} INFO - [2026-09-15T21:08:09.004+0000] {dagbag.py:545} INFO - Filling up the DagBag from /home/airflow/.local/lib/python3.12/site-packages/airflow/example_dags/example_trigger_controller_dag.py
[2026-09-15T21:08:09.008+0000] {processor.py:840} INFO - DAG(s) 'example_trigger_controller_dag' retrieved from /home/airflow/.local/lib/python3.12/site-packages/airflow/example_dags/example_trigger_controller_dag.py
[2026-09-15T21:08:09.024+0000] {logging_mixin.py:188} INFO - [2026-09-15T21:08:09.024+0000] {dag.py:3089} INFO - Sync 1 DAGs
[2026-09-15T21:08:09.044+0000] {logging_mixin.py:188} INFO - [2026-09-15T21:08:09.044+0000] {dag.py:3947} INFO - Setting next_dagrun for example_trigger_controller_dag to 2021-01-01 00:00:00+00:00, run_after=2021-01-01 00:00:00+00:00
[2026-09-15T21:08:09.065+0000] {processor.py:183} INFO - Processing /home/airflow/.local/lib/python3.12/site-packages/airflow/example_dags/example_trigger_controller_dag.py took 0.068 seconds
[2026-09-15T21:08:39.357+0000] {processor.py:161} INFO - Started process (PID=974) to work on /home/airflow/.local/lib/python3.12/site-packages/airflow/example_dags/example_trigger_controller_dag.py
[2026-09-15T21:08:39.358+0000] {processor.py:830} INFO - Processing file /home/airflow/.local/lib/python3.12/site-packages/airflow/example_dags/example_trigger_controller_dag.py for tasks to queue
[2026-09-15T21:08:39.360+0000] {logging_mixin.py:188} INFO - [2026-09-15T21:08:39.359+0000] {dagbag.py:545} INFO - Filling up the DagBag from /home/airflow/.local/lib/python3.12/site-packages/airflow/example_dags/example_trigger_controller_dag.py
[2026-09-15T21:08:39.363+0000] {processor.py:840} INFO - DAG(s) 'example_trigger_controller_dag' retrieved from /home/airflow/.local/lib/python3.12/site-packages/airflow/example_dags/example_trigger_controller_dag.py
[2026-09-15T21:08:39.381+0000] {logging_mixin.py:188} INFO - [2026-09-15T21:08:39.381+0000] {dag.py:3089} INFO - Sync 1 DAGs
[2026-09-15T21:08:39.397+0000] {logging_mixin.py:188} INFO - [2026-09-15T21:08:39.397+0000] {dag.py:3947} INFO - Setting next_dagrun for example_trigger_controller_dag to 2021-01-01 00:00:00+00:00, run_after=2021-01-01 00:00:00+00:00
[2026-09-15T21:08:39.415+0000] {processor.py:183} INFO - Processing /home/airflow/.local/lib/python3.12/site-packages/airflow/example_dags/example_trigger_controller_dag.py took 0.062 seconds
[2026-09-15T21:09:09.536+0000] {processor.py:161} INFO - Started process (PID=1032) to work on /home/airflow/.local/lib/python3.12/site-packages/airflow/example_dags/example_trigger_controller_dag.py
[2026-09-15T21:09:09.539+0000] {processor.py:830} INFO - Processing file /home/airflow/.local/lib/python3.12/site-packages/airflow/example_dags/example_trigger_controller_dag.py for tasks to queue
[2026-09-15T21:09:09.543+0000] {logging_mixin.py:188} INFO - [2026-09-15T21:09:09.542+0000] {dagbag.py:545} INFO - Filling up the DagBag from /home/airflow/.local/lib/python3.12/site-packages/airflow/example_dags/example_trigger_controller_dag.py
[2026-09-15T21:09:09.551+0000] {processor.py:840} INFO - DAG(s) 'example_trigger_controller_dag' retrieved from /home/airflow/.local/lib/python3.12/site-packages/airflow/example_dags/example_trigger_controller_dag.py
[2026-09-15T21:09:09.575+0000] {logging_mixin.py:188} INFO - [2026-09-15T21:09:09.575+0000] {dag.py:3089} INFO - Sync 1 DAGs
[2026-09-15T21:09:09.596+0000] {logging_mixin.py:188} INFO - [2026-09-15T21:09:09.595+0000] {dag.py:3947} INFO - Setting next_dagrun for example_trigger_controller_dag to 2021-01-01 00:00:00+00:00, run_after=2021-01-01 00:00:00+00:00
[2026-09-15T21:09:09.615+0000] {processor.py:183} INFO - Processing /home/airflow/.local/lib/python3.12/site-packages/airflow/example_dags/example_trigger_controller_dag.py took 0.086 seconds
[2026-09-15T21:09:39.914+0000] {processor.py:161} INFO - Started process (PID=1090) to work on /home/airflow/.local/lib/python3.12/site-packages/airflow/example_dags/example_trigger_controller_dag.py
[2026-09-15T21:09:39.915+0000] {processor.py:830} INFO - Processing file /home/airflow/.local/lib/python3.12/site-packages/airflow/example_dags/example_trigger_controller_dag.py for tasks to queue
[2026-09-15T21:09:39.917+0000] {logging_mixin.py:188} INFO - [2026-09-15T21:09:39.917+0000] {dagbag.py:545} INFO - Filling up the DagBag from /home/airflow/.local/lib/python3.12/site-packages/airflow/example_dags/example_trigger_controller_dag.py
[2026-09-15T21:09:39.921+0000] {processor.py:840} INFO - DAG(s) 'example_trigger_controller_dag' retrieved from /home/airflow/.local/lib/python3.12/site-packages/airflow/example_dags/example_trigger_controller_dag.py
[2026-09-15T21:09:39.939+0000] {logging_mixin.py:188} INFO - [2026-09-15T21:09:39.939+0000] {dag.py:3089} INFO - Sync 1 DAGs
[2026-09-15T21:09:39.961+0000] {logging_mixin.py:188} INFO - [2026-09-15T21:09:39.961+0000] {dag.py:3947} INFO - Setting next_dagrun for example_trigger_controller_dag to 2021-01-01 00:00:00+00:00, run_after=2021-01-01 00:00:00+00:00
[2026-09-15T21:09:39.978+0000] {processor.py:183} INFO - Processing /home/airflow/.local/lib/python3.12/site-packages/airflow/example_dags/example_trigger_controller_dag.py took 0.068 seconds
[2026-09-15T21:10:10.489+0000] {processor.py:161} INFO - Started process (PID=1148) to work on /home/airflow/.local/lib/python3.12/site-packages/airflow/example_dags/example_trigger_controller_dag.py
[2026-09-15T21:10:10.490+0000] {processor.py:830} INFO - Processing file /home/airflow/.local/lib/python3.12/site-packages/airflow/example_dags/example_trigger_controller_dag.py for tasks to queue
[2026-09-15T21:10:10.492+0000] {logging_mixin.py:188} INFO - [2026-09-15T21:10:10.492+0000] {dagbag.py:545} INFO - Filling up the DagBag from /home/airflow/.local/lib/python3.12/site-packages/airflow/example_dags/example_trigger_controller_dag.py
[2026-09-15T21:10:10.496+0000] {processor.py:840} INFO - DAG(s) 'example_trigger_controller_dag' retrieved from /home/airflow/.local/lib/python3.12/site-packages/airflow/example_dags/example_trigger_controller_dag.py
[2026-09-15T21:10:10.508+0000] {logging_mixin.py:188} INFO - [2026-09-15T21:10:10.508+0000] {dag.py:3089} INFO - Sync 1 DAGs
[2026-09-15T21:10:10.526+0000] {logging_mixin.py:188} INFO - [2026-09-15T21:10:10.526+0000] {dag.py:3947} INFO - Setting next_dagrun for example_trigger_controller_dag to 2021-01-01 00:00:00+00:00, run_after=2021-01-01 00:00:00+00:00
[2026-09-15T21:10:10.543+0000] {processor.py:183} INFO - Processing /home/airflow/.local/lib/python3.12/site-packages/airflow/example_dags/example_trigger_controller_dag.py took 0.058 seconds
[2026-09-15T21:10:40.736+0000] {processor.py:161} INFO - Started process (PID=1206) to work on /home/airflow/.local/lib/python3.12/site-packages/airflow/example_dags/example_trigger_controller_dag.py
[2026-09-15T21:10:40.737+0000] {processor.py:830} INFO - Processing file /home/airflow/.local/lib/python3.12/site-packages/airflow/example_dags/example_trigger_controller_dag.py for tasks to queue
[2026-09-15T21:10:40.738+0000] {logging_mixin.py:188} INFO - [2026-09-15T21:10:40.738+0000] {dagbag.py:545} INFO - Filling up the DagBag from /home/airflow/.local/lib/python3.12/site-packages/airflow/example_dags/example_trigger_controller_dag.py
[2026-09-15T21:10:40.742+0000] {processor.py:840} INFO - DAG(s) 'example_trigger_controller_dag' retrieved from /home/airflow/.local/lib/python3.12/site-packages/airflow/example_dags/example_trigger_controller_dag.py
[2026-09-15T21:10:40.821+0000] {logging_mixin.py:188} INFO - [2026-09-15T21:10:40.820+0000] {dag.py:3089} INFO - Sync 1 DAGs
[2026-09-15T21:10:40.839+0000] {logging_mixin.py:188} INFO - [2026-09-15T21:10:40.838+0000] {dag.py:3947} INFO - Setting next_dagrun for example_trigger_controller_dag to 2021-01-01 00:00:00+00:00, run_after=2021-01-01 00:00:00+00:00
[2026-09-15T21:10:40.855+0000] {processor.py:183} INFO - Processing /home/airflow/.local/lib/python3.12/site-packages/airflow/example_dags/example_trigger_controller_dag.py took 0.123 seconds
[2026-09-15T21:11:11.249+0000] {processor.py:161} INFO - Started process (PID=1264) to work on /home/airflow/.local/lib/python3.12/site-packages/airflow/example_dags/example_trigger_controller_dag.py
[2026-09-15T21:11:11.250+0000] {processor.py:830} INFO - Processing file /home/airflow/.local/lib/python3.12/site-packages/airflow/example_dags/example_trigger_controller_dag.py for tasks to queue
[2026-09-15T21:11:11.252+0000] {logging_mixin.py:188} INFO - [2026-09-15T21:11:11.252+0000] {dagbag.py:545} INFO - Filling up the DagBag from /home/airflow/.local/lib/python3.12/site-packages/airflow/example_dags/example_trigger_controller_dag.py
[2026-09-15T21:11:11.256+0000] {processor.py:840} INFO - DAG(s) 'example_trigger_controller_dag' retrieved from /home/airflow/.local/lib/python3.12/site-packages/airflow/example_dags/example_trigger_controller_dag.py
[2026-09-15T21:11:11.273+0000] {logging_mixin.py:188} INFO - [2026-09-15T21:11:11.273+0000] {dag.py:3089} INFO - Sync 1 DAGs
[2026-09-15T21:11:11.289+0000] {logging_mixin.py:188} INFO - [2026-09-15T21:11:11.288+0000] {dag.py:3947} INFO - Setting next_dagrun for example_trigger_controller_dag to 2021-01-01 00:00:00+00:00, run_after=2021-01-01 00:00:00+00:00
[2026-09-15T21:11:11.304+0000] {processor.py:183} INFO - Processing /home/airflow/.local/lib/python3.12/site-packages/airflow/example_dags/example_trigger_controller_dag.py took 0.059 seconds
[2026-09-15T21:11:41.456+0000] {processor.py:161} INFO - Started process (PID=1322) to work on /home/airflow/.local/lib/python3.12/site-packages/airflow/example_dags/example_trigger_controller_dag.py
[2026-09-15T21:11:41.458+0000] {processor.py:830} INFO - Processing file /home/airflow/.local/lib/python3.12/site-packages/airflow/example_dags/example_trigger_controller_dag.py for tasks to queue
[2026-09-15T21:11:41.459+0000] {logging_mixin.py:188} INFO - [2026-09-15T21:11:41.459+0000] {dagbag.py:545} INFO - Filling up the DagBag from /home/airflow/.local/lib/python3.12/site-packages/airflow/example_dags/example_trigger_controller_dag.py
[2026-09-15T21:11:41.464+0000] {processor.py:840} INFO - DAG(s) 'example_trigger_controller_dag' retrieved from /home/airflow/.local/lib/python3.12/site-packages/airflow/example_dags/example_trigger_controller_dag.py
[2026-09-15T21:11:41.481+0000] {logging_mixin.py:188} INFO - [2026-09-15T21:11:41.481+0000] {dag.py:3089} INFO - Sync 1 DAGs
[2026-09-15T21:11:41.498+0000] {logging_mixin.py:188} INFO - [2026-09-15T21:11:41.497+0000] {dag.py:3947} INFO - Setting next_dagrun for example_trigger_controller_dag to 2021-01-01 00:00:00+00:00, run_after=2021-01-01 00:00:00+00:00
[2026-09-15T21:11:41.512+0000] {processor.py:183} INFO - Processing /home/airflow/.local/lib/python3.12/site-packages/airflow/example_dags/example_trigger_controller_dag.py took 0.061 seconds
[2026-09-15T21:12:11.768+0000] {processor.py:161} INFO - Started process (PID=1380) to work on /home/airflow/.local/lib/python3.12/site-packages/airflow/example_dags/example_trigger_controller_dag.py
[2026-09-15T21:12:11.770+0000] {processor.py:830} INFO - Processing file /home/airflow/.local/lib/python3.12/site-packages/airflow/example_dags/example_trigger_controller_dag.py for tasks to queue
[2026-09-15T21:12:11.771+0000] {logging_mixin.py:188} INFO - [2026-09-15T21:12:11.771+0000] {dagbag.py:545} INFO - Filling up the DagBag from /home/airflow/.local/lib/python3.12/site-packages/airflow/example_dags/example_trigger_controller_dag.py
[2026-09-15T21:12:11.775+0000] {processor.py:840} INFO - DAG(s) 'example_trigger_controller_dag' retrieved from /home/airflow/.local/lib/python3.12/site-packages/airflow/example_dags/example_trigger_controller_dag.py
[2026-09-15T21:12:11.791+0000] {logging_mixin.py:188} INFO - [2026-09-15T21:12:11.791+0000] {dag.py:3089} INFO - Sync 1 DAGs
[2026-09-15T21:12:11.807+0000] {logging_mixin.py:188} INFO - [2026-09-15T21:12:11.807+0000] {dag.py:3947} INFO - Setting next_dagrun for example_trigger_controller_dag to 2021-01-01 00:00:00+00:00, run_after=2021-01-01 00:00:00+00:00
[2026-09-15T21:12:11.823+0000] {processor.py:183} INFO - Processing /home/airflow/.local/lib/python3.12/site-packages/airflow/example_dags/example_trigger_controller_dag.py took 0.059 seconds
[2026-09-15T21:12:42.114+0000] {processor.py:161} INFO - Started process (PID=1438) to work on /home/airflow/.local/lib/python3.12/site-packages/airflow/example_dags/example_trigger_controller_dag.py
[2026-09-15T21:12:42.115+0000] {processor.py:830} INFO - Processing file /home/airflow/.local/lib/python3.12/site-packages/airflow/example_dags/example_trigger_controller_dag.py for tasks to queue
[2026-09-15T21:12:42.116+0000] {logging_mixin.py:188} INFO - [2026-09-15T21:12:42.116+0000] {dagbag.py:545} INFO - Filling up the DagBag from /home/airflow/.local/lib/python3.12/site-packages/airflow/example_dags/example_trigger_controller_dag.py
[2026-09-15T21:12:42.120+0000] {processor.py:840} INFO - DAG(s) 'example_trigger_controller_dag' retrieved from /home/airflow/.local/lib/python3.12/site-packages/airflow/example_dags/example_trigger_controller_dag.py
[2026-09-15T21:12:42.137+0000] {logging_mixin.py:188} INFO - [2026-09-15T21:12:42.137+0000] {dag.py:3089} INFO - Sync 1 DAGs
[2026-09-15T21:12:42.153+0000] {logging_mixin.py:188} INFO - [2026-09-15T21:12:42.152+0000] {dag.py:3947} INFO - Setting next_dagrun for example_trigger_controller_dag to 2021-01-01 00:00:00+00:00, run_after=2021-01-01 00:00:00+00:00
[2026-09-15T21:12:42.169+0000] {processor.py:183} INFO - Processing /home/airflow/.local/lib/python3.12/site-packages/airflow/example_dags/example_trigger_controller_dag.py took 0.059 seconds
[2026-09-15T21:13:12.497+0000] {processor.py:161} INFO - Started process (PID=1496) to work on /home/airflow/.local/lib/python3.12/site-packages/airflow/example_dags/example_trigger_controller_dag.py
[2026-09-15T21:13:12.498+0000] {processor.py:830} INFO - Processing file /home/airflow/.local/lib/python3.12/site-packages/airflow/example_dags/example_trigger_controller_dag.py for tasks to queue
[2026-09-15T21:13:12.500+0000] {logging_mixin.py:188} INFO - [2026-09-15T21:13:12.500+0000] {dagbag.py:545} INFO - Filling up the DagBag from /home/airflow/.local/lib/python3.12/site-packages/airflow/example_dags/example_trigger_controller_dag.py
[2026-09-15T21:13:12.504+0000] {processor.py:840} INFO - DAG(s) 'example_trigger_controller_dag' retrieved from /home/airflow/.local/lib/python3.12/site-packages/airflow/example_dags/example_trigger_controller_dag.py
[2026-09-15T21:13:12.521+0000] {logging_mixin.py:188} INFO - [2026-09-15T21:13:12.521+0000] {dag.py:3089} INFO - Sync 1 DAGs
[2026-09-15T21:13:12.539+0000] {logging_mixin.py:188} INFO - [2026-09-15T21:13:12.539+0000] {dag.py:3947} INFO - Setting next_dagrun for example_trigger_controller_dag to 2021-01-01 00:00:00+00:00, run_after=2021-01-01 00:00:00+00:00
[2026-09-15T21:13:12.554+0000] {processor.py:183} INFO - Processing /home/airflow/.local/lib/python3.12/site-packages/airflow/example_dags/example_trigger_controller_dag.py took 0.061 seconds
[2026-09-15T21:13:42.678+0000] {processor.py:161} INFO - Started process (PID=1554) to work on /home/airflow/.local/lib/python3.12/site-packages/airflow/example_dags/example_trigger_controller_dag.py
[2026-09-15T21:13:42.679+0000] {processor.py:830} INFO - Processing file /home/airflow/.local/lib/python3.12/site-packages/airflow/example_dags/example_trigger_controller_dag.py for tasks to queue
[2026-09-15T21:13:42.681+0000] {logging_mixin.py:188} INFO - [2026-09-15T21:13:42.681+0000] {dagbag.py:545} INFO - Filling up the DagBag from /home/airflow/.local/lib/python3.12/site-packages/airflow/example_dags/example_trigger_controller_dag.py
[2026-09-15T21:13:42.684+0000] {processor.py:840} INFO - DAG(s) 'example_trigger_controller_dag' retrieved from /home/airflow/.local/lib/python3.12/site-packages/airflow/example_dags/example_trigger_controller_dag.py
[2026-09-15T21:13:42.699+0000] {logging_mixin.py:188} INFO - [2026-09-15T21:13:42.699+0000] {dag.py:3089} INFO - Sync 1 DAGs
[2026-09-15T21:13:42.713+0000] {logging_mixin.py:188} INFO - [2026-09-15T21:13:42.713+0000] {dag.py:3947} INFO - Setting next_dagrun for example_trigger_controller_dag to 2021-01-01 00:00:00+00:00, run_after=2021-01-01 00:00:00+00:00
[2026-09-15T21:13:42.727+0000] {processor.py:183} INFO - Processing /home/airflow/.local/lib/python3.12/site-packages/airflow/example_dags/example_trigger_controller_dag.py took 0.053 seconds
[2026-09-15T21:14:13.553+0000] {processor.py:161} INFO - Started process (PID=1612) to work on /home/airflow/.local/lib/python3.12/site-packages/airflow/example_dags/example_trigger_controller_dag.py
[2026-09-15T21:14:13.554+0000] {processor.py:830} INFO - Processing file /home/airflow/.local/lib/python3.12/site-packages/airflow/example_dags/example_trigger_controller_dag.py for tasks to queue
[2026-09-15T21:14:13.556+0000] {logging_mixin.py:188} INFO - [2026-09-15T21:14:13.556+0000] {dagbag.py:545} INFO - Filling up the DagBag from /home/airflow/.local/lib/python3.12/site-packages/airflow/example_dags/example_trigger_controller_dag.py
[2026-09-15T21:14:13.559+0000] {processor.py:840} INFO - DAG(s) 'example_trigger_controller_dag' retrieved from /home/airflow/.local/lib/python3.12/site-packages/airflow/example_dags/example_trigger_controller_dag.py
[2026-09-15T21:14:13.575+0000] {logging_mixin.py:188} INFO - [2026-09-15T21:14:13.575+0000] {dag.py:3089} INFO - Sync 1 DAGs
[2026-09-15T21:14:13.590+0000] {logging_mixin.py:188} INFO - [2026-09-15T21:14:13.590+0000] {dag.py:3947} INFO - Setting next_dagrun for example_trigger_controller_dag to 2021-01-01 00:00:00+00:00, run_after=2021-01-01 00:00:00+00:00
[2026-09-15T21:14:13.603+0000] {processor.py:183} INFO - Processing /home/airflow/.local/lib/python3.12/site-packages/airflow/example_dags/example_trigger_controller_dag.py took 0.054 seconds
[2026-09-15T21:14:43.792+0000] {processor.py:161} INFO - Started process (PID=1670) to work on /home/airflow/.local/lib/python3.12/site-packages/airflow/example_dags/example_trigger_controller_dag.py
[2026-09-15T21:14:43.793+0000] {processor.py:830} INFO - Processing file /home/airflow/.local/lib/python3.12/site-packages/airflow/example_dags/example_trigger_controller_dag.py for tasks to queue
[2026-09-15T21:14:43.795+0000] {logging_mixin.py:188} INFO - [2026-09-15T21:14:43.795+0000] {dagbag.py:545} INFO - Filling up the DagBag from /home/airflow/.local/lib/python3.12/site-packages/airflow/example_dags/example_trigger_controller_dag.py
[2026-09-15T21:14:43.799+0000] {processor.py:840} INFO - DAG(s) 'example_trigger_controller_dag' retrieved from /home/airflow/.local/lib/python3.12/site-packages/airflow/example_dags/example_trigger_controller_dag.py
[2026-09-15T21:14:43.816+0000] {logging_mixin.py:188} INFO - [2026-09-15T21:14:43.816+0000] {dag.py:3089} INFO - Sync 1 DAGs
[2026-09-15T21:14:43.832+0000] {logging_mixin.py:188} INFO - [2026-09-15T21:14:43.832+0000] {dag.py:3947} INFO - Setting next_dagrun for example_trigger_controller_dag to 2021-01-01 00:00:00+00:00, run_after=2021-01-01 00:00:00+00:00
[2026-09-15T21:14:43.848+0000] {processor.py:183} INFO - Processing /home/airflow/.local/lib/python3.12/site-packages/airflow/example_dags/example_trigger_controller_dag.py took 0.061 seconds
[2026-09-15T21:15:14.530+0000] {processor.py:161} INFO - Started process (PID=1728) to work on /home/airflow/.local/lib/python3.12/site-packages/airflow/example_dags/example_trigger_controller_dag.py
[2026-09-15T21:15:14.531+0000] {processor.py:830} INFO - Processing file /home/airflow/.local/lib/python3.12/site-packages/airflow/example_dags/example_trigger_controller_dag.py for tasks to queue
[2026-09-15T21:15:14.533+0000] {logging_mixin.py:188} INFO - [2026-09-15T21:15:14.533+0000] {dagbag.py:545} INFO - Filling up the DagBag from /home/airflow/.local/lib/python3.12/site-packages/airflow/example_dags/example_trigger_controller_dag.py
[2026-09-15T21:15:14.537+0000] {processor.py:840} INFO - DAG(s) 'example_trigger_controller_dag' retrieved from /home/airflow/.local/lib/python3.12/site-packages/airflow/example_dags/example_trigger_controller_dag.py
[2026-09-15T21:15:14.554+0000] {logging_mixin.py:188} INFO - [2026-09-15T21:15:14.554+0000] {dag.py:3089} INFO - Sync 1 DAGs
[2026-09-15T21:15:14.572+0000] {logging_mixin.py:188} INFO - [2026-09-15T21:15:14.572+0000] {dag.py:3947} INFO - Setting next_dagrun for example_trigger_controller_dag to 2021-01-01 00:00:00+00:00, run_after=2021-01-01 00:00:00+00:00
[2026-09-15T21:15:14.588+0000] {processor.py:183} INFO - Processing /home/airflow/.local/lib/python3.12/site-packages/airflow/example_dags/example_trigger_controller_dag.py took 0.063 seconds
[2026-09-15T21:15:45.252+0000] {processor.py:161} INFO - Started process (PID=1786) to work on /home/airflow/.local/lib/python3.12/site-packages/airflow/example_dags/example_trigger_controller_dag.py
[2026-09-15T21:15:45.254+0000] {processor.py:830} INFO - Processing file /home/airflow/.local/lib/python3.12/site-packages/airflow/example_dags/example_trigger_controller_dag.py for tasks to queue
[2026-09-15T21:15:45.256+0000] {logging_mixin.py:188} INFO - [2026-09-15T21:15:45.256+0000] {dagbag.py:545} INFO - Filling up the DagBag from /home/airflow/.local/lib/python3.12/site-packages/airflow/example_dags/example_trigger_controller_dag.py
[2026-09-15T21:15:45.261+0000] {processor.py:840} INFO - DAG(s) 'example_trigger_controller_dag' retrieved from /home/airflow/.local/lib/python3.12/site-packages/airflow/example_dags/example_trigger_controller_dag.py
[2026-09-15T21:15:45.282+0000] {logging_mixin.py:188} INFO - [2026-09-15T21:15:45.281+0000] {dag.py:3089} INFO - Sync 1 DAGs
[2026-09-15T21:15:45.307+0000] {logging_mixin.py:188} INFO - [2026-09-15T21:15:45.307+0000] {dag.py:3947} INFO - Setting next_dagrun for example_trigger_controller_dag to 2021-01-01 00:00:00+00:00, run_after=2021-01-01 00:00:00+00:00
[2026-09-15T21:15:45.331+0000] {processor.py:183} INFO - Processing /home/airflow/.local/lib/python3.12/site-packages/airflow/example_dags/example_trigger_controller_dag.py took 0.084 seconds
[2026-09-15T21:16:15.627+0000] {processor.py:161} INFO - Started process (PID=1843) to work on /home/airflow/.local/lib/python3.12/site-packages/airflow/example_dags/example_trigger_controller_dag.py
[2026-09-15T21:16:15.628+0000] {processor.py:830} INFO - Processing file /home/airflow/.local/lib/python3.12/site-packages/airflow/example_dags/example_trigger_controller_dag.py for tasks to queue
[2026-09-15T21:16:15.630+0000] {logging_mixin.py:188} INFO - [2026-09-15T21:16:15.630+0000] {dagbag.py:545} INFO - Filling up the DagBag from /home/airflow/.local/lib/python3.12/site-packages/airflow/example_dags/example_trigger_controller_dag.py
[2026-09-15T21:16:15.635+0000] {processor.py:840} INFO - DAG(s) 'example_trigger_controller_dag' retrieved from /home/airflow/.local/lib/python3.12/site-packages/airflow/example_dags/example_trigger_controller_dag.py
[2026-09-15T21:16:15.656+0000] {logging_mixin.py:188} INFO - [2026-09-15T21:16:15.655+0000] {dag.py:3089} INFO - Sync 1 DAGs
[2026-09-15T21:16:15.827+0000] {logging_mixin.py:188} INFO - [2026-09-15T21:16:15.827+0000] {dag.py:3947} INFO - Setting next_dagrun for example_trigger_controller_dag to 2021-01-01 00:00:00+00:00, run_after=2021-01-01 00:00:00+00:00
[2026-09-15T21:16:15.840+0000] {processor.py:183} INFO - Processing /home/airflow/.local/lib/python3.12/site-packages/airflow/example_dags/example_trigger_controller_dag.py took 0.218 seconds
[2026-09-15T21:17:36.986+0000] {processor.py:161} INFO - Started process (PID=96) to work on /home/airflow/.local/lib/python3.12/site-packages/airflow/example_dags/example_trigger_controller_dag.py
[2026-09-15T21:17:36.987+0000] {processor.py:830} INFO - Processing file /home/airflow/.local/lib/python3.12/site-packages/airflow/example_dags/example_trigger_controller_dag.py for tasks to queue
[2026-09-15T21:17:36.989+0000] {logging_mixin.py:188} INFO - [2026-09-15T21:17:36.989+0000] {dagbag.py:545} INFO - Filling up the DagBag from /home/airflow/.local/lib/python3.12/site-packages/airflow/example_dags/example_trigger_controller_dag.py
[2026-09-15T21:17:36.994+0000] {processor.py:840} INFO - DAG(s) 'example_trigger_controller_dag' retrieved from /home/airflow/.local/lib/python3.12/site-packages/airflow/example_dags/example_trigger_controller_dag.py
[2026-09-15T21:17:37.006+0000] {logging_mixin.py:188} INFO - [2026-09-15T21:17:37.006+0000] {dag.py:3089} INFO - Sync 1 DAGs
[2026-09-15T21:17:37.025+0000] {logging_mixin.py:188} INFO - [2026-09-15T21:17:37.025+0000] {dag.py:3947} INFO - Setting next_dagrun for example_trigger_controller_dag to 2021-01-01 00:00:00+00:00, run_after=2021-01-01 00:00:00+00:00
[2026-09-15T21:17:37.044+0000] {processor.py:183} INFO - Processing /home/airflow/.local/lib/python3.12/site-packages/airflow/example_dags/example_trigger_controller_dag.py took 0.062 seconds
[2026-09-15T21:18:08.339+0000] {processor.py:161} INFO - Started process (PID=155) to work on /home/airflow/.local/lib/python3.12/site-packages/airflow/example_dags/example_trigger_controller_dag.py
[2026-09-15T21:18:08.341+0000] {processor.py:830} INFO - Processing file /home/airflow/.local/lib/python3.12/site-packages/airflow/example_dags/example_trigger_controller_dag.py for tasks to queue
[2026-09-15T21:18:08.343+0000] {logging_mixin.py:188} INFO - [2026-09-15T21:18:08.343+0000] {dagbag.py:545} INFO - Filling up the DagBag from /home/airflow/.local/lib/python3.12/site-packages/airflow/example_dags/example_trigger_controller_dag.py
[2026-09-15T21:18:08.348+0000] {processor.py:840} INFO - DAG(s) 'example_trigger_controller_dag' retrieved from /home/airflow/.local/lib/python3.12/site-packages/airflow/example_dags/example_trigger_controller_dag.py
[2026-09-15T21:18:08.428+0000] {logging_mixin.py:188} INFO - [2026-09-15T21:18:08.428+0000] {dag.py:3089} INFO - Sync 1 DAGs
[2026-09-15T21:18:08.445+0000] {logging_mixin.py:188} INFO - [2026-09-15T21:18:08.445+0000] {dag.py:3947} INFO - Setting next_dagrun for example_trigger_controller_dag to 2021-01-01 00:00:00+00:00, run_after=2021-01-01 00:00:00+00:00
[2026-09-15T21:18:08.462+0000] {processor.py:183} INFO - Processing /home/airflow/.local/lib/python3.12/site-packages/airflow/example_dags/example_trigger_controller_dag.py took 0.127 seconds
[2026-09-15T21:18:38.666+0000] {processor.py:161} INFO - Started process (PID=213) to work on /home/airflow/.local/lib/python3.12/site-packages/airflow/example_dags/example_trigger_controller_dag.py
[2026-09-15T21:18:38.668+0000] {processor.py:830} INFO - Processing file /home/airflow/.local/lib/python3.12/site-packages/airflow/example_dags/example_trigger_controller_dag.py for tasks to queue
[2026-09-15T21:18:38.670+0000] {logging_mixin.py:188} INFO - [2026-09-15T21:18:38.670+0000] {dagbag.py:545} INFO - Filling up the DagBag from /home/airflow/.local/lib/python3.12/site-packages/airflow/example_dags/example_trigger_controller_dag.py
[2026-09-15T21:18:38.674+0000] {processor.py:840} INFO - DAG(s) 'example_trigger_controller_dag' retrieved from /home/airflow/.local/lib/python3.12/site-packages/airflow/example_dags/example_trigger_controller_dag.py
[2026-09-15T21:18:38.694+0000] {logging_mixin.py:188} INFO - [2026-09-15T21:18:38.694+0000] {dag.py:3089} INFO - Sync 1 DAGs
[2026-09-15T21:18:38.713+0000] {logging_mixin.py:188} INFO - [2026-09-15T21:18:38.712+0000] {dag.py:3947} INFO - Setting next_dagrun for example_trigger_controller_dag to 2021-01-01 00:00:00+00:00, run_after=2021-01-01 00:00:00+00:00
[2026-09-15T21:18:38.732+0000] {processor.py:183} INFO - Processing /home/airflow/.local/lib/python3.12/site-packages/airflow/example_dags/example_trigger_controller_dag.py took 0.071 seconds
[2026-09-15T21:19:09.395+0000] {processor.py:161} INFO - Started process (PID=271) to work on /home/airflow/.local/lib/python3.12/site-packages/airflow/example_dags/example_trigger_controller_dag.py
[2026-09-15T21:19:09.396+0000] {processor.py:830} INFO - Processing file /home/airflow/.local/lib/python3.12/site-packages/airflow/example_dags/example_trigger_controller_dag.py for tasks to queue
[2026-09-15T21:19:09.398+0000] {logging_mixin.py:188} INFO - [2026-09-15T21:19:09.398+0000] {dagbag.py:545} INFO - Filling up the DagBag from /home/airflow/.local/lib/python3.12/site-packages/airflow/example_dags/example_trigger_controller_dag.py
[2026-09-15T21:19:09.402+0000] {processor.py:840} INFO - DAG(s) 'example_trigger_controller_dag' retrieved from /home/airflow/.local/lib/python3.12/site-packages/airflow/example_dags/example_trigger_controller_dag.py
[2026-09-15T21:19:09.422+0000] {logging_mixin.py:188} INFO - [2026-09-15T21:19:09.422+0000] {dag.py:3089} INFO - Sync 1 DAGs
[2026-09-15T21:19:09.438+0000] {logging_mixin.py:188} INFO - [2026-09-15T21:19:09.438+0000] {dag.py:3947} INFO - Setting next_dagrun for example_trigger_controller_dag to 2021-01-01 00:00:00+00:00, run_after=2021-01-01 00:00:00+00:00
[2026-09-15T21:19:09.466+0000] {processor.py:183} INFO - Processing /home/airflow/.local/lib/python3.12/site-packages/airflow/example_dags/example_trigger_controller_dag.py took 0.076 seconds
[2026-09-15T21:19:40.153+0000] {processor.py:161} INFO - Started process (PID=329) to work on /home/airflow/.local/lib/python3.12/site-packages/airflow/example_dags/example_trigger_controller_dag.py
[2026-09-15T21:19:40.155+0000] {processor.py:830} INFO - Processing file /home/airflow/.local/lib/python3.12/site-packages/airflow/example_dags/example_trigger_controller_dag.py for tasks to queue
[2026-09-15T21:19:40.156+0000] {logging_mixin.py:188} INFO - [2026-09-15T21:19:40.156+0000] {dagbag.py:545} INFO - Filling up the DagBag from /home/airflow/.local/lib/python3.12/site-packages/airflow/example_dags/example_trigger_controller_dag.py
[2026-09-15T21:19:40.160+0000] {processor.py:840} INFO - DAG(s) 'example_trigger_controller_dag' retrieved from /home/airflow/.local/lib/python3.12/site-packages/airflow/example_dags/example_trigger_controller_dag.py
[2026-09-15T21:19:40.176+0000] {logging_mixin.py:188} INFO - [2026-09-15T21:19:40.176+0000] {dag.py:3089} INFO - Sync 1 DAGs
[2026-09-15T21:19:40.191+0000] {logging_mixin.py:188} INFO - [2026-09-15T21:19:40.191+0000] {dag.py:3947} INFO - Setting next_dagrun for example_trigger_controller_dag to 2021-01-01 00:00:00+00:00, run_after=2021-01-01 00:00:00+00:00
[2026-09-15T21:19:40.205+0000] {processor.py:183} INFO - Processing /home/airflow/.local/lib/python3.12/site-packages/airflow/example_dags/example_trigger_controller_dag.py took 0.056 seconds
[2026-09-15T21:20:10.308+0000] {processor.py:161} INFO - Started process (PID=387) to work on /home/airflow/.local/lib/python3.12/site-packages/airflow/example_dags/example_trigger_controller_dag.py
[2026-09-15T21:20:10.309+0000] {processor.py:830} INFO - Processing file /home/airflow/.local/lib/python3.12/site-packages/airflow/example_dags/example_trigger_controller_dag.py for tasks to queue
[2026-09-15T21:20:10.311+0000] {logging_mixin.py:188} INFO - [2026-09-15T21:20:10.311+0000] {dagbag.py:545} INFO - Filling up the DagBag from /home/airflow/.local/lib/python3.12/site-packages/airflow/example_dags/example_trigger_controller_dag.py
[2026-09-15T21:20:10.315+0000] {processor.py:840} INFO - DAG(s) 'example_trigger_controller_dag' retrieved from /home/airflow/.local/lib/python3.12/site-packages/airflow/example_dags/example_trigger_controller_dag.py
[2026-09-15T21:20:10.332+0000] {logging_mixin.py:188} INFO - [2026-09-15T21:20:10.332+0000] {dag.py:3089} INFO - Sync 1 DAGs
[2026-09-15T21:20:10.348+0000] {logging_mixin.py:188} INFO - [2026-09-15T21:20:10.348+0000] {dag.py:3947} INFO - Setting next_dagrun for example_trigger_controller_dag to 2021-01-01 00:00:00+00:00, run_after=2021-01-01 00:00:00+00:00
[2026-09-15T21:20:10.363+0000] {processor.py:183} INFO - Processing /home/airflow/.local/lib/python3.12/site-packages/airflow/example_dags/example_trigger_controller_dag.py took 0.059 seconds
[2026-09-15T21:20:40.559+0000] {processor.py:161} INFO - Started process (PID=445) to work on /home/airflow/.local/lib/python3.12/site-packages/airflow/example_dags/example_trigger_controller_dag.py
[2026-09-15T21:20:40.560+0000] {processor.py:830} INFO - Processing file /home/airflow/.local/lib/python3.12/site-packages/airflow/example_dags/example_trigger_controller_dag.py for tasks to queue
[2026-09-15T21:20:40.561+0000] {logging_mixin.py:188} INFO - [2026-09-15T21:20:40.561+0000] {dagbag.py:545} INFO - Filling up the DagBag from /home/airflow/.local/lib/python3.12/site-packages/airflow/example_dags/example_trigger_controller_dag.py
[2026-09-15T21:20:40.565+0000] {processor.py:840} INFO - DAG(s) 'example_trigger_controller_dag' retrieved from /home/airflow/.local/lib/python3.12/site-packages/airflow/example_dags/example_trigger_controller_dag.py
[2026-09-15T21:20:40.581+0000] {logging_mixin.py:188} INFO - [2026-09-15T21:20:40.581+0000] {dag.py:3089} INFO - Sync 1 DAGs
[2026-09-15T21:20:40.597+0000] {logging_mixin.py:188} INFO - [2026-09-15T21:20:40.596+0000] {dag.py:3947} INFO - Setting next_dagrun for example_trigger_controller_dag to 2021-01-01 00:00:00+00:00, run_after=2021-01-01 00:00:00+00:00
[2026-09-15T21:20:40.613+0000] {processor.py:183} INFO - Processing /home/airflow/.local/lib/python3.12/site-packages/airflow/example_dags/example_trigger_controller_dag.py took 0.058 seconds
[2026-09-15T21:22:09.028+0000] {processor.py:161} INFO - Started process (PID=375) to work on /home/airflow/.local/lib/python3.12/site-packages/airflow/example_dags/example_trigger_controller_dag.py
[2026-09-15T21:22:09.030+0000] {processor.py:830} INFO - Processing file /home/airflow/.local/lib/python3.12/site-packages/airflow/example_dags/example_trigger_controller_dag.py for tasks to queue
[2026-09-15T21:22:09.032+0000] {logging_mixin.py:188} INFO - [2026-09-15T21:22:09.032+0000] {dagbag.py:545} INFO - Filling up the DagBag from /home/airflow/.local/lib/python3.12/site-packages/airflow/example_dags/example_trigger_controller_dag.py
[2026-09-15T21:22:09.038+0000] {processor.py:840} INFO - DAG(s) 'example_trigger_controller_dag' retrieved from /home/airflow/.local/lib/python3.12/site-packages/airflow/example_dags/example_trigger_controller_dag.py
[2026-09-15T21:22:09.052+0000] {logging_mixin.py:188} INFO - [2026-09-15T21:22:09.052+0000] {dag.py:3089} INFO - Sync 1 DAGs
[2026-09-15T21:22:09.074+0000] {logging_mixin.py:188} INFO - [2026-09-15T21:22:09.073+0000] {dag.py:3947} INFO - Setting next_dagrun for example_trigger_controller_dag to 2021-01-01 00:00:00+00:00, run_after=2021-01-01 00:00:00+00:00
[2026-09-15T21:22:09.095+0000] {processor.py:183} INFO - Processing /home/airflow/.local/lib/python3.12/site-packages/airflow/example_dags/example_trigger_controller_dag.py took 0.072 seconds
[2026-09-15T21:22:40.704+0000] {processor.py:161} INFO - Started process (PID=643) to work on /home/airflow/.local/lib/python3.12/site-packages/airflow/example_dags/example_trigger_controller_dag.py
[2026-09-15T21:22:40.705+0000] {processor.py:830} INFO - Processing file /home/airflow/.local/lib/python3.12/site-packages/airflow/example_dags/example_trigger_controller_dag.py for tasks to queue
[2026-09-15T21:22:40.707+0000] {logging_mixin.py:188} INFO - [2026-09-15T21:22:40.707+0000] {dagbag.py:545} INFO - Filling up the DagBag from /home/airflow/.local/lib/python3.12/site-packages/airflow/example_dags/example_trigger_controller_dag.py
[2026-09-15T21:22:40.712+0000] {processor.py:840} INFO - DAG(s) 'example_trigger_controller_dag' retrieved from /home/airflow/.local/lib/python3.12/site-packages/airflow/example_dags/example_trigger_controller_dag.py
[2026-09-15T21:22:40.796+0000] {logging_mixin.py:188} INFO - [2026-09-15T21:22:40.795+0000] {dag.py:3089} INFO - Sync 1 DAGs
[2026-09-15T21:22:40.810+0000] {logging_mixin.py:188} INFO - [2026-09-15T21:22:40.810+0000] {dag.py:3947} INFO - Setting next_dagrun for example_trigger_controller_dag to 2021-01-01 00:00:00+00:00, run_after=2021-01-01 00:00:00+00:00
[2026-09-15T21:22:40.827+0000] {processor.py:183} INFO - Processing /home/airflow/.local/lib/python3.12/site-packages/airflow/example_dags/example_trigger_controller_dag.py took 0.129 seconds
[2026-09-15T21:23:11.778+0000] {processor.py:161} INFO - Started process (PID=905) to work on /home/airflow/.local/lib/python3.12/site-packages/airflow/example_dags/example_trigger_controller_dag.py
[2026-09-15T21:23:11.780+0000] {processor.py:830} INFO - Processing file /home/airflow/.local/lib/python3.12/site-packages/airflow/example_dags/example_trigger_controller_dag.py for tasks to queue
[2026-09-15T21:23:11.782+0000] {logging_mixin.py:188} INFO - [2026-09-15T21:23:11.781+0000] {dagbag.py:545} INFO - Filling up the DagBag from /home/airflow/.local/lib/python3.12/site-packages/airflow/example_dags/example_trigger_controller_dag.py
[2026-09-15T21:23:11.785+0000] {processor.py:840} INFO - DAG(s) 'example_trigger_controller_dag' retrieved from /home/airflow/.local/lib/python3.12/site-packages/airflow/example_dags/example_trigger_controller_dag.py
[2026-09-15T21:23:11.805+0000] {logging_mixin.py:188} INFO - [2026-09-15T21:23:11.805+0000] {dag.py:3089} INFO - Sync 1 DAGs
[2026-09-15T21:23:11.822+0000] {logging_mixin.py:188} INFO - [2026-09-15T21:23:11.821+0000] {dag.py:3947} INFO - Setting next_dagrun for example_trigger_controller_dag to 2021-01-01 00:00:00+00:00, run_after=2021-01-01 00:00:00+00:00
[2026-09-15T21:23:11.841+0000] {processor.py:183} INFO - Processing /home/airflow/.local/lib/python3.12/site-packages/airflow/example_dags/example_trigger_controller_dag.py took 0.066 seconds
[2026-09-15T21:23:41.943+0000] {processor.py:161} INFO - Started process (PID=1167) to work on /home/airflow/.local/lib/python3.12/site-packages/airflow/example_dags/example_trigger_controller_dag.py
[2026-09-15T21:23:41.945+0000] {processor.py:830} INFO - Processing file /home/airflow/.local/lib/python3.12/site-packages/airflow/example_dags/example_trigger_controller_dag.py for tasks to queue
[2026-09-15T21:23:41.946+0000] {logging_mixin.py:188} INFO - [2026-09-15T21:23:41.946+0000] {dagbag.py:545} INFO - Filling up the DagBag from /home/airflow/.local/lib/python3.12/site-packages/airflow/example_dags/example_trigger_controller_dag.py
[2026-09-15T21:23:41.951+0000] {processor.py:840} INFO - DAG(s) 'example_trigger_controller_dag' retrieved from /home/airflow/.local/lib/python3.12/site-packages/airflow/example_dags/example_trigger_controller_dag.py
[2026-09-15T21:23:41.970+0000] {logging_mixin.py:188} INFO - [2026-09-15T21:23:41.969+0000] {dag.py:3089} INFO - Sync 1 DAGs
[2026-09-15T21:23:41.985+0000] {logging_mixin.py:188} INFO - [2026-09-15T21:23:41.985+0000] {dag.py:3947} INFO - Setting next_dagrun for example_trigger_controller_dag to 2021-01-01 00:00:00+00:00, run_after=2021-01-01 00:00:00+00:00
[2026-09-15T21:23:42.001+0000] {processor.py:183} INFO - Processing /home/airflow/.local/lib/python3.12/site-packages/airflow/example_dags/example_trigger_controller_dag.py took 0.062 seconds
[2026-09-15T21:24:12.112+0000] {processor.py:161} INFO - Started process (PID=1429) to work on /home/airflow/.local/lib/python3.12/site-packages/airflow/example_dags/example_trigger_controller_dag.py
[2026-09-15T21:24:12.113+0000] {processor.py:830} INFO - Processing file /home/airflow/.local/lib/python3.12/site-packages/airflow/example_dags/example_trigger_controller_dag.py for tasks to queue
[2026-09-15T21:24:12.115+0000] {logging_mixin.py:188} INFO - [2026-09-15T21:24:12.115+0000] {dagbag.py:545} INFO - Filling up the DagBag from /home/airflow/.local/lib/python3.12/site-packages/airflow/example_dags/example_trigger_controller_dag.py
[2026-09-15T21:24:12.119+0000] {processor.py:840} INFO - DAG(s) 'example_trigger_controller_dag' retrieved from /home/airflow/.local/lib/python3.12/site-packages/airflow/example_dags/example_trigger_controller_dag.py
[2026-09-15T21:24:12.134+0000] {logging_mixin.py:188} INFO - [2026-09-15T21:24:12.134+0000] {dag.py:3089} INFO - Sync 1 DAGs
[2026-09-15T21:24:12.148+0000] {logging_mixin.py:188} INFO - [2026-09-15T21:24:12.148+0000] {dag.py:3947} INFO - Setting next_dagrun for example_trigger_controller_dag to 2021-01-01 00:00:00+00:00, run_after=2021-01-01 00:00:00+00:00
[2026-09-15T21:24:12.162+0000] {processor.py:183} INFO - Processing /home/airflow/.local/lib/python3.12/site-packages/airflow/example_dags/example_trigger_controller_dag.py took 0.053 seconds
[2026-09-15T21:24:42.324+0000] {processor.py:161} INFO - Started process (PID=1691) to work on /home/airflow/.local/lib/python3.12/site-packages/airflow/example_dags/example_trigger_controller_dag.py
[2026-09-15T21:24:42.325+0000] {processor.py:830} INFO - Processing file /home/airflow/.local/lib/python3.12/site-packages/airflow/example_dags/example_trigger_controller_dag.py for tasks to queue
[2026-09-15T21:24:42.327+0000] {logging_mixin.py:188} INFO - [2026-09-15T21:24:42.327+0000] {dagbag.py:545} INFO - Filling up the DagBag from /home/airflow/.local/lib/python3.12/site-packages/airflow/example_dags/example_trigger_controller_dag.py
[2026-09-15T21:24:42.331+0000] {processor.py:840} INFO - DAG(s) 'example_trigger_controller_dag' retrieved from /home/airflow/.local/lib/python3.12/site-packages/airflow/example_dags/example_trigger_controller_dag.py
[2026-09-15T21:24:42.349+0000] {logging_mixin.py:188} INFO - [2026-09-15T21:24:42.349+0000] {dag.py:3089} INFO - Sync 1 DAGs
[2026-09-15T21:24:42.366+0000] {logging_mixin.py:188} INFO - [2026-09-15T21:24:42.365+0000] {dag.py:3947} INFO - Setting next_dagrun for example_trigger_controller_dag to 2021-01-01 00:00:00+00:00, run_after=2021-01-01 00:00:00+00:00
[2026-09-15T21:24:42.381+0000] {processor.py:183} INFO - Processing /home/airflow/.local/lib/python3.12/site-packages/airflow/example_dags/example_trigger_controller_dag.py took 0.061 seconds
[2026-09-15T21:25:12.538+0000] {processor.py:161} INFO - Started process (PID=1953) to work on /home/airflow/.local/lib/python3.12/site-packages/airflow/example_dags/example_trigger_controller_dag.py
[2026-09-15T21:25:12.539+0000] {processor.py:830} INFO - Processing file /home/airflow/.local/lib/python3.12/site-packages/airflow/example_dags/example_trigger_controller_dag.py for tasks to queue
[2026-09-15T21:25:12.541+0000] {logging_mixin.py:188} INFO - [2026-09-15T21:25:12.540+0000] {dagbag.py:545} INFO - Filling up the DagBag from /home/airflow/.local/lib/python3.12/site-packages/airflow/example_dags/example_trigger_controller_dag.py
[2026-09-15T21:25:12.544+0000] {processor.py:840} INFO - DAG(s) 'example_trigger_controller_dag' retrieved from /home/airflow/.local/lib/python3.12/site-packages/airflow/example_dags/example_trigger_controller_dag.py
[2026-09-15T21:25:12.560+0000] {logging_mixin.py:188} INFO - [2026-09-15T21:25:12.559+0000] {dag.py:3089} INFO - Sync 1 DAGs
[2026-09-15T21:25:12.574+0000] {logging_mixin.py:188} INFO - [2026-09-15T21:25:12.574+0000] {dag.py:3947} INFO - Setting next_dagrun for example_trigger_controller_dag to 2021-01-01 00:00:00+00:00, run_after=2021-01-01 00:00:00+00:00
[2026-09-15T21:25:12.590+0000] {processor.py:183} INFO - Processing /home/airflow/.local/lib/python3.12/site-packages/airflow/example_dags/example_trigger_controller_dag.py took 0.056 seconds
[2026-09-15T21:25:42.965+0000] {processor.py:161} INFO - Started process (PID=2215) to work on /home/airflow/.local/lib/python3.12/site-packages/airflow/example_dags/example_trigger_controller_dag.py
[2026-09-15T21:25:42.966+0000] {processor.py:830} INFO - Processing file /home/airflow/.local/lib/python3.12/site-packages/airflow/example_dags/example_trigger_controller_dag.py for tasks to queue
[2026-09-15T21:25:42.968+0000] {logging_mixin.py:188} INFO - [2026-09-15T21:25:42.968+0000] {dagbag.py:545} INFO - Filling up the DagBag from /home/airflow/.local/lib/python3.12/site-packages/airflow/example_dags/example_trigger_controller_dag.py
[2026-09-15T21:25:42.971+0000] {processor.py:840} INFO - DAG(s) 'example_trigger_controller_dag' retrieved from /home/airflow/.local/lib/python3.12/site-packages/airflow/example_dags/example_trigger_controller_dag.py
[2026-09-15T21:25:42.988+0000] {logging_mixin.py:188} INFO - [2026-09-15T21:25:42.988+0000] {dag.py:3089} INFO - Sync 1 DAGs
[2026-09-15T21:25:43.003+0000] {logging_mixin.py:188} INFO - [2026-09-15T21:25:43.003+0000] {dag.py:3947} INFO - Setting next_dagrun for example_trigger_controller_dag to 2021-01-01 00:00:00+00:00, run_after=2021-01-01 00:00:00+00:00
[2026-09-15T21:25:43.019+0000] {processor.py:183} INFO - Processing /home/airflow/.local/lib/python3.12/site-packages/airflow/example_dags/example_trigger_controller_dag.py took 0.058 seconds
[2026-09-15T21:26:13.171+0000] {processor.py:161} INFO - Started process (PID=2477) to work on /home/airflow/.local/lib/python3.12/site-packages/airflow/example_dags/example_trigger_controller_dag.py
[2026-09-15T21:26:13.173+0000] {processor.py:830} INFO - Processing file /home/airflow/.local/lib/python3.12/site-packages/airflow/example_dags/example_trigger_controller_dag.py for tasks to queue
[2026-09-15T21:26:13.175+0000] {logging_mixin.py:188} INFO - [2026-09-15T21:26:13.174+0000] {dagbag.py:545} INFO - Filling up the DagBag from /home/airflow/.local/lib/python3.12/site-packages/airflow/example_dags/example_trigger_controller_dag.py
[2026-09-15T21:26:13.178+0000] {processor.py:840} INFO - DAG(s) 'example_trigger_controller_dag' retrieved from /home/airflow/.local/lib/python3.12/site-packages/airflow/example_dags/example_trigger_controller_dag.py
[2026-09-15T21:26:13.195+0000] {logging_mixin.py:188} INFO - [2026-09-15T21:26:13.195+0000] {dag.py:3089} INFO - Sync 1 DAGs
[2026-09-15T21:26:13.210+0000] {logging_mixin.py:188} INFO - [2026-09-15T21:26:13.210+0000] {dag.py:3947} INFO - Setting next_dagrun for example_trigger_controller_dag to 2021-01-01 00:00:00+00:00, run_after=2021-01-01 00:00:00+00:00
[2026-09-15T21:26:13.225+0000] {processor.py:183} INFO - Processing /home/airflow/.local/lib/python3.12/site-packages/airflow/example_dags/example_trigger_controller_dag.py took 0.058 seconds
[2026-09-15T21:26:43.289+0000] {processor.py:161} INFO - Started process (PID=2739) to work on /home/airflow/.local/lib/python3.12/site-packages/airflow/example_dags/example_trigger_controller_dag.py
[2026-09-15T21:26:43.290+0000] {processor.py:830} INFO - Processing file /home/airflow/.local/lib/python3.12/site-packages/airflow/example_dags/example_trigger_controller_dag.py for tasks to queue
[2026-09-15T21:26:43.292+0000] {logging_mixin.py:188} INFO - [2026-09-15T21:26:43.291+0000] {dagbag.py:545} INFO - Filling up the DagBag from /home/airflow/.local/lib/python3.12/site-packages/airflow/example_dags/example_trigger_controller_dag.py
[2026-09-15T21:26:43.295+0000] {processor.py:840} INFO - DAG(s) 'example_trigger_controller_dag' retrieved from /home/airflow/.local/lib/python3.12/site-packages/airflow/example_dags/example_trigger_controller_dag.py
[2026-09-15T21:26:43.311+0000] {logging_mixin.py:188} INFO - [2026-09-15T21:26:43.310+0000] {dag.py:3089} INFO - Sync 1 DAGs
[2026-09-15T21:26:43.326+0000] {logging_mixin.py:188} INFO - [2026-09-15T21:26:43.326+0000] {dag.py:3947} INFO - Setting next_dagrun for example_trigger_controller_dag to 2021-01-01 00:00:00+00:00, run_after=2021-01-01 00:00:00+00:00
[2026-09-15T21:26:43.342+0000] {processor.py:183} INFO - Processing /home/airflow/.local/lib/python3.12/site-packages/airflow/example_dags/example_trigger_controller_dag.py took 0.057 seconds
[2026-09-15T21:27:13.504+0000] {processor.py:161} INFO - Started process (PID=3001) to work on /home/airflow/.local/lib/python3.12/site-packages/airflow/example_dags/example_trigger_controller_dag.py
[2026-09-15T21:27:13.505+0000] {processor.py:830} INFO - Processing file /home/airflow/.local/lib/python3.12/site-packages/airflow/example_dags/example_trigger_controller_dag.py for tasks to queue
[2026-09-15T21:27:13.508+0000] {logging_mixin.py:188} INFO - [2026-09-15T21:27:13.507+0000] {dagbag.py:545} INFO - Filling up the DagBag from /home/airflow/.local/lib/python3.12/site-packages/airflow/example_dags/example_trigger_controller_dag.py
[2026-09-15T21:27:13.512+0000] {processor.py:840} INFO - DAG(s) 'example_trigger_controller_dag' retrieved from /home/airflow/.local/lib/python3.12/site-packages/airflow/example_dags/example_trigger_controller_dag.py
[2026-09-15T21:27:13.532+0000] {logging_mixin.py:188} INFO - [2026-09-15T21:27:13.531+0000] {dag.py:3089} INFO - Sync 1 DAGs
[2026-09-15T21:27:13.555+0000] {logging_mixin.py:188} INFO - [2026-09-15T21:27:13.555+0000] {dag.py:3947} INFO - Setting next_dagrun for example_trigger_controller_dag to 2021-01-01 00:00:00+00:00, run_after=2021-01-01 00:00:00+00:00
[2026-09-15T21:27:13.578+0000] {processor.py:183} INFO - Processing /home/airflow/.local/lib/python3.12/site-packages/airflow/example_dags/example_trigger_controller_dag.py took 0.078 seconds
[2026-09-15T21:27:43.697+0000] {processor.py:161} INFO - Started process (PID=3263) to work on /home/airflow/.local/lib/python3.12/site-packages/airflow/example_dags/example_trigger_controller_dag.py
[2026-09-15T21:27:43.699+0000] {processor.py:830} INFO - Processing file /home/airflow/.local/lib/python3.12/site-packages/airflow/example_dags/example_trigger_controller_dag.py for tasks to queue
[2026-09-15T21:27:43.703+0000] {logging_mixin.py:188} INFO - [2026-09-15T21:27:43.702+0000] {dagbag.py:545} INFO - Filling up the DagBag from /home/airflow/.local/lib/python3.12/site-packages/airflow/example_dags/example_trigger_controller_dag.py
[2026-09-15T21:27:43.710+0000] {processor.py:840} INFO - DAG(s) 'example_trigger_controller_dag' retrieved from /home/airflow/.local/lib/python3.12/site-packages/airflow/example_dags/example_trigger_controller_dag.py
[2026-09-15T21:27:43.735+0000] {logging_mixin.py:188} INFO - [2026-09-15T21:27:43.735+0000] {dag.py:3089} INFO - Sync 1 DAGs
[2026-09-15T21:27:43.759+0000] {logging_mixin.py:188} INFO - [2026-09-15T21:27:43.759+0000] {dag.py:3947} INFO - Setting next_dagrun for example_trigger_controller_dag to 2021-01-01 00:00:00+00:00, run_after=2021-01-01 00:00:00+00:00
[2026-09-15T21:27:43.781+0000] {processor.py:183} INFO - Processing /home/airflow/.local/lib/python3.12/site-packages/airflow/example_dags/example_trigger_controller_dag.py took 0.091 seconds
[2026-09-15T21:28:14.318+0000] {processor.py:161} INFO - Started process (PID=3525) to work on /home/airflow/.local/lib/python3.12/site-packages/airflow/example_dags/example_trigger_controller_dag.py
[2026-09-15T21:28:14.319+0000] {processor.py:830} INFO - Processing file /home/airflow/.local/lib/python3.12/site-packages/airflow/example_dags/example_trigger_controller_dag.py for tasks to queue
[2026-09-15T21:28:14.321+0000] {logging_mixin.py:188} INFO - [2026-09-15T21:28:14.320+0000] {dagbag.py:545} INFO - Filling up the DagBag from /home/airflow/.local/lib/python3.12/site-packages/airflow/example_dags/example_trigger_controller_dag.py
[2026-09-15T21:28:14.324+0000] {processor.py:840} INFO - DAG(s) 'example_trigger_controller_dag' retrieved from /home/airflow/.local/lib/python3.12/site-packages/airflow/example_dags/example_trigger_controller_dag.py
[2026-09-15T21:28:14.341+0000] {logging_mixin.py:188} INFO - [2026-09-15T21:28:14.341+0000] {dag.py:3089} INFO - Sync 1 DAGs
[2026-09-15T21:28:14.356+0000] {logging_mixin.py:188} INFO - [2026-09-15T21:28:14.356+0000] {dag.py:3947} INFO - Setting next_dagrun for example_trigger_controller_dag to 2021-01-01 00:00:00+00:00, run_after=2021-01-01 00:00:00+00:00
[2026-09-15T21:28:14.371+0000] {processor.py:183} INFO - Processing /home/airflow/.local/lib/python3.12/site-packages/airflow/example_dags/example_trigger_controller_dag.py took 0.057 seconds
[2026-09-15T21:28:45.243+0000] {processor.py:161} INFO - Started process (PID=3787) to work on /home/airflow/.local/lib/python3.12/site-packages/airflow/example_dags/example_trigger_controller_dag.py
[2026-09-15T21:28:45.244+0000] {processor.py:830} INFO - Processing file /home/airflow/.local/lib/python3.12/site-packages/airflow/example_dags/example_trigger_controller_dag.py for tasks to queue
[2026-09-15T21:28:45.246+0000] {logging_mixin.py:188} INFO - [2026-09-15T21:28:45.245+0000] {dagbag.py:545} INFO - Filling up the DagBag from /home/airflow/.local/lib/python3.12/site-packages/airflow/example_dags/example_trigger_controller_dag.py
[2026-09-15T21:28:45.249+0000] {processor.py:840} INFO - DAG(s) 'example_trigger_controller_dag' retrieved from /home/airflow/.local/lib/python3.12/site-packages/airflow/example_dags/example_trigger_controller_dag.py
[2026-09-15T21:28:45.265+0000] {logging_mixin.py:188} INFO - [2026-09-15T21:28:45.265+0000] {dag.py:3089} INFO - Sync 1 DAGs
[2026-09-15T21:28:45.279+0000] {logging_mixin.py:188} INFO - [2026-09-15T21:28:45.279+0000] {dag.py:3947} INFO - Setting next_dagrun for example_trigger_controller_dag to 2021-01-01 00:00:00+00:00, run_after=2021-01-01 00:00:00+00:00
[2026-09-15T21:28:45.294+0000] {processor.py:183} INFO - Processing /home/airflow/.local/lib/python3.12/site-packages/airflow/example_dags/example_trigger_controller_dag.py took 0.055 seconds
[2026-09-15T21:29:15.432+0000] {processor.py:161} INFO - Started process (PID=4049) to work on /home/airflow/.local/lib/python3.12/site-packages/airflow/example_dags/example_trigger_controller_dag.py
[2026-09-15T21:29:15.433+0000] {processor.py:830} INFO - Processing file /home/airflow/.local/lib/python3.12/site-packages/airflow/example_dags/example_trigger_controller_dag.py for tasks to queue
[2026-09-15T21:29:15.435+0000] {logging_mixin.py:188} INFO - [2026-09-15T21:29:15.434+0000] {dagbag.py:545} INFO - Filling up the DagBag from /home/airflow/.local/lib/python3.12/site-packages/airflow/example_dags/example_trigger_controller_dag.py
[2026-09-15T21:29:15.438+0000] {processor.py:840} INFO - DAG(s) 'example_trigger_controller_dag' retrieved from /home/airflow/.local/lib/python3.12/site-packages/airflow/example_dags/example_trigger_controller_dag.py
[2026-09-15T21:29:15.454+0000] {logging_mixin.py:188} INFO - [2026-09-15T21:29:15.454+0000] {dag.py:3089} INFO - Sync 1 DAGs
[2026-09-15T21:29:15.469+0000] {logging_mixin.py:188} INFO - [2026-09-15T21:29:15.469+0000] {dag.py:3947} INFO - Setting next_dagrun for example_trigger_controller_dag to 2021-01-01 00:00:00+00:00, run_after=2021-01-01 00:00:00+00:00
[2026-09-15T21:29:15.483+0000] {processor.py:183} INFO - Processing /home/airflow/.local/lib/python3.12/site-packages/airflow/example_dags/example_trigger_controller_dag.py took 0.056 seconds
[2026-09-15T21:29:45.974+0000] {processor.py:161} INFO - Started process (PID=4318) to work on /home/airflow/.local/lib/python3.12/site-packages/airflow/example_dags/example_trigger_controller_dag.py
[2026-09-15T21:29:45.975+0000] {processor.py:830} INFO - Processing file /home/airflow/.local/lib/python3.12/site-packages/airflow/example_dags/example_trigger_controller_dag.py for tasks to queue
[2026-09-15T21:29:45.978+0000] {logging_mixin.py:188} INFO - [2026-09-15T21:29:45.977+0000] {dagbag.py:545} INFO - Filling up the DagBag from /home/airflow/.local/lib/python3.12/site-packages/airflow/example_dags/example_trigger_controller_dag.py
[2026-09-15T21:29:45.982+0000] {processor.py:840} INFO - DAG(s) 'example_trigger_controller_dag' retrieved from /home/airflow/.local/lib/python3.12/site-packages/airflow/example_dags/example_trigger_controller_dag.py
[2026-09-15T21:29:45.999+0000] {logging_mixin.py:188} INFO - [2026-09-15T21:29:45.999+0000] {dag.py:3089} INFO - Sync 1 DAGs
[2026-09-15T21:29:46.015+0000] {logging_mixin.py:188} INFO - [2026-09-15T21:29:46.014+0000] {dag.py:3947} INFO - Setting next_dagrun for example_trigger_controller_dag to 2021-01-01 00:00:00+00:00, run_after=2021-01-01 00:00:00+00:00
[2026-09-15T21:29:46.031+0000] {processor.py:183} INFO - Processing /home/airflow/.local/lib/python3.12/site-packages/airflow/example_dags/example_trigger_controller_dag.py took 0.061 seconds
[2026-09-15T21:30:16.179+0000] {processor.py:161} INFO - Started process (PID=4583) to work on /home/airflow/.local/lib/python3.12/site-packages/airflow/example_dags/example_trigger_controller_dag.py
[2026-09-15T21:30:16.180+0000] {processor.py:830} INFO - Processing file /home/airflow/.local/lib/python3.12/site-packages/airflow/example_dags/example_trigger_controller_dag.py for tasks to queue
[2026-09-15T21:30:16.184+0000] {logging_mixin.py:188} INFO - [2026-09-15T21:30:16.184+0000] {dagbag.py:545} INFO - Filling up the DagBag from /home/airflow/.local/lib/python3.12/site-packages/airflow/example_dags/example_trigger_controller_dag.py
[2026-09-15T21:30:16.191+0000] {processor.py:840} INFO - DAG(s) 'example_trigger_controller_dag' retrieved from /home/airflow/.local/lib/python3.12/site-packages/airflow/example_dags/example_trigger_controller_dag.py
[2026-09-15T21:30:16.212+0000] {logging_mixin.py:188} INFO - [2026-09-15T21:30:16.211+0000] {dag.py:3089} INFO - Sync 1 DAGs
[2026-09-15T21:30:16.231+0000] {logging_mixin.py:188} INFO - [2026-09-15T21:30:16.230+0000] {dag.py:3947} INFO - Setting next_dagrun for example_trigger_controller_dag to 2021-01-01 00:00:00+00:00, run_after=2021-01-01 00:00:00+00:00
[2026-09-15T21:30:16.248+0000] {processor.py:183} INFO - Processing /home/airflow/.local/lib/python3.12/site-packages/airflow/example_dags/example_trigger_controller_dag.py took 0.075 seconds
[2026-09-15T21:30:46.832+0000] {processor.py:161} INFO - Started process (PID=4845) to work on /home/airflow/.local/lib/python3.12/site-packages/airflow/example_dags/example_trigger_controller_dag.py
[2026-09-15T21:30:46.833+0000] {processor.py:830} INFO - Processing file /home/airflow/.local/lib/python3.12/site-packages/airflow/example_dags/example_trigger_controller_dag.py for tasks to queue
[2026-09-15T21:30:46.835+0000] {logging_mixin.py:188} INFO - [2026-09-15T21:30:46.835+0000] {dagbag.py:545} INFO - Filling up the DagBag from /home/airflow/.local/lib/python3.12/site-packages/airflow/example_dags/example_trigger_controller_dag.py
[2026-09-15T21:30:46.839+0000] {processor.py:840} INFO - DAG(s) 'example_trigger_controller_dag' retrieved from /home/airflow/.local/lib/python3.12/site-packages/airflow/example_dags/example_trigger_controller_dag.py
[2026-09-15T21:30:46.856+0000] {logging_mixin.py:188} INFO - [2026-09-15T21:30:46.856+0000] {dag.py:3089} INFO - Sync 1 DAGs
[2026-09-15T21:30:46.870+0000] {logging_mixin.py:188} INFO - [2026-09-15T21:30:46.869+0000] {dag.py:3947} INFO - Setting next_dagrun for example_trigger_controller_dag to 2021-01-01 00:00:00+00:00, run_after=2021-01-01 00:00:00+00:00
[2026-09-15T21:30:46.883+0000] {processor.py:183} INFO - Processing /home/airflow/.local/lib/python3.12/site-packages/airflow/example_dags/example_trigger_controller_dag.py took 0.055 seconds
[2026-09-15T21:31:17.379+0000] {processor.py:161} INFO - Started process (PID=5107) to work on /home/airflow/.local/lib/python3.12/site-packages/airflow/example_dags/example_trigger_controller_dag.py
[2026-09-15T21:31:17.380+0000] {processor.py:830} INFO - Processing file /home/airflow/.local/lib/python3.12/site-packages/airflow/example_dags/example_trigger_controller_dag.py for tasks to queue
[2026-09-15T21:31:17.382+0000] {logging_mixin.py:188} INFO - [2026-09-15T21:31:17.382+0000] {dagbag.py:545} INFO - Filling up the DagBag from /home/airflow/.local/lib/python3.12/site-packages/airflow/example_dags/example_trigger_controller_dag.py
[2026-09-15T21:31:17.386+0000] {processor.py:840} INFO - DAG(s) 'example_trigger_controller_dag' retrieved from /home/airflow/.local/lib/python3.12/site-packages/airflow/example_dags/example_trigger_controller_dag.py
[2026-09-15T21:31:17.407+0000] {logging_mixin.py:188} INFO - [2026-09-15T21:31:17.406+0000] {dag.py:3089} INFO - Sync 1 DAGs
[2026-09-15T21:31:17.427+0000] {logging_mixin.py:188} INFO - [2026-09-15T21:31:17.427+0000] {dag.py:3947} INFO - Setting next_dagrun for example_trigger_controller_dag to 2021-01-01 00:00:00+00:00, run_after=2021-01-01 00:00:00+00:00
[2026-09-15T21:31:17.446+0000] {processor.py:183} INFO - Processing /home/airflow/.local/lib/python3.12/site-packages/airflow/example_dags/example_trigger_controller_dag.py took 0.071 seconds
[2026-09-15T21:31:48.135+0000] {processor.py:161} INFO - Started process (PID=5369) to work on /home/airflow/.local/lib/python3.12/site-packages/airflow/example_dags/example_trigger_controller_dag.py
[2026-09-15T21:31:48.136+0000] {processor.py:830} INFO - Processing file /home/airflow/.local/lib/python3.12/site-packages/airflow/example_dags/example_trigger_controller_dag.py for tasks to queue
[2026-09-15T21:31:48.138+0000] {logging_mixin.py:188} INFO - [2026-09-15T21:31:48.138+0000] {dagbag.py:545} INFO - Filling up the DagBag from /home/airflow/.local/lib/python3.12/site-packages/airflow/example_dags/example_trigger_controller_dag.py
[2026-09-15T21:31:48.142+0000] {processor.py:840} INFO - DAG(s) 'example_trigger_controller_dag' retrieved from /home/airflow/.local/lib/python3.12/site-packages/airflow/example_dags/example_trigger_controller_dag.py
[2026-09-15T21:31:48.161+0000] {logging_mixin.py:188} INFO - [2026-09-15T21:31:48.161+0000] {dag.py:3089} INFO - Sync 1 DAGs
[2026-09-15T21:31:48.176+0000] {logging_mixin.py:188} INFO - [2026-09-15T21:31:48.176+0000] {dag.py:3947} INFO - Setting next_dagrun for example_trigger_controller_dag to 2021-01-01 00:00:00+00:00, run_after=2021-01-01 00:00:00+00:00
[2026-09-15T21:31:48.190+0000] {processor.py:183} INFO - Processing /home/airflow/.local/lib/python3.12/site-packages/airflow/example_dags/example_trigger_controller_dag.py took 0.060 seconds
[2026-09-15T21:32:18.315+0000] {processor.py:161} INFO - Started process (PID=5631) to work on /home/airflow/.local/lib/python3.12/site-packages/airflow/example_dags/example_trigger_controller_dag.py
[2026-09-15T21:32:18.317+0000] {processor.py:830} INFO - Processing file /home/airflow/.local/lib/python3.12/site-packages/airflow/example_dags/example_trigger_controller_dag.py for tasks to queue
[2026-09-15T21:32:18.319+0000] {logging_mixin.py:188} INFO - [2026-09-15T21:32:18.319+0000] {dagbag.py:545} INFO - Filling up the DagBag from /home/airflow/.local/lib/python3.12/site-packages/airflow/example_dags/example_trigger_controller_dag.py
[2026-09-15T21:32:18.327+0000] {processor.py:840} INFO - DAG(s) 'example_trigger_controller_dag' retrieved from /home/airflow/.local/lib/python3.12/site-packages/airflow/example_dags/example_trigger_controller_dag.py
[2026-09-15T21:32:18.352+0000] {logging_mixin.py:188} INFO - [2026-09-15T21:32:18.351+0000] {dag.py:3089} INFO - Sync 1 DAGs
[2026-09-15T21:32:18.374+0000] {logging_mixin.py:188} INFO - [2026-09-15T21:32:18.373+0000] {dag.py:3947} INFO - Setting next_dagrun for example_trigger_controller_dag to 2021-01-01 00:00:00+00:00, run_after=2021-01-01 00:00:00+00:00
[2026-09-15T21:32:18.399+0000] {processor.py:183} INFO - Processing /home/airflow/.local/lib/python3.12/site-packages/airflow/example_dags/example_trigger_controller_dag.py took 0.090 seconds
[2026-09-15T21:32:48.444+0000] {processor.py:161} INFO - Started process (PID=5891) to work on /home/airflow/.local/lib/python3.12/site-packages/airflow/example_dags/example_trigger_controller_dag.py
[2026-09-15T21:32:48.445+0000] {processor.py:830} INFO - Processing file /home/airflow/.local/lib/python3.12/site-packages/airflow/example_dags/example_trigger_controller_dag.py for tasks to queue
[2026-09-15T21:32:48.447+0000] {logging_mixin.py:188} INFO - [2026-09-15T21:32:48.447+0000] {dagbag.py:545} INFO - Filling up the DagBag from /home/airflow/.local/lib/python3.12/site-packages/airflow/example_dags/example_trigger_controller_dag.py
[2026-09-15T21:32:48.451+0000] {processor.py:840} INFO - DAG(s) 'example_trigger_controller_dag' retrieved from /home/airflow/.local/lib/python3.12/site-packages/airflow/example_dags/example_trigger_controller_dag.py
[2026-09-15T21:32:48.467+0000] {logging_mixin.py:188} INFO - [2026-09-15T21:32:48.467+0000] {dag.py:3089} INFO - Sync 1 DAGs
[2026-09-15T21:32:48.482+0000] {logging_mixin.py:188} INFO - [2026-09-15T21:32:48.482+0000] {dag.py:3947} INFO - Setting next_dagrun for example_trigger_controller_dag to 2021-01-01 00:00:00+00:00, run_after=2021-01-01 00:00:00+00:00
[2026-09-15T21:32:48.497+0000] {processor.py:183} INFO - Processing /home/airflow/.local/lib/python3.12/site-packages/airflow/example_dags/example_trigger_controller_dag.py took 0.057 seconds
[2026-09-15T21:33:19.599+0000] {processor.py:161} INFO - Started process (PID=6153) to work on /home/airflow/.local/lib/python3.12/site-packages/airflow/example_dags/example_trigger_controller_dag.py
[2026-09-15T21:33:19.600+0000] {processor.py:830} INFO - Processing file /home/airflow/.local/lib/python3.12/site-packages/airflow/example_dags/example_trigger_controller_dag.py for tasks to queue
[2026-09-15T21:33:19.602+0000] {logging_mixin.py:188} INFO - [2026-09-15T21:33:19.602+0000] {dagbag.py:545} INFO - Filling up the DagBag from /home/airflow/.local/lib/python3.12/site-packages/airflow/example_dags/example_trigger_controller_dag.py
[2026-09-15T21:33:19.606+0000] {processor.py:840} INFO - DAG(s) 'example_trigger_controller_dag' retrieved from /home/airflow/.local/lib/python3.12/site-packages/airflow/example_dags/example_trigger_controller_dag.py
[2026-09-15T21:33:19.622+0000] {logging_mixin.py:188} INFO - [2026-09-15T21:33:19.621+0000] {dag.py:3089} INFO - Sync 1 DAGs
[2026-09-15T21:33:19.637+0000] {logging_mixin.py:188} INFO - [2026-09-15T21:33:19.636+0000] {dag.py:3947} INFO - Setting next_dagrun for example_trigger_controller_dag to 2021-01-01 00:00:00+00:00, run_after=2021-01-01 00:00:00+00:00
[2026-09-15T21:33:19.652+0000] {processor.py:183} INFO - Processing /home/airflow/.local/lib/python3.12/site-packages/airflow/example_dags/example_trigger_controller_dag.py took 0.057 seconds
[2026-09-15T21:33:50.737+0000] {processor.py:161} INFO - Started process (PID=6419) to work on /home/airflow/.local/lib/python3.12/site-packages/airflow/example_dags/example_trigger_controller_dag.py
[2026-09-15T21:33:50.738+0000] {processor.py:830} INFO - Processing file /home/airflow/.local/lib/python3.12/site-packages/airflow/example_dags/example_trigger_controller_dag.py for tasks to queue
[2026-09-15T21:33:50.740+0000] {logging_mixin.py:188} INFO - [2026-09-15T21:33:50.740+0000] {dagbag.py:545} INFO - Filling up the DagBag from /home/airflow/.local/lib/python3.12/site-packages/airflow/example_dags/example_trigger_controller_dag.py
[2026-09-15T21:33:50.744+0000] {processor.py:840} INFO - DAG(s) 'example_trigger_controller_dag' retrieved from /home/airflow/.local/lib/python3.12/site-packages/airflow/example_dags/example_trigger_controller_dag.py
[2026-09-15T21:33:50.760+0000] {logging_mixin.py:188} INFO - [2026-09-15T21:33:50.760+0000] {dag.py:3089} INFO - Sync 1 DAGs
[2026-09-15T21:33:50.779+0000] {logging_mixin.py:188} INFO - [2026-09-15T21:33:50.779+0000] {dag.py:3947} INFO - Setting next_dagrun for example_trigger_controller_dag to 2021-01-01 00:00:00+00:00, run_after=2021-01-01 00:00:00+00:00
[2026-09-15T21:33:50.795+0000] {processor.py:183} INFO - Processing /home/airflow/.local/lib/python3.12/site-packages/airflow/example_dags/example_trigger_controller_dag.py took 0.063 seconds
[2026-09-15T21:34:21.086+0000] {processor.py:161} INFO - Started process (PID=6683) to work on /home/airflow/.local/lib/python3.12/site-packages/airflow/example_dags/example_trigger_controller_dag.py
[2026-09-15T21:34:21.087+0000] {processor.py:830} INFO - Processing file /home/airflow/.local/lib/python3.12/site-packages/airflow/example_dags/example_trigger_controller_dag.py for tasks to queue
[2026-09-15T21:34:21.089+0000] {logging_mixin.py:188} INFO - [2026-09-15T21:34:21.089+0000] {dagbag.py:545} INFO - Filling up the DagBag from /home/airflow/.local/lib/python3.12/site-packages/airflow/example_dags/example_trigger_controller_dag.py
[2026-09-15T21:34:21.093+0000] {processor.py:840} INFO - DAG(s) 'example_trigger_controller_dag' retrieved from /home/airflow/.local/lib/python3.12/site-packages/airflow/example_dags/example_trigger_controller_dag.py
[2026-09-15T21:34:21.110+0000] {logging_mixin.py:188} INFO - [2026-09-15T21:34:21.109+0000] {dag.py:3089} INFO - Sync 1 DAGs
[2026-09-15T21:34:21.127+0000] {logging_mixin.py:188} INFO - [2026-09-15T21:34:21.127+0000] {dag.py:3947} INFO - Setting next_dagrun for example_trigger_controller_dag to 2021-01-01 00:00:00+00:00, run_after=2021-01-01 00:00:00+00:00
[2026-09-15T21:34:21.142+0000] {processor.py:183} INFO - Processing /home/airflow/.local/lib/python3.12/site-packages/airflow/example_dags/example_trigger_controller_dag.py took 0.060 seconds
[2026-09-15T21:34:51.439+0000] {processor.py:161} INFO - Started process (PID=6943) to work on /home/airflow/.local/lib/python3.12/site-packages/airflow/example_dags/example_trigger_controller_dag.py
[2026-09-15T21:34:51.440+0000] {processor.py:830} INFO - Processing file /home/airflow/.local/lib/python3.12/site-packages/airflow/example_dags/example_trigger_controller_dag.py for tasks to queue
[2026-09-15T21:34:51.441+0000] {logging_mixin.py:188} INFO - [2026-09-15T21:34:51.441+0000] {dagbag.py:545} INFO - Filling up the DagBag from /home/airflow/.local/lib/python3.12/site-packages/airflow/example_dags/example_trigger_controller_dag.py
[2026-09-15T21:34:51.446+0000] {processor.py:840} INFO - DAG(s) 'example_trigger_controller_dag' retrieved from /home/airflow/.local/lib/python3.12/site-packages/airflow/example_dags/example_trigger_controller_dag.py
[2026-09-15T21:34:51.467+0000] {logging_mixin.py:188} INFO - [2026-09-15T21:34:51.467+0000] {dag.py:3089} INFO - Sync 1 DAGs
[2026-09-15T21:34:51.488+0000] {logging_mixin.py:188} INFO - [2026-09-15T21:34:51.488+0000] {dag.py:3947} INFO - Setting next_dagrun for example_trigger_controller_dag to 2021-01-01 00:00:00+00:00, run_after=2021-01-01 00:00:00+00:00
[2026-09-15T21:34:51.505+0000] {processor.py:183} INFO - Processing /home/airflow/.local/lib/python3.12/site-packages/airflow/example_dags/example_trigger_controller_dag.py took 0.071 seconds
[2026-09-15T21:35:21.785+0000] {processor.py:161} INFO - Started process (PID=7209) to work on /home/airflow/.local/lib/python3.12/site-packages/airflow/example_dags/example_trigger_controller_dag.py
[2026-09-15T21:35:21.786+0000] {processor.py:830} INFO - Processing file /home/airflow/.local/lib/python3.12/site-packages/airflow/example_dags/example_trigger_controller_dag.py for tasks to queue
[2026-09-15T21:35:21.787+0000] {logging_mixin.py:188} INFO - [2026-09-15T21:35:21.787+0000] {dagbag.py:545} INFO - Filling up the DagBag from /home/airflow/.local/lib/python3.12/site-packages/airflow/example_dags/example_trigger_controller_dag.py
[2026-09-15T21:35:21.792+0000] {processor.py:840} INFO - DAG(s) 'example_trigger_controller_dag' retrieved from /home/airflow/.local/lib/python3.12/site-packages/airflow/example_dags/example_trigger_controller_dag.py
[2026-09-15T21:35:21.811+0000] {logging_mixin.py:188} INFO - [2026-09-15T21:35:21.810+0000] {dag.py:3089} INFO - Sync 1 DAGs
[2026-09-15T21:35:21.829+0000] {logging_mixin.py:188} INFO - [2026-09-15T21:35:21.829+0000] {dag.py:3947} INFO - Setting next_dagrun for example_trigger_controller_dag to 2021-01-01 00:00:00+00:00, run_after=2021-01-01 00:00:00+00:00
[2026-09-15T21:35:21.849+0000] {processor.py:183} INFO - Processing /home/airflow/.local/lib/python3.12/site-packages/airflow/example_dags/example_trigger_controller_dag.py took 0.069 seconds
[2026-09-15T21:35:51.995+0000] {processor.py:161} INFO - Started process (PID=7471) to work on /home/airflow/.local/lib/python3.12/site-packages/airflow/example_dags/example_trigger_controller_dag.py
[2026-09-15T21:35:51.997+0000] {processor.py:830} INFO - Processing file /home/airflow/.local/lib/python3.12/site-packages/airflow/example_dags/example_trigger_controller_dag.py for tasks to queue
[2026-09-15T21:35:51.999+0000] {logging_mixin.py:188} INFO - [2026-09-15T21:35:51.999+0000] {dagbag.py:545} INFO - Filling up the DagBag from /home/airflow/.local/lib/python3.12/site-packages/airflow/example_dags/example_trigger_controller_dag.py
[2026-09-15T21:35:52.004+0000] {processor.py:840} INFO - DAG(s) 'example_trigger_controller_dag' retrieved from /home/airflow/.local/lib/python3.12/site-packages/airflow/example_dags/example_trigger_controller_dag.py
[2026-09-15T21:35:52.024+0000] {logging_mixin.py:188} INFO - [2026-09-15T21:35:52.024+0000] {dag.py:3089} INFO - Sync 1 DAGs
[2026-09-15T21:35:52.043+0000] {logging_mixin.py:188} INFO - [2026-09-15T21:35:52.043+0000] {dag.py:3947} INFO - Setting next_dagrun for example_trigger_controller_dag to 2021-01-01 00:00:00+00:00, run_after=2021-01-01 00:00:00+00:00
[2026-09-15T21:35:52.059+0000] {processor.py:183} INFO - Processing /home/airflow/.local/lib/python3.12/site-packages/airflow/example_dags/example_trigger_controller_dag.py took 0.070 seconds
[2026-09-15T21:36:22.250+0000] {processor.py:161} INFO - Started process (PID=7733) to work on /home/airflow/.local/lib/python3.12/site-packages/airflow/example_dags/example_trigger_controller_dag.py
[2026-09-15T21:36:22.252+0000] {processor.py:830} INFO - Processing file /home/airflow/.local/lib/python3.12/site-packages/airflow/example_dags/example_trigger_controller_dag.py for tasks to queue
[2026-09-15T21:36:22.256+0000] {logging_mixin.py:188} INFO - [2026-09-15T21:36:22.256+0000] {dagbag.py:545} INFO - Filling up the DagBag from /home/airflow/.local/lib/python3.12/site-packages/airflow/example_dags/example_trigger_controller_dag.py
[2026-09-15T21:36:22.266+0000] {processor.py:840} INFO - DAG(s) 'example_trigger_controller_dag' retrieved from /home/airflow/.local/lib/python3.12/site-packages/airflow/example_dags/example_trigger_controller_dag.py
[2026-09-15T21:36:22.290+0000] {logging_mixin.py:188} INFO - [2026-09-15T21:36:22.290+0000] {dag.py:3089} INFO - Sync 1 DAGs
[2026-09-15T21:36:22.309+0000] {logging_mixin.py:188} INFO - [2026-09-15T21:36:22.309+0000] {dag.py:3947} INFO - Setting next_dagrun for example_trigger_controller_dag to 2021-01-01 00:00:00+00:00, run_after=2021-01-01 00:00:00+00:00
[2026-09-15T21:36:22.325+0000] {processor.py:183} INFO - Processing /home/airflow/.local/lib/python3.12/site-packages/airflow/example_dags/example_trigger_controller_dag.py took 0.083 seconds
[2026-09-15T21:36:52.635+0000] {processor.py:161} INFO - Started process (PID=7995) to work on /home/airflow/.local/lib/python3.12/site-packages/airflow/example_dags/example_trigger_controller_dag.py
[2026-09-15T21:36:52.636+0000] {processor.py:830} INFO - Processing file /home/airflow/.local/lib/python3.12/site-packages/airflow/example_dags/example_trigger_controller_dag.py for tasks to queue
[2026-09-15T21:36:52.638+0000] {logging_mixin.py:188} INFO - [2026-09-15T21:36:52.638+0000] {dagbag.py:545} INFO - Filling up the DagBag from /home/airflow/.local/lib/python3.12/site-packages/airflow/example_dags/example_trigger_controller_dag.py
[2026-09-15T21:36:52.641+0000] {processor.py:840} INFO - DAG(s) 'example_trigger_controller_dag' retrieved from /home/airflow/.local/lib/python3.12/site-packages/airflow/example_dags/example_trigger_controller_dag.py
[2026-09-15T21:36:52.659+0000] {logging_mixin.py:188} INFO - [2026-09-15T21:36:52.658+0000] {dag.py:3089} INFO - Sync 1 DAGs
[2026-09-15T21:36:52.674+0000] {logging_mixin.py:188} INFO - [2026-09-15T21:36:52.674+0000] {dag.py:3947} INFO - Setting next_dagrun for example_trigger_controller_dag to 2021-01-01 00:00:00+00:00, run_after=2021-01-01 00:00:00+00:00
[2026-09-15T21:36:52.689+0000] {processor.py:183} INFO - Processing /home/airflow/.local/lib/python3.12/site-packages/airflow/example_dags/example_trigger_controller_dag.py took 0.058 seconds
[2026-09-15T21:37:23.752+0000] {processor.py:161} INFO - Started process (PID=8259) to work on /home/airflow/.local/lib/python3.12/site-packages/airflow/example_dags/example_trigger_controller_dag.py
[2026-09-15T21:37:23.753+0000] {processor.py:830} INFO - Processing file /home/airflow/.local/lib/python3.12/site-packages/airflow/example_dags/example_trigger_controller_dag.py for tasks to queue
[2026-09-15T21:37:23.755+0000] {logging_mixin.py:188} INFO - [2026-09-15T21:37:23.754+0000] {dagbag.py:545} INFO - Filling up the DagBag from /home/airflow/.local/lib/python3.12/site-packages/airflow/example_dags/example_trigger_controller_dag.py
[2026-09-15T21:37:23.758+0000] {processor.py:840} INFO - DAG(s) 'example_trigger_controller_dag' retrieved from /home/airflow/.local/lib/python3.12/site-packages/airflow/example_dags/example_trigger_controller_dag.py
[2026-09-15T21:37:23.774+0000] {logging_mixin.py:188} INFO - [2026-09-15T21:37:23.774+0000] {dag.py:3089} INFO - Sync 1 DAGs
[2026-09-15T21:37:23.789+0000] {logging_mixin.py:188} INFO - [2026-09-15T21:37:23.789+0000] {dag.py:3947} INFO - Setting next_dagrun for example_trigger_controller_dag to 2021-01-01 00:00:00+00:00, run_after=2021-01-01 00:00:00+00:00
[2026-09-15T21:37:23.803+0000] {processor.py:183} INFO - Processing /home/airflow/.local/lib/python3.12/site-packages/airflow/example_dags/example_trigger_controller_dag.py took 0.056 seconds
[2026-09-15T21:37:54.314+0000] {processor.py:161} INFO - Started process (PID=8519) to work on /home/airflow/.local/lib/python3.12/site-packages/airflow/example_dags/example_trigger_controller_dag.py
[2026-09-15T21:37:54.315+0000] {processor.py:830} INFO - Processing file /home/airflow/.local/lib/python3.12/site-packages/airflow/example_dags/example_trigger_controller_dag.py for tasks to queue
[2026-09-15T21:37:54.317+0000] {logging_mixin.py:188} INFO - [2026-09-15T21:37:54.317+0000] {dagbag.py:545} INFO - Filling up the DagBag from /home/airflow/.local/lib/python3.12/site-packages/airflow/example_dags/example_trigger_controller_dag.py
[2026-09-15T21:37:54.321+0000] {processor.py:840} INFO - DAG(s) 'example_trigger_controller_dag' retrieved from /home/airflow/.local/lib/python3.12/site-packages/airflow/example_dags/example_trigger_controller_dag.py
[2026-09-15T21:37:54.339+0000] {logging_mixin.py:188} INFO - [2026-09-15T21:37:54.339+0000] {dag.py:3089} INFO - Sync 1 DAGs
[2026-09-15T21:37:54.356+0000] {logging_mixin.py:188} INFO - [2026-09-15T21:37:54.356+0000] {dag.py:3947} INFO - Setting next_dagrun for example_trigger_controller_dag to 2021-01-01 00:00:00+00:00, run_after=2021-01-01 00:00:00+00:00
[2026-09-15T21:37:54.374+0000] {processor.py:183} INFO - Processing /home/airflow/.local/lib/python3.12/site-packages/airflow/example_dags/example_trigger_controller_dag.py took 0.066 seconds
[2026-09-15T21:38:24.760+0000] {processor.py:161} INFO - Started process (PID=8781) to work on /home/airflow/.local/lib/python3.12/site-packages/airflow/example_dags/example_trigger_controller_dag.py
[2026-09-15T21:38:24.761+0000] {processor.py:830} INFO - Processing file /home/airflow/.local/lib/python3.12/site-packages/airflow/example_dags/example_trigger_controller_dag.py for tasks to queue
[2026-09-15T21:38:24.763+0000] {logging_mixin.py:188} INFO - [2026-09-15T21:38:24.763+0000] {dagbag.py:545} INFO - Filling up the DagBag from /home/airflow/.local/lib/python3.12/site-packages/airflow/example_dags/example_trigger_controller_dag.py
[2026-09-15T21:38:24.767+0000] {processor.py:840} INFO - DAG(s) 'example_trigger_controller_dag' retrieved from /home/airflow/.local/lib/python3.12/site-packages/airflow/example_dags/example_trigger_controller_dag.py
[2026-09-15T21:38:24.785+0000] {logging_mixin.py:188} INFO - [2026-09-15T21:38:24.785+0000] {dag.py:3089} INFO - Sync 1 DAGs
[2026-09-15T21:38:24.803+0000] {logging_mixin.py:188} INFO - [2026-09-15T21:38:24.802+0000] {dag.py:3947} INFO - Setting next_dagrun for example_trigger_controller_dag to 2021-01-01 00:00:00+00:00, run_after=2021-01-01 00:00:00+00:00
[2026-09-15T21:38:24.818+0000] {processor.py:183} INFO - Processing /home/airflow/.local/lib/python3.12/site-packages/airflow/example_dags/example_trigger_controller_dag.py took 0.063 seconds
[2026-09-15T21:38:55.721+0000] {processor.py:161} INFO - Started process (PID=9072) to work on /home/airflow/.local/lib/python3.12/site-packages/airflow/example_dags/example_trigger_controller_dag.py
[2026-09-15T21:38:55.723+0000] {processor.py:830} INFO - Processing file /home/airflow/.local/lib/python3.12/site-packages/airflow/example_dags/example_trigger_controller_dag.py for tasks to queue
[2026-09-15T21:38:55.725+0000] {logging_mixin.py:188} INFO - [2026-09-15T21:38:55.725+0000] {dagbag.py:545} INFO - Filling up the DagBag from /home/airflow/.local/lib/python3.12/site-packages/airflow/example_dags/example_trigger_controller_dag.py
[2026-09-15T21:38:55.729+0000] {processor.py:840} INFO - DAG(s) 'example_trigger_controller_dag' retrieved from /home/airflow/.local/lib/python3.12/site-packages/airflow/example_dags/example_trigger_controller_dag.py
[2026-09-15T21:38:55.748+0000] {logging_mixin.py:188} INFO - [2026-09-15T21:38:55.748+0000] {dag.py:3089} INFO - Sync 1 DAGs
[2026-09-15T21:38:55.766+0000] {logging_mixin.py:188} INFO - [2026-09-15T21:38:55.766+0000] {dag.py:3947} INFO - Setting next_dagrun for example_trigger_controller_dag to 2021-01-01 00:00:00+00:00, run_after=2021-01-01 00:00:00+00:00
[2026-09-15T21:38:55.784+0000] {processor.py:183} INFO - Processing /home/airflow/.local/lib/python3.12/site-packages/airflow/example_dags/example_trigger_controller_dag.py took 0.069 seconds
[2026-09-15T21:39:25.907+0000] {processor.py:161} INFO - Started process (PID=9329) to work on /home/airflow/.local/lib/python3.12/site-packages/airflow/example_dags/example_trigger_controller_dag.py
[2026-09-15T21:39:25.909+0000] {processor.py:830} INFO - Processing file /home/airflow/.local/lib/python3.12/site-packages/airflow/example_dags/example_trigger_controller_dag.py for tasks to queue
[2026-09-15T21:39:25.912+0000] {logging_mixin.py:188} INFO - [2026-09-15T21:39:25.911+0000] {dagbag.py:545} INFO - Filling up the DagBag from /home/airflow/.local/lib/python3.12/site-packages/airflow/example_dags/example_trigger_controller_dag.py
[2026-09-15T21:39:25.918+0000] {processor.py:840} INFO - DAG(s) 'example_trigger_controller_dag' retrieved from /home/airflow/.local/lib/python3.12/site-packages/airflow/example_dags/example_trigger_controller_dag.py
[2026-09-15T21:39:25.945+0000] {logging_mixin.py:188} INFO - [2026-09-15T21:39:25.944+0000] {dag.py:3089} INFO - Sync 1 DAGs
[2026-09-15T21:39:25.973+0000] {logging_mixin.py:188} INFO - [2026-09-15T21:39:25.973+0000] {dag.py:3947} INFO - Setting next_dagrun for example_trigger_controller_dag to 2021-01-01 00:00:00+00:00, run_after=2021-01-01 00:00:00+00:00
[2026-09-15T21:39:26.000+0000] {processor.py:183} INFO - Processing /home/airflow/.local/lib/python3.12/site-packages/airflow/example_dags/example_trigger_controller_dag.py took 0.098 seconds
[2026-09-15T21:39:56.095+0000] {processor.py:161} INFO - Started process (PID=9591) to work on /home/airflow/.local/lib/python3.12/site-packages/airflow/example_dags/example_trigger_controller_dag.py
[2026-09-15T21:39:56.096+0000] {processor.py:830} INFO - Processing file /home/airflow/.local/lib/python3.12/site-packages/airflow/example_dags/example_trigger_controller_dag.py for tasks to queue
[2026-09-15T21:39:56.098+0000] {logging_mixin.py:188} INFO - [2026-09-15T21:39:56.098+0000] {dagbag.py:545} INFO - Filling up the DagBag from /home/airflow/.local/lib/python3.12/site-packages/airflow/example_dags/example_trigger_controller_dag.py
[2026-09-15T21:39:56.102+0000] {processor.py:840} INFO - DAG(s) 'example_trigger_controller_dag' retrieved from /home/airflow/.local/lib/python3.12/site-packages/airflow/example_dags/example_trigger_controller_dag.py
[2026-09-15T21:39:56.118+0000] {logging_mixin.py:188} INFO - [2026-09-15T21:39:56.118+0000] {dag.py:3089} INFO - Sync 1 DAGs
[2026-09-15T21:39:56.133+0000] {logging_mixin.py:188} INFO - [2026-09-15T21:39:56.132+0000] {dag.py:3947} INFO - Setting next_dagrun for example_trigger_controller_dag to 2021-01-01 00:00:00+00:00, run_after=2021-01-01 00:00:00+00:00
[2026-09-15T21:39:56.153+0000] {processor.py:183} INFO - Processing /home/airflow/.local/lib/python3.12/site-packages/airflow/example_dags/example_trigger_controller_dag.py took 0.062 seconds
[2026-09-15T21:40:26.315+0000] {processor.py:161} INFO - Started process (PID=9853) to work on /home/airflow/.local/lib/python3.12/site-packages/airflow/example_dags/example_trigger_controller_dag.py
[2026-09-15T21:40:26.316+0000] {processor.py:830} INFO - Processing file /home/airflow/.local/lib/python3.12/site-packages/airflow/example_dags/example_trigger_controller_dag.py for tasks to queue
[2026-09-15T21:40:26.318+0000] {logging_mixin.py:188} INFO - [2026-09-15T21:40:26.318+0000] {dagbag.py:545} INFO - Filling up the DagBag from /home/airflow/.local/lib/python3.12/site-packages/airflow/example_dags/example_trigger_controller_dag.py
[2026-09-15T21:40:26.323+0000] {processor.py:840} INFO - DAG(s) 'example_trigger_controller_dag' retrieved from /home/airflow/.local/lib/python3.12/site-packages/airflow/example_dags/example_trigger_controller_dag.py
[2026-09-15T21:40:26.344+0000] {logging_mixin.py:188} INFO - [2026-09-15T21:40:26.343+0000] {dag.py:3089} INFO - Sync 1 DAGs
[2026-09-15T21:40:26.363+0000] {logging_mixin.py:188} INFO - [2026-09-15T21:40:26.363+0000] {dag.py:3947} INFO - Setting next_dagrun for example_trigger_controller_dag to 2021-01-01 00:00:00+00:00, run_after=2021-01-01 00:00:00+00:00
[2026-09-15T21:40:26.379+0000] {processor.py:183} INFO - Processing /home/airflow/.local/lib/python3.12/site-packages/airflow/example_dags/example_trigger_controller_dag.py took 0.069 seconds
[2026-09-15T21:40:56.971+0000] {processor.py:161} INFO - Started process (PID=10115) to work on /home/airflow/.local/lib/python3.12/site-packages/airflow/example_dags/example_trigger_controller_dag.py
[2026-09-15T21:40:56.973+0000] {processor.py:830} INFO - Processing file /home/airflow/.local/lib/python3.12/site-packages/airflow/example_dags/example_trigger_controller_dag.py for tasks to queue
[2026-09-15T21:40:56.974+0000] {logging_mixin.py:188} INFO - [2026-09-15T21:40:56.974+0000] {dagbag.py:545} INFO - Filling up the DagBag from /home/airflow/.local/lib/python3.12/site-packages/airflow/example_dags/example_trigger_controller_dag.py
[2026-09-15T21:40:56.979+0000] {processor.py:840} INFO - DAG(s) 'example_trigger_controller_dag' retrieved from /home/airflow/.local/lib/python3.12/site-packages/airflow/example_dags/example_trigger_controller_dag.py
[2026-09-15T21:40:57.001+0000] {logging_mixin.py:188} INFO - [2026-09-15T21:40:57.000+0000] {dag.py:3089} INFO - Sync 1 DAGs
[2026-09-15T21:40:57.025+0000] {logging_mixin.py:188} INFO - [2026-09-15T21:40:57.025+0000] {dag.py:3947} INFO - Setting next_dagrun for example_trigger_controller_dag to 2021-01-01 00:00:00+00:00, run_after=2021-01-01 00:00:00+00:00
[2026-09-15T21:40:57.049+0000] {processor.py:183} INFO - Processing /home/airflow/.local/lib/python3.12/site-packages/airflow/example_dags/example_trigger_controller_dag.py took 0.083 seconds
[2026-09-15T21:41:27.959+0000] {processor.py:161} INFO - Started process (PID=10379) to work on /home/airflow/.local/lib/python3.12/site-packages/airflow/example_dags/example_trigger_controller_dag.py
[2026-09-15T21:41:27.960+0000] {processor.py:830} INFO - Processing file /home/airflow/.local/lib/python3.12/site-packages/airflow/example_dags/example_trigger_controller_dag.py for tasks to queue
[2026-09-15T21:41:27.962+0000] {logging_mixin.py:188} INFO - [2026-09-15T21:41:27.962+0000] {dagbag.py:545} INFO - Filling up the DagBag from /home/airflow/.local/lib/python3.12/site-packages/airflow/example_dags/example_trigger_controller_dag.py
[2026-09-15T21:41:27.966+0000] {processor.py:840} INFO - DAG(s) 'example_trigger_controller_dag' retrieved from /home/airflow/.local/lib/python3.12/site-packages/airflow/example_dags/example_trigger_controller_dag.py
[2026-09-15T21:41:27.984+0000] {logging_mixin.py:188} INFO - [2026-09-15T21:41:27.984+0000] {dag.py:3089} INFO - Sync 1 DAGs
[2026-09-15T21:41:28.002+0000] {logging_mixin.py:188} INFO - [2026-09-15T21:41:28.002+0000] {dag.py:3947} INFO - Setting next_dagrun for example_trigger_controller_dag to 2021-01-01 00:00:00+00:00, run_after=2021-01-01 00:00:00+00:00
[2026-09-15T21:41:28.017+0000] {processor.py:183} INFO - Processing /home/airflow/.local/lib/python3.12/site-packages/airflow/example_dags/example_trigger_controller_dag.py took 0.063 seconds
[2026-09-15T21:41:58.818+0000] {processor.py:161} INFO - Started process (PID=10641) to work on /home/airflow/.local/lib/python3.12/site-packages/airflow/example_dags/example_trigger_controller_dag.py
[2026-09-15T21:41:58.819+0000] {processor.py:830} INFO - Processing file /home/airflow/.local/lib/python3.12/site-packages/airflow/example_dags/example_trigger_controller_dag.py for tasks to queue
[2026-09-15T21:41:58.821+0000] {logging_mixin.py:188} INFO - [2026-09-15T21:41:58.821+0000] {dagbag.py:545} INFO - Filling up the DagBag from /home/airflow/.local/lib/python3.12/site-packages/airflow/example_dags/example_trigger_controller_dag.py
[2026-09-15T21:41:58.825+0000] {processor.py:840} INFO - DAG(s) 'example_trigger_controller_dag' retrieved from /home/airflow/.local/lib/python3.12/site-packages/airflow/example_dags/example_trigger_controller_dag.py
[2026-09-15T21:41:58.841+0000] {logging_mixin.py:188} INFO - [2026-09-15T21:41:58.840+0000] {dag.py:3089} INFO - Sync 1 DAGs
[2026-09-15T21:41:58.986+0000] {logging_mixin.py:188} INFO - [2026-09-15T21:41:58.986+0000] {dag.py:3947} INFO - Setting next_dagrun for example_trigger_controller_dag to 2021-01-01 00:00:00+00:00, run_after=2021-01-01 00:00:00+00:00
[2026-09-15T21:41:59.001+0000] {processor.py:183} INFO - Processing /home/airflow/.local/lib/python3.12/site-packages/airflow/example_dags/example_trigger_controller_dag.py took 0.187 seconds
[2026-09-15T21:42:29.447+0000] {processor.py:161} INFO - Started process (PID=10901) to work on /home/airflow/.local/lib/python3.12/site-packages/airflow/example_dags/example_trigger_controller_dag.py
[2026-09-15T21:42:29.449+0000] {processor.py:830} INFO - Processing file /home/airflow/.local/lib/python3.12/site-packages/airflow/example_dags/example_trigger_controller_dag.py for tasks to queue
[2026-09-15T21:42:29.451+0000] {logging_mixin.py:188} INFO - [2026-09-15T21:42:29.451+0000] {dagbag.py:545} INFO - Filling up the DagBag from /home/airflow/.local/lib/python3.12/site-packages/airflow/example_dags/example_trigger_controller_dag.py
[2026-09-15T21:42:29.455+0000] {processor.py:840} INFO - DAG(s) 'example_trigger_controller_dag' retrieved from /home/airflow/.local/lib/python3.12/site-packages/airflow/example_dags/example_trigger_controller_dag.py
[2026-09-15T21:42:29.471+0000] {logging_mixin.py:188} INFO - [2026-09-15T21:42:29.470+0000] {dag.py:3089} INFO - Sync 1 DAGs
[2026-09-15T21:42:29.622+0000] {logging_mixin.py:188} INFO - [2026-09-15T21:42:29.622+0000] {dag.py:3947} INFO - Setting next_dagrun for example_trigger_controller_dag to 2021-01-01 00:00:00+00:00, run_after=2021-01-01 00:00:00+00:00
[2026-09-15T21:42:29.637+0000] {processor.py:183} INFO - Processing /home/airflow/.local/lib/python3.12/site-packages/airflow/example_dags/example_trigger_controller_dag.py took 0.195 seconds
[2026-09-15T21:42:59.817+0000] {processor.py:161} INFO - Started process (PID=11164) to work on /home/airflow/.local/lib/python3.12/site-packages/airflow/example_dags/example_trigger_controller_dag.py
[2026-09-15T21:42:59.818+0000] {processor.py:830} INFO - Processing file /home/airflow/.local/lib/python3.12/site-packages/airflow/example_dags/example_trigger_controller_dag.py for tasks to queue
[2026-09-15T21:42:59.819+0000] {logging_mixin.py:188} INFO - [2026-09-15T21:42:59.819+0000] {dagbag.py:545} INFO - Filling up the DagBag from /home/airflow/.local/lib/python3.12/site-packages/airflow/example_dags/example_trigger_controller_dag.py
[2026-09-15T21:42:59.823+0000] {processor.py:840} INFO - DAG(s) 'example_trigger_controller_dag' retrieved from /home/airflow/.local/lib/python3.12/site-packages/airflow/example_dags/example_trigger_controller_dag.py
[2026-09-15T21:42:59.841+0000] {logging_mixin.py:188} INFO - [2026-09-15T21:42:59.841+0000] {dag.py:3089} INFO - Sync 1 DAGs
[2026-09-15T21:42:59.861+0000] {logging_mixin.py:188} INFO - [2026-09-15T21:42:59.860+0000] {dag.py:3947} INFO - Setting next_dagrun for example_trigger_controller_dag to 2021-01-01 00:00:00+00:00, run_after=2021-01-01 00:00:00+00:00
[2026-09-15T21:42:59.876+0000] {processor.py:183} INFO - Processing /home/airflow/.local/lib/python3.12/site-packages/airflow/example_dags/example_trigger_controller_dag.py took 0.063 seconds
[2026-09-15T21:43:30.100+0000] {processor.py:161} INFO - Started process (PID=11427) to work on /home/airflow/.local/lib/python3.12/site-packages/airflow/example_dags/example_trigger_controller_dag.py
[2026-09-15T21:43:30.101+0000] {processor.py:830} INFO - Processing file /home/airflow/.local/lib/python3.12/site-packages/airflow/example_dags/example_trigger_controller_dag.py for tasks to queue
[2026-09-15T21:43:30.103+0000] {logging_mixin.py:188} INFO - [2026-09-15T21:43:30.103+0000] {dagbag.py:545} INFO - Filling up the DagBag from /home/airflow/.local/lib/python3.12/site-packages/airflow/example_dags/example_trigger_controller_dag.py
[2026-09-15T21:43:30.108+0000] {processor.py:840} INFO - DAG(s) 'example_trigger_controller_dag' retrieved from /home/airflow/.local/lib/python3.12/site-packages/airflow/example_dags/example_trigger_controller_dag.py
[2026-09-15T21:43:30.125+0000] {logging_mixin.py:188} INFO - [2026-09-15T21:43:30.124+0000] {dag.py:3089} INFO - Sync 1 DAGs
[2026-09-15T21:43:30.143+0000] {logging_mixin.py:188} INFO - [2026-09-15T21:43:30.143+0000] {dag.py:3947} INFO - Setting next_dagrun for example_trigger_controller_dag to 2021-01-01 00:00:00+00:00, run_after=2021-01-01 00:00:00+00:00
[2026-09-15T21:43:30.158+0000] {processor.py:183} INFO - Processing /home/airflow/.local/lib/python3.12/site-packages/airflow/example_dags/example_trigger_controller_dag.py took 0.063 seconds
[2026-09-15T21:44:00.198+0000] {processor.py:161} INFO - Started process (PID=11689) to work on /home/airflow/.local/lib/python3.12/site-packages/airflow/example_dags/example_trigger_controller_dag.py
[2026-09-15T21:44:00.199+0000] {processor.py:830} INFO - Processing file /home/airflow/.local/lib/python3.12/site-packages/airflow/example_dags/example_trigger_controller_dag.py for tasks to queue
[2026-09-15T21:44:00.201+0000] {logging_mixin.py:188} INFO - [2026-09-15T21:44:00.201+0000] {dagbag.py:545} INFO - Filling up the DagBag from /home/airflow/.local/lib/python3.12/site-packages/airflow/example_dags/example_trigger_controller_dag.py
[2026-09-15T21:44:00.205+0000] {processor.py:840} INFO - DAG(s) 'example_trigger_controller_dag' retrieved from /home/airflow/.local/lib/python3.12/site-packages/airflow/example_dags/example_trigger_controller_dag.py
[2026-09-15T21:44:00.220+0000] {logging_mixin.py:188} INFO - [2026-09-15T21:44:00.219+0000] {dag.py:3089} INFO - Sync 1 DAGs
[2026-09-15T21:44:00.234+0000] {logging_mixin.py:188} INFO - [2026-09-15T21:44:00.234+0000] {dag.py:3947} INFO - Setting next_dagrun for example_trigger_controller_dag to 2021-01-01 00:00:00+00:00, run_after=2021-01-01 00:00:00+00:00
[2026-09-15T21:44:00.249+0000] {processor.py:183} INFO - Processing /home/airflow/.local/lib/python3.12/site-packages/airflow/example_dags/example_trigger_controller_dag.py took 0.055 seconds
[2026-09-15T21:44:30.425+0000] {processor.py:161} INFO - Started process (PID=11949) to work on /home/airflow/.local/lib/python3.12/site-packages/airflow/example_dags/example_trigger_controller_dag.py
[2026-09-15T21:44:30.426+0000] {processor.py:830} INFO - Processing file /home/airflow/.local/lib/python3.12/site-packages/airflow/example_dags/example_trigger_controller_dag.py for tasks to queue
[2026-09-15T21:44:30.429+0000] {logging_mixin.py:188} INFO - [2026-09-15T21:44:30.428+0000] {dagbag.py:545} INFO - Filling up the DagBag from /home/airflow/.local/lib/python3.12/site-packages/airflow/example_dags/example_trigger_controller_dag.py
[2026-09-15T21:44:30.434+0000] {processor.py:840} INFO - DAG(s) 'example_trigger_controller_dag' retrieved from /home/airflow/.local/lib/python3.12/site-packages/airflow/example_dags/example_trigger_controller_dag.py
[2026-09-15T21:44:30.460+0000] {logging_mixin.py:188} INFO - [2026-09-15T21:44:30.459+0000] {dag.py:3089} INFO - Sync 1 DAGs
[2026-09-15T21:44:30.490+0000] {logging_mixin.py:188} INFO - [2026-09-15T21:44:30.490+0000] {dag.py:3947} INFO - Setting next_dagrun for example_trigger_controller_dag to 2021-01-01 00:00:00+00:00, run_after=2021-01-01 00:00:00+00:00
[2026-09-15T21:44:30.510+0000] {processor.py:183} INFO - Processing /home/airflow/.local/lib/python3.12/site-packages/airflow/example_dags/example_trigger_controller_dag.py took 0.090 seconds
