[2026-09-15T21:00:58.578+0000] {processor.py:161} INFO - Started process (PID=64) to work on /home/airflow/.local/lib/python3.12/site-packages/airflow/example_dags/example_kubernetes_executor.py
[2026-09-15T21:00:58.580+0000] {processor.py:830} INFO - Processing file /home/airflow/.local/lib/python3.12/site-packages/airflow/example_dags/example_kubernetes_executor.py for tasks to queue
[2026-09-15T21:00:58.583+0000] {logging_mixin.py:188} INFO - [2026-09-15T21:00:58.582+0000] {dagbag.py:545} INFO - Filling up the DagBag from /home/airflow/.local/lib/python3.12/site-packages/airflow/example_dags/example_kubernetes_executor.py
[2026-09-15T21:00:58.594+0000] {processor.py:840} INFO - DAG(s) 'example_kubernetes_executor' retrieved from /home/airflow/.local/lib/python3.12/site-packages/airflow/example_dags/example_kubernetes_executor.py
[2026-09-15T21:00:58.608+0000] {logging_mixin.py:188} INFO - [2026-09-15T21:00:58.608+0000] {dag.py:3089} INFO - Sync 1 DAGs
[2026-09-15T21:00:58.620+0000] {logging_mixin.py:188} INFO - [2026-09-15T21:00:58.620+0000] {dag.py:3947} INFO - Setting next_dagrun for example_kubernetes_executor to None, run_after=None
[2026-09-15T21:00:58.642+0000] {processor.py:183} INFO - Processing /home/airflow/.local/lib/python3.12/site-packages/airflow/example_dags/example_kubernetes_executor.py took 0.069 seconds
[2026-09-15T21:01:30.054+0000] {processor.py:161} INFO - Started process (PID=122) to work on /home/airflow/.local/lib/python3.12/site-packages/airflow/example_dags/example_kubernetes_executor.py
[2026-09-15T21:01:30.056+0000] {processor.py:830} INFO - Processing file /home/airflow/.local/lib/python3.12/site-packages/airflow/example_dags/example_kubernetes_executor.py for tasks to queue
[2026-09-15T21:01:30.059+0000] {logging_mixin.py:188} INFO - [2026-09-15T21:01:30.059+0000] {dagbag.py:545} INFO - Filling up the DagBag from /home/airflow/.local/lib/python3.12/site-packages/airflow/example_dags/example_kubernetes_executor.py
[2026-09-15T21:01:30.069+0000] {processor.py:840} INFO - DAG(s) 'example_kubernetes_executor' retrieved from /home/airflow/.local/lib/python3.12/site-packages/airflow/example_dags/example_kubernetes_executor.py
[2026-09-15T21:01:30.185+0000] {logging_mixin.py:188} INFO - [2026-09-15T21:01:30.185+0000] {dag.py:3089} INFO - Sync 1 DAGs
[2026-09-15T21:01:30.193+0000] {logging_mixin.py:188} INFO - [2026-09-15T21:01:30.193+0000] {dag.py:3947} INFO - Setting next_dagrun for example_kubernetes_executor to None, run_after=None
[2026-09-15T21:01:30.212+0000] {processor.py:183} INFO - Processing /home/airflow/.local/lib/python3.12/site-packages/airflow/example_dags/example_kubernetes_executor.py took 0.162 seconds
[2026-09-15T21:02:00.422+0000] {processor.py:161} INFO - Started process (PID=180) to work on /home/airflow/.local/lib/python3.12/site-packages/airflow/example_dags/example_kubernetes_executor.py
[2026-09-15T21:02:00.423+0000] {processor.py:830} INFO - Processing file /home/airflow/.local/lib/python3.12/site-packages/airflow/example_dags/example_kubernetes_executor.py for tasks to queue
[2026-09-15T21:02:00.425+0000] {logging_mixin.py:188} INFO - [2026-09-15T21:02:00.425+0000] {dagbag.py:545} INFO - Filling up the DagBag from /home/airflow/.local/lib/python3.12/site-packages/airflow/example_dags/example_kubernetes_executor.py
[2026-09-15T21:02:00.434+0000] {processor.py:840} INFO - DAG(s) 'example_kubernetes_executor' retrieved from /home/airflow/.local/lib/python3.12/site-packages/airflow/example_dags/example_kubernetes_executor.py
[2026-09-15T21:02:00.464+0000] {logging_mixin.py:188} INFO - [2026-09-15T21:02:00.463+0000] {dag.py:3089} INFO - Sync 1 DAGs
[2026-09-15T21:02:00.474+0000] {logging_mixin.py:188} INFO - [2026-09-15T21:02:00.474+0000] {dag.py:3947} INFO - Setting next_dagrun for example_kubernetes_executor to None, run_after=None
[2026-09-15T21:02:00.488+0000] {processor.py:183} INFO - Processing /home/airflow/.local/lib/python3.12/site-packages/airflow/example_dags/example_kubernetes_executor.py took 0.070 seconds
[2026-09-15T21:02:30.978+0000] {processor.py:161} INFO - Started process (PID=245) to work on /home/airflow/.local/lib/python3.12/site-packages/airflow/example_dags/example_kubernetes_executor.py
[2026-09-15T21:02:30.979+0000] {processor.py:830} INFO - Processing file /home/airflow/.local/lib/python3.12/site-packages/airflow/example_dags/example_kubernetes_executor.py for tasks to queue
[2026-09-15T21:02:30.981+0000] {logging_mixin.py:188} INFO - [2026-09-15T21:02:30.981+0000] {dagbag.py:545} INFO - Filling up the DagBag from /home/airflow/.local/lib/python3.12/site-packages/airflow/example_dags/example_kubernetes_executor.py
[2026-09-15T21:02:30.989+0000] {processor.py:840} INFO - DAG(s) 'example_kubernetes_executor' retrieved from /home/airflow/.local/lib/python3.12/site-packages/airflow/example_dags/example_kubernetes_executor.py
[2026-09-15T21:02:31.018+0000] {logging_mixin.py:188} INFO - [2026-09-15T21:02:31.018+0000] {dag.py:3089} INFO - Sync 1 DAGs
[2026-09-15T21:02:31.027+0000] {logging_mixin.py:188} INFO - [2026-09-15T21:02:31.027+0000] {dag.py:3947} INFO - Setting next_dagrun for example_kubernetes_executor to None, run_after=None
[2026-09-15T21:02:31.041+0000] {processor.py:183} INFO - Processing /home/airflow/.local/lib/python3.12/site-packages/airflow/example_dags/example_kubernetes_executor.py took 0.068 seconds
[2026-09-15T21:03:01.127+0000] {processor.py:161} INFO - Started process (PID=302) to work on /home/airflow/.local/lib/python3.12/site-packages/airflow/example_dags/example_kubernetes_executor.py
[2026-09-15T21:03:01.128+0000] {processor.py:830} INFO - Processing file /home/airflow/.local/lib/python3.12/site-packages/airflow/example_dags/example_kubernetes_executor.py for tasks to queue
[2026-09-15T21:03:01.130+0000] {logging_mixin.py:188} INFO - [2026-09-15T21:03:01.130+0000] {dagbag.py:545} INFO - Filling up the DagBag from /home/airflow/.local/lib/python3.12/site-packages/airflow/example_dags/example_kubernetes_executor.py
[2026-09-15T21:03:01.140+0000] {processor.py:840} INFO - DAG(s) 'example_kubernetes_executor' retrieved from /home/airflow/.local/lib/python3.12/site-packages/airflow/example_dags/example_kubernetes_executor.py
[2026-09-15T21:03:01.170+0000] {logging_mixin.py:188} INFO - [2026-09-15T21:03:01.169+0000] {dag.py:3089} INFO - Sync 1 DAGs
[2026-09-15T21:03:01.180+0000] {logging_mixin.py:188} INFO - [2026-09-15T21:03:01.180+0000] {dag.py:3947} INFO - Setting next_dagrun for example_kubernetes_executor to None, run_after=None
[2026-09-15T21:03:01.196+0000] {processor.py:183} INFO - Processing /home/airflow/.local/lib/python3.12/site-packages/airflow/example_dags/example_kubernetes_executor.py took 0.074 seconds
[2026-09-15T21:03:31.410+0000] {processor.py:161} INFO - Started process (PID=360) to work on /home/airflow/.local/lib/python3.12/site-packages/airflow/example_dags/example_kubernetes_executor.py
[2026-09-15T21:03:31.411+0000] {processor.py:830} INFO - Processing file /home/airflow/.local/lib/python3.12/site-packages/airflow/example_dags/example_kubernetes_executor.py for tasks to queue
[2026-09-15T21:03:31.412+0000] {logging_mixin.py:188} INFO - [2026-09-15T21:03:31.412+0000] {dagbag.py:545} INFO - Filling up the DagBag from /home/airflow/.local/lib/python3.12/site-packages/airflow/example_dags/example_kubernetes_executor.py
[2026-09-15T21:03:31.421+0000] {processor.py:840} INFO - DAG(s) 'example_kubernetes_executor' retrieved from /home/airflow/.local/lib/python3.12/site-packages/airflow/example_dags/example_kubernetes_executor.py
[2026-09-15T21:03:31.455+0000] {logging_mixin.py:188} INFO - [2026-09-15T21:03:31.455+0000] {dag.py:3089} INFO - Sync 1 DAGs
[2026-09-15T21:03:31.466+0000] {logging_mixin.py:188} INFO - [2026-09-15T21:03:31.466+0000] {dag.py:3947} INFO - Setting next_dagrun for example_kubernetes_executor to None, run_after=None
[2026-09-15T21:03:31.483+0000] {processor.py:183} INFO - Processing /home/airflow/.local/lib/python3.12/site-packages/airflow/example_dags/example_kubernetes_executor.py took 0.077 seconds
[2026-09-15T21:04:01.656+0000] {processor.py:161} INFO - Started process (PID=418) to work on /home/airflow/.local/lib/python3.12/site-packages/airflow/example_dags/example_kubernetes_executor.py
[2026-09-15T21:04:01.657+0000] {processor.py:830} INFO - Processing file /home/airflow/.local/lib/python3.12/site-packages/airflow/example_dags/example_kubernetes_executor.py for tasks to queue
[2026-09-15T21:04:01.659+0000] {logging_mixin.py:188} INFO - [2026-09-15T21:04:01.659+0000] {dagbag.py:545} INFO - Filling up the DagBag from /home/airflow/.local/lib/python3.12/site-packages/airflow/example_dags/example_kubernetes_executor.py
[2026-09-15T21:04:01.667+0000] {processor.py:840} INFO - DAG(s) 'example_kubernetes_executor' retrieved from /home/airflow/.local/lib/python3.12/site-packages/airflow/example_dags/example_kubernetes_executor.py
[2026-09-15T21:04:01.697+0000] {logging_mixin.py:188} INFO - [2026-09-15T21:04:01.697+0000] {dag.py:3089} INFO - Sync 1 DAGs
[2026-09-15T21:04:01.707+0000] {logging_mixin.py:188} INFO - [2026-09-15T21:04:01.707+0000] {dag.py:3947} INFO - Setting next_dagrun for example_kubernetes_executor to None, run_after=None
[2026-09-15T21:04:01.723+0000] {processor.py:183} INFO - Processing /home/airflow/.local/lib/python3.12/site-packages/airflow/example_dags/example_kubernetes_executor.py took 0.072 seconds
[2026-09-15T21:04:31.804+0000] {processor.py:161} INFO - Started process (PID=476) to work on /home/airflow/.local/lib/python3.12/site-packages/airflow/example_dags/example_kubernetes_executor.py
[2026-09-15T21:04:31.806+0000] {processor.py:830} INFO - Processing file /home/airflow/.local/lib/python3.12/site-packages/airflow/example_dags/example_kubernetes_executor.py for tasks to queue
[2026-09-15T21:04:31.808+0000] {logging_mixin.py:188} INFO - [2026-09-15T21:04:31.808+0000] {dagbag.py:545} INFO - Filling up the DagBag from /home/airflow/.local/lib/python3.12/site-packages/airflow/example_dags/example_kubernetes_executor.py
[2026-09-15T21:04:31.819+0000] {processor.py:840} INFO - DAG(s) 'example_kubernetes_executor' retrieved from /home/airflow/.local/lib/python3.12/site-packages/airflow/example_dags/example_kubernetes_executor.py
[2026-09-15T21:04:31.852+0000] {logging_mixin.py:188} INFO - [2026-09-15T21:04:31.852+0000] {dag.py:3089} INFO - Sync 1 DAGs
[2026-09-15T21:04:31.863+0000] {logging_mixin.py:188} INFO - [2026-09-15T21:04:31.863+0000] {dag.py:3947} INFO - Setting next_dagrun for example_kubernetes_executor to None, run_after=None
[2026-09-15T21:04:31.878+0000] {processor.py:183} INFO - Processing /home/airflow/.local/lib/python3.12/site-packages/airflow/example_dags/example_kubernetes_executor.py took 0.080 seconds
[2026-09-15T21:05:01.921+0000] {processor.py:161} INFO - Started process (PID=534) to work on /home/airflow/.local/lib/python3.12/site-packages/airflow/example_dags/example_kubernetes_executor.py
[2026-09-15T21:05:01.922+0000] {processor.py:830} INFO - Processing file /home/airflow/.local/lib/python3.12/site-packages/airflow/example_dags/example_kubernetes_executor.py for tasks to queue
[2026-09-15T21:05:01.925+0000] {logging_mixin.py:188} INFO - [2026-09-15T21:05:01.924+0000] {dagbag.py:545} INFO - Filling up the DagBag from /home/airflow/.local/lib/python3.12/site-packages/airflow/example_dags/example_kubernetes_executor.py
[2026-09-15T21:05:01.938+0000] {processor.py:840} INFO - DAG(s) 'example_kubernetes_executor' retrieved from /home/airflow/.local/lib/python3.12/site-packages/airflow/example_dags/example_kubernetes_executor.py
[2026-09-15T21:05:01.975+0000] {logging_mixin.py:188} INFO - [2026-09-15T21:05:01.975+0000] {dag.py:3089} INFO - Sync 1 DAGs
[2026-09-15T21:05:01.988+0000] {logging_mixin.py:188} INFO - [2026-09-15T21:05:01.988+0000] {dag.py:3947} INFO - Setting next_dagrun for example_kubernetes_executor to None, run_after=None
[2026-09-15T21:05:02.005+0000] {processor.py:183} INFO - Processing /home/airflow/.local/lib/python3.12/site-packages/airflow/example_dags/example_kubernetes_executor.py took 0.091 seconds
[2026-09-15T21:05:32.088+0000] {processor.py:161} INFO - Started process (PID=592) to work on /home/airflow/.local/lib/python3.12/site-packages/airflow/example_dags/example_kubernetes_executor.py
[2026-09-15T21:05:32.089+0000] {processor.py:830} INFO - Processing file /home/airflow/.local/lib/python3.12/site-packages/airflow/example_dags/example_kubernetes_executor.py for tasks to queue
[2026-09-15T21:05:32.091+0000] {logging_mixin.py:188} INFO - [2026-09-15T21:05:32.091+0000] {dagbag.py:545} INFO - Filling up the DagBag from /home/airflow/.local/lib/python3.12/site-packages/airflow/example_dags/example_kubernetes_executor.py
[2026-09-15T21:05:32.101+0000] {processor.py:840} INFO - DAG(s) 'example_kubernetes_executor' retrieved from /home/airflow/.local/lib/python3.12/site-packages/airflow/example_dags/example_kubernetes_executor.py
[2026-09-15T21:05:32.135+0000] {logging_mixin.py:188} INFO - [2026-09-15T21:05:32.135+0000] {dag.py:3089} INFO - Sync 1 DAGs
[2026-09-15T21:05:32.147+0000] {logging_mixin.py:188} INFO - [2026-09-15T21:05:32.147+0000] {dag.py:3947} INFO - Setting next_dagrun for example_kubernetes_executor to None, run_after=None
[2026-09-15T21:05:32.162+0000] {processor.py:183} INFO - Processing /home/airflow/.local/lib/python3.12/site-packages/airflow/example_dags/example_kubernetes_executor.py took 0.080 seconds
[2026-09-15T21:06:02.429+0000] {processor.py:161} INFO - Started process (PID=650) to work on /home/airflow/.local/lib/python3.12/site-packages/airflow/example_dags/example_kubernetes_executor.py
[2026-09-15T21:06:02.431+0000] {processor.py:830} INFO - Processing file /home/airflow/.local/lib/python3.12/site-packages/airflow/example_dags/example_kubernetes_executor.py for tasks to queue
[2026-09-15T21:06:02.433+0000] {logging_mixin.py:188} INFO - [2026-09-15T21:06:02.432+0000] {dagbag.py:545} INFO - Filling up the DagBag from /home/airflow/.local/lib/python3.12/site-packages/airflow/example_dags/example_kubernetes_executor.py
[2026-09-15T21:06:02.443+0000] {processor.py:840} INFO - DAG(s) 'example_kubernetes_executor' retrieved from /home/airflow/.local/lib/python3.12/site-packages/airflow/example_dags/example_kubernetes_executor.py
[2026-09-15T21:06:02.479+0000] {logging_mixin.py:188} INFO - [2026-09-15T21:06:02.479+0000] {dag.py:3089} INFO - Sync 1 DAGs
[2026-09-15T21:06:02.490+0000] {logging_mixin.py:188} INFO - [2026-09-15T21:06:02.490+0000] {dag.py:3947} INFO - Setting next_dagrun for example_kubernetes_executor to None, run_after=None
[2026-09-15T21:06:02.505+0000] {processor.py:183} INFO - Processing /home/airflow/.local/lib/python3.12/site-packages/airflow/example_dags/example_kubernetes_executor.py took 0.080 seconds
[2026-09-15T21:06:32.639+0000] {processor.py:161} INFO - Started process (PID=711) to work on /home/airflow/.local/lib/python3.12/site-packages/airflow/example_dags/example_kubernetes_executor.py
[2026-09-15T21:06:32.641+0000] {processor.py:830} INFO - Processing file /home/airflow/.local/lib/python3.12/site-packages/airflow/example_dags/example_kubernetes_executor.py for tasks to queue
[2026-09-15T21:06:32.643+0000] {logging_mixin.py:188} INFO - [2026-09-15T21:06:32.642+0000] {dagbag.py:545} INFO - Filling up the DagBag from /home/airflow/.local/lib/python3.12/site-packages/airflow/example_dags/example_kubernetes_executor.py
[2026-09-15T21:06:32.653+0000] {processor.py:840} INFO - DAG(s) 'example_kubernetes_executor' retrieved from /home/airflow/.local/lib/python3.12/site-packages/airflow/example_dags/example_kubernetes_executor.py
[2026-09-15T21:06:32.685+0000] {logging_mixin.py:188} INFO - [2026-09-15T21:06:32.685+0000] {dag.py:3089} INFO - Sync 1 DAGs
[2026-09-15T21:06:32.697+0000] {logging_mixin.py:188} INFO - [2026-09-15T21:06:32.697+0000] {dag.py:3947} INFO - Setting next_dagrun for example_kubernetes_executor to None, run_after=None
[2026-09-15T21:06:32.714+0000] {processor.py:183} INFO - Processing /home/airflow/.local/lib/python3.12/site-packages/airflow/example_dags/example_kubernetes_executor.py took 0.079 seconds
[2026-09-15T21:07:02.977+0000] {processor.py:161} INFO - Started process (PID=769) to work on /home/airflow/.local/lib/python3.12/site-packages/airflow/example_dags/example_kubernetes_executor.py
[2026-09-15T21:07:02.978+0000] {processor.py:830} INFO - Processing file /home/airflow/.local/lib/python3.12/site-packages/airflow/example_dags/example_kubernetes_executor.py for tasks to queue
[2026-09-15T21:07:02.980+0000] {logging_mixin.py:188} INFO - [2026-09-15T21:07:02.980+0000] {dagbag.py:545} INFO - Filling up the DagBag from /home/airflow/.local/lib/python3.12/site-packages/airflow/example_dags/example_kubernetes_executor.py
[2026-09-15T21:07:02.990+0000] {processor.py:840} INFO - DAG(s) 'example_kubernetes_executor' retrieved from /home/airflow/.local/lib/python3.12/site-packages/airflow/example_dags/example_kubernetes_executor.py
[2026-09-15T21:07:03.021+0000] {logging_mixin.py:188} INFO - [2026-09-15T21:07:03.020+0000] {dag.py:3089} INFO - Sync 1 DAGs
[2026-09-15T21:07:03.032+0000] {logging_mixin.py:188} INFO - [2026-09-15T21:07:03.032+0000] {dag.py:3947} INFO - Setting next_dagrun for example_kubernetes_executor to None, run_after=None
[2026-09-15T21:07:03.048+0000] {processor.py:183} INFO - Processing /home/airflow/.local/lib/python3.12/site-packages/airflow/example_dags/example_kubernetes_executor.py took 0.075 seconds
[2026-09-15T21:07:33.211+0000] {processor.py:161} INFO - Started process (PID=827) to work on /home/airflow/.local/lib/python3.12/site-packages/airflow/example_dags/example_kubernetes_executor.py
[2026-09-15T21:07:33.212+0000] {processor.py:830} INFO - Processing file /home/airflow/.local/lib/python3.12/site-packages/airflow/example_dags/example_kubernetes_executor.py for tasks to queue
[2026-09-15T21:07:33.214+0000] {logging_mixin.py:188} INFO - [2026-09-15T21:07:33.213+0000] {dagbag.py:545} INFO - Filling up the DagBag from /home/airflow/.local/lib/python3.12/site-packages/airflow/example_dags/example_kubernetes_executor.py
[2026-09-15T21:07:33.222+0000] {processor.py:840} INFO - DAG(s) 'example_kubernetes_executor' retrieved from /home/airflow/.local/lib/python3.12/site-packages/airflow/example_dags/example_kubernetes_executor.py
[2026-09-15T21:07:33.250+0000] {logging_mixin.py:188} INFO - [2026-09-15T21:07:33.250+0000] {dag.py:3089} INFO - Sync 1 DAGs
[2026-09-15T21:07:33.259+0000] {logging_mixin.py:188} INFO - [2026-09-15T21:07:33.259+0000] {dag.py:3947} INFO - Setting next_dagrun for example_kubernetes_executor to None, run_after=None
[2026-09-15T21:07:33.274+0000] {processor.py:183} INFO - Processing /home/airflow/.local/lib/python3.12/site-packages/airflow/example_dags/example_kubernetes_executor.py took 0.067 seconds
[2026-09-15T21:08:03.353+0000] {processor.py:161} INFO - Started process (PID=885) to work on /home/airflow/.local/lib/python3.12/site-packages/airflow/example_dags/example_kubernetes_executor.py
[2026-09-15T21:08:03.355+0000] {processor.py:830} INFO - Processing file /home/airflow/.local/lib/python3.12/site-packages/airflow/example_dags/example_kubernetes_executor.py for tasks to queue
[2026-09-15T21:08:03.357+0000] {logging_mixin.py:188} INFO - [2026-09-15T21:08:03.356+0000] {dagbag.py:545} INFO - Filling up the DagBag from /home/airflow/.local/lib/python3.12/site-packages/airflow/example_dags/example_kubernetes_executor.py
[2026-09-15T21:08:03.366+0000] {processor.py:840} INFO - DAG(s) 'example_kubernetes_executor' retrieved from /home/airflow/.local/lib/python3.12/site-packages/airflow/example_dags/example_kubernetes_executor.py
[2026-09-15T21:08:03.402+0000] {logging_mixin.py:188} INFO - [2026-09-15T21:08:03.401+0000] {dag.py:3089} INFO - Sync 1 DAGs
[2026-09-15T21:08:03.412+0000] {logging_mixin.py:188} INFO - [2026-09-15T21:08:03.412+0000] {dag.py:3947} INFO - Setting next_dagrun for example_kubernetes_executor to None, run_after=None
[2026-09-15T21:08:03.428+0000] {processor.py:183} INFO - Processing /home/airflow/.local/lib/python3.12/site-packages/airflow/example_dags/example_kubernetes_executor.py took 0.080 seconds
[2026-09-15T21:08:33.598+0000] {processor.py:161} INFO - Started process (PID=943) to work on /home/airflow/.local/lib/python3.12/site-packages/airflow/example_dags/example_kubernetes_executor.py
[2026-09-15T21:08:33.599+0000] {processor.py:830} INFO - Processing file /home/airflow/.local/lib/python3.12/site-packages/airflow/example_dags/example_kubernetes_executor.py for tasks to queue
[2026-09-15T21:08:33.601+0000] {logging_mixin.py:188} INFO - [2026-09-15T21:08:33.601+0000] {dagbag.py:545} INFO - Filling up the DagBag from /home/airflow/.local/lib/python3.12/site-packages/airflow/example_dags/example_kubernetes_executor.py
[2026-09-15T21:08:33.609+0000] {processor.py:840} INFO - DAG(s) 'example_kubernetes_executor' retrieved from /home/airflow/.local/lib/python3.12/site-packages/airflow/example_dags/example_kubernetes_executor.py
[2026-09-15T21:08:33.638+0000] {logging_mixin.py:188} INFO - [2026-09-15T21:08:33.638+0000] {dag.py:3089} INFO - Sync 1 DAGs
[2026-09-15T21:08:33.648+0000] {logging_mixin.py:188} INFO - [2026-09-15T21:08:33.647+0000] {dag.py:3947} INFO - Setting next_dagrun for example_kubernetes_executor to None, run_after=None
[2026-09-15T21:08:33.662+0000] {processor.py:183} INFO - Processing /home/airflow/.local/lib/python3.12/site-packages/airflow/example_dags/example_kubernetes_executor.py took 0.069 seconds
[2026-09-15T21:09:03.749+0000] {processor.py:161} INFO - Started process (PID=1001) to work on /home/airflow/.local/lib/python3.12/site-packages/airflow/example_dags/example_kubernetes_executor.py
[2026-09-15T21:09:03.750+0000] {processor.py:830} INFO - Processing file /home/airflow/.local/lib/python3.12/site-packages/airflow/example_dags/example_kubernetes_executor.py for tasks to queue
[2026-09-15T21:09:03.752+0000] {logging_mixin.py:188} INFO - [2026-09-15T21:09:03.752+0000] {dagbag.py:545} INFO - Filling up the DagBag from /home/airflow/.local/lib/python3.12/site-packages/airflow/example_dags/example_kubernetes_executor.py
[2026-09-15T21:09:03.761+0000] {processor.py:840} INFO - DAG(s) 'example_kubernetes_executor' retrieved from /home/airflow/.local/lib/python3.12/site-packages/airflow/example_dags/example_kubernetes_executor.py
[2026-09-15T21:09:03.790+0000] {logging_mixin.py:188} INFO - [2026-09-15T21:09:03.789+0000] {dag.py:3089} INFO - Sync 1 DAGs
[2026-09-15T21:09:03.799+0000] {logging_mixin.py:188} INFO - [2026-09-15T21:09:03.799+0000] {dag.py:3947} INFO - Setting next_dagrun for example_kubernetes_executor to None, run_after=None
[2026-09-15T21:09:03.814+0000] {processor.py:183} INFO - Processing /home/airflow/.local/lib/python3.12/site-packages/airflow/example_dags/example_kubernetes_executor.py took 0.069 seconds
[2026-09-15T21:09:33.944+0000] {processor.py:161} INFO - Started process (PID=1059) to work on /home/airflow/.local/lib/python3.12/site-packages/airflow/example_dags/example_kubernetes_executor.py
[2026-09-15T21:09:33.945+0000] {processor.py:830} INFO - Processing file /home/airflow/.local/lib/python3.12/site-packages/airflow/example_dags/example_kubernetes_executor.py for tasks to queue
[2026-09-15T21:09:33.947+0000] {logging_mixin.py:188} INFO - [2026-09-15T21:09:33.947+0000] {dagbag.py:545} INFO - Filling up the DagBag from /home/airflow/.local/lib/python3.12/site-packages/airflow/example_dags/example_kubernetes_executor.py
[2026-09-15T21:09:33.956+0000] {processor.py:840} INFO - DAG(s) 'example_kubernetes_executor' retrieved from /home/airflow/.local/lib/python3.12/site-packages/airflow/example_dags/example_kubernetes_executor.py
[2026-09-15T21:09:33.985+0000] {logging_mixin.py:188} INFO - [2026-09-15T21:09:33.985+0000] {dag.py:3089} INFO - Sync 1 DAGs
[2026-09-15T21:09:33.994+0000] {logging_mixin.py:188} INFO - [2026-09-15T21:09:33.994+0000] {dag.py:3947} INFO - Setting next_dagrun for example_kubernetes_executor to None, run_after=None
[2026-09-15T21:09:34.010+0000] {processor.py:183} INFO - Processing /home/airflow/.local/lib/python3.12/site-packages/airflow/example_dags/example_kubernetes_executor.py took 0.070 seconds
[2026-09-15T21:10:04.328+0000] {processor.py:161} INFO - Started process (PID=1117) to work on /home/airflow/.local/lib/python3.12/site-packages/airflow/example_dags/example_kubernetes_executor.py
[2026-09-15T21:10:04.329+0000] {processor.py:830} INFO - Processing file /home/airflow/.local/lib/python3.12/site-packages/airflow/example_dags/example_kubernetes_executor.py for tasks to queue
[2026-09-15T21:10:04.332+0000] {logging_mixin.py:188} INFO - [2026-09-15T21:10:04.332+0000] {dagbag.py:545} INFO - Filling up the DagBag from /home/airflow/.local/lib/python3.12/site-packages/airflow/example_dags/example_kubernetes_executor.py
[2026-09-15T21:10:04.341+0000] {processor.py:840} INFO - DAG(s) 'example_kubernetes_executor' retrieved from /home/airflow/.local/lib/python3.12/site-packages/airflow/example_dags/example_kubernetes_executor.py
[2026-09-15T21:10:04.375+0000] {logging_mixin.py:188} INFO - [2026-09-15T21:10:04.375+0000] {dag.py:3089} INFO - Sync 1 DAGs
[2026-09-15T21:10:04.386+0000] {logging_mixin.py:188} INFO - [2026-09-15T21:10:04.386+0000] {dag.py:3947} INFO - Setting next_dagrun for example_kubernetes_executor to None, run_after=None
[2026-09-15T21:10:04.403+0000] {processor.py:183} INFO - Processing /home/airflow/.local/lib/python3.12/site-packages/airflow/example_dags/example_kubernetes_executor.py took 0.079 seconds
[2026-09-15T21:10:34.620+0000] {processor.py:161} INFO - Started process (PID=1175) to work on /home/airflow/.local/lib/python3.12/site-packages/airflow/example_dags/example_kubernetes_executor.py
[2026-09-15T21:10:34.621+0000] {processor.py:830} INFO - Processing file /home/airflow/.local/lib/python3.12/site-packages/airflow/example_dags/example_kubernetes_executor.py for tasks to queue
[2026-09-15T21:10:34.623+0000] {logging_mixin.py:188} INFO - [2026-09-15T21:10:34.623+0000] {dagbag.py:545} INFO - Filling up the DagBag from /home/airflow/.local/lib/python3.12/site-packages/airflow/example_dags/example_kubernetes_executor.py
[2026-09-15T21:10:34.634+0000] {processor.py:840} INFO - DAG(s) 'example_kubernetes_executor' retrieved from /home/airflow/.local/lib/python3.12/site-packages/airflow/example_dags/example_kubernetes_executor.py
[2026-09-15T21:10:34.647+0000] {logging_mixin.py:188} INFO - [2026-09-15T21:10:34.647+0000] {dag.py:3089} INFO - Sync 1 DAGs
[2026-09-15T21:10:34.659+0000] {logging_mixin.py:188} INFO - [2026-09-15T21:10:34.659+0000] {dag.py:3947} INFO - Setting next_dagrun for example_kubernetes_executor to None, run_after=None
[2026-09-15T21:10:34.677+0000] {processor.py:183} INFO - Processing /home/airflow/.local/lib/python3.12/site-packages/airflow/example_dags/example_kubernetes_executor.py took 0.063 seconds
[2026-09-15T21:11:05.364+0000] {processor.py:161} INFO - Started process (PID=1233) to work on /home/airflow/.local/lib/python3.12/site-packages/airflow/example_dags/example_kubernetes_executor.py
[2026-09-15T21:11:05.365+0000] {processor.py:830} INFO - Processing file /home/airflow/.local/lib/python3.12/site-packages/airflow/example_dags/example_kubernetes_executor.py for tasks to queue
[2026-09-15T21:11:05.367+0000] {logging_mixin.py:188} INFO - [2026-09-15T21:11:05.367+0000] {dagbag.py:545} INFO - Filling up the DagBag from /home/airflow/.local/lib/python3.12/site-packages/airflow/example_dags/example_kubernetes_executor.py
[2026-09-15T21:11:05.375+0000] {processor.py:840} INFO - DAG(s) 'example_kubernetes_executor' retrieved from /home/airflow/.local/lib/python3.12/site-packages/airflow/example_dags/example_kubernetes_executor.py
[2026-09-15T21:11:05.459+0000] {logging_mixin.py:188} INFO - [2026-09-15T21:11:05.459+0000] {dag.py:3089} INFO - Sync 1 DAGs
[2026-09-15T21:11:05.467+0000] {logging_mixin.py:188} INFO - [2026-09-15T21:11:05.467+0000] {dag.py:3947} INFO - Setting next_dagrun for example_kubernetes_executor to None, run_after=None
[2026-09-15T21:11:05.483+0000] {processor.py:183} INFO - Processing /home/airflow/.local/lib/python3.12/site-packages/airflow/example_dags/example_kubernetes_executor.py took 0.123 seconds
[2026-09-15T21:11:35.682+0000] {processor.py:161} INFO - Started process (PID=1291) to work on /home/airflow/.local/lib/python3.12/site-packages/airflow/example_dags/example_kubernetes_executor.py
[2026-09-15T21:11:35.684+0000] {processor.py:830} INFO - Processing file /home/airflow/.local/lib/python3.12/site-packages/airflow/example_dags/example_kubernetes_executor.py for tasks to queue
[2026-09-15T21:11:35.686+0000] {logging_mixin.py:188} INFO - [2026-09-15T21:11:35.686+0000] {dagbag.py:545} INFO - Filling up the DagBag from /home/airflow/.local/lib/python3.12/site-packages/airflow/example_dags/example_kubernetes_executor.py
[2026-09-15T21:11:35.695+0000] {processor.py:840} INFO - DAG(s) 'example_kubernetes_executor' retrieved from /home/airflow/.local/lib/python3.12/site-packages/airflow/example_dags/example_kubernetes_executor.py
[2026-09-15T21:11:35.729+0000] {logging_mixin.py:188} INFO - [2026-09-15T21:11:35.728+0000] {dag.py:3089} INFO - Sync 1 DAGs
[2026-09-15T21:11:35.739+0000] {logging_mixin.py:188} INFO - [2026-09-15T21:11:35.739+0000] {dag.py:3947} INFO - Setting next_dagrun for example_kubernetes_executor to None, run_after=None
[2026-09-15T21:11:35.755+0000] {processor.py:183} INFO - Processing /home/airflow/.local/lib/python3.12/site-packages/airflow/example_dags/example_kubernetes_executor.py took 0.078 seconds
[2026-09-15T21:12:05.911+0000] {processor.py:161} INFO - Started process (PID=1349) to work on /home/airflow/.local/lib/python3.12/site-packages/airflow/example_dags/example_kubernetes_executor.py
[2026-09-15T21:12:05.912+0000] {processor.py:830} INFO - Processing file /home/airflow/.local/lib/python3.12/site-packages/airflow/example_dags/example_kubernetes_executor.py for tasks to queue
[2026-09-15T21:12:05.914+0000] {logging_mixin.py:188} INFO - [2026-09-15T21:12:05.914+0000] {dagbag.py:545} INFO - Filling up the DagBag from /home/airflow/.local/lib/python3.12/site-packages/airflow/example_dags/example_kubernetes_executor.py
[2026-09-15T21:12:05.923+0000] {processor.py:840} INFO - DAG(s) 'example_kubernetes_executor' retrieved from /home/airflow/.local/lib/python3.12/site-packages/airflow/example_dags/example_kubernetes_executor.py
[2026-09-15T21:12:05.956+0000] {logging_mixin.py:188} INFO - [2026-09-15T21:12:05.956+0000] {dag.py:3089} INFO - Sync 1 DAGs
[2026-09-15T21:12:05.967+0000] {logging_mixin.py:188} INFO - [2026-09-15T21:12:05.967+0000] {dag.py:3947} INFO - Setting next_dagrun for example_kubernetes_executor to None, run_after=None
[2026-09-15T21:12:05.983+0000] {processor.py:183} INFO - Processing /home/airflow/.local/lib/python3.12/site-packages/airflow/example_dags/example_kubernetes_executor.py took 0.077 seconds
[2026-09-15T21:12:36.420+0000] {processor.py:161} INFO - Started process (PID=1407) to work on /home/airflow/.local/lib/python3.12/site-packages/airflow/example_dags/example_kubernetes_executor.py
[2026-09-15T21:12:36.421+0000] {processor.py:830} INFO - Processing file /home/airflow/.local/lib/python3.12/site-packages/airflow/example_dags/example_kubernetes_executor.py for tasks to queue
[2026-09-15T21:12:36.424+0000] {logging_mixin.py:188} INFO - [2026-09-15T21:12:36.424+0000] {dagbag.py:545} INFO - Filling up the DagBag from /home/airflow/.local/lib/python3.12/site-packages/airflow/example_dags/example_kubernetes_executor.py
[2026-09-15T21:12:36.433+0000] {processor.py:840} INFO - DAG(s) 'example_kubernetes_executor' retrieved from /home/airflow/.local/lib/python3.12/site-packages/airflow/example_dags/example_kubernetes_executor.py
[2026-09-15T21:12:36.468+0000] {logging_mixin.py:188} INFO - [2026-09-15T21:12:36.468+0000] {dag.py:3089} INFO - Sync 1 DAGs
[2026-09-15T21:12:36.480+0000] {logging_mixin.py:188} INFO - [2026-09-15T21:12:36.479+0000] {dag.py:3947} INFO - Setting next_dagrun for example_kubernetes_executor to None, run_after=None
[2026-09-15T21:12:36.497+0000] {processor.py:183} INFO - Processing /home/airflow/.local/lib/python3.12/site-packages/airflow/example_dags/example_kubernetes_executor.py took 0.082 seconds
[2026-09-15T21:13:06.551+0000] {processor.py:161} INFO - Started process (PID=1465) to work on /home/airflow/.local/lib/python3.12/site-packages/airflow/example_dags/example_kubernetes_executor.py
[2026-09-15T21:13:06.553+0000] {processor.py:830} INFO - Processing file /home/airflow/.local/lib/python3.12/site-packages/airflow/example_dags/example_kubernetes_executor.py for tasks to queue
[2026-09-15T21:13:06.555+0000] {logging_mixin.py:188} INFO - [2026-09-15T21:13:06.555+0000] {dagbag.py:545} INFO - Filling up the DagBag from /home/airflow/.local/lib/python3.12/site-packages/airflow/example_dags/example_kubernetes_executor.py
[2026-09-15T21:13:06.567+0000] {processor.py:840} INFO - DAG(s) 'example_kubernetes_executor' retrieved from /home/airflow/.local/lib/python3.12/site-packages/airflow/example_dags/example_kubernetes_executor.py
[2026-09-15T21:13:06.604+0000] {logging_mixin.py:188} INFO - [2026-09-15T21:13:06.604+0000] {dag.py:3089} INFO - Sync 1 DAGs
[2026-09-15T21:13:06.617+0000] {logging_mixin.py:188} INFO - [2026-09-15T21:13:06.616+0000] {dag.py:3947} INFO - Setting next_dagrun for example_kubernetes_executor to None, run_after=None
[2026-09-15T21:13:06.639+0000] {processor.py:183} INFO - Processing /home/airflow/.local/lib/python3.12/site-packages/airflow/example_dags/example_kubernetes_executor.py took 0.095 seconds
[2026-09-15T21:13:37.081+0000] {processor.py:161} INFO - Started process (PID=1523) to work on /home/airflow/.local/lib/python3.12/site-packages/airflow/example_dags/example_kubernetes_executor.py
[2026-09-15T21:13:37.082+0000] {processor.py:830} INFO - Processing file /home/airflow/.local/lib/python3.12/site-packages/airflow/example_dags/example_kubernetes_executor.py for tasks to queue
[2026-09-15T21:13:37.084+0000] {logging_mixin.py:188} INFO - [2026-09-15T21:13:37.084+0000] {dagbag.py:545} INFO - Filling up the DagBag from /home/airflow/.local/lib/python3.12/site-packages/airflow/example_dags/example_kubernetes_executor.py
[2026-09-15T21:13:37.093+0000] {processor.py:840} INFO - DAG(s) 'example_kubernetes_executor' retrieved from /home/airflow/.local/lib/python3.12/site-packages/airflow/example_dags/example_kubernetes_executor.py
[2026-09-15T21:13:37.123+0000] {logging_mixin.py:188} INFO - [2026-09-15T21:13:37.123+0000] {dag.py:3089} INFO - Sync 1 DAGs
[2026-09-15T21:13:37.132+0000] {logging_mixin.py:188} INFO - [2026-09-15T21:13:37.132+0000] {dag.py:3947} INFO - Setting next_dagrun for example_kubernetes_executor to None, run_after=None
[2026-09-15T21:13:37.147+0000] {processor.py:183} INFO - Processing /home/airflow/.local/lib/python3.12/site-packages/airflow/example_dags/example_kubernetes_executor.py took 0.071 seconds
[2026-09-15T21:14:07.722+0000] {processor.py:161} INFO - Started process (PID=1581) to work on /home/airflow/.local/lib/python3.12/site-packages/airflow/example_dags/example_kubernetes_executor.py
[2026-09-15T21:14:07.723+0000] {processor.py:830} INFO - Processing file /home/airflow/.local/lib/python3.12/site-packages/airflow/example_dags/example_kubernetes_executor.py for tasks to queue
[2026-09-15T21:14:07.725+0000] {logging_mixin.py:188} INFO - [2026-09-15T21:14:07.725+0000] {dagbag.py:545} INFO - Filling up the DagBag from /home/airflow/.local/lib/python3.12/site-packages/airflow/example_dags/example_kubernetes_executor.py
[2026-09-15T21:14:07.733+0000] {processor.py:840} INFO - DAG(s) 'example_kubernetes_executor' retrieved from /home/airflow/.local/lib/python3.12/site-packages/airflow/example_dags/example_kubernetes_executor.py
[2026-09-15T21:14:07.764+0000] {logging_mixin.py:188} INFO - [2026-09-15T21:14:07.764+0000] {dag.py:3089} INFO - Sync 1 DAGs
[2026-09-15T21:14:07.773+0000] {logging_mixin.py:188} INFO - [2026-09-15T21:14:07.773+0000] {dag.py:3947} INFO - Setting next_dagrun for example_kubernetes_executor to None, run_after=None
[2026-09-15T21:14:07.789+0000] {processor.py:183} INFO - Processing /home/airflow/.local/lib/python3.12/site-packages/airflow/example_dags/example_kubernetes_executor.py took 0.071 seconds
[2026-09-15T21:14:37.952+0000] {processor.py:161} INFO - Started process (PID=1639) to work on /home/airflow/.local/lib/python3.12/site-packages/airflow/example_dags/example_kubernetes_executor.py
[2026-09-15T21:14:37.953+0000] {processor.py:830} INFO - Processing file /home/airflow/.local/lib/python3.12/site-packages/airflow/example_dags/example_kubernetes_executor.py for tasks to queue
[2026-09-15T21:14:37.955+0000] {logging_mixin.py:188} INFO - [2026-09-15T21:14:37.954+0000] {dagbag.py:545} INFO - Filling up the DagBag from /home/airflow/.local/lib/python3.12/site-packages/airflow/example_dags/example_kubernetes_executor.py
[2026-09-15T21:14:37.963+0000] {processor.py:840} INFO - DAG(s) 'example_kubernetes_executor' retrieved from /home/airflow/.local/lib/python3.12/site-packages/airflow/example_dags/example_kubernetes_executor.py
[2026-09-15T21:14:37.995+0000] {logging_mixin.py:188} INFO - [2026-09-15T21:14:37.994+0000] {dag.py:3089} INFO - Sync 1 DAGs
[2026-09-15T21:14:38.005+0000] {logging_mixin.py:188} INFO - [2026-09-15T21:14:38.005+0000] {dag.py:3947} INFO - Setting next_dagrun for example_kubernetes_executor to None, run_after=None
[2026-09-15T21:14:38.026+0000] {processor.py:183} INFO - Processing /home/airflow/.local/lib/python3.12/site-packages/airflow/example_dags/example_kubernetes_executor.py took 0.079 seconds
[2026-09-15T21:15:08.392+0000] {processor.py:161} INFO - Started process (PID=1697) to work on /home/airflow/.local/lib/python3.12/site-packages/airflow/example_dags/example_kubernetes_executor.py
[2026-09-15T21:15:08.393+0000] {processor.py:830} INFO - Processing file /home/airflow/.local/lib/python3.12/site-packages/airflow/example_dags/example_kubernetes_executor.py for tasks to queue
[2026-09-15T21:15:08.395+0000] {logging_mixin.py:188} INFO - [2026-09-15T21:15:08.395+0000] {dagbag.py:545} INFO - Filling up the DagBag from /home/airflow/.local/lib/python3.12/site-packages/airflow/example_dags/example_kubernetes_executor.py
[2026-09-15T21:15:08.405+0000] {processor.py:840} INFO - DAG(s) 'example_kubernetes_executor' retrieved from /home/airflow/.local/lib/python3.12/site-packages/airflow/example_dags/example_kubernetes_executor.py
[2026-09-15T21:15:08.438+0000] {logging_mixin.py:188} INFO - [2026-09-15T21:15:08.438+0000] {dag.py:3089} INFO - Sync 1 DAGs
[2026-09-15T21:15:08.450+0000] {logging_mixin.py:188} INFO - [2026-09-15T21:15:08.449+0000] {dag.py:3947} INFO - Setting next_dagrun for example_kubernetes_executor to None, run_after=None
[2026-09-15T21:15:08.631+0000] {processor.py:183} INFO - Processing /home/airflow/.local/lib/python3.12/site-packages/airflow/example_dags/example_kubernetes_executor.py took 0.243 seconds
[2026-09-15T21:15:38.962+0000] {processor.py:161} INFO - Started process (PID=1755) to work on /home/airflow/.local/lib/python3.12/site-packages/airflow/example_dags/example_kubernetes_executor.py
[2026-09-15T21:15:38.963+0000] {processor.py:830} INFO - Processing file /home/airflow/.local/lib/python3.12/site-packages/airflow/example_dags/example_kubernetes_executor.py for tasks to queue
[2026-09-15T21:15:38.965+0000] {logging_mixin.py:188} INFO - [2026-09-15T21:15:38.965+0000] {dagbag.py:545} INFO - Filling up the DagBag from /home/airflow/.local/lib/python3.12/site-packages/airflow/example_dags/example_kubernetes_executor.py
[2026-09-15T21:15:38.975+0000] {processor.py:840} INFO - DAG(s) 'example_kubernetes_executor' retrieved from /home/airflow/.local/lib/python3.12/site-packages/airflow/example_dags/example_kubernetes_executor.py
[2026-09-15T21:15:39.009+0000] {logging_mixin.py:188} INFO - [2026-09-15T21:15:39.008+0000] {dag.py:3089} INFO - Sync 1 DAGs
[2026-09-15T21:15:39.019+0000] {logging_mixin.py:188} INFO - [2026-09-15T21:15:39.019+0000] {dag.py:3947} INFO - Setting next_dagrun for example_kubernetes_executor to None, run_after=None
[2026-09-15T21:15:39.036+0000] {processor.py:183} INFO - Processing /home/airflow/.local/lib/python3.12/site-packages/airflow/example_dags/example_kubernetes_executor.py took 0.079 seconds
[2026-09-15T21:16:09.520+0000] {processor.py:161} INFO - Started process (PID=1813) to work on /home/airflow/.local/lib/python3.12/site-packages/airflow/example_dags/example_kubernetes_executor.py
[2026-09-15T21:16:09.522+0000] {processor.py:830} INFO - Processing file /home/airflow/.local/lib/python3.12/site-packages/airflow/example_dags/example_kubernetes_executor.py for tasks to queue
[2026-09-15T21:16:09.524+0000] {logging_mixin.py:188} INFO - [2026-09-15T21:16:09.524+0000] {dagbag.py:545} INFO - Filling up the DagBag from /home/airflow/.local/lib/python3.12/site-packages/airflow/example_dags/example_kubernetes_executor.py
[2026-09-15T21:16:09.534+0000] {processor.py:840} INFO - DAG(s) 'example_kubernetes_executor' retrieved from /home/airflow/.local/lib/python3.12/site-packages/airflow/example_dags/example_kubernetes_executor.py
[2026-09-15T21:16:09.567+0000] {logging_mixin.py:188} INFO - [2026-09-15T21:16:09.566+0000] {dag.py:3089} INFO - Sync 1 DAGs
[2026-09-15T21:16:09.577+0000] {logging_mixin.py:188} INFO - [2026-09-15T21:16:09.576+0000] {dag.py:3947} INFO - Setting next_dagrun for example_kubernetes_executor to None, run_after=None
[2026-09-15T21:16:09.593+0000] {processor.py:183} INFO - Processing /home/airflow/.local/lib/python3.12/site-packages/airflow/example_dags/example_kubernetes_executor.py took 0.078 seconds
[2026-09-15T21:16:40.023+0000] {processor.py:161} INFO - Started process (PID=1871) to work on /home/airflow/.local/lib/python3.12/site-packages/airflow/example_dags/example_kubernetes_executor.py
[2026-09-15T21:16:40.024+0000] {processor.py:830} INFO - Processing file /home/airflow/.local/lib/python3.12/site-packages/airflow/example_dags/example_kubernetes_executor.py for tasks to queue
[2026-09-15T21:16:40.026+0000] {logging_mixin.py:188} INFO - [2026-09-15T21:16:40.026+0000] {dagbag.py:545} INFO - Filling up the DagBag from /home/airflow/.local/lib/python3.12/site-packages/airflow/example_dags/example_kubernetes_executor.py
[2026-09-15T21:16:40.034+0000] {processor.py:840} INFO - DAG(s) 'example_kubernetes_executor' retrieved from /home/airflow/.local/lib/python3.12/site-packages/airflow/example_dags/example_kubernetes_executor.py
[2026-09-15T21:16:40.063+0000] {logging_mixin.py:188} INFO - [2026-09-15T21:16:40.063+0000] {dag.py:3089} INFO - Sync 1 DAGs
[2026-09-15T21:16:40.081+0000] {logging_mixin.py:188} INFO - [2026-09-15T21:16:40.081+0000] {dag.py:3947} INFO - Setting next_dagrun for example_kubernetes_executor to None, run_after=None
[2026-09-15T21:16:40.106+0000] {processor.py:183} INFO - Processing /home/airflow/.local/lib/python3.12/site-packages/airflow/example_dags/example_kubernetes_executor.py took 0.087 seconds
[2026-09-15T21:17:34.688+0000] {processor.py:161} INFO - Started process (PID=60) to work on /home/airflow/.local/lib/python3.12/site-packages/airflow/example_dags/example_kubernetes_executor.py
[2026-09-15T21:17:34.690+0000] {processor.py:830} INFO - Processing file /home/airflow/.local/lib/python3.12/site-packages/airflow/example_dags/example_kubernetes_executor.py for tasks to queue
[2026-09-15T21:17:34.692+0000] {logging_mixin.py:188} INFO - [2026-09-15T21:17:34.692+0000] {dagbag.py:545} INFO - Filling up the DagBag from /home/airflow/.local/lib/python3.12/site-packages/airflow/example_dags/example_kubernetes_executor.py
[2026-09-15T21:17:34.705+0000] {processor.py:840} INFO - DAG(s) 'example_kubernetes_executor' retrieved from /home/airflow/.local/lib/python3.12/site-packages/airflow/example_dags/example_kubernetes_executor.py
[2026-09-15T21:17:34.719+0000] {logging_mixin.py:188} INFO - [2026-09-15T21:17:34.719+0000] {dag.py:3089} INFO - Sync 1 DAGs
[2026-09-15T21:17:34.731+0000] {logging_mixin.py:188} INFO - [2026-09-15T21:17:34.731+0000] {dag.py:3947} INFO - Setting next_dagrun for example_kubernetes_executor to None, run_after=None
[2026-09-15T21:17:34.750+0000] {processor.py:183} INFO - Processing /home/airflow/.local/lib/python3.12/site-packages/airflow/example_dags/example_kubernetes_executor.py took 0.068 seconds
[2026-09-15T21:18:05.513+0000] {processor.py:161} INFO - Started process (PID=125) to work on /home/airflow/.local/lib/python3.12/site-packages/airflow/example_dags/example_kubernetes_executor.py
[2026-09-15T21:18:05.514+0000] {processor.py:830} INFO - Processing file /home/airflow/.local/lib/python3.12/site-packages/airflow/example_dags/example_kubernetes_executor.py for tasks to queue
[2026-09-15T21:18:05.516+0000] {logging_mixin.py:188} INFO - [2026-09-15T21:18:05.516+0000] {dagbag.py:545} INFO - Filling up the DagBag from /home/airflow/.local/lib/python3.12/site-packages/airflow/example_dags/example_kubernetes_executor.py
[2026-09-15T21:18:05.525+0000] {processor.py:840} INFO - DAG(s) 'example_kubernetes_executor' retrieved from /home/airflow/.local/lib/python3.12/site-packages/airflow/example_dags/example_kubernetes_executor.py
[2026-09-15T21:18:05.621+0000] {logging_mixin.py:188} INFO - [2026-09-15T21:18:05.620+0000] {dag.py:3089} INFO - Sync 1 DAGs
[2026-09-15T21:18:05.631+0000] {logging_mixin.py:188} INFO - [2026-09-15T21:18:05.630+0000] {dag.py:3947} INFO - Setting next_dagrun for example_kubernetes_executor to None, run_after=None
[2026-09-15T21:18:05.648+0000] {processor.py:183} INFO - Processing /home/airflow/.local/lib/python3.12/site-packages/airflow/example_dags/example_kubernetes_executor.py took 0.140 seconds
[2026-09-15T21:18:36.125+0000] {processor.py:161} INFO - Started process (PID=183) to work on /home/airflow/.local/lib/python3.12/site-packages/airflow/example_dags/example_kubernetes_executor.py
[2026-09-15T21:18:36.126+0000] {processor.py:830} INFO - Processing file /home/airflow/.local/lib/python3.12/site-packages/airflow/example_dags/example_kubernetes_executor.py for tasks to queue
[2026-09-15T21:18:36.128+0000] {logging_mixin.py:188} INFO - [2026-09-15T21:18:36.127+0000] {dagbag.py:545} INFO - Filling up the DagBag from /home/airflow/.local/lib/python3.12/site-packages/airflow/example_dags/example_kubernetes_executor.py
[2026-09-15T21:18:36.136+0000] {processor.py:840} INFO - DAG(s) 'example_kubernetes_executor' retrieved from /home/airflow/.local/lib/python3.12/site-packages/airflow/example_dags/example_kubernetes_executor.py
[2026-09-15T21:18:36.166+0000] {logging_mixin.py:188} INFO - [2026-09-15T21:18:36.165+0000] {dag.py:3089} INFO - Sync 1 DAGs
[2026-09-15T21:18:36.175+0000] {logging_mixin.py:188} INFO - [2026-09-15T21:18:36.175+0000] {dag.py:3947} INFO - Setting next_dagrun for example_kubernetes_executor to None, run_after=None
[2026-09-15T21:18:36.190+0000] {processor.py:183} INFO - Processing /home/airflow/.local/lib/python3.12/site-packages/airflow/example_dags/example_kubernetes_executor.py took 0.070 seconds
[2026-09-15T21:19:06.862+0000] {processor.py:161} INFO - Started process (PID=241) to work on /home/airflow/.local/lib/python3.12/site-packages/airflow/example_dags/example_kubernetes_executor.py
[2026-09-15T21:19:06.865+0000] {processor.py:830} INFO - Processing file /home/airflow/.local/lib/python3.12/site-packages/airflow/example_dags/example_kubernetes_executor.py for tasks to queue
[2026-09-15T21:19:06.867+0000] {logging_mixin.py:188} INFO - [2026-09-15T21:19:06.866+0000] {dagbag.py:545} INFO - Filling up the DagBag from /home/airflow/.local/lib/python3.12/site-packages/airflow/example_dags/example_kubernetes_executor.py
[2026-09-15T21:19:06.876+0000] {processor.py:840} INFO - DAG(s) 'example_kubernetes_executor' retrieved from /home/airflow/.local/lib/python3.12/site-packages/airflow/example_dags/example_kubernetes_executor.py
[2026-09-15T21:19:06.906+0000] {logging_mixin.py:188} INFO - [2026-09-15T21:19:06.905+0000] {dag.py:3089} INFO - Sync 1 DAGs
[2026-09-15T21:19:06.915+0000] {logging_mixin.py:188} INFO - [2026-09-15T21:19:06.915+0000] {dag.py:3947} INFO - Setting next_dagrun for example_kubernetes_executor to None, run_after=None
[2026-09-15T21:19:06.931+0000] {processor.py:183} INFO - Processing /home/airflow/.local/lib/python3.12/site-packages/airflow/example_dags/example_kubernetes_executor.py took 0.074 seconds
[2026-09-15T21:19:37.479+0000] {processor.py:161} INFO - Started process (PID=299) to work on /home/airflow/.local/lib/python3.12/site-packages/airflow/example_dags/example_kubernetes_executor.py
[2026-09-15T21:19:37.481+0000] {processor.py:830} INFO - Processing file /home/airflow/.local/lib/python3.12/site-packages/airflow/example_dags/example_kubernetes_executor.py for tasks to queue
[2026-09-15T21:19:37.482+0000] {logging_mixin.py:188} INFO - [2026-09-15T21:19:37.482+0000] {dagbag.py:545} INFO - Filling up the DagBag from /home/airflow/.local/lib/python3.12/site-packages/airflow/example_dags/example_kubernetes_executor.py
[2026-09-15T21:19:37.491+0000] {processor.py:840} INFO - DAG(s) 'example_kubernetes_executor' retrieved from /home/airflow/.local/lib/python3.12/site-packages/airflow/example_dags/example_kubernetes_executor.py
[2026-09-15T21:19:37.522+0000] {logging_mixin.py:188} INFO - [2026-09-15T21:19:37.522+0000] {dag.py:3089} INFO - Sync 1 DAGs
[2026-09-15T21:19:37.533+0000] {logging_mixin.py:188} INFO - [2026-09-15T21:19:37.533+0000] {dag.py:3947} INFO - Setting next_dagrun for example_kubernetes_executor to None, run_after=None
[2026-09-15T21:19:37.549+0000] {processor.py:183} INFO - Processing /home/airflow/.local/lib/python3.12/site-packages/airflow/example_dags/example_kubernetes_executor.py took 0.074 seconds
[2026-09-15T21:20:07.722+0000] {processor.py:161} INFO - Started process (PID=357) to work on /home/airflow/.local/lib/python3.12/site-packages/airflow/example_dags/example_kubernetes_executor.py
[2026-09-15T21:20:07.724+0000] {processor.py:830} INFO - Processing file /home/airflow/.local/lib/python3.12/site-packages/airflow/example_dags/example_kubernetes_executor.py for tasks to queue
[2026-09-15T21:20:07.726+0000] {logging_mixin.py:188} INFO - [2026-09-15T21:20:07.725+0000] {dagbag.py:545} INFO - Filling up the DagBag from /home/airflow/.local/lib/python3.12/site-packages/airflow/example_dags/example_kubernetes_executor.py
[2026-09-15T21:20:07.734+0000] {processor.py:840} INFO - DAG(s) 'example_kubernetes_executor' retrieved from /home/airflow/.local/lib/python3.12/site-packages/airflow/example_dags/example_kubernetes_executor.py
[2026-09-15T21:20:07.765+0000] {logging_mixin.py:188} INFO - [2026-09-15T21:20:07.765+0000] {dag.py:3089} INFO - Sync 1 DAGs
[2026-09-15T21:20:07.775+0000] {logging_mixin.py:188} INFO - [2026-09-15T21:20:07.775+0000] {dag.py:3947} INFO - Setting next_dagrun for example_kubernetes_executor to None, run_after=None
[2026-09-15T21:20:07.791+0000] {processor.py:183} INFO - Processing /home/airflow/.local/lib/python3.12/site-packages/airflow/example_dags/example_kubernetes_executor.py took 0.073 seconds
[2026-09-15T21:20:37.858+0000] {processor.py:161} INFO - Started process (PID=414) to work on /home/airflow/.local/lib/python3.12/site-packages/airflow/example_dags/example_kubernetes_executor.py
[2026-09-15T21:20:37.859+0000] {processor.py:830} INFO - Processing file /home/airflow/.local/lib/python3.12/site-packages/airflow/example_dags/example_kubernetes_executor.py for tasks to queue
[2026-09-15T21:20:37.860+0000] {logging_mixin.py:188} INFO - [2026-09-15T21:20:37.860+0000] {dagbag.py:545} INFO - Filling up the DagBag from /home/airflow/.local/lib/python3.12/site-packages/airflow/example_dags/example_kubernetes_executor.py
[2026-09-15T21:20:37.869+0000] {processor.py:840} INFO - DAG(s) 'example_kubernetes_executor' retrieved from /home/airflow/.local/lib/python3.12/site-packages/airflow/example_dags/example_kubernetes_executor.py
[2026-09-15T21:20:37.898+0000] {logging_mixin.py:188} INFO - [2026-09-15T21:20:37.898+0000] {dag.py:3089} INFO - Sync 1 DAGs
[2026-09-15T21:20:37.909+0000] {logging_mixin.py:188} INFO - [2026-09-15T21:20:37.908+0000] {dag.py:3947} INFO - Setting next_dagrun for example_kubernetes_executor to None, run_after=None
[2026-09-15T21:20:37.923+0000] {processor.py:183} INFO - Processing /home/airflow/.local/lib/python3.12/site-packages/airflow/example_dags/example_kubernetes_executor.py took 0.069 seconds
[2026-09-15T21:22:06.538+0000] {processor.py:161} INFO - Started process (PID=223) to work on /home/airflow/.local/lib/python3.12/site-packages/airflow/example_dags/example_kubernetes_executor.py
[2026-09-15T21:22:06.540+0000] {processor.py:830} INFO - Processing file /home/airflow/.local/lib/python3.12/site-packages/airflow/example_dags/example_kubernetes_executor.py for tasks to queue
[2026-09-15T21:22:06.542+0000] {logging_mixin.py:188} INFO - [2026-09-15T21:22:06.541+0000] {dagbag.py:545} INFO - Filling up the DagBag from /home/airflow/.local/lib/python3.12/site-packages/airflow/example_dags/example_kubernetes_executor.py
[2026-09-15T21:22:06.551+0000] {processor.py:840} INFO - DAG(s) 'example_kubernetes_executor' retrieved from /home/airflow/.local/lib/python3.12/site-packages/airflow/example_dags/example_kubernetes_executor.py
[2026-09-15T21:22:06.566+0000] {logging_mixin.py:188} INFO - [2026-09-15T21:22:06.566+0000] {dag.py:3089} INFO - Sync 1 DAGs
[2026-09-15T21:22:06.577+0000] {logging_mixin.py:188} INFO - [2026-09-15T21:22:06.577+0000] {dag.py:3947} INFO - Setting next_dagrun for example_kubernetes_executor to None, run_after=None
[2026-09-15T21:22:06.595+0000] {processor.py:183} INFO - Processing /home/airflow/.local/lib/python3.12/site-packages/airflow/example_dags/example_kubernetes_executor.py took 0.061 seconds
[2026-09-15T21:22:37.500+0000] {processor.py:161} INFO - Started process (PID=480) to work on /home/airflow/.local/lib/python3.12/site-packages/airflow/example_dags/example_kubernetes_executor.py
[2026-09-15T21:22:37.501+0000] {processor.py:830} INFO - Processing file /home/airflow/.local/lib/python3.12/site-packages/airflow/example_dags/example_kubernetes_executor.py for tasks to queue
[2026-09-15T21:22:37.504+0000] {logging_mixin.py:188} INFO - [2026-09-15T21:22:37.503+0000] {dagbag.py:545} INFO - Filling up the DagBag from /home/airflow/.local/lib/python3.12/site-packages/airflow/example_dags/example_kubernetes_executor.py
[2026-09-15T21:22:37.515+0000] {processor.py:840} INFO - DAG(s) 'example_kubernetes_executor' retrieved from /home/airflow/.local/lib/python3.12/site-packages/airflow/example_dags/example_kubernetes_executor.py
[2026-09-15T21:22:37.613+0000] {logging_mixin.py:188} INFO - [2026-09-15T21:22:37.613+0000] {dag.py:3089} INFO - Sync 1 DAGs
[2026-09-15T21:22:37.621+0000] {logging_mixin.py:188} INFO - [2026-09-15T21:22:37.621+0000] {dag.py:3947} INFO - Setting next_dagrun for example_kubernetes_executor to None, run_after=None
[2026-09-15T21:22:37.638+0000] {processor.py:183} INFO - Processing /home/airflow/.local/lib/python3.12/site-packages/airflow/example_dags/example_kubernetes_executor.py took 0.144 seconds
[2026-09-15T21:23:08.174+0000] {processor.py:161} INFO - Started process (PID=742) to work on /home/airflow/.local/lib/python3.12/site-packages/airflow/example_dags/example_kubernetes_executor.py
[2026-09-15T21:23:08.175+0000] {processor.py:830} INFO - Processing file /home/airflow/.local/lib/python3.12/site-packages/airflow/example_dags/example_kubernetes_executor.py for tasks to queue
[2026-09-15T21:23:08.177+0000] {logging_mixin.py:188} INFO - [2026-09-15T21:23:08.177+0000] {dagbag.py:545} INFO - Filling up the DagBag from /home/airflow/.local/lib/python3.12/site-packages/airflow/example_dags/example_kubernetes_executor.py
[2026-09-15T21:23:08.185+0000] {processor.py:840} INFO - DAG(s) 'example_kubernetes_executor' retrieved from /home/airflow/.local/lib/python3.12/site-packages/airflow/example_dags/example_kubernetes_executor.py
[2026-09-15T21:23:08.214+0000] {logging_mixin.py:188} INFO - [2026-09-15T21:23:08.214+0000] {dag.py:3089} INFO - Sync 1 DAGs
[2026-09-15T21:23:08.224+0000] {logging_mixin.py:188} INFO - [2026-09-15T21:23:08.224+0000] {dag.py:3947} INFO - Setting next_dagrun for example_kubernetes_executor to None, run_after=None
[2026-09-15T21:23:08.240+0000] {processor.py:183} INFO - Processing /home/airflow/.local/lib/python3.12/site-packages/airflow/example_dags/example_kubernetes_executor.py took 0.070 seconds
[2026-09-15T21:23:38.299+0000] {processor.py:161} INFO - Started process (PID=1004) to work on /home/airflow/.local/lib/python3.12/site-packages/airflow/example_dags/example_kubernetes_executor.py
[2026-09-15T21:23:38.300+0000] {processor.py:830} INFO - Processing file /home/airflow/.local/lib/python3.12/site-packages/airflow/example_dags/example_kubernetes_executor.py for tasks to queue
[2026-09-15T21:23:38.302+0000] {logging_mixin.py:188} INFO - [2026-09-15T21:23:38.302+0000] {dagbag.py:545} INFO - Filling up the DagBag from /home/airflow/.local/lib/python3.12/site-packages/airflow/example_dags/example_kubernetes_executor.py
[2026-09-15T21:23:38.311+0000] {processor.py:840} INFO - DAG(s) 'example_kubernetes_executor' retrieved from /home/airflow/.local/lib/python3.12/site-packages/airflow/example_dags/example_kubernetes_executor.py
[2026-09-15T21:23:38.340+0000] {logging_mixin.py:188} INFO - [2026-09-15T21:23:38.340+0000] {dag.py:3089} INFO - Sync 1 DAGs
[2026-09-15T21:23:38.350+0000] {logging_mixin.py:188} INFO - [2026-09-15T21:23:38.350+0000] {dag.py:3947} INFO - Setting next_dagrun for example_kubernetes_executor to None, run_after=None
[2026-09-15T21:23:38.365+0000] {processor.py:183} INFO - Processing /home/airflow/.local/lib/python3.12/site-packages/airflow/example_dags/example_kubernetes_executor.py took 0.070 seconds
[2026-09-15T21:24:08.417+0000] {processor.py:161} INFO - Started process (PID=1266) to work on /home/airflow/.local/lib/python3.12/site-packages/airflow/example_dags/example_kubernetes_executor.py
[2026-09-15T21:24:08.418+0000] {processor.py:830} INFO - Processing file /home/airflow/.local/lib/python3.12/site-packages/airflow/example_dags/example_kubernetes_executor.py for tasks to queue
[2026-09-15T21:24:08.420+0000] {logging_mixin.py:188} INFO - [2026-09-15T21:24:08.420+0000] {dagbag.py:545} INFO - Filling up the DagBag from /home/airflow/.local/lib/python3.12/site-packages/airflow/example_dags/example_kubernetes_executor.py
[2026-09-15T21:24:08.428+0000] {processor.py:840} INFO - DAG(s) 'example_kubernetes_executor' retrieved from /home/airflow/.local/lib/python3.12/site-packages/airflow/example_dags/example_kubernetes_executor.py
[2026-09-15T21:24:08.461+0000] {logging_mixin.py:188} INFO - [2026-09-15T21:24:08.461+0000] {dag.py:3089} INFO - Sync 1 DAGs
[2026-09-15T21:24:08.471+0000] {logging_mixin.py:188} INFO - [2026-09-15T21:24:08.471+0000] {dag.py:3947} INFO - Setting next_dagrun for example_kubernetes_executor to None, run_after=None
[2026-09-15T21:24:08.486+0000] {processor.py:183} INFO - Processing /home/airflow/.local/lib/python3.12/site-packages/airflow/example_dags/example_kubernetes_executor.py took 0.074 seconds
[2026-09-15T21:24:38.582+0000] {processor.py:161} INFO - Started process (PID=1528) to work on /home/airflow/.local/lib/python3.12/site-packages/airflow/example_dags/example_kubernetes_executor.py
[2026-09-15T21:24:38.583+0000] {processor.py:830} INFO - Processing file /home/airflow/.local/lib/python3.12/site-packages/airflow/example_dags/example_kubernetes_executor.py for tasks to queue
[2026-09-15T21:24:38.585+0000] {logging_mixin.py:188} INFO - [2026-09-15T21:24:38.584+0000] {dagbag.py:545} INFO - Filling up the DagBag from /home/airflow/.local/lib/python3.12/site-packages/airflow/example_dags/example_kubernetes_executor.py
[2026-09-15T21:24:38.593+0000] {processor.py:840} INFO - DAG(s) 'example_kubernetes_executor' retrieved from /home/airflow/.local/lib/python3.12/site-packages/airflow/example_dags/example_kubernetes_executor.py
[2026-09-15T21:24:38.626+0000] {logging_mixin.py:188} INFO - [2026-09-15T21:24:38.626+0000] {dag.py:3089} INFO - Sync 1 DAGs
[2026-09-15T21:24:38.637+0000] {logging_mixin.py:188} INFO - [2026-09-15T21:24:38.637+0000] {dag.py:3947} INFO - Setting next_dagrun for example_kubernetes_executor to None, run_after=None
[2026-09-15T21:24:38.652+0000] {processor.py:183} INFO - Processing /home/airflow/.local/lib/python3.12/site-packages/airflow/example_dags/example_kubernetes_executor.py took 0.074 seconds
[2026-09-15T21:25:08.805+0000] {processor.py:161} INFO - Started process (PID=1790) to work on /home/airflow/.local/lib/python3.12/site-packages/airflow/example_dags/example_kubernetes_executor.py
[2026-09-15T21:25:08.806+0000] {processor.py:830} INFO - Processing file /home/airflow/.local/lib/python3.12/site-packages/airflow/example_dags/example_kubernetes_executor.py for tasks to queue
[2026-09-15T21:25:08.808+0000] {logging_mixin.py:188} INFO - [2026-09-15T21:25:08.808+0000] {dagbag.py:545} INFO - Filling up the DagBag from /home/airflow/.local/lib/python3.12/site-packages/airflow/example_dags/example_kubernetes_executor.py
[2026-09-15T21:25:08.816+0000] {processor.py:840} INFO - DAG(s) 'example_kubernetes_executor' retrieved from /home/airflow/.local/lib/python3.12/site-packages/airflow/example_dags/example_kubernetes_executor.py
[2026-09-15T21:25:08.852+0000] {logging_mixin.py:188} INFO - [2026-09-15T21:25:08.851+0000] {dag.py:3089} INFO - Sync 1 DAGs
[2026-09-15T21:25:08.861+0000] {logging_mixin.py:188} INFO - [2026-09-15T21:25:08.861+0000] {dag.py:3947} INFO - Setting next_dagrun for example_kubernetes_executor to None, run_after=None
[2026-09-15T21:25:08.876+0000] {processor.py:183} INFO - Processing /home/airflow/.local/lib/python3.12/site-packages/airflow/example_dags/example_kubernetes_executor.py took 0.075 seconds
[2026-09-15T21:25:39.011+0000] {processor.py:161} INFO - Started process (PID=2052) to work on /home/airflow/.local/lib/python3.12/site-packages/airflow/example_dags/example_kubernetes_executor.py
[2026-09-15T21:25:39.013+0000] {processor.py:830} INFO - Processing file /home/airflow/.local/lib/python3.12/site-packages/airflow/example_dags/example_kubernetes_executor.py for tasks to queue
[2026-09-15T21:25:39.015+0000] {logging_mixin.py:188} INFO - [2026-09-15T21:25:39.015+0000] {dagbag.py:545} INFO - Filling up the DagBag from /home/airflow/.local/lib/python3.12/site-packages/airflow/example_dags/example_kubernetes_executor.py
[2026-09-15T21:25:39.025+0000] {processor.py:840} INFO - DAG(s) 'example_kubernetes_executor' retrieved from /home/airflow/.local/lib/python3.12/site-packages/airflow/example_dags/example_kubernetes_executor.py
[2026-09-15T21:25:39.059+0000] {logging_mixin.py:188} INFO - [2026-09-15T21:25:39.059+0000] {dag.py:3089} INFO - Sync 1 DAGs
[2026-09-15T21:25:39.070+0000] {logging_mixin.py:188} INFO - [2026-09-15T21:25:39.070+0000] {dag.py:3947} INFO - Setting next_dagrun for example_kubernetes_executor to None, run_after=None
[2026-09-15T21:25:39.090+0000] {processor.py:183} INFO - Processing /home/airflow/.local/lib/python3.12/site-packages/airflow/example_dags/example_kubernetes_executor.py took 0.083 seconds
[2026-09-15T21:26:09.293+0000] {processor.py:161} INFO - Started process (PID=2316) to work on /home/airflow/.local/lib/python3.12/site-packages/airflow/example_dags/example_kubernetes_executor.py
[2026-09-15T21:26:09.294+0000] {processor.py:830} INFO - Processing file /home/airflow/.local/lib/python3.12/site-packages/airflow/example_dags/example_kubernetes_executor.py for tasks to queue
[2026-09-15T21:26:09.296+0000] {logging_mixin.py:188} INFO - [2026-09-15T21:26:09.295+0000] {dagbag.py:545} INFO - Filling up the DagBag from /home/airflow/.local/lib/python3.12/site-packages/airflow/example_dags/example_kubernetes_executor.py
[2026-09-15T21:26:09.305+0000] {processor.py:840} INFO - DAG(s) 'example_kubernetes_executor' retrieved from /home/airflow/.local/lib/python3.12/site-packages/airflow/example_dags/example_kubernetes_executor.py
[2026-09-15T21:26:09.334+0000] {logging_mixin.py:188} INFO - [2026-09-15T21:26:09.334+0000] {dag.py:3089} INFO - Sync 1 DAGs
[2026-09-15T21:26:09.344+0000] {logging_mixin.py:188} INFO - [2026-09-15T21:26:09.344+0000] {dag.py:3947} INFO - Setting next_dagrun for example_kubernetes_executor to None, run_after=None
[2026-09-15T21:26:09.359+0000] {processor.py:183} INFO - Processing /home/airflow/.local/lib/python3.12/site-packages/airflow/example_dags/example_kubernetes_executor.py took 0.070 seconds
[2026-09-15T21:26:39.452+0000] {processor.py:161} INFO - Started process (PID=2578) to work on /home/airflow/.local/lib/python3.12/site-packages/airflow/example_dags/example_kubernetes_executor.py
[2026-09-15T21:26:39.454+0000] {processor.py:830} INFO - Processing file /home/airflow/.local/lib/python3.12/site-packages/airflow/example_dags/example_kubernetes_executor.py for tasks to queue
[2026-09-15T21:26:39.455+0000] {logging_mixin.py:188} INFO - [2026-09-15T21:26:39.455+0000] {dagbag.py:545} INFO - Filling up the DagBag from /home/airflow/.local/lib/python3.12/site-packages/airflow/example_dags/example_kubernetes_executor.py
[2026-09-15T21:26:39.463+0000] {processor.py:840} INFO - DAG(s) 'example_kubernetes_executor' retrieved from /home/airflow/.local/lib/python3.12/site-packages/airflow/example_dags/example_kubernetes_executor.py
[2026-09-15T21:26:39.492+0000] {logging_mixin.py:188} INFO - [2026-09-15T21:26:39.492+0000] {dag.py:3089} INFO - Sync 1 DAGs
[2026-09-15T21:26:39.502+0000] {logging_mixin.py:188} INFO - [2026-09-15T21:26:39.501+0000] {dag.py:3947} INFO - Setting next_dagrun for example_kubernetes_executor to None, run_after=None
[2026-09-15T21:26:39.516+0000] {processor.py:183} INFO - Processing /home/airflow/.local/lib/python3.12/site-packages/airflow/example_dags/example_kubernetes_executor.py took 0.067 seconds
[2026-09-15T21:27:09.781+0000] {processor.py:161} INFO - Started process (PID=2844) to work on /home/airflow/.local/lib/python3.12/site-packages/airflow/example_dags/example_kubernetes_executor.py
[2026-09-15T21:27:09.782+0000] {processor.py:830} INFO - Processing file /home/airflow/.local/lib/python3.12/site-packages/airflow/example_dags/example_kubernetes_executor.py for tasks to queue
[2026-09-15T21:27:09.784+0000] {logging_mixin.py:188} INFO - [2026-09-15T21:27:09.784+0000] {dagbag.py:545} INFO - Filling up the DagBag from /home/airflow/.local/lib/python3.12/site-packages/airflow/example_dags/example_kubernetes_executor.py
[2026-09-15T21:27:09.797+0000] {processor.py:840} INFO - DAG(s) 'example_kubernetes_executor' retrieved from /home/airflow/.local/lib/python3.12/site-packages/airflow/example_dags/example_kubernetes_executor.py
[2026-09-15T21:27:09.836+0000] {logging_mixin.py:188} INFO - [2026-09-15T21:27:09.835+0000] {dag.py:3089} INFO - Sync 1 DAGs
[2026-09-15T21:27:09.846+0000] {logging_mixin.py:188} INFO - [2026-09-15T21:27:09.846+0000] {dag.py:3947} INFO - Setting next_dagrun for example_kubernetes_executor to None, run_after=None
[2026-09-15T21:27:09.862+0000] {processor.py:183} INFO - Processing /home/airflow/.local/lib/python3.12/site-packages/airflow/example_dags/example_kubernetes_executor.py took 0.087 seconds
[2026-09-15T21:27:40.033+0000] {processor.py:161} INFO - Started process (PID=3106) to work on /home/airflow/.local/lib/python3.12/site-packages/airflow/example_dags/example_kubernetes_executor.py
[2026-09-15T21:27:40.035+0000] {processor.py:830} INFO - Processing file /home/airflow/.local/lib/python3.12/site-packages/airflow/example_dags/example_kubernetes_executor.py for tasks to queue
[2026-09-15T21:27:40.036+0000] {logging_mixin.py:188} INFO - [2026-09-15T21:27:40.036+0000] {dagbag.py:545} INFO - Filling up the DagBag from /home/airflow/.local/lib/python3.12/site-packages/airflow/example_dags/example_kubernetes_executor.py
[2026-09-15T21:27:40.044+0000] {processor.py:840} INFO - DAG(s) 'example_kubernetes_executor' retrieved from /home/airflow/.local/lib/python3.12/site-packages/airflow/example_dags/example_kubernetes_executor.py
[2026-09-15T21:27:40.072+0000] {logging_mixin.py:188} INFO - [2026-09-15T21:27:40.072+0000] {dag.py:3089} INFO - Sync 1 DAGs
[2026-09-15T21:27:40.084+0000] {logging_mixin.py:188} INFO - [2026-09-15T21:27:40.084+0000] {dag.py:3947} INFO - Setting next_dagrun for example_kubernetes_executor to None, run_after=None
[2026-09-15T21:27:40.102+0000] {processor.py:183} INFO - Processing /home/airflow/.local/lib/python3.12/site-packages/airflow/example_dags/example_kubernetes_executor.py took 0.073 seconds
[2026-09-15T21:28:10.753+0000] {processor.py:161} INFO - Started process (PID=3368) to work on /home/airflow/.local/lib/python3.12/site-packages/airflow/example_dags/example_kubernetes_executor.py
[2026-09-15T21:28:10.755+0000] {processor.py:830} INFO - Processing file /home/airflow/.local/lib/python3.12/site-packages/airflow/example_dags/example_kubernetes_executor.py for tasks to queue
[2026-09-15T21:28:10.757+0000] {logging_mixin.py:188} INFO - [2026-09-15T21:28:10.757+0000] {dagbag.py:545} INFO - Filling up the DagBag from /home/airflow/.local/lib/python3.12/site-packages/airflow/example_dags/example_kubernetes_executor.py
[2026-09-15T21:28:10.764+0000] {processor.py:840} INFO - DAG(s) 'example_kubernetes_executor' retrieved from /home/airflow/.local/lib/python3.12/site-packages/airflow/example_dags/example_kubernetes_executor.py
[2026-09-15T21:28:10.793+0000] {logging_mixin.py:188} INFO - [2026-09-15T21:28:10.793+0000] {dag.py:3089} INFO - Sync 1 DAGs
[2026-09-15T21:28:10.802+0000] {logging_mixin.py:188} INFO - [2026-09-15T21:28:10.802+0000] {dag.py:3947} INFO - Setting next_dagrun for example_kubernetes_executor to None, run_after=None
[2026-09-15T21:28:10.816+0000] {processor.py:183} INFO - Processing /home/airflow/.local/lib/python3.12/site-packages/airflow/example_dags/example_kubernetes_executor.py took 0.067 seconds
[2026-09-15T21:28:41.439+0000] {processor.py:161} INFO - Started process (PID=3632) to work on /home/airflow/.local/lib/python3.12/site-packages/airflow/example_dags/example_kubernetes_executor.py
[2026-09-15T21:28:41.441+0000] {processor.py:830} INFO - Processing file /home/airflow/.local/lib/python3.12/site-packages/airflow/example_dags/example_kubernetes_executor.py for tasks to queue
[2026-09-15T21:28:41.442+0000] {logging_mixin.py:188} INFO - [2026-09-15T21:28:41.442+0000] {dagbag.py:545} INFO - Filling up the DagBag from /home/airflow/.local/lib/python3.12/site-packages/airflow/example_dags/example_kubernetes_executor.py
[2026-09-15T21:28:41.450+0000] {processor.py:840} INFO - DAG(s) 'example_kubernetes_executor' retrieved from /home/airflow/.local/lib/python3.12/site-packages/airflow/example_dags/example_kubernetes_executor.py
[2026-09-15T21:28:41.477+0000] {logging_mixin.py:188} INFO - [2026-09-15T21:28:41.477+0000] {dag.py:3089} INFO - Sync 1 DAGs
[2026-09-15T21:28:41.486+0000] {logging_mixin.py:188} INFO - [2026-09-15T21:28:41.485+0000] {dag.py:3947} INFO - Setting next_dagrun for example_kubernetes_executor to None, run_after=None
[2026-09-15T21:28:41.501+0000] {processor.py:183} INFO - Processing /home/airflow/.local/lib/python3.12/site-packages/airflow/example_dags/example_kubernetes_executor.py took 0.065 seconds
[2026-09-15T21:29:11.612+0000] {processor.py:161} INFO - Started process (PID=3892) to work on /home/airflow/.local/lib/python3.12/site-packages/airflow/example_dags/example_kubernetes_executor.py
[2026-09-15T21:29:11.613+0000] {processor.py:830} INFO - Processing file /home/airflow/.local/lib/python3.12/site-packages/airflow/example_dags/example_kubernetes_executor.py for tasks to queue
[2026-09-15T21:29:11.614+0000] {logging_mixin.py:188} INFO - [2026-09-15T21:29:11.614+0000] {dagbag.py:545} INFO - Filling up the DagBag from /home/airflow/.local/lib/python3.12/site-packages/airflow/example_dags/example_kubernetes_executor.py
[2026-09-15T21:29:11.622+0000] {processor.py:840} INFO - DAG(s) 'example_kubernetes_executor' retrieved from /home/airflow/.local/lib/python3.12/site-packages/airflow/example_dags/example_kubernetes_executor.py
[2026-09-15T21:29:11.655+0000] {logging_mixin.py:188} INFO - [2026-09-15T21:29:11.655+0000] {dag.py:3089} INFO - Sync 1 DAGs
[2026-09-15T21:29:11.667+0000] {logging_mixin.py:188} INFO - [2026-09-15T21:29:11.667+0000] {dag.py:3947} INFO - Setting next_dagrun for example_kubernetes_executor to None, run_after=None
[2026-09-15T21:29:11.683+0000] {processor.py:183} INFO - Processing /home/airflow/.local/lib/python3.12/site-packages/airflow/example_dags/example_kubernetes_executor.py took 0.076 seconds
[2026-09-15T21:29:41.905+0000] {processor.py:161} INFO - Started process (PID=4161) to work on /home/airflow/.local/lib/python3.12/site-packages/airflow/example_dags/example_kubernetes_executor.py
[2026-09-15T21:29:41.906+0000] {processor.py:830} INFO - Processing file /home/airflow/.local/lib/python3.12/site-packages/airflow/example_dags/example_kubernetes_executor.py for tasks to queue
[2026-09-15T21:29:41.908+0000] {logging_mixin.py:188} INFO - [2026-09-15T21:29:41.908+0000] {dagbag.py:545} INFO - Filling up the DagBag from /home/airflow/.local/lib/python3.12/site-packages/airflow/example_dags/example_kubernetes_executor.py
[2026-09-15T21:29:41.916+0000] {processor.py:840} INFO - DAG(s) 'example_kubernetes_executor' retrieved from /home/airflow/.local/lib/python3.12/site-packages/airflow/example_dags/example_kubernetes_executor.py
[2026-09-15T21:29:41.955+0000] {logging_mixin.py:188} INFO - [2026-09-15T21:29:41.955+0000] {dag.py:3089} INFO - Sync 1 DAGs
[2026-09-15T21:29:41.967+0000] {logging_mixin.py:188} INFO - [2026-09-15T21:29:41.967+0000] {dag.py:3947} INFO - Setting next_dagrun for example_kubernetes_executor to None, run_after=None
[2026-09-15T21:29:41.987+0000] {processor.py:183} INFO - Processing /home/airflow/.local/lib/python3.12/site-packages/airflow/example_dags/example_kubernetes_executor.py took 0.087 seconds
[2026-09-15T21:30:12.035+0000] {processor.py:161} INFO - Started process (PID=4426) to work on /home/airflow/.local/lib/python3.12/site-packages/airflow/example_dags/example_kubernetes_executor.py
[2026-09-15T21:30:12.037+0000] {processor.py:830} INFO - Processing file /home/airflow/.local/lib/python3.12/site-packages/airflow/example_dags/example_kubernetes_executor.py for tasks to queue
[2026-09-15T21:30:12.039+0000] {logging_mixin.py:188} INFO - [2026-09-15T21:30:12.039+0000] {dagbag.py:545} INFO - Filling up the DagBag from /home/airflow/.local/lib/python3.12/site-packages/airflow/example_dags/example_kubernetes_executor.py
[2026-09-15T21:30:12.047+0000] {processor.py:840} INFO - DAG(s) 'example_kubernetes_executor' retrieved from /home/airflow/.local/lib/python3.12/site-packages/airflow/example_dags/example_kubernetes_executor.py
[2026-09-15T21:30:12.079+0000] {logging_mixin.py:188} INFO - [2026-09-15T21:30:12.079+0000] {dag.py:3089} INFO - Sync 1 DAGs
[2026-09-15T21:30:12.090+0000] {logging_mixin.py:188} INFO - [2026-09-15T21:30:12.090+0000] {dag.py:3947} INFO - Setting next_dagrun for example_kubernetes_executor to None, run_after=None
[2026-09-15T21:30:12.107+0000] {processor.py:183} INFO - Processing /home/airflow/.local/lib/python3.12/site-packages/airflow/example_dags/example_kubernetes_executor.py took 0.075 seconds
[2026-09-15T21:30:42.241+0000] {processor.py:161} INFO - Started process (PID=4688) to work on /home/airflow/.local/lib/python3.12/site-packages/airflow/example_dags/example_kubernetes_executor.py
[2026-09-15T21:30:42.242+0000] {processor.py:830} INFO - Processing file /home/airflow/.local/lib/python3.12/site-packages/airflow/example_dags/example_kubernetes_executor.py for tasks to queue
[2026-09-15T21:30:42.243+0000] {logging_mixin.py:188} INFO - [2026-09-15T21:30:42.243+0000] {dagbag.py:545} INFO - Filling up the DagBag from /home/airflow/.local/lib/python3.12/site-packages/airflow/example_dags/example_kubernetes_executor.py
[2026-09-15T21:30:42.254+0000] {processor.py:840} INFO - DAG(s) 'example_kubernetes_executor' retrieved from /home/airflow/.local/lib/python3.12/site-packages/airflow/example_dags/example_kubernetes_executor.py
[2026-09-15T21:30:42.285+0000] {logging_mixin.py:188} INFO - [2026-09-15T21:30:42.285+0000] {dag.py:3089} INFO - Sync 1 DAGs
[2026-09-15T21:30:42.295+0000] {logging_mixin.py:188} INFO - [2026-09-15T21:30:42.294+0000] {dag.py:3947} INFO - Setting next_dagrun for example_kubernetes_executor to None, run_after=None
[2026-09-15T21:30:42.309+0000] {processor.py:183} INFO - Processing /home/airflow/.local/lib/python3.12/site-packages/airflow/example_dags/example_kubernetes_executor.py took 0.072 seconds
[2026-09-15T21:31:12.855+0000] {processor.py:161} INFO - Started process (PID=4950) to work on /home/airflow/.local/lib/python3.12/site-packages/airflow/example_dags/example_kubernetes_executor.py
[2026-09-15T21:31:12.856+0000] {processor.py:830} INFO - Processing file /home/airflow/.local/lib/python3.12/site-packages/airflow/example_dags/example_kubernetes_executor.py for tasks to queue
[2026-09-15T21:31:12.858+0000] {logging_mixin.py:188} INFO - [2026-09-15T21:31:12.858+0000] {dagbag.py:545} INFO - Filling up the DagBag from /home/airflow/.local/lib/python3.12/site-packages/airflow/example_dags/example_kubernetes_executor.py
[2026-09-15T21:31:12.866+0000] {processor.py:840} INFO - DAG(s) 'example_kubernetes_executor' retrieved from /home/airflow/.local/lib/python3.12/site-packages/airflow/example_dags/example_kubernetes_executor.py
[2026-09-15T21:31:12.895+0000] {logging_mixin.py:188} INFO - [2026-09-15T21:31:12.895+0000] {dag.py:3089} INFO - Sync 1 DAGs
[2026-09-15T21:31:12.904+0000] {logging_mixin.py:188} INFO - [2026-09-15T21:31:12.903+0000] {dag.py:3947} INFO - Setting next_dagrun for example_kubernetes_executor to None, run_after=None
[2026-09-15T21:31:12.919+0000] {processor.py:183} INFO - Processing /home/airflow/.local/lib/python3.12/site-packages/airflow/example_dags/example_kubernetes_executor.py took 0.068 seconds
[2026-09-15T21:31:43.507+0000] {processor.py:161} INFO - Started process (PID=5214) to work on /home/airflow/.local/lib/python3.12/site-packages/airflow/example_dags/example_kubernetes_executor.py
[2026-09-15T21:31:43.508+0000] {processor.py:830} INFO - Processing file /home/airflow/.local/lib/python3.12/site-packages/airflow/example_dags/example_kubernetes_executor.py for tasks to queue
[2026-09-15T21:31:43.510+0000] {logging_mixin.py:188} INFO - [2026-09-15T21:31:43.510+0000] {dagbag.py:545} INFO - Filling up the DagBag from /home/airflow/.local/lib/python3.12/site-packages/airflow/example_dags/example_kubernetes_executor.py
[2026-09-15T21:31:43.518+0000] {processor.py:840} INFO - DAG(s) 'example_kubernetes_executor' retrieved from /home/airflow/.local/lib/python3.12/site-packages/airflow/example_dags/example_kubernetes_executor.py
[2026-09-15T21:31:43.552+0000] {logging_mixin.py:188} INFO - [2026-09-15T21:31:43.552+0000] {dag.py:3089} INFO - Sync 1 DAGs
[2026-09-15T21:31:43.562+0000] {logging_mixin.py:188} INFO - [2026-09-15T21:31:43.562+0000] {dag.py:3947} INFO - Setting next_dagrun for example_kubernetes_executor to None, run_after=None
[2026-09-15T21:31:43.578+0000] {processor.py:183} INFO - Processing /home/airflow/.local/lib/python3.12/site-packages/airflow/example_dags/example_kubernetes_executor.py took 0.075 seconds
[2026-09-15T21:32:14.168+0000] {processor.py:161} INFO - Started process (PID=5474) to work on /home/airflow/.local/lib/python3.12/site-packages/airflow/example_dags/example_kubernetes_executor.py
[2026-09-15T21:32:14.169+0000] {processor.py:830} INFO - Processing file /home/airflow/.local/lib/python3.12/site-packages/airflow/example_dags/example_kubernetes_executor.py for tasks to queue
[2026-09-15T21:32:14.171+0000] {logging_mixin.py:188} INFO - [2026-09-15T21:32:14.171+0000] {dagbag.py:545} INFO - Filling up the DagBag from /home/airflow/.local/lib/python3.12/site-packages/airflow/example_dags/example_kubernetes_executor.py
[2026-09-15T21:32:14.180+0000] {processor.py:840} INFO - DAG(s) 'example_kubernetes_executor' retrieved from /home/airflow/.local/lib/python3.12/site-packages/airflow/example_dags/example_kubernetes_executor.py
[2026-09-15T21:32:14.212+0000] {logging_mixin.py:188} INFO - [2026-09-15T21:32:14.212+0000] {dag.py:3089} INFO - Sync 1 DAGs
[2026-09-15T21:32:14.224+0000] {logging_mixin.py:188} INFO - [2026-09-15T21:32:14.223+0000] {dag.py:3947} INFO - Setting next_dagrun for example_kubernetes_executor to None, run_after=None
[2026-09-15T21:32:14.240+0000] {processor.py:183} INFO - Processing /home/airflow/.local/lib/python3.12/site-packages/airflow/example_dags/example_kubernetes_executor.py took 0.076 seconds
[2026-09-15T21:32:44.400+0000] {processor.py:161} INFO - Started process (PID=5736) to work on /home/airflow/.local/lib/python3.12/site-packages/airflow/example_dags/example_kubernetes_executor.py
[2026-09-15T21:32:44.401+0000] {processor.py:830} INFO - Processing file /home/airflow/.local/lib/python3.12/site-packages/airflow/example_dags/example_kubernetes_executor.py for tasks to queue
[2026-09-15T21:32:44.403+0000] {logging_mixin.py:188} INFO - [2026-09-15T21:32:44.402+0000] {dagbag.py:545} INFO - Filling up the DagBag from /home/airflow/.local/lib/python3.12/site-packages/airflow/example_dags/example_kubernetes_executor.py
[2026-09-15T21:32:44.411+0000] {processor.py:840} INFO - DAG(s) 'example_kubernetes_executor' retrieved from /home/airflow/.local/lib/python3.12/site-packages/airflow/example_dags/example_kubernetes_executor.py
[2026-09-15T21:32:44.439+0000] {logging_mixin.py:188} INFO - [2026-09-15T21:32:44.439+0000] {dag.py:3089} INFO - Sync 1 DAGs
[2026-09-15T21:32:44.448+0000] {logging_mixin.py:188} INFO - [2026-09-15T21:32:44.448+0000] {dag.py:3947} INFO - Setting next_dagrun for example_kubernetes_executor to None, run_after=None
[2026-09-15T21:32:44.464+0000] {processor.py:183} INFO - Processing /home/airflow/.local/lib/python3.12/site-packages/airflow/example_dags/example_kubernetes_executor.py took 0.069 seconds
[2026-09-15T21:33:14.762+0000] {processor.py:161} INFO - Started process (PID=6000) to work on /home/airflow/.local/lib/python3.12/site-packages/airflow/example_dags/example_kubernetes_executor.py
[2026-09-15T21:33:14.763+0000] {processor.py:830} INFO - Processing file /home/airflow/.local/lib/python3.12/site-packages/airflow/example_dags/example_kubernetes_executor.py for tasks to queue
[2026-09-15T21:33:14.765+0000] {logging_mixin.py:188} INFO - [2026-09-15T21:33:14.765+0000] {dagbag.py:545} INFO - Filling up the DagBag from /home/airflow/.local/lib/python3.12/site-packages/airflow/example_dags/example_kubernetes_executor.py
[2026-09-15T21:33:14.773+0000] {processor.py:840} INFO - DAG(s) 'example_kubernetes_executor' retrieved from /home/airflow/.local/lib/python3.12/site-packages/airflow/example_dags/example_kubernetes_executor.py
[2026-09-15T21:33:14.801+0000] {logging_mixin.py:188} INFO - [2026-09-15T21:33:14.801+0000] {dag.py:3089} INFO - Sync 1 DAGs
[2026-09-15T21:33:14.811+0000] {logging_mixin.py:188} INFO - [2026-09-15T21:33:14.811+0000] {dag.py:3947} INFO - Setting next_dagrun for example_kubernetes_executor to None, run_after=None
[2026-09-15T21:33:14.826+0000] {processor.py:183} INFO - Processing /home/airflow/.local/lib/python3.12/site-packages/airflow/example_dags/example_kubernetes_executor.py took 0.068 seconds
[2026-09-15T21:33:44.900+0000] {processor.py:161} INFO - Started process (PID=6266) to work on /home/airflow/.local/lib/python3.12/site-packages/airflow/example_dags/example_kubernetes_executor.py
[2026-09-15T21:33:44.901+0000] {processor.py:830} INFO - Processing file /home/airflow/.local/lib/python3.12/site-packages/airflow/example_dags/example_kubernetes_executor.py for tasks to queue
[2026-09-15T21:33:44.903+0000] {logging_mixin.py:188} INFO - [2026-09-15T21:33:44.903+0000] {dagbag.py:545} INFO - Filling up the DagBag from /home/airflow/.local/lib/python3.12/site-packages/airflow/example_dags/example_kubernetes_executor.py
[2026-09-15T21:33:44.912+0000] {processor.py:840} INFO - DAG(s) 'example_kubernetes_executor' retrieved from /home/airflow/.local/lib/python3.12/site-packages/airflow/example_dags/example_kubernetes_executor.py
[2026-09-15T21:33:44.943+0000] {logging_mixin.py:188} INFO - [2026-09-15T21:33:44.943+0000] {dag.py:3089} INFO - Sync 1 DAGs
[2026-09-15T21:33:44.953+0000] {logging_mixin.py:188} INFO - [2026-09-15T21:33:44.953+0000] {dag.py:3947} INFO - Setting next_dagrun for example_kubernetes_executor to None, run_after=None
[2026-09-15T21:33:44.968+0000] {processor.py:183} INFO - Processing /home/airflow/.local/lib/python3.12/site-packages/airflow/example_dags/example_kubernetes_executor.py took 0.074 seconds
[2026-09-15T21:34:15.202+0000] {processor.py:161} INFO - Started process (PID=6526) to work on /home/airflow/.local/lib/python3.12/site-packages/airflow/example_dags/example_kubernetes_executor.py
[2026-09-15T21:34:15.204+0000] {processor.py:830} INFO - Processing file /home/airflow/.local/lib/python3.12/site-packages/airflow/example_dags/example_kubernetes_executor.py for tasks to queue
[2026-09-15T21:34:15.205+0000] {logging_mixin.py:188} INFO - [2026-09-15T21:34:15.205+0000] {dagbag.py:545} INFO - Filling up the DagBag from /home/airflow/.local/lib/python3.12/site-packages/airflow/example_dags/example_kubernetes_executor.py
[2026-09-15T21:34:15.214+0000] {processor.py:840} INFO - DAG(s) 'example_kubernetes_executor' retrieved from /home/airflow/.local/lib/python3.12/site-packages/airflow/example_dags/example_kubernetes_executor.py
[2026-09-15T21:34:15.244+0000] {logging_mixin.py:188} INFO - [2026-09-15T21:34:15.244+0000] {dag.py:3089} INFO - Sync 1 DAGs
[2026-09-15T21:34:15.253+0000] {logging_mixin.py:188} INFO - [2026-09-15T21:34:15.253+0000] {dag.py:3947} INFO - Setting next_dagrun for example_kubernetes_executor to None, run_after=None
[2026-09-15T21:34:15.268+0000] {processor.py:183} INFO - Processing /home/airflow/.local/lib/python3.12/site-packages/airflow/example_dags/example_kubernetes_executor.py took 0.070 seconds
[2026-09-15T21:34:45.727+0000] {processor.py:161} INFO - Started process (PID=6788) to work on /home/airflow/.local/lib/python3.12/site-packages/airflow/example_dags/example_kubernetes_executor.py
[2026-09-15T21:34:45.729+0000] {processor.py:830} INFO - Processing file /home/airflow/.local/lib/python3.12/site-packages/airflow/example_dags/example_kubernetes_executor.py for tasks to queue
[2026-09-15T21:34:45.731+0000] {logging_mixin.py:188} INFO - [2026-09-15T21:34:45.731+0000] {dagbag.py:545} INFO - Filling up the DagBag from /home/airflow/.local/lib/python3.12/site-packages/airflow/example_dags/example_kubernetes_executor.py
[2026-09-15T21:34:45.741+0000] {processor.py:840} INFO - DAG(s) 'example_kubernetes_executor' retrieved from /home/airflow/.local/lib/python3.12/site-packages/airflow/example_dags/example_kubernetes_executor.py
[2026-09-15T21:34:45.776+0000] {logging_mixin.py:188} INFO - [2026-09-15T21:34:45.776+0000] {dag.py:3089} INFO - Sync 1 DAGs
[2026-09-15T21:34:45.788+0000] {logging_mixin.py:188} INFO - [2026-09-15T21:34:45.787+0000] {dag.py:3947} INFO - Setting next_dagrun for example_kubernetes_executor to None, run_after=None
[2026-09-15T21:34:45.805+0000] {processor.py:183} INFO - Processing /home/airflow/.local/lib/python3.12/site-packages/airflow/example_dags/example_kubernetes_executor.py took 0.083 seconds
[2026-09-15T21:35:16.031+0000] {processor.py:161} INFO - Started process (PID=7054) to work on /home/airflow/.local/lib/python3.12/site-packages/airflow/example_dags/example_kubernetes_executor.py
[2026-09-15T21:35:16.032+0000] {processor.py:830} INFO - Processing file /home/airflow/.local/lib/python3.12/site-packages/airflow/example_dags/example_kubernetes_executor.py for tasks to queue
[2026-09-15T21:35:16.034+0000] {logging_mixin.py:188} INFO - [2026-09-15T21:35:16.034+0000] {dagbag.py:545} INFO - Filling up the DagBag from /home/airflow/.local/lib/python3.12/site-packages/airflow/example_dags/example_kubernetes_executor.py
[2026-09-15T21:35:16.043+0000] {processor.py:840} INFO - DAG(s) 'example_kubernetes_executor' retrieved from /home/airflow/.local/lib/python3.12/site-packages/airflow/example_dags/example_kubernetes_executor.py
[2026-09-15T21:35:16.079+0000] {logging_mixin.py:188} INFO - [2026-09-15T21:35:16.079+0000] {dag.py:3089} INFO - Sync 1 DAGs
[2026-09-15T21:35:16.091+0000] {logging_mixin.py:188} INFO - [2026-09-15T21:35:16.091+0000] {dag.py:3947} INFO - Setting next_dagrun for example_kubernetes_executor to None, run_after=None
[2026-09-15T21:35:16.109+0000] {processor.py:183} INFO - Processing /home/airflow/.local/lib/python3.12/site-packages/airflow/example_dags/example_kubernetes_executor.py took 0.082 seconds
[2026-09-15T21:35:46.469+0000] {processor.py:161} INFO - Started process (PID=7316) to work on /home/airflow/.local/lib/python3.12/site-packages/airflow/example_dags/example_kubernetes_executor.py
[2026-09-15T21:35:46.471+0000] {processor.py:830} INFO - Processing file /home/airflow/.local/lib/python3.12/site-packages/airflow/example_dags/example_kubernetes_executor.py for tasks to queue
[2026-09-15T21:35:46.472+0000] {logging_mixin.py:188} INFO - [2026-09-15T21:35:46.472+0000] {dagbag.py:545} INFO - Filling up the DagBag from /home/airflow/.local/lib/python3.12/site-packages/airflow/example_dags/example_kubernetes_executor.py
[2026-09-15T21:35:46.480+0000] {processor.py:840} INFO - DAG(s) 'example_kubernetes_executor' retrieved from /home/airflow/.local/lib/python3.12/site-packages/airflow/example_dags/example_kubernetes_executor.py
[2026-09-15T21:35:46.508+0000] {logging_mixin.py:188} INFO - [2026-09-15T21:35:46.508+0000] {dag.py:3089} INFO - Sync 1 DAGs
[2026-09-15T21:35:46.518+0000] {logging_mixin.py:188} INFO - [2026-09-15T21:35:46.518+0000] {dag.py:3947} INFO - Setting next_dagrun for example_kubernetes_executor to None, run_after=None
[2026-09-15T21:35:46.533+0000] {processor.py:183} INFO - Processing /home/airflow/.local/lib/python3.12/site-packages/airflow/example_dags/example_kubernetes_executor.py took 0.067 seconds
[2026-09-15T21:36:16.640+0000] {processor.py:161} INFO - Started process (PID=7578) to work on /home/airflow/.local/lib/python3.12/site-packages/airflow/example_dags/example_kubernetes_executor.py
[2026-09-15T21:36:16.641+0000] {processor.py:830} INFO - Processing file /home/airflow/.local/lib/python3.12/site-packages/airflow/example_dags/example_kubernetes_executor.py for tasks to queue
[2026-09-15T21:36:16.643+0000] {logging_mixin.py:188} INFO - [2026-09-15T21:36:16.643+0000] {dagbag.py:545} INFO - Filling up the DagBag from /home/airflow/.local/lib/python3.12/site-packages/airflow/example_dags/example_kubernetes_executor.py
[2026-09-15T21:36:16.651+0000] {processor.py:840} INFO - DAG(s) 'example_kubernetes_executor' retrieved from /home/airflow/.local/lib/python3.12/site-packages/airflow/example_dags/example_kubernetes_executor.py
[2026-09-15T21:36:16.680+0000] {logging_mixin.py:188} INFO - [2026-09-15T21:36:16.680+0000] {dag.py:3089} INFO - Sync 1 DAGs
[2026-09-15T21:36:16.690+0000] {logging_mixin.py:188} INFO - [2026-09-15T21:36:16.690+0000] {dag.py:3947} INFO - Setting next_dagrun for example_kubernetes_executor to None, run_after=None
[2026-09-15T21:36:16.705+0000] {processor.py:183} INFO - Processing /home/airflow/.local/lib/python3.12/site-packages/airflow/example_dags/example_kubernetes_executor.py took 0.068 seconds
[2026-09-15T21:36:46.763+0000] {processor.py:161} INFO - Started process (PID=7840) to work on /home/airflow/.local/lib/python3.12/site-packages/airflow/example_dags/example_kubernetes_executor.py
[2026-09-15T21:36:46.765+0000] {processor.py:830} INFO - Processing file /home/airflow/.local/lib/python3.12/site-packages/airflow/example_dags/example_kubernetes_executor.py for tasks to queue
[2026-09-15T21:36:46.767+0000] {logging_mixin.py:188} INFO - [2026-09-15T21:36:46.766+0000] {dagbag.py:545} INFO - Filling up the DagBag from /home/airflow/.local/lib/python3.12/site-packages/airflow/example_dags/example_kubernetes_executor.py
[2026-09-15T21:36:46.775+0000] {processor.py:840} INFO - DAG(s) 'example_kubernetes_executor' retrieved from /home/airflow/.local/lib/python3.12/site-packages/airflow/example_dags/example_kubernetes_executor.py
[2026-09-15T21:36:46.804+0000] {logging_mixin.py:188} INFO - [2026-09-15T21:36:46.804+0000] {dag.py:3089} INFO - Sync 1 DAGs
[2026-09-15T21:36:46.814+0000] {logging_mixin.py:188} INFO - [2026-09-15T21:36:46.814+0000] {dag.py:3947} INFO - Setting next_dagrun for example_kubernetes_executor to None, run_after=None
[2026-09-15T21:36:46.830+0000] {processor.py:183} INFO - Processing /home/airflow/.local/lib/python3.12/site-packages/airflow/example_dags/example_kubernetes_executor.py took 0.071 seconds
[2026-09-15T21:37:17.188+0000] {processor.py:161} INFO - Started process (PID=8102) to work on /home/airflow/.local/lib/python3.12/site-packages/airflow/example_dags/example_kubernetes_executor.py
[2026-09-15T21:37:17.189+0000] {processor.py:830} INFO - Processing file /home/airflow/.local/lib/python3.12/site-packages/airflow/example_dags/example_kubernetes_executor.py for tasks to queue
[2026-09-15T21:37:17.191+0000] {logging_mixin.py:188} INFO - [2026-09-15T21:37:17.191+0000] {dagbag.py:545} INFO - Filling up the DagBag from /home/airflow/.local/lib/python3.12/site-packages/airflow/example_dags/example_kubernetes_executor.py
[2026-09-15T21:37:17.199+0000] {processor.py:840} INFO - DAG(s) 'example_kubernetes_executor' retrieved from /home/airflow/.local/lib/python3.12/site-packages/airflow/example_dags/example_kubernetes_executor.py
[2026-09-15T21:37:17.228+0000] {logging_mixin.py:188} INFO - [2026-09-15T21:37:17.228+0000] {dag.py:3089} INFO - Sync 1 DAGs
[2026-09-15T21:37:17.239+0000] {logging_mixin.py:188} INFO - [2026-09-15T21:37:17.239+0000] {dag.py:3947} INFO - Setting next_dagrun for example_kubernetes_executor to None, run_after=None
[2026-09-15T21:37:17.254+0000] {processor.py:183} INFO - Processing /home/airflow/.local/lib/python3.12/site-packages/airflow/example_dags/example_kubernetes_executor.py took 0.070 seconds
[2026-09-15T21:37:47.431+0000] {processor.py:161} INFO - Started process (PID=8364) to work on /home/airflow/.local/lib/python3.12/site-packages/airflow/example_dags/example_kubernetes_executor.py
[2026-09-15T21:37:47.432+0000] {processor.py:830} INFO - Processing file /home/airflow/.local/lib/python3.12/site-packages/airflow/example_dags/example_kubernetes_executor.py for tasks to queue
[2026-09-15T21:37:47.434+0000] {logging_mixin.py:188} INFO - [2026-09-15T21:37:47.434+0000] {dagbag.py:545} INFO - Filling up the DagBag from /home/airflow/.local/lib/python3.12/site-packages/airflow/example_dags/example_kubernetes_executor.py
[2026-09-15T21:37:47.443+0000] {processor.py:840} INFO - DAG(s) 'example_kubernetes_executor' retrieved from /home/airflow/.local/lib/python3.12/site-packages/airflow/example_dags/example_kubernetes_executor.py
[2026-09-15T21:37:47.475+0000] {logging_mixin.py:188} INFO - [2026-09-15T21:37:47.475+0000] {dag.py:3089} INFO - Sync 1 DAGs
[2026-09-15T21:37:47.485+0000] {logging_mixin.py:188} INFO - [2026-09-15T21:37:47.485+0000] {dag.py:3947} INFO - Setting next_dagrun for example_kubernetes_executor to None, run_after=None
[2026-09-15T21:37:47.500+0000] {processor.py:183} INFO - Processing /home/airflow/.local/lib/python3.12/site-packages/airflow/example_dags/example_kubernetes_executor.py took 0.074 seconds
[2026-09-15T21:38:17.764+0000] {processor.py:161} INFO - Started process (PID=8626) to work on /home/airflow/.local/lib/python3.12/site-packages/airflow/example_dags/example_kubernetes_executor.py
[2026-09-15T21:38:17.765+0000] {processor.py:830} INFO - Processing file /home/airflow/.local/lib/python3.12/site-packages/airflow/example_dags/example_kubernetes_executor.py for tasks to queue
[2026-09-15T21:38:17.767+0000] {logging_mixin.py:188} INFO - [2026-09-15T21:38:17.767+0000] {dagbag.py:545} INFO - Filling up the DagBag from /home/airflow/.local/lib/python3.12/site-packages/airflow/example_dags/example_kubernetes_executor.py
[2026-09-15T21:38:17.775+0000] {processor.py:840} INFO - DAG(s) 'example_kubernetes_executor' retrieved from /home/airflow/.local/lib/python3.12/site-packages/airflow/example_dags/example_kubernetes_executor.py
[2026-09-15T21:38:17.806+0000] {logging_mixin.py:188} INFO - [2026-09-15T21:38:17.806+0000] {dag.py:3089} INFO - Sync 1 DAGs
[2026-09-15T21:38:17.817+0000] {logging_mixin.py:188} INFO - [2026-09-15T21:38:17.817+0000] {dag.py:3947} INFO - Setting next_dagrun for example_kubernetes_executor to None, run_after=None
[2026-09-15T21:38:17.833+0000] {processor.py:183} INFO - Processing /home/airflow/.local/lib/python3.12/site-packages/airflow/example_dags/example_kubernetes_executor.py took 0.074 seconds
[2026-09-15T21:38:47.925+0000] {processor.py:161} INFO - Started process (PID=8917) to work on /home/airflow/.local/lib/python3.12/site-packages/airflow/example_dags/example_kubernetes_executor.py
[2026-09-15T21:38:47.926+0000] {processor.py:830} INFO - Processing file /home/airflow/.local/lib/python3.12/site-packages/airflow/example_dags/example_kubernetes_executor.py for tasks to queue
[2026-09-15T21:38:47.927+0000] {logging_mixin.py:188} INFO - [2026-09-15T21:38:47.927+0000] {dagbag.py:545} INFO - Filling up the DagBag from /home/airflow/.local/lib/python3.12/site-packages/airflow/example_dags/example_kubernetes_executor.py
[2026-09-15T21:38:47.936+0000] {processor.py:840} INFO - DAG(s) 'example_kubernetes_executor' retrieved from /home/airflow/.local/lib/python3.12/site-packages/airflow/example_dags/example_kubernetes_executor.py
[2026-09-15T21:38:47.965+0000] {logging_mixin.py:188} INFO - [2026-09-15T21:38:47.965+0000] {dag.py:3089} INFO - Sync 1 DAGs
[2026-09-15T21:38:47.975+0000] {logging_mixin.py:188} INFO - [2026-09-15T21:38:47.975+0000] {dag.py:3947} INFO - Setting next_dagrun for example_kubernetes_executor to None, run_after=None
[2026-09-15T21:38:47.991+0000] {processor.py:183} INFO - Processing /home/airflow/.local/lib/python3.12/site-packages/airflow/example_dags/example_kubernetes_executor.py took 0.070 seconds
[2026-09-15T21:39:18.353+0000] {processor.py:161} INFO - Started process (PID=9179) to work on /home/airflow/.local/lib/python3.12/site-packages/airflow/example_dags/example_kubernetes_executor.py
[2026-09-15T21:39:18.355+0000] {processor.py:830} INFO - Processing file /home/airflow/.local/lib/python3.12/site-packages/airflow/example_dags/example_kubernetes_executor.py for tasks to queue
[2026-09-15T21:39:18.357+0000] {logging_mixin.py:188} INFO - [2026-09-15T21:39:18.357+0000] {dagbag.py:545} INFO - Filling up the DagBag from /home/airflow/.local/lib/python3.12/site-packages/airflow/example_dags/example_kubernetes_executor.py
[2026-09-15T21:39:18.365+0000] {processor.py:840} INFO - DAG(s) 'example_kubernetes_executor' retrieved from /home/airflow/.local/lib/python3.12/site-packages/airflow/example_dags/example_kubernetes_executor.py
[2026-09-15T21:39:18.397+0000] {logging_mixin.py:188} INFO - [2026-09-15T21:39:18.396+0000] {dag.py:3089} INFO - Sync 1 DAGs
[2026-09-15T21:39:18.408+0000] {logging_mixin.py:188} INFO - [2026-09-15T21:39:18.408+0000] {dag.py:3947} INFO - Setting next_dagrun for example_kubernetes_executor to None, run_after=None
[2026-09-15T21:39:18.423+0000] {processor.py:183} INFO - Processing /home/airflow/.local/lib/python3.12/site-packages/airflow/example_dags/example_kubernetes_executor.py took 0.074 seconds
[2026-09-15T21:39:48.581+0000] {processor.py:161} INFO - Started process (PID=9441) to work on /home/airflow/.local/lib/python3.12/site-packages/airflow/example_dags/example_kubernetes_executor.py
[2026-09-15T21:39:48.582+0000] {processor.py:830} INFO - Processing file /home/airflow/.local/lib/python3.12/site-packages/airflow/example_dags/example_kubernetes_executor.py for tasks to queue
[2026-09-15T21:39:48.584+0000] {logging_mixin.py:188} INFO - [2026-09-15T21:39:48.584+0000] {dagbag.py:545} INFO - Filling up the DagBag from /home/airflow/.local/lib/python3.12/site-packages/airflow/example_dags/example_kubernetes_executor.py
[2026-09-15T21:39:48.594+0000] {processor.py:840} INFO - DAG(s) 'example_kubernetes_executor' retrieved from /home/airflow/.local/lib/python3.12/site-packages/airflow/example_dags/example_kubernetes_executor.py
[2026-09-15T21:39:48.627+0000] {logging_mixin.py:188} INFO - [2026-09-15T21:39:48.627+0000] {dag.py:3089} INFO - Sync 1 DAGs
[2026-09-15T21:39:48.638+0000] {logging_mixin.py:188} INFO - [2026-09-15T21:39:48.638+0000] {dag.py:3947} INFO - Setting next_dagrun for example_kubernetes_executor to None, run_after=None
[2026-09-15T21:39:48.655+0000] {processor.py:183} INFO - Processing /home/airflow/.local/lib/python3.12/site-packages/airflow/example_dags/example_kubernetes_executor.py took 0.080 seconds
[2026-09-15T21:40:18.746+0000] {processor.py:161} INFO - Started process (PID=9703) to work on /home/airflow/.local/lib/python3.12/site-packages/airflow/example_dags/example_kubernetes_executor.py
[2026-09-15T21:40:18.747+0000] {processor.py:830} INFO - Processing file /home/airflow/.local/lib/python3.12/site-packages/airflow/example_dags/example_kubernetes_executor.py for tasks to queue
[2026-09-15T21:40:18.749+0000] {logging_mixin.py:188} INFO - [2026-09-15T21:40:18.748+0000] {dagbag.py:545} INFO - Filling up the DagBag from /home/airflow/.local/lib/python3.12/site-packages/airflow/example_dags/example_kubernetes_executor.py
[2026-09-15T21:40:18.756+0000] {processor.py:840} INFO - DAG(s) 'example_kubernetes_executor' retrieved from /home/airflow/.local/lib/python3.12/site-packages/airflow/example_dags/example_kubernetes_executor.py
[2026-09-15T21:40:18.787+0000] {logging_mixin.py:188} INFO - [2026-09-15T21:40:18.786+0000] {dag.py:3089} INFO - Sync 1 DAGs
[2026-09-15T21:40:18.797+0000] {logging_mixin.py:188} INFO - [2026-09-15T21:40:18.797+0000] {dag.py:3947} INFO - Setting next_dagrun for example_kubernetes_executor to None, run_after=None
[2026-09-15T21:40:18.814+0000] {processor.py:183} INFO - Processing /home/airflow/.local/lib/python3.12/site-packages/airflow/example_dags/example_kubernetes_executor.py took 0.073 seconds
[2026-09-15T21:40:49.789+0000] {processor.py:161} INFO - Started process (PID=9965) to work on /home/airflow/.local/lib/python3.12/site-packages/airflow/example_dags/example_kubernetes_executor.py
[2026-09-15T21:40:49.791+0000] {processor.py:830} INFO - Processing file /home/airflow/.local/lib/python3.12/site-packages/airflow/example_dags/example_kubernetes_executor.py for tasks to queue
[2026-09-15T21:40:49.793+0000] {logging_mixin.py:188} INFO - [2026-09-15T21:40:49.792+0000] {dagbag.py:545} INFO - Filling up the DagBag from /home/airflow/.local/lib/python3.12/site-packages/airflow/example_dags/example_kubernetes_executor.py
[2026-09-15T21:40:49.803+0000] {processor.py:840} INFO - DAG(s) 'example_kubernetes_executor' retrieved from /home/airflow/.local/lib/python3.12/site-packages/airflow/example_dags/example_kubernetes_executor.py
[2026-09-15T21:40:49.842+0000] {logging_mixin.py:188} INFO - [2026-09-15T21:40:49.842+0000] {dag.py:3089} INFO - Sync 1 DAGs
[2026-09-15T21:40:49.854+0000] {logging_mixin.py:188} INFO - [2026-09-15T21:40:49.854+0000] {dag.py:3947} INFO - Setting next_dagrun for example_kubernetes_executor to None, run_after=None
[2026-09-15T21:40:49.871+0000] {processor.py:183} INFO - Processing /home/airflow/.local/lib/python3.12/site-packages/airflow/example_dags/example_kubernetes_executor.py took 0.087 seconds
[2026-09-15T21:41:20.269+0000] {processor.py:161} INFO - Started process (PID=10229) to work on /home/airflow/.local/lib/python3.12/site-packages/airflow/example_dags/example_kubernetes_executor.py
[2026-09-15T21:41:20.270+0000] {processor.py:830} INFO - Processing file /home/airflow/.local/lib/python3.12/site-packages/airflow/example_dags/example_kubernetes_executor.py for tasks to queue
[2026-09-15T21:41:20.272+0000] {logging_mixin.py:188} INFO - [2026-09-15T21:41:20.272+0000] {dagbag.py:545} INFO - Filling up the DagBag from /home/airflow/.local/lib/python3.12/site-packages/airflow/example_dags/example_kubernetes_executor.py
[2026-09-15T21:41:20.281+0000] {processor.py:840} INFO - DAG(s) 'example_kubernetes_executor' retrieved from /home/airflow/.local/lib/python3.12/site-packages/airflow/example_dags/example_kubernetes_executor.py
[2026-09-15T21:41:20.311+0000] {logging_mixin.py:188} INFO - [2026-09-15T21:41:20.311+0000] {dag.py:3089} INFO - Sync 1 DAGs
[2026-09-15T21:41:20.471+0000] {logging_mixin.py:188} INFO - [2026-09-15T21:41:20.471+0000] {dag.py:3947} INFO - Setting next_dagrun for example_kubernetes_executor to None, run_after=None
[2026-09-15T21:41:20.487+0000] {processor.py:183} INFO - Processing /home/airflow/.local/lib/python3.12/site-packages/airflow/example_dags/example_kubernetes_executor.py took 0.222 seconds
[2026-09-15T21:41:51.223+0000] {processor.py:161} INFO - Started process (PID=10491) to work on /home/airflow/.local/lib/python3.12/site-packages/airflow/example_dags/example_kubernetes_executor.py
[2026-09-15T21:41:51.224+0000] {processor.py:830} INFO - Processing file /home/airflow/.local/lib/python3.12/site-packages/airflow/example_dags/example_kubernetes_executor.py for tasks to queue
[2026-09-15T21:41:51.226+0000] {logging_mixin.py:188} INFO - [2026-09-15T21:41:51.226+0000] {dagbag.py:545} INFO - Filling up the DagBag from /home/airflow/.local/lib/python3.12/site-packages/airflow/example_dags/example_kubernetes_executor.py
[2026-09-15T21:41:51.237+0000] {processor.py:840} INFO - DAG(s) 'example_kubernetes_executor' retrieved from /home/airflow/.local/lib/python3.12/site-packages/airflow/example_dags/example_kubernetes_executor.py
[2026-09-15T21:41:51.284+0000] {logging_mixin.py:188} INFO - [2026-09-15T21:41:51.284+0000] {dag.py:3089} INFO - Sync 1 DAGs
[2026-09-15T21:41:51.308+0000] {logging_mixin.py:188} INFO - [2026-09-15T21:41:51.307+0000] {dag.py:3947} INFO - Setting next_dagrun for example_kubernetes_executor to None, run_after=None
[2026-09-15T21:41:51.530+0000] {processor.py:183} INFO - Processing /home/airflow/.local/lib/python3.12/site-packages/airflow/example_dags/example_kubernetes_executor.py took 0.312 seconds
[2026-09-15T21:42:22.407+0000] {processor.py:161} INFO - Started process (PID=10753) to work on /home/airflow/.local/lib/python3.12/site-packages/airflow/example_dags/example_kubernetes_executor.py
[2026-09-15T21:42:22.408+0000] {processor.py:830} INFO - Processing file /home/airflow/.local/lib/python3.12/site-packages/airflow/example_dags/example_kubernetes_executor.py for tasks to queue
[2026-09-15T21:42:22.410+0000] {logging_mixin.py:188} INFO - [2026-09-15T21:42:22.410+0000] {dagbag.py:545} INFO - Filling up the DagBag from /home/airflow/.local/lib/python3.12/site-packages/airflow/example_dags/example_kubernetes_executor.py
[2026-09-15T21:42:22.419+0000] {processor.py:840} INFO - DAG(s) 'example_kubernetes_executor' retrieved from /home/airflow/.local/lib/python3.12/site-packages/airflow/example_dags/example_kubernetes_executor.py
[2026-09-15T21:42:22.450+0000] {logging_mixin.py:188} INFO - [2026-09-15T21:42:22.450+0000] {dag.py:3089} INFO - Sync 1 DAGs
[2026-09-15T21:42:22.459+0000] {logging_mixin.py:188} INFO - [2026-09-15T21:42:22.459+0000] {dag.py:3947} INFO - Setting next_dagrun for example_kubernetes_executor to None, run_after=None
[2026-09-15T21:42:22.477+0000] {processor.py:183} INFO - Processing /home/airflow/.local/lib/python3.12/site-packages/airflow/example_dags/example_kubernetes_executor.py took 0.075 seconds
[2026-09-15T21:42:53.231+0000] {processor.py:161} INFO - Started process (PID=11015) to work on /home/airflow/.local/lib/python3.12/site-packages/airflow/example_dags/example_kubernetes_executor.py
[2026-09-15T21:42:53.232+0000] {processor.py:830} INFO - Processing file /home/airflow/.local/lib/python3.12/site-packages/airflow/example_dags/example_kubernetes_executor.py for tasks to queue
[2026-09-15T21:42:53.234+0000] {logging_mixin.py:188} INFO - [2026-09-15T21:42:53.233+0000] {dagbag.py:545} INFO - Filling up the DagBag from /home/airflow/.local/lib/python3.12/site-packages/airflow/example_dags/example_kubernetes_executor.py
[2026-09-15T21:42:53.241+0000] {processor.py:840} INFO - DAG(s) 'example_kubernetes_executor' retrieved from /home/airflow/.local/lib/python3.12/site-packages/airflow/example_dags/example_kubernetes_executor.py
[2026-09-15T21:42:53.271+0000] {logging_mixin.py:188} INFO - [2026-09-15T21:42:53.271+0000] {dag.py:3089} INFO - Sync 1 DAGs
[2026-09-15T21:42:53.281+0000] {logging_mixin.py:188} INFO - [2026-09-15T21:42:53.280+0000] {dag.py:3947} INFO - Setting next_dagrun for example_kubernetes_executor to None, run_after=None
[2026-09-15T21:42:53.297+0000] {processor.py:183} INFO - Processing /home/airflow/.local/lib/python3.12/site-packages/airflow/example_dags/example_kubernetes_executor.py took 0.071 seconds
[2026-09-15T21:43:24.018+0000] {processor.py:161} INFO - Started process (PID=11277) to work on /home/airflow/.local/lib/python3.12/site-packages/airflow/example_dags/example_kubernetes_executor.py
[2026-09-15T21:43:24.020+0000] {processor.py:830} INFO - Processing file /home/airflow/.local/lib/python3.12/site-packages/airflow/example_dags/example_kubernetes_executor.py for tasks to queue
[2026-09-15T21:43:24.022+0000] {logging_mixin.py:188} INFO - [2026-09-15T21:43:24.022+0000] {dagbag.py:545} INFO - Filling up the DagBag from /home/airflow/.local/lib/python3.12/site-packages/airflow/example_dags/example_kubernetes_executor.py
[2026-09-15T21:43:24.030+0000] {processor.py:840} INFO - DAG(s) 'example_kubernetes_executor' retrieved from /home/airflow/.local/lib/python3.12/site-packages/airflow/example_dags/example_kubernetes_executor.py
[2026-09-15T21:43:24.062+0000] {logging_mixin.py:188} INFO - [2026-09-15T21:43:24.062+0000] {dag.py:3089} INFO - Sync 1 DAGs
[2026-09-15T21:43:24.072+0000] {logging_mixin.py:188} INFO - [2026-09-15T21:43:24.072+0000] {dag.py:3947} INFO - Setting next_dagrun for example_kubernetes_executor to None, run_after=None
[2026-09-15T21:43:24.089+0000] {processor.py:183} INFO - Processing /home/airflow/.local/lib/python3.12/site-packages/airflow/example_dags/example_kubernetes_executor.py took 0.076 seconds
[2026-09-15T21:43:54.247+0000] {processor.py:161} INFO - Started process (PID=11539) to work on /home/airflow/.local/lib/python3.12/site-packages/airflow/example_dags/example_kubernetes_executor.py
[2026-09-15T21:43:54.249+0000] {processor.py:830} INFO - Processing file /home/airflow/.local/lib/python3.12/site-packages/airflow/example_dags/example_kubernetes_executor.py for tasks to queue
[2026-09-15T21:43:54.253+0000] {logging_mixin.py:188} INFO - [2026-09-15T21:43:54.252+0000] {dagbag.py:545} INFO - Filling up the DagBag from /home/airflow/.local/lib/python3.12/site-packages/airflow/example_dags/example_kubernetes_executor.py
[2026-09-15T21:43:54.270+0000] {processor.py:840} INFO - DAG(s) 'example_kubernetes_executor' retrieved from /home/airflow/.local/lib/python3.12/site-packages/airflow/example_dags/example_kubernetes_executor.py
[2026-09-15T21:43:54.316+0000] {logging_mixin.py:188} INFO - [2026-09-15T21:43:54.316+0000] {dag.py:3089} INFO - Sync 1 DAGs
[2026-09-15T21:43:54.332+0000] {logging_mixin.py:188} INFO - [2026-09-15T21:43:54.331+0000] {dag.py:3947} INFO - Setting next_dagrun for example_kubernetes_executor to None, run_after=None
[2026-09-15T21:43:54.354+0000] {processor.py:183} INFO - Processing /home/airflow/.local/lib/python3.12/site-packages/airflow/example_dags/example_kubernetes_executor.py took 0.113 seconds
[2026-09-15T21:44:24.482+0000] {processor.py:161} INFO - Started process (PID=11801) to work on /home/airflow/.local/lib/python3.12/site-packages/airflow/example_dags/example_kubernetes_executor.py
[2026-09-15T21:44:24.484+0000] {processor.py:830} INFO - Processing file /home/airflow/.local/lib/python3.12/site-packages/airflow/example_dags/example_kubernetes_executor.py for tasks to queue
[2026-09-15T21:44:24.486+0000] {logging_mixin.py:188} INFO - [2026-09-15T21:44:24.485+0000] {dagbag.py:545} INFO - Filling up the DagBag from /home/airflow/.local/lib/python3.12/site-packages/airflow/example_dags/example_kubernetes_executor.py
[2026-09-15T21:44:24.496+0000] {processor.py:840} INFO - DAG(s) 'example_kubernetes_executor' retrieved from /home/airflow/.local/lib/python3.12/site-packages/airflow/example_dags/example_kubernetes_executor.py
[2026-09-15T21:44:24.528+0000] {logging_mixin.py:188} INFO - [2026-09-15T21:44:24.528+0000] {dag.py:3089} INFO - Sync 1 DAGs
[2026-09-15T21:44:24.538+0000] {logging_mixin.py:188} INFO - [2026-09-15T21:44:24.538+0000] {dag.py:3947} INFO - Setting next_dagrun for example_kubernetes_executor to None, run_after=None
[2026-09-15T21:44:24.553+0000] {processor.py:183} INFO - Processing /home/airflow/.local/lib/python3.12/site-packages/airflow/example_dags/example_kubernetes_executor.py took 0.077 seconds
[2026-09-15T21:44:54.723+0000] {processor.py:161} INFO - Started process (PID=12073) to work on /home/airflow/.local/lib/python3.12/site-packages/airflow/example_dags/example_kubernetes_executor.py
[2026-09-15T21:44:54.724+0000] {processor.py:830} INFO - Processing file /home/airflow/.local/lib/python3.12/site-packages/airflow/example_dags/example_kubernetes_executor.py for tasks to queue
[2026-09-15T21:44:54.726+0000] {logging_mixin.py:188} INFO - [2026-09-15T21:44:54.726+0000] {dagbag.py:545} INFO - Filling up the DagBag from /home/airflow/.local/lib/python3.12/site-packages/airflow/example_dags/example_kubernetes_executor.py
[2026-09-15T21:44:54.736+0000] {processor.py:840} INFO - DAG(s) 'example_kubernetes_executor' retrieved from /home/airflow/.local/lib/python3.12/site-packages/airflow/example_dags/example_kubernetes_executor.py
[2026-09-15T21:44:54.769+0000] {logging_mixin.py:188} INFO - [2026-09-15T21:44:54.768+0000] {dag.py:3089} INFO - Sync 1 DAGs
[2026-09-15T21:44:54.779+0000] {logging_mixin.py:188} INFO - [2026-09-15T21:44:54.779+0000] {dag.py:3947} INFO - Setting next_dagrun for example_kubernetes_executor to None, run_after=None
[2026-09-15T21:44:54.794+0000] {processor.py:183} INFO - Processing /home/airflow/.local/lib/python3.12/site-packages/airflow/example_dags/example_kubernetes_executor.py took 0.076 seconds
