[2026-09-15T21:00:58.828+0000] {processor.py:161} INFO - Started process (PID=66) to work on /home/airflow/.local/lib/python3.12/site-packages/airflow/example_dags/example_setup_teardown_taskflow.py
[2026-09-15T21:00:58.830+0000] {processor.py:830} INFO - Processing file /home/airflow/.local/lib/python3.12/site-packages/airflow/example_dags/example_setup_teardown_taskflow.py for tasks to queue
[2026-09-15T21:00:58.832+0000] {logging_mixin.py:188} INFO - [2026-09-15T21:00:58.832+0000] {dagbag.py:545} INFO - Filling up the DagBag from /home/airflow/.local/lib/python3.12/site-packages/airflow/example_dags/example_setup_teardown_taskflow.py
[2026-09-15T21:00:58.842+0000] {processor.py:840} INFO - DAG(s) 'example_setup_teardown_taskflow' retrieved from /home/airflow/.local/lib/python3.12/site-packages/airflow/example_dags/example_setup_teardown_taskflow.py
[2026-09-15T21:00:58.857+0000] {logging_mixin.py:188} INFO - [2026-09-15T21:00:58.857+0000] {dag.py:3089} INFO - Sync 1 DAGs
[2026-09-15T21:00:58.883+0000] {logging_mixin.py:188} INFO - [2026-09-15T21:00:58.883+0000] {dag.py:3947} INFO - Setting next_dagrun for example_setup_teardown_taskflow to 2026-09-14 00:00:00+00:00, run_after=2026-09-15 00:00:00+00:00
[2026-09-15T21:00:58.906+0000] {processor.py:183} INFO - Processing /home/airflow/.local/lib/python3.12/site-packages/airflow/example_dags/example_setup_teardown_taskflow.py took 0.085 seconds
[2026-09-15T21:01:30.250+0000] {processor.py:161} INFO - Started process (PID=124) to work on /home/airflow/.local/lib/python3.12/site-packages/airflow/example_dags/example_setup_teardown_taskflow.py
[2026-09-15T21:01:30.252+0000] {processor.py:830} INFO - Processing file /home/airflow/.local/lib/python3.12/site-packages/airflow/example_dags/example_setup_teardown_taskflow.py for tasks to queue
[2026-09-15T21:01:30.256+0000] {logging_mixin.py:188} INFO - [2026-09-15T21:01:30.255+0000] {dagbag.py:545} INFO - Filling up the DagBag from /home/airflow/.local/lib/python3.12/site-packages/airflow/example_dags/example_setup_teardown_taskflow.py
[2026-09-15T21:01:30.266+0000] {processor.py:840} INFO - DAG(s) 'example_setup_teardown_taskflow' retrieved from /home/airflow/.local/lib/python3.12/site-packages/airflow/example_dags/example_setup_teardown_taskflow.py
[2026-09-15T21:01:30.361+0000] {logging_mixin.py:188} INFO - [2026-09-15T21:01:30.361+0000] {dag.py:3089} INFO - Sync 1 DAGs
[2026-09-15T21:01:30.378+0000] {logging_mixin.py:188} INFO - [2026-09-15T21:01:30.378+0000] {dag.py:3947} INFO - Setting next_dagrun for example_setup_teardown_taskflow to 2026-09-14 00:00:00+00:00, run_after=2026-09-15 00:00:00+00:00
[2026-09-15T21:01:30.396+0000] {processor.py:183} INFO - Processing /home/airflow/.local/lib/python3.12/site-packages/airflow/example_dags/example_setup_teardown_taskflow.py took 0.153 seconds
[2026-09-15T21:02:00.558+0000] {processor.py:161} INFO - Started process (PID=182) to work on /home/airflow/.local/lib/python3.12/site-packages/airflow/example_dags/example_setup_teardown_taskflow.py
[2026-09-15T21:02:00.559+0000] {processor.py:830} INFO - Processing file /home/airflow/.local/lib/python3.12/site-packages/airflow/example_dags/example_setup_teardown_taskflow.py for tasks to queue
[2026-09-15T21:02:00.561+0000] {logging_mixin.py:188} INFO - [2026-09-15T21:02:00.561+0000] {dagbag.py:545} INFO - Filling up the DagBag from /home/airflow/.local/lib/python3.12/site-packages/airflow/example_dags/example_setup_teardown_taskflow.py
[2026-09-15T21:02:00.568+0000] {processor.py:840} INFO - DAG(s) 'example_setup_teardown_taskflow' retrieved from /home/airflow/.local/lib/python3.12/site-packages/airflow/example_dags/example_setup_teardown_taskflow.py
[2026-09-15T21:02:00.588+0000] {logging_mixin.py:188} INFO - [2026-09-15T21:02:00.588+0000] {dag.py:3089} INFO - Sync 1 DAGs
[2026-09-15T21:02:00.605+0000] {logging_mixin.py:188} INFO - [2026-09-15T21:02:00.605+0000] {dag.py:3947} INFO - Setting next_dagrun for example_setup_teardown_taskflow to 2026-09-14 00:00:00+00:00, run_after=2026-09-15 00:00:00+00:00
[2026-09-15T21:02:00.619+0000] {processor.py:183} INFO - Processing /home/airflow/.local/lib/python3.12/site-packages/airflow/example_dags/example_setup_teardown_taskflow.py took 0.066 seconds
[2026-09-15T21:02:31.164+0000] {processor.py:161} INFO - Started process (PID=247) to work on /home/airflow/.local/lib/python3.12/site-packages/airflow/example_dags/example_setup_teardown_taskflow.py
[2026-09-15T21:02:31.165+0000] {processor.py:830} INFO - Processing file /home/airflow/.local/lib/python3.12/site-packages/airflow/example_dags/example_setup_teardown_taskflow.py for tasks to queue
[2026-09-15T21:02:31.167+0000] {logging_mixin.py:188} INFO - [2026-09-15T21:02:31.167+0000] {dagbag.py:545} INFO - Filling up the DagBag from /home/airflow/.local/lib/python3.12/site-packages/airflow/example_dags/example_setup_teardown_taskflow.py
[2026-09-15T21:02:31.176+0000] {processor.py:840} INFO - DAG(s) 'example_setup_teardown_taskflow' retrieved from /home/airflow/.local/lib/python3.12/site-packages/airflow/example_dags/example_setup_teardown_taskflow.py
[2026-09-15T21:02:31.196+0000] {logging_mixin.py:188} INFO - [2026-09-15T21:02:31.196+0000] {dag.py:3089} INFO - Sync 1 DAGs
[2026-09-15T21:02:31.213+0000] {logging_mixin.py:188} INFO - [2026-09-15T21:02:31.213+0000] {dag.py:3947} INFO - Setting next_dagrun for example_setup_teardown_taskflow to 2026-09-14 00:00:00+00:00, run_after=2026-09-15 00:00:00+00:00
[2026-09-15T21:02:31.229+0000] {processor.py:183} INFO - Processing /home/airflow/.local/lib/python3.12/site-packages/airflow/example_dags/example_setup_teardown_taskflow.py took 0.071 seconds
[2026-09-15T21:03:01.341+0000] {processor.py:161} INFO - Started process (PID=305) to work on /home/airflow/.local/lib/python3.12/site-packages/airflow/example_dags/example_setup_teardown_taskflow.py
[2026-09-15T21:03:01.343+0000] {processor.py:830} INFO - Processing file /home/airflow/.local/lib/python3.12/site-packages/airflow/example_dags/example_setup_teardown_taskflow.py for tasks to queue
[2026-09-15T21:03:01.345+0000] {logging_mixin.py:188} INFO - [2026-09-15T21:03:01.345+0000] {dagbag.py:545} INFO - Filling up the DagBag from /home/airflow/.local/lib/python3.12/site-packages/airflow/example_dags/example_setup_teardown_taskflow.py
[2026-09-15T21:03:01.352+0000] {processor.py:840} INFO - DAG(s) 'example_setup_teardown_taskflow' retrieved from /home/airflow/.local/lib/python3.12/site-packages/airflow/example_dags/example_setup_teardown_taskflow.py
[2026-09-15T21:03:01.372+0000] {logging_mixin.py:188} INFO - [2026-09-15T21:03:01.372+0000] {dag.py:3089} INFO - Sync 1 DAGs
[2026-09-15T21:03:01.392+0000] {logging_mixin.py:188} INFO - [2026-09-15T21:03:01.392+0000] {dag.py:3947} INFO - Setting next_dagrun for example_setup_teardown_taskflow to 2026-09-14 00:00:00+00:00, run_after=2026-09-15 00:00:00+00:00
[2026-09-15T21:03:01.409+0000] {processor.py:183} INFO - Processing /home/airflow/.local/lib/python3.12/site-packages/airflow/example_dags/example_setup_teardown_taskflow.py took 0.073 seconds
[2026-09-15T21:03:31.589+0000] {processor.py:161} INFO - Started process (PID=363) to work on /home/airflow/.local/lib/python3.12/site-packages/airflow/example_dags/example_setup_teardown_taskflow.py
[2026-09-15T21:03:31.590+0000] {processor.py:830} INFO - Processing file /home/airflow/.local/lib/python3.12/site-packages/airflow/example_dags/example_setup_teardown_taskflow.py for tasks to queue
[2026-09-15T21:03:31.592+0000] {logging_mixin.py:188} INFO - [2026-09-15T21:03:31.592+0000] {dagbag.py:545} INFO - Filling up the DagBag from /home/airflow/.local/lib/python3.12/site-packages/airflow/example_dags/example_setup_teardown_taskflow.py
[2026-09-15T21:03:31.599+0000] {processor.py:840} INFO - DAG(s) 'example_setup_teardown_taskflow' retrieved from /home/airflow/.local/lib/python3.12/site-packages/airflow/example_dags/example_setup_teardown_taskflow.py
[2026-09-15T21:03:31.615+0000] {logging_mixin.py:188} INFO - [2026-09-15T21:03:31.615+0000] {dag.py:3089} INFO - Sync 1 DAGs
[2026-09-15T21:03:31.630+0000] {logging_mixin.py:188} INFO - [2026-09-15T21:03:31.630+0000] {dag.py:3947} INFO - Setting next_dagrun for example_setup_teardown_taskflow to 2026-09-14 00:00:00+00:00, run_after=2026-09-15 00:00:00+00:00
[2026-09-15T21:03:31.644+0000] {processor.py:183} INFO - Processing /home/airflow/.local/lib/python3.12/site-packages/airflow/example_dags/example_setup_teardown_taskflow.py took 0.059 seconds
[2026-09-15T21:04:01.854+0000] {processor.py:161} INFO - Started process (PID=421) to work on /home/airflow/.local/lib/python3.12/site-packages/airflow/example_dags/example_setup_teardown_taskflow.py
[2026-09-15T21:04:01.855+0000] {processor.py:830} INFO - Processing file /home/airflow/.local/lib/python3.12/site-packages/airflow/example_dags/example_setup_teardown_taskflow.py for tasks to queue
[2026-09-15T21:04:01.857+0000] {logging_mixin.py:188} INFO - [2026-09-15T21:04:01.857+0000] {dagbag.py:545} INFO - Filling up the DagBag from /home/airflow/.local/lib/python3.12/site-packages/airflow/example_dags/example_setup_teardown_taskflow.py
[2026-09-15T21:04:01.864+0000] {processor.py:840} INFO - DAG(s) 'example_setup_teardown_taskflow' retrieved from /home/airflow/.local/lib/python3.12/site-packages/airflow/example_dags/example_setup_teardown_taskflow.py
[2026-09-15T21:04:01.882+0000] {logging_mixin.py:188} INFO - [2026-09-15T21:04:01.882+0000] {dag.py:3089} INFO - Sync 1 DAGs
[2026-09-15T21:04:01.898+0000] {logging_mixin.py:188} INFO - [2026-09-15T21:04:01.898+0000] {dag.py:3947} INFO - Setting next_dagrun for example_setup_teardown_taskflow to 2026-09-14 00:00:00+00:00, run_after=2026-09-15 00:00:00+00:00
[2026-09-15T21:04:01.913+0000] {processor.py:183} INFO - Processing /home/airflow/.local/lib/python3.12/site-packages/airflow/example_dags/example_setup_teardown_taskflow.py took 0.064 seconds
[2026-09-15T21:04:32.006+0000] {processor.py:161} INFO - Started process (PID=479) to work on /home/airflow/.local/lib/python3.12/site-packages/airflow/example_dags/example_setup_teardown_taskflow.py
[2026-09-15T21:04:32.007+0000] {processor.py:830} INFO - Processing file /home/airflow/.local/lib/python3.12/site-packages/airflow/example_dags/example_setup_teardown_taskflow.py for tasks to queue
[2026-09-15T21:04:32.009+0000] {logging_mixin.py:188} INFO - [2026-09-15T21:04:32.008+0000] {dagbag.py:545} INFO - Filling up the DagBag from /home/airflow/.local/lib/python3.12/site-packages/airflow/example_dags/example_setup_teardown_taskflow.py
[2026-09-15T21:04:32.015+0000] {processor.py:840} INFO - DAG(s) 'example_setup_teardown_taskflow' retrieved from /home/airflow/.local/lib/python3.12/site-packages/airflow/example_dags/example_setup_teardown_taskflow.py
[2026-09-15T21:04:32.033+0000] {logging_mixin.py:188} INFO - [2026-09-15T21:04:32.033+0000] {dag.py:3089} INFO - Sync 1 DAGs
[2026-09-15T21:04:32.050+0000] {logging_mixin.py:188} INFO - [2026-09-15T21:04:32.049+0000] {dag.py:3947} INFO - Setting next_dagrun for example_setup_teardown_taskflow to 2026-09-14 00:00:00+00:00, run_after=2026-09-15 00:00:00+00:00
[2026-09-15T21:04:32.063+0000] {processor.py:183} INFO - Processing /home/airflow/.local/lib/python3.12/site-packages/airflow/example_dags/example_setup_teardown_taskflow.py took 0.061 seconds
[2026-09-15T21:05:02.144+0000] {processor.py:161} INFO - Started process (PID=536) to work on /home/airflow/.local/lib/python3.12/site-packages/airflow/example_dags/example_setup_teardown_taskflow.py
[2026-09-15T21:05:02.145+0000] {processor.py:830} INFO - Processing file /home/airflow/.local/lib/python3.12/site-packages/airflow/example_dags/example_setup_teardown_taskflow.py for tasks to queue
[2026-09-15T21:05:02.147+0000] {logging_mixin.py:188} INFO - [2026-09-15T21:05:02.147+0000] {dagbag.py:545} INFO - Filling up the DagBag from /home/airflow/.local/lib/python3.12/site-packages/airflow/example_dags/example_setup_teardown_taskflow.py
[2026-09-15T21:05:02.155+0000] {processor.py:840} INFO - DAG(s) 'example_setup_teardown_taskflow' retrieved from /home/airflow/.local/lib/python3.12/site-packages/airflow/example_dags/example_setup_teardown_taskflow.py
[2026-09-15T21:05:02.173+0000] {logging_mixin.py:188} INFO - [2026-09-15T21:05:02.173+0000] {dag.py:3089} INFO - Sync 1 DAGs
[2026-09-15T21:05:02.190+0000] {logging_mixin.py:188} INFO - [2026-09-15T21:05:02.190+0000] {dag.py:3947} INFO - Setting next_dagrun for example_setup_teardown_taskflow to 2026-09-14 00:00:00+00:00, run_after=2026-09-15 00:00:00+00:00
[2026-09-15T21:05:02.204+0000] {processor.py:183} INFO - Processing /home/airflow/.local/lib/python3.12/site-packages/airflow/example_dags/example_setup_teardown_taskflow.py took 0.065 seconds
[2026-09-15T21:05:33.207+0000] {processor.py:161} INFO - Started process (PID=595) to work on /home/airflow/.local/lib/python3.12/site-packages/airflow/example_dags/example_setup_teardown_taskflow.py
[2026-09-15T21:05:33.208+0000] {processor.py:830} INFO - Processing file /home/airflow/.local/lib/python3.12/site-packages/airflow/example_dags/example_setup_teardown_taskflow.py for tasks to queue
[2026-09-15T21:05:33.210+0000] {logging_mixin.py:188} INFO - [2026-09-15T21:05:33.210+0000] {dagbag.py:545} INFO - Filling up the DagBag from /home/airflow/.local/lib/python3.12/site-packages/airflow/example_dags/example_setup_teardown_taskflow.py
[2026-09-15T21:05:33.217+0000] {processor.py:840} INFO - DAG(s) 'example_setup_teardown_taskflow' retrieved from /home/airflow/.local/lib/python3.12/site-packages/airflow/example_dags/example_setup_teardown_taskflow.py
[2026-09-15T21:05:33.236+0000] {logging_mixin.py:188} INFO - [2026-09-15T21:05:33.236+0000] {dag.py:3089} INFO - Sync 1 DAGs
[2026-09-15T21:05:33.252+0000] {logging_mixin.py:188} INFO - [2026-09-15T21:05:33.252+0000] {dag.py:3947} INFO - Setting next_dagrun for example_setup_teardown_taskflow to 2026-09-14 00:00:00+00:00, run_after=2026-09-15 00:00:00+00:00
[2026-09-15T21:05:33.268+0000] {processor.py:183} INFO - Processing /home/airflow/.local/lib/python3.12/site-packages/airflow/example_dags/example_setup_teardown_taskflow.py took 0.065 seconds
[2026-09-15T21:06:03.550+0000] {processor.py:161} INFO - Started process (PID=653) to work on /home/airflow/.local/lib/python3.12/site-packages/airflow/example_dags/example_setup_teardown_taskflow.py
[2026-09-15T21:06:03.552+0000] {processor.py:830} INFO - Processing file /home/airflow/.local/lib/python3.12/site-packages/airflow/example_dags/example_setup_teardown_taskflow.py for tasks to queue
[2026-09-15T21:06:03.554+0000] {logging_mixin.py:188} INFO - [2026-09-15T21:06:03.554+0000] {dagbag.py:545} INFO - Filling up the DagBag from /home/airflow/.local/lib/python3.12/site-packages/airflow/example_dags/example_setup_teardown_taskflow.py
[2026-09-15T21:06:03.561+0000] {processor.py:840} INFO - DAG(s) 'example_setup_teardown_taskflow' retrieved from /home/airflow/.local/lib/python3.12/site-packages/airflow/example_dags/example_setup_teardown_taskflow.py
[2026-09-15T21:06:03.579+0000] {logging_mixin.py:188} INFO - [2026-09-15T21:06:03.579+0000] {dag.py:3089} INFO - Sync 1 DAGs
[2026-09-15T21:06:03.595+0000] {logging_mixin.py:188} INFO - [2026-09-15T21:06:03.594+0000] {dag.py:3947} INFO - Setting next_dagrun for example_setup_teardown_taskflow to 2026-09-14 00:00:00+00:00, run_after=2026-09-15 00:00:00+00:00
[2026-09-15T21:06:03.612+0000] {processor.py:183} INFO - Processing /home/airflow/.local/lib/python3.12/site-packages/airflow/example_dags/example_setup_teardown_taskflow.py took 0.066 seconds
[2026-09-15T21:06:33.756+0000] {processor.py:161} INFO - Started process (PID=713) to work on /home/airflow/.local/lib/python3.12/site-packages/airflow/example_dags/example_setup_teardown_taskflow.py
[2026-09-15T21:06:33.758+0000] {processor.py:830} INFO - Processing file /home/airflow/.local/lib/python3.12/site-packages/airflow/example_dags/example_setup_teardown_taskflow.py for tasks to queue
[2026-09-15T21:06:33.760+0000] {logging_mixin.py:188} INFO - [2026-09-15T21:06:33.760+0000] {dagbag.py:545} INFO - Filling up the DagBag from /home/airflow/.local/lib/python3.12/site-packages/airflow/example_dags/example_setup_teardown_taskflow.py
[2026-09-15T21:06:33.767+0000] {processor.py:840} INFO - DAG(s) 'example_setup_teardown_taskflow' retrieved from /home/airflow/.local/lib/python3.12/site-packages/airflow/example_dags/example_setup_teardown_taskflow.py
[2026-09-15T21:06:33.788+0000] {logging_mixin.py:188} INFO - [2026-09-15T21:06:33.787+0000] {dag.py:3089} INFO - Sync 1 DAGs
[2026-09-15T21:06:33.804+0000] {logging_mixin.py:188} INFO - [2026-09-15T21:06:33.804+0000] {dag.py:3947} INFO - Setting next_dagrun for example_setup_teardown_taskflow to 2026-09-14 00:00:00+00:00, run_after=2026-09-15 00:00:00+00:00
[2026-09-15T21:06:33.819+0000] {processor.py:183} INFO - Processing /home/airflow/.local/lib/python3.12/site-packages/airflow/example_dags/example_setup_teardown_taskflow.py took 0.068 seconds
[2026-09-15T21:07:04.104+0000] {processor.py:161} INFO - Started process (PID=772) to work on /home/airflow/.local/lib/python3.12/site-packages/airflow/example_dags/example_setup_teardown_taskflow.py
[2026-09-15T21:07:04.105+0000] {processor.py:830} INFO - Processing file /home/airflow/.local/lib/python3.12/site-packages/airflow/example_dags/example_setup_teardown_taskflow.py for tasks to queue
[2026-09-15T21:07:04.108+0000] {logging_mixin.py:188} INFO - [2026-09-15T21:07:04.107+0000] {dagbag.py:545} INFO - Filling up the DagBag from /home/airflow/.local/lib/python3.12/site-packages/airflow/example_dags/example_setup_teardown_taskflow.py
[2026-09-15T21:07:04.116+0000] {processor.py:840} INFO - DAG(s) 'example_setup_teardown_taskflow' retrieved from /home/airflow/.local/lib/python3.12/site-packages/airflow/example_dags/example_setup_teardown_taskflow.py
[2026-09-15T21:07:04.139+0000] {logging_mixin.py:188} INFO - [2026-09-15T21:07:04.139+0000] {dag.py:3089} INFO - Sync 1 DAGs
[2026-09-15T21:07:04.159+0000] {logging_mixin.py:188} INFO - [2026-09-15T21:07:04.159+0000] {dag.py:3947} INFO - Setting next_dagrun for example_setup_teardown_taskflow to 2026-09-14 00:00:00+00:00, run_after=2026-09-15 00:00:00+00:00
[2026-09-15T21:07:04.179+0000] {processor.py:183} INFO - Processing /home/airflow/.local/lib/python3.12/site-packages/airflow/example_dags/example_setup_teardown_taskflow.py took 0.080 seconds
[2026-09-15T21:07:34.319+0000] {processor.py:161} INFO - Started process (PID=829) to work on /home/airflow/.local/lib/python3.12/site-packages/airflow/example_dags/example_setup_teardown_taskflow.py
[2026-09-15T21:07:34.320+0000] {processor.py:830} INFO - Processing file /home/airflow/.local/lib/python3.12/site-packages/airflow/example_dags/example_setup_teardown_taskflow.py for tasks to queue
[2026-09-15T21:07:34.322+0000] {logging_mixin.py:188} INFO - [2026-09-15T21:07:34.321+0000] {dagbag.py:545} INFO - Filling up the DagBag from /home/airflow/.local/lib/python3.12/site-packages/airflow/example_dags/example_setup_teardown_taskflow.py
[2026-09-15T21:07:34.329+0000] {processor.py:840} INFO - DAG(s) 'example_setup_teardown_taskflow' retrieved from /home/airflow/.local/lib/python3.12/site-packages/airflow/example_dags/example_setup_teardown_taskflow.py
[2026-09-15T21:07:34.345+0000] {logging_mixin.py:188} INFO - [2026-09-15T21:07:34.345+0000] {dag.py:3089} INFO - Sync 1 DAGs
[2026-09-15T21:07:34.360+0000] {logging_mixin.py:188} INFO - [2026-09-15T21:07:34.360+0000] {dag.py:3947} INFO - Setting next_dagrun for example_setup_teardown_taskflow to 2026-09-14 00:00:00+00:00, run_after=2026-09-15 00:00:00+00:00
[2026-09-15T21:07:34.373+0000] {processor.py:183} INFO - Processing /home/airflow/.local/lib/python3.12/site-packages/airflow/example_dags/example_setup_teardown_taskflow.py took 0.058 seconds
[2026-09-15T21:08:04.473+0000] {processor.py:161} INFO - Started process (PID=887) to work on /home/airflow/.local/lib/python3.12/site-packages/airflow/example_dags/example_setup_teardown_taskflow.py
[2026-09-15T21:08:04.475+0000] {processor.py:830} INFO - Processing file /home/airflow/.local/lib/python3.12/site-packages/airflow/example_dags/example_setup_teardown_taskflow.py for tasks to queue
[2026-09-15T21:08:04.476+0000] {logging_mixin.py:188} INFO - [2026-09-15T21:08:04.476+0000] {dagbag.py:545} INFO - Filling up the DagBag from /home/airflow/.local/lib/python3.12/site-packages/airflow/example_dags/example_setup_teardown_taskflow.py
[2026-09-15T21:08:04.483+0000] {processor.py:840} INFO - DAG(s) 'example_setup_teardown_taskflow' retrieved from /home/airflow/.local/lib/python3.12/site-packages/airflow/example_dags/example_setup_teardown_taskflow.py
[2026-09-15T21:08:04.501+0000] {logging_mixin.py:188} INFO - [2026-09-15T21:08:04.500+0000] {dag.py:3089} INFO - Sync 1 DAGs
[2026-09-15T21:08:04.517+0000] {logging_mixin.py:188} INFO - [2026-09-15T21:08:04.517+0000] {dag.py:3947} INFO - Setting next_dagrun for example_setup_teardown_taskflow to 2026-09-14 00:00:00+00:00, run_after=2026-09-15 00:00:00+00:00
[2026-09-15T21:08:04.532+0000] {processor.py:183} INFO - Processing /home/airflow/.local/lib/python3.12/site-packages/airflow/example_dags/example_setup_teardown_taskflow.py took 0.064 seconds
[2026-09-15T21:08:34.711+0000] {processor.py:161} INFO - Started process (PID=945) to work on /home/airflow/.local/lib/python3.12/site-packages/airflow/example_dags/example_setup_teardown_taskflow.py
[2026-09-15T21:08:34.713+0000] {processor.py:830} INFO - Processing file /home/airflow/.local/lib/python3.12/site-packages/airflow/example_dags/example_setup_teardown_taskflow.py for tasks to queue
[2026-09-15T21:08:34.715+0000] {logging_mixin.py:188} INFO - [2026-09-15T21:08:34.715+0000] {dagbag.py:545} INFO - Filling up the DagBag from /home/airflow/.local/lib/python3.12/site-packages/airflow/example_dags/example_setup_teardown_taskflow.py
[2026-09-15T21:08:34.722+0000] {processor.py:840} INFO - DAG(s) 'example_setup_teardown_taskflow' retrieved from /home/airflow/.local/lib/python3.12/site-packages/airflow/example_dags/example_setup_teardown_taskflow.py
[2026-09-15T21:08:34.742+0000] {logging_mixin.py:188} INFO - [2026-09-15T21:08:34.741+0000] {dag.py:3089} INFO - Sync 1 DAGs
[2026-09-15T21:08:34.759+0000] {logging_mixin.py:188} INFO - [2026-09-15T21:08:34.759+0000] {dag.py:3947} INFO - Setting next_dagrun for example_setup_teardown_taskflow to 2026-09-14 00:00:00+00:00, run_after=2026-09-15 00:00:00+00:00
[2026-09-15T21:08:34.774+0000] {processor.py:183} INFO - Processing /home/airflow/.local/lib/python3.12/site-packages/airflow/example_dags/example_setup_teardown_taskflow.py took 0.070 seconds
[2026-09-15T21:09:04.858+0000] {processor.py:161} INFO - Started process (PID=1003) to work on /home/airflow/.local/lib/python3.12/site-packages/airflow/example_dags/example_setup_teardown_taskflow.py
[2026-09-15T21:09:04.859+0000] {processor.py:830} INFO - Processing file /home/airflow/.local/lib/python3.12/site-packages/airflow/example_dags/example_setup_teardown_taskflow.py for tasks to queue
[2026-09-15T21:09:04.861+0000] {logging_mixin.py:188} INFO - [2026-09-15T21:09:04.861+0000] {dagbag.py:545} INFO - Filling up the DagBag from /home/airflow/.local/lib/python3.12/site-packages/airflow/example_dags/example_setup_teardown_taskflow.py
[2026-09-15T21:09:04.868+0000] {processor.py:840} INFO - DAG(s) 'example_setup_teardown_taskflow' retrieved from /home/airflow/.local/lib/python3.12/site-packages/airflow/example_dags/example_setup_teardown_taskflow.py
[2026-09-15T21:09:04.885+0000] {logging_mixin.py:188} INFO - [2026-09-15T21:09:04.884+0000] {dag.py:3089} INFO - Sync 1 DAGs
[2026-09-15T21:09:04.900+0000] {logging_mixin.py:188} INFO - [2026-09-15T21:09:04.899+0000] {dag.py:3947} INFO - Setting next_dagrun for example_setup_teardown_taskflow to 2026-09-14 00:00:00+00:00, run_after=2026-09-15 00:00:00+00:00
[2026-09-15T21:09:04.913+0000] {processor.py:183} INFO - Processing /home/airflow/.local/lib/python3.12/site-packages/airflow/example_dags/example_setup_teardown_taskflow.py took 0.058 seconds
[2026-09-15T21:09:35.054+0000] {processor.py:161} INFO - Started process (PID=1061) to work on /home/airflow/.local/lib/python3.12/site-packages/airflow/example_dags/example_setup_teardown_taskflow.py
[2026-09-15T21:09:35.055+0000] {processor.py:830} INFO - Processing file /home/airflow/.local/lib/python3.12/site-packages/airflow/example_dags/example_setup_teardown_taskflow.py for tasks to queue
[2026-09-15T21:09:35.057+0000] {logging_mixin.py:188} INFO - [2026-09-15T21:09:35.057+0000] {dagbag.py:545} INFO - Filling up the DagBag from /home/airflow/.local/lib/python3.12/site-packages/airflow/example_dags/example_setup_teardown_taskflow.py
[2026-09-15T21:09:35.064+0000] {processor.py:840} INFO - DAG(s) 'example_setup_teardown_taskflow' retrieved from /home/airflow/.local/lib/python3.12/site-packages/airflow/example_dags/example_setup_teardown_taskflow.py
[2026-09-15T21:09:35.083+0000] {logging_mixin.py:188} INFO - [2026-09-15T21:09:35.083+0000] {dag.py:3089} INFO - Sync 1 DAGs
[2026-09-15T21:09:35.098+0000] {logging_mixin.py:188} INFO - [2026-09-15T21:09:35.098+0000] {dag.py:3947} INFO - Setting next_dagrun for example_setup_teardown_taskflow to 2026-09-14 00:00:00+00:00, run_after=2026-09-15 00:00:00+00:00
[2026-09-15T21:09:35.112+0000] {processor.py:183} INFO - Processing /home/airflow/.local/lib/python3.12/site-packages/airflow/example_dags/example_setup_teardown_taskflow.py took 0.062 seconds
[2026-09-15T21:10:05.452+0000] {processor.py:161} INFO - Started process (PID=1119) to work on /home/airflow/.local/lib/python3.12/site-packages/airflow/example_dags/example_setup_teardown_taskflow.py
[2026-09-15T21:10:05.454+0000] {processor.py:830} INFO - Processing file /home/airflow/.local/lib/python3.12/site-packages/airflow/example_dags/example_setup_teardown_taskflow.py for tasks to queue
[2026-09-15T21:10:05.456+0000] {logging_mixin.py:188} INFO - [2026-09-15T21:10:05.456+0000] {dagbag.py:545} INFO - Filling up the DagBag from /home/airflow/.local/lib/python3.12/site-packages/airflow/example_dags/example_setup_teardown_taskflow.py
[2026-09-15T21:10:05.467+0000] {processor.py:840} INFO - DAG(s) 'example_setup_teardown_taskflow' retrieved from /home/airflow/.local/lib/python3.12/site-packages/airflow/example_dags/example_setup_teardown_taskflow.py
[2026-09-15T21:10:05.492+0000] {logging_mixin.py:188} INFO - [2026-09-15T21:10:05.491+0000] {dag.py:3089} INFO - Sync 1 DAGs
[2026-09-15T21:10:05.515+0000] {logging_mixin.py:188} INFO - [2026-09-15T21:10:05.515+0000] {dag.py:3947} INFO - Setting next_dagrun for example_setup_teardown_taskflow to 2026-09-14 00:00:00+00:00, run_after=2026-09-15 00:00:00+00:00
[2026-09-15T21:10:05.538+0000] {processor.py:183} INFO - Processing /home/airflow/.local/lib/python3.12/site-packages/airflow/example_dags/example_setup_teardown_taskflow.py took 0.091 seconds
[2026-09-15T21:10:35.720+0000] {processor.py:161} INFO - Started process (PID=1177) to work on /home/airflow/.local/lib/python3.12/site-packages/airflow/example_dags/example_setup_teardown_taskflow.py
[2026-09-15T21:10:35.722+0000] {processor.py:830} INFO - Processing file /home/airflow/.local/lib/python3.12/site-packages/airflow/example_dags/example_setup_teardown_taskflow.py for tasks to queue
[2026-09-15T21:10:35.724+0000] {logging_mixin.py:188} INFO - [2026-09-15T21:10:35.724+0000] {dagbag.py:545} INFO - Filling up the DagBag from /home/airflow/.local/lib/python3.12/site-packages/airflow/example_dags/example_setup_teardown_taskflow.py
[2026-09-15T21:10:35.732+0000] {processor.py:840} INFO - DAG(s) 'example_setup_teardown_taskflow' retrieved from /home/airflow/.local/lib/python3.12/site-packages/airflow/example_dags/example_setup_teardown_taskflow.py
[2026-09-15T21:10:35.744+0000] {logging_mixin.py:188} INFO - [2026-09-15T21:10:35.744+0000] {dag.py:3089} INFO - Sync 1 DAGs
[2026-09-15T21:10:35.762+0000] {logging_mixin.py:188} INFO - [2026-09-15T21:10:35.762+0000] {dag.py:3947} INFO - Setting next_dagrun for example_setup_teardown_taskflow to 2026-09-14 00:00:00+00:00, run_after=2026-09-15 00:00:00+00:00
[2026-09-15T21:10:35.778+0000] {processor.py:183} INFO - Processing /home/airflow/.local/lib/python3.12/site-packages/airflow/example_dags/example_setup_teardown_taskflow.py took 0.062 seconds
[2026-09-15T21:11:06.533+0000] {processor.py:161} INFO - Started process (PID=1235) to work on /home/airflow/.local/lib/python3.12/site-packages/airflow/example_dags/example_setup_teardown_taskflow.py
[2026-09-15T21:11:06.535+0000] {processor.py:830} INFO - Processing file /home/airflow/.local/lib/python3.12/site-packages/airflow/example_dags/example_setup_teardown_taskflow.py for tasks to queue
[2026-09-15T21:11:06.538+0000] {logging_mixin.py:188} INFO - [2026-09-15T21:11:06.537+0000] {dagbag.py:545} INFO - Filling up the DagBag from /home/airflow/.local/lib/python3.12/site-packages/airflow/example_dags/example_setup_teardown_taskflow.py
[2026-09-15T21:11:06.547+0000] {processor.py:840} INFO - DAG(s) 'example_setup_teardown_taskflow' retrieved from /home/airflow/.local/lib/python3.12/site-packages/airflow/example_dags/example_setup_teardown_taskflow.py
[2026-09-15T21:11:06.668+0000] {logging_mixin.py:188} INFO - [2026-09-15T21:11:06.668+0000] {dag.py:3089} INFO - Sync 1 DAGs
[2026-09-15T21:11:06.685+0000] {logging_mixin.py:188} INFO - [2026-09-15T21:11:06.685+0000] {dag.py:3947} INFO - Setting next_dagrun for example_setup_teardown_taskflow to 2026-09-14 00:00:00+00:00, run_after=2026-09-15 00:00:00+00:00
[2026-09-15T21:11:06.704+0000] {processor.py:183} INFO - Processing /home/airflow/.local/lib/python3.12/site-packages/airflow/example_dags/example_setup_teardown_taskflow.py took 0.177 seconds
[2026-09-15T21:11:36.801+0000] {processor.py:161} INFO - Started process (PID=1293) to work on /home/airflow/.local/lib/python3.12/site-packages/airflow/example_dags/example_setup_teardown_taskflow.py
[2026-09-15T21:11:36.802+0000] {processor.py:830} INFO - Processing file /home/airflow/.local/lib/python3.12/site-packages/airflow/example_dags/example_setup_teardown_taskflow.py for tasks to queue
[2026-09-15T21:11:36.804+0000] {logging_mixin.py:188} INFO - [2026-09-15T21:11:36.804+0000] {dagbag.py:545} INFO - Filling up the DagBag from /home/airflow/.local/lib/python3.12/site-packages/airflow/example_dags/example_setup_teardown_taskflow.py
[2026-09-15T21:11:36.811+0000] {processor.py:840} INFO - DAG(s) 'example_setup_teardown_taskflow' retrieved from /home/airflow/.local/lib/python3.12/site-packages/airflow/example_dags/example_setup_teardown_taskflow.py
[2026-09-15T21:11:36.830+0000] {logging_mixin.py:188} INFO - [2026-09-15T21:11:36.829+0000] {dag.py:3089} INFO - Sync 1 DAGs
[2026-09-15T21:11:36.847+0000] {logging_mixin.py:188} INFO - [2026-09-15T21:11:36.846+0000] {dag.py:3947} INFO - Setting next_dagrun for example_setup_teardown_taskflow to 2026-09-14 00:00:00+00:00, run_after=2026-09-15 00:00:00+00:00
[2026-09-15T21:11:36.866+0000] {processor.py:183} INFO - Processing /home/airflow/.local/lib/python3.12/site-packages/airflow/example_dags/example_setup_teardown_taskflow.py took 0.069 seconds
[2026-09-15T21:12:07.032+0000] {processor.py:161} INFO - Started process (PID=1351) to work on /home/airflow/.local/lib/python3.12/site-packages/airflow/example_dags/example_setup_teardown_taskflow.py
[2026-09-15T21:12:07.033+0000] {processor.py:830} INFO - Processing file /home/airflow/.local/lib/python3.12/site-packages/airflow/example_dags/example_setup_teardown_taskflow.py for tasks to queue
[2026-09-15T21:12:07.035+0000] {logging_mixin.py:188} INFO - [2026-09-15T21:12:07.035+0000] {dagbag.py:545} INFO - Filling up the DagBag from /home/airflow/.local/lib/python3.12/site-packages/airflow/example_dags/example_setup_teardown_taskflow.py
[2026-09-15T21:12:07.043+0000] {processor.py:840} INFO - DAG(s) 'example_setup_teardown_taskflow' retrieved from /home/airflow/.local/lib/python3.12/site-packages/airflow/example_dags/example_setup_teardown_taskflow.py
[2026-09-15T21:12:07.063+0000] {logging_mixin.py:188} INFO - [2026-09-15T21:12:07.063+0000] {dag.py:3089} INFO - Sync 1 DAGs
[2026-09-15T21:12:07.082+0000] {logging_mixin.py:188} INFO - [2026-09-15T21:12:07.081+0000] {dag.py:3947} INFO - Setting next_dagrun for example_setup_teardown_taskflow to 2026-09-14 00:00:00+00:00, run_after=2026-09-15 00:00:00+00:00
[2026-09-15T21:12:07.096+0000] {processor.py:183} INFO - Processing /home/airflow/.local/lib/python3.12/site-packages/airflow/example_dags/example_setup_teardown_taskflow.py took 0.069 seconds
[2026-09-15T21:12:37.543+0000] {processor.py:161} INFO - Started process (PID=1409) to work on /home/airflow/.local/lib/python3.12/site-packages/airflow/example_dags/example_setup_teardown_taskflow.py
[2026-09-15T21:12:37.545+0000] {processor.py:830} INFO - Processing file /home/airflow/.local/lib/python3.12/site-packages/airflow/example_dags/example_setup_teardown_taskflow.py for tasks to queue
[2026-09-15T21:12:37.547+0000] {logging_mixin.py:188} INFO - [2026-09-15T21:12:37.546+0000] {dagbag.py:545} INFO - Filling up the DagBag from /home/airflow/.local/lib/python3.12/site-packages/airflow/example_dags/example_setup_teardown_taskflow.py
[2026-09-15T21:12:37.554+0000] {processor.py:840} INFO - DAG(s) 'example_setup_teardown_taskflow' retrieved from /home/airflow/.local/lib/python3.12/site-packages/airflow/example_dags/example_setup_teardown_taskflow.py
[2026-09-15T21:12:37.573+0000] {logging_mixin.py:188} INFO - [2026-09-15T21:12:37.572+0000] {dag.py:3089} INFO - Sync 1 DAGs
[2026-09-15T21:12:37.589+0000] {logging_mixin.py:188} INFO - [2026-09-15T21:12:37.589+0000] {dag.py:3947} INFO - Setting next_dagrun for example_setup_teardown_taskflow to 2026-09-14 00:00:00+00:00, run_after=2026-09-15 00:00:00+00:00
[2026-09-15T21:12:37.603+0000] {processor.py:183} INFO - Processing /home/airflow/.local/lib/python3.12/site-packages/airflow/example_dags/example_setup_teardown_taskflow.py took 0.064 seconds
[2026-09-15T21:13:07.689+0000] {processor.py:161} INFO - Started process (PID=1467) to work on /home/airflow/.local/lib/python3.12/site-packages/airflow/example_dags/example_setup_teardown_taskflow.py
[2026-09-15T21:13:07.690+0000] {processor.py:830} INFO - Processing file /home/airflow/.local/lib/python3.12/site-packages/airflow/example_dags/example_setup_teardown_taskflow.py for tasks to queue
[2026-09-15T21:13:07.692+0000] {logging_mixin.py:188} INFO - [2026-09-15T21:13:07.692+0000] {dagbag.py:545} INFO - Filling up the DagBag from /home/airflow/.local/lib/python3.12/site-packages/airflow/example_dags/example_setup_teardown_taskflow.py
[2026-09-15T21:13:07.699+0000] {processor.py:840} INFO - DAG(s) 'example_setup_teardown_taskflow' retrieved from /home/airflow/.local/lib/python3.12/site-packages/airflow/example_dags/example_setup_teardown_taskflow.py
[2026-09-15T21:13:07.718+0000] {logging_mixin.py:188} INFO - [2026-09-15T21:13:07.718+0000] {dag.py:3089} INFO - Sync 1 DAGs
[2026-09-15T21:13:07.736+0000] {logging_mixin.py:188} INFO - [2026-09-15T21:13:07.736+0000] {dag.py:3947} INFO - Setting next_dagrun for example_setup_teardown_taskflow to 2026-09-14 00:00:00+00:00, run_after=2026-09-15 00:00:00+00:00
[2026-09-15T21:13:07.754+0000] {processor.py:183} INFO - Processing /home/airflow/.local/lib/python3.12/site-packages/airflow/example_dags/example_setup_teardown_taskflow.py took 0.069 seconds
[2026-09-15T21:13:38.190+0000] {processor.py:161} INFO - Started process (PID=1525) to work on /home/airflow/.local/lib/python3.12/site-packages/airflow/example_dags/example_setup_teardown_taskflow.py
[2026-09-15T21:13:38.192+0000] {processor.py:830} INFO - Processing file /home/airflow/.local/lib/python3.12/site-packages/airflow/example_dags/example_setup_teardown_taskflow.py for tasks to queue
[2026-09-15T21:13:38.193+0000] {logging_mixin.py:188} INFO - [2026-09-15T21:13:38.193+0000] {dagbag.py:545} INFO - Filling up the DagBag from /home/airflow/.local/lib/python3.12/site-packages/airflow/example_dags/example_setup_teardown_taskflow.py
[2026-09-15T21:13:38.200+0000] {processor.py:840} INFO - DAG(s) 'example_setup_teardown_taskflow' retrieved from /home/airflow/.local/lib/python3.12/site-packages/airflow/example_dags/example_setup_teardown_taskflow.py
[2026-09-15T21:13:38.220+0000] {logging_mixin.py:188} INFO - [2026-09-15T21:13:38.220+0000] {dag.py:3089} INFO - Sync 1 DAGs
[2026-09-15T21:13:38.240+0000] {logging_mixin.py:188} INFO - [2026-09-15T21:13:38.240+0000] {dag.py:3947} INFO - Setting next_dagrun for example_setup_teardown_taskflow to 2026-09-14 00:00:00+00:00, run_after=2026-09-15 00:00:00+00:00
[2026-09-15T21:13:38.256+0000] {processor.py:183} INFO - Processing /home/airflow/.local/lib/python3.12/site-packages/airflow/example_dags/example_setup_teardown_taskflow.py took 0.070 seconds
[2026-09-15T21:14:08.834+0000] {processor.py:161} INFO - Started process (PID=1583) to work on /home/airflow/.local/lib/python3.12/site-packages/airflow/example_dags/example_setup_teardown_taskflow.py
[2026-09-15T21:14:08.835+0000] {processor.py:830} INFO - Processing file /home/airflow/.local/lib/python3.12/site-packages/airflow/example_dags/example_setup_teardown_taskflow.py for tasks to queue
[2026-09-15T21:14:08.837+0000] {logging_mixin.py:188} INFO - [2026-09-15T21:14:08.837+0000] {dagbag.py:545} INFO - Filling up the DagBag from /home/airflow/.local/lib/python3.12/site-packages/airflow/example_dags/example_setup_teardown_taskflow.py
[2026-09-15T21:14:08.845+0000] {processor.py:840} INFO - DAG(s) 'example_setup_teardown_taskflow' retrieved from /home/airflow/.local/lib/python3.12/site-packages/airflow/example_dags/example_setup_teardown_taskflow.py
[2026-09-15T21:14:08.862+0000] {logging_mixin.py:188} INFO - [2026-09-15T21:14:08.862+0000] {dag.py:3089} INFO - Sync 1 DAGs
[2026-09-15T21:14:08.878+0000] {logging_mixin.py:188} INFO - [2026-09-15T21:14:08.878+0000] {dag.py:3947} INFO - Setting next_dagrun for example_setup_teardown_taskflow to 2026-09-14 00:00:00+00:00, run_after=2026-09-15 00:00:00+00:00
[2026-09-15T21:14:08.892+0000] {processor.py:183} INFO - Processing /home/airflow/.local/lib/python3.12/site-packages/airflow/example_dags/example_setup_teardown_taskflow.py took 0.063 seconds
[2026-09-15T21:14:39.068+0000] {processor.py:161} INFO - Started process (PID=1641) to work on /home/airflow/.local/lib/python3.12/site-packages/airflow/example_dags/example_setup_teardown_taskflow.py
[2026-09-15T21:14:39.069+0000] {processor.py:830} INFO - Processing file /home/airflow/.local/lib/python3.12/site-packages/airflow/example_dags/example_setup_teardown_taskflow.py for tasks to queue
[2026-09-15T21:14:39.071+0000] {logging_mixin.py:188} INFO - [2026-09-15T21:14:39.071+0000] {dagbag.py:545} INFO - Filling up the DagBag from /home/airflow/.local/lib/python3.12/site-packages/airflow/example_dags/example_setup_teardown_taskflow.py
[2026-09-15T21:14:39.078+0000] {processor.py:840} INFO - DAG(s) 'example_setup_teardown_taskflow' retrieved from /home/airflow/.local/lib/python3.12/site-packages/airflow/example_dags/example_setup_teardown_taskflow.py
[2026-09-15T21:14:39.099+0000] {logging_mixin.py:188} INFO - [2026-09-15T21:14:39.098+0000] {dag.py:3089} INFO - Sync 1 DAGs
[2026-09-15T21:14:39.116+0000] {logging_mixin.py:188} INFO - [2026-09-15T21:14:39.116+0000] {dag.py:3947} INFO - Setting next_dagrun for example_setup_teardown_taskflow to 2026-09-14 00:00:00+00:00, run_after=2026-09-15 00:00:00+00:00
[2026-09-15T21:14:39.131+0000] {processor.py:183} INFO - Processing /home/airflow/.local/lib/python3.12/site-packages/airflow/example_dags/example_setup_teardown_taskflow.py took 0.067 seconds
[2026-09-15T21:15:09.679+0000] {processor.py:161} INFO - Started process (PID=1699) to work on /home/airflow/.local/lib/python3.12/site-packages/airflow/example_dags/example_setup_teardown_taskflow.py
[2026-09-15T21:15:09.680+0000] {processor.py:830} INFO - Processing file /home/airflow/.local/lib/python3.12/site-packages/airflow/example_dags/example_setup_teardown_taskflow.py for tasks to queue
[2026-09-15T21:15:09.682+0000] {logging_mixin.py:188} INFO - [2026-09-15T21:15:09.682+0000] {dagbag.py:545} INFO - Filling up the DagBag from /home/airflow/.local/lib/python3.12/site-packages/airflow/example_dags/example_setup_teardown_taskflow.py
[2026-09-15T21:15:09.689+0000] {processor.py:840} INFO - DAG(s) 'example_setup_teardown_taskflow' retrieved from /home/airflow/.local/lib/python3.12/site-packages/airflow/example_dags/example_setup_teardown_taskflow.py
[2026-09-15T21:15:09.705+0000] {logging_mixin.py:188} INFO - [2026-09-15T21:15:09.705+0000] {dag.py:3089} INFO - Sync 1 DAGs
[2026-09-15T21:15:09.722+0000] {logging_mixin.py:188} INFO - [2026-09-15T21:15:09.722+0000] {dag.py:3947} INFO - Setting next_dagrun for example_setup_teardown_taskflow to 2026-09-14 00:00:00+00:00, run_after=2026-09-15 00:00:00+00:00
[2026-09-15T21:15:09.891+0000] {processor.py:183} INFO - Processing /home/airflow/.local/lib/python3.12/site-packages/airflow/example_dags/example_setup_teardown_taskflow.py took 0.216 seconds
[2026-09-15T21:15:40.081+0000] {processor.py:161} INFO - Started process (PID=1757) to work on /home/airflow/.local/lib/python3.12/site-packages/airflow/example_dags/example_setup_teardown_taskflow.py
[2026-09-15T21:15:40.082+0000] {processor.py:830} INFO - Processing file /home/airflow/.local/lib/python3.12/site-packages/airflow/example_dags/example_setup_teardown_taskflow.py for tasks to queue
[2026-09-15T21:15:40.084+0000] {logging_mixin.py:188} INFO - [2026-09-15T21:15:40.084+0000] {dagbag.py:545} INFO - Filling up the DagBag from /home/airflow/.local/lib/python3.12/site-packages/airflow/example_dags/example_setup_teardown_taskflow.py
[2026-09-15T21:15:40.091+0000] {processor.py:840} INFO - DAG(s) 'example_setup_teardown_taskflow' retrieved from /home/airflow/.local/lib/python3.12/site-packages/airflow/example_dags/example_setup_teardown_taskflow.py
[2026-09-15T21:15:40.108+0000] {logging_mixin.py:188} INFO - [2026-09-15T21:15:40.108+0000] {dag.py:3089} INFO - Sync 1 DAGs
[2026-09-15T21:15:40.126+0000] {logging_mixin.py:188} INFO - [2026-09-15T21:15:40.126+0000] {dag.py:3947} INFO - Setting next_dagrun for example_setup_teardown_taskflow to 2026-09-14 00:00:00+00:00, run_after=2026-09-15 00:00:00+00:00
[2026-09-15T21:15:40.144+0000] {processor.py:183} INFO - Processing /home/airflow/.local/lib/python3.12/site-packages/airflow/example_dags/example_setup_teardown_taskflow.py took 0.067 seconds
[2026-09-15T21:16:10.637+0000] {processor.py:161} INFO - Started process (PID=1815) to work on /home/airflow/.local/lib/python3.12/site-packages/airflow/example_dags/example_setup_teardown_taskflow.py
[2026-09-15T21:16:10.639+0000] {processor.py:830} INFO - Processing file /home/airflow/.local/lib/python3.12/site-packages/airflow/example_dags/example_setup_teardown_taskflow.py for tasks to queue
[2026-09-15T21:16:10.641+0000] {logging_mixin.py:188} INFO - [2026-09-15T21:16:10.641+0000] {dagbag.py:545} INFO - Filling up the DagBag from /home/airflow/.local/lib/python3.12/site-packages/airflow/example_dags/example_setup_teardown_taskflow.py
[2026-09-15T21:16:10.648+0000] {processor.py:840} INFO - DAG(s) 'example_setup_teardown_taskflow' retrieved from /home/airflow/.local/lib/python3.12/site-packages/airflow/example_dags/example_setup_teardown_taskflow.py
[2026-09-15T21:16:10.666+0000] {logging_mixin.py:188} INFO - [2026-09-15T21:16:10.666+0000] {dag.py:3089} INFO - Sync 1 DAGs
[2026-09-15T21:16:10.684+0000] {logging_mixin.py:188} INFO - [2026-09-15T21:16:10.684+0000] {dag.py:3947} INFO - Setting next_dagrun for example_setup_teardown_taskflow to 2026-09-14 00:00:00+00:00, run_after=2026-09-15 00:00:00+00:00
[2026-09-15T21:16:10.700+0000] {processor.py:183} INFO - Processing /home/airflow/.local/lib/python3.12/site-packages/airflow/example_dags/example_setup_teardown_taskflow.py took 0.068 seconds
[2026-09-15T21:16:41.157+0000] {processor.py:161} INFO - Started process (PID=1873) to work on /home/airflow/.local/lib/python3.12/site-packages/airflow/example_dags/example_setup_teardown_taskflow.py
[2026-09-15T21:16:41.159+0000] {processor.py:830} INFO - Processing file /home/airflow/.local/lib/python3.12/site-packages/airflow/example_dags/example_setup_teardown_taskflow.py for tasks to queue
[2026-09-15T21:16:41.162+0000] {logging_mixin.py:188} INFO - [2026-09-15T21:16:41.161+0000] {dagbag.py:545} INFO - Filling up the DagBag from /home/airflow/.local/lib/python3.12/site-packages/airflow/example_dags/example_setup_teardown_taskflow.py
[2026-09-15T21:16:41.173+0000] {processor.py:840} INFO - DAG(s) 'example_setup_teardown_taskflow' retrieved from /home/airflow/.local/lib/python3.12/site-packages/airflow/example_dags/example_setup_teardown_taskflow.py
[2026-09-15T21:16:41.195+0000] {logging_mixin.py:188} INFO - [2026-09-15T21:16:41.195+0000] {dag.py:3089} INFO - Sync 1 DAGs
[2026-09-15T21:16:41.216+0000] {logging_mixin.py:188} INFO - [2026-09-15T21:16:41.215+0000] {dag.py:3947} INFO - Setting next_dagrun for example_setup_teardown_taskflow to 2026-09-14 00:00:00+00:00, run_after=2026-09-15 00:00:00+00:00
[2026-09-15T21:16:41.236+0000] {processor.py:183} INFO - Processing /home/airflow/.local/lib/python3.12/site-packages/airflow/example_dags/example_setup_teardown_taskflow.py took 0.084 seconds
[2026-09-15T21:17:34.920+0000] {processor.py:161} INFO - Started process (PID=68) to work on /home/airflow/.local/lib/python3.12/site-packages/airflow/example_dags/example_setup_teardown_taskflow.py
[2026-09-15T21:17:34.922+0000] {processor.py:830} INFO - Processing file /home/airflow/.local/lib/python3.12/site-packages/airflow/example_dags/example_setup_teardown_taskflow.py for tasks to queue
[2026-09-15T21:17:34.925+0000] {logging_mixin.py:188} INFO - [2026-09-15T21:17:34.924+0000] {dagbag.py:545} INFO - Filling up the DagBag from /home/airflow/.local/lib/python3.12/site-packages/airflow/example_dags/example_setup_teardown_taskflow.py
[2026-09-15T21:17:34.936+0000] {processor.py:840} INFO - DAG(s) 'example_setup_teardown_taskflow' retrieved from /home/airflow/.local/lib/python3.12/site-packages/airflow/example_dags/example_setup_teardown_taskflow.py
[2026-09-15T21:17:34.951+0000] {logging_mixin.py:188} INFO - [2026-09-15T21:17:34.950+0000] {dag.py:3089} INFO - Sync 1 DAGs
[2026-09-15T21:17:34.974+0000] {logging_mixin.py:188} INFO - [2026-09-15T21:17:34.974+0000] {dag.py:3947} INFO - Setting next_dagrun for example_setup_teardown_taskflow to 2026-09-14 00:00:00+00:00, run_after=2026-09-15 00:00:00+00:00
[2026-09-15T21:17:35.004+0000] {processor.py:183} INFO - Processing /home/airflow/.local/lib/python3.12/site-packages/airflow/example_dags/example_setup_teardown_taskflow.py took 0.092 seconds
[2026-09-15T21:18:05.704+0000] {processor.py:161} INFO - Started process (PID=127) to work on /home/airflow/.local/lib/python3.12/site-packages/airflow/example_dags/example_setup_teardown_taskflow.py
[2026-09-15T21:18:05.706+0000] {processor.py:830} INFO - Processing file /home/airflow/.local/lib/python3.12/site-packages/airflow/example_dags/example_setup_teardown_taskflow.py for tasks to queue
[2026-09-15T21:18:05.707+0000] {logging_mixin.py:188} INFO - [2026-09-15T21:18:05.707+0000] {dagbag.py:545} INFO - Filling up the DagBag from /home/airflow/.local/lib/python3.12/site-packages/airflow/example_dags/example_setup_teardown_taskflow.py
[2026-09-15T21:18:05.714+0000] {processor.py:840} INFO - DAG(s) 'example_setup_teardown_taskflow' retrieved from /home/airflow/.local/lib/python3.12/site-packages/airflow/example_dags/example_setup_teardown_taskflow.py
[2026-09-15T21:18:05.810+0000] {logging_mixin.py:188} INFO - [2026-09-15T21:18:05.810+0000] {dag.py:3089} INFO - Sync 1 DAGs
[2026-09-15T21:18:05.825+0000] {logging_mixin.py:188} INFO - [2026-09-15T21:18:05.825+0000] {dag.py:3947} INFO - Setting next_dagrun for example_setup_teardown_taskflow to 2026-09-14 00:00:00+00:00, run_after=2026-09-15 00:00:00+00:00
[2026-09-15T21:18:05.845+0000] {processor.py:183} INFO - Processing /home/airflow/.local/lib/python3.12/site-packages/airflow/example_dags/example_setup_teardown_taskflow.py took 0.144 seconds
[2026-09-15T21:18:36.274+0000] {processor.py:161} INFO - Started process (PID=185) to work on /home/airflow/.local/lib/python3.12/site-packages/airflow/example_dags/example_setup_teardown_taskflow.py
[2026-09-15T21:18:36.275+0000] {processor.py:830} INFO - Processing file /home/airflow/.local/lib/python3.12/site-packages/airflow/example_dags/example_setup_teardown_taskflow.py for tasks to queue
[2026-09-15T21:18:36.277+0000] {logging_mixin.py:188} INFO - [2026-09-15T21:18:36.277+0000] {dagbag.py:545} INFO - Filling up the DagBag from /home/airflow/.local/lib/python3.12/site-packages/airflow/example_dags/example_setup_teardown_taskflow.py
[2026-09-15T21:18:36.283+0000] {processor.py:840} INFO - DAG(s) 'example_setup_teardown_taskflow' retrieved from /home/airflow/.local/lib/python3.12/site-packages/airflow/example_dags/example_setup_teardown_taskflow.py
[2026-09-15T21:18:36.303+0000] {logging_mixin.py:188} INFO - [2026-09-15T21:18:36.303+0000] {dag.py:3089} INFO - Sync 1 DAGs
[2026-09-15T21:18:36.318+0000] {logging_mixin.py:188} INFO - [2026-09-15T21:18:36.318+0000] {dag.py:3947} INFO - Setting next_dagrun for example_setup_teardown_taskflow to 2026-09-14 00:00:00+00:00, run_after=2026-09-15 00:00:00+00:00
[2026-09-15T21:18:36.333+0000] {processor.py:183} INFO - Processing /home/airflow/.local/lib/python3.12/site-packages/airflow/example_dags/example_setup_teardown_taskflow.py took 0.063 seconds
[2026-09-15T21:19:06.993+0000] {processor.py:161} INFO - Started process (PID=243) to work on /home/airflow/.local/lib/python3.12/site-packages/airflow/example_dags/example_setup_teardown_taskflow.py
[2026-09-15T21:19:06.995+0000] {processor.py:830} INFO - Processing file /home/airflow/.local/lib/python3.12/site-packages/airflow/example_dags/example_setup_teardown_taskflow.py for tasks to queue
[2026-09-15T21:19:06.996+0000] {logging_mixin.py:188} INFO - [2026-09-15T21:19:06.996+0000] {dagbag.py:545} INFO - Filling up the DagBag from /home/airflow/.local/lib/python3.12/site-packages/airflow/example_dags/example_setup_teardown_taskflow.py
[2026-09-15T21:19:07.003+0000] {processor.py:840} INFO - DAG(s) 'example_setup_teardown_taskflow' retrieved from /home/airflow/.local/lib/python3.12/site-packages/airflow/example_dags/example_setup_teardown_taskflow.py
[2026-09-15T21:19:07.023+0000] {logging_mixin.py:188} INFO - [2026-09-15T21:19:07.022+0000] {dag.py:3089} INFO - Sync 1 DAGs
[2026-09-15T21:19:07.040+0000] {logging_mixin.py:188} INFO - [2026-09-15T21:19:07.040+0000] {dag.py:3947} INFO - Setting next_dagrun for example_setup_teardown_taskflow to 2026-09-14 00:00:00+00:00, run_after=2026-09-15 00:00:00+00:00
[2026-09-15T21:19:07.055+0000] {processor.py:183} INFO - Processing /home/airflow/.local/lib/python3.12/site-packages/airflow/example_dags/example_setup_teardown_taskflow.py took 0.067 seconds
[2026-09-15T21:19:37.634+0000] {processor.py:161} INFO - Started process (PID=301) to work on /home/airflow/.local/lib/python3.12/site-packages/airflow/example_dags/example_setup_teardown_taskflow.py
[2026-09-15T21:19:37.636+0000] {processor.py:830} INFO - Processing file /home/airflow/.local/lib/python3.12/site-packages/airflow/example_dags/example_setup_teardown_taskflow.py for tasks to queue
[2026-09-15T21:19:37.638+0000] {logging_mixin.py:188} INFO - [2026-09-15T21:19:37.637+0000] {dagbag.py:545} INFO - Filling up the DagBag from /home/airflow/.local/lib/python3.12/site-packages/airflow/example_dags/example_setup_teardown_taskflow.py
[2026-09-15T21:19:37.644+0000] {processor.py:840} INFO - DAG(s) 'example_setup_teardown_taskflow' retrieved from /home/airflow/.local/lib/python3.12/site-packages/airflow/example_dags/example_setup_teardown_taskflow.py
[2026-09-15T21:19:37.662+0000] {logging_mixin.py:188} INFO - [2026-09-15T21:19:37.662+0000] {dag.py:3089} INFO - Sync 1 DAGs
[2026-09-15T21:19:37.677+0000] {logging_mixin.py:188} INFO - [2026-09-15T21:19:37.677+0000] {dag.py:3947} INFO - Setting next_dagrun for example_setup_teardown_taskflow to 2026-09-14 00:00:00+00:00, run_after=2026-09-15 00:00:00+00:00
[2026-09-15T21:19:37.691+0000] {processor.py:183} INFO - Processing /home/airflow/.local/lib/python3.12/site-packages/airflow/example_dags/example_setup_teardown_taskflow.py took 0.062 seconds
[2026-09-15T21:20:07.937+0000] {processor.py:161} INFO - Started process (PID=359) to work on /home/airflow/.local/lib/python3.12/site-packages/airflow/example_dags/example_setup_teardown_taskflow.py
[2026-09-15T21:20:07.939+0000] {processor.py:830} INFO - Processing file /home/airflow/.local/lib/python3.12/site-packages/airflow/example_dags/example_setup_teardown_taskflow.py for tasks to queue
[2026-09-15T21:20:07.941+0000] {logging_mixin.py:188} INFO - [2026-09-15T21:20:07.940+0000] {dagbag.py:545} INFO - Filling up the DagBag from /home/airflow/.local/lib/python3.12/site-packages/airflow/example_dags/example_setup_teardown_taskflow.py
[2026-09-15T21:20:07.948+0000] {processor.py:840} INFO - DAG(s) 'example_setup_teardown_taskflow' retrieved from /home/airflow/.local/lib/python3.12/site-packages/airflow/example_dags/example_setup_teardown_taskflow.py
[2026-09-15T21:20:07.966+0000] {logging_mixin.py:188} INFO - [2026-09-15T21:20:07.966+0000] {dag.py:3089} INFO - Sync 1 DAGs
[2026-09-15T21:20:07.983+0000] {logging_mixin.py:188} INFO - [2026-09-15T21:20:07.982+0000] {dag.py:3947} INFO - Setting next_dagrun for example_setup_teardown_taskflow to 2026-09-14 00:00:00+00:00, run_after=2026-09-15 00:00:00+00:00
[2026-09-15T21:20:07.999+0000] {processor.py:183} INFO - Processing /home/airflow/.local/lib/python3.12/site-packages/airflow/example_dags/example_setup_teardown_taskflow.py took 0.067 seconds
[2026-09-15T21:20:38.049+0000] {processor.py:161} INFO - Started process (PID=417) to work on /home/airflow/.local/lib/python3.12/site-packages/airflow/example_dags/example_setup_teardown_taskflow.py
[2026-09-15T21:20:38.051+0000] {processor.py:830} INFO - Processing file /home/airflow/.local/lib/python3.12/site-packages/airflow/example_dags/example_setup_teardown_taskflow.py for tasks to queue
[2026-09-15T21:20:38.053+0000] {logging_mixin.py:188} INFO - [2026-09-15T21:20:38.053+0000] {dagbag.py:545} INFO - Filling up the DagBag from /home/airflow/.local/lib/python3.12/site-packages/airflow/example_dags/example_setup_teardown_taskflow.py
[2026-09-15T21:20:38.060+0000] {processor.py:840} INFO - DAG(s) 'example_setup_teardown_taskflow' retrieved from /home/airflow/.local/lib/python3.12/site-packages/airflow/example_dags/example_setup_teardown_taskflow.py
[2026-09-15T21:20:38.079+0000] {logging_mixin.py:188} INFO - [2026-09-15T21:20:38.078+0000] {dag.py:3089} INFO - Sync 1 DAGs
[2026-09-15T21:20:38.093+0000] {logging_mixin.py:188} INFO - [2026-09-15T21:20:38.093+0000] {dag.py:3947} INFO - Setting next_dagrun for example_setup_teardown_taskflow to 2026-09-14 00:00:00+00:00, run_after=2026-09-15 00:00:00+00:00
[2026-09-15T21:20:38.108+0000] {processor.py:183} INFO - Processing /home/airflow/.local/lib/python3.12/site-packages/airflow/example_dags/example_setup_teardown_taskflow.py took 0.063 seconds
[2026-09-15T21:22:06.747+0000] {processor.py:161} INFO - Started process (PID=233) to work on /home/airflow/.local/lib/python3.12/site-packages/airflow/example_dags/example_setup_teardown_taskflow.py
[2026-09-15T21:22:06.749+0000] {processor.py:830} INFO - Processing file /home/airflow/.local/lib/python3.12/site-packages/airflow/example_dags/example_setup_teardown_taskflow.py for tasks to queue
[2026-09-15T21:22:06.751+0000] {logging_mixin.py:188} INFO - [2026-09-15T21:22:06.751+0000] {dagbag.py:545} INFO - Filling up the DagBag from /home/airflow/.local/lib/python3.12/site-packages/airflow/example_dags/example_setup_teardown_taskflow.py
[2026-09-15T21:22:06.762+0000] {processor.py:840} INFO - DAG(s) 'example_setup_teardown_taskflow' retrieved from /home/airflow/.local/lib/python3.12/site-packages/airflow/example_dags/example_setup_teardown_taskflow.py
[2026-09-15T21:22:06.778+0000] {logging_mixin.py:188} INFO - [2026-09-15T21:22:06.778+0000] {dag.py:3089} INFO - Sync 1 DAGs
[2026-09-15T21:22:06.802+0000] {logging_mixin.py:188} INFO - [2026-09-15T21:22:06.802+0000] {dag.py:3947} INFO - Setting next_dagrun for example_setup_teardown_taskflow to 2026-09-14 00:00:00+00:00, run_after=2026-09-15 00:00:00+00:00
[2026-09-15T21:22:06.823+0000] {processor.py:183} INFO - Processing /home/airflow/.local/lib/python3.12/site-packages/airflow/example_dags/example_setup_teardown_taskflow.py took 0.082 seconds
[2026-09-15T21:22:37.678+0000] {processor.py:161} INFO - Started process (PID=490) to work on /home/airflow/.local/lib/python3.12/site-packages/airflow/example_dags/example_setup_teardown_taskflow.py
[2026-09-15T21:22:37.679+0000] {processor.py:830} INFO - Processing file /home/airflow/.local/lib/python3.12/site-packages/airflow/example_dags/example_setup_teardown_taskflow.py for tasks to queue
[2026-09-15T21:22:37.681+0000] {logging_mixin.py:188} INFO - [2026-09-15T21:22:37.681+0000] {dagbag.py:545} INFO - Filling up the DagBag from /home/airflow/.local/lib/python3.12/site-packages/airflow/example_dags/example_setup_teardown_taskflow.py
[2026-09-15T21:22:37.689+0000] {processor.py:840} INFO - DAG(s) 'example_setup_teardown_taskflow' retrieved from /home/airflow/.local/lib/python3.12/site-packages/airflow/example_dags/example_setup_teardown_taskflow.py
[2026-09-15T21:22:37.773+0000] {logging_mixin.py:188} INFO - [2026-09-15T21:22:37.773+0000] {dag.py:3089} INFO - Sync 1 DAGs
[2026-09-15T21:22:37.795+0000] {logging_mixin.py:188} INFO - [2026-09-15T21:22:37.795+0000] {dag.py:3947} INFO - Setting next_dagrun for example_setup_teardown_taskflow to 2026-09-14 00:00:00+00:00, run_after=2026-09-15 00:00:00+00:00
[2026-09-15T21:22:37.816+0000] {processor.py:183} INFO - Processing /home/airflow/.local/lib/python3.12/site-packages/airflow/example_dags/example_setup_teardown_taskflow.py took 0.142 seconds
[2026-09-15T21:23:08.385+0000] {processor.py:161} INFO - Started process (PID=757) to work on /home/airflow/.local/lib/python3.12/site-packages/airflow/example_dags/example_setup_teardown_taskflow.py
[2026-09-15T21:23:08.387+0000] {processor.py:830} INFO - Processing file /home/airflow/.local/lib/python3.12/site-packages/airflow/example_dags/example_setup_teardown_taskflow.py for tasks to queue
[2026-09-15T21:23:08.389+0000] {logging_mixin.py:188} INFO - [2026-09-15T21:23:08.389+0000] {dagbag.py:545} INFO - Filling up the DagBag from /home/airflow/.local/lib/python3.12/site-packages/airflow/example_dags/example_setup_teardown_taskflow.py
[2026-09-15T21:23:08.397+0000] {processor.py:840} INFO - DAG(s) 'example_setup_teardown_taskflow' retrieved from /home/airflow/.local/lib/python3.12/site-packages/airflow/example_dags/example_setup_teardown_taskflow.py
[2026-09-15T21:23:08.416+0000] {logging_mixin.py:188} INFO - [2026-09-15T21:23:08.416+0000] {dag.py:3089} INFO - Sync 1 DAGs
[2026-09-15T21:23:08.434+0000] {logging_mixin.py:188} INFO - [2026-09-15T21:23:08.434+0000] {dag.py:3947} INFO - Setting next_dagrun for example_setup_teardown_taskflow to 2026-09-14 00:00:00+00:00, run_after=2026-09-15 00:00:00+00:00
[2026-09-15T21:23:08.452+0000] {processor.py:183} INFO - Processing /home/airflow/.local/lib/python3.12/site-packages/airflow/example_dags/example_setup_teardown_taskflow.py took 0.073 seconds
[2026-09-15T21:23:38.529+0000] {processor.py:161} INFO - Started process (PID=1019) to work on /home/airflow/.local/lib/python3.12/site-packages/airflow/example_dags/example_setup_teardown_taskflow.py
[2026-09-15T21:23:38.530+0000] {processor.py:830} INFO - Processing file /home/airflow/.local/lib/python3.12/site-packages/airflow/example_dags/example_setup_teardown_taskflow.py for tasks to queue
[2026-09-15T21:23:38.531+0000] {logging_mixin.py:188} INFO - [2026-09-15T21:23:38.531+0000] {dagbag.py:545} INFO - Filling up the DagBag from /home/airflow/.local/lib/python3.12/site-packages/airflow/example_dags/example_setup_teardown_taskflow.py
[2026-09-15T21:23:38.538+0000] {processor.py:840} INFO - DAG(s) 'example_setup_teardown_taskflow' retrieved from /home/airflow/.local/lib/python3.12/site-packages/airflow/example_dags/example_setup_teardown_taskflow.py
[2026-09-15T21:23:38.557+0000] {logging_mixin.py:188} INFO - [2026-09-15T21:23:38.557+0000] {dag.py:3089} INFO - Sync 1 DAGs
[2026-09-15T21:23:38.575+0000] {logging_mixin.py:188} INFO - [2026-09-15T21:23:38.574+0000] {dag.py:3947} INFO - Setting next_dagrun for example_setup_teardown_taskflow to 2026-09-14 00:00:00+00:00, run_after=2026-09-15 00:00:00+00:00
[2026-09-15T21:23:38.593+0000] {processor.py:183} INFO - Processing /home/airflow/.local/lib/python3.12/site-packages/airflow/example_dags/example_setup_teardown_taskflow.py took 0.069 seconds
[2026-09-15T21:24:08.634+0000] {processor.py:161} INFO - Started process (PID=1278) to work on /home/airflow/.local/lib/python3.12/site-packages/airflow/example_dags/example_setup_teardown_taskflow.py
[2026-09-15T21:24:08.635+0000] {processor.py:830} INFO - Processing file /home/airflow/.local/lib/python3.12/site-packages/airflow/example_dags/example_setup_teardown_taskflow.py for tasks to queue
[2026-09-15T21:24:08.637+0000] {logging_mixin.py:188} INFO - [2026-09-15T21:24:08.636+0000] {dagbag.py:545} INFO - Filling up the DagBag from /home/airflow/.local/lib/python3.12/site-packages/airflow/example_dags/example_setup_teardown_taskflow.py
[2026-09-15T21:24:08.643+0000] {processor.py:840} INFO - DAG(s) 'example_setup_teardown_taskflow' retrieved from /home/airflow/.local/lib/python3.12/site-packages/airflow/example_dags/example_setup_teardown_taskflow.py
[2026-09-15T21:24:08.660+0000] {logging_mixin.py:188} INFO - [2026-09-15T21:24:08.660+0000] {dag.py:3089} INFO - Sync 1 DAGs
[2026-09-15T21:24:08.675+0000] {logging_mixin.py:188} INFO - [2026-09-15T21:24:08.675+0000] {dag.py:3947} INFO - Setting next_dagrun for example_setup_teardown_taskflow to 2026-09-14 00:00:00+00:00, run_after=2026-09-15 00:00:00+00:00
[2026-09-15T21:24:08.689+0000] {processor.py:183} INFO - Processing /home/airflow/.local/lib/python3.12/site-packages/airflow/example_dags/example_setup_teardown_taskflow.py took 0.060 seconds
[2026-09-15T21:24:38.741+0000] {processor.py:161} INFO - Started process (PID=1540) to work on /home/airflow/.local/lib/python3.12/site-packages/airflow/example_dags/example_setup_teardown_taskflow.py
[2026-09-15T21:24:38.742+0000] {processor.py:830} INFO - Processing file /home/airflow/.local/lib/python3.12/site-packages/airflow/example_dags/example_setup_teardown_taskflow.py for tasks to queue
[2026-09-15T21:24:38.745+0000] {logging_mixin.py:188} INFO - [2026-09-15T21:24:38.744+0000] {dagbag.py:545} INFO - Filling up the DagBag from /home/airflow/.local/lib/python3.12/site-packages/airflow/example_dags/example_setup_teardown_taskflow.py
[2026-09-15T21:24:38.752+0000] {processor.py:840} INFO - DAG(s) 'example_setup_teardown_taskflow' retrieved from /home/airflow/.local/lib/python3.12/site-packages/airflow/example_dags/example_setup_teardown_taskflow.py
[2026-09-15T21:24:38.771+0000] {logging_mixin.py:188} INFO - [2026-09-15T21:24:38.771+0000] {dag.py:3089} INFO - Sync 1 DAGs
[2026-09-15T21:24:38.787+0000] {logging_mixin.py:188} INFO - [2026-09-15T21:24:38.787+0000] {dag.py:3947} INFO - Setting next_dagrun for example_setup_teardown_taskflow to 2026-09-14 00:00:00+00:00, run_after=2026-09-15 00:00:00+00:00
[2026-09-15T21:24:38.802+0000] {processor.py:183} INFO - Processing /home/airflow/.local/lib/python3.12/site-packages/airflow/example_dags/example_setup_teardown_taskflow.py took 0.067 seconds
[2026-09-15T21:25:08.915+0000] {processor.py:161} INFO - Started process (PID=1800) to work on /home/airflow/.local/lib/python3.12/site-packages/airflow/example_dags/example_setup_teardown_taskflow.py
[2026-09-15T21:25:08.917+0000] {processor.py:830} INFO - Processing file /home/airflow/.local/lib/python3.12/site-packages/airflow/example_dags/example_setup_teardown_taskflow.py for tasks to queue
[2026-09-15T21:25:08.919+0000] {logging_mixin.py:188} INFO - [2026-09-15T21:25:08.919+0000] {dagbag.py:545} INFO - Filling up the DagBag from /home/airflow/.local/lib/python3.12/site-packages/airflow/example_dags/example_setup_teardown_taskflow.py
[2026-09-15T21:25:08.927+0000] {processor.py:840} INFO - DAG(s) 'example_setup_teardown_taskflow' retrieved from /home/airflow/.local/lib/python3.12/site-packages/airflow/example_dags/example_setup_teardown_taskflow.py
[2026-09-15T21:25:08.945+0000] {logging_mixin.py:188} INFO - [2026-09-15T21:25:08.944+0000] {dag.py:3089} INFO - Sync 1 DAGs
[2026-09-15T21:25:08.964+0000] {logging_mixin.py:188} INFO - [2026-09-15T21:25:08.964+0000] {dag.py:3947} INFO - Setting next_dagrun for example_setup_teardown_taskflow to 2026-09-14 00:00:00+00:00, run_after=2026-09-15 00:00:00+00:00
[2026-09-15T21:25:08.980+0000] {processor.py:183} INFO - Processing /home/airflow/.local/lib/python3.12/site-packages/airflow/example_dags/example_setup_teardown_taskflow.py took 0.071 seconds
[2026-09-15T21:25:39.132+0000] {processor.py:161} INFO - Started process (PID=2062) to work on /home/airflow/.local/lib/python3.12/site-packages/airflow/example_dags/example_setup_teardown_taskflow.py
[2026-09-15T21:25:39.133+0000] {processor.py:830} INFO - Processing file /home/airflow/.local/lib/python3.12/site-packages/airflow/example_dags/example_setup_teardown_taskflow.py for tasks to queue
[2026-09-15T21:25:39.135+0000] {logging_mixin.py:188} INFO - [2026-09-15T21:25:39.135+0000] {dagbag.py:545} INFO - Filling up the DagBag from /home/airflow/.local/lib/python3.12/site-packages/airflow/example_dags/example_setup_teardown_taskflow.py
[2026-09-15T21:25:39.142+0000] {processor.py:840} INFO - DAG(s) 'example_setup_teardown_taskflow' retrieved from /home/airflow/.local/lib/python3.12/site-packages/airflow/example_dags/example_setup_teardown_taskflow.py
[2026-09-15T21:25:39.159+0000] {logging_mixin.py:188} INFO - [2026-09-15T21:25:39.158+0000] {dag.py:3089} INFO - Sync 1 DAGs
[2026-09-15T21:25:39.175+0000] {logging_mixin.py:188} INFO - [2026-09-15T21:25:39.175+0000] {dag.py:3947} INFO - Setting next_dagrun for example_setup_teardown_taskflow to 2026-09-14 00:00:00+00:00, run_after=2026-09-15 00:00:00+00:00
[2026-09-15T21:25:39.190+0000] {processor.py:183} INFO - Processing /home/airflow/.local/lib/python3.12/site-packages/airflow/example_dags/example_setup_teardown_taskflow.py took 0.063 seconds
[2026-09-15T21:26:09.400+0000] {processor.py:161} INFO - Started process (PID=2326) to work on /home/airflow/.local/lib/python3.12/site-packages/airflow/example_dags/example_setup_teardown_taskflow.py
[2026-09-15T21:26:09.401+0000] {processor.py:830} INFO - Processing file /home/airflow/.local/lib/python3.12/site-packages/airflow/example_dags/example_setup_teardown_taskflow.py for tasks to queue
[2026-09-15T21:26:09.403+0000] {logging_mixin.py:188} INFO - [2026-09-15T21:26:09.402+0000] {dagbag.py:545} INFO - Filling up the DagBag from /home/airflow/.local/lib/python3.12/site-packages/airflow/example_dags/example_setup_teardown_taskflow.py
[2026-09-15T21:26:09.409+0000] {processor.py:840} INFO - DAG(s) 'example_setup_teardown_taskflow' retrieved from /home/airflow/.local/lib/python3.12/site-packages/airflow/example_dags/example_setup_teardown_taskflow.py
[2026-09-15T21:26:09.426+0000] {logging_mixin.py:188} INFO - [2026-09-15T21:26:09.426+0000] {dag.py:3089} INFO - Sync 1 DAGs
[2026-09-15T21:26:09.442+0000] {logging_mixin.py:188} INFO - [2026-09-15T21:26:09.442+0000] {dag.py:3947} INFO - Setting next_dagrun for example_setup_teardown_taskflow to 2026-09-14 00:00:00+00:00, run_after=2026-09-15 00:00:00+00:00
[2026-09-15T21:26:09.457+0000] {processor.py:183} INFO - Processing /home/airflow/.local/lib/python3.12/site-packages/airflow/example_dags/example_setup_teardown_taskflow.py took 0.061 seconds
[2026-09-15T21:26:39.558+0000] {processor.py:161} INFO - Started process (PID=2588) to work on /home/airflow/.local/lib/python3.12/site-packages/airflow/example_dags/example_setup_teardown_taskflow.py
[2026-09-15T21:26:39.559+0000] {processor.py:830} INFO - Processing file /home/airflow/.local/lib/python3.12/site-packages/airflow/example_dags/example_setup_teardown_taskflow.py for tasks to queue
[2026-09-15T21:26:39.561+0000] {logging_mixin.py:188} INFO - [2026-09-15T21:26:39.561+0000] {dagbag.py:545} INFO - Filling up the DagBag from /home/airflow/.local/lib/python3.12/site-packages/airflow/example_dags/example_setup_teardown_taskflow.py
[2026-09-15T21:26:39.567+0000] {processor.py:840} INFO - DAG(s) 'example_setup_teardown_taskflow' retrieved from /home/airflow/.local/lib/python3.12/site-packages/airflow/example_dags/example_setup_teardown_taskflow.py
[2026-09-15T21:26:39.587+0000] {logging_mixin.py:188} INFO - [2026-09-15T21:26:39.586+0000] {dag.py:3089} INFO - Sync 1 DAGs
[2026-09-15T21:26:39.603+0000] {logging_mixin.py:188} INFO - [2026-09-15T21:26:39.602+0000] {dag.py:3947} INFO - Setting next_dagrun for example_setup_teardown_taskflow to 2026-09-14 00:00:00+00:00, run_after=2026-09-15 00:00:00+00:00
[2026-09-15T21:26:39.618+0000] {processor.py:183} INFO - Processing /home/airflow/.local/lib/python3.12/site-packages/airflow/example_dags/example_setup_teardown_taskflow.py took 0.064 seconds
[2026-09-15T21:27:09.901+0000] {processor.py:161} INFO - Started process (PID=2854) to work on /home/airflow/.local/lib/python3.12/site-packages/airflow/example_dags/example_setup_teardown_taskflow.py
[2026-09-15T21:27:09.902+0000] {processor.py:830} INFO - Processing file /home/airflow/.local/lib/python3.12/site-packages/airflow/example_dags/example_setup_teardown_taskflow.py for tasks to queue
[2026-09-15T21:27:09.905+0000] {logging_mixin.py:188} INFO - [2026-09-15T21:27:09.904+0000] {dagbag.py:545} INFO - Filling up the DagBag from /home/airflow/.local/lib/python3.12/site-packages/airflow/example_dags/example_setup_teardown_taskflow.py
[2026-09-15T21:27:09.913+0000] {processor.py:840} INFO - DAG(s) 'example_setup_teardown_taskflow' retrieved from /home/airflow/.local/lib/python3.12/site-packages/airflow/example_dags/example_setup_teardown_taskflow.py
[2026-09-15T21:27:09.932+0000] {logging_mixin.py:188} INFO - [2026-09-15T21:27:09.931+0000] {dag.py:3089} INFO - Sync 1 DAGs
[2026-09-15T21:27:09.949+0000] {logging_mixin.py:188} INFO - [2026-09-15T21:27:09.949+0000] {dag.py:3947} INFO - Setting next_dagrun for example_setup_teardown_taskflow to 2026-09-14 00:00:00+00:00, run_after=2026-09-15 00:00:00+00:00
[2026-09-15T21:27:09.965+0000] {processor.py:183} INFO - Processing /home/airflow/.local/lib/python3.12/site-packages/airflow/example_dags/example_setup_teardown_taskflow.py took 0.070 seconds
[2026-09-15T21:27:40.139+0000] {processor.py:161} INFO - Started process (PID=3116) to work on /home/airflow/.local/lib/python3.12/site-packages/airflow/example_dags/example_setup_teardown_taskflow.py
[2026-09-15T21:27:40.140+0000] {processor.py:830} INFO - Processing file /home/airflow/.local/lib/python3.12/site-packages/airflow/example_dags/example_setup_teardown_taskflow.py for tasks to queue
[2026-09-15T21:27:40.141+0000] {logging_mixin.py:188} INFO - [2026-09-15T21:27:40.141+0000] {dagbag.py:545} INFO - Filling up the DagBag from /home/airflow/.local/lib/python3.12/site-packages/airflow/example_dags/example_setup_teardown_taskflow.py
[2026-09-15T21:27:40.149+0000] {processor.py:840} INFO - DAG(s) 'example_setup_teardown_taskflow' retrieved from /home/airflow/.local/lib/python3.12/site-packages/airflow/example_dags/example_setup_teardown_taskflow.py
[2026-09-15T21:27:40.165+0000] {logging_mixin.py:188} INFO - [2026-09-15T21:27:40.165+0000] {dag.py:3089} INFO - Sync 1 DAGs
[2026-09-15T21:27:40.180+0000] {logging_mixin.py:188} INFO - [2026-09-15T21:27:40.180+0000] {dag.py:3947} INFO - Setting next_dagrun for example_setup_teardown_taskflow to 2026-09-14 00:00:00+00:00, run_after=2026-09-15 00:00:00+00:00
[2026-09-15T21:27:40.195+0000] {processor.py:183} INFO - Processing /home/airflow/.local/lib/python3.12/site-packages/airflow/example_dags/example_setup_teardown_taskflow.py took 0.060 seconds
[2026-09-15T21:28:10.854+0000] {processor.py:161} INFO - Started process (PID=3378) to work on /home/airflow/.local/lib/python3.12/site-packages/airflow/example_dags/example_setup_teardown_taskflow.py
[2026-09-15T21:28:10.855+0000] {processor.py:830} INFO - Processing file /home/airflow/.local/lib/python3.12/site-packages/airflow/example_dags/example_setup_teardown_taskflow.py for tasks to queue
[2026-09-15T21:28:10.857+0000] {logging_mixin.py:188} INFO - [2026-09-15T21:28:10.856+0000] {dagbag.py:545} INFO - Filling up the DagBag from /home/airflow/.local/lib/python3.12/site-packages/airflow/example_dags/example_setup_teardown_taskflow.py
[2026-09-15T21:28:10.864+0000] {processor.py:840} INFO - DAG(s) 'example_setup_teardown_taskflow' retrieved from /home/airflow/.local/lib/python3.12/site-packages/airflow/example_dags/example_setup_teardown_taskflow.py
[2026-09-15T21:28:10.881+0000] {logging_mixin.py:188} INFO - [2026-09-15T21:28:10.881+0000] {dag.py:3089} INFO - Sync 1 DAGs
[2026-09-15T21:28:10.896+0000] {logging_mixin.py:188} INFO - [2026-09-15T21:28:10.896+0000] {dag.py:3947} INFO - Setting next_dagrun for example_setup_teardown_taskflow to 2026-09-14 00:00:00+00:00, run_after=2026-09-15 00:00:00+00:00
[2026-09-15T21:28:10.910+0000] {processor.py:183} INFO - Processing /home/airflow/.local/lib/python3.12/site-packages/airflow/example_dags/example_setup_teardown_taskflow.py took 0.061 seconds
[2026-09-15T21:28:41.540+0000] {processor.py:161} INFO - Started process (PID=3642) to work on /home/airflow/.local/lib/python3.12/site-packages/airflow/example_dags/example_setup_teardown_taskflow.py
[2026-09-15T21:28:41.542+0000] {processor.py:830} INFO - Processing file /home/airflow/.local/lib/python3.12/site-packages/airflow/example_dags/example_setup_teardown_taskflow.py for tasks to queue
[2026-09-15T21:28:41.543+0000] {logging_mixin.py:188} INFO - [2026-09-15T21:28:41.543+0000] {dagbag.py:545} INFO - Filling up the DagBag from /home/airflow/.local/lib/python3.12/site-packages/airflow/example_dags/example_setup_teardown_taskflow.py
[2026-09-15T21:28:41.549+0000] {processor.py:840} INFO - DAG(s) 'example_setup_teardown_taskflow' retrieved from /home/airflow/.local/lib/python3.12/site-packages/airflow/example_dags/example_setup_teardown_taskflow.py
[2026-09-15T21:28:41.566+0000] {logging_mixin.py:188} INFO - [2026-09-15T21:28:41.565+0000] {dag.py:3089} INFO - Sync 1 DAGs
[2026-09-15T21:28:41.580+0000] {logging_mixin.py:188} INFO - [2026-09-15T21:28:41.580+0000] {dag.py:3947} INFO - Setting next_dagrun for example_setup_teardown_taskflow to 2026-09-14 00:00:00+00:00, run_after=2026-09-15 00:00:00+00:00
[2026-09-15T21:28:41.593+0000] {processor.py:183} INFO - Processing /home/airflow/.local/lib/python3.12/site-packages/airflow/example_dags/example_setup_teardown_taskflow.py took 0.057 seconds
[2026-09-15T21:29:11.721+0000] {processor.py:161} INFO - Started process (PID=3902) to work on /home/airflow/.local/lib/python3.12/site-packages/airflow/example_dags/example_setup_teardown_taskflow.py
[2026-09-15T21:29:11.722+0000] {processor.py:830} INFO - Processing file /home/airflow/.local/lib/python3.12/site-packages/airflow/example_dags/example_setup_teardown_taskflow.py for tasks to queue
[2026-09-15T21:29:11.723+0000] {logging_mixin.py:188} INFO - [2026-09-15T21:29:11.723+0000] {dagbag.py:545} INFO - Filling up the DagBag from /home/airflow/.local/lib/python3.12/site-packages/airflow/example_dags/example_setup_teardown_taskflow.py
[2026-09-15T21:29:11.730+0000] {processor.py:840} INFO - DAG(s) 'example_setup_teardown_taskflow' retrieved from /home/airflow/.local/lib/python3.12/site-packages/airflow/example_dags/example_setup_teardown_taskflow.py
[2026-09-15T21:29:11.748+0000] {logging_mixin.py:188} INFO - [2026-09-15T21:29:11.747+0000] {dag.py:3089} INFO - Sync 1 DAGs
[2026-09-15T21:29:11.763+0000] {logging_mixin.py:188} INFO - [2026-09-15T21:29:11.763+0000] {dag.py:3947} INFO - Setting next_dagrun for example_setup_teardown_taskflow to 2026-09-14 00:00:00+00:00, run_after=2026-09-15 00:00:00+00:00
[2026-09-15T21:29:11.777+0000] {processor.py:183} INFO - Processing /home/airflow/.local/lib/python3.12/site-packages/airflow/example_dags/example_setup_teardown_taskflow.py took 0.060 seconds
[2026-09-15T21:29:42.028+0000] {processor.py:161} INFO - Started process (PID=4171) to work on /home/airflow/.local/lib/python3.12/site-packages/airflow/example_dags/example_setup_teardown_taskflow.py
[2026-09-15T21:29:42.029+0000] {processor.py:830} INFO - Processing file /home/airflow/.local/lib/python3.12/site-packages/airflow/example_dags/example_setup_teardown_taskflow.py for tasks to queue
[2026-09-15T21:29:42.031+0000] {logging_mixin.py:188} INFO - [2026-09-15T21:29:42.031+0000] {dagbag.py:545} INFO - Filling up the DagBag from /home/airflow/.local/lib/python3.12/site-packages/airflow/example_dags/example_setup_teardown_taskflow.py
[2026-09-15T21:29:42.039+0000] {processor.py:840} INFO - DAG(s) 'example_setup_teardown_taskflow' retrieved from /home/airflow/.local/lib/python3.12/site-packages/airflow/example_dags/example_setup_teardown_taskflow.py
[2026-09-15T21:29:42.062+0000] {logging_mixin.py:188} INFO - [2026-09-15T21:29:42.062+0000] {dag.py:3089} INFO - Sync 1 DAGs
[2026-09-15T21:29:42.090+0000] {logging_mixin.py:188} INFO - [2026-09-15T21:29:42.089+0000] {dag.py:3947} INFO - Setting next_dagrun for example_setup_teardown_taskflow to 2026-09-14 00:00:00+00:00, run_after=2026-09-15 00:00:00+00:00
[2026-09-15T21:29:42.120+0000] {processor.py:183} INFO - Processing /home/airflow/.local/lib/python3.12/site-packages/airflow/example_dags/example_setup_teardown_taskflow.py took 0.097 seconds
[2026-09-15T21:30:12.192+0000] {processor.py:161} INFO - Started process (PID=4438) to work on /home/airflow/.local/lib/python3.12/site-packages/airflow/example_dags/example_setup_teardown_taskflow.py
[2026-09-15T21:30:12.193+0000] {processor.py:830} INFO - Processing file /home/airflow/.local/lib/python3.12/site-packages/airflow/example_dags/example_setup_teardown_taskflow.py for tasks to queue
[2026-09-15T21:30:12.195+0000] {logging_mixin.py:188} INFO - [2026-09-15T21:30:12.195+0000] {dagbag.py:545} INFO - Filling up the DagBag from /home/airflow/.local/lib/python3.12/site-packages/airflow/example_dags/example_setup_teardown_taskflow.py
[2026-09-15T21:30:12.201+0000] {processor.py:840} INFO - DAG(s) 'example_setup_teardown_taskflow' retrieved from /home/airflow/.local/lib/python3.12/site-packages/airflow/example_dags/example_setup_teardown_taskflow.py
[2026-09-15T21:30:12.219+0000] {logging_mixin.py:188} INFO - [2026-09-15T21:30:12.219+0000] {dag.py:3089} INFO - Sync 1 DAGs
[2026-09-15T21:30:12.235+0000] {logging_mixin.py:188} INFO - [2026-09-15T21:30:12.234+0000] {dag.py:3947} INFO - Setting next_dagrun for example_setup_teardown_taskflow to 2026-09-14 00:00:00+00:00, run_after=2026-09-15 00:00:00+00:00
[2026-09-15T21:30:12.249+0000] {processor.py:183} INFO - Processing /home/airflow/.local/lib/python3.12/site-packages/airflow/example_dags/example_setup_teardown_taskflow.py took 0.061 seconds
[2026-09-15T21:30:42.345+0000] {processor.py:161} INFO - Started process (PID=4698) to work on /home/airflow/.local/lib/python3.12/site-packages/airflow/example_dags/example_setup_teardown_taskflow.py
[2026-09-15T21:30:42.347+0000] {processor.py:830} INFO - Processing file /home/airflow/.local/lib/python3.12/site-packages/airflow/example_dags/example_setup_teardown_taskflow.py for tasks to queue
[2026-09-15T21:30:42.349+0000] {logging_mixin.py:188} INFO - [2026-09-15T21:30:42.349+0000] {dagbag.py:545} INFO - Filling up the DagBag from /home/airflow/.local/lib/python3.12/site-packages/airflow/example_dags/example_setup_teardown_taskflow.py
[2026-09-15T21:30:42.356+0000] {processor.py:840} INFO - DAG(s) 'example_setup_teardown_taskflow' retrieved from /home/airflow/.local/lib/python3.12/site-packages/airflow/example_dags/example_setup_teardown_taskflow.py
[2026-09-15T21:30:42.375+0000] {logging_mixin.py:188} INFO - [2026-09-15T21:30:42.375+0000] {dag.py:3089} INFO - Sync 1 DAGs
[2026-09-15T21:30:42.394+0000] {logging_mixin.py:188} INFO - [2026-09-15T21:30:42.394+0000] {dag.py:3947} INFO - Setting next_dagrun for example_setup_teardown_taskflow to 2026-09-14 00:00:00+00:00, run_after=2026-09-15 00:00:00+00:00
[2026-09-15T21:30:42.411+0000] {processor.py:183} INFO - Processing /home/airflow/.local/lib/python3.12/site-packages/airflow/example_dags/example_setup_teardown_taskflow.py took 0.070 seconds
[2026-09-15T21:31:12.957+0000] {processor.py:161} INFO - Started process (PID=4960) to work on /home/airflow/.local/lib/python3.12/site-packages/airflow/example_dags/example_setup_teardown_taskflow.py
[2026-09-15T21:31:12.958+0000] {processor.py:830} INFO - Processing file /home/airflow/.local/lib/python3.12/site-packages/airflow/example_dags/example_setup_teardown_taskflow.py for tasks to queue
[2026-09-15T21:31:12.959+0000] {logging_mixin.py:188} INFO - [2026-09-15T21:31:12.959+0000] {dagbag.py:545} INFO - Filling up the DagBag from /home/airflow/.local/lib/python3.12/site-packages/airflow/example_dags/example_setup_teardown_taskflow.py
[2026-09-15T21:31:12.966+0000] {processor.py:840} INFO - DAG(s) 'example_setup_teardown_taskflow' retrieved from /home/airflow/.local/lib/python3.12/site-packages/airflow/example_dags/example_setup_teardown_taskflow.py
[2026-09-15T21:31:12.986+0000] {logging_mixin.py:188} INFO - [2026-09-15T21:31:12.985+0000] {dag.py:3089} INFO - Sync 1 DAGs
[2026-09-15T21:31:13.002+0000] {logging_mixin.py:188} INFO - [2026-09-15T21:31:13.001+0000] {dag.py:3947} INFO - Setting next_dagrun for example_setup_teardown_taskflow to 2026-09-14 00:00:00+00:00, run_after=2026-09-15 00:00:00+00:00
[2026-09-15T21:31:13.016+0000] {processor.py:183} INFO - Processing /home/airflow/.local/lib/python3.12/site-packages/airflow/example_dags/example_setup_teardown_taskflow.py took 0.064 seconds
[2026-09-15T21:31:43.615+0000] {processor.py:161} INFO - Started process (PID=5224) to work on /home/airflow/.local/lib/python3.12/site-packages/airflow/example_dags/example_setup_teardown_taskflow.py
[2026-09-15T21:31:43.617+0000] {processor.py:830} INFO - Processing file /home/airflow/.local/lib/python3.12/site-packages/airflow/example_dags/example_setup_teardown_taskflow.py for tasks to queue
[2026-09-15T21:31:43.618+0000] {logging_mixin.py:188} INFO - [2026-09-15T21:31:43.618+0000] {dagbag.py:545} INFO - Filling up the DagBag from /home/airflow/.local/lib/python3.12/site-packages/airflow/example_dags/example_setup_teardown_taskflow.py
[2026-09-15T21:31:43.625+0000] {processor.py:840} INFO - DAG(s) 'example_setup_teardown_taskflow' retrieved from /home/airflow/.local/lib/python3.12/site-packages/airflow/example_dags/example_setup_teardown_taskflow.py
[2026-09-15T21:31:43.644+0000] {logging_mixin.py:188} INFO - [2026-09-15T21:31:43.644+0000] {dag.py:3089} INFO - Sync 1 DAGs
[2026-09-15T21:31:43.662+0000] {logging_mixin.py:188} INFO - [2026-09-15T21:31:43.662+0000] {dag.py:3947} INFO - Setting next_dagrun for example_setup_teardown_taskflow to 2026-09-14 00:00:00+00:00, run_after=2026-09-15 00:00:00+00:00
[2026-09-15T21:31:43.679+0000] {processor.py:183} INFO - Processing /home/airflow/.local/lib/python3.12/site-packages/airflow/example_dags/example_setup_teardown_taskflow.py took 0.068 seconds
[2026-09-15T21:32:14.277+0000] {processor.py:161} INFO - Started process (PID=5484) to work on /home/airflow/.local/lib/python3.12/site-packages/airflow/example_dags/example_setup_teardown_taskflow.py
[2026-09-15T21:32:14.278+0000] {processor.py:830} INFO - Processing file /home/airflow/.local/lib/python3.12/site-packages/airflow/example_dags/example_setup_teardown_taskflow.py for tasks to queue
[2026-09-15T21:32:14.280+0000] {logging_mixin.py:188} INFO - [2026-09-15T21:32:14.280+0000] {dagbag.py:545} INFO - Filling up the DagBag from /home/airflow/.local/lib/python3.12/site-packages/airflow/example_dags/example_setup_teardown_taskflow.py
[2026-09-15T21:32:14.287+0000] {processor.py:840} INFO - DAG(s) 'example_setup_teardown_taskflow' retrieved from /home/airflow/.local/lib/python3.12/site-packages/airflow/example_dags/example_setup_teardown_taskflow.py
[2026-09-15T21:32:14.304+0000] {logging_mixin.py:188} INFO - [2026-09-15T21:32:14.303+0000] {dag.py:3089} INFO - Sync 1 DAGs
[2026-09-15T21:32:14.319+0000] {logging_mixin.py:188} INFO - [2026-09-15T21:32:14.319+0000] {dag.py:3947} INFO - Setting next_dagrun for example_setup_teardown_taskflow to 2026-09-14 00:00:00+00:00, run_after=2026-09-15 00:00:00+00:00
[2026-09-15T21:32:14.335+0000] {processor.py:183} INFO - Processing /home/airflow/.local/lib/python3.12/site-packages/airflow/example_dags/example_setup_teardown_taskflow.py took 0.062 seconds
[2026-09-15T21:32:44.499+0000] {processor.py:161} INFO - Started process (PID=5746) to work on /home/airflow/.local/lib/python3.12/site-packages/airflow/example_dags/example_setup_teardown_taskflow.py
[2026-09-15T21:32:44.501+0000] {processor.py:830} INFO - Processing file /home/airflow/.local/lib/python3.12/site-packages/airflow/example_dags/example_setup_teardown_taskflow.py for tasks to queue
[2026-09-15T21:32:44.502+0000] {logging_mixin.py:188} INFO - [2026-09-15T21:32:44.502+0000] {dagbag.py:545} INFO - Filling up the DagBag from /home/airflow/.local/lib/python3.12/site-packages/airflow/example_dags/example_setup_teardown_taskflow.py
[2026-09-15T21:32:44.509+0000] {processor.py:840} INFO - DAG(s) 'example_setup_teardown_taskflow' retrieved from /home/airflow/.local/lib/python3.12/site-packages/airflow/example_dags/example_setup_teardown_taskflow.py
[2026-09-15T21:32:44.527+0000] {logging_mixin.py:188} INFO - [2026-09-15T21:32:44.527+0000] {dag.py:3089} INFO - Sync 1 DAGs
[2026-09-15T21:32:44.542+0000] {logging_mixin.py:188} INFO - [2026-09-15T21:32:44.542+0000] {dag.py:3947} INFO - Setting next_dagrun for example_setup_teardown_taskflow to 2026-09-14 00:00:00+00:00, run_after=2026-09-15 00:00:00+00:00
[2026-09-15T21:32:44.558+0000] {processor.py:183} INFO - Processing /home/airflow/.local/lib/python3.12/site-packages/airflow/example_dags/example_setup_teardown_taskflow.py took 0.062 seconds
[2026-09-15T21:33:14.864+0000] {processor.py:161} INFO - Started process (PID=6010) to work on /home/airflow/.local/lib/python3.12/site-packages/airflow/example_dags/example_setup_teardown_taskflow.py
[2026-09-15T21:33:14.865+0000] {processor.py:830} INFO - Processing file /home/airflow/.local/lib/python3.12/site-packages/airflow/example_dags/example_setup_teardown_taskflow.py for tasks to queue
[2026-09-15T21:33:14.867+0000] {logging_mixin.py:188} INFO - [2026-09-15T21:33:14.867+0000] {dagbag.py:545} INFO - Filling up the DagBag from /home/airflow/.local/lib/python3.12/site-packages/airflow/example_dags/example_setup_teardown_taskflow.py
[2026-09-15T21:33:14.875+0000] {processor.py:840} INFO - DAG(s) 'example_setup_teardown_taskflow' retrieved from /home/airflow/.local/lib/python3.12/site-packages/airflow/example_dags/example_setup_teardown_taskflow.py
[2026-09-15T21:33:14.894+0000] {logging_mixin.py:188} INFO - [2026-09-15T21:33:14.893+0000] {dag.py:3089} INFO - Sync 1 DAGs
[2026-09-15T21:33:14.911+0000] {logging_mixin.py:188} INFO - [2026-09-15T21:33:14.910+0000] {dag.py:3947} INFO - Setting next_dagrun for example_setup_teardown_taskflow to 2026-09-14 00:00:00+00:00, run_after=2026-09-15 00:00:00+00:00
[2026-09-15T21:33:14.926+0000] {processor.py:183} INFO - Processing /home/airflow/.local/lib/python3.12/site-packages/airflow/example_dags/example_setup_teardown_taskflow.py took 0.068 seconds
[2026-09-15T21:33:45.009+0000] {processor.py:161} INFO - Started process (PID=6276) to work on /home/airflow/.local/lib/python3.12/site-packages/airflow/example_dags/example_setup_teardown_taskflow.py
[2026-09-15T21:33:45.010+0000] {processor.py:830} INFO - Processing file /home/airflow/.local/lib/python3.12/site-packages/airflow/example_dags/example_setup_teardown_taskflow.py for tasks to queue
[2026-09-15T21:33:45.012+0000] {logging_mixin.py:188} INFO - [2026-09-15T21:33:45.012+0000] {dagbag.py:545} INFO - Filling up the DagBag from /home/airflow/.local/lib/python3.12/site-packages/airflow/example_dags/example_setup_teardown_taskflow.py
[2026-09-15T21:33:45.020+0000] {processor.py:840} INFO - DAG(s) 'example_setup_teardown_taskflow' retrieved from /home/airflow/.local/lib/python3.12/site-packages/airflow/example_dags/example_setup_teardown_taskflow.py
[2026-09-15T21:33:45.038+0000] {logging_mixin.py:188} INFO - [2026-09-15T21:33:45.037+0000] {dag.py:3089} INFO - Sync 1 DAGs
[2026-09-15T21:33:45.053+0000] {logging_mixin.py:188} INFO - [2026-09-15T21:33:45.053+0000] {dag.py:3947} INFO - Setting next_dagrun for example_setup_teardown_taskflow to 2026-09-14 00:00:00+00:00, run_after=2026-09-15 00:00:00+00:00
[2026-09-15T21:33:45.069+0000] {processor.py:183} INFO - Processing /home/airflow/.local/lib/python3.12/site-packages/airflow/example_dags/example_setup_teardown_taskflow.py took 0.065 seconds
[2026-09-15T21:34:15.306+0000] {processor.py:161} INFO - Started process (PID=6536) to work on /home/airflow/.local/lib/python3.12/site-packages/airflow/example_dags/example_setup_teardown_taskflow.py
[2026-09-15T21:34:15.307+0000] {processor.py:830} INFO - Processing file /home/airflow/.local/lib/python3.12/site-packages/airflow/example_dags/example_setup_teardown_taskflow.py for tasks to queue
[2026-09-15T21:34:15.309+0000] {logging_mixin.py:188} INFO - [2026-09-15T21:34:15.309+0000] {dagbag.py:545} INFO - Filling up the DagBag from /home/airflow/.local/lib/python3.12/site-packages/airflow/example_dags/example_setup_teardown_taskflow.py
[2026-09-15T21:34:15.316+0000] {processor.py:840} INFO - DAG(s) 'example_setup_teardown_taskflow' retrieved from /home/airflow/.local/lib/python3.12/site-packages/airflow/example_dags/example_setup_teardown_taskflow.py
[2026-09-15T21:34:15.334+0000] {logging_mixin.py:188} INFO - [2026-09-15T21:34:15.334+0000] {dag.py:3089} INFO - Sync 1 DAGs
[2026-09-15T21:34:15.350+0000] {logging_mixin.py:188} INFO - [2026-09-15T21:34:15.350+0000] {dag.py:3947} INFO - Setting next_dagrun for example_setup_teardown_taskflow to 2026-09-14 00:00:00+00:00, run_after=2026-09-15 00:00:00+00:00
[2026-09-15T21:34:15.366+0000] {processor.py:183} INFO - Processing /home/airflow/.local/lib/python3.12/site-packages/airflow/example_dags/example_setup_teardown_taskflow.py took 0.064 seconds
[2026-09-15T21:34:45.848+0000] {processor.py:161} INFO - Started process (PID=6798) to work on /home/airflow/.local/lib/python3.12/site-packages/airflow/example_dags/example_setup_teardown_taskflow.py
[2026-09-15T21:34:45.849+0000] {processor.py:830} INFO - Processing file /home/airflow/.local/lib/python3.12/site-packages/airflow/example_dags/example_setup_teardown_taskflow.py for tasks to queue
[2026-09-15T21:34:45.852+0000] {logging_mixin.py:188} INFO - [2026-09-15T21:34:45.851+0000] {dagbag.py:545} INFO - Filling up the DagBag from /home/airflow/.local/lib/python3.12/site-packages/airflow/example_dags/example_setup_teardown_taskflow.py
[2026-09-15T21:34:45.861+0000] {processor.py:840} INFO - DAG(s) 'example_setup_teardown_taskflow' retrieved from /home/airflow/.local/lib/python3.12/site-packages/airflow/example_dags/example_setup_teardown_taskflow.py
[2026-09-15T21:34:45.881+0000] {logging_mixin.py:188} INFO - [2026-09-15T21:34:45.880+0000] {dag.py:3089} INFO - Sync 1 DAGs
[2026-09-15T21:34:45.900+0000] {logging_mixin.py:188} INFO - [2026-09-15T21:34:45.900+0000] {dag.py:3947} INFO - Setting next_dagrun for example_setup_teardown_taskflow to 2026-09-14 00:00:00+00:00, run_after=2026-09-15 00:00:00+00:00
[2026-09-15T21:34:45.916+0000] {processor.py:183} INFO - Processing /home/airflow/.local/lib/python3.12/site-packages/airflow/example_dags/example_setup_teardown_taskflow.py took 0.074 seconds
[2026-09-15T21:35:16.148+0000] {processor.py:161} INFO - Started process (PID=7064) to work on /home/airflow/.local/lib/python3.12/site-packages/airflow/example_dags/example_setup_teardown_taskflow.py
[2026-09-15T21:35:16.150+0000] {processor.py:830} INFO - Processing file /home/airflow/.local/lib/python3.12/site-packages/airflow/example_dags/example_setup_teardown_taskflow.py for tasks to queue
[2026-09-15T21:35:16.152+0000] {logging_mixin.py:188} INFO - [2026-09-15T21:35:16.152+0000] {dagbag.py:545} INFO - Filling up the DagBag from /home/airflow/.local/lib/python3.12/site-packages/airflow/example_dags/example_setup_teardown_taskflow.py
[2026-09-15T21:35:16.159+0000] {processor.py:840} INFO - DAG(s) 'example_setup_teardown_taskflow' retrieved from /home/airflow/.local/lib/python3.12/site-packages/airflow/example_dags/example_setup_teardown_taskflow.py
[2026-09-15T21:35:16.178+0000] {logging_mixin.py:188} INFO - [2026-09-15T21:35:16.177+0000] {dag.py:3089} INFO - Sync 1 DAGs
[2026-09-15T21:35:16.196+0000] {logging_mixin.py:188} INFO - [2026-09-15T21:35:16.196+0000] {dag.py:3947} INFO - Setting next_dagrun for example_setup_teardown_taskflow to 2026-09-14 00:00:00+00:00, run_after=2026-09-15 00:00:00+00:00
[2026-09-15T21:35:16.214+0000] {processor.py:183} INFO - Processing /home/airflow/.local/lib/python3.12/site-packages/airflow/example_dags/example_setup_teardown_taskflow.py took 0.070 seconds
[2026-09-15T21:35:46.568+0000] {processor.py:161} INFO - Started process (PID=7326) to work on /home/airflow/.local/lib/python3.12/site-packages/airflow/example_dags/example_setup_teardown_taskflow.py
[2026-09-15T21:35:46.570+0000] {processor.py:830} INFO - Processing file /home/airflow/.local/lib/python3.12/site-packages/airflow/example_dags/example_setup_teardown_taskflow.py for tasks to queue
[2026-09-15T21:35:46.571+0000] {logging_mixin.py:188} INFO - [2026-09-15T21:35:46.571+0000] {dagbag.py:545} INFO - Filling up the DagBag from /home/airflow/.local/lib/python3.12/site-packages/airflow/example_dags/example_setup_teardown_taskflow.py
[2026-09-15T21:35:46.577+0000] {processor.py:840} INFO - DAG(s) 'example_setup_teardown_taskflow' retrieved from /home/airflow/.local/lib/python3.12/site-packages/airflow/example_dags/example_setup_teardown_taskflow.py
[2026-09-15T21:35:46.594+0000] {logging_mixin.py:188} INFO - [2026-09-15T21:35:46.593+0000] {dag.py:3089} INFO - Sync 1 DAGs
[2026-09-15T21:35:46.609+0000] {logging_mixin.py:188} INFO - [2026-09-15T21:35:46.608+0000] {dag.py:3947} INFO - Setting next_dagrun for example_setup_teardown_taskflow to 2026-09-14 00:00:00+00:00, run_after=2026-09-15 00:00:00+00:00
[2026-09-15T21:35:46.622+0000] {processor.py:183} INFO - Processing /home/airflow/.local/lib/python3.12/site-packages/airflow/example_dags/example_setup_teardown_taskflow.py took 0.058 seconds
[2026-09-15T21:36:16.743+0000] {processor.py:161} INFO - Started process (PID=7588) to work on /home/airflow/.local/lib/python3.12/site-packages/airflow/example_dags/example_setup_teardown_taskflow.py
[2026-09-15T21:36:16.744+0000] {processor.py:830} INFO - Processing file /home/airflow/.local/lib/python3.12/site-packages/airflow/example_dags/example_setup_teardown_taskflow.py for tasks to queue
[2026-09-15T21:36:16.746+0000] {logging_mixin.py:188} INFO - [2026-09-15T21:36:16.746+0000] {dagbag.py:545} INFO - Filling up the DagBag from /home/airflow/.local/lib/python3.12/site-packages/airflow/example_dags/example_setup_teardown_taskflow.py
[2026-09-15T21:36:16.753+0000] {processor.py:840} INFO - DAG(s) 'example_setup_teardown_taskflow' retrieved from /home/airflow/.local/lib/python3.12/site-packages/airflow/example_dags/example_setup_teardown_taskflow.py
[2026-09-15T21:36:16.773+0000] {logging_mixin.py:188} INFO - [2026-09-15T21:36:16.773+0000] {dag.py:3089} INFO - Sync 1 DAGs
[2026-09-15T21:36:16.788+0000] {logging_mixin.py:188} INFO - [2026-09-15T21:36:16.788+0000] {dag.py:3947} INFO - Setting next_dagrun for example_setup_teardown_taskflow to 2026-09-14 00:00:00+00:00, run_after=2026-09-15 00:00:00+00:00
[2026-09-15T21:36:16.802+0000] {processor.py:183} INFO - Processing /home/airflow/.local/lib/python3.12/site-packages/airflow/example_dags/example_setup_teardown_taskflow.py took 0.064 seconds
[2026-09-15T21:36:46.867+0000] {processor.py:161} INFO - Started process (PID=7850) to work on /home/airflow/.local/lib/python3.12/site-packages/airflow/example_dags/example_setup_teardown_taskflow.py
[2026-09-15T21:36:46.868+0000] {processor.py:830} INFO - Processing file /home/airflow/.local/lib/python3.12/site-packages/airflow/example_dags/example_setup_teardown_taskflow.py for tasks to queue
[2026-09-15T21:36:46.870+0000] {logging_mixin.py:188} INFO - [2026-09-15T21:36:46.870+0000] {dagbag.py:545} INFO - Filling up the DagBag from /home/airflow/.local/lib/python3.12/site-packages/airflow/example_dags/example_setup_teardown_taskflow.py
[2026-09-15T21:36:46.876+0000] {processor.py:840} INFO - DAG(s) 'example_setup_teardown_taskflow' retrieved from /home/airflow/.local/lib/python3.12/site-packages/airflow/example_dags/example_setup_teardown_taskflow.py
[2026-09-15T21:36:46.893+0000] {logging_mixin.py:188} INFO - [2026-09-15T21:36:46.893+0000] {dag.py:3089} INFO - Sync 1 DAGs
[2026-09-15T21:36:46.909+0000] {logging_mixin.py:188} INFO - [2026-09-15T21:36:46.909+0000] {dag.py:3947} INFO - Setting next_dagrun for example_setup_teardown_taskflow to 2026-09-14 00:00:00+00:00, run_after=2026-09-15 00:00:00+00:00
[2026-09-15T21:36:46.923+0000] {processor.py:183} INFO - Processing /home/airflow/.local/lib/python3.12/site-packages/airflow/example_dags/example_setup_teardown_taskflow.py took 0.060 seconds
[2026-09-15T21:37:17.293+0000] {processor.py:161} INFO - Started process (PID=8112) to work on /home/airflow/.local/lib/python3.12/site-packages/airflow/example_dags/example_setup_teardown_taskflow.py
[2026-09-15T21:37:17.294+0000] {processor.py:830} INFO - Processing file /home/airflow/.local/lib/python3.12/site-packages/airflow/example_dags/example_setup_teardown_taskflow.py for tasks to queue
[2026-09-15T21:37:17.297+0000] {logging_mixin.py:188} INFO - [2026-09-15T21:37:17.296+0000] {dagbag.py:545} INFO - Filling up the DagBag from /home/airflow/.local/lib/python3.12/site-packages/airflow/example_dags/example_setup_teardown_taskflow.py
[2026-09-15T21:37:17.303+0000] {processor.py:840} INFO - DAG(s) 'example_setup_teardown_taskflow' retrieved from /home/airflow/.local/lib/python3.12/site-packages/airflow/example_dags/example_setup_teardown_taskflow.py
[2026-09-15T21:37:17.320+0000] {logging_mixin.py:188} INFO - [2026-09-15T21:37:17.320+0000] {dag.py:3089} INFO - Sync 1 DAGs
[2026-09-15T21:37:17.336+0000] {logging_mixin.py:188} INFO - [2026-09-15T21:37:17.336+0000] {dag.py:3947} INFO - Setting next_dagrun for example_setup_teardown_taskflow to 2026-09-14 00:00:00+00:00, run_after=2026-09-15 00:00:00+00:00
[2026-09-15T21:37:17.350+0000] {processor.py:183} INFO - Processing /home/airflow/.local/lib/python3.12/site-packages/airflow/example_dags/example_setup_teardown_taskflow.py took 0.062 seconds
[2026-09-15T21:37:47.538+0000] {processor.py:161} INFO - Started process (PID=8374) to work on /home/airflow/.local/lib/python3.12/site-packages/airflow/example_dags/example_setup_teardown_taskflow.py
[2026-09-15T21:37:47.540+0000] {processor.py:830} INFO - Processing file /home/airflow/.local/lib/python3.12/site-packages/airflow/example_dags/example_setup_teardown_taskflow.py for tasks to queue
[2026-09-15T21:37:47.541+0000] {logging_mixin.py:188} INFO - [2026-09-15T21:37:47.541+0000] {dagbag.py:545} INFO - Filling up the DagBag from /home/airflow/.local/lib/python3.12/site-packages/airflow/example_dags/example_setup_teardown_taskflow.py
[2026-09-15T21:37:47.548+0000] {processor.py:840} INFO - DAG(s) 'example_setup_teardown_taskflow' retrieved from /home/airflow/.local/lib/python3.12/site-packages/airflow/example_dags/example_setup_teardown_taskflow.py
[2026-09-15T21:37:47.565+0000] {logging_mixin.py:188} INFO - [2026-09-15T21:37:47.564+0000] {dag.py:3089} INFO - Sync 1 DAGs
[2026-09-15T21:37:47.580+0000] {logging_mixin.py:188} INFO - [2026-09-15T21:37:47.580+0000] {dag.py:3947} INFO - Setting next_dagrun for example_setup_teardown_taskflow to 2026-09-14 00:00:00+00:00, run_after=2026-09-15 00:00:00+00:00
[2026-09-15T21:37:47.594+0000] {processor.py:183} INFO - Processing /home/airflow/.local/lib/python3.12/site-packages/airflow/example_dags/example_setup_teardown_taskflow.py took 0.061 seconds
[2026-09-15T21:38:17.871+0000] {processor.py:161} INFO - Started process (PID=8636) to work on /home/airflow/.local/lib/python3.12/site-packages/airflow/example_dags/example_setup_teardown_taskflow.py
[2026-09-15T21:38:17.872+0000] {processor.py:830} INFO - Processing file /home/airflow/.local/lib/python3.12/site-packages/airflow/example_dags/example_setup_teardown_taskflow.py for tasks to queue
[2026-09-15T21:38:17.874+0000] {logging_mixin.py:188} INFO - [2026-09-15T21:38:17.874+0000] {dagbag.py:545} INFO - Filling up the DagBag from /home/airflow/.local/lib/python3.12/site-packages/airflow/example_dags/example_setup_teardown_taskflow.py
[2026-09-15T21:38:17.881+0000] {processor.py:840} INFO - DAG(s) 'example_setup_teardown_taskflow' retrieved from /home/airflow/.local/lib/python3.12/site-packages/airflow/example_dags/example_setup_teardown_taskflow.py
[2026-09-15T21:38:17.899+0000] {logging_mixin.py:188} INFO - [2026-09-15T21:38:17.899+0000] {dag.py:3089} INFO - Sync 1 DAGs
[2026-09-15T21:38:17.917+0000] {logging_mixin.py:188} INFO - [2026-09-15T21:38:17.917+0000] {dag.py:3947} INFO - Setting next_dagrun for example_setup_teardown_taskflow to 2026-09-14 00:00:00+00:00, run_after=2026-09-15 00:00:00+00:00
[2026-09-15T21:38:17.932+0000] {processor.py:183} INFO - Processing /home/airflow/.local/lib/python3.12/site-packages/airflow/example_dags/example_setup_teardown_taskflow.py took 0.066 seconds
[2026-09-15T21:38:48.032+0000] {processor.py:161} INFO - Started process (PID=8927) to work on /home/airflow/.local/lib/python3.12/site-packages/airflow/example_dags/example_setup_teardown_taskflow.py
[2026-09-15T21:38:48.033+0000] {processor.py:830} INFO - Processing file /home/airflow/.local/lib/python3.12/site-packages/airflow/example_dags/example_setup_teardown_taskflow.py for tasks to queue
[2026-09-15T21:38:48.036+0000] {logging_mixin.py:188} INFO - [2026-09-15T21:38:48.035+0000] {dagbag.py:545} INFO - Filling up the DagBag from /home/airflow/.local/lib/python3.12/site-packages/airflow/example_dags/example_setup_teardown_taskflow.py
[2026-09-15T21:38:48.045+0000] {processor.py:840} INFO - DAG(s) 'example_setup_teardown_taskflow' retrieved from /home/airflow/.local/lib/python3.12/site-packages/airflow/example_dags/example_setup_teardown_taskflow.py
[2026-09-15T21:38:48.065+0000] {logging_mixin.py:188} INFO - [2026-09-15T21:38:48.065+0000] {dag.py:3089} INFO - Sync 1 DAGs
[2026-09-15T21:38:48.083+0000] {logging_mixin.py:188} INFO - [2026-09-15T21:38:48.082+0000] {dag.py:3947} INFO - Setting next_dagrun for example_setup_teardown_taskflow to 2026-09-14 00:00:00+00:00, run_after=2026-09-15 00:00:00+00:00
[2026-09-15T21:38:48.098+0000] {processor.py:183} INFO - Processing /home/airflow/.local/lib/python3.12/site-packages/airflow/example_dags/example_setup_teardown_taskflow.py took 0.072 seconds
[2026-09-15T21:39:18.463+0000] {processor.py:161} INFO - Started process (PID=9189) to work on /home/airflow/.local/lib/python3.12/site-packages/airflow/example_dags/example_setup_teardown_taskflow.py
[2026-09-15T21:39:18.464+0000] {processor.py:830} INFO - Processing file /home/airflow/.local/lib/python3.12/site-packages/airflow/example_dags/example_setup_teardown_taskflow.py for tasks to queue
[2026-09-15T21:39:18.466+0000] {logging_mixin.py:188} INFO - [2026-09-15T21:39:18.466+0000] {dagbag.py:545} INFO - Filling up the DagBag from /home/airflow/.local/lib/python3.12/site-packages/airflow/example_dags/example_setup_teardown_taskflow.py
[2026-09-15T21:39:18.472+0000] {processor.py:840} INFO - DAG(s) 'example_setup_teardown_taskflow' retrieved from /home/airflow/.local/lib/python3.12/site-packages/airflow/example_dags/example_setup_teardown_taskflow.py
[2026-09-15T21:39:18.490+0000] {logging_mixin.py:188} INFO - [2026-09-15T21:39:18.490+0000] {dag.py:3089} INFO - Sync 1 DAGs
[2026-09-15T21:39:18.507+0000] {logging_mixin.py:188} INFO - [2026-09-15T21:39:18.506+0000] {dag.py:3947} INFO - Setting next_dagrun for example_setup_teardown_taskflow to 2026-09-14 00:00:00+00:00, run_after=2026-09-15 00:00:00+00:00
[2026-09-15T21:39:18.522+0000] {processor.py:183} INFO - Processing /home/airflow/.local/lib/python3.12/site-packages/airflow/example_dags/example_setup_teardown_taskflow.py took 0.064 seconds
[2026-09-15T21:39:48.693+0000] {processor.py:161} INFO - Started process (PID=9451) to work on /home/airflow/.local/lib/python3.12/site-packages/airflow/example_dags/example_setup_teardown_taskflow.py
[2026-09-15T21:39:48.694+0000] {processor.py:830} INFO - Processing file /home/airflow/.local/lib/python3.12/site-packages/airflow/example_dags/example_setup_teardown_taskflow.py for tasks to queue
[2026-09-15T21:39:48.696+0000] {logging_mixin.py:188} INFO - [2026-09-15T21:39:48.696+0000] {dagbag.py:545} INFO - Filling up the DagBag from /home/airflow/.local/lib/python3.12/site-packages/airflow/example_dags/example_setup_teardown_taskflow.py
[2026-09-15T21:39:48.703+0000] {processor.py:840} INFO - DAG(s) 'example_setup_teardown_taskflow' retrieved from /home/airflow/.local/lib/python3.12/site-packages/airflow/example_dags/example_setup_teardown_taskflow.py
[2026-09-15T21:39:48.721+0000] {logging_mixin.py:188} INFO - [2026-09-15T21:39:48.720+0000] {dag.py:3089} INFO - Sync 1 DAGs
[2026-09-15T21:39:48.737+0000] {logging_mixin.py:188} INFO - [2026-09-15T21:39:48.737+0000] {dag.py:3947} INFO - Setting next_dagrun for example_setup_teardown_taskflow to 2026-09-14 00:00:00+00:00, run_after=2026-09-15 00:00:00+00:00
[2026-09-15T21:39:48.753+0000] {processor.py:183} INFO - Processing /home/airflow/.local/lib/python3.12/site-packages/airflow/example_dags/example_setup_teardown_taskflow.py took 0.064 seconds
[2026-09-15T21:40:18.853+0000] {processor.py:161} INFO - Started process (PID=9713) to work on /home/airflow/.local/lib/python3.12/site-packages/airflow/example_dags/example_setup_teardown_taskflow.py
[2026-09-15T21:40:18.854+0000] {processor.py:830} INFO - Processing file /home/airflow/.local/lib/python3.12/site-packages/airflow/example_dags/example_setup_teardown_taskflow.py for tasks to queue
[2026-09-15T21:40:18.856+0000] {logging_mixin.py:188} INFO - [2026-09-15T21:40:18.856+0000] {dagbag.py:545} INFO - Filling up the DagBag from /home/airflow/.local/lib/python3.12/site-packages/airflow/example_dags/example_setup_teardown_taskflow.py
[2026-09-15T21:40:18.862+0000] {processor.py:840} INFO - DAG(s) 'example_setup_teardown_taskflow' retrieved from /home/airflow/.local/lib/python3.12/site-packages/airflow/example_dags/example_setup_teardown_taskflow.py
[2026-09-15T21:40:18.880+0000] {logging_mixin.py:188} INFO - [2026-09-15T21:40:18.879+0000] {dag.py:3089} INFO - Sync 1 DAGs
[2026-09-15T21:40:18.894+0000] {logging_mixin.py:188} INFO - [2026-09-15T21:40:18.894+0000] {dag.py:3947} INFO - Setting next_dagrun for example_setup_teardown_taskflow to 2026-09-14 00:00:00+00:00, run_after=2026-09-15 00:00:00+00:00
[2026-09-15T21:40:18.909+0000] {processor.py:183} INFO - Processing /home/airflow/.local/lib/python3.12/site-packages/airflow/example_dags/example_setup_teardown_taskflow.py took 0.060 seconds
[2026-09-15T21:40:49.977+0000] {processor.py:161} INFO - Started process (PID=9975) to work on /home/airflow/.local/lib/python3.12/site-packages/airflow/example_dags/example_setup_teardown_taskflow.py
[2026-09-15T21:40:49.979+0000] {processor.py:830} INFO - Processing file /home/airflow/.local/lib/python3.12/site-packages/airflow/example_dags/example_setup_teardown_taskflow.py for tasks to queue
[2026-09-15T21:40:49.981+0000] {logging_mixin.py:188} INFO - [2026-09-15T21:40:49.981+0000] {dagbag.py:545} INFO - Filling up the DagBag from /home/airflow/.local/lib/python3.12/site-packages/airflow/example_dags/example_setup_teardown_taskflow.py
[2026-09-15T21:40:49.990+0000] {processor.py:840} INFO - DAG(s) 'example_setup_teardown_taskflow' retrieved from /home/airflow/.local/lib/python3.12/site-packages/airflow/example_dags/example_setup_teardown_taskflow.py
[2026-09-15T21:40:50.010+0000] {logging_mixin.py:188} INFO - [2026-09-15T21:40:50.010+0000] {dag.py:3089} INFO - Sync 1 DAGs
[2026-09-15T21:40:50.186+0000] {logging_mixin.py:188} INFO - [2026-09-15T21:40:50.185+0000] {dag.py:3947} INFO - Setting next_dagrun for example_setup_teardown_taskflow to 2026-09-14 00:00:00+00:00, run_after=2026-09-15 00:00:00+00:00
[2026-09-15T21:40:50.203+0000] {processor.py:183} INFO - Processing /home/airflow/.local/lib/python3.12/site-packages/airflow/example_dags/example_setup_teardown_taskflow.py took 0.230 seconds
[2026-09-15T21:41:20.532+0000] {processor.py:161} INFO - Started process (PID=10239) to work on /home/airflow/.local/lib/python3.12/site-packages/airflow/example_dags/example_setup_teardown_taskflow.py
[2026-09-15T21:41:20.534+0000] {processor.py:830} INFO - Processing file /home/airflow/.local/lib/python3.12/site-packages/airflow/example_dags/example_setup_teardown_taskflow.py for tasks to queue
[2026-09-15T21:41:20.535+0000] {logging_mixin.py:188} INFO - [2026-09-15T21:41:20.535+0000] {dagbag.py:545} INFO - Filling up the DagBag from /home/airflow/.local/lib/python3.12/site-packages/airflow/example_dags/example_setup_teardown_taskflow.py
[2026-09-15T21:41:20.542+0000] {processor.py:840} INFO - DAG(s) 'example_setup_teardown_taskflow' retrieved from /home/airflow/.local/lib/python3.12/site-packages/airflow/example_dags/example_setup_teardown_taskflow.py
[2026-09-15T21:41:20.561+0000] {logging_mixin.py:188} INFO - [2026-09-15T21:41:20.561+0000] {dag.py:3089} INFO - Sync 1 DAGs
[2026-09-15T21:41:20.578+0000] {logging_mixin.py:188} INFO - [2026-09-15T21:41:20.578+0000] {dag.py:3947} INFO - Setting next_dagrun for example_setup_teardown_taskflow to 2026-09-14 00:00:00+00:00, run_after=2026-09-15 00:00:00+00:00
[2026-09-15T21:41:20.743+0000] {processor.py:183} INFO - Processing /home/airflow/.local/lib/python3.12/site-packages/airflow/example_dags/example_setup_teardown_taskflow.py took 0.215 seconds
[2026-09-15T21:41:51.563+0000] {processor.py:161} INFO - Started process (PID=10501) to work on /home/airflow/.local/lib/python3.12/site-packages/airflow/example_dags/example_setup_teardown_taskflow.py
[2026-09-15T21:41:51.565+0000] {processor.py:830} INFO - Processing file /home/airflow/.local/lib/python3.12/site-packages/airflow/example_dags/example_setup_teardown_taskflow.py for tasks to queue
[2026-09-15T21:41:51.567+0000] {logging_mixin.py:188} INFO - [2026-09-15T21:41:51.567+0000] {dagbag.py:545} INFO - Filling up the DagBag from /home/airflow/.local/lib/python3.12/site-packages/airflow/example_dags/example_setup_teardown_taskflow.py
[2026-09-15T21:41:51.576+0000] {processor.py:840} INFO - DAG(s) 'example_setup_teardown_taskflow' retrieved from /home/airflow/.local/lib/python3.12/site-packages/airflow/example_dags/example_setup_teardown_taskflow.py
[2026-09-15T21:41:51.596+0000] {logging_mixin.py:188} INFO - [2026-09-15T21:41:51.596+0000] {dag.py:3089} INFO - Sync 1 DAGs
[2026-09-15T21:41:51.613+0000] {logging_mixin.py:188} INFO - [2026-09-15T21:41:51.612+0000] {dag.py:3947} INFO - Setting next_dagrun for example_setup_teardown_taskflow to 2026-09-14 00:00:00+00:00, run_after=2026-09-15 00:00:00+00:00
[2026-09-15T21:41:51.775+0000] {processor.py:183} INFO - Processing /home/airflow/.local/lib/python3.12/site-packages/airflow/example_dags/example_setup_teardown_taskflow.py took 0.219 seconds
[2026-09-15T21:42:22.508+0000] {processor.py:161} INFO - Started process (PID=10763) to work on /home/airflow/.local/lib/python3.12/site-packages/airflow/example_dags/example_setup_teardown_taskflow.py
[2026-09-15T21:42:22.509+0000] {processor.py:830} INFO - Processing file /home/airflow/.local/lib/python3.12/site-packages/airflow/example_dags/example_setup_teardown_taskflow.py for tasks to queue
[2026-09-15T21:42:22.511+0000] {logging_mixin.py:188} INFO - [2026-09-15T21:42:22.511+0000] {dagbag.py:545} INFO - Filling up the DagBag from /home/airflow/.local/lib/python3.12/site-packages/airflow/example_dags/example_setup_teardown_taskflow.py
[2026-09-15T21:42:22.518+0000] {processor.py:840} INFO - DAG(s) 'example_setup_teardown_taskflow' retrieved from /home/airflow/.local/lib/python3.12/site-packages/airflow/example_dags/example_setup_teardown_taskflow.py
[2026-09-15T21:42:22.535+0000] {logging_mixin.py:188} INFO - [2026-09-15T21:42:22.535+0000] {dag.py:3089} INFO - Sync 1 DAGs
[2026-09-15T21:42:22.550+0000] {logging_mixin.py:188} INFO - [2026-09-15T21:42:22.550+0000] {dag.py:3947} INFO - Setting next_dagrun for example_setup_teardown_taskflow to 2026-09-14 00:00:00+00:00, run_after=2026-09-15 00:00:00+00:00
[2026-09-15T21:42:22.566+0000] {processor.py:183} INFO - Processing /home/airflow/.local/lib/python3.12/site-packages/airflow/example_dags/example_setup_teardown_taskflow.py took 0.062 seconds
[2026-09-15T21:42:53.330+0000] {processor.py:161} INFO - Started process (PID=11025) to work on /home/airflow/.local/lib/python3.12/site-packages/airflow/example_dags/example_setup_teardown_taskflow.py
[2026-09-15T21:42:53.331+0000] {processor.py:830} INFO - Processing file /home/airflow/.local/lib/python3.12/site-packages/airflow/example_dags/example_setup_teardown_taskflow.py for tasks to queue
[2026-09-15T21:42:53.334+0000] {logging_mixin.py:188} INFO - [2026-09-15T21:42:53.333+0000] {dagbag.py:545} INFO - Filling up the DagBag from /home/airflow/.local/lib/python3.12/site-packages/airflow/example_dags/example_setup_teardown_taskflow.py
[2026-09-15T21:42:53.340+0000] {processor.py:840} INFO - DAG(s) 'example_setup_teardown_taskflow' retrieved from /home/airflow/.local/lib/python3.12/site-packages/airflow/example_dags/example_setup_teardown_taskflow.py
[2026-09-15T21:42:53.359+0000] {logging_mixin.py:188} INFO - [2026-09-15T21:42:53.358+0000] {dag.py:3089} INFO - Sync 1 DAGs
[2026-09-15T21:42:53.376+0000] {logging_mixin.py:188} INFO - [2026-09-15T21:42:53.375+0000] {dag.py:3947} INFO - Setting next_dagrun for example_setup_teardown_taskflow to 2026-09-14 00:00:00+00:00, run_after=2026-09-15 00:00:00+00:00
[2026-09-15T21:42:53.391+0000] {processor.py:183} INFO - Processing /home/airflow/.local/lib/python3.12/site-packages/airflow/example_dags/example_setup_teardown_taskflow.py took 0.066 seconds
[2026-09-15T21:43:24.127+0000] {processor.py:161} INFO - Started process (PID=11287) to work on /home/airflow/.local/lib/python3.12/site-packages/airflow/example_dags/example_setup_teardown_taskflow.py
[2026-09-15T21:43:24.128+0000] {processor.py:830} INFO - Processing file /home/airflow/.local/lib/python3.12/site-packages/airflow/example_dags/example_setup_teardown_taskflow.py for tasks to queue
[2026-09-15T21:43:24.131+0000] {logging_mixin.py:188} INFO - [2026-09-15T21:43:24.130+0000] {dagbag.py:545} INFO - Filling up the DagBag from /home/airflow/.local/lib/python3.12/site-packages/airflow/example_dags/example_setup_teardown_taskflow.py
[2026-09-15T21:43:24.138+0000] {processor.py:840} INFO - DAG(s) 'example_setup_teardown_taskflow' retrieved from /home/airflow/.local/lib/python3.12/site-packages/airflow/example_dags/example_setup_teardown_taskflow.py
[2026-09-15T21:43:24.159+0000] {logging_mixin.py:188} INFO - [2026-09-15T21:43:24.159+0000] {dag.py:3089} INFO - Sync 1 DAGs
[2026-09-15T21:43:24.180+0000] {logging_mixin.py:188} INFO - [2026-09-15T21:43:24.180+0000] {dag.py:3947} INFO - Setting next_dagrun for example_setup_teardown_taskflow to 2026-09-14 00:00:00+00:00, run_after=2026-09-15 00:00:00+00:00
[2026-09-15T21:43:24.201+0000] {processor.py:183} INFO - Processing /home/airflow/.local/lib/python3.12/site-packages/airflow/example_dags/example_setup_teardown_taskflow.py took 0.079 seconds
[2026-09-15T21:43:54.391+0000] {processor.py:161} INFO - Started process (PID=11549) to work on /home/airflow/.local/lib/python3.12/site-packages/airflow/example_dags/example_setup_teardown_taskflow.py
[2026-09-15T21:43:54.392+0000] {processor.py:830} INFO - Processing file /home/airflow/.local/lib/python3.12/site-packages/airflow/example_dags/example_setup_teardown_taskflow.py for tasks to queue
[2026-09-15T21:43:54.395+0000] {logging_mixin.py:188} INFO - [2026-09-15T21:43:54.394+0000] {dagbag.py:545} INFO - Filling up the DagBag from /home/airflow/.local/lib/python3.12/site-packages/airflow/example_dags/example_setup_teardown_taskflow.py
[2026-09-15T21:43:54.407+0000] {processor.py:840} INFO - DAG(s) 'example_setup_teardown_taskflow' retrieved from /home/airflow/.local/lib/python3.12/site-packages/airflow/example_dags/example_setup_teardown_taskflow.py
[2026-09-15T21:43:54.432+0000] {logging_mixin.py:188} INFO - [2026-09-15T21:43:54.432+0000] {dag.py:3089} INFO - Sync 1 DAGs
[2026-09-15T21:43:54.456+0000] {logging_mixin.py:188} INFO - [2026-09-15T21:43:54.456+0000] {dag.py:3947} INFO - Setting next_dagrun for example_setup_teardown_taskflow to 2026-09-14 00:00:00+00:00, run_after=2026-09-15 00:00:00+00:00
[2026-09-15T21:43:54.477+0000] {processor.py:183} INFO - Processing /home/airflow/.local/lib/python3.12/site-packages/airflow/example_dags/example_setup_teardown_taskflow.py took 0.092 seconds
[2026-09-15T21:44:24.588+0000] {processor.py:161} INFO - Started process (PID=11811) to work on /home/airflow/.local/lib/python3.12/site-packages/airflow/example_dags/example_setup_teardown_taskflow.py
[2026-09-15T21:44:24.590+0000] {processor.py:830} INFO - Processing file /home/airflow/.local/lib/python3.12/site-packages/airflow/example_dags/example_setup_teardown_taskflow.py for tasks to queue
[2026-09-15T21:44:24.592+0000] {logging_mixin.py:188} INFO - [2026-09-15T21:44:24.591+0000] {dagbag.py:545} INFO - Filling up the DagBag from /home/airflow/.local/lib/python3.12/site-packages/airflow/example_dags/example_setup_teardown_taskflow.py
[2026-09-15T21:44:24.598+0000] {processor.py:840} INFO - DAG(s) 'example_setup_teardown_taskflow' retrieved from /home/airflow/.local/lib/python3.12/site-packages/airflow/example_dags/example_setup_teardown_taskflow.py
[2026-09-15T21:44:24.615+0000] {logging_mixin.py:188} INFO - [2026-09-15T21:44:24.615+0000] {dag.py:3089} INFO - Sync 1 DAGs
[2026-09-15T21:44:24.632+0000] {logging_mixin.py:188} INFO - [2026-09-15T21:44:24.631+0000] {dag.py:3947} INFO - Setting next_dagrun for example_setup_teardown_taskflow to 2026-09-14 00:00:00+00:00, run_after=2026-09-15 00:00:00+00:00
[2026-09-15T21:44:24.648+0000] {processor.py:183} INFO - Processing /home/airflow/.local/lib/python3.12/site-packages/airflow/example_dags/example_setup_teardown_taskflow.py took 0.064 seconds
[2026-09-15T21:44:54.815+0000] {processor.py:161} INFO - Started process (PID=12083) to work on /home/airflow/.local/lib/python3.12/site-packages/airflow/example_dags/example_setup_teardown_taskflow.py
[2026-09-15T21:44:54.816+0000] {processor.py:830} INFO - Processing file /home/airflow/.local/lib/python3.12/site-packages/airflow/example_dags/example_setup_teardown_taskflow.py for tasks to queue
[2026-09-15T21:44:54.819+0000] {logging_mixin.py:188} INFO - [2026-09-15T21:44:54.819+0000] {dagbag.py:545} INFO - Filling up the DagBag from /home/airflow/.local/lib/python3.12/site-packages/airflow/example_dags/example_setup_teardown_taskflow.py
[2026-09-15T21:44:54.825+0000] {processor.py:840} INFO - DAG(s) 'example_setup_teardown_taskflow' retrieved from /home/airflow/.local/lib/python3.12/site-packages/airflow/example_dags/example_setup_teardown_taskflow.py
[2026-09-15T21:44:54.843+0000] {logging_mixin.py:188} INFO - [2026-09-15T21:44:54.843+0000] {dag.py:3089} INFO - Sync 1 DAGs
[2026-09-15T21:44:54.864+0000] {logging_mixin.py:188} INFO - [2026-09-15T21:44:54.863+0000] {dag.py:3947} INFO - Setting next_dagrun for example_setup_teardown_taskflow to 2026-09-14 00:00:00+00:00, run_after=2026-09-15 00:00:00+00:00
[2026-09-15T21:44:54.881+0000] {processor.py:183} INFO - Processing /home/airflow/.local/lib/python3.12/site-packages/airflow/example_dags/example_setup_teardown_taskflow.py took 0.069 seconds
