[2026-09-15T21:01:00.786+0000] {processor.py:161} INFO - Started process (PID=90) to work on /home/airflow/.local/lib/python3.12/site-packages/airflow/example_dags/example_bash_operator.py
[2026-09-15T21:01:00.788+0000] {processor.py:830} INFO - Processing file /home/airflow/.local/lib/python3.12/site-packages/airflow/example_dags/example_bash_operator.py for tasks to queue
[2026-09-15T21:01:00.790+0000] {logging_mixin.py:188} INFO - [2026-09-15T21:01:00.789+0000] {dagbag.py:545} INFO - Filling up the DagBag from /home/airflow/.local/lib/python3.12/site-packages/airflow/example_dags/example_bash_operator.py
[2026-09-15T21:01:00.802+0000] {processor.py:840} INFO - DAG(s) 'example_bash_operator' retrieved from /home/airflow/.local/lib/python3.12/site-packages/airflow/example_dags/example_bash_operator.py
[2026-09-15T21:01:00.821+0000] {logging_mixin.py:188} INFO - [2026-09-15T21:01:00.821+0000] {dag.py:3089} INFO - Sync 1 DAGs
[2026-09-15T21:01:00.844+0000] {logging_mixin.py:188} INFO - [2026-09-15T21:01:00.844+0000] {dag.py:3947} INFO - Setting next_dagrun for example_bash_operator to 2026-09-14 00:00:00+00:00, run_after=2026-09-15 00:00:00+00:00
[2026-09-15T21:01:00.864+0000] {processor.py:183} INFO - Processing /home/airflow/.local/lib/python3.12/site-packages/airflow/example_dags/example_bash_operator.py took 0.084 seconds
[2026-09-15T21:01:32.240+0000] {processor.py:161} INFO - Started process (PID=148) to work on /home/airflow/.local/lib/python3.12/site-packages/airflow/example_dags/example_bash_operator.py
[2026-09-15T21:01:32.241+0000] {processor.py:830} INFO - Processing file /home/airflow/.local/lib/python3.12/site-packages/airflow/example_dags/example_bash_operator.py for tasks to queue
[2026-09-15T21:01:32.243+0000] {logging_mixin.py:188} INFO - [2026-09-15T21:01:32.243+0000] {dagbag.py:545} INFO - Filling up the DagBag from /home/airflow/.local/lib/python3.12/site-packages/airflow/example_dags/example_bash_operator.py
[2026-09-15T21:01:32.252+0000] {processor.py:840} INFO - DAG(s) 'example_bash_operator' retrieved from /home/airflow/.local/lib/python3.12/site-packages/airflow/example_dags/example_bash_operator.py
[2026-09-15T21:01:32.327+0000] {logging_mixin.py:188} INFO - [2026-09-15T21:01:32.327+0000] {dag.py:3089} INFO - Sync 1 DAGs
[2026-09-15T21:01:32.341+0000] {logging_mixin.py:188} INFO - [2026-09-15T21:01:32.341+0000] {dag.py:3947} INFO - Setting next_dagrun for example_bash_operator to 2026-09-14 00:00:00+00:00, run_after=2026-09-15 00:00:00+00:00
[2026-09-15T21:01:32.356+0000] {processor.py:183} INFO - Processing /home/airflow/.local/lib/python3.12/site-packages/airflow/example_dags/example_bash_operator.py took 0.120 seconds
[2026-09-15T21:02:02.502+0000] {processor.py:161} INFO - Started process (PID=206) to work on /home/airflow/.local/lib/python3.12/site-packages/airflow/example_dags/example_bash_operator.py
[2026-09-15T21:02:02.503+0000] {processor.py:830} INFO - Processing file /home/airflow/.local/lib/python3.12/site-packages/airflow/example_dags/example_bash_operator.py for tasks to queue
[2026-09-15T21:02:02.506+0000] {logging_mixin.py:188} INFO - [2026-09-15T21:02:02.505+0000] {dagbag.py:545} INFO - Filling up the DagBag from /home/airflow/.local/lib/python3.12/site-packages/airflow/example_dags/example_bash_operator.py
[2026-09-15T21:02:02.515+0000] {processor.py:840} INFO - DAG(s) 'example_bash_operator' retrieved from /home/airflow/.local/lib/python3.12/site-packages/airflow/example_dags/example_bash_operator.py
[2026-09-15T21:02:02.540+0000] {logging_mixin.py:188} INFO - [2026-09-15T21:02:02.539+0000] {dag.py:3089} INFO - Sync 1 DAGs
[2026-09-15T21:02:02.559+0000] {logging_mixin.py:188} INFO - [2026-09-15T21:02:02.559+0000] {dag.py:3947} INFO - Setting next_dagrun for example_bash_operator to 2026-09-14 00:00:00+00:00, run_after=2026-09-15 00:00:00+00:00
[2026-09-15T21:02:02.577+0000] {processor.py:183} INFO - Processing /home/airflow/.local/lib/python3.12/site-packages/airflow/example_dags/example_bash_operator.py took 0.080 seconds
[2026-09-15T21:02:33.480+0000] {processor.py:161} INFO - Started process (PID=271) to work on /home/airflow/.local/lib/python3.12/site-packages/airflow/example_dags/example_bash_operator.py
[2026-09-15T21:02:33.481+0000] {processor.py:830} INFO - Processing file /home/airflow/.local/lib/python3.12/site-packages/airflow/example_dags/example_bash_operator.py for tasks to queue
[2026-09-15T21:02:33.483+0000] {logging_mixin.py:188} INFO - [2026-09-15T21:02:33.483+0000] {dagbag.py:545} INFO - Filling up the DagBag from /home/airflow/.local/lib/python3.12/site-packages/airflow/example_dags/example_bash_operator.py
[2026-09-15T21:02:33.490+0000] {processor.py:840} INFO - DAG(s) 'example_bash_operator' retrieved from /home/airflow/.local/lib/python3.12/site-packages/airflow/example_dags/example_bash_operator.py
[2026-09-15T21:02:33.513+0000] {logging_mixin.py:188} INFO - [2026-09-15T21:02:33.513+0000] {dag.py:3089} INFO - Sync 1 DAGs
[2026-09-15T21:02:33.530+0000] {logging_mixin.py:188} INFO - [2026-09-15T21:02:33.529+0000] {dag.py:3947} INFO - Setting next_dagrun for example_bash_operator to 2026-09-14 00:00:00+00:00, run_after=2026-09-15 00:00:00+00:00
[2026-09-15T21:02:33.548+0000] {processor.py:183} INFO - Processing /home/airflow/.local/lib/python3.12/site-packages/airflow/example_dags/example_bash_operator.py took 0.072 seconds
[2026-09-15T21:03:03.784+0000] {processor.py:161} INFO - Started process (PID=329) to work on /home/airflow/.local/lib/python3.12/site-packages/airflow/example_dags/example_bash_operator.py
[2026-09-15T21:03:03.785+0000] {processor.py:830} INFO - Processing file /home/airflow/.local/lib/python3.12/site-packages/airflow/example_dags/example_bash_operator.py for tasks to queue
[2026-09-15T21:03:03.788+0000] {logging_mixin.py:188} INFO - [2026-09-15T21:03:03.788+0000] {dagbag.py:545} INFO - Filling up the DagBag from /home/airflow/.local/lib/python3.12/site-packages/airflow/example_dags/example_bash_operator.py
[2026-09-15T21:03:03.800+0000] {processor.py:840} INFO - DAG(s) 'example_bash_operator' retrieved from /home/airflow/.local/lib/python3.12/site-packages/airflow/example_dags/example_bash_operator.py
[2026-09-15T21:03:03.822+0000] {logging_mixin.py:188} INFO - [2026-09-15T21:03:03.822+0000] {dag.py:3089} INFO - Sync 1 DAGs
[2026-09-15T21:03:03.840+0000] {logging_mixin.py:188} INFO - [2026-09-15T21:03:03.840+0000] {dag.py:3947} INFO - Setting next_dagrun for example_bash_operator to 2026-09-14 00:00:00+00:00, run_after=2026-09-15 00:00:00+00:00
[2026-09-15T21:03:03.856+0000] {processor.py:183} INFO - Processing /home/airflow/.local/lib/python3.12/site-packages/airflow/example_dags/example_bash_operator.py took 0.079 seconds
[2026-09-15T21:03:33.934+0000] {processor.py:161} INFO - Started process (PID=387) to work on /home/airflow/.local/lib/python3.12/site-packages/airflow/example_dags/example_bash_operator.py
[2026-09-15T21:03:33.935+0000] {processor.py:830} INFO - Processing file /home/airflow/.local/lib/python3.12/site-packages/airflow/example_dags/example_bash_operator.py for tasks to queue
[2026-09-15T21:03:33.937+0000] {logging_mixin.py:188} INFO - [2026-09-15T21:03:33.937+0000] {dagbag.py:545} INFO - Filling up the DagBag from /home/airflow/.local/lib/python3.12/site-packages/airflow/example_dags/example_bash_operator.py
[2026-09-15T21:03:33.945+0000] {processor.py:840} INFO - DAG(s) 'example_bash_operator' retrieved from /home/airflow/.local/lib/python3.12/site-packages/airflow/example_dags/example_bash_operator.py
[2026-09-15T21:03:33.963+0000] {logging_mixin.py:188} INFO - [2026-09-15T21:03:33.963+0000] {dag.py:3089} INFO - Sync 1 DAGs
[2026-09-15T21:03:33.979+0000] {logging_mixin.py:188} INFO - [2026-09-15T21:03:33.978+0000] {dag.py:3947} INFO - Setting next_dagrun for example_bash_operator to 2026-09-14 00:00:00+00:00, run_after=2026-09-15 00:00:00+00:00
[2026-09-15T21:03:33.994+0000] {processor.py:183} INFO - Processing /home/airflow/.local/lib/python3.12/site-packages/airflow/example_dags/example_bash_operator.py took 0.063 seconds
[2026-09-15T21:04:04.150+0000] {processor.py:161} INFO - Started process (PID=445) to work on /home/airflow/.local/lib/python3.12/site-packages/airflow/example_dags/example_bash_operator.py
[2026-09-15T21:04:04.151+0000] {processor.py:830} INFO - Processing file /home/airflow/.local/lib/python3.12/site-packages/airflow/example_dags/example_bash_operator.py for tasks to queue
[2026-09-15T21:04:04.153+0000] {logging_mixin.py:188} INFO - [2026-09-15T21:04:04.153+0000] {dagbag.py:545} INFO - Filling up the DagBag from /home/airflow/.local/lib/python3.12/site-packages/airflow/example_dags/example_bash_operator.py
[2026-09-15T21:04:04.161+0000] {processor.py:840} INFO - DAG(s) 'example_bash_operator' retrieved from /home/airflow/.local/lib/python3.12/site-packages/airflow/example_dags/example_bash_operator.py
[2026-09-15T21:04:04.180+0000] {logging_mixin.py:188} INFO - [2026-09-15T21:04:04.180+0000] {dag.py:3089} INFO - Sync 1 DAGs
[2026-09-15T21:04:04.197+0000] {logging_mixin.py:188} INFO - [2026-09-15T21:04:04.197+0000] {dag.py:3947} INFO - Setting next_dagrun for example_bash_operator to 2026-09-14 00:00:00+00:00, run_after=2026-09-15 00:00:00+00:00
[2026-09-15T21:04:04.211+0000] {processor.py:183} INFO - Processing /home/airflow/.local/lib/python3.12/site-packages/airflow/example_dags/example_bash_operator.py took 0.065 seconds
[2026-09-15T21:04:34.268+0000] {processor.py:161} INFO - Started process (PID=503) to work on /home/airflow/.local/lib/python3.12/site-packages/airflow/example_dags/example_bash_operator.py
[2026-09-15T21:04:34.269+0000] {processor.py:830} INFO - Processing file /home/airflow/.local/lib/python3.12/site-packages/airflow/example_dags/example_bash_operator.py for tasks to queue
[2026-09-15T21:04:34.271+0000] {logging_mixin.py:188} INFO - [2026-09-15T21:04:34.271+0000] {dagbag.py:545} INFO - Filling up the DagBag from /home/airflow/.local/lib/python3.12/site-packages/airflow/example_dags/example_bash_operator.py
[2026-09-15T21:04:34.279+0000] {processor.py:840} INFO - DAG(s) 'example_bash_operator' retrieved from /home/airflow/.local/lib/python3.12/site-packages/airflow/example_dags/example_bash_operator.py
[2026-09-15T21:04:34.299+0000] {logging_mixin.py:188} INFO - [2026-09-15T21:04:34.299+0000] {dag.py:3089} INFO - Sync 1 DAGs
[2026-09-15T21:04:34.315+0000] {logging_mixin.py:188} INFO - [2026-09-15T21:04:34.315+0000] {dag.py:3947} INFO - Setting next_dagrun for example_bash_operator to 2026-09-14 00:00:00+00:00, run_after=2026-09-15 00:00:00+00:00
[2026-09-15T21:04:34.329+0000] {processor.py:183} INFO - Processing /home/airflow/.local/lib/python3.12/site-packages/airflow/example_dags/example_bash_operator.py took 0.065 seconds
[2026-09-15T21:05:04.520+0000] {processor.py:161} INFO - Started process (PID=561) to work on /home/airflow/.local/lib/python3.12/site-packages/airflow/example_dags/example_bash_operator.py
[2026-09-15T21:05:04.522+0000] {processor.py:830} INFO - Processing file /home/airflow/.local/lib/python3.12/site-packages/airflow/example_dags/example_bash_operator.py for tasks to queue
[2026-09-15T21:05:04.524+0000] {logging_mixin.py:188} INFO - [2026-09-15T21:05:04.524+0000] {dagbag.py:545} INFO - Filling up the DagBag from /home/airflow/.local/lib/python3.12/site-packages/airflow/example_dags/example_bash_operator.py
[2026-09-15T21:05:04.535+0000] {processor.py:840} INFO - DAG(s) 'example_bash_operator' retrieved from /home/airflow/.local/lib/python3.12/site-packages/airflow/example_dags/example_bash_operator.py
[2026-09-15T21:05:04.560+0000] {logging_mixin.py:188} INFO - [2026-09-15T21:05:04.559+0000] {dag.py:3089} INFO - Sync 1 DAGs
[2026-09-15T21:05:04.578+0000] {logging_mixin.py:188} INFO - [2026-09-15T21:05:04.578+0000] {dag.py:3947} INFO - Setting next_dagrun for example_bash_operator to 2026-09-14 00:00:00+00:00, run_after=2026-09-15 00:00:00+00:00
[2026-09-15T21:05:04.595+0000] {processor.py:183} INFO - Processing /home/airflow/.local/lib/python3.12/site-packages/airflow/example_dags/example_bash_operator.py took 0.080 seconds
[2026-09-15T21:05:35.498+0000] {processor.py:161} INFO - Started process (PID=619) to work on /home/airflow/.local/lib/python3.12/site-packages/airflow/example_dags/example_bash_operator.py
[2026-09-15T21:05:35.499+0000] {processor.py:830} INFO - Processing file /home/airflow/.local/lib/python3.12/site-packages/airflow/example_dags/example_bash_operator.py for tasks to queue
[2026-09-15T21:05:35.501+0000] {logging_mixin.py:188} INFO - [2026-09-15T21:05:35.500+0000] {dagbag.py:545} INFO - Filling up the DagBag from /home/airflow/.local/lib/python3.12/site-packages/airflow/example_dags/example_bash_operator.py
[2026-09-15T21:05:35.508+0000] {processor.py:840} INFO - DAG(s) 'example_bash_operator' retrieved from /home/airflow/.local/lib/python3.12/site-packages/airflow/example_dags/example_bash_operator.py
[2026-09-15T21:05:35.527+0000] {logging_mixin.py:188} INFO - [2026-09-15T21:05:35.527+0000] {dag.py:3089} INFO - Sync 1 DAGs
[2026-09-15T21:05:35.543+0000] {logging_mixin.py:188} INFO - [2026-09-15T21:05:35.542+0000] {dag.py:3947} INFO - Setting next_dagrun for example_bash_operator to 2026-09-14 00:00:00+00:00, run_after=2026-09-15 00:00:00+00:00
[2026-09-15T21:05:35.556+0000] {processor.py:183} INFO - Processing /home/airflow/.local/lib/python3.12/site-packages/airflow/example_dags/example_bash_operator.py took 0.062 seconds
[2026-09-15T21:06:06.017+0000] {processor.py:161} INFO - Started process (PID=677) to work on /home/airflow/.local/lib/python3.12/site-packages/airflow/example_dags/example_bash_operator.py
[2026-09-15T21:06:06.018+0000] {processor.py:830} INFO - Processing file /home/airflow/.local/lib/python3.12/site-packages/airflow/example_dags/example_bash_operator.py for tasks to queue
[2026-09-15T21:06:06.020+0000] {logging_mixin.py:188} INFO - [2026-09-15T21:06:06.019+0000] {dagbag.py:545} INFO - Filling up the DagBag from /home/airflow/.local/lib/python3.12/site-packages/airflow/example_dags/example_bash_operator.py
[2026-09-15T21:06:06.028+0000] {processor.py:840} INFO - DAG(s) 'example_bash_operator' retrieved from /home/airflow/.local/lib/python3.12/site-packages/airflow/example_dags/example_bash_operator.py
[2026-09-15T21:06:06.050+0000] {logging_mixin.py:188} INFO - [2026-09-15T21:06:06.050+0000] {dag.py:3089} INFO - Sync 1 DAGs
[2026-09-15T21:06:06.067+0000] {logging_mixin.py:188} INFO - [2026-09-15T21:06:06.067+0000] {dag.py:3947} INFO - Setting next_dagrun for example_bash_operator to 2026-09-14 00:00:00+00:00, run_after=2026-09-15 00:00:00+00:00
[2026-09-15T21:06:06.083+0000] {processor.py:183} INFO - Processing /home/airflow/.local/lib/python3.12/site-packages/airflow/example_dags/example_bash_operator.py took 0.070 seconds
[2026-09-15T21:06:36.169+0000] {processor.py:161} INFO - Started process (PID=738) to work on /home/airflow/.local/lib/python3.12/site-packages/airflow/example_dags/example_bash_operator.py
[2026-09-15T21:06:36.171+0000] {processor.py:830} INFO - Processing file /home/airflow/.local/lib/python3.12/site-packages/airflow/example_dags/example_bash_operator.py for tasks to queue
[2026-09-15T21:06:36.173+0000] {logging_mixin.py:188} INFO - [2026-09-15T21:06:36.172+0000] {dagbag.py:545} INFO - Filling up the DagBag from /home/airflow/.local/lib/python3.12/site-packages/airflow/example_dags/example_bash_operator.py
[2026-09-15T21:06:36.181+0000] {processor.py:840} INFO - DAG(s) 'example_bash_operator' retrieved from /home/airflow/.local/lib/python3.12/site-packages/airflow/example_dags/example_bash_operator.py
[2026-09-15T21:06:36.203+0000] {logging_mixin.py:188} INFO - [2026-09-15T21:06:36.203+0000] {dag.py:3089} INFO - Sync 1 DAGs
[2026-09-15T21:06:36.219+0000] {logging_mixin.py:188} INFO - [2026-09-15T21:06:36.219+0000] {dag.py:3947} INFO - Setting next_dagrun for example_bash_operator to 2026-09-14 00:00:00+00:00, run_after=2026-09-15 00:00:00+00:00
[2026-09-15T21:06:36.237+0000] {processor.py:183} INFO - Processing /home/airflow/.local/lib/python3.12/site-packages/airflow/example_dags/example_bash_operator.py took 0.071 seconds
[2026-09-15T21:07:06.512+0000] {processor.py:161} INFO - Started process (PID=796) to work on /home/airflow/.local/lib/python3.12/site-packages/airflow/example_dags/example_bash_operator.py
[2026-09-15T21:07:06.514+0000] {processor.py:830} INFO - Processing file /home/airflow/.local/lib/python3.12/site-packages/airflow/example_dags/example_bash_operator.py for tasks to queue
[2026-09-15T21:07:06.515+0000] {logging_mixin.py:188} INFO - [2026-09-15T21:07:06.515+0000] {dagbag.py:545} INFO - Filling up the DagBag from /home/airflow/.local/lib/python3.12/site-packages/airflow/example_dags/example_bash_operator.py
[2026-09-15T21:07:06.523+0000] {processor.py:840} INFO - DAG(s) 'example_bash_operator' retrieved from /home/airflow/.local/lib/python3.12/site-packages/airflow/example_dags/example_bash_operator.py
[2026-09-15T21:07:06.544+0000] {logging_mixin.py:188} INFO - [2026-09-15T21:07:06.543+0000] {dag.py:3089} INFO - Sync 1 DAGs
[2026-09-15T21:07:06.560+0000] {logging_mixin.py:188} INFO - [2026-09-15T21:07:06.559+0000] {dag.py:3947} INFO - Setting next_dagrun for example_bash_operator to 2026-09-14 00:00:00+00:00, run_after=2026-09-15 00:00:00+00:00
[2026-09-15T21:07:06.574+0000] {processor.py:183} INFO - Processing /home/airflow/.local/lib/python3.12/site-packages/airflow/example_dags/example_bash_operator.py took 0.066 seconds
[2026-09-15T21:07:37.023+0000] {processor.py:161} INFO - Started process (PID=854) to work on /home/airflow/.local/lib/python3.12/site-packages/airflow/example_dags/example_bash_operator.py
[2026-09-15T21:07:37.024+0000] {processor.py:830} INFO - Processing file /home/airflow/.local/lib/python3.12/site-packages/airflow/example_dags/example_bash_operator.py for tasks to queue
[2026-09-15T21:07:37.025+0000] {logging_mixin.py:188} INFO - [2026-09-15T21:07:37.025+0000] {dagbag.py:545} INFO - Filling up the DagBag from /home/airflow/.local/lib/python3.12/site-packages/airflow/example_dags/example_bash_operator.py
[2026-09-15T21:07:37.032+0000] {processor.py:840} INFO - DAG(s) 'example_bash_operator' retrieved from /home/airflow/.local/lib/python3.12/site-packages/airflow/example_dags/example_bash_operator.py
[2026-09-15T21:07:37.051+0000] {logging_mixin.py:188} INFO - [2026-09-15T21:07:37.051+0000] {dag.py:3089} INFO - Sync 1 DAGs
[2026-09-15T21:07:37.066+0000] {logging_mixin.py:188} INFO - [2026-09-15T21:07:37.066+0000] {dag.py:3947} INFO - Setting next_dagrun for example_bash_operator to 2026-09-14 00:00:00+00:00, run_after=2026-09-15 00:00:00+00:00
[2026-09-15T21:07:37.080+0000] {processor.py:183} INFO - Processing /home/airflow/.local/lib/python3.12/site-packages/airflow/example_dags/example_bash_operator.py took 0.061 seconds
[2026-09-15T21:08:07.810+0000] {processor.py:161} INFO - Started process (PID=912) to work on /home/airflow/.local/lib/python3.12/site-packages/airflow/example_dags/example_bash_operator.py
[2026-09-15T21:08:07.811+0000] {processor.py:830} INFO - Processing file /home/airflow/.local/lib/python3.12/site-packages/airflow/example_dags/example_bash_operator.py for tasks to queue
[2026-09-15T21:08:07.813+0000] {logging_mixin.py:188} INFO - [2026-09-15T21:08:07.813+0000] {dagbag.py:545} INFO - Filling up the DagBag from /home/airflow/.local/lib/python3.12/site-packages/airflow/example_dags/example_bash_operator.py
[2026-09-15T21:08:07.821+0000] {processor.py:840} INFO - DAG(s) 'example_bash_operator' retrieved from /home/airflow/.local/lib/python3.12/site-packages/airflow/example_dags/example_bash_operator.py
[2026-09-15T21:08:07.843+0000] {logging_mixin.py:188} INFO - [2026-09-15T21:08:07.843+0000] {dag.py:3089} INFO - Sync 1 DAGs
[2026-09-15T21:08:07.861+0000] {logging_mixin.py:188} INFO - [2026-09-15T21:08:07.860+0000] {dag.py:3947} INFO - Setting next_dagrun for example_bash_operator to 2026-09-14 00:00:00+00:00, run_after=2026-09-15 00:00:00+00:00
[2026-09-15T21:08:07.876+0000] {processor.py:183} INFO - Processing /home/airflow/.local/lib/python3.12/site-packages/airflow/example_dags/example_bash_operator.py took 0.071 seconds
[2026-09-15T21:08:38.179+0000] {processor.py:161} INFO - Started process (PID=970) to work on /home/airflow/.local/lib/python3.12/site-packages/airflow/example_dags/example_bash_operator.py
[2026-09-15T21:08:38.180+0000] {processor.py:830} INFO - Processing file /home/airflow/.local/lib/python3.12/site-packages/airflow/example_dags/example_bash_operator.py for tasks to queue
[2026-09-15T21:08:38.182+0000] {logging_mixin.py:188} INFO - [2026-09-15T21:08:38.181+0000] {dagbag.py:545} INFO - Filling up the DagBag from /home/airflow/.local/lib/python3.12/site-packages/airflow/example_dags/example_bash_operator.py
[2026-09-15T21:08:38.190+0000] {processor.py:840} INFO - DAG(s) 'example_bash_operator' retrieved from /home/airflow/.local/lib/python3.12/site-packages/airflow/example_dags/example_bash_operator.py
[2026-09-15T21:08:38.210+0000] {logging_mixin.py:188} INFO - [2026-09-15T21:08:38.210+0000] {dag.py:3089} INFO - Sync 1 DAGs
[2026-09-15T21:08:38.226+0000] {logging_mixin.py:188} INFO - [2026-09-15T21:08:38.226+0000] {dag.py:3947} INFO - Setting next_dagrun for example_bash_operator to 2026-09-14 00:00:00+00:00, run_after=2026-09-15 00:00:00+00:00
[2026-09-15T21:08:38.240+0000] {processor.py:183} INFO - Processing /home/airflow/.local/lib/python3.12/site-packages/airflow/example_dags/example_bash_operator.py took 0.066 seconds
[2026-09-15T21:09:08.370+0000] {processor.py:161} INFO - Started process (PID=1028) to work on /home/airflow/.local/lib/python3.12/site-packages/airflow/example_dags/example_bash_operator.py
[2026-09-15T21:09:08.371+0000] {processor.py:830} INFO - Processing file /home/airflow/.local/lib/python3.12/site-packages/airflow/example_dags/example_bash_operator.py for tasks to queue
[2026-09-15T21:09:08.373+0000] {logging_mixin.py:188} INFO - [2026-09-15T21:09:08.373+0000] {dagbag.py:545} INFO - Filling up the DagBag from /home/airflow/.local/lib/python3.12/site-packages/airflow/example_dags/example_bash_operator.py
[2026-09-15T21:09:08.381+0000] {processor.py:840} INFO - DAG(s) 'example_bash_operator' retrieved from /home/airflow/.local/lib/python3.12/site-packages/airflow/example_dags/example_bash_operator.py
[2026-09-15T21:09:08.402+0000] {logging_mixin.py:188} INFO - [2026-09-15T21:09:08.402+0000] {dag.py:3089} INFO - Sync 1 DAGs
[2026-09-15T21:09:08.418+0000] {logging_mixin.py:188} INFO - [2026-09-15T21:09:08.417+0000] {dag.py:3947} INFO - Setting next_dagrun for example_bash_operator to 2026-09-14 00:00:00+00:00, run_after=2026-09-15 00:00:00+00:00
[2026-09-15T21:09:08.431+0000] {processor.py:183} INFO - Processing /home/airflow/.local/lib/python3.12/site-packages/airflow/example_dags/example_bash_operator.py took 0.066 seconds
[2026-09-15T21:09:38.719+0000] {processor.py:161} INFO - Started process (PID=1086) to work on /home/airflow/.local/lib/python3.12/site-packages/airflow/example_dags/example_bash_operator.py
[2026-09-15T21:09:38.721+0000] {processor.py:830} INFO - Processing file /home/airflow/.local/lib/python3.12/site-packages/airflow/example_dags/example_bash_operator.py for tasks to queue
[2026-09-15T21:09:38.723+0000] {logging_mixin.py:188} INFO - [2026-09-15T21:09:38.722+0000] {dagbag.py:545} INFO - Filling up the DagBag from /home/airflow/.local/lib/python3.12/site-packages/airflow/example_dags/example_bash_operator.py
[2026-09-15T21:09:38.731+0000] {processor.py:840} INFO - DAG(s) 'example_bash_operator' retrieved from /home/airflow/.local/lib/python3.12/site-packages/airflow/example_dags/example_bash_operator.py
[2026-09-15T21:09:38.754+0000] {logging_mixin.py:188} INFO - [2026-09-15T21:09:38.754+0000] {dag.py:3089} INFO - Sync 1 DAGs
[2026-09-15T21:09:38.771+0000] {logging_mixin.py:188} INFO - [2026-09-15T21:09:38.771+0000] {dag.py:3947} INFO - Setting next_dagrun for example_bash_operator to 2026-09-14 00:00:00+00:00, run_after=2026-09-15 00:00:00+00:00
[2026-09-15T21:09:38.785+0000] {processor.py:183} INFO - Processing /home/airflow/.local/lib/python3.12/site-packages/airflow/example_dags/example_bash_operator.py took 0.069 seconds
[2026-09-15T21:10:09.282+0000] {processor.py:161} INFO - Started process (PID=1144) to work on /home/airflow/.local/lib/python3.12/site-packages/airflow/example_dags/example_bash_operator.py
[2026-09-15T21:10:09.283+0000] {processor.py:830} INFO - Processing file /home/airflow/.local/lib/python3.12/site-packages/airflow/example_dags/example_bash_operator.py for tasks to queue
[2026-09-15T21:10:09.285+0000] {logging_mixin.py:188} INFO - [2026-09-15T21:10:09.285+0000] {dagbag.py:545} INFO - Filling up the DagBag from /home/airflow/.local/lib/python3.12/site-packages/airflow/example_dags/example_bash_operator.py
[2026-09-15T21:10:09.294+0000] {processor.py:840} INFO - DAG(s) 'example_bash_operator' retrieved from /home/airflow/.local/lib/python3.12/site-packages/airflow/example_dags/example_bash_operator.py
[2026-09-15T21:10:09.315+0000] {logging_mixin.py:188} INFO - [2026-09-15T21:10:09.315+0000] {dag.py:3089} INFO - Sync 1 DAGs
[2026-09-15T21:10:09.332+0000] {logging_mixin.py:188} INFO - [2026-09-15T21:10:09.332+0000] {dag.py:3947} INFO - Setting next_dagrun for example_bash_operator to 2026-09-14 00:00:00+00:00, run_after=2026-09-15 00:00:00+00:00
[2026-09-15T21:10:09.347+0000] {processor.py:183} INFO - Processing /home/airflow/.local/lib/python3.12/site-packages/airflow/example_dags/example_bash_operator.py took 0.069 seconds
[2026-09-15T21:10:40.426+0000] {processor.py:161} INFO - Started process (PID=1202) to work on /home/airflow/.local/lib/python3.12/site-packages/airflow/example_dags/example_bash_operator.py
[2026-09-15T21:10:40.427+0000] {processor.py:830} INFO - Processing file /home/airflow/.local/lib/python3.12/site-packages/airflow/example_dags/example_bash_operator.py for tasks to queue
[2026-09-15T21:10:40.429+0000] {logging_mixin.py:188} INFO - [2026-09-15T21:10:40.429+0000] {dagbag.py:545} INFO - Filling up the DagBag from /home/airflow/.local/lib/python3.12/site-packages/airflow/example_dags/example_bash_operator.py
[2026-09-15T21:10:40.437+0000] {processor.py:840} INFO - DAG(s) 'example_bash_operator' retrieved from /home/airflow/.local/lib/python3.12/site-packages/airflow/example_dags/example_bash_operator.py
[2026-09-15T21:10:40.512+0000] {logging_mixin.py:188} INFO - [2026-09-15T21:10:40.512+0000] {dag.py:3089} INFO - Sync 1 DAGs
[2026-09-15T21:10:40.527+0000] {logging_mixin.py:188} INFO - [2026-09-15T21:10:40.527+0000] {dag.py:3947} INFO - Setting next_dagrun for example_bash_operator to 2026-09-14 00:00:00+00:00, run_after=2026-09-15 00:00:00+00:00
[2026-09-15T21:10:40.540+0000] {processor.py:183} INFO - Processing /home/airflow/.local/lib/python3.12/site-packages/airflow/example_dags/example_bash_operator.py took 0.119 seconds
[2026-09-15T21:11:10.969+0000] {processor.py:161} INFO - Started process (PID=1260) to work on /home/airflow/.local/lib/python3.12/site-packages/airflow/example_dags/example_bash_operator.py
[2026-09-15T21:11:10.971+0000] {processor.py:830} INFO - Processing file /home/airflow/.local/lib/python3.12/site-packages/airflow/example_dags/example_bash_operator.py for tasks to queue
[2026-09-15T21:11:10.972+0000] {logging_mixin.py:188} INFO - [2026-09-15T21:11:10.972+0000] {dagbag.py:545} INFO - Filling up the DagBag from /home/airflow/.local/lib/python3.12/site-packages/airflow/example_dags/example_bash_operator.py
[2026-09-15T21:11:10.981+0000] {processor.py:840} INFO - DAG(s) 'example_bash_operator' retrieved from /home/airflow/.local/lib/python3.12/site-packages/airflow/example_dags/example_bash_operator.py
[2026-09-15T21:11:11.003+0000] {logging_mixin.py:188} INFO - [2026-09-15T21:11:11.003+0000] {dag.py:3089} INFO - Sync 1 DAGs
[2026-09-15T21:11:11.021+0000] {logging_mixin.py:188} INFO - [2026-09-15T21:11:11.021+0000] {dag.py:3947} INFO - Setting next_dagrun for example_bash_operator to 2026-09-14 00:00:00+00:00, run_after=2026-09-15 00:00:00+00:00
[2026-09-15T21:11:11.036+0000] {processor.py:183} INFO - Processing /home/airflow/.local/lib/python3.12/site-packages/airflow/example_dags/example_bash_operator.py took 0.072 seconds
[2026-09-15T21:11:41.248+0000] {processor.py:161} INFO - Started process (PID=1318) to work on /home/airflow/.local/lib/python3.12/site-packages/airflow/example_dags/example_bash_operator.py
[2026-09-15T21:11:41.250+0000] {processor.py:830} INFO - Processing file /home/airflow/.local/lib/python3.12/site-packages/airflow/example_dags/example_bash_operator.py for tasks to queue
[2026-09-15T21:11:41.252+0000] {logging_mixin.py:188} INFO - [2026-09-15T21:11:41.252+0000] {dagbag.py:545} INFO - Filling up the DagBag from /home/airflow/.local/lib/python3.12/site-packages/airflow/example_dags/example_bash_operator.py
[2026-09-15T21:11:41.262+0000] {processor.py:840} INFO - DAG(s) 'example_bash_operator' retrieved from /home/airflow/.local/lib/python3.12/site-packages/airflow/example_dags/example_bash_operator.py
[2026-09-15T21:11:41.286+0000] {logging_mixin.py:188} INFO - [2026-09-15T21:11:41.285+0000] {dag.py:3089} INFO - Sync 1 DAGs
[2026-09-15T21:11:41.305+0000] {logging_mixin.py:188} INFO - [2026-09-15T21:11:41.305+0000] {dag.py:3947} INFO - Setting next_dagrun for example_bash_operator to 2026-09-14 00:00:00+00:00, run_after=2026-09-15 00:00:00+00:00
[2026-09-15T21:11:41.321+0000] {processor.py:183} INFO - Processing /home/airflow/.local/lib/python3.12/site-packages/airflow/example_dags/example_bash_operator.py took 0.077 seconds
[2026-09-15T21:12:11.593+0000] {processor.py:161} INFO - Started process (PID=1376) to work on /home/airflow/.local/lib/python3.12/site-packages/airflow/example_dags/example_bash_operator.py
[2026-09-15T21:12:11.595+0000] {processor.py:830} INFO - Processing file /home/airflow/.local/lib/python3.12/site-packages/airflow/example_dags/example_bash_operator.py for tasks to queue
[2026-09-15T21:12:11.597+0000] {logging_mixin.py:188} INFO - [2026-09-15T21:12:11.597+0000] {dagbag.py:545} INFO - Filling up the DagBag from /home/airflow/.local/lib/python3.12/site-packages/airflow/example_dags/example_bash_operator.py
[2026-09-15T21:12:11.605+0000] {processor.py:840} INFO - DAG(s) 'example_bash_operator' retrieved from /home/airflow/.local/lib/python3.12/site-packages/airflow/example_dags/example_bash_operator.py
[2026-09-15T21:12:11.625+0000] {logging_mixin.py:188} INFO - [2026-09-15T21:12:11.625+0000] {dag.py:3089} INFO - Sync 1 DAGs
[2026-09-15T21:12:11.642+0000] {logging_mixin.py:188} INFO - [2026-09-15T21:12:11.642+0000] {dag.py:3947} INFO - Setting next_dagrun for example_bash_operator to 2026-09-14 00:00:00+00:00, run_after=2026-09-15 00:00:00+00:00
[2026-09-15T21:12:11.656+0000] {processor.py:183} INFO - Processing /home/airflow/.local/lib/python3.12/site-packages/airflow/example_dags/example_bash_operator.py took 0.067 seconds
[2026-09-15T21:12:41.850+0000] {processor.py:161} INFO - Started process (PID=1434) to work on /home/airflow/.local/lib/python3.12/site-packages/airflow/example_dags/example_bash_operator.py
[2026-09-15T21:12:41.851+0000] {processor.py:830} INFO - Processing file /home/airflow/.local/lib/python3.12/site-packages/airflow/example_dags/example_bash_operator.py for tasks to queue
[2026-09-15T21:12:41.853+0000] {logging_mixin.py:188} INFO - [2026-09-15T21:12:41.852+0000] {dagbag.py:545} INFO - Filling up the DagBag from /home/airflow/.local/lib/python3.12/site-packages/airflow/example_dags/example_bash_operator.py
[2026-09-15T21:12:41.861+0000] {processor.py:840} INFO - DAG(s) 'example_bash_operator' retrieved from /home/airflow/.local/lib/python3.12/site-packages/airflow/example_dags/example_bash_operator.py
[2026-09-15T21:12:41.880+0000] {logging_mixin.py:188} INFO - [2026-09-15T21:12:41.880+0000] {dag.py:3089} INFO - Sync 1 DAGs
[2026-09-15T21:12:41.895+0000] {logging_mixin.py:188} INFO - [2026-09-15T21:12:41.895+0000] {dag.py:3947} INFO - Setting next_dagrun for example_bash_operator to 2026-09-14 00:00:00+00:00, run_after=2026-09-15 00:00:00+00:00
[2026-09-15T21:12:41.910+0000] {processor.py:183} INFO - Processing /home/airflow/.local/lib/python3.12/site-packages/airflow/example_dags/example_bash_operator.py took 0.064 seconds
[2026-09-15T21:13:12.180+0000] {processor.py:161} INFO - Started process (PID=1492) to work on /home/airflow/.local/lib/python3.12/site-packages/airflow/example_dags/example_bash_operator.py
[2026-09-15T21:13:12.182+0000] {processor.py:830} INFO - Processing file /home/airflow/.local/lib/python3.12/site-packages/airflow/example_dags/example_bash_operator.py for tasks to queue
[2026-09-15T21:13:12.184+0000] {logging_mixin.py:188} INFO - [2026-09-15T21:13:12.184+0000] {dagbag.py:545} INFO - Filling up the DagBag from /home/airflow/.local/lib/python3.12/site-packages/airflow/example_dags/example_bash_operator.py
[2026-09-15T21:13:12.193+0000] {processor.py:840} INFO - DAG(s) 'example_bash_operator' retrieved from /home/airflow/.local/lib/python3.12/site-packages/airflow/example_dags/example_bash_operator.py
[2026-09-15T21:13:12.213+0000] {logging_mixin.py:188} INFO - [2026-09-15T21:13:12.213+0000] {dag.py:3089} INFO - Sync 1 DAGs
[2026-09-15T21:13:12.231+0000] {logging_mixin.py:188} INFO - [2026-09-15T21:13:12.231+0000] {dag.py:3947} INFO - Setting next_dagrun for example_bash_operator to 2026-09-14 00:00:00+00:00, run_after=2026-09-15 00:00:00+00:00
[2026-09-15T21:13:12.247+0000] {processor.py:183} INFO - Processing /home/airflow/.local/lib/python3.12/site-packages/airflow/example_dags/example_bash_operator.py took 0.071 seconds
[2026-09-15T21:13:42.402+0000] {processor.py:161} INFO - Started process (PID=1550) to work on /home/airflow/.local/lib/python3.12/site-packages/airflow/example_dags/example_bash_operator.py
[2026-09-15T21:13:42.403+0000] {processor.py:830} INFO - Processing file /home/airflow/.local/lib/python3.12/site-packages/airflow/example_dags/example_bash_operator.py for tasks to queue
[2026-09-15T21:13:42.405+0000] {logging_mixin.py:188} INFO - [2026-09-15T21:13:42.405+0000] {dagbag.py:545} INFO - Filling up the DagBag from /home/airflow/.local/lib/python3.12/site-packages/airflow/example_dags/example_bash_operator.py
[2026-09-15T21:13:42.414+0000] {processor.py:840} INFO - DAG(s) 'example_bash_operator' retrieved from /home/airflow/.local/lib/python3.12/site-packages/airflow/example_dags/example_bash_operator.py
[2026-09-15T21:13:42.433+0000] {logging_mixin.py:188} INFO - [2026-09-15T21:13:42.433+0000] {dag.py:3089} INFO - Sync 1 DAGs
[2026-09-15T21:13:42.449+0000] {logging_mixin.py:188} INFO - [2026-09-15T21:13:42.449+0000] {dag.py:3947} INFO - Setting next_dagrun for example_bash_operator to 2026-09-14 00:00:00+00:00, run_after=2026-09-15 00:00:00+00:00
[2026-09-15T21:13:42.463+0000] {processor.py:183} INFO - Processing /home/airflow/.local/lib/python3.12/site-packages/airflow/example_dags/example_bash_operator.py took 0.066 seconds
[2026-09-15T21:14:13.372+0000] {processor.py:161} INFO - Started process (PID=1608) to work on /home/airflow/.local/lib/python3.12/site-packages/airflow/example_dags/example_bash_operator.py
[2026-09-15T21:14:13.374+0000] {processor.py:830} INFO - Processing file /home/airflow/.local/lib/python3.12/site-packages/airflow/example_dags/example_bash_operator.py for tasks to queue
[2026-09-15T21:14:13.375+0000] {logging_mixin.py:188} INFO - [2026-09-15T21:14:13.375+0000] {dagbag.py:545} INFO - Filling up the DagBag from /home/airflow/.local/lib/python3.12/site-packages/airflow/example_dags/example_bash_operator.py
[2026-09-15T21:14:13.383+0000] {processor.py:840} INFO - DAG(s) 'example_bash_operator' retrieved from /home/airflow/.local/lib/python3.12/site-packages/airflow/example_dags/example_bash_operator.py
[2026-09-15T21:14:13.403+0000] {logging_mixin.py:188} INFO - [2026-09-15T21:14:13.403+0000] {dag.py:3089} INFO - Sync 1 DAGs
[2026-09-15T21:14:13.419+0000] {logging_mixin.py:188} INFO - [2026-09-15T21:14:13.419+0000] {dag.py:3947} INFO - Setting next_dagrun for example_bash_operator to 2026-09-14 00:00:00+00:00, run_after=2026-09-15 00:00:00+00:00
[2026-09-15T21:14:13.434+0000] {processor.py:183} INFO - Processing /home/airflow/.local/lib/python3.12/site-packages/airflow/example_dags/example_bash_operator.py took 0.065 seconds
[2026-09-15T21:14:43.486+0000] {processor.py:161} INFO - Started process (PID=1666) to work on /home/airflow/.local/lib/python3.12/site-packages/airflow/example_dags/example_bash_operator.py
[2026-09-15T21:14:43.488+0000] {processor.py:830} INFO - Processing file /home/airflow/.local/lib/python3.12/site-packages/airflow/example_dags/example_bash_operator.py for tasks to queue
[2026-09-15T21:14:43.491+0000] {logging_mixin.py:188} INFO - [2026-09-15T21:14:43.490+0000] {dagbag.py:545} INFO - Filling up the DagBag from /home/airflow/.local/lib/python3.12/site-packages/airflow/example_dags/example_bash_operator.py
[2026-09-15T21:14:43.500+0000] {processor.py:840} INFO - DAG(s) 'example_bash_operator' retrieved from /home/airflow/.local/lib/python3.12/site-packages/airflow/example_dags/example_bash_operator.py
[2026-09-15T21:14:43.524+0000] {logging_mixin.py:188} INFO - [2026-09-15T21:14:43.524+0000] {dag.py:3089} INFO - Sync 1 DAGs
[2026-09-15T21:14:43.545+0000] {logging_mixin.py:188} INFO - [2026-09-15T21:14:43.544+0000] {dag.py:3947} INFO - Setting next_dagrun for example_bash_operator to 2026-09-14 00:00:00+00:00, run_after=2026-09-15 00:00:00+00:00
[2026-09-15T21:14:43.562+0000] {processor.py:183} INFO - Processing /home/airflow/.local/lib/python3.12/site-packages/airflow/example_dags/example_bash_operator.py took 0.080 seconds
[2026-09-15T21:15:13.981+0000] {processor.py:161} INFO - Started process (PID=1723) to work on /home/airflow/.local/lib/python3.12/site-packages/airflow/example_dags/example_bash_operator.py
[2026-09-15T21:15:13.982+0000] {processor.py:830} INFO - Processing file /home/airflow/.local/lib/python3.12/site-packages/airflow/example_dags/example_bash_operator.py for tasks to queue
[2026-09-15T21:15:13.984+0000] {logging_mixin.py:188} INFO - [2026-09-15T21:15:13.984+0000] {dagbag.py:545} INFO - Filling up the DagBag from /home/airflow/.local/lib/python3.12/site-packages/airflow/example_dags/example_bash_operator.py
[2026-09-15T21:15:13.991+0000] {processor.py:840} INFO - DAG(s) 'example_bash_operator' retrieved from /home/airflow/.local/lib/python3.12/site-packages/airflow/example_dags/example_bash_operator.py
[2026-09-15T21:15:14.012+0000] {logging_mixin.py:188} INFO - [2026-09-15T21:15:14.012+0000] {dag.py:3089} INFO - Sync 1 DAGs
[2026-09-15T21:15:14.029+0000] {logging_mixin.py:188} INFO - [2026-09-15T21:15:14.029+0000] {dag.py:3947} INFO - Setting next_dagrun for example_bash_operator to 2026-09-14 00:00:00+00:00, run_after=2026-09-15 00:00:00+00:00
[2026-09-15T21:15:14.043+0000] {processor.py:183} INFO - Processing /home/airflow/.local/lib/python3.12/site-packages/airflow/example_dags/example_bash_operator.py took 0.066 seconds
[2026-09-15T21:15:44.724+0000] {processor.py:161} INFO - Started process (PID=1781) to work on /home/airflow/.local/lib/python3.12/site-packages/airflow/example_dags/example_bash_operator.py
[2026-09-15T21:15:44.725+0000] {processor.py:830} INFO - Processing file /home/airflow/.local/lib/python3.12/site-packages/airflow/example_dags/example_bash_operator.py for tasks to queue
[2026-09-15T21:15:44.728+0000] {logging_mixin.py:188} INFO - [2026-09-15T21:15:44.727+0000] {dagbag.py:545} INFO - Filling up the DagBag from /home/airflow/.local/lib/python3.12/site-packages/airflow/example_dags/example_bash_operator.py
[2026-09-15T21:15:44.739+0000] {processor.py:840} INFO - DAG(s) 'example_bash_operator' retrieved from /home/airflow/.local/lib/python3.12/site-packages/airflow/example_dags/example_bash_operator.py
[2026-09-15T21:15:44.765+0000] {logging_mixin.py:188} INFO - [2026-09-15T21:15:44.764+0000] {dag.py:3089} INFO - Sync 1 DAGs
[2026-09-15T21:15:44.785+0000] {logging_mixin.py:188} INFO - [2026-09-15T21:15:44.784+0000] {dag.py:3947} INFO - Setting next_dagrun for example_bash_operator to 2026-09-14 00:00:00+00:00, run_after=2026-09-15 00:00:00+00:00
[2026-09-15T21:15:44.802+0000] {processor.py:183} INFO - Processing /home/airflow/.local/lib/python3.12/site-packages/airflow/example_dags/example_bash_operator.py took 0.084 seconds
[2026-09-15T21:16:15.087+0000] {processor.py:161} INFO - Started process (PID=1839) to work on /home/airflow/.local/lib/python3.12/site-packages/airflow/example_dags/example_bash_operator.py
[2026-09-15T21:16:15.090+0000] {processor.py:830} INFO - Processing file /home/airflow/.local/lib/python3.12/site-packages/airflow/example_dags/example_bash_operator.py for tasks to queue
[2026-09-15T21:16:15.094+0000] {logging_mixin.py:188} INFO - [2026-09-15T21:16:15.093+0000] {dagbag.py:545} INFO - Filling up the DagBag from /home/airflow/.local/lib/python3.12/site-packages/airflow/example_dags/example_bash_operator.py
[2026-09-15T21:16:15.107+0000] {processor.py:840} INFO - DAG(s) 'example_bash_operator' retrieved from /home/airflow/.local/lib/python3.12/site-packages/airflow/example_dags/example_bash_operator.py
[2026-09-15T21:16:15.131+0000] {logging_mixin.py:188} INFO - [2026-09-15T21:16:15.131+0000] {dag.py:3089} INFO - Sync 1 DAGs
[2026-09-15T21:16:15.311+0000] {logging_mixin.py:188} INFO - [2026-09-15T21:16:15.311+0000] {dag.py:3947} INFO - Setting next_dagrun for example_bash_operator to 2026-09-14 00:00:00+00:00, run_after=2026-09-15 00:00:00+00:00
[2026-09-15T21:16:15.329+0000] {processor.py:183} INFO - Processing /home/airflow/.local/lib/python3.12/site-packages/airflow/example_dags/example_bash_operator.py took 0.249 seconds
[2026-09-15T21:17:36.685+0000] {processor.py:161} INFO - Started process (PID=92) to work on /home/airflow/.local/lib/python3.12/site-packages/airflow/example_dags/example_bash_operator.py
[2026-09-15T21:17:36.687+0000] {processor.py:830} INFO - Processing file /home/airflow/.local/lib/python3.12/site-packages/airflow/example_dags/example_bash_operator.py for tasks to queue
[2026-09-15T21:17:36.689+0000] {logging_mixin.py:188} INFO - [2026-09-15T21:17:36.689+0000] {dagbag.py:545} INFO - Filling up the DagBag from /home/airflow/.local/lib/python3.12/site-packages/airflow/example_dags/example_bash_operator.py
[2026-09-15T21:17:36.699+0000] {processor.py:840} INFO - DAG(s) 'example_bash_operator' retrieved from /home/airflow/.local/lib/python3.12/site-packages/airflow/example_dags/example_bash_operator.py
[2026-09-15T21:17:36.711+0000] {logging_mixin.py:188} INFO - [2026-09-15T21:17:36.710+0000] {dag.py:3089} INFO - Sync 1 DAGs
[2026-09-15T21:17:36.729+0000] {logging_mixin.py:188} INFO - [2026-09-15T21:17:36.729+0000] {dag.py:3947} INFO - Setting next_dagrun for example_bash_operator to 2026-09-14 00:00:00+00:00, run_after=2026-09-15 00:00:00+00:00
[2026-09-15T21:17:36.746+0000] {processor.py:183} INFO - Processing /home/airflow/.local/lib/python3.12/site-packages/airflow/example_dags/example_bash_operator.py took 0.066 seconds
[2026-09-15T21:18:08.023+0000] {processor.py:161} INFO - Started process (PID=151) to work on /home/airflow/.local/lib/python3.12/site-packages/airflow/example_dags/example_bash_operator.py
[2026-09-15T21:18:08.024+0000] {processor.py:830} INFO - Processing file /home/airflow/.local/lib/python3.12/site-packages/airflow/example_dags/example_bash_operator.py for tasks to queue
[2026-09-15T21:18:08.027+0000] {logging_mixin.py:188} INFO - [2026-09-15T21:18:08.026+0000] {dagbag.py:545} INFO - Filling up the DagBag from /home/airflow/.local/lib/python3.12/site-packages/airflow/example_dags/example_bash_operator.py
[2026-09-15T21:18:08.037+0000] {processor.py:840} INFO - DAG(s) 'example_bash_operator' retrieved from /home/airflow/.local/lib/python3.12/site-packages/airflow/example_dags/example_bash_operator.py
[2026-09-15T21:18:08.121+0000] {logging_mixin.py:188} INFO - [2026-09-15T21:18:08.121+0000] {dag.py:3089} INFO - Sync 1 DAGs
[2026-09-15T21:18:08.140+0000] {logging_mixin.py:188} INFO - [2026-09-15T21:18:08.140+0000] {dag.py:3947} INFO - Setting next_dagrun for example_bash_operator to 2026-09-14 00:00:00+00:00, run_after=2026-09-15 00:00:00+00:00
[2026-09-15T21:18:08.159+0000] {processor.py:183} INFO - Processing /home/airflow/.local/lib/python3.12/site-packages/airflow/example_dags/example_bash_operator.py took 0.141 seconds
[2026-09-15T21:18:38.466+0000] {processor.py:161} INFO - Started process (PID=209) to work on /home/airflow/.local/lib/python3.12/site-packages/airflow/example_dags/example_bash_operator.py
[2026-09-15T21:18:38.467+0000] {processor.py:830} INFO - Processing file /home/airflow/.local/lib/python3.12/site-packages/airflow/example_dags/example_bash_operator.py for tasks to queue
[2026-09-15T21:18:38.469+0000] {logging_mixin.py:188} INFO - [2026-09-15T21:18:38.469+0000] {dagbag.py:545} INFO - Filling up the DagBag from /home/airflow/.local/lib/python3.12/site-packages/airflow/example_dags/example_bash_operator.py
[2026-09-15T21:18:38.477+0000] {processor.py:840} INFO - DAG(s) 'example_bash_operator' retrieved from /home/airflow/.local/lib/python3.12/site-packages/airflow/example_dags/example_bash_operator.py
[2026-09-15T21:18:38.497+0000] {logging_mixin.py:188} INFO - [2026-09-15T21:18:38.497+0000] {dag.py:3089} INFO - Sync 1 DAGs
[2026-09-15T21:18:38.514+0000] {logging_mixin.py:188} INFO - [2026-09-15T21:18:38.514+0000] {dag.py:3947} INFO - Setting next_dagrun for example_bash_operator to 2026-09-14 00:00:00+00:00, run_after=2026-09-15 00:00:00+00:00
[2026-09-15T21:18:38.532+0000] {processor.py:183} INFO - Processing /home/airflow/.local/lib/python3.12/site-packages/airflow/example_dags/example_bash_operator.py took 0.070 seconds
[2026-09-15T21:19:09.208+0000] {processor.py:161} INFO - Started process (PID=267) to work on /home/airflow/.local/lib/python3.12/site-packages/airflow/example_dags/example_bash_operator.py
[2026-09-15T21:19:09.209+0000] {processor.py:830} INFO - Processing file /home/airflow/.local/lib/python3.12/site-packages/airflow/example_dags/example_bash_operator.py for tasks to queue
[2026-09-15T21:19:09.211+0000] {logging_mixin.py:188} INFO - [2026-09-15T21:19:09.210+0000] {dagbag.py:545} INFO - Filling up the DagBag from /home/airflow/.local/lib/python3.12/site-packages/airflow/example_dags/example_bash_operator.py
[2026-09-15T21:19:09.218+0000] {processor.py:840} INFO - DAG(s) 'example_bash_operator' retrieved from /home/airflow/.local/lib/python3.12/site-packages/airflow/example_dags/example_bash_operator.py
[2026-09-15T21:19:09.239+0000] {logging_mixin.py:188} INFO - [2026-09-15T21:19:09.239+0000] {dag.py:3089} INFO - Sync 1 DAGs
[2026-09-15T21:19:09.256+0000] {logging_mixin.py:188} INFO - [2026-09-15T21:19:09.256+0000] {dag.py:3947} INFO - Setting next_dagrun for example_bash_operator to 2026-09-14 00:00:00+00:00, run_after=2026-09-15 00:00:00+00:00
[2026-09-15T21:19:09.271+0000] {processor.py:183} INFO - Processing /home/airflow/.local/lib/python3.12/site-packages/airflow/example_dags/example_bash_operator.py took 0.067 seconds
[2026-09-15T21:19:39.880+0000] {processor.py:161} INFO - Started process (PID=325) to work on /home/airflow/.local/lib/python3.12/site-packages/airflow/example_dags/example_bash_operator.py
[2026-09-15T21:19:39.881+0000] {processor.py:830} INFO - Processing file /home/airflow/.local/lib/python3.12/site-packages/airflow/example_dags/example_bash_operator.py for tasks to queue
[2026-09-15T21:19:39.883+0000] {logging_mixin.py:188} INFO - [2026-09-15T21:19:39.883+0000] {dagbag.py:545} INFO - Filling up the DagBag from /home/airflow/.local/lib/python3.12/site-packages/airflow/example_dags/example_bash_operator.py
[2026-09-15T21:19:39.891+0000] {processor.py:840} INFO - DAG(s) 'example_bash_operator' retrieved from /home/airflow/.local/lib/python3.12/site-packages/airflow/example_dags/example_bash_operator.py
[2026-09-15T21:19:39.911+0000] {logging_mixin.py:188} INFO - [2026-09-15T21:19:39.911+0000] {dag.py:3089} INFO - Sync 1 DAGs
[2026-09-15T21:19:39.928+0000] {logging_mixin.py:188} INFO - [2026-09-15T21:19:39.927+0000] {dag.py:3947} INFO - Setting next_dagrun for example_bash_operator to 2026-09-14 00:00:00+00:00, run_after=2026-09-15 00:00:00+00:00
[2026-09-15T21:19:39.943+0000] {processor.py:183} INFO - Processing /home/airflow/.local/lib/python3.12/site-packages/airflow/example_dags/example_bash_operator.py took 0.067 seconds
[2026-09-15T21:20:10.124+0000] {processor.py:161} INFO - Started process (PID=383) to work on /home/airflow/.local/lib/python3.12/site-packages/airflow/example_dags/example_bash_operator.py
[2026-09-15T21:20:10.125+0000] {processor.py:830} INFO - Processing file /home/airflow/.local/lib/python3.12/site-packages/airflow/example_dags/example_bash_operator.py for tasks to queue
[2026-09-15T21:20:10.127+0000] {logging_mixin.py:188} INFO - [2026-09-15T21:20:10.127+0000] {dagbag.py:545} INFO - Filling up the DagBag from /home/airflow/.local/lib/python3.12/site-packages/airflow/example_dags/example_bash_operator.py
[2026-09-15T21:20:10.135+0000] {processor.py:840} INFO - DAG(s) 'example_bash_operator' retrieved from /home/airflow/.local/lib/python3.12/site-packages/airflow/example_dags/example_bash_operator.py
[2026-09-15T21:20:10.155+0000] {logging_mixin.py:188} INFO - [2026-09-15T21:20:10.155+0000] {dag.py:3089} INFO - Sync 1 DAGs
[2026-09-15T21:20:10.172+0000] {logging_mixin.py:188} INFO - [2026-09-15T21:20:10.171+0000] {dag.py:3947} INFO - Setting next_dagrun for example_bash_operator to 2026-09-14 00:00:00+00:00, run_after=2026-09-15 00:00:00+00:00
[2026-09-15T21:20:10.186+0000] {processor.py:183} INFO - Processing /home/airflow/.local/lib/python3.12/site-packages/airflow/example_dags/example_bash_operator.py took 0.066 seconds
[2026-09-15T21:20:40.355+0000] {processor.py:161} INFO - Started process (PID=441) to work on /home/airflow/.local/lib/python3.12/site-packages/airflow/example_dags/example_bash_operator.py
[2026-09-15T21:20:40.357+0000] {processor.py:830} INFO - Processing file /home/airflow/.local/lib/python3.12/site-packages/airflow/example_dags/example_bash_operator.py for tasks to queue
[2026-09-15T21:20:40.360+0000] {logging_mixin.py:188} INFO - [2026-09-15T21:20:40.359+0000] {dagbag.py:545} INFO - Filling up the DagBag from /home/airflow/.local/lib/python3.12/site-packages/airflow/example_dags/example_bash_operator.py
[2026-09-15T21:20:40.371+0000] {processor.py:840} INFO - DAG(s) 'example_bash_operator' retrieved from /home/airflow/.local/lib/python3.12/site-packages/airflow/example_dags/example_bash_operator.py
[2026-09-15T21:20:40.393+0000] {logging_mixin.py:188} INFO - [2026-09-15T21:20:40.393+0000] {dag.py:3089} INFO - Sync 1 DAGs
[2026-09-15T21:20:40.412+0000] {logging_mixin.py:188} INFO - [2026-09-15T21:20:40.412+0000] {dag.py:3947} INFO - Setting next_dagrun for example_bash_operator to 2026-09-14 00:00:00+00:00, run_after=2026-09-15 00:00:00+00:00
[2026-09-15T21:20:40.428+0000] {processor.py:183} INFO - Processing /home/airflow/.local/lib/python3.12/site-packages/airflow/example_dags/example_bash_operator.py took 0.079 seconds
[2026-09-15T21:22:08.637+0000] {processor.py:161} INFO - Started process (PID=355) to work on /home/airflow/.local/lib/python3.12/site-packages/airflow/example_dags/example_bash_operator.py
[2026-09-15T21:22:08.639+0000] {processor.py:830} INFO - Processing file /home/airflow/.local/lib/python3.12/site-packages/airflow/example_dags/example_bash_operator.py for tasks to queue
[2026-09-15T21:22:08.642+0000] {logging_mixin.py:188} INFO - [2026-09-15T21:22:08.641+0000] {dagbag.py:545} INFO - Filling up the DagBag from /home/airflow/.local/lib/python3.12/site-packages/airflow/example_dags/example_bash_operator.py
[2026-09-15T21:22:08.654+0000] {processor.py:840} INFO - DAG(s) 'example_bash_operator' retrieved from /home/airflow/.local/lib/python3.12/site-packages/airflow/example_dags/example_bash_operator.py
[2026-09-15T21:22:08.669+0000] {logging_mixin.py:188} INFO - [2026-09-15T21:22:08.669+0000] {dag.py:3089} INFO - Sync 1 DAGs
[2026-09-15T21:22:08.690+0000] {logging_mixin.py:188} INFO - [2026-09-15T21:22:08.690+0000] {dag.py:3947} INFO - Setting next_dagrun for example_bash_operator to 2026-09-14 00:00:00+00:00, run_after=2026-09-15 00:00:00+00:00
[2026-09-15T21:22:08.710+0000] {processor.py:183} INFO - Processing /home/airflow/.local/lib/python3.12/site-packages/airflow/example_dags/example_bash_operator.py took 0.078 seconds
[2026-09-15T21:22:40.212+0000] {processor.py:161} INFO - Started process (PID=623) to work on /home/airflow/.local/lib/python3.12/site-packages/airflow/example_dags/example_bash_operator.py
[2026-09-15T21:22:40.214+0000] {processor.py:830} INFO - Processing file /home/airflow/.local/lib/python3.12/site-packages/airflow/example_dags/example_bash_operator.py for tasks to queue
[2026-09-15T21:22:40.216+0000] {logging_mixin.py:188} INFO - [2026-09-15T21:22:40.215+0000] {dagbag.py:545} INFO - Filling up the DagBag from /home/airflow/.local/lib/python3.12/site-packages/airflow/example_dags/example_bash_operator.py
[2026-09-15T21:22:40.224+0000] {processor.py:840} INFO - DAG(s) 'example_bash_operator' retrieved from /home/airflow/.local/lib/python3.12/site-packages/airflow/example_dags/example_bash_operator.py
[2026-09-15T21:22:40.302+0000] {logging_mixin.py:188} INFO - [2026-09-15T21:22:40.302+0000] {dag.py:3089} INFO - Sync 1 DAGs
[2026-09-15T21:22:40.317+0000] {logging_mixin.py:188} INFO - [2026-09-15T21:22:40.317+0000] {dag.py:3947} INFO - Setting next_dagrun for example_bash_operator to 2026-09-14 00:00:00+00:00, run_after=2026-09-15 00:00:00+00:00
[2026-09-15T21:22:40.334+0000] {processor.py:183} INFO - Processing /home/airflow/.local/lib/python3.12/site-packages/airflow/example_dags/example_bash_operator.py took 0.127 seconds
[2026-09-15T21:23:10.568+0000] {processor.py:161} INFO - Started process (PID=883) to work on /home/airflow/.local/lib/python3.12/site-packages/airflow/example_dags/example_bash_operator.py
[2026-09-15T21:23:10.570+0000] {processor.py:830} INFO - Processing file /home/airflow/.local/lib/python3.12/site-packages/airflow/example_dags/example_bash_operator.py for tasks to queue
[2026-09-15T21:23:10.572+0000] {logging_mixin.py:188} INFO - [2026-09-15T21:23:10.572+0000] {dagbag.py:545} INFO - Filling up the DagBag from /home/airflow/.local/lib/python3.12/site-packages/airflow/example_dags/example_bash_operator.py
[2026-09-15T21:23:10.580+0000] {processor.py:840} INFO - DAG(s) 'example_bash_operator' retrieved from /home/airflow/.local/lib/python3.12/site-packages/airflow/example_dags/example_bash_operator.py
[2026-09-15T21:23:10.601+0000] {logging_mixin.py:188} INFO - [2026-09-15T21:23:10.600+0000] {dag.py:3089} INFO - Sync 1 DAGs
[2026-09-15T21:23:10.617+0000] {logging_mixin.py:188} INFO - [2026-09-15T21:23:10.617+0000] {dag.py:3947} INFO - Setting next_dagrun for example_bash_operator to 2026-09-14 00:00:00+00:00, run_after=2026-09-15 00:00:00+00:00
[2026-09-15T21:23:10.632+0000] {processor.py:183} INFO - Processing /home/airflow/.local/lib/python3.12/site-packages/airflow/example_dags/example_bash_operator.py took 0.068 seconds
[2026-09-15T21:23:40.745+0000] {processor.py:161} INFO - Started process (PID=1145) to work on /home/airflow/.local/lib/python3.12/site-packages/airflow/example_dags/example_bash_operator.py
[2026-09-15T21:23:40.746+0000] {processor.py:830} INFO - Processing file /home/airflow/.local/lib/python3.12/site-packages/airflow/example_dags/example_bash_operator.py for tasks to queue
[2026-09-15T21:23:40.748+0000] {logging_mixin.py:188} INFO - [2026-09-15T21:23:40.748+0000] {dagbag.py:545} INFO - Filling up the DagBag from /home/airflow/.local/lib/python3.12/site-packages/airflow/example_dags/example_bash_operator.py
[2026-09-15T21:23:40.757+0000] {processor.py:840} INFO - DAG(s) 'example_bash_operator' retrieved from /home/airflow/.local/lib/python3.12/site-packages/airflow/example_dags/example_bash_operator.py
[2026-09-15T21:23:40.777+0000] {logging_mixin.py:188} INFO - [2026-09-15T21:23:40.777+0000] {dag.py:3089} INFO - Sync 1 DAGs
[2026-09-15T21:23:40.793+0000] {logging_mixin.py:188} INFO - [2026-09-15T21:23:40.792+0000] {dag.py:3947} INFO - Setting next_dagrun for example_bash_operator to 2026-09-14 00:00:00+00:00, run_after=2026-09-15 00:00:00+00:00
[2026-09-15T21:23:40.806+0000] {processor.py:183} INFO - Processing /home/airflow/.local/lib/python3.12/site-packages/airflow/example_dags/example_bash_operator.py took 0.066 seconds
[2026-09-15T21:24:10.916+0000] {processor.py:161} INFO - Started process (PID=1407) to work on /home/airflow/.local/lib/python3.12/site-packages/airflow/example_dags/example_bash_operator.py
[2026-09-15T21:24:10.917+0000] {processor.py:830} INFO - Processing file /home/airflow/.local/lib/python3.12/site-packages/airflow/example_dags/example_bash_operator.py for tasks to queue
[2026-09-15T21:24:10.919+0000] {logging_mixin.py:188} INFO - [2026-09-15T21:24:10.919+0000] {dagbag.py:545} INFO - Filling up the DagBag from /home/airflow/.local/lib/python3.12/site-packages/airflow/example_dags/example_bash_operator.py
[2026-09-15T21:24:10.927+0000] {processor.py:840} INFO - DAG(s) 'example_bash_operator' retrieved from /home/airflow/.local/lib/python3.12/site-packages/airflow/example_dags/example_bash_operator.py
[2026-09-15T21:24:10.948+0000] {logging_mixin.py:188} INFO - [2026-09-15T21:24:10.948+0000] {dag.py:3089} INFO - Sync 1 DAGs
[2026-09-15T21:24:10.965+0000] {logging_mixin.py:188} INFO - [2026-09-15T21:24:10.965+0000] {dag.py:3947} INFO - Setting next_dagrun for example_bash_operator to 2026-09-14 00:00:00+00:00, run_after=2026-09-15 00:00:00+00:00
[2026-09-15T21:24:10.980+0000] {processor.py:183} INFO - Processing /home/airflow/.local/lib/python3.12/site-packages/airflow/example_dags/example_bash_operator.py took 0.068 seconds
[2026-09-15T21:24:41.126+0000] {processor.py:161} INFO - Started process (PID=1669) to work on /home/airflow/.local/lib/python3.12/site-packages/airflow/example_dags/example_bash_operator.py
[2026-09-15T21:24:41.127+0000] {processor.py:830} INFO - Processing file /home/airflow/.local/lib/python3.12/site-packages/airflow/example_dags/example_bash_operator.py for tasks to queue
[2026-09-15T21:24:41.129+0000] {logging_mixin.py:188} INFO - [2026-09-15T21:24:41.129+0000] {dagbag.py:545} INFO - Filling up the DagBag from /home/airflow/.local/lib/python3.12/site-packages/airflow/example_dags/example_bash_operator.py
[2026-09-15T21:24:41.138+0000] {processor.py:840} INFO - DAG(s) 'example_bash_operator' retrieved from /home/airflow/.local/lib/python3.12/site-packages/airflow/example_dags/example_bash_operator.py
[2026-09-15T21:24:41.158+0000] {logging_mixin.py:188} INFO - [2026-09-15T21:24:41.158+0000] {dag.py:3089} INFO - Sync 1 DAGs
[2026-09-15T21:24:41.175+0000] {logging_mixin.py:188} INFO - [2026-09-15T21:24:41.175+0000] {dag.py:3947} INFO - Setting next_dagrun for example_bash_operator to 2026-09-14 00:00:00+00:00, run_after=2026-09-15 00:00:00+00:00
[2026-09-15T21:24:41.191+0000] {processor.py:183} INFO - Processing /home/airflow/.local/lib/python3.12/site-packages/airflow/example_dags/example_bash_operator.py took 0.069 seconds
[2026-09-15T21:25:11.342+0000] {processor.py:161} INFO - Started process (PID=1931) to work on /home/airflow/.local/lib/python3.12/site-packages/airflow/example_dags/example_bash_operator.py
[2026-09-15T21:25:11.344+0000] {processor.py:830} INFO - Processing file /home/airflow/.local/lib/python3.12/site-packages/airflow/example_dags/example_bash_operator.py for tasks to queue
[2026-09-15T21:25:11.346+0000] {logging_mixin.py:188} INFO - [2026-09-15T21:25:11.345+0000] {dagbag.py:545} INFO - Filling up the DagBag from /home/airflow/.local/lib/python3.12/site-packages/airflow/example_dags/example_bash_operator.py
[2026-09-15T21:25:11.354+0000] {processor.py:840} INFO - DAG(s) 'example_bash_operator' retrieved from /home/airflow/.local/lib/python3.12/site-packages/airflow/example_dags/example_bash_operator.py
[2026-09-15T21:25:11.375+0000] {logging_mixin.py:188} INFO - [2026-09-15T21:25:11.375+0000] {dag.py:3089} INFO - Sync 1 DAGs
[2026-09-15T21:25:11.391+0000] {logging_mixin.py:188} INFO - [2026-09-15T21:25:11.390+0000] {dag.py:3947} INFO - Setting next_dagrun for example_bash_operator to 2026-09-14 00:00:00+00:00, run_after=2026-09-15 00:00:00+00:00
[2026-09-15T21:25:11.405+0000] {processor.py:183} INFO - Processing /home/airflow/.local/lib/python3.12/site-packages/airflow/example_dags/example_bash_operator.py took 0.068 seconds
[2026-09-15T21:25:41.766+0000] {processor.py:161} INFO - Started process (PID=2193) to work on /home/airflow/.local/lib/python3.12/site-packages/airflow/example_dags/example_bash_operator.py
[2026-09-15T21:25:41.767+0000] {processor.py:830} INFO - Processing file /home/airflow/.local/lib/python3.12/site-packages/airflow/example_dags/example_bash_operator.py for tasks to queue
[2026-09-15T21:25:41.769+0000] {logging_mixin.py:188} INFO - [2026-09-15T21:25:41.769+0000] {dagbag.py:545} INFO - Filling up the DagBag from /home/airflow/.local/lib/python3.12/site-packages/airflow/example_dags/example_bash_operator.py
[2026-09-15T21:25:41.776+0000] {processor.py:840} INFO - DAG(s) 'example_bash_operator' retrieved from /home/airflow/.local/lib/python3.12/site-packages/airflow/example_dags/example_bash_operator.py
[2026-09-15T21:25:41.796+0000] {logging_mixin.py:188} INFO - [2026-09-15T21:25:41.796+0000] {dag.py:3089} INFO - Sync 1 DAGs
[2026-09-15T21:25:41.811+0000] {logging_mixin.py:188} INFO - [2026-09-15T21:25:41.811+0000] {dag.py:3947} INFO - Setting next_dagrun for example_bash_operator to 2026-09-14 00:00:00+00:00, run_after=2026-09-15 00:00:00+00:00
[2026-09-15T21:25:41.826+0000] {processor.py:183} INFO - Processing /home/airflow/.local/lib/python3.12/site-packages/airflow/example_dags/example_bash_operator.py took 0.064 seconds
[2026-09-15T21:26:11.967+0000] {processor.py:161} INFO - Started process (PID=2457) to work on /home/airflow/.local/lib/python3.12/site-packages/airflow/example_dags/example_bash_operator.py
[2026-09-15T21:26:11.968+0000] {processor.py:830} INFO - Processing file /home/airflow/.local/lib/python3.12/site-packages/airflow/example_dags/example_bash_operator.py for tasks to queue
[2026-09-15T21:26:11.970+0000] {logging_mixin.py:188} INFO - [2026-09-15T21:26:11.970+0000] {dagbag.py:545} INFO - Filling up the DagBag from /home/airflow/.local/lib/python3.12/site-packages/airflow/example_dags/example_bash_operator.py
[2026-09-15T21:26:11.978+0000] {processor.py:840} INFO - DAG(s) 'example_bash_operator' retrieved from /home/airflow/.local/lib/python3.12/site-packages/airflow/example_dags/example_bash_operator.py
[2026-09-15T21:26:11.997+0000] {logging_mixin.py:188} INFO - [2026-09-15T21:26:11.997+0000] {dag.py:3089} INFO - Sync 1 DAGs
[2026-09-15T21:26:12.012+0000] {logging_mixin.py:188} INFO - [2026-09-15T21:26:12.012+0000] {dag.py:3947} INFO - Setting next_dagrun for example_bash_operator to 2026-09-14 00:00:00+00:00, run_after=2026-09-15 00:00:00+00:00
[2026-09-15T21:26:12.025+0000] {processor.py:183} INFO - Processing /home/airflow/.local/lib/python3.12/site-packages/airflow/example_dags/example_bash_operator.py took 0.062 seconds
[2026-09-15T21:26:42.087+0000] {processor.py:161} INFO - Started process (PID=2719) to work on /home/airflow/.local/lib/python3.12/site-packages/airflow/example_dags/example_bash_operator.py
[2026-09-15T21:26:42.088+0000] {processor.py:830} INFO - Processing file /home/airflow/.local/lib/python3.12/site-packages/airflow/example_dags/example_bash_operator.py for tasks to queue
[2026-09-15T21:26:42.089+0000] {logging_mixin.py:188} INFO - [2026-09-15T21:26:42.089+0000] {dagbag.py:545} INFO - Filling up the DagBag from /home/airflow/.local/lib/python3.12/site-packages/airflow/example_dags/example_bash_operator.py
[2026-09-15T21:26:42.097+0000] {processor.py:840} INFO - DAG(s) 'example_bash_operator' retrieved from /home/airflow/.local/lib/python3.12/site-packages/airflow/example_dags/example_bash_operator.py
[2026-09-15T21:26:42.116+0000] {logging_mixin.py:188} INFO - [2026-09-15T21:26:42.115+0000] {dag.py:3089} INFO - Sync 1 DAGs
[2026-09-15T21:26:42.131+0000] {logging_mixin.py:188} INFO - [2026-09-15T21:26:42.131+0000] {dag.py:3947} INFO - Setting next_dagrun for example_bash_operator to 2026-09-14 00:00:00+00:00, run_after=2026-09-15 00:00:00+00:00
[2026-09-15T21:26:42.144+0000] {processor.py:183} INFO - Processing /home/airflow/.local/lib/python3.12/site-packages/airflow/example_dags/example_bash_operator.py took 0.062 seconds
[2026-09-15T21:27:12.195+0000] {processor.py:161} INFO - Started process (PID=2979) to work on /home/airflow/.local/lib/python3.12/site-packages/airflow/example_dags/example_bash_operator.py
[2026-09-15T21:27:12.197+0000] {processor.py:830} INFO - Processing file /home/airflow/.local/lib/python3.12/site-packages/airflow/example_dags/example_bash_operator.py for tasks to queue
[2026-09-15T21:27:12.198+0000] {logging_mixin.py:188} INFO - [2026-09-15T21:27:12.198+0000] {dagbag.py:545} INFO - Filling up the DagBag from /home/airflow/.local/lib/python3.12/site-packages/airflow/example_dags/example_bash_operator.py
[2026-09-15T21:27:12.206+0000] {processor.py:840} INFO - DAG(s) 'example_bash_operator' retrieved from /home/airflow/.local/lib/python3.12/site-packages/airflow/example_dags/example_bash_operator.py
[2026-09-15T21:27:12.225+0000] {logging_mixin.py:188} INFO - [2026-09-15T21:27:12.225+0000] {dag.py:3089} INFO - Sync 1 DAGs
[2026-09-15T21:27:12.242+0000] {logging_mixin.py:188} INFO - [2026-09-15T21:27:12.242+0000] {dag.py:3947} INFO - Setting next_dagrun for example_bash_operator to 2026-09-14 00:00:00+00:00, run_after=2026-09-15 00:00:00+00:00
[2026-09-15T21:27:12.256+0000] {processor.py:183} INFO - Processing /home/airflow/.local/lib/python3.12/site-packages/airflow/example_dags/example_bash_operator.py took 0.064 seconds
[2026-09-15T21:27:42.484+0000] {processor.py:161} INFO - Started process (PID=3241) to work on /home/airflow/.local/lib/python3.12/site-packages/airflow/example_dags/example_bash_operator.py
[2026-09-15T21:27:42.485+0000] {processor.py:830} INFO - Processing file /home/airflow/.local/lib/python3.12/site-packages/airflow/example_dags/example_bash_operator.py for tasks to queue
[2026-09-15T21:27:42.487+0000] {logging_mixin.py:188} INFO - [2026-09-15T21:27:42.487+0000] {dagbag.py:545} INFO - Filling up the DagBag from /home/airflow/.local/lib/python3.12/site-packages/airflow/example_dags/example_bash_operator.py
[2026-09-15T21:27:42.495+0000] {processor.py:840} INFO - DAG(s) 'example_bash_operator' retrieved from /home/airflow/.local/lib/python3.12/site-packages/airflow/example_dags/example_bash_operator.py
[2026-09-15T21:27:42.519+0000] {logging_mixin.py:188} INFO - [2026-09-15T21:27:42.518+0000] {dag.py:3089} INFO - Sync 1 DAGs
[2026-09-15T21:27:42.541+0000] {logging_mixin.py:188} INFO - [2026-09-15T21:27:42.541+0000] {dag.py:3947} INFO - Setting next_dagrun for example_bash_operator to 2026-09-14 00:00:00+00:00, run_after=2026-09-15 00:00:00+00:00
[2026-09-15T21:27:42.557+0000] {processor.py:183} INFO - Processing /home/airflow/.local/lib/python3.12/site-packages/airflow/example_dags/example_bash_operator.py took 0.076 seconds
[2026-09-15T21:28:13.119+0000] {processor.py:161} INFO - Started process (PID=3503) to work on /home/airflow/.local/lib/python3.12/site-packages/airflow/example_dags/example_bash_operator.py
[2026-09-15T21:28:13.120+0000] {processor.py:830} INFO - Processing file /home/airflow/.local/lib/python3.12/site-packages/airflow/example_dags/example_bash_operator.py for tasks to queue
[2026-09-15T21:28:13.122+0000] {logging_mixin.py:188} INFO - [2026-09-15T21:28:13.121+0000] {dagbag.py:545} INFO - Filling up the DagBag from /home/airflow/.local/lib/python3.12/site-packages/airflow/example_dags/example_bash_operator.py
[2026-09-15T21:28:13.130+0000] {processor.py:840} INFO - DAG(s) 'example_bash_operator' retrieved from /home/airflow/.local/lib/python3.12/site-packages/airflow/example_dags/example_bash_operator.py
[2026-09-15T21:28:13.150+0000] {logging_mixin.py:188} INFO - [2026-09-15T21:28:13.150+0000] {dag.py:3089} INFO - Sync 1 DAGs
[2026-09-15T21:28:13.166+0000] {logging_mixin.py:188} INFO - [2026-09-15T21:28:13.166+0000] {dag.py:3947} INFO - Setting next_dagrun for example_bash_operator to 2026-09-14 00:00:00+00:00, run_after=2026-09-15 00:00:00+00:00
[2026-09-15T21:28:13.180+0000] {processor.py:183} INFO - Processing /home/airflow/.local/lib/python3.12/site-packages/airflow/example_dags/example_bash_operator.py took 0.066 seconds
[2026-09-15T21:28:44.048+0000] {processor.py:161} INFO - Started process (PID=3765) to work on /home/airflow/.local/lib/python3.12/site-packages/airflow/example_dags/example_bash_operator.py
[2026-09-15T21:28:44.049+0000] {processor.py:830} INFO - Processing file /home/airflow/.local/lib/python3.12/site-packages/airflow/example_dags/example_bash_operator.py for tasks to queue
[2026-09-15T21:28:44.051+0000] {logging_mixin.py:188} INFO - [2026-09-15T21:28:44.051+0000] {dagbag.py:545} INFO - Filling up the DagBag from /home/airflow/.local/lib/python3.12/site-packages/airflow/example_dags/example_bash_operator.py
[2026-09-15T21:28:44.060+0000] {processor.py:840} INFO - DAG(s) 'example_bash_operator' retrieved from /home/airflow/.local/lib/python3.12/site-packages/airflow/example_dags/example_bash_operator.py
[2026-09-15T21:28:44.080+0000] {logging_mixin.py:188} INFO - [2026-09-15T21:28:44.080+0000] {dag.py:3089} INFO - Sync 1 DAGs
[2026-09-15T21:28:44.096+0000] {logging_mixin.py:188} INFO - [2026-09-15T21:28:44.095+0000] {dag.py:3947} INFO - Setting next_dagrun for example_bash_operator to 2026-09-14 00:00:00+00:00, run_after=2026-09-15 00:00:00+00:00
[2026-09-15T21:28:44.109+0000] {processor.py:183} INFO - Processing /home/airflow/.local/lib/python3.12/site-packages/airflow/example_dags/example_bash_operator.py took 0.065 seconds
[2026-09-15T21:29:14.230+0000] {processor.py:161} INFO - Started process (PID=4027) to work on /home/airflow/.local/lib/python3.12/site-packages/airflow/example_dags/example_bash_operator.py
[2026-09-15T21:29:14.231+0000] {processor.py:830} INFO - Processing file /home/airflow/.local/lib/python3.12/site-packages/airflow/example_dags/example_bash_operator.py for tasks to queue
[2026-09-15T21:29:14.233+0000] {logging_mixin.py:188} INFO - [2026-09-15T21:29:14.233+0000] {dagbag.py:545} INFO - Filling up the DagBag from /home/airflow/.local/lib/python3.12/site-packages/airflow/example_dags/example_bash_operator.py
[2026-09-15T21:29:14.241+0000] {processor.py:840} INFO - DAG(s) 'example_bash_operator' retrieved from /home/airflow/.local/lib/python3.12/site-packages/airflow/example_dags/example_bash_operator.py
[2026-09-15T21:29:14.261+0000] {logging_mixin.py:188} INFO - [2026-09-15T21:29:14.261+0000] {dag.py:3089} INFO - Sync 1 DAGs
[2026-09-15T21:29:14.277+0000] {logging_mixin.py:188} INFO - [2026-09-15T21:29:14.277+0000] {dag.py:3947} INFO - Setting next_dagrun for example_bash_operator to 2026-09-14 00:00:00+00:00, run_after=2026-09-15 00:00:00+00:00
[2026-09-15T21:29:14.291+0000] {processor.py:183} INFO - Processing /home/airflow/.local/lib/python3.12/site-packages/airflow/example_dags/example_bash_operator.py took 0.066 seconds
[2026-09-15T21:29:44.780+0000] {processor.py:161} INFO - Started process (PID=4298) to work on /home/airflow/.local/lib/python3.12/site-packages/airflow/example_dags/example_bash_operator.py
[2026-09-15T21:29:44.782+0000] {processor.py:830} INFO - Processing file /home/airflow/.local/lib/python3.12/site-packages/airflow/example_dags/example_bash_operator.py for tasks to queue
[2026-09-15T21:29:44.784+0000] {logging_mixin.py:188} INFO - [2026-09-15T21:29:44.784+0000] {dagbag.py:545} INFO - Filling up the DagBag from /home/airflow/.local/lib/python3.12/site-packages/airflow/example_dags/example_bash_operator.py
[2026-09-15T21:29:44.793+0000] {processor.py:840} INFO - DAG(s) 'example_bash_operator' retrieved from /home/airflow/.local/lib/python3.12/site-packages/airflow/example_dags/example_bash_operator.py
[2026-09-15T21:29:44.817+0000] {logging_mixin.py:188} INFO - [2026-09-15T21:29:44.817+0000] {dag.py:3089} INFO - Sync 1 DAGs
[2026-09-15T21:29:44.836+0000] {logging_mixin.py:188} INFO - [2026-09-15T21:29:44.835+0000] {dag.py:3947} INFO - Setting next_dagrun for example_bash_operator to 2026-09-14 00:00:00+00:00, run_after=2026-09-15 00:00:00+00:00
[2026-09-15T21:29:44.852+0000] {processor.py:183} INFO - Processing /home/airflow/.local/lib/python3.12/site-packages/airflow/example_dags/example_bash_operator.py took 0.078 seconds
[2026-09-15T21:30:14.981+0000] {processor.py:161} INFO - Started process (PID=4566) to work on /home/airflow/.local/lib/python3.12/site-packages/airflow/example_dags/example_bash_operator.py
[2026-09-15T21:30:14.982+0000] {processor.py:830} INFO - Processing file /home/airflow/.local/lib/python3.12/site-packages/airflow/example_dags/example_bash_operator.py for tasks to queue
[2026-09-15T21:30:14.985+0000] {logging_mixin.py:188} INFO - [2026-09-15T21:30:14.984+0000] {dagbag.py:545} INFO - Filling up the DagBag from /home/airflow/.local/lib/python3.12/site-packages/airflow/example_dags/example_bash_operator.py
[2026-09-15T21:30:14.994+0000] {processor.py:840} INFO - DAG(s) 'example_bash_operator' retrieved from /home/airflow/.local/lib/python3.12/site-packages/airflow/example_dags/example_bash_operator.py
[2026-09-15T21:30:15.016+0000] {logging_mixin.py:188} INFO - [2026-09-15T21:30:15.016+0000] {dag.py:3089} INFO - Sync 1 DAGs
[2026-09-15T21:30:15.035+0000] {logging_mixin.py:188} INFO - [2026-09-15T21:30:15.034+0000] {dag.py:3947} INFO - Setting next_dagrun for example_bash_operator to 2026-09-14 00:00:00+00:00, run_after=2026-09-15 00:00:00+00:00
[2026-09-15T21:30:15.058+0000] {processor.py:183} INFO - Processing /home/airflow/.local/lib/python3.12/site-packages/airflow/example_dags/example_bash_operator.py took 0.081 seconds
[2026-09-15T21:30:45.626+0000] {processor.py:161} INFO - Started process (PID=4823) to work on /home/airflow/.local/lib/python3.12/site-packages/airflow/example_dags/example_bash_operator.py
[2026-09-15T21:30:45.627+0000] {processor.py:830} INFO - Processing file /home/airflow/.local/lib/python3.12/site-packages/airflow/example_dags/example_bash_operator.py for tasks to queue
[2026-09-15T21:30:45.629+0000] {logging_mixin.py:188} INFO - [2026-09-15T21:30:45.629+0000] {dagbag.py:545} INFO - Filling up the DagBag from /home/airflow/.local/lib/python3.12/site-packages/airflow/example_dags/example_bash_operator.py
[2026-09-15T21:30:45.637+0000] {processor.py:840} INFO - DAG(s) 'example_bash_operator' retrieved from /home/airflow/.local/lib/python3.12/site-packages/airflow/example_dags/example_bash_operator.py
[2026-09-15T21:30:45.657+0000] {logging_mixin.py:188} INFO - [2026-09-15T21:30:45.657+0000] {dag.py:3089} INFO - Sync 1 DAGs
[2026-09-15T21:30:45.672+0000] {logging_mixin.py:188} INFO - [2026-09-15T21:30:45.672+0000] {dag.py:3947} INFO - Setting next_dagrun for example_bash_operator to 2026-09-14 00:00:00+00:00, run_after=2026-09-15 00:00:00+00:00
[2026-09-15T21:30:45.686+0000] {processor.py:183} INFO - Processing /home/airflow/.local/lib/python3.12/site-packages/airflow/example_dags/example_bash_operator.py took 0.065 seconds
[2026-09-15T21:31:16.167+0000] {processor.py:161} INFO - Started process (PID=5085) to work on /home/airflow/.local/lib/python3.12/site-packages/airflow/example_dags/example_bash_operator.py
[2026-09-15T21:31:16.168+0000] {processor.py:830} INFO - Processing file /home/airflow/.local/lib/python3.12/site-packages/airflow/example_dags/example_bash_operator.py for tasks to queue
[2026-09-15T21:31:16.170+0000] {logging_mixin.py:188} INFO - [2026-09-15T21:31:16.169+0000] {dagbag.py:545} INFO - Filling up the DagBag from /home/airflow/.local/lib/python3.12/site-packages/airflow/example_dags/example_bash_operator.py
[2026-09-15T21:31:16.178+0000] {processor.py:840} INFO - DAG(s) 'example_bash_operator' retrieved from /home/airflow/.local/lib/python3.12/site-packages/airflow/example_dags/example_bash_operator.py
[2026-09-15T21:31:16.200+0000] {logging_mixin.py:188} INFO - [2026-09-15T21:31:16.200+0000] {dag.py:3089} INFO - Sync 1 DAGs
[2026-09-15T21:31:16.219+0000] {logging_mixin.py:188} INFO - [2026-09-15T21:31:16.219+0000] {dag.py:3947} INFO - Setting next_dagrun for example_bash_operator to 2026-09-14 00:00:00+00:00, run_after=2026-09-15 00:00:00+00:00
[2026-09-15T21:31:16.234+0000] {processor.py:183} INFO - Processing /home/airflow/.local/lib/python3.12/site-packages/airflow/example_dags/example_bash_operator.py took 0.071 seconds
[2026-09-15T21:31:46.938+0000] {processor.py:161} INFO - Started process (PID=5347) to work on /home/airflow/.local/lib/python3.12/site-packages/airflow/example_dags/example_bash_operator.py
[2026-09-15T21:31:46.939+0000] {processor.py:830} INFO - Processing file /home/airflow/.local/lib/python3.12/site-packages/airflow/example_dags/example_bash_operator.py for tasks to queue
[2026-09-15T21:31:46.941+0000] {logging_mixin.py:188} INFO - [2026-09-15T21:31:46.940+0000] {dagbag.py:545} INFO - Filling up the DagBag from /home/airflow/.local/lib/python3.12/site-packages/airflow/example_dags/example_bash_operator.py
[2026-09-15T21:31:46.949+0000] {processor.py:840} INFO - DAG(s) 'example_bash_operator' retrieved from /home/airflow/.local/lib/python3.12/site-packages/airflow/example_dags/example_bash_operator.py
[2026-09-15T21:31:46.970+0000] {logging_mixin.py:188} INFO - [2026-09-15T21:31:46.969+0000] {dag.py:3089} INFO - Sync 1 DAGs
[2026-09-15T21:31:46.985+0000] {logging_mixin.py:188} INFO - [2026-09-15T21:31:46.985+0000] {dag.py:3947} INFO - Setting next_dagrun for example_bash_operator to 2026-09-14 00:00:00+00:00, run_after=2026-09-15 00:00:00+00:00
[2026-09-15T21:31:47.000+0000] {processor.py:183} INFO - Processing /home/airflow/.local/lib/python3.12/site-packages/airflow/example_dags/example_bash_operator.py took 0.066 seconds
[2026-09-15T21:32:17.975+0000] {processor.py:161} INFO - Started process (PID=5611) to work on /home/airflow/.local/lib/python3.12/site-packages/airflow/example_dags/example_bash_operator.py
[2026-09-15T21:32:17.976+0000] {processor.py:830} INFO - Processing file /home/airflow/.local/lib/python3.12/site-packages/airflow/example_dags/example_bash_operator.py for tasks to queue
[2026-09-15T21:32:17.978+0000] {logging_mixin.py:188} INFO - [2026-09-15T21:32:17.978+0000] {dagbag.py:545} INFO - Filling up the DagBag from /home/airflow/.local/lib/python3.12/site-packages/airflow/example_dags/example_bash_operator.py
[2026-09-15T21:32:17.986+0000] {processor.py:840} INFO - DAG(s) 'example_bash_operator' retrieved from /home/airflow/.local/lib/python3.12/site-packages/airflow/example_dags/example_bash_operator.py
[2026-09-15T21:32:18.006+0000] {logging_mixin.py:188} INFO - [2026-09-15T21:32:18.005+0000] {dag.py:3089} INFO - Sync 1 DAGs
[2026-09-15T21:32:18.022+0000] {logging_mixin.py:188} INFO - [2026-09-15T21:32:18.022+0000] {dag.py:3947} INFO - Setting next_dagrun for example_bash_operator to 2026-09-14 00:00:00+00:00, run_after=2026-09-15 00:00:00+00:00
[2026-09-15T21:32:18.035+0000] {processor.py:183} INFO - Processing /home/airflow/.local/lib/python3.12/site-packages/airflow/example_dags/example_bash_operator.py took 0.065 seconds
[2026-09-15T21:32:48.251+0000] {processor.py:161} INFO - Started process (PID=5871) to work on /home/airflow/.local/lib/python3.12/site-packages/airflow/example_dags/example_bash_operator.py
[2026-09-15T21:32:48.253+0000] {processor.py:830} INFO - Processing file /home/airflow/.local/lib/python3.12/site-packages/airflow/example_dags/example_bash_operator.py for tasks to queue
[2026-09-15T21:32:48.254+0000] {logging_mixin.py:188} INFO - [2026-09-15T21:32:48.254+0000] {dagbag.py:545} INFO - Filling up the DagBag from /home/airflow/.local/lib/python3.12/site-packages/airflow/example_dags/example_bash_operator.py
[2026-09-15T21:32:48.263+0000] {processor.py:840} INFO - DAG(s) 'example_bash_operator' retrieved from /home/airflow/.local/lib/python3.12/site-packages/airflow/example_dags/example_bash_operator.py
[2026-09-15T21:32:48.283+0000] {logging_mixin.py:188} INFO - [2026-09-15T21:32:48.283+0000] {dag.py:3089} INFO - Sync 1 DAGs
[2026-09-15T21:32:48.301+0000] {logging_mixin.py:188} INFO - [2026-09-15T21:32:48.301+0000] {dag.py:3947} INFO - Setting next_dagrun for example_bash_operator to 2026-09-14 00:00:00+00:00, run_after=2026-09-15 00:00:00+00:00
[2026-09-15T21:32:48.315+0000] {processor.py:183} INFO - Processing /home/airflow/.local/lib/python3.12/site-packages/airflow/example_dags/example_bash_operator.py took 0.068 seconds
[2026-09-15T21:33:19.401+0000] {processor.py:161} INFO - Started process (PID=6133) to work on /home/airflow/.local/lib/python3.12/site-packages/airflow/example_dags/example_bash_operator.py
[2026-09-15T21:33:19.402+0000] {processor.py:830} INFO - Processing file /home/airflow/.local/lib/python3.12/site-packages/airflow/example_dags/example_bash_operator.py for tasks to queue
[2026-09-15T21:33:19.404+0000] {logging_mixin.py:188} INFO - [2026-09-15T21:33:19.403+0000] {dagbag.py:545} INFO - Filling up the DagBag from /home/airflow/.local/lib/python3.12/site-packages/airflow/example_dags/example_bash_operator.py
[2026-09-15T21:33:19.412+0000] {processor.py:840} INFO - DAG(s) 'example_bash_operator' retrieved from /home/airflow/.local/lib/python3.12/site-packages/airflow/example_dags/example_bash_operator.py
[2026-09-15T21:33:19.434+0000] {logging_mixin.py:188} INFO - [2026-09-15T21:33:19.434+0000] {dag.py:3089} INFO - Sync 1 DAGs
[2026-09-15T21:33:19.451+0000] {logging_mixin.py:188} INFO - [2026-09-15T21:33:19.451+0000] {dag.py:3947} INFO - Setting next_dagrun for example_bash_operator to 2026-09-14 00:00:00+00:00, run_after=2026-09-15 00:00:00+00:00
[2026-09-15T21:33:19.466+0000] {processor.py:183} INFO - Processing /home/airflow/.local/lib/python3.12/site-packages/airflow/example_dags/example_bash_operator.py took 0.070 seconds
[2026-09-15T21:33:50.559+0000] {processor.py:161} INFO - Started process (PID=6401) to work on /home/airflow/.local/lib/python3.12/site-packages/airflow/example_dags/example_bash_operator.py
[2026-09-15T21:33:50.560+0000] {processor.py:830} INFO - Processing file /home/airflow/.local/lib/python3.12/site-packages/airflow/example_dags/example_bash_operator.py for tasks to queue
[2026-09-15T21:33:50.562+0000] {logging_mixin.py:188} INFO - [2026-09-15T21:33:50.561+0000] {dagbag.py:545} INFO - Filling up the DagBag from /home/airflow/.local/lib/python3.12/site-packages/airflow/example_dags/example_bash_operator.py
[2026-09-15T21:33:50.571+0000] {processor.py:840} INFO - DAG(s) 'example_bash_operator' retrieved from /home/airflow/.local/lib/python3.12/site-packages/airflow/example_dags/example_bash_operator.py
[2026-09-15T21:33:50.593+0000] {logging_mixin.py:188} INFO - [2026-09-15T21:33:50.593+0000] {dag.py:3089} INFO - Sync 1 DAGs
[2026-09-15T21:33:50.610+0000] {logging_mixin.py:188} INFO - [2026-09-15T21:33:50.610+0000] {dag.py:3947} INFO - Setting next_dagrun for example_bash_operator to 2026-09-14 00:00:00+00:00, run_after=2026-09-15 00:00:00+00:00
[2026-09-15T21:33:50.626+0000] {processor.py:183} INFO - Processing /home/airflow/.local/lib/python3.12/site-packages/airflow/example_dags/example_bash_operator.py took 0.072 seconds
[2026-09-15T21:34:20.778+0000] {processor.py:161} INFO - Started process (PID=6661) to work on /home/airflow/.local/lib/python3.12/site-packages/airflow/example_dags/example_bash_operator.py
[2026-09-15T21:34:20.779+0000] {processor.py:830} INFO - Processing file /home/airflow/.local/lib/python3.12/site-packages/airflow/example_dags/example_bash_operator.py for tasks to queue
[2026-09-15T21:34:20.781+0000] {logging_mixin.py:188} INFO - [2026-09-15T21:34:20.781+0000] {dagbag.py:545} INFO - Filling up the DagBag from /home/airflow/.local/lib/python3.12/site-packages/airflow/example_dags/example_bash_operator.py
[2026-09-15T21:34:20.789+0000] {processor.py:840} INFO - DAG(s) 'example_bash_operator' retrieved from /home/airflow/.local/lib/python3.12/site-packages/airflow/example_dags/example_bash_operator.py
[2026-09-15T21:34:20.810+0000] {logging_mixin.py:188} INFO - [2026-09-15T21:34:20.810+0000] {dag.py:3089} INFO - Sync 1 DAGs
[2026-09-15T21:34:20.826+0000] {logging_mixin.py:188} INFO - [2026-09-15T21:34:20.826+0000] {dag.py:3947} INFO - Setting next_dagrun for example_bash_operator to 2026-09-14 00:00:00+00:00, run_after=2026-09-15 00:00:00+00:00
[2026-09-15T21:34:20.841+0000] {processor.py:183} INFO - Processing /home/airflow/.local/lib/python3.12/site-packages/airflow/example_dags/example_bash_operator.py took 0.069 seconds
[2026-09-15T21:34:51.236+0000] {processor.py:161} INFO - Started process (PID=6925) to work on /home/airflow/.local/lib/python3.12/site-packages/airflow/example_dags/example_bash_operator.py
[2026-09-15T21:34:51.237+0000] {processor.py:830} INFO - Processing file /home/airflow/.local/lib/python3.12/site-packages/airflow/example_dags/example_bash_operator.py for tasks to queue
[2026-09-15T21:34:51.239+0000] {logging_mixin.py:188} INFO - [2026-09-15T21:34:51.238+0000] {dagbag.py:545} INFO - Filling up the DagBag from /home/airflow/.local/lib/python3.12/site-packages/airflow/example_dags/example_bash_operator.py
[2026-09-15T21:34:51.247+0000] {processor.py:840} INFO - DAG(s) 'example_bash_operator' retrieved from /home/airflow/.local/lib/python3.12/site-packages/airflow/example_dags/example_bash_operator.py
[2026-09-15T21:34:51.269+0000] {logging_mixin.py:188} INFO - [2026-09-15T21:34:51.268+0000] {dag.py:3089} INFO - Sync 1 DAGs
[2026-09-15T21:34:51.286+0000] {logging_mixin.py:188} INFO - [2026-09-15T21:34:51.286+0000] {dag.py:3947} INFO - Setting next_dagrun for example_bash_operator to 2026-09-14 00:00:00+00:00, run_after=2026-09-15 00:00:00+00:00
[2026-09-15T21:34:51.303+0000] {processor.py:183} INFO - Processing /home/airflow/.local/lib/python3.12/site-packages/airflow/example_dags/example_bash_operator.py took 0.071 seconds
[2026-09-15T21:35:21.596+0000] {processor.py:161} INFO - Started process (PID=7191) to work on /home/airflow/.local/lib/python3.12/site-packages/airflow/example_dags/example_bash_operator.py
[2026-09-15T21:35:21.597+0000] {processor.py:830} INFO - Processing file /home/airflow/.local/lib/python3.12/site-packages/airflow/example_dags/example_bash_operator.py for tasks to queue
[2026-09-15T21:35:21.598+0000] {logging_mixin.py:188} INFO - [2026-09-15T21:35:21.598+0000] {dagbag.py:545} INFO - Filling up the DagBag from /home/airflow/.local/lib/python3.12/site-packages/airflow/example_dags/example_bash_operator.py
[2026-09-15T21:35:21.606+0000] {processor.py:840} INFO - DAG(s) 'example_bash_operator' retrieved from /home/airflow/.local/lib/python3.12/site-packages/airflow/example_dags/example_bash_operator.py
[2026-09-15T21:35:21.624+0000] {logging_mixin.py:188} INFO - [2026-09-15T21:35:21.624+0000] {dag.py:3089} INFO - Sync 1 DAGs
[2026-09-15T21:35:21.639+0000] {logging_mixin.py:188} INFO - [2026-09-15T21:35:21.639+0000] {dag.py:3947} INFO - Setting next_dagrun for example_bash_operator to 2026-09-14 00:00:00+00:00, run_after=2026-09-15 00:00:00+00:00
[2026-09-15T21:35:21.653+0000] {processor.py:183} INFO - Processing /home/airflow/.local/lib/python3.12/site-packages/airflow/example_dags/example_bash_operator.py took 0.062 seconds
[2026-09-15T21:35:51.807+0000] {processor.py:161} INFO - Started process (PID=7453) to work on /home/airflow/.local/lib/python3.12/site-packages/airflow/example_dags/example_bash_operator.py
[2026-09-15T21:35:51.808+0000] {processor.py:830} INFO - Processing file /home/airflow/.local/lib/python3.12/site-packages/airflow/example_dags/example_bash_operator.py for tasks to queue
[2026-09-15T21:35:51.810+0000] {logging_mixin.py:188} INFO - [2026-09-15T21:35:51.809+0000] {dagbag.py:545} INFO - Filling up the DagBag from /home/airflow/.local/lib/python3.12/site-packages/airflow/example_dags/example_bash_operator.py
[2026-09-15T21:35:51.817+0000] {processor.py:840} INFO - DAG(s) 'example_bash_operator' retrieved from /home/airflow/.local/lib/python3.12/site-packages/airflow/example_dags/example_bash_operator.py
[2026-09-15T21:35:51.836+0000] {logging_mixin.py:188} INFO - [2026-09-15T21:35:51.836+0000] {dag.py:3089} INFO - Sync 1 DAGs
[2026-09-15T21:35:51.852+0000] {logging_mixin.py:188} INFO - [2026-09-15T21:35:51.851+0000] {dag.py:3947} INFO - Setting next_dagrun for example_bash_operator to 2026-09-14 00:00:00+00:00, run_after=2026-09-15 00:00:00+00:00
[2026-09-15T21:35:51.865+0000] {processor.py:183} INFO - Processing /home/airflow/.local/lib/python3.12/site-packages/airflow/example_dags/example_bash_operator.py took 0.062 seconds
[2026-09-15T21:36:22.021+0000] {processor.py:161} INFO - Started process (PID=7713) to work on /home/airflow/.local/lib/python3.12/site-packages/airflow/example_dags/example_bash_operator.py
[2026-09-15T21:36:22.022+0000] {processor.py:830} INFO - Processing file /home/airflow/.local/lib/python3.12/site-packages/airflow/example_dags/example_bash_operator.py for tasks to queue
[2026-09-15T21:36:22.024+0000] {logging_mixin.py:188} INFO - [2026-09-15T21:36:22.024+0000] {dagbag.py:545} INFO - Filling up the DagBag from /home/airflow/.local/lib/python3.12/site-packages/airflow/example_dags/example_bash_operator.py
[2026-09-15T21:36:22.034+0000] {processor.py:840} INFO - DAG(s) 'example_bash_operator' retrieved from /home/airflow/.local/lib/python3.12/site-packages/airflow/example_dags/example_bash_operator.py
[2026-09-15T21:36:22.057+0000] {logging_mixin.py:188} INFO - [2026-09-15T21:36:22.057+0000] {dag.py:3089} INFO - Sync 1 DAGs
[2026-09-15T21:36:22.075+0000] {logging_mixin.py:188} INFO - [2026-09-15T21:36:22.075+0000] {dag.py:3947} INFO - Setting next_dagrun for example_bash_operator to 2026-09-14 00:00:00+00:00, run_after=2026-09-15 00:00:00+00:00
[2026-09-15T21:36:22.091+0000] {processor.py:183} INFO - Processing /home/airflow/.local/lib/python3.12/site-packages/airflow/example_dags/example_bash_operator.py took 0.075 seconds
[2026-09-15T21:36:52.454+0000] {processor.py:161} INFO - Started process (PID=7977) to work on /home/airflow/.local/lib/python3.12/site-packages/airflow/example_dags/example_bash_operator.py
[2026-09-15T21:36:52.455+0000] {processor.py:830} INFO - Processing file /home/airflow/.local/lib/python3.12/site-packages/airflow/example_dags/example_bash_operator.py for tasks to queue
[2026-09-15T21:36:52.456+0000] {logging_mixin.py:188} INFO - [2026-09-15T21:36:52.456+0000] {dagbag.py:545} INFO - Filling up the DagBag from /home/airflow/.local/lib/python3.12/site-packages/airflow/example_dags/example_bash_operator.py
[2026-09-15T21:36:52.465+0000] {processor.py:840} INFO - DAG(s) 'example_bash_operator' retrieved from /home/airflow/.local/lib/python3.12/site-packages/airflow/example_dags/example_bash_operator.py
[2026-09-15T21:36:52.483+0000] {logging_mixin.py:188} INFO - [2026-09-15T21:36:52.483+0000] {dag.py:3089} INFO - Sync 1 DAGs
[2026-09-15T21:36:52.499+0000] {logging_mixin.py:188} INFO - [2026-09-15T21:36:52.499+0000] {dag.py:3947} INFO - Setting next_dagrun for example_bash_operator to 2026-09-14 00:00:00+00:00, run_after=2026-09-15 00:00:00+00:00
[2026-09-15T21:36:52.513+0000] {processor.py:183} INFO - Processing /home/airflow/.local/lib/python3.12/site-packages/airflow/example_dags/example_bash_operator.py took 0.063 seconds
[2026-09-15T21:37:23.351+0000] {processor.py:161} INFO - Started process (PID=8237) to work on /home/airflow/.local/lib/python3.12/site-packages/airflow/example_dags/example_bash_operator.py
[2026-09-15T21:37:23.352+0000] {processor.py:830} INFO - Processing file /home/airflow/.local/lib/python3.12/site-packages/airflow/example_dags/example_bash_operator.py for tasks to queue
[2026-09-15T21:37:23.354+0000] {logging_mixin.py:188} INFO - [2026-09-15T21:37:23.354+0000] {dagbag.py:545} INFO - Filling up the DagBag from /home/airflow/.local/lib/python3.12/site-packages/airflow/example_dags/example_bash_operator.py
[2026-09-15T21:37:23.364+0000] {processor.py:840} INFO - DAG(s) 'example_bash_operator' retrieved from /home/airflow/.local/lib/python3.12/site-packages/airflow/example_dags/example_bash_operator.py
[2026-09-15T21:37:23.387+0000] {logging_mixin.py:188} INFO - [2026-09-15T21:37:23.386+0000] {dag.py:3089} INFO - Sync 1 DAGs
[2026-09-15T21:37:23.406+0000] {logging_mixin.py:188} INFO - [2026-09-15T21:37:23.406+0000] {dag.py:3947} INFO - Setting next_dagrun for example_bash_operator to 2026-09-14 00:00:00+00:00, run_after=2026-09-15 00:00:00+00:00
[2026-09-15T21:37:23.425+0000] {processor.py:183} INFO - Processing /home/airflow/.local/lib/python3.12/site-packages/airflow/example_dags/example_bash_operator.py took 0.079 seconds
[2026-09-15T21:37:53.843+0000] {processor.py:161} INFO - Started process (PID=8499) to work on /home/airflow/.local/lib/python3.12/site-packages/airflow/example_dags/example_bash_operator.py
[2026-09-15T21:37:53.844+0000] {processor.py:830} INFO - Processing file /home/airflow/.local/lib/python3.12/site-packages/airflow/example_dags/example_bash_operator.py for tasks to queue
[2026-09-15T21:37:53.846+0000] {logging_mixin.py:188} INFO - [2026-09-15T21:37:53.846+0000] {dagbag.py:545} INFO - Filling up the DagBag from /home/airflow/.local/lib/python3.12/site-packages/airflow/example_dags/example_bash_operator.py
[2026-09-15T21:37:53.856+0000] {processor.py:840} INFO - DAG(s) 'example_bash_operator' retrieved from /home/airflow/.local/lib/python3.12/site-packages/airflow/example_dags/example_bash_operator.py
[2026-09-15T21:37:53.878+0000] {logging_mixin.py:188} INFO - [2026-09-15T21:37:53.878+0000] {dag.py:3089} INFO - Sync 1 DAGs
[2026-09-15T21:37:53.899+0000] {logging_mixin.py:188} INFO - [2026-09-15T21:37:53.898+0000] {dag.py:3947} INFO - Setting next_dagrun for example_bash_operator to 2026-09-14 00:00:00+00:00, run_after=2026-09-15 00:00:00+00:00
[2026-09-15T21:37:53.920+0000] {processor.py:183} INFO - Processing /home/airflow/.local/lib/python3.12/site-packages/airflow/example_dags/example_bash_operator.py took 0.081 seconds
[2026-09-15T21:38:24.093+0000] {processor.py:161} INFO - Started process (PID=8758) to work on /home/airflow/.local/lib/python3.12/site-packages/airflow/example_dags/example_bash_operator.py
[2026-09-15T21:38:24.094+0000] {processor.py:830} INFO - Processing file /home/airflow/.local/lib/python3.12/site-packages/airflow/example_dags/example_bash_operator.py for tasks to queue
[2026-09-15T21:38:24.097+0000] {logging_mixin.py:188} INFO - [2026-09-15T21:38:24.097+0000] {dagbag.py:545} INFO - Filling up the DagBag from /home/airflow/.local/lib/python3.12/site-packages/airflow/example_dags/example_bash_operator.py
[2026-09-15T21:38:24.111+0000] {processor.py:840} INFO - DAG(s) 'example_bash_operator' retrieved from /home/airflow/.local/lib/python3.12/site-packages/airflow/example_dags/example_bash_operator.py
[2026-09-15T21:38:24.144+0000] {logging_mixin.py:188} INFO - [2026-09-15T21:38:24.143+0000] {dag.py:3089} INFO - Sync 1 DAGs
[2026-09-15T21:38:24.174+0000] {logging_mixin.py:188} INFO - [2026-09-15T21:38:24.174+0000] {dag.py:3947} INFO - Setting next_dagrun for example_bash_operator to 2026-09-14 00:00:00+00:00, run_after=2026-09-15 00:00:00+00:00
[2026-09-15T21:38:24.200+0000] {processor.py:183} INFO - Processing /home/airflow/.local/lib/python3.12/site-packages/airflow/example_dags/example_bash_operator.py took 0.115 seconds
[2026-09-15T21:38:54.482+0000] {processor.py:161} INFO - Started process (PID=9049) to work on /home/airflow/.local/lib/python3.12/site-packages/airflow/example_dags/example_bash_operator.py
[2026-09-15T21:38:54.484+0000] {processor.py:830} INFO - Processing file /home/airflow/.local/lib/python3.12/site-packages/airflow/example_dags/example_bash_operator.py for tasks to queue
[2026-09-15T21:38:54.485+0000] {logging_mixin.py:188} INFO - [2026-09-15T21:38:54.485+0000] {dagbag.py:545} INFO - Filling up the DagBag from /home/airflow/.local/lib/python3.12/site-packages/airflow/example_dags/example_bash_operator.py
[2026-09-15T21:38:54.494+0000] {processor.py:840} INFO - DAG(s) 'example_bash_operator' retrieved from /home/airflow/.local/lib/python3.12/site-packages/airflow/example_dags/example_bash_operator.py
[2026-09-15T21:38:54.514+0000] {logging_mixin.py:188} INFO - [2026-09-15T21:38:54.513+0000] {dag.py:3089} INFO - Sync 1 DAGs
[2026-09-15T21:38:54.530+0000] {logging_mixin.py:188} INFO - [2026-09-15T21:38:54.530+0000] {dag.py:3947} INFO - Setting next_dagrun for example_bash_operator to 2026-09-14 00:00:00+00:00, run_after=2026-09-15 00:00:00+00:00
[2026-09-15T21:38:54.544+0000] {processor.py:183} INFO - Processing /home/airflow/.local/lib/python3.12/site-packages/airflow/example_dags/example_bash_operator.py took 0.067 seconds
[2026-09-15T21:39:24.760+0000] {processor.py:161} INFO - Started process (PID=9311) to work on /home/airflow/.local/lib/python3.12/site-packages/airflow/example_dags/example_bash_operator.py
[2026-09-15T21:39:24.762+0000] {processor.py:830} INFO - Processing file /home/airflow/.local/lib/python3.12/site-packages/airflow/example_dags/example_bash_operator.py for tasks to queue
[2026-09-15T21:39:24.764+0000] {logging_mixin.py:188} INFO - [2026-09-15T21:39:24.764+0000] {dagbag.py:545} INFO - Filling up the DagBag from /home/airflow/.local/lib/python3.12/site-packages/airflow/example_dags/example_bash_operator.py
[2026-09-15T21:39:24.773+0000] {processor.py:840} INFO - DAG(s) 'example_bash_operator' retrieved from /home/airflow/.local/lib/python3.12/site-packages/airflow/example_dags/example_bash_operator.py
[2026-09-15T21:39:24.797+0000] {logging_mixin.py:188} INFO - [2026-09-15T21:39:24.797+0000] {dag.py:3089} INFO - Sync 1 DAGs
[2026-09-15T21:39:24.817+0000] {logging_mixin.py:188} INFO - [2026-09-15T21:39:24.817+0000] {dag.py:3947} INFO - Setting next_dagrun for example_bash_operator to 2026-09-14 00:00:00+00:00, run_after=2026-09-15 00:00:00+00:00
[2026-09-15T21:39:24.836+0000] {processor.py:183} INFO - Processing /home/airflow/.local/lib/python3.12/site-packages/airflow/example_dags/example_bash_operator.py took 0.082 seconds
[2026-09-15T21:39:54.892+0000] {processor.py:161} INFO - Started process (PID=9573) to work on /home/airflow/.local/lib/python3.12/site-packages/airflow/example_dags/example_bash_operator.py
[2026-09-15T21:39:54.893+0000] {processor.py:830} INFO - Processing file /home/airflow/.local/lib/python3.12/site-packages/airflow/example_dags/example_bash_operator.py for tasks to queue
[2026-09-15T21:39:54.896+0000] {logging_mixin.py:188} INFO - [2026-09-15T21:39:54.896+0000] {dagbag.py:545} INFO - Filling up the DagBag from /home/airflow/.local/lib/python3.12/site-packages/airflow/example_dags/example_bash_operator.py
[2026-09-15T21:39:54.905+0000] {processor.py:840} INFO - DAG(s) 'example_bash_operator' retrieved from /home/airflow/.local/lib/python3.12/site-packages/airflow/example_dags/example_bash_operator.py
[2026-09-15T21:39:54.928+0000] {logging_mixin.py:188} INFO - [2026-09-15T21:39:54.927+0000] {dag.py:3089} INFO - Sync 1 DAGs
[2026-09-15T21:39:54.945+0000] {logging_mixin.py:188} INFO - [2026-09-15T21:39:54.945+0000] {dag.py:3947} INFO - Setting next_dagrun for example_bash_operator to 2026-09-14 00:00:00+00:00, run_after=2026-09-15 00:00:00+00:00
[2026-09-15T21:39:54.964+0000] {processor.py:183} INFO - Processing /home/airflow/.local/lib/python3.12/site-packages/airflow/example_dags/example_bash_operator.py took 0.076 seconds
[2026-09-15T21:40:25.067+0000] {processor.py:161} INFO - Started process (PID=9835) to work on /home/airflow/.local/lib/python3.12/site-packages/airflow/example_dags/example_bash_operator.py
[2026-09-15T21:40:25.068+0000] {processor.py:830} INFO - Processing file /home/airflow/.local/lib/python3.12/site-packages/airflow/example_dags/example_bash_operator.py for tasks to queue
[2026-09-15T21:40:25.070+0000] {logging_mixin.py:188} INFO - [2026-09-15T21:40:25.070+0000] {dagbag.py:545} INFO - Filling up the DagBag from /home/airflow/.local/lib/python3.12/site-packages/airflow/example_dags/example_bash_operator.py
[2026-09-15T21:40:25.077+0000] {processor.py:840} INFO - DAG(s) 'example_bash_operator' retrieved from /home/airflow/.local/lib/python3.12/site-packages/airflow/example_dags/example_bash_operator.py
[2026-09-15T21:40:25.096+0000] {logging_mixin.py:188} INFO - [2026-09-15T21:40:25.096+0000] {dag.py:3089} INFO - Sync 1 DAGs
[2026-09-15T21:40:25.111+0000] {logging_mixin.py:188} INFO - [2026-09-15T21:40:25.111+0000] {dag.py:3947} INFO - Setting next_dagrun for example_bash_operator to 2026-09-14 00:00:00+00:00, run_after=2026-09-15 00:00:00+00:00
[2026-09-15T21:40:25.124+0000] {processor.py:183} INFO - Processing /home/airflow/.local/lib/python3.12/site-packages/airflow/example_dags/example_bash_operator.py took 0.061 seconds
[2026-09-15T21:40:55.770+0000] {processor.py:161} INFO - Started process (PID=10097) to work on /home/airflow/.local/lib/python3.12/site-packages/airflow/example_dags/example_bash_operator.py
[2026-09-15T21:40:55.772+0000] {processor.py:830} INFO - Processing file /home/airflow/.local/lib/python3.12/site-packages/airflow/example_dags/example_bash_operator.py for tasks to queue
[2026-09-15T21:40:55.773+0000] {logging_mixin.py:188} INFO - [2026-09-15T21:40:55.773+0000] {dagbag.py:545} INFO - Filling up the DagBag from /home/airflow/.local/lib/python3.12/site-packages/airflow/example_dags/example_bash_operator.py
[2026-09-15T21:40:55.781+0000] {processor.py:840} INFO - DAG(s) 'example_bash_operator' retrieved from /home/airflow/.local/lib/python3.12/site-packages/airflow/example_dags/example_bash_operator.py
[2026-09-15T21:40:55.801+0000] {logging_mixin.py:188} INFO - [2026-09-15T21:40:55.800+0000] {dag.py:3089} INFO - Sync 1 DAGs
[2026-09-15T21:40:55.816+0000] {logging_mixin.py:188} INFO - [2026-09-15T21:40:55.816+0000] {dag.py:3947} INFO - Setting next_dagrun for example_bash_operator to 2026-09-14 00:00:00+00:00, run_after=2026-09-15 00:00:00+00:00
[2026-09-15T21:40:55.831+0000] {processor.py:183} INFO - Processing /home/airflow/.local/lib/python3.12/site-packages/airflow/example_dags/example_bash_operator.py took 0.065 seconds
[2026-09-15T21:41:26.775+0000] {processor.py:161} INFO - Started process (PID=10359) to work on /home/airflow/.local/lib/python3.12/site-packages/airflow/example_dags/example_bash_operator.py
[2026-09-15T21:41:26.777+0000] {processor.py:830} INFO - Processing file /home/airflow/.local/lib/python3.12/site-packages/airflow/example_dags/example_bash_operator.py for tasks to queue
[2026-09-15T21:41:26.779+0000] {logging_mixin.py:188} INFO - [2026-09-15T21:41:26.779+0000] {dagbag.py:545} INFO - Filling up the DagBag from /home/airflow/.local/lib/python3.12/site-packages/airflow/example_dags/example_bash_operator.py
[2026-09-15T21:41:26.787+0000] {processor.py:840} INFO - DAG(s) 'example_bash_operator' retrieved from /home/airflow/.local/lib/python3.12/site-packages/airflow/example_dags/example_bash_operator.py
[2026-09-15T21:41:26.808+0000] {logging_mixin.py:188} INFO - [2026-09-15T21:41:26.808+0000] {dag.py:3089} INFO - Sync 1 DAGs
[2026-09-15T21:41:26.825+0000] {logging_mixin.py:188} INFO - [2026-09-15T21:41:26.825+0000] {dag.py:3947} INFO - Setting next_dagrun for example_bash_operator to 2026-09-14 00:00:00+00:00, run_after=2026-09-15 00:00:00+00:00
[2026-09-15T21:41:26.841+0000] {processor.py:183} INFO - Processing /home/airflow/.local/lib/python3.12/site-packages/airflow/example_dags/example_bash_operator.py took 0.070 seconds
[2026-09-15T21:41:57.325+0000] {processor.py:161} INFO - Started process (PID=10621) to work on /home/airflow/.local/lib/python3.12/site-packages/airflow/example_dags/example_bash_operator.py
[2026-09-15T21:41:57.326+0000] {processor.py:830} INFO - Processing file /home/airflow/.local/lib/python3.12/site-packages/airflow/example_dags/example_bash_operator.py for tasks to queue
[2026-09-15T21:41:57.328+0000] {logging_mixin.py:188} INFO - [2026-09-15T21:41:57.328+0000] {dagbag.py:545} INFO - Filling up the DagBag from /home/airflow/.local/lib/python3.12/site-packages/airflow/example_dags/example_bash_operator.py
[2026-09-15T21:41:57.336+0000] {processor.py:840} INFO - DAG(s) 'example_bash_operator' retrieved from /home/airflow/.local/lib/python3.12/site-packages/airflow/example_dags/example_bash_operator.py
[2026-09-15T21:41:57.355+0000] {logging_mixin.py:188} INFO - [2026-09-15T21:41:57.355+0000] {dag.py:3089} INFO - Sync 1 DAGs
[2026-09-15T21:41:57.501+0000] {logging_mixin.py:188} INFO - [2026-09-15T21:41:57.501+0000] {dag.py:3947} INFO - Setting next_dagrun for example_bash_operator to 2026-09-14 00:00:00+00:00, run_after=2026-09-15 00:00:00+00:00
[2026-09-15T21:41:57.515+0000] {processor.py:183} INFO - Processing /home/airflow/.local/lib/python3.12/site-packages/airflow/example_dags/example_bash_operator.py took 0.193 seconds
[2026-09-15T21:42:27.956+0000] {processor.py:161} INFO - Started process (PID=10883) to work on /home/airflow/.local/lib/python3.12/site-packages/airflow/example_dags/example_bash_operator.py
[2026-09-15T21:42:27.957+0000] {processor.py:830} INFO - Processing file /home/airflow/.local/lib/python3.12/site-packages/airflow/example_dags/example_bash_operator.py for tasks to queue
[2026-09-15T21:42:27.959+0000] {logging_mixin.py:188} INFO - [2026-09-15T21:42:27.959+0000] {dagbag.py:545} INFO - Filling up the DagBag from /home/airflow/.local/lib/python3.12/site-packages/airflow/example_dags/example_bash_operator.py
[2026-09-15T21:42:27.967+0000] {processor.py:840} INFO - DAG(s) 'example_bash_operator' retrieved from /home/airflow/.local/lib/python3.12/site-packages/airflow/example_dags/example_bash_operator.py
[2026-09-15T21:42:27.987+0000] {logging_mixin.py:188} INFO - [2026-09-15T21:42:27.987+0000] {dag.py:3089} INFO - Sync 1 DAGs
[2026-09-15T21:42:28.141+0000] {logging_mixin.py:188} INFO - [2026-09-15T21:42:28.141+0000] {dag.py:3947} INFO - Setting next_dagrun for example_bash_operator to 2026-09-14 00:00:00+00:00, run_after=2026-09-15 00:00:00+00:00
[2026-09-15T21:42:28.156+0000] {processor.py:183} INFO - Processing /home/airflow/.local/lib/python3.12/site-packages/airflow/example_dags/example_bash_operator.py took 0.204 seconds
[2026-09-15T21:42:58.620+0000] {processor.py:161} INFO - Started process (PID=11145) to work on /home/airflow/.local/lib/python3.12/site-packages/airflow/example_dags/example_bash_operator.py
[2026-09-15T21:42:58.622+0000] {processor.py:830} INFO - Processing file /home/airflow/.local/lib/python3.12/site-packages/airflow/example_dags/example_bash_operator.py for tasks to queue
[2026-09-15T21:42:58.624+0000] {logging_mixin.py:188} INFO - [2026-09-15T21:42:58.624+0000] {dagbag.py:545} INFO - Filling up the DagBag from /home/airflow/.local/lib/python3.12/site-packages/airflow/example_dags/example_bash_operator.py
[2026-09-15T21:42:58.632+0000] {processor.py:840} INFO - DAG(s) 'example_bash_operator' retrieved from /home/airflow/.local/lib/python3.12/site-packages/airflow/example_dags/example_bash_operator.py
[2026-09-15T21:42:58.653+0000] {logging_mixin.py:188} INFO - [2026-09-15T21:42:58.653+0000] {dag.py:3089} INFO - Sync 1 DAGs
[2026-09-15T21:42:58.670+0000] {logging_mixin.py:188} INFO - [2026-09-15T21:42:58.670+0000] {dag.py:3947} INFO - Setting next_dagrun for example_bash_operator to 2026-09-14 00:00:00+00:00, run_after=2026-09-15 00:00:00+00:00
[2026-09-15T21:42:58.686+0000] {processor.py:183} INFO - Processing /home/airflow/.local/lib/python3.12/site-packages/airflow/example_dags/example_bash_operator.py took 0.070 seconds
[2026-09-15T21:43:28.885+0000] {processor.py:161} INFO - Started process (PID=11407) to work on /home/airflow/.local/lib/python3.12/site-packages/airflow/example_dags/example_bash_operator.py
[2026-09-15T21:43:28.887+0000] {processor.py:830} INFO - Processing file /home/airflow/.local/lib/python3.12/site-packages/airflow/example_dags/example_bash_operator.py for tasks to queue
[2026-09-15T21:43:28.889+0000] {logging_mixin.py:188} INFO - [2026-09-15T21:43:28.889+0000] {dagbag.py:545} INFO - Filling up the DagBag from /home/airflow/.local/lib/python3.12/site-packages/airflow/example_dags/example_bash_operator.py
[2026-09-15T21:43:28.897+0000] {processor.py:840} INFO - DAG(s) 'example_bash_operator' retrieved from /home/airflow/.local/lib/python3.12/site-packages/airflow/example_dags/example_bash_operator.py
[2026-09-15T21:43:28.919+0000] {logging_mixin.py:188} INFO - [2026-09-15T21:43:28.919+0000] {dag.py:3089} INFO - Sync 1 DAGs
[2026-09-15T21:43:28.936+0000] {logging_mixin.py:188} INFO - [2026-09-15T21:43:28.936+0000] {dag.py:3947} INFO - Setting next_dagrun for example_bash_operator to 2026-09-14 00:00:00+00:00, run_after=2026-09-15 00:00:00+00:00
[2026-09-15T21:43:28.951+0000] {processor.py:183} INFO - Processing /home/airflow/.local/lib/python3.12/site-packages/airflow/example_dags/example_bash_operator.py took 0.070 seconds
[2026-09-15T21:43:59.001+0000] {processor.py:161} INFO - Started process (PID=11669) to work on /home/airflow/.local/lib/python3.12/site-packages/airflow/example_dags/example_bash_operator.py
[2026-09-15T21:43:59.002+0000] {processor.py:830} INFO - Processing file /home/airflow/.local/lib/python3.12/site-packages/airflow/example_dags/example_bash_operator.py for tasks to queue
[2026-09-15T21:43:59.004+0000] {logging_mixin.py:188} INFO - [2026-09-15T21:43:59.004+0000] {dagbag.py:545} INFO - Filling up the DagBag from /home/airflow/.local/lib/python3.12/site-packages/airflow/example_dags/example_bash_operator.py
[2026-09-15T21:43:59.011+0000] {processor.py:840} INFO - DAG(s) 'example_bash_operator' retrieved from /home/airflow/.local/lib/python3.12/site-packages/airflow/example_dags/example_bash_operator.py
[2026-09-15T21:43:59.030+0000] {logging_mixin.py:188} INFO - [2026-09-15T21:43:59.030+0000] {dag.py:3089} INFO - Sync 1 DAGs
[2026-09-15T21:43:59.046+0000] {logging_mixin.py:188} INFO - [2026-09-15T21:43:59.046+0000] {dag.py:3947} INFO - Setting next_dagrun for example_bash_operator to 2026-09-14 00:00:00+00:00, run_after=2026-09-15 00:00:00+00:00
[2026-09-15T21:43:59.060+0000] {processor.py:183} INFO - Processing /home/airflow/.local/lib/python3.12/site-packages/airflow/example_dags/example_bash_operator.py took 0.063 seconds
[2026-09-15T21:44:29.206+0000] {processor.py:161} INFO - Started process (PID=11931) to work on /home/airflow/.local/lib/python3.12/site-packages/airflow/example_dags/example_bash_operator.py
[2026-09-15T21:44:29.207+0000] {processor.py:830} INFO - Processing file /home/airflow/.local/lib/python3.12/site-packages/airflow/example_dags/example_bash_operator.py for tasks to queue
[2026-09-15T21:44:29.209+0000] {logging_mixin.py:188} INFO - [2026-09-15T21:44:29.209+0000] {dagbag.py:545} INFO - Filling up the DagBag from /home/airflow/.local/lib/python3.12/site-packages/airflow/example_dags/example_bash_operator.py
[2026-09-15T21:44:29.218+0000] {processor.py:840} INFO - DAG(s) 'example_bash_operator' retrieved from /home/airflow/.local/lib/python3.12/site-packages/airflow/example_dags/example_bash_operator.py
[2026-09-15T21:44:29.241+0000] {logging_mixin.py:188} INFO - [2026-09-15T21:44:29.240+0000] {dag.py:3089} INFO - Sync 1 DAGs
[2026-09-15T21:44:29.262+0000] {logging_mixin.py:188} INFO - [2026-09-15T21:44:29.261+0000] {dag.py:3947} INFO - Setting next_dagrun for example_bash_operator to 2026-09-14 00:00:00+00:00, run_after=2026-09-15 00:00:00+00:00
[2026-09-15T21:44:29.283+0000] {processor.py:183} INFO - Processing /home/airflow/.local/lib/python3.12/site-packages/airflow/example_dags/example_bash_operator.py took 0.081 seconds
