[2026-09-15T21:01:01.620+0000] {processor.py:161} INFO - Started process (PID=101) to work on /home/airflow/.local/lib/python3.12/site-packages/airflow/example_dags/example_display_name.py
[2026-09-15T21:01:01.621+0000] {processor.py:830} INFO - Processing file /home/airflow/.local/lib/python3.12/site-packages/airflow/example_dags/example_display_name.py for tasks to queue
[2026-09-15T21:01:01.623+0000] {logging_mixin.py:188} INFO - [2026-09-15T21:01:01.623+0000] {dagbag.py:545} INFO - Filling up the DagBag from /home/airflow/.local/lib/python3.12/site-packages/airflow/example_dags/example_display_name.py
[2026-09-15T21:01:01.629+0000] {processor.py:840} INFO - DAG(s) 'example_display_name' retrieved from /home/airflow/.local/lib/python3.12/site-packages/airflow/example_dags/example_display_name.py
[2026-09-15T21:01:01.645+0000] {logging_mixin.py:188} INFO - [2026-09-15T21:01:01.644+0000] {dag.py:3089} INFO - Sync 1 DAGs
[2026-09-15T21:01:01.657+0000] {logging_mixin.py:188} INFO - [2026-09-15T21:01:01.657+0000] {dag.py:3947} INFO - Setting next_dagrun for example_display_name to None, run_after=None
[2026-09-15T21:01:01.678+0000] {processor.py:183} INFO - Processing /home/airflow/.local/lib/python3.12/site-packages/airflow/example_dags/example_display_name.py took 0.063 seconds
[2026-09-15T21:01:33.086+0000] {processor.py:161} INFO - Started process (PID=159) to work on /home/airflow/.local/lib/python3.12/site-packages/airflow/example_dags/example_display_name.py
[2026-09-15T21:01:33.087+0000] {processor.py:830} INFO - Processing file /home/airflow/.local/lib/python3.12/site-packages/airflow/example_dags/example_display_name.py for tasks to queue
[2026-09-15T21:01:33.090+0000] {logging_mixin.py:188} INFO - [2026-09-15T21:01:33.090+0000] {dagbag.py:545} INFO - Filling up the DagBag from /home/airflow/.local/lib/python3.12/site-packages/airflow/example_dags/example_display_name.py
[2026-09-15T21:01:33.095+0000] {processor.py:840} INFO - DAG(s) 'example_display_name' retrieved from /home/airflow/.local/lib/python3.12/site-packages/airflow/example_dags/example_display_name.py
[2026-09-15T21:01:33.186+0000] {logging_mixin.py:188} INFO - [2026-09-15T21:01:33.186+0000] {dag.py:3089} INFO - Sync 1 DAGs
[2026-09-15T21:01:33.197+0000] {logging_mixin.py:188} INFO - [2026-09-15T21:01:33.197+0000] {dag.py:3947} INFO - Setting next_dagrun for example_display_name to None, run_after=None
[2026-09-15T21:01:33.218+0000] {processor.py:183} INFO - Processing /home/airflow/.local/lib/python3.12/site-packages/airflow/example_dags/example_display_name.py took 0.137 seconds
[2026-09-15T21:02:03.296+0000] {processor.py:161} INFO - Started process (PID=218) to work on /home/airflow/.local/lib/python3.12/site-packages/airflow/example_dags/example_display_name.py
[2026-09-15T21:02:03.298+0000] {processor.py:830} INFO - Processing file /home/airflow/.local/lib/python3.12/site-packages/airflow/example_dags/example_display_name.py for tasks to queue
[2026-09-15T21:02:03.299+0000] {logging_mixin.py:188} INFO - [2026-09-15T21:02:03.299+0000] {dagbag.py:545} INFO - Filling up the DagBag from /home/airflow/.local/lib/python3.12/site-packages/airflow/example_dags/example_display_name.py
[2026-09-15T21:02:03.304+0000] {processor.py:840} INFO - DAG(s) 'example_display_name' retrieved from /home/airflow/.local/lib/python3.12/site-packages/airflow/example_dags/example_display_name.py
[2026-09-15T21:02:03.321+0000] {logging_mixin.py:188} INFO - [2026-09-15T21:02:03.321+0000] {dag.py:3089} INFO - Sync 1 DAGs
[2026-09-15T21:02:03.332+0000] {logging_mixin.py:188} INFO - [2026-09-15T21:02:03.332+0000] {dag.py:3947} INFO - Setting next_dagrun for example_display_name to None, run_after=None
[2026-09-15T21:02:03.351+0000] {processor.py:183} INFO - Processing /home/airflow/.local/lib/python3.12/site-packages/airflow/example_dags/example_display_name.py took 0.059 seconds
[2026-09-15T21:02:34.149+0000] {processor.py:161} INFO - Started process (PID=282) to work on /home/airflow/.local/lib/python3.12/site-packages/airflow/example_dags/example_display_name.py
[2026-09-15T21:02:34.150+0000] {processor.py:830} INFO - Processing file /home/airflow/.local/lib/python3.12/site-packages/airflow/example_dags/example_display_name.py for tasks to queue
[2026-09-15T21:02:34.152+0000] {logging_mixin.py:188} INFO - [2026-09-15T21:02:34.152+0000] {dagbag.py:545} INFO - Filling up the DagBag from /home/airflow/.local/lib/python3.12/site-packages/airflow/example_dags/example_display_name.py
[2026-09-15T21:02:34.157+0000] {processor.py:840} INFO - DAG(s) 'example_display_name' retrieved from /home/airflow/.local/lib/python3.12/site-packages/airflow/example_dags/example_display_name.py
[2026-09-15T21:02:34.173+0000] {logging_mixin.py:188} INFO - [2026-09-15T21:02:34.173+0000] {dag.py:3089} INFO - Sync 1 DAGs
[2026-09-15T21:02:34.182+0000] {logging_mixin.py:188} INFO - [2026-09-15T21:02:34.182+0000] {dag.py:3947} INFO - Setting next_dagrun for example_display_name to None, run_after=None
[2026-09-15T21:02:34.197+0000] {processor.py:183} INFO - Processing /home/airflow/.local/lib/python3.12/site-packages/airflow/example_dags/example_display_name.py took 0.052 seconds
[2026-09-15T21:03:04.697+0000] {processor.py:161} INFO - Started process (PID=340) to work on /home/airflow/.local/lib/python3.12/site-packages/airflow/example_dags/example_display_name.py
[2026-09-15T21:03:04.698+0000] {processor.py:830} INFO - Processing file /home/airflow/.local/lib/python3.12/site-packages/airflow/example_dags/example_display_name.py for tasks to queue
[2026-09-15T21:03:04.700+0000] {logging_mixin.py:188} INFO - [2026-09-15T21:03:04.700+0000] {dagbag.py:545} INFO - Filling up the DagBag from /home/airflow/.local/lib/python3.12/site-packages/airflow/example_dags/example_display_name.py
[2026-09-15T21:03:04.705+0000] {processor.py:840} INFO - DAG(s) 'example_display_name' retrieved from /home/airflow/.local/lib/python3.12/site-packages/airflow/example_dags/example_display_name.py
[2026-09-15T21:03:04.724+0000] {logging_mixin.py:188} INFO - [2026-09-15T21:03:04.724+0000] {dag.py:3089} INFO - Sync 1 DAGs
[2026-09-15T21:03:04.735+0000] {logging_mixin.py:188} INFO - [2026-09-15T21:03:04.735+0000] {dag.py:3947} INFO - Setting next_dagrun for example_display_name to None, run_after=None
[2026-09-15T21:03:04.754+0000] {processor.py:183} INFO - Processing /home/airflow/.local/lib/python3.12/site-packages/airflow/example_dags/example_display_name.py took 0.062 seconds
[2026-09-15T21:03:35.517+0000] {processor.py:161} INFO - Started process (PID=398) to work on /home/airflow/.local/lib/python3.12/site-packages/airflow/example_dags/example_display_name.py
[2026-09-15T21:03:35.518+0000] {processor.py:830} INFO - Processing file /home/airflow/.local/lib/python3.12/site-packages/airflow/example_dags/example_display_name.py for tasks to queue
[2026-09-15T21:03:35.520+0000] {logging_mixin.py:188} INFO - [2026-09-15T21:03:35.520+0000] {dagbag.py:545} INFO - Filling up the DagBag from /home/airflow/.local/lib/python3.12/site-packages/airflow/example_dags/example_display_name.py
[2026-09-15T21:03:35.526+0000] {processor.py:840} INFO - DAG(s) 'example_display_name' retrieved from /home/airflow/.local/lib/python3.12/site-packages/airflow/example_dags/example_display_name.py
[2026-09-15T21:03:35.547+0000] {logging_mixin.py:188} INFO - [2026-09-15T21:03:35.547+0000] {dag.py:3089} INFO - Sync 1 DAGs
[2026-09-15T21:03:35.558+0000] {logging_mixin.py:188} INFO - [2026-09-15T21:03:35.558+0000] {dag.py:3947} INFO - Setting next_dagrun for example_display_name to None, run_after=None
[2026-09-15T21:03:35.574+0000] {processor.py:183} INFO - Processing /home/airflow/.local/lib/python3.12/site-packages/airflow/example_dags/example_display_name.py took 0.063 seconds
[2026-09-15T21:04:05.688+0000] {processor.py:161} INFO - Started process (PID=456) to work on /home/airflow/.local/lib/python3.12/site-packages/airflow/example_dags/example_display_name.py
[2026-09-15T21:04:05.689+0000] {processor.py:830} INFO - Processing file /home/airflow/.local/lib/python3.12/site-packages/airflow/example_dags/example_display_name.py for tasks to queue
[2026-09-15T21:04:05.691+0000] {logging_mixin.py:188} INFO - [2026-09-15T21:04:05.691+0000] {dagbag.py:545} INFO - Filling up the DagBag from /home/airflow/.local/lib/python3.12/site-packages/airflow/example_dags/example_display_name.py
[2026-09-15T21:04:05.695+0000] {processor.py:840} INFO - DAG(s) 'example_display_name' retrieved from /home/airflow/.local/lib/python3.12/site-packages/airflow/example_dags/example_display_name.py
[2026-09-15T21:04:05.712+0000] {logging_mixin.py:188} INFO - [2026-09-15T21:04:05.712+0000] {dag.py:3089} INFO - Sync 1 DAGs
[2026-09-15T21:04:05.721+0000] {logging_mixin.py:188} INFO - [2026-09-15T21:04:05.721+0000] {dag.py:3947} INFO - Setting next_dagrun for example_display_name to None, run_after=None
[2026-09-15T21:04:05.736+0000] {processor.py:183} INFO - Processing /home/airflow/.local/lib/python3.12/site-packages/airflow/example_dags/example_display_name.py took 0.053 seconds
[2026-09-15T21:04:35.803+0000] {processor.py:161} INFO - Started process (PID=514) to work on /home/airflow/.local/lib/python3.12/site-packages/airflow/example_dags/example_display_name.py
[2026-09-15T21:04:35.804+0000] {processor.py:830} INFO - Processing file /home/airflow/.local/lib/python3.12/site-packages/airflow/example_dags/example_display_name.py for tasks to queue
[2026-09-15T21:04:35.806+0000] {logging_mixin.py:188} INFO - [2026-09-15T21:04:35.806+0000] {dagbag.py:545} INFO - Filling up the DagBag from /home/airflow/.local/lib/python3.12/site-packages/airflow/example_dags/example_display_name.py
[2026-09-15T21:04:35.810+0000] {processor.py:840} INFO - DAG(s) 'example_display_name' retrieved from /home/airflow/.local/lib/python3.12/site-packages/airflow/example_dags/example_display_name.py
[2026-09-15T21:04:35.827+0000] {logging_mixin.py:188} INFO - [2026-09-15T21:04:35.827+0000] {dag.py:3089} INFO - Sync 1 DAGs
[2026-09-15T21:04:35.837+0000] {logging_mixin.py:188} INFO - [2026-09-15T21:04:35.837+0000] {dag.py:3947} INFO - Setting next_dagrun for example_display_name to None, run_after=None
[2026-09-15T21:04:35.852+0000] {processor.py:183} INFO - Processing /home/airflow/.local/lib/python3.12/site-packages/airflow/example_dags/example_display_name.py took 0.053 seconds
[2026-09-15T21:05:06.086+0000] {processor.py:161} INFO - Started process (PID=572) to work on /home/airflow/.local/lib/python3.12/site-packages/airflow/example_dags/example_display_name.py
[2026-09-15T21:05:06.087+0000] {processor.py:830} INFO - Processing file /home/airflow/.local/lib/python3.12/site-packages/airflow/example_dags/example_display_name.py for tasks to queue
[2026-09-15T21:05:06.089+0000] {logging_mixin.py:188} INFO - [2026-09-15T21:05:06.089+0000] {dagbag.py:545} INFO - Filling up the DagBag from /home/airflow/.local/lib/python3.12/site-packages/airflow/example_dags/example_display_name.py
[2026-09-15T21:05:06.094+0000] {processor.py:840} INFO - DAG(s) 'example_display_name' retrieved from /home/airflow/.local/lib/python3.12/site-packages/airflow/example_dags/example_display_name.py
[2026-09-15T21:05:06.109+0000] {logging_mixin.py:188} INFO - [2026-09-15T21:05:06.109+0000] {dag.py:3089} INFO - Sync 1 DAGs
[2026-09-15T21:05:06.118+0000] {logging_mixin.py:188} INFO - [2026-09-15T21:05:06.118+0000] {dag.py:3947} INFO - Setting next_dagrun for example_display_name to None, run_after=None
[2026-09-15T21:05:06.132+0000] {processor.py:183} INFO - Processing /home/airflow/.local/lib/python3.12/site-packages/airflow/example_dags/example_display_name.py took 0.051 seconds
[2026-09-15T21:05:37.278+0000] {processor.py:161} INFO - Started process (PID=630) to work on /home/airflow/.local/lib/python3.12/site-packages/airflow/example_dags/example_display_name.py
[2026-09-15T21:05:37.285+0000] {processor.py:830} INFO - Processing file /home/airflow/.local/lib/python3.12/site-packages/airflow/example_dags/example_display_name.py for tasks to queue
[2026-09-15T21:05:37.290+0000] {logging_mixin.py:188} INFO - [2026-09-15T21:05:37.289+0000] {dagbag.py:545} INFO - Filling up the DagBag from /home/airflow/.local/lib/python3.12/site-packages/airflow/example_dags/example_display_name.py
[2026-09-15T21:05:37.296+0000] {processor.py:840} INFO - DAG(s) 'example_display_name' retrieved from /home/airflow/.local/lib/python3.12/site-packages/airflow/example_dags/example_display_name.py
[2026-09-15T21:05:37.319+0000] {logging_mixin.py:188} INFO - [2026-09-15T21:05:37.319+0000] {dag.py:3089} INFO - Sync 1 DAGs
[2026-09-15T21:05:37.333+0000] {logging_mixin.py:188} INFO - [2026-09-15T21:05:37.333+0000] {dag.py:3947} INFO - Setting next_dagrun for example_display_name to None, run_after=None
[2026-09-15T21:05:37.359+0000] {processor.py:183} INFO - Processing /home/airflow/.local/lib/python3.12/site-packages/airflow/example_dags/example_display_name.py took 0.089 seconds
[2026-09-15T21:06:07.501+0000] {processor.py:161} INFO - Started process (PID=688) to work on /home/airflow/.local/lib/python3.12/site-packages/airflow/example_dags/example_display_name.py
[2026-09-15T21:06:07.502+0000] {processor.py:830} INFO - Processing file /home/airflow/.local/lib/python3.12/site-packages/airflow/example_dags/example_display_name.py for tasks to queue
[2026-09-15T21:06:07.504+0000] {logging_mixin.py:188} INFO - [2026-09-15T21:06:07.503+0000] {dagbag.py:545} INFO - Filling up the DagBag from /home/airflow/.local/lib/python3.12/site-packages/airflow/example_dags/example_display_name.py
[2026-09-15T21:06:07.508+0000] {processor.py:840} INFO - DAG(s) 'example_display_name' retrieved from /home/airflow/.local/lib/python3.12/site-packages/airflow/example_dags/example_display_name.py
[2026-09-15T21:06:07.524+0000] {logging_mixin.py:188} INFO - [2026-09-15T21:06:07.524+0000] {dag.py:3089} INFO - Sync 1 DAGs
[2026-09-15T21:06:07.533+0000] {logging_mixin.py:188} INFO - [2026-09-15T21:06:07.533+0000] {dag.py:3947} INFO - Setting next_dagrun for example_display_name to None, run_after=None
[2026-09-15T21:06:07.547+0000] {processor.py:183} INFO - Processing /home/airflow/.local/lib/python3.12/site-packages/airflow/example_dags/example_display_name.py took 0.050 seconds
[2026-09-15T21:06:37.816+0000] {processor.py:161} INFO - Started process (PID=749) to work on /home/airflow/.local/lib/python3.12/site-packages/airflow/example_dags/example_display_name.py
[2026-09-15T21:06:37.818+0000] {processor.py:830} INFO - Processing file /home/airflow/.local/lib/python3.12/site-packages/airflow/example_dags/example_display_name.py for tasks to queue
[2026-09-15T21:06:37.820+0000] {logging_mixin.py:188} INFO - [2026-09-15T21:06:37.820+0000] {dagbag.py:545} INFO - Filling up the DagBag from /home/airflow/.local/lib/python3.12/site-packages/airflow/example_dags/example_display_name.py
[2026-09-15T21:06:37.825+0000] {processor.py:840} INFO - DAG(s) 'example_display_name' retrieved from /home/airflow/.local/lib/python3.12/site-packages/airflow/example_dags/example_display_name.py
[2026-09-15T21:06:37.846+0000] {logging_mixin.py:188} INFO - [2026-09-15T21:06:37.845+0000] {dag.py:3089} INFO - Sync 1 DAGs
[2026-09-15T21:06:37.856+0000] {logging_mixin.py:188} INFO - [2026-09-15T21:06:37.856+0000] {dag.py:3947} INFO - Setting next_dagrun for example_display_name to None, run_after=None
[2026-09-15T21:06:37.875+0000] {processor.py:183} INFO - Processing /home/airflow/.local/lib/python3.12/site-packages/airflow/example_dags/example_display_name.py took 0.063 seconds
[2026-09-15T21:07:08.122+0000] {processor.py:161} INFO - Started process (PID=807) to work on /home/airflow/.local/lib/python3.12/site-packages/airflow/example_dags/example_display_name.py
[2026-09-15T21:07:08.123+0000] {processor.py:830} INFO - Processing file /home/airflow/.local/lib/python3.12/site-packages/airflow/example_dags/example_display_name.py for tasks to queue
[2026-09-15T21:07:08.125+0000] {logging_mixin.py:188} INFO - [2026-09-15T21:07:08.125+0000] {dagbag.py:545} INFO - Filling up the DagBag from /home/airflow/.local/lib/python3.12/site-packages/airflow/example_dags/example_display_name.py
[2026-09-15T21:07:08.129+0000] {processor.py:840} INFO - DAG(s) 'example_display_name' retrieved from /home/airflow/.local/lib/python3.12/site-packages/airflow/example_dags/example_display_name.py
[2026-09-15T21:07:08.147+0000] {logging_mixin.py:188} INFO - [2026-09-15T21:07:08.147+0000] {dag.py:3089} INFO - Sync 1 DAGs
[2026-09-15T21:07:08.156+0000] {logging_mixin.py:188} INFO - [2026-09-15T21:07:08.156+0000] {dag.py:3947} INFO - Setting next_dagrun for example_display_name to None, run_after=None
[2026-09-15T21:07:08.170+0000] {processor.py:183} INFO - Processing /home/airflow/.local/lib/python3.12/site-packages/airflow/example_dags/example_display_name.py took 0.053 seconds
[2026-09-15T21:07:38.688+0000] {processor.py:161} INFO - Started process (PID=865) to work on /home/airflow/.local/lib/python3.12/site-packages/airflow/example_dags/example_display_name.py
[2026-09-15T21:07:38.689+0000] {processor.py:830} INFO - Processing file /home/airflow/.local/lib/python3.12/site-packages/airflow/example_dags/example_display_name.py for tasks to queue
[2026-09-15T21:07:38.691+0000] {logging_mixin.py:188} INFO - [2026-09-15T21:07:38.691+0000] {dagbag.py:545} INFO - Filling up the DagBag from /home/airflow/.local/lib/python3.12/site-packages/airflow/example_dags/example_display_name.py
[2026-09-15T21:07:38.695+0000] {processor.py:840} INFO - DAG(s) 'example_display_name' retrieved from /home/airflow/.local/lib/python3.12/site-packages/airflow/example_dags/example_display_name.py
[2026-09-15T21:07:38.712+0000] {logging_mixin.py:188} INFO - [2026-09-15T21:07:38.712+0000] {dag.py:3089} INFO - Sync 1 DAGs
[2026-09-15T21:07:38.721+0000] {logging_mixin.py:188} INFO - [2026-09-15T21:07:38.721+0000] {dag.py:3947} INFO - Setting next_dagrun for example_display_name to None, run_after=None
[2026-09-15T21:07:38.737+0000] {processor.py:183} INFO - Processing /home/airflow/.local/lib/python3.12/site-packages/airflow/example_dags/example_display_name.py took 0.053 seconds
[2026-09-15T21:08:09.532+0000] {processor.py:161} INFO - Started process (PID=923) to work on /home/airflow/.local/lib/python3.12/site-packages/airflow/example_dags/example_display_name.py
[2026-09-15T21:08:09.533+0000] {processor.py:830} INFO - Processing file /home/airflow/.local/lib/python3.12/site-packages/airflow/example_dags/example_display_name.py for tasks to queue
[2026-09-15T21:08:09.535+0000] {logging_mixin.py:188} INFO - [2026-09-15T21:08:09.535+0000] {dagbag.py:545} INFO - Filling up the DagBag from /home/airflow/.local/lib/python3.12/site-packages/airflow/example_dags/example_display_name.py
[2026-09-15T21:08:09.539+0000] {processor.py:840} INFO - DAG(s) 'example_display_name' retrieved from /home/airflow/.local/lib/python3.12/site-packages/airflow/example_dags/example_display_name.py
[2026-09-15T21:08:09.556+0000] {logging_mixin.py:188} INFO - [2026-09-15T21:08:09.556+0000] {dag.py:3089} INFO - Sync 1 DAGs
[2026-09-15T21:08:09.565+0000] {logging_mixin.py:188} INFO - [2026-09-15T21:08:09.565+0000] {dag.py:3947} INFO - Setting next_dagrun for example_display_name to None, run_after=None
[2026-09-15T21:08:09.578+0000] {processor.py:183} INFO - Processing /home/airflow/.local/lib/python3.12/site-packages/airflow/example_dags/example_display_name.py took 0.051 seconds
[2026-09-15T21:08:39.769+0000] {processor.py:161} INFO - Started process (PID=981) to work on /home/airflow/.local/lib/python3.12/site-packages/airflow/example_dags/example_display_name.py
[2026-09-15T21:08:39.770+0000] {processor.py:830} INFO - Processing file /home/airflow/.local/lib/python3.12/site-packages/airflow/example_dags/example_display_name.py for tasks to queue
[2026-09-15T21:08:39.772+0000] {logging_mixin.py:188} INFO - [2026-09-15T21:08:39.772+0000] {dagbag.py:545} INFO - Filling up the DagBag from /home/airflow/.local/lib/python3.12/site-packages/airflow/example_dags/example_display_name.py
[2026-09-15T21:08:39.777+0000] {processor.py:840} INFO - DAG(s) 'example_display_name' retrieved from /home/airflow/.local/lib/python3.12/site-packages/airflow/example_dags/example_display_name.py
[2026-09-15T21:08:39.793+0000] {logging_mixin.py:188} INFO - [2026-09-15T21:08:39.793+0000] {dag.py:3089} INFO - Sync 1 DAGs
[2026-09-15T21:08:39.803+0000] {logging_mixin.py:188} INFO - [2026-09-15T21:08:39.802+0000] {dag.py:3947} INFO - Setting next_dagrun for example_display_name to None, run_after=None
[2026-09-15T21:08:39.818+0000] {processor.py:183} INFO - Processing /home/airflow/.local/lib/python3.12/site-packages/airflow/example_dags/example_display_name.py took 0.053 seconds
[2026-09-15T21:09:09.949+0000] {processor.py:161} INFO - Started process (PID=1039) to work on /home/airflow/.local/lib/python3.12/site-packages/airflow/example_dags/example_display_name.py
[2026-09-15T21:09:09.950+0000] {processor.py:830} INFO - Processing file /home/airflow/.local/lib/python3.12/site-packages/airflow/example_dags/example_display_name.py for tasks to queue
[2026-09-15T21:09:09.952+0000] {logging_mixin.py:188} INFO - [2026-09-15T21:09:09.951+0000] {dagbag.py:545} INFO - Filling up the DagBag from /home/airflow/.local/lib/python3.12/site-packages/airflow/example_dags/example_display_name.py
[2026-09-15T21:09:09.956+0000] {processor.py:840} INFO - DAG(s) 'example_display_name' retrieved from /home/airflow/.local/lib/python3.12/site-packages/airflow/example_dags/example_display_name.py
[2026-09-15T21:09:09.974+0000] {logging_mixin.py:188} INFO - [2026-09-15T21:09:09.973+0000] {dag.py:3089} INFO - Sync 1 DAGs
[2026-09-15T21:09:09.984+0000] {logging_mixin.py:188} INFO - [2026-09-15T21:09:09.984+0000] {dag.py:3947} INFO - Setting next_dagrun for example_display_name to None, run_after=None
[2026-09-15T21:09:10.001+0000] {processor.py:183} INFO - Processing /home/airflow/.local/lib/python3.12/site-packages/airflow/example_dags/example_display_name.py took 0.056 seconds
[2026-09-15T21:09:40.304+0000] {processor.py:161} INFO - Started process (PID=1097) to work on /home/airflow/.local/lib/python3.12/site-packages/airflow/example_dags/example_display_name.py
[2026-09-15T21:09:40.305+0000] {processor.py:830} INFO - Processing file /home/airflow/.local/lib/python3.12/site-packages/airflow/example_dags/example_display_name.py for tasks to queue
[2026-09-15T21:09:40.307+0000] {logging_mixin.py:188} INFO - [2026-09-15T21:09:40.307+0000] {dagbag.py:545} INFO - Filling up the DagBag from /home/airflow/.local/lib/python3.12/site-packages/airflow/example_dags/example_display_name.py
[2026-09-15T21:09:40.311+0000] {processor.py:840} INFO - DAG(s) 'example_display_name' retrieved from /home/airflow/.local/lib/python3.12/site-packages/airflow/example_dags/example_display_name.py
[2026-09-15T21:09:40.328+0000] {logging_mixin.py:188} INFO - [2026-09-15T21:09:40.328+0000] {dag.py:3089} INFO - Sync 1 DAGs
[2026-09-15T21:09:40.338+0000] {logging_mixin.py:188} INFO - [2026-09-15T21:09:40.338+0000] {dag.py:3947} INFO - Setting next_dagrun for example_display_name to None, run_after=None
[2026-09-15T21:09:40.352+0000] {processor.py:183} INFO - Processing /home/airflow/.local/lib/python3.12/site-packages/airflow/example_dags/example_display_name.py took 0.052 seconds
[2026-09-15T21:10:10.951+0000] {processor.py:161} INFO - Started process (PID=1155) to work on /home/airflow/.local/lib/python3.12/site-packages/airflow/example_dags/example_display_name.py
[2026-09-15T21:10:10.953+0000] {processor.py:830} INFO - Processing file /home/airflow/.local/lib/python3.12/site-packages/airflow/example_dags/example_display_name.py for tasks to queue
[2026-09-15T21:10:10.955+0000] {logging_mixin.py:188} INFO - [2026-09-15T21:10:10.955+0000] {dagbag.py:545} INFO - Filling up the DagBag from /home/airflow/.local/lib/python3.12/site-packages/airflow/example_dags/example_display_name.py
[2026-09-15T21:10:10.959+0000] {processor.py:840} INFO - DAG(s) 'example_display_name' retrieved from /home/airflow/.local/lib/python3.12/site-packages/airflow/example_dags/example_display_name.py
[2026-09-15T21:10:10.971+0000] {logging_mixin.py:188} INFO - [2026-09-15T21:10:10.971+0000] {dag.py:3089} INFO - Sync 1 DAGs
[2026-09-15T21:10:10.983+0000] {logging_mixin.py:188} INFO - [2026-09-15T21:10:10.983+0000] {dag.py:3947} INFO - Setting next_dagrun for example_display_name to None, run_after=None
[2026-09-15T21:10:10.998+0000] {processor.py:183} INFO - Processing /home/airflow/.local/lib/python3.12/site-packages/airflow/example_dags/example_display_name.py took 0.053 seconds
[2026-09-15T21:10:41.373+0000] {processor.py:161} INFO - Started process (PID=1213) to work on /home/airflow/.local/lib/python3.12/site-packages/airflow/example_dags/example_display_name.py
[2026-09-15T21:10:41.374+0000] {processor.py:830} INFO - Processing file /home/airflow/.local/lib/python3.12/site-packages/airflow/example_dags/example_display_name.py for tasks to queue
[2026-09-15T21:10:41.376+0000] {logging_mixin.py:188} INFO - [2026-09-15T21:10:41.376+0000] {dagbag.py:545} INFO - Filling up the DagBag from /home/airflow/.local/lib/python3.12/site-packages/airflow/example_dags/example_display_name.py
[2026-09-15T21:10:41.380+0000] {processor.py:840} INFO - DAG(s) 'example_display_name' retrieved from /home/airflow/.local/lib/python3.12/site-packages/airflow/example_dags/example_display_name.py
[2026-09-15T21:10:41.455+0000] {logging_mixin.py:188} INFO - [2026-09-15T21:10:41.455+0000] {dag.py:3089} INFO - Sync 1 DAGs
[2026-09-15T21:10:41.463+0000] {logging_mixin.py:188} INFO - [2026-09-15T21:10:41.463+0000] {dag.py:3947} INFO - Setting next_dagrun for example_display_name to None, run_after=None
[2026-09-15T21:10:41.478+0000] {processor.py:183} INFO - Processing /home/airflow/.local/lib/python3.12/site-packages/airflow/example_dags/example_display_name.py took 0.108 seconds
[2026-09-15T21:11:11.568+0000] {processor.py:161} INFO - Started process (PID=1271) to work on /home/airflow/.local/lib/python3.12/site-packages/airflow/example_dags/example_display_name.py
[2026-09-15T21:11:11.569+0000] {processor.py:830} INFO - Processing file /home/airflow/.local/lib/python3.12/site-packages/airflow/example_dags/example_display_name.py for tasks to queue
[2026-09-15T21:11:11.571+0000] {logging_mixin.py:188} INFO - [2026-09-15T21:11:11.571+0000] {dagbag.py:545} INFO - Filling up the DagBag from /home/airflow/.local/lib/python3.12/site-packages/airflow/example_dags/example_display_name.py
[2026-09-15T21:11:11.577+0000] {processor.py:840} INFO - DAG(s) 'example_display_name' retrieved from /home/airflow/.local/lib/python3.12/site-packages/airflow/example_dags/example_display_name.py
[2026-09-15T21:11:11.596+0000] {logging_mixin.py:188} INFO - [2026-09-15T21:11:11.596+0000] {dag.py:3089} INFO - Sync 1 DAGs
[2026-09-15T21:11:11.607+0000] {logging_mixin.py:188} INFO - [2026-09-15T21:11:11.607+0000] {dag.py:3947} INFO - Setting next_dagrun for example_display_name to None, run_after=None
[2026-09-15T21:11:11.625+0000] {processor.py:183} INFO - Processing /home/airflow/.local/lib/python3.12/site-packages/airflow/example_dags/example_display_name.py took 0.061 seconds
[2026-09-15T21:11:41.844+0000] {processor.py:161} INFO - Started process (PID=1329) to work on /home/airflow/.local/lib/python3.12/site-packages/airflow/example_dags/example_display_name.py
[2026-09-15T21:11:41.845+0000] {processor.py:830} INFO - Processing file /home/airflow/.local/lib/python3.12/site-packages/airflow/example_dags/example_display_name.py for tasks to queue
[2026-09-15T21:11:41.847+0000] {logging_mixin.py:188} INFO - [2026-09-15T21:11:41.847+0000] {dagbag.py:545} INFO - Filling up the DagBag from /home/airflow/.local/lib/python3.12/site-packages/airflow/example_dags/example_display_name.py
[2026-09-15T21:11:41.851+0000] {processor.py:840} INFO - DAG(s) 'example_display_name' retrieved from /home/airflow/.local/lib/python3.12/site-packages/airflow/example_dags/example_display_name.py
[2026-09-15T21:11:41.867+0000] {logging_mixin.py:188} INFO - [2026-09-15T21:11:41.867+0000] {dag.py:3089} INFO - Sync 1 DAGs
[2026-09-15T21:11:41.876+0000] {logging_mixin.py:188} INFO - [2026-09-15T21:11:41.875+0000] {dag.py:3947} INFO - Setting next_dagrun for example_display_name to None, run_after=None
[2026-09-15T21:11:41.890+0000] {processor.py:183} INFO - Processing /home/airflow/.local/lib/python3.12/site-packages/airflow/example_dags/example_display_name.py took 0.051 seconds
[2026-09-15T21:12:12.265+0000] {processor.py:161} INFO - Started process (PID=1387) to work on /home/airflow/.local/lib/python3.12/site-packages/airflow/example_dags/example_display_name.py
[2026-09-15T21:12:12.267+0000] {processor.py:830} INFO - Processing file /home/airflow/.local/lib/python3.12/site-packages/airflow/example_dags/example_display_name.py for tasks to queue
[2026-09-15T21:12:12.269+0000] {logging_mixin.py:188} INFO - [2026-09-15T21:12:12.269+0000] {dagbag.py:545} INFO - Filling up the DagBag from /home/airflow/.local/lib/python3.12/site-packages/airflow/example_dags/example_display_name.py
[2026-09-15T21:12:12.274+0000] {processor.py:840} INFO - DAG(s) 'example_display_name' retrieved from /home/airflow/.local/lib/python3.12/site-packages/airflow/example_dags/example_display_name.py
[2026-09-15T21:12:12.294+0000] {logging_mixin.py:188} INFO - [2026-09-15T21:12:12.294+0000] {dag.py:3089} INFO - Sync 1 DAGs
[2026-09-15T21:12:12.306+0000] {logging_mixin.py:188} INFO - [2026-09-15T21:12:12.305+0000] {dag.py:3947} INFO - Setting next_dagrun for example_display_name to None, run_after=None
[2026-09-15T21:12:12.322+0000] {processor.py:183} INFO - Processing /home/airflow/.local/lib/python3.12/site-packages/airflow/example_dags/example_display_name.py took 0.062 seconds
[2026-09-15T21:12:42.467+0000] {processor.py:161} INFO - Started process (PID=1445) to work on /home/airflow/.local/lib/python3.12/site-packages/airflow/example_dags/example_display_name.py
[2026-09-15T21:12:42.469+0000] {processor.py:830} INFO - Processing file /home/airflow/.local/lib/python3.12/site-packages/airflow/example_dags/example_display_name.py for tasks to queue
[2026-09-15T21:12:42.471+0000] {logging_mixin.py:188} INFO - [2026-09-15T21:12:42.470+0000] {dagbag.py:545} INFO - Filling up the DagBag from /home/airflow/.local/lib/python3.12/site-packages/airflow/example_dags/example_display_name.py
[2026-09-15T21:12:42.476+0000] {processor.py:840} INFO - DAG(s) 'example_display_name' retrieved from /home/airflow/.local/lib/python3.12/site-packages/airflow/example_dags/example_display_name.py
[2026-09-15T21:12:42.494+0000] {logging_mixin.py:188} INFO - [2026-09-15T21:12:42.493+0000] {dag.py:3089} INFO - Sync 1 DAGs
[2026-09-15T21:12:42.504+0000] {logging_mixin.py:188} INFO - [2026-09-15T21:12:42.504+0000] {dag.py:3947} INFO - Setting next_dagrun for example_display_name to None, run_after=None
[2026-09-15T21:12:42.520+0000] {processor.py:183} INFO - Processing /home/airflow/.local/lib/python3.12/site-packages/airflow/example_dags/example_display_name.py took 0.058 seconds
[2026-09-15T21:13:12.896+0000] {processor.py:161} INFO - Started process (PID=1503) to work on /home/airflow/.local/lib/python3.12/site-packages/airflow/example_dags/example_display_name.py
[2026-09-15T21:13:12.897+0000] {processor.py:830} INFO - Processing file /home/airflow/.local/lib/python3.12/site-packages/airflow/example_dags/example_display_name.py for tasks to queue
[2026-09-15T21:13:12.899+0000] {logging_mixin.py:188} INFO - [2026-09-15T21:13:12.898+0000] {dagbag.py:545} INFO - Filling up the DagBag from /home/airflow/.local/lib/python3.12/site-packages/airflow/example_dags/example_display_name.py
[2026-09-15T21:13:12.903+0000] {processor.py:840} INFO - DAG(s) 'example_display_name' retrieved from /home/airflow/.local/lib/python3.12/site-packages/airflow/example_dags/example_display_name.py
[2026-09-15T21:13:12.919+0000] {logging_mixin.py:188} INFO - [2026-09-15T21:13:12.919+0000] {dag.py:3089} INFO - Sync 1 DAGs
[2026-09-15T21:13:12.928+0000] {logging_mixin.py:188} INFO - [2026-09-15T21:13:12.928+0000] {dag.py:3947} INFO - Setting next_dagrun for example_display_name to None, run_after=None
[2026-09-15T21:13:12.944+0000] {processor.py:183} INFO - Processing /home/airflow/.local/lib/python3.12/site-packages/airflow/example_dags/example_display_name.py took 0.052 seconds
[2026-09-15T21:13:43.032+0000] {processor.py:161} INFO - Started process (PID=1561) to work on /home/airflow/.local/lib/python3.12/site-packages/airflow/example_dags/example_display_name.py
[2026-09-15T21:13:43.033+0000] {processor.py:830} INFO - Processing file /home/airflow/.local/lib/python3.12/site-packages/airflow/example_dags/example_display_name.py for tasks to queue
[2026-09-15T21:13:43.034+0000] {logging_mixin.py:188} INFO - [2026-09-15T21:13:43.034+0000] {dagbag.py:545} INFO - Filling up the DagBag from /home/airflow/.local/lib/python3.12/site-packages/airflow/example_dags/example_display_name.py
[2026-09-15T21:13:43.038+0000] {processor.py:840} INFO - DAG(s) 'example_display_name' retrieved from /home/airflow/.local/lib/python3.12/site-packages/airflow/example_dags/example_display_name.py
[2026-09-15T21:13:43.054+0000] {logging_mixin.py:188} INFO - [2026-09-15T21:13:43.054+0000] {dag.py:3089} INFO - Sync 1 DAGs
[2026-09-15T21:13:43.063+0000] {logging_mixin.py:188} INFO - [2026-09-15T21:13:43.063+0000] {dag.py:3947} INFO - Setting next_dagrun for example_display_name to None, run_after=None
[2026-09-15T21:13:43.077+0000] {processor.py:183} INFO - Processing /home/airflow/.local/lib/python3.12/site-packages/airflow/example_dags/example_display_name.py took 0.050 seconds
[2026-09-15T21:14:13.906+0000] {processor.py:161} INFO - Started process (PID=1619) to work on /home/airflow/.local/lib/python3.12/site-packages/airflow/example_dags/example_display_name.py
[2026-09-15T21:14:13.907+0000] {processor.py:830} INFO - Processing file /home/airflow/.local/lib/python3.12/site-packages/airflow/example_dags/example_display_name.py for tasks to queue
[2026-09-15T21:14:13.910+0000] {logging_mixin.py:188} INFO - [2026-09-15T21:14:13.909+0000] {dagbag.py:545} INFO - Filling up the DagBag from /home/airflow/.local/lib/python3.12/site-packages/airflow/example_dags/example_display_name.py
[2026-09-15T21:14:13.914+0000] {processor.py:840} INFO - DAG(s) 'example_display_name' retrieved from /home/airflow/.local/lib/python3.12/site-packages/airflow/example_dags/example_display_name.py
[2026-09-15T21:14:13.931+0000] {logging_mixin.py:188} INFO - [2026-09-15T21:14:13.931+0000] {dag.py:3089} INFO - Sync 1 DAGs
[2026-09-15T21:14:13.941+0000] {logging_mixin.py:188} INFO - [2026-09-15T21:14:13.940+0000] {dag.py:3947} INFO - Setting next_dagrun for example_display_name to None, run_after=None
[2026-09-15T21:14:13.957+0000] {processor.py:183} INFO - Processing /home/airflow/.local/lib/python3.12/site-packages/airflow/example_dags/example_display_name.py took 0.055 seconds
[2026-09-15T21:14:44.325+0000] {processor.py:161} INFO - Started process (PID=1677) to work on /home/airflow/.local/lib/python3.12/site-packages/airflow/example_dags/example_display_name.py
[2026-09-15T21:14:44.326+0000] {processor.py:830} INFO - Processing file /home/airflow/.local/lib/python3.12/site-packages/airflow/example_dags/example_display_name.py for tasks to queue
[2026-09-15T21:14:44.329+0000] {logging_mixin.py:188} INFO - [2026-09-15T21:14:44.329+0000] {dagbag.py:545} INFO - Filling up the DagBag from /home/airflow/.local/lib/python3.12/site-packages/airflow/example_dags/example_display_name.py
[2026-09-15T21:14:44.334+0000] {processor.py:840} INFO - DAG(s) 'example_display_name' retrieved from /home/airflow/.local/lib/python3.12/site-packages/airflow/example_dags/example_display_name.py
[2026-09-15T21:14:44.352+0000] {logging_mixin.py:188} INFO - [2026-09-15T21:14:44.352+0000] {dag.py:3089} INFO - Sync 1 DAGs
[2026-09-15T21:14:44.363+0000] {logging_mixin.py:188} INFO - [2026-09-15T21:14:44.363+0000] {dag.py:3947} INFO - Setting next_dagrun for example_display_name to None, run_after=None
[2026-09-15T21:14:44.381+0000] {processor.py:183} INFO - Processing /home/airflow/.local/lib/python3.12/site-packages/airflow/example_dags/example_display_name.py took 0.060 seconds
[2026-09-15T21:15:14.840+0000] {processor.py:161} INFO - Started process (PID=1735) to work on /home/airflow/.local/lib/python3.12/site-packages/airflow/example_dags/example_display_name.py
[2026-09-15T21:15:14.842+0000] {processor.py:830} INFO - Processing file /home/airflow/.local/lib/python3.12/site-packages/airflow/example_dags/example_display_name.py for tasks to queue
[2026-09-15T21:15:14.844+0000] {logging_mixin.py:188} INFO - [2026-09-15T21:15:14.844+0000] {dagbag.py:545} INFO - Filling up the DagBag from /home/airflow/.local/lib/python3.12/site-packages/airflow/example_dags/example_display_name.py
[2026-09-15T21:15:14.849+0000] {processor.py:840} INFO - DAG(s) 'example_display_name' retrieved from /home/airflow/.local/lib/python3.12/site-packages/airflow/example_dags/example_display_name.py
[2026-09-15T21:15:14.866+0000] {logging_mixin.py:188} INFO - [2026-09-15T21:15:14.865+0000] {dag.py:3089} INFO - Sync 1 DAGs
[2026-09-15T21:15:14.876+0000] {logging_mixin.py:188} INFO - [2026-09-15T21:15:14.875+0000] {dag.py:3947} INFO - Setting next_dagrun for example_display_name to None, run_after=None
[2026-09-15T21:15:14.893+0000] {processor.py:183} INFO - Processing /home/airflow/.local/lib/python3.12/site-packages/airflow/example_dags/example_display_name.py took 0.058 seconds
[2026-09-15T21:15:45.803+0000] {processor.py:161} INFO - Started process (PID=1793) to work on /home/airflow/.local/lib/python3.12/site-packages/airflow/example_dags/example_display_name.py
[2026-09-15T21:15:45.804+0000] {processor.py:830} INFO - Processing file /home/airflow/.local/lib/python3.12/site-packages/airflow/example_dags/example_display_name.py for tasks to queue
[2026-09-15T21:15:45.806+0000] {logging_mixin.py:188} INFO - [2026-09-15T21:15:45.806+0000] {dagbag.py:545} INFO - Filling up the DagBag from /home/airflow/.local/lib/python3.12/site-packages/airflow/example_dags/example_display_name.py
[2026-09-15T21:15:45.811+0000] {processor.py:840} INFO - DAG(s) 'example_display_name' retrieved from /home/airflow/.local/lib/python3.12/site-packages/airflow/example_dags/example_display_name.py
[2026-09-15T21:15:45.829+0000] {logging_mixin.py:188} INFO - [2026-09-15T21:15:45.829+0000] {dag.py:3089} INFO - Sync 1 DAGs
[2026-09-15T21:15:45.840+0000] {logging_mixin.py:188} INFO - [2026-09-15T21:15:45.840+0000] {dag.py:3947} INFO - Setting next_dagrun for example_display_name to None, run_after=None
[2026-09-15T21:15:45.858+0000] {processor.py:183} INFO - Processing /home/airflow/.local/lib/python3.12/site-packages/airflow/example_dags/example_display_name.py took 0.059 seconds
[2026-09-15T21:16:16.397+0000] {processor.py:161} INFO - Started process (PID=1851) to work on /home/airflow/.local/lib/python3.12/site-packages/airflow/example_dags/example_display_name.py
[2026-09-15T21:16:16.398+0000] {processor.py:830} INFO - Processing file /home/airflow/.local/lib/python3.12/site-packages/airflow/example_dags/example_display_name.py for tasks to queue
[2026-09-15T21:16:16.400+0000] {logging_mixin.py:188} INFO - [2026-09-15T21:16:16.400+0000] {dagbag.py:545} INFO - Filling up the DagBag from /home/airflow/.local/lib/python3.12/site-packages/airflow/example_dags/example_display_name.py
[2026-09-15T21:16:16.405+0000] {processor.py:840} INFO - DAG(s) 'example_display_name' retrieved from /home/airflow/.local/lib/python3.12/site-packages/airflow/example_dags/example_display_name.py
[2026-09-15T21:16:16.423+0000] {logging_mixin.py:188} INFO - [2026-09-15T21:16:16.422+0000] {dag.py:3089} INFO - Sync 1 DAGs
[2026-09-15T21:16:16.433+0000] {logging_mixin.py:188} INFO - [2026-09-15T21:16:16.432+0000] {dag.py:3947} INFO - Setting next_dagrun for example_display_name to None, run_after=None
[2026-09-15T21:16:16.448+0000] {processor.py:183} INFO - Processing /home/airflow/.local/lib/python3.12/site-packages/airflow/example_dags/example_display_name.py took 0.055 seconds
[2026-09-15T21:17:37.361+0000] {processor.py:161} INFO - Started process (PID=103) to work on /home/airflow/.local/lib/python3.12/site-packages/airflow/example_dags/example_display_name.py
[2026-09-15T21:17:37.362+0000] {processor.py:830} INFO - Processing file /home/airflow/.local/lib/python3.12/site-packages/airflow/example_dags/example_display_name.py for tasks to queue
[2026-09-15T21:17:37.364+0000] {logging_mixin.py:188} INFO - [2026-09-15T21:17:37.364+0000] {dagbag.py:545} INFO - Filling up the DagBag from /home/airflow/.local/lib/python3.12/site-packages/airflow/example_dags/example_display_name.py
[2026-09-15T21:17:37.370+0000] {processor.py:840} INFO - DAG(s) 'example_display_name' retrieved from /home/airflow/.local/lib/python3.12/site-packages/airflow/example_dags/example_display_name.py
[2026-09-15T21:17:37.383+0000] {logging_mixin.py:188} INFO - [2026-09-15T21:17:37.382+0000] {dag.py:3089} INFO - Sync 1 DAGs
[2026-09-15T21:17:37.394+0000] {logging_mixin.py:188} INFO - [2026-09-15T21:17:37.394+0000] {dag.py:3947} INFO - Setting next_dagrun for example_display_name to None, run_after=None
[2026-09-15T21:17:37.413+0000] {processor.py:183} INFO - Processing /home/airflow/.local/lib/python3.12/site-packages/airflow/example_dags/example_display_name.py took 0.056 seconds
[2026-09-15T21:18:08.933+0000] {processor.py:161} INFO - Started process (PID=162) to work on /home/airflow/.local/lib/python3.12/site-packages/airflow/example_dags/example_display_name.py
[2026-09-15T21:18:08.935+0000] {processor.py:830} INFO - Processing file /home/airflow/.local/lib/python3.12/site-packages/airflow/example_dags/example_display_name.py for tasks to queue
[2026-09-15T21:18:08.938+0000] {logging_mixin.py:188} INFO - [2026-09-15T21:18:08.937+0000] {dagbag.py:545} INFO - Filling up the DagBag from /home/airflow/.local/lib/python3.12/site-packages/airflow/example_dags/example_display_name.py
[2026-09-15T21:18:08.945+0000] {processor.py:840} INFO - DAG(s) 'example_display_name' retrieved from /home/airflow/.local/lib/python3.12/site-packages/airflow/example_dags/example_display_name.py
[2026-09-15T21:18:09.039+0000] {logging_mixin.py:188} INFO - [2026-09-15T21:18:09.039+0000] {dag.py:3089} INFO - Sync 1 DAGs
[2026-09-15T21:18:09.052+0000] {logging_mixin.py:188} INFO - [2026-09-15T21:18:09.051+0000] {dag.py:3947} INFO - Setting next_dagrun for example_display_name to None, run_after=None
[2026-09-15T21:18:09.071+0000] {processor.py:183} INFO - Processing /home/airflow/.local/lib/python3.12/site-packages/airflow/example_dags/example_display_name.py took 0.142 seconds
[2026-09-15T21:18:39.135+0000] {processor.py:161} INFO - Started process (PID=221) to work on /home/airflow/.local/lib/python3.12/site-packages/airflow/example_dags/example_display_name.py
[2026-09-15T21:18:39.137+0000] {processor.py:830} INFO - Processing file /home/airflow/.local/lib/python3.12/site-packages/airflow/example_dags/example_display_name.py for tasks to queue
[2026-09-15T21:18:39.139+0000] {logging_mixin.py:188} INFO - [2026-09-15T21:18:39.139+0000] {dagbag.py:545} INFO - Filling up the DagBag from /home/airflow/.local/lib/python3.12/site-packages/airflow/example_dags/example_display_name.py
[2026-09-15T21:18:39.144+0000] {processor.py:840} INFO - DAG(s) 'example_display_name' retrieved from /home/airflow/.local/lib/python3.12/site-packages/airflow/example_dags/example_display_name.py
[2026-09-15T21:18:39.162+0000] {logging_mixin.py:188} INFO - [2026-09-15T21:18:39.162+0000] {dag.py:3089} INFO - Sync 1 DAGs
[2026-09-15T21:18:39.173+0000] {logging_mixin.py:188} INFO - [2026-09-15T21:18:39.173+0000] {dag.py:3947} INFO - Setting next_dagrun for example_display_name to None, run_after=None
[2026-09-15T21:18:39.191+0000] {processor.py:183} INFO - Processing /home/airflow/.local/lib/python3.12/site-packages/airflow/example_dags/example_display_name.py took 0.060 seconds
[2026-09-15T21:19:09.715+0000] {processor.py:161} INFO - Started process (PID=278) to work on /home/airflow/.local/lib/python3.12/site-packages/airflow/example_dags/example_display_name.py
[2026-09-15T21:19:09.716+0000] {processor.py:830} INFO - Processing file /home/airflow/.local/lib/python3.12/site-packages/airflow/example_dags/example_display_name.py for tasks to queue
[2026-09-15T21:19:09.718+0000] {logging_mixin.py:188} INFO - [2026-09-15T21:19:09.718+0000] {dagbag.py:545} INFO - Filling up the DagBag from /home/airflow/.local/lib/python3.12/site-packages/airflow/example_dags/example_display_name.py
[2026-09-15T21:19:09.722+0000] {processor.py:840} INFO - DAG(s) 'example_display_name' retrieved from /home/airflow/.local/lib/python3.12/site-packages/airflow/example_dags/example_display_name.py
[2026-09-15T21:19:09.740+0000] {logging_mixin.py:188} INFO - [2026-09-15T21:19:09.740+0000] {dag.py:3089} INFO - Sync 1 DAGs
[2026-09-15T21:19:09.751+0000] {logging_mixin.py:188} INFO - [2026-09-15T21:19:09.750+0000] {dag.py:3947} INFO - Setting next_dagrun for example_display_name to None, run_after=None
[2026-09-15T21:19:09.766+0000] {processor.py:183} INFO - Processing /home/airflow/.local/lib/python3.12/site-packages/airflow/example_dags/example_display_name.py took 0.056 seconds
[2026-09-15T21:19:40.535+0000] {processor.py:161} INFO - Started process (PID=336) to work on /home/airflow/.local/lib/python3.12/site-packages/airflow/example_dags/example_display_name.py
[2026-09-15T21:19:40.536+0000] {processor.py:830} INFO - Processing file /home/airflow/.local/lib/python3.12/site-packages/airflow/example_dags/example_display_name.py for tasks to queue
[2026-09-15T21:19:40.538+0000] {logging_mixin.py:188} INFO - [2026-09-15T21:19:40.538+0000] {dagbag.py:545} INFO - Filling up the DagBag from /home/airflow/.local/lib/python3.12/site-packages/airflow/example_dags/example_display_name.py
[2026-09-15T21:19:40.543+0000] {processor.py:840} INFO - DAG(s) 'example_display_name' retrieved from /home/airflow/.local/lib/python3.12/site-packages/airflow/example_dags/example_display_name.py
[2026-09-15T21:19:40.560+0000] {logging_mixin.py:188} INFO - [2026-09-15T21:19:40.560+0000] {dag.py:3089} INFO - Sync 1 DAGs
[2026-09-15T21:19:40.569+0000] {logging_mixin.py:188} INFO - [2026-09-15T21:19:40.569+0000] {dag.py:3947} INFO - Setting next_dagrun for example_display_name to None, run_after=None
[2026-09-15T21:19:40.583+0000] {processor.py:183} INFO - Processing /home/airflow/.local/lib/python3.12/site-packages/airflow/example_dags/example_display_name.py took 0.052 seconds
[2026-09-15T21:20:10.781+0000] {processor.py:161} INFO - Started process (PID=394) to work on /home/airflow/.local/lib/python3.12/site-packages/airflow/example_dags/example_display_name.py
[2026-09-15T21:20:10.782+0000] {processor.py:830} INFO - Processing file /home/airflow/.local/lib/python3.12/site-packages/airflow/example_dags/example_display_name.py for tasks to queue
[2026-09-15T21:20:10.784+0000] {logging_mixin.py:188} INFO - [2026-09-15T21:20:10.784+0000] {dagbag.py:545} INFO - Filling up the DagBag from /home/airflow/.local/lib/python3.12/site-packages/airflow/example_dags/example_display_name.py
[2026-09-15T21:20:10.788+0000] {processor.py:840} INFO - DAG(s) 'example_display_name' retrieved from /home/airflow/.local/lib/python3.12/site-packages/airflow/example_dags/example_display_name.py
[2026-09-15T21:20:10.803+0000] {logging_mixin.py:188} INFO - [2026-09-15T21:20:10.803+0000] {dag.py:3089} INFO - Sync 1 DAGs
[2026-09-15T21:20:10.812+0000] {logging_mixin.py:188} INFO - [2026-09-15T21:20:10.812+0000] {dag.py:3947} INFO - Setting next_dagrun for example_display_name to None, run_after=None
[2026-09-15T21:20:10.826+0000] {processor.py:183} INFO - Processing /home/airflow/.local/lib/python3.12/site-packages/airflow/example_dags/example_display_name.py took 0.049 seconds
[2026-09-15T21:20:40.944+0000] {processor.py:161} INFO - Started process (PID=452) to work on /home/airflow/.local/lib/python3.12/site-packages/airflow/example_dags/example_display_name.py
[2026-09-15T21:20:40.945+0000] {processor.py:830} INFO - Processing file /home/airflow/.local/lib/python3.12/site-packages/airflow/example_dags/example_display_name.py for tasks to queue
[2026-09-15T21:20:40.947+0000] {logging_mixin.py:188} INFO - [2026-09-15T21:20:40.947+0000] {dagbag.py:545} INFO - Filling up the DagBag from /home/airflow/.local/lib/python3.12/site-packages/airflow/example_dags/example_display_name.py
[2026-09-15T21:20:40.953+0000] {processor.py:840} INFO - DAG(s) 'example_display_name' retrieved from /home/airflow/.local/lib/python3.12/site-packages/airflow/example_dags/example_display_name.py
[2026-09-15T21:20:40.970+0000] {logging_mixin.py:188} INFO - [2026-09-15T21:20:40.970+0000] {dag.py:3089} INFO - Sync 1 DAGs
[2026-09-15T21:20:40.982+0000] {logging_mixin.py:188} INFO - [2026-09-15T21:20:40.981+0000] {dag.py:3947} INFO - Setting next_dagrun for example_display_name to None, run_after=None
[2026-09-15T21:20:40.999+0000] {processor.py:183} INFO - Processing /home/airflow/.local/lib/python3.12/site-packages/airflow/example_dags/example_display_name.py took 0.060 seconds
[2026-09-15T21:22:09.509+0000] {processor.py:161} INFO - Started process (PID=416) to work on /home/airflow/.local/lib/python3.12/site-packages/airflow/example_dags/example_display_name.py
[2026-09-15T21:22:09.510+0000] {processor.py:830} INFO - Processing file /home/airflow/.local/lib/python3.12/site-packages/airflow/example_dags/example_display_name.py for tasks to queue
[2026-09-15T21:22:09.513+0000] {logging_mixin.py:188} INFO - [2026-09-15T21:22:09.512+0000] {dagbag.py:545} INFO - Filling up the DagBag from /home/airflow/.local/lib/python3.12/site-packages/airflow/example_dags/example_display_name.py
[2026-09-15T21:22:09.518+0000] {processor.py:840} INFO - DAG(s) 'example_display_name' retrieved from /home/airflow/.local/lib/python3.12/site-packages/airflow/example_dags/example_display_name.py
[2026-09-15T21:22:09.529+0000] {logging_mixin.py:188} INFO - [2026-09-15T21:22:09.529+0000] {dag.py:3089} INFO - Sync 1 DAGs
[2026-09-15T21:22:09.543+0000] {logging_mixin.py:188} INFO - [2026-09-15T21:22:09.543+0000] {dag.py:3947} INFO - Setting next_dagrun for example_display_name to None, run_after=None
[2026-09-15T21:22:09.560+0000] {processor.py:183} INFO - Processing /home/airflow/.local/lib/python3.12/site-packages/airflow/example_dags/example_display_name.py took 0.056 seconds
[2026-09-15T21:22:41.370+0000] {processor.py:161} INFO - Started process (PID=678) to work on /home/airflow/.local/lib/python3.12/site-packages/airflow/example_dags/example_display_name.py
[2026-09-15T21:22:41.372+0000] {processor.py:830} INFO - Processing file /home/airflow/.local/lib/python3.12/site-packages/airflow/example_dags/example_display_name.py for tasks to queue
[2026-09-15T21:22:41.374+0000] {logging_mixin.py:188} INFO - [2026-09-15T21:22:41.374+0000] {dagbag.py:545} INFO - Filling up the DagBag from /home/airflow/.local/lib/python3.12/site-packages/airflow/example_dags/example_display_name.py
[2026-09-15T21:22:41.378+0000] {processor.py:840} INFO - DAG(s) 'example_display_name' retrieved from /home/airflow/.local/lib/python3.12/site-packages/airflow/example_dags/example_display_name.py
[2026-09-15T21:22:41.458+0000] {logging_mixin.py:188} INFO - [2026-09-15T21:22:41.458+0000] {dag.py:3089} INFO - Sync 1 DAGs
[2026-09-15T21:22:41.469+0000] {logging_mixin.py:188} INFO - [2026-09-15T21:22:41.469+0000] {dag.py:3947} INFO - Setting next_dagrun for example_display_name to None, run_after=None
[2026-09-15T21:22:41.485+0000] {processor.py:183} INFO - Processing /home/airflow/.local/lib/python3.12/site-packages/airflow/example_dags/example_display_name.py took 0.119 seconds
[2026-09-15T21:23:12.232+0000] {processor.py:161} INFO - Started process (PID=940) to work on /home/airflow/.local/lib/python3.12/site-packages/airflow/example_dags/example_display_name.py
[2026-09-15T21:23:12.233+0000] {processor.py:830} INFO - Processing file /home/airflow/.local/lib/python3.12/site-packages/airflow/example_dags/example_display_name.py for tasks to queue
[2026-09-15T21:23:12.235+0000] {logging_mixin.py:188} INFO - [2026-09-15T21:23:12.235+0000] {dagbag.py:545} INFO - Filling up the DagBag from /home/airflow/.local/lib/python3.12/site-packages/airflow/example_dags/example_display_name.py
[2026-09-15T21:23:12.247+0000] {processor.py:840} INFO - DAG(s) 'example_display_name' retrieved from /home/airflow/.local/lib/python3.12/site-packages/airflow/example_dags/example_display_name.py
[2026-09-15T21:23:12.273+0000] {logging_mixin.py:188} INFO - [2026-09-15T21:23:12.272+0000] {dag.py:3089} INFO - Sync 1 DAGs
[2026-09-15T21:23:12.296+0000] {logging_mixin.py:188} INFO - [2026-09-15T21:23:12.295+0000] {dag.py:3947} INFO - Setting next_dagrun for example_display_name to None, run_after=None
[2026-09-15T21:23:12.316+0000] {processor.py:183} INFO - Processing /home/airflow/.local/lib/python3.12/site-packages/airflow/example_dags/example_display_name.py took 0.090 seconds
[2026-09-15T21:23:42.396+0000] {processor.py:161} INFO - Started process (PID=1207) to work on /home/airflow/.local/lib/python3.12/site-packages/airflow/example_dags/example_display_name.py
[2026-09-15T21:23:42.398+0000] {processor.py:830} INFO - Processing file /home/airflow/.local/lib/python3.12/site-packages/airflow/example_dags/example_display_name.py for tasks to queue
[2026-09-15T21:23:42.399+0000] {logging_mixin.py:188} INFO - [2026-09-15T21:23:42.399+0000] {dagbag.py:545} INFO - Filling up the DagBag from /home/airflow/.local/lib/python3.12/site-packages/airflow/example_dags/example_display_name.py
[2026-09-15T21:23:42.404+0000] {processor.py:840} INFO - DAG(s) 'example_display_name' retrieved from /home/airflow/.local/lib/python3.12/site-packages/airflow/example_dags/example_display_name.py
[2026-09-15T21:23:42.420+0000] {logging_mixin.py:188} INFO - [2026-09-15T21:23:42.420+0000] {dag.py:3089} INFO - Sync 1 DAGs
[2026-09-15T21:23:42.430+0000] {logging_mixin.py:188} INFO - [2026-09-15T21:23:42.429+0000] {dag.py:3947} INFO - Setting next_dagrun for example_display_name to None, run_after=None
[2026-09-15T21:23:42.444+0000] {processor.py:183} INFO - Processing /home/airflow/.local/lib/python3.12/site-packages/airflow/example_dags/example_display_name.py took 0.052 seconds
[2026-09-15T21:24:12.555+0000] {processor.py:161} INFO - Started process (PID=1467) to work on /home/airflow/.local/lib/python3.12/site-packages/airflow/example_dags/example_display_name.py
[2026-09-15T21:24:12.556+0000] {processor.py:830} INFO - Processing file /home/airflow/.local/lib/python3.12/site-packages/airflow/example_dags/example_display_name.py for tasks to queue
[2026-09-15T21:24:12.558+0000] {logging_mixin.py:188} INFO - [2026-09-15T21:24:12.558+0000] {dagbag.py:545} INFO - Filling up the DagBag from /home/airflow/.local/lib/python3.12/site-packages/airflow/example_dags/example_display_name.py
[2026-09-15T21:24:12.563+0000] {processor.py:840} INFO - DAG(s) 'example_display_name' retrieved from /home/airflow/.local/lib/python3.12/site-packages/airflow/example_dags/example_display_name.py
[2026-09-15T21:24:12.579+0000] {logging_mixin.py:188} INFO - [2026-09-15T21:24:12.578+0000] {dag.py:3089} INFO - Sync 1 DAGs
[2026-09-15T21:24:12.588+0000] {logging_mixin.py:188} INFO - [2026-09-15T21:24:12.588+0000] {dag.py:3947} INFO - Setting next_dagrun for example_display_name to None, run_after=None
[2026-09-15T21:24:12.603+0000] {processor.py:183} INFO - Processing /home/airflow/.local/lib/python3.12/site-packages/airflow/example_dags/example_display_name.py took 0.052 seconds
[2026-09-15T21:24:42.718+0000] {processor.py:161} INFO - Started process (PID=1724) to work on /home/airflow/.local/lib/python3.12/site-packages/airflow/example_dags/example_display_name.py
[2026-09-15T21:24:42.718+0000] {processor.py:830} INFO - Processing file /home/airflow/.local/lib/python3.12/site-packages/airflow/example_dags/example_display_name.py for tasks to queue
[2026-09-15T21:24:42.720+0000] {logging_mixin.py:188} INFO - [2026-09-15T21:24:42.720+0000] {dagbag.py:545} INFO - Filling up the DagBag from /home/airflow/.local/lib/python3.12/site-packages/airflow/example_dags/example_display_name.py
[2026-09-15T21:24:42.724+0000] {processor.py:840} INFO - DAG(s) 'example_display_name' retrieved from /home/airflow/.local/lib/python3.12/site-packages/airflow/example_dags/example_display_name.py
[2026-09-15T21:24:42.739+0000] {logging_mixin.py:188} INFO - [2026-09-15T21:24:42.739+0000] {dag.py:3089} INFO - Sync 1 DAGs
[2026-09-15T21:24:42.748+0000] {logging_mixin.py:188} INFO - [2026-09-15T21:24:42.748+0000] {dag.py:3947} INFO - Setting next_dagrun for example_display_name to None, run_after=None
[2026-09-15T21:24:42.763+0000] {processor.py:183} INFO - Processing /home/airflow/.local/lib/python3.12/site-packages/airflow/example_dags/example_display_name.py took 0.049 seconds
[2026-09-15T21:25:12.930+0000] {processor.py:161} INFO - Started process (PID=1986) to work on /home/airflow/.local/lib/python3.12/site-packages/airflow/example_dags/example_display_name.py
[2026-09-15T21:25:12.931+0000] {processor.py:830} INFO - Processing file /home/airflow/.local/lib/python3.12/site-packages/airflow/example_dags/example_display_name.py for tasks to queue
[2026-09-15T21:25:12.933+0000] {logging_mixin.py:188} INFO - [2026-09-15T21:25:12.932+0000] {dagbag.py:545} INFO - Filling up the DagBag from /home/airflow/.local/lib/python3.12/site-packages/airflow/example_dags/example_display_name.py
[2026-09-15T21:25:12.937+0000] {processor.py:840} INFO - DAG(s) 'example_display_name' retrieved from /home/airflow/.local/lib/python3.12/site-packages/airflow/example_dags/example_display_name.py
[2026-09-15T21:25:12.954+0000] {logging_mixin.py:188} INFO - [2026-09-15T21:25:12.954+0000] {dag.py:3089} INFO - Sync 1 DAGs
[2026-09-15T21:25:12.964+0000] {logging_mixin.py:188} INFO - [2026-09-15T21:25:12.964+0000] {dag.py:3947} INFO - Setting next_dagrun for example_display_name to None, run_after=None
[2026-09-15T21:25:12.979+0000] {processor.py:183} INFO - Processing /home/airflow/.local/lib/python3.12/site-packages/airflow/example_dags/example_display_name.py took 0.053 seconds
[2026-09-15T21:25:43.355+0000] {processor.py:161} INFO - Started process (PID=2248) to work on /home/airflow/.local/lib/python3.12/site-packages/airflow/example_dags/example_display_name.py
[2026-09-15T21:25:43.357+0000] {processor.py:830} INFO - Processing file /home/airflow/.local/lib/python3.12/site-packages/airflow/example_dags/example_display_name.py for tasks to queue
[2026-09-15T21:25:43.359+0000] {logging_mixin.py:188} INFO - [2026-09-15T21:25:43.358+0000] {dagbag.py:545} INFO - Filling up the DagBag from /home/airflow/.local/lib/python3.12/site-packages/airflow/example_dags/example_display_name.py
[2026-09-15T21:25:43.363+0000] {processor.py:840} INFO - DAG(s) 'example_display_name' retrieved from /home/airflow/.local/lib/python3.12/site-packages/airflow/example_dags/example_display_name.py
[2026-09-15T21:25:43.378+0000] {logging_mixin.py:188} INFO - [2026-09-15T21:25:43.378+0000] {dag.py:3089} INFO - Sync 1 DAGs
[2026-09-15T21:25:43.387+0000] {logging_mixin.py:188} INFO - [2026-09-15T21:25:43.387+0000] {dag.py:3947} INFO - Setting next_dagrun for example_display_name to None, run_after=None
[2026-09-15T21:25:43.401+0000] {processor.py:183} INFO - Processing /home/airflow/.local/lib/python3.12/site-packages/airflow/example_dags/example_display_name.py took 0.049 seconds
[2026-09-15T21:26:13.602+0000] {processor.py:161} INFO - Started process (PID=2510) to work on /home/airflow/.local/lib/python3.12/site-packages/airflow/example_dags/example_display_name.py
[2026-09-15T21:26:13.604+0000] {processor.py:830} INFO - Processing file /home/airflow/.local/lib/python3.12/site-packages/airflow/example_dags/example_display_name.py for tasks to queue
[2026-09-15T21:26:13.606+0000] {logging_mixin.py:188} INFO - [2026-09-15T21:26:13.606+0000] {dagbag.py:545} INFO - Filling up the DagBag from /home/airflow/.local/lib/python3.12/site-packages/airflow/example_dags/example_display_name.py
[2026-09-15T21:26:13.613+0000] {processor.py:840} INFO - DAG(s) 'example_display_name' retrieved from /home/airflow/.local/lib/python3.12/site-packages/airflow/example_dags/example_display_name.py
[2026-09-15T21:26:13.645+0000] {logging_mixin.py:188} INFO - [2026-09-15T21:26:13.645+0000] {dag.py:3089} INFO - Sync 1 DAGs
[2026-09-15T21:26:13.667+0000] {logging_mixin.py:188} INFO - [2026-09-15T21:26:13.666+0000] {dag.py:3947} INFO - Setting next_dagrun for example_display_name to None, run_after=None
[2026-09-15T21:26:13.693+0000] {processor.py:183} INFO - Processing /home/airflow/.local/lib/python3.12/site-packages/airflow/example_dags/example_display_name.py took 0.097 seconds
[2026-09-15T21:26:44.612+0000] {processor.py:161} INFO - Started process (PID=2772) to work on /home/airflow/.local/lib/python3.12/site-packages/airflow/example_dags/example_display_name.py
[2026-09-15T21:26:44.613+0000] {processor.py:830} INFO - Processing file /home/airflow/.local/lib/python3.12/site-packages/airflow/example_dags/example_display_name.py for tasks to queue
[2026-09-15T21:26:44.615+0000] {logging_mixin.py:188} INFO - [2026-09-15T21:26:44.614+0000] {dagbag.py:545} INFO - Filling up the DagBag from /home/airflow/.local/lib/python3.12/site-packages/airflow/example_dags/example_display_name.py
[2026-09-15T21:26:44.619+0000] {processor.py:840} INFO - DAG(s) 'example_display_name' retrieved from /home/airflow/.local/lib/python3.12/site-packages/airflow/example_dags/example_display_name.py
[2026-09-15T21:26:44.635+0000] {logging_mixin.py:188} INFO - [2026-09-15T21:26:44.635+0000] {dag.py:3089} INFO - Sync 1 DAGs
[2026-09-15T21:26:44.646+0000] {logging_mixin.py:188} INFO - [2026-09-15T21:26:44.646+0000] {dag.py:3947} INFO - Setting next_dagrun for example_display_name to None, run_after=None
[2026-09-15T21:26:44.665+0000] {processor.py:183} INFO - Processing /home/airflow/.local/lib/python3.12/site-packages/airflow/example_dags/example_display_name.py took 0.057 seconds
[2026-09-15T21:27:14.927+0000] {processor.py:161} INFO - Started process (PID=3034) to work on /home/airflow/.local/lib/python3.12/site-packages/airflow/example_dags/example_display_name.py
[2026-09-15T21:27:14.928+0000] {processor.py:830} INFO - Processing file /home/airflow/.local/lib/python3.12/site-packages/airflow/example_dags/example_display_name.py for tasks to queue
[2026-09-15T21:27:14.929+0000] {logging_mixin.py:188} INFO - [2026-09-15T21:27:14.929+0000] {dagbag.py:545} INFO - Filling up the DagBag from /home/airflow/.local/lib/python3.12/site-packages/airflow/example_dags/example_display_name.py
[2026-09-15T21:27:14.933+0000] {processor.py:840} INFO - DAG(s) 'example_display_name' retrieved from /home/airflow/.local/lib/python3.12/site-packages/airflow/example_dags/example_display_name.py
[2026-09-15T21:27:14.950+0000] {logging_mixin.py:188} INFO - [2026-09-15T21:27:14.950+0000] {dag.py:3089} INFO - Sync 1 DAGs
[2026-09-15T21:27:14.959+0000] {logging_mixin.py:188} INFO - [2026-09-15T21:27:14.959+0000] {dag.py:3947} INFO - Setting next_dagrun for example_display_name to None, run_after=None
[2026-09-15T21:27:14.973+0000] {processor.py:183} INFO - Processing /home/airflow/.local/lib/python3.12/site-packages/airflow/example_dags/example_display_name.py took 0.050 seconds
[2026-09-15T21:27:45.036+0000] {processor.py:161} INFO - Started process (PID=3296) to work on /home/airflow/.local/lib/python3.12/site-packages/airflow/example_dags/example_display_name.py
[2026-09-15T21:27:45.037+0000] {processor.py:830} INFO - Processing file /home/airflow/.local/lib/python3.12/site-packages/airflow/example_dags/example_display_name.py for tasks to queue
[2026-09-15T21:27:45.039+0000] {logging_mixin.py:188} INFO - [2026-09-15T21:27:45.039+0000] {dagbag.py:545} INFO - Filling up the DagBag from /home/airflow/.local/lib/python3.12/site-packages/airflow/example_dags/example_display_name.py
[2026-09-15T21:27:45.043+0000] {processor.py:840} INFO - DAG(s) 'example_display_name' retrieved from /home/airflow/.local/lib/python3.12/site-packages/airflow/example_dags/example_display_name.py
[2026-09-15T21:27:45.059+0000] {logging_mixin.py:188} INFO - [2026-09-15T21:27:45.058+0000] {dag.py:3089} INFO - Sync 1 DAGs
[2026-09-15T21:27:45.068+0000] {logging_mixin.py:188} INFO - [2026-09-15T21:27:45.068+0000] {dag.py:3947} INFO - Setting next_dagrun for example_display_name to None, run_after=None
[2026-09-15T21:27:45.083+0000] {processor.py:183} INFO - Processing /home/airflow/.local/lib/python3.12/site-packages/airflow/example_dags/example_display_name.py took 0.050 seconds
[2026-09-15T21:28:15.625+0000] {processor.py:161} INFO - Started process (PID=3558) to work on /home/airflow/.local/lib/python3.12/site-packages/airflow/example_dags/example_display_name.py
[2026-09-15T21:28:15.626+0000] {processor.py:830} INFO - Processing file /home/airflow/.local/lib/python3.12/site-packages/airflow/example_dags/example_display_name.py for tasks to queue
[2026-09-15T21:28:15.628+0000] {logging_mixin.py:188} INFO - [2026-09-15T21:28:15.628+0000] {dagbag.py:545} INFO - Filling up the DagBag from /home/airflow/.local/lib/python3.12/site-packages/airflow/example_dags/example_display_name.py
[2026-09-15T21:28:15.632+0000] {processor.py:840} INFO - DAG(s) 'example_display_name' retrieved from /home/airflow/.local/lib/python3.12/site-packages/airflow/example_dags/example_display_name.py
[2026-09-15T21:28:15.654+0000] {logging_mixin.py:188} INFO - [2026-09-15T21:28:15.653+0000] {dag.py:3089} INFO - Sync 1 DAGs
[2026-09-15T21:28:15.663+0000] {logging_mixin.py:188} INFO - [2026-09-15T21:28:15.663+0000] {dag.py:3947} INFO - Setting next_dagrun for example_display_name to None, run_after=None
[2026-09-15T21:28:15.678+0000] {processor.py:183} INFO - Processing /home/airflow/.local/lib/python3.12/site-packages/airflow/example_dags/example_display_name.py took 0.057 seconds
[2026-09-15T21:28:46.547+0000] {processor.py:161} INFO - Started process (PID=3820) to work on /home/airflow/.local/lib/python3.12/site-packages/airflow/example_dags/example_display_name.py
[2026-09-15T21:28:46.548+0000] {processor.py:830} INFO - Processing file /home/airflow/.local/lib/python3.12/site-packages/airflow/example_dags/example_display_name.py for tasks to queue
[2026-09-15T21:28:46.550+0000] {logging_mixin.py:188} INFO - [2026-09-15T21:28:46.549+0000] {dagbag.py:545} INFO - Filling up the DagBag from /home/airflow/.local/lib/python3.12/site-packages/airflow/example_dags/example_display_name.py
[2026-09-15T21:28:46.554+0000] {processor.py:840} INFO - DAG(s) 'example_display_name' retrieved from /home/airflow/.local/lib/python3.12/site-packages/airflow/example_dags/example_display_name.py
[2026-09-15T21:28:46.571+0000] {logging_mixin.py:188} INFO - [2026-09-15T21:28:46.570+0000] {dag.py:3089} INFO - Sync 1 DAGs
[2026-09-15T21:28:46.580+0000] {logging_mixin.py:188} INFO - [2026-09-15T21:28:46.580+0000] {dag.py:3947} INFO - Setting next_dagrun for example_display_name to None, run_after=None
[2026-09-15T21:28:46.595+0000] {processor.py:183} INFO - Processing /home/airflow/.local/lib/python3.12/site-packages/airflow/example_dags/example_display_name.py took 0.052 seconds
[2026-09-15T21:29:16.845+0000] {processor.py:161} INFO - Started process (PID=4082) to work on /home/airflow/.local/lib/python3.12/site-packages/airflow/example_dags/example_display_name.py
[2026-09-15T21:29:16.846+0000] {processor.py:830} INFO - Processing file /home/airflow/.local/lib/python3.12/site-packages/airflow/example_dags/example_display_name.py for tasks to queue
[2026-09-15T21:29:16.847+0000] {logging_mixin.py:188} INFO - [2026-09-15T21:29:16.847+0000] {dagbag.py:545} INFO - Filling up the DagBag from /home/airflow/.local/lib/python3.12/site-packages/airflow/example_dags/example_display_name.py
[2026-09-15T21:29:16.851+0000] {processor.py:840} INFO - DAG(s) 'example_display_name' retrieved from /home/airflow/.local/lib/python3.12/site-packages/airflow/example_dags/example_display_name.py
[2026-09-15T21:29:16.867+0000] {logging_mixin.py:188} INFO - [2026-09-15T21:29:16.867+0000] {dag.py:3089} INFO - Sync 1 DAGs
[2026-09-15T21:29:16.877+0000] {logging_mixin.py:188} INFO - [2026-09-15T21:29:16.877+0000] {dag.py:3947} INFO - Setting next_dagrun for example_display_name to None, run_after=None
[2026-09-15T21:29:16.893+0000] {processor.py:183} INFO - Processing /home/airflow/.local/lib/python3.12/site-packages/airflow/example_dags/example_display_name.py took 0.052 seconds
[2026-09-15T21:29:47.326+0000] {processor.py:161} INFO - Started process (PID=4351) to work on /home/airflow/.local/lib/python3.12/site-packages/airflow/example_dags/example_display_name.py
[2026-09-15T21:29:47.327+0000] {processor.py:830} INFO - Processing file /home/airflow/.local/lib/python3.12/site-packages/airflow/example_dags/example_display_name.py for tasks to queue
[2026-09-15T21:29:47.328+0000] {logging_mixin.py:188} INFO - [2026-09-15T21:29:47.328+0000] {dagbag.py:545} INFO - Filling up the DagBag from /home/airflow/.local/lib/python3.12/site-packages/airflow/example_dags/example_display_name.py
[2026-09-15T21:29:47.332+0000] {processor.py:840} INFO - DAG(s) 'example_display_name' retrieved from /home/airflow/.local/lib/python3.12/site-packages/airflow/example_dags/example_display_name.py
[2026-09-15T21:29:47.348+0000] {logging_mixin.py:188} INFO - [2026-09-15T21:29:47.348+0000] {dag.py:3089} INFO - Sync 1 DAGs
[2026-09-15T21:29:47.357+0000] {logging_mixin.py:188} INFO - [2026-09-15T21:29:47.357+0000] {dag.py:3947} INFO - Setting next_dagrun for example_display_name to None, run_after=None
[2026-09-15T21:29:47.373+0000] {processor.py:183} INFO - Processing /home/airflow/.local/lib/python3.12/site-packages/airflow/example_dags/example_display_name.py took 0.051 seconds
[2026-09-15T21:30:17.522+0000] {processor.py:161} INFO - Started process (PID=4616) to work on /home/airflow/.local/lib/python3.12/site-packages/airflow/example_dags/example_display_name.py
[2026-09-15T21:30:17.523+0000] {processor.py:830} INFO - Processing file /home/airflow/.local/lib/python3.12/site-packages/airflow/example_dags/example_display_name.py for tasks to queue
[2026-09-15T21:30:17.524+0000] {logging_mixin.py:188} INFO - [2026-09-15T21:30:17.524+0000] {dagbag.py:545} INFO - Filling up the DagBag from /home/airflow/.local/lib/python3.12/site-packages/airflow/example_dags/example_display_name.py
[2026-09-15T21:30:17.529+0000] {processor.py:840} INFO - DAG(s) 'example_display_name' retrieved from /home/airflow/.local/lib/python3.12/site-packages/airflow/example_dags/example_display_name.py
[2026-09-15T21:30:17.546+0000] {logging_mixin.py:188} INFO - [2026-09-15T21:30:17.545+0000] {dag.py:3089} INFO - Sync 1 DAGs
[2026-09-15T21:30:17.554+0000] {logging_mixin.py:188} INFO - [2026-09-15T21:30:17.554+0000] {dag.py:3947} INFO - Setting next_dagrun for example_display_name to None, run_after=None
[2026-09-15T21:30:17.571+0000] {processor.py:183} INFO - Processing /home/airflow/.local/lib/python3.12/site-packages/airflow/example_dags/example_display_name.py took 0.053 seconds
[2026-09-15T21:30:48.145+0000] {processor.py:161} INFO - Started process (PID=4878) to work on /home/airflow/.local/lib/python3.12/site-packages/airflow/example_dags/example_display_name.py
[2026-09-15T21:30:48.146+0000] {processor.py:830} INFO - Processing file /home/airflow/.local/lib/python3.12/site-packages/airflow/example_dags/example_display_name.py for tasks to queue
[2026-09-15T21:30:48.147+0000] {logging_mixin.py:188} INFO - [2026-09-15T21:30:48.147+0000] {dagbag.py:545} INFO - Filling up the DagBag from /home/airflow/.local/lib/python3.12/site-packages/airflow/example_dags/example_display_name.py
[2026-09-15T21:30:48.151+0000] {processor.py:840} INFO - DAG(s) 'example_display_name' retrieved from /home/airflow/.local/lib/python3.12/site-packages/airflow/example_dags/example_display_name.py
[2026-09-15T21:30:48.167+0000] {logging_mixin.py:188} INFO - [2026-09-15T21:30:48.166+0000] {dag.py:3089} INFO - Sync 1 DAGs
[2026-09-15T21:30:48.176+0000] {logging_mixin.py:188} INFO - [2026-09-15T21:30:48.176+0000] {dag.py:3947} INFO - Setting next_dagrun for example_display_name to None, run_after=None
[2026-09-15T21:30:48.189+0000] {processor.py:183} INFO - Processing /home/airflow/.local/lib/python3.12/site-packages/airflow/example_dags/example_display_name.py took 0.048 seconds
[2026-09-15T21:31:18.717+0000] {processor.py:161} INFO - Started process (PID=5140) to work on /home/airflow/.local/lib/python3.12/site-packages/airflow/example_dags/example_display_name.py
[2026-09-15T21:31:18.718+0000] {processor.py:830} INFO - Processing file /home/airflow/.local/lib/python3.12/site-packages/airflow/example_dags/example_display_name.py for tasks to queue
[2026-09-15T21:31:18.720+0000] {logging_mixin.py:188} INFO - [2026-09-15T21:31:18.719+0000] {dagbag.py:545} INFO - Filling up the DagBag from /home/airflow/.local/lib/python3.12/site-packages/airflow/example_dags/example_display_name.py
[2026-09-15T21:31:18.723+0000] {processor.py:840} INFO - DAG(s) 'example_display_name' retrieved from /home/airflow/.local/lib/python3.12/site-packages/airflow/example_dags/example_display_name.py
[2026-09-15T21:31:18.739+0000] {logging_mixin.py:188} INFO - [2026-09-15T21:31:18.739+0000] {dag.py:3089} INFO - Sync 1 DAGs
[2026-09-15T21:31:18.749+0000] {logging_mixin.py:188} INFO - [2026-09-15T21:31:18.749+0000] {dag.py:3947} INFO - Setting next_dagrun for example_display_name to None, run_after=None
[2026-09-15T21:31:18.764+0000] {processor.py:183} INFO - Processing /home/airflow/.local/lib/python3.12/site-packages/airflow/example_dags/example_display_name.py took 0.050 seconds
[2026-09-15T21:31:49.453+0000] {processor.py:161} INFO - Started process (PID=5402) to work on /home/airflow/.local/lib/python3.12/site-packages/airflow/example_dags/example_display_name.py
[2026-09-15T21:31:49.454+0000] {processor.py:830} INFO - Processing file /home/airflow/.local/lib/python3.12/site-packages/airflow/example_dags/example_display_name.py for tasks to queue
[2026-09-15T21:31:49.455+0000] {logging_mixin.py:188} INFO - [2026-09-15T21:31:49.455+0000] {dagbag.py:545} INFO - Filling up the DagBag from /home/airflow/.local/lib/python3.12/site-packages/airflow/example_dags/example_display_name.py
[2026-09-15T21:31:49.460+0000] {processor.py:840} INFO - DAG(s) 'example_display_name' retrieved from /home/airflow/.local/lib/python3.12/site-packages/airflow/example_dags/example_display_name.py
[2026-09-15T21:31:49.479+0000] {logging_mixin.py:188} INFO - [2026-09-15T21:31:49.478+0000] {dag.py:3089} INFO - Sync 1 DAGs
[2026-09-15T21:31:49.488+0000] {logging_mixin.py:188} INFO - [2026-09-15T21:31:49.488+0000] {dag.py:3947} INFO - Setting next_dagrun for example_display_name to None, run_after=None
[2026-09-15T21:31:49.503+0000] {processor.py:183} INFO - Processing /home/airflow/.local/lib/python3.12/site-packages/airflow/example_dags/example_display_name.py took 0.056 seconds
[2026-09-15T21:32:19.686+0000] {processor.py:161} INFO - Started process (PID=5664) to work on /home/airflow/.local/lib/python3.12/site-packages/airflow/example_dags/example_display_name.py
[2026-09-15T21:32:19.688+0000] {processor.py:830} INFO - Processing file /home/airflow/.local/lib/python3.12/site-packages/airflow/example_dags/example_display_name.py for tasks to queue
[2026-09-15T21:32:19.689+0000] {logging_mixin.py:188} INFO - [2026-09-15T21:32:19.689+0000] {dagbag.py:545} INFO - Filling up the DagBag from /home/airflow/.local/lib/python3.12/site-packages/airflow/example_dags/example_display_name.py
[2026-09-15T21:32:19.695+0000] {processor.py:840} INFO - DAG(s) 'example_display_name' retrieved from /home/airflow/.local/lib/python3.12/site-packages/airflow/example_dags/example_display_name.py
[2026-09-15T21:32:19.713+0000] {logging_mixin.py:188} INFO - [2026-09-15T21:32:19.713+0000] {dag.py:3089} INFO - Sync 1 DAGs
[2026-09-15T21:32:19.724+0000] {logging_mixin.py:188} INFO - [2026-09-15T21:32:19.724+0000] {dag.py:3947} INFO - Setting next_dagrun for example_display_name to None, run_after=None
[2026-09-15T21:32:19.744+0000] {processor.py:183} INFO - Processing /home/airflow/.local/lib/python3.12/site-packages/airflow/example_dags/example_display_name.py took 0.062 seconds
[2026-09-15T21:32:49.861+0000] {processor.py:161} INFO - Started process (PID=5926) to work on /home/airflow/.local/lib/python3.12/site-packages/airflow/example_dags/example_display_name.py
[2026-09-15T21:32:49.862+0000] {processor.py:830} INFO - Processing file /home/airflow/.local/lib/python3.12/site-packages/airflow/example_dags/example_display_name.py for tasks to queue
[2026-09-15T21:32:49.864+0000] {logging_mixin.py:188} INFO - [2026-09-15T21:32:49.864+0000] {dagbag.py:545} INFO - Filling up the DagBag from /home/airflow/.local/lib/python3.12/site-packages/airflow/example_dags/example_display_name.py
[2026-09-15T21:32:49.868+0000] {processor.py:840} INFO - DAG(s) 'example_display_name' retrieved from /home/airflow/.local/lib/python3.12/site-packages/airflow/example_dags/example_display_name.py
[2026-09-15T21:32:49.886+0000] {logging_mixin.py:188} INFO - [2026-09-15T21:32:49.886+0000] {dag.py:3089} INFO - Sync 1 DAGs
[2026-09-15T21:32:49.896+0000] {logging_mixin.py:188} INFO - [2026-09-15T21:32:49.896+0000] {dag.py:3947} INFO - Setting next_dagrun for example_display_name to None, run_after=None
[2026-09-15T21:32:49.911+0000] {processor.py:183} INFO - Processing /home/airflow/.local/lib/python3.12/site-packages/airflow/example_dags/example_display_name.py took 0.054 seconds
[2026-09-15T21:33:20.019+0000] {processor.py:161} INFO - Started process (PID=6188) to work on /home/airflow/.local/lib/python3.12/site-packages/airflow/example_dags/example_display_name.py
[2026-09-15T21:33:20.021+0000] {processor.py:830} INFO - Processing file /home/airflow/.local/lib/python3.12/site-packages/airflow/example_dags/example_display_name.py for tasks to queue
[2026-09-15T21:33:20.023+0000] {logging_mixin.py:188} INFO - [2026-09-15T21:33:20.023+0000] {dagbag.py:545} INFO - Filling up the DagBag from /home/airflow/.local/lib/python3.12/site-packages/airflow/example_dags/example_display_name.py
[2026-09-15T21:33:20.030+0000] {processor.py:840} INFO - DAG(s) 'example_display_name' retrieved from /home/airflow/.local/lib/python3.12/site-packages/airflow/example_dags/example_display_name.py
[2026-09-15T21:33:20.051+0000] {logging_mixin.py:188} INFO - [2026-09-15T21:33:20.051+0000] {dag.py:3089} INFO - Sync 1 DAGs
[2026-09-15T21:33:20.065+0000] {logging_mixin.py:188} INFO - [2026-09-15T21:33:20.064+0000] {dag.py:3947} INFO - Setting next_dagrun for example_display_name to None, run_after=None
[2026-09-15T21:33:20.081+0000] {processor.py:183} INFO - Processing /home/airflow/.local/lib/python3.12/site-packages/airflow/example_dags/example_display_name.py took 0.069 seconds
[2026-09-15T21:33:51.091+0000] {processor.py:161} INFO - Started process (PID=6454) to work on /home/airflow/.local/lib/python3.12/site-packages/airflow/example_dags/example_display_name.py
[2026-09-15T21:33:51.092+0000] {processor.py:830} INFO - Processing file /home/airflow/.local/lib/python3.12/site-packages/airflow/example_dags/example_display_name.py for tasks to queue
[2026-09-15T21:33:51.094+0000] {logging_mixin.py:188} INFO - [2026-09-15T21:33:51.093+0000] {dagbag.py:545} INFO - Filling up the DagBag from /home/airflow/.local/lib/python3.12/site-packages/airflow/example_dags/example_display_name.py
[2026-09-15T21:33:51.098+0000] {processor.py:840} INFO - DAG(s) 'example_display_name' retrieved from /home/airflow/.local/lib/python3.12/site-packages/airflow/example_dags/example_display_name.py
[2026-09-15T21:33:51.116+0000] {logging_mixin.py:188} INFO - [2026-09-15T21:33:51.115+0000] {dag.py:3089} INFO - Sync 1 DAGs
[2026-09-15T21:33:51.127+0000] {logging_mixin.py:188} INFO - [2026-09-15T21:33:51.126+0000] {dag.py:3947} INFO - Setting next_dagrun for example_display_name to None, run_after=None
[2026-09-15T21:33:51.144+0000] {processor.py:183} INFO - Processing /home/airflow/.local/lib/python3.12/site-packages/airflow/example_dags/example_display_name.py took 0.057 seconds
[2026-09-15T21:34:21.494+0000] {processor.py:161} INFO - Started process (PID=6716) to work on /home/airflow/.local/lib/python3.12/site-packages/airflow/example_dags/example_display_name.py
[2026-09-15T21:34:21.495+0000] {processor.py:830} INFO - Processing file /home/airflow/.local/lib/python3.12/site-packages/airflow/example_dags/example_display_name.py for tasks to queue
[2026-09-15T21:34:21.497+0000] {logging_mixin.py:188} INFO - [2026-09-15T21:34:21.497+0000] {dagbag.py:545} INFO - Filling up the DagBag from /home/airflow/.local/lib/python3.12/site-packages/airflow/example_dags/example_display_name.py
[2026-09-15T21:34:21.501+0000] {processor.py:840} INFO - DAG(s) 'example_display_name' retrieved from /home/airflow/.local/lib/python3.12/site-packages/airflow/example_dags/example_display_name.py
[2026-09-15T21:34:21.520+0000] {logging_mixin.py:188} INFO - [2026-09-15T21:34:21.520+0000] {dag.py:3089} INFO - Sync 1 DAGs
[2026-09-15T21:34:21.531+0000] {logging_mixin.py:188} INFO - [2026-09-15T21:34:21.531+0000] {dag.py:3947} INFO - Setting next_dagrun for example_display_name to None, run_after=None
[2026-09-15T21:34:21.548+0000] {processor.py:183} INFO - Processing /home/airflow/.local/lib/python3.12/site-packages/airflow/example_dags/example_display_name.py took 0.057 seconds
[2026-09-15T21:34:51.971+0000] {processor.py:161} INFO - Started process (PID=6980) to work on /home/airflow/.local/lib/python3.12/site-packages/airflow/example_dags/example_display_name.py
[2026-09-15T21:34:51.972+0000] {processor.py:830} INFO - Processing file /home/airflow/.local/lib/python3.12/site-packages/airflow/example_dags/example_display_name.py for tasks to queue
[2026-09-15T21:34:51.974+0000] {logging_mixin.py:188} INFO - [2026-09-15T21:34:51.974+0000] {dagbag.py:545} INFO - Filling up the DagBag from /home/airflow/.local/lib/python3.12/site-packages/airflow/example_dags/example_display_name.py
[2026-09-15T21:34:51.978+0000] {processor.py:840} INFO - DAG(s) 'example_display_name' retrieved from /home/airflow/.local/lib/python3.12/site-packages/airflow/example_dags/example_display_name.py
[2026-09-15T21:34:51.995+0000] {logging_mixin.py:188} INFO - [2026-09-15T21:34:51.994+0000] {dag.py:3089} INFO - Sync 1 DAGs
[2026-09-15T21:34:52.005+0000] {logging_mixin.py:188} INFO - [2026-09-15T21:34:52.005+0000] {dag.py:3947} INFO - Setting next_dagrun for example_display_name to None, run_after=None
[2026-09-15T21:34:52.024+0000] {processor.py:183} INFO - Processing /home/airflow/.local/lib/python3.12/site-packages/airflow/example_dags/example_display_name.py took 0.058 seconds
[2026-09-15T21:35:22.307+0000] {processor.py:161} INFO - Started process (PID=7246) to work on /home/airflow/.local/lib/python3.12/site-packages/airflow/example_dags/example_display_name.py
[2026-09-15T21:35:22.308+0000] {processor.py:830} INFO - Processing file /home/airflow/.local/lib/python3.12/site-packages/airflow/example_dags/example_display_name.py for tasks to queue
[2026-09-15T21:35:22.310+0000] {logging_mixin.py:188} INFO - [2026-09-15T21:35:22.310+0000] {dagbag.py:545} INFO - Filling up the DagBag from /home/airflow/.local/lib/python3.12/site-packages/airflow/example_dags/example_display_name.py
[2026-09-15T21:35:22.314+0000] {processor.py:840} INFO - DAG(s) 'example_display_name' retrieved from /home/airflow/.local/lib/python3.12/site-packages/airflow/example_dags/example_display_name.py
[2026-09-15T21:35:22.330+0000] {logging_mixin.py:188} INFO - [2026-09-15T21:35:22.330+0000] {dag.py:3089} INFO - Sync 1 DAGs
[2026-09-15T21:35:22.339+0000] {logging_mixin.py:188} INFO - [2026-09-15T21:35:22.339+0000] {dag.py:3947} INFO - Setting next_dagrun for example_display_name to None, run_after=None
[2026-09-15T21:35:22.354+0000] {processor.py:183} INFO - Processing /home/airflow/.local/lib/python3.12/site-packages/airflow/example_dags/example_display_name.py took 0.051 seconds
[2026-09-15T21:35:52.507+0000] {processor.py:161} INFO - Started process (PID=7508) to work on /home/airflow/.local/lib/python3.12/site-packages/airflow/example_dags/example_display_name.py
[2026-09-15T21:35:52.509+0000] {processor.py:830} INFO - Processing file /home/airflow/.local/lib/python3.12/site-packages/airflow/example_dags/example_display_name.py for tasks to queue
[2026-09-15T21:35:52.510+0000] {logging_mixin.py:188} INFO - [2026-09-15T21:35:52.510+0000] {dagbag.py:545} INFO - Filling up the DagBag from /home/airflow/.local/lib/python3.12/site-packages/airflow/example_dags/example_display_name.py
[2026-09-15T21:35:52.515+0000] {processor.py:840} INFO - DAG(s) 'example_display_name' retrieved from /home/airflow/.local/lib/python3.12/site-packages/airflow/example_dags/example_display_name.py
[2026-09-15T21:35:52.532+0000] {logging_mixin.py:188} INFO - [2026-09-15T21:35:52.532+0000] {dag.py:3089} INFO - Sync 1 DAGs
[2026-09-15T21:35:52.542+0000] {logging_mixin.py:188} INFO - [2026-09-15T21:35:52.542+0000] {dag.py:3947} INFO - Setting next_dagrun for example_display_name to None, run_after=None
[2026-09-15T21:35:52.557+0000] {processor.py:183} INFO - Processing /home/airflow/.local/lib/python3.12/site-packages/airflow/example_dags/example_display_name.py took 0.054 seconds
[2026-09-15T21:36:22.774+0000] {processor.py:161} INFO - Started process (PID=7770) to work on /home/airflow/.local/lib/python3.12/site-packages/airflow/example_dags/example_display_name.py
[2026-09-15T21:36:22.775+0000] {processor.py:830} INFO - Processing file /home/airflow/.local/lib/python3.12/site-packages/airflow/example_dags/example_display_name.py for tasks to queue
[2026-09-15T21:36:22.777+0000] {logging_mixin.py:188} INFO - [2026-09-15T21:36:22.777+0000] {dagbag.py:545} INFO - Filling up the DagBag from /home/airflow/.local/lib/python3.12/site-packages/airflow/example_dags/example_display_name.py
[2026-09-15T21:36:22.783+0000] {processor.py:840} INFO - DAG(s) 'example_display_name' retrieved from /home/airflow/.local/lib/python3.12/site-packages/airflow/example_dags/example_display_name.py
[2026-09-15T21:36:22.799+0000] {logging_mixin.py:188} INFO - [2026-09-15T21:36:22.799+0000] {dag.py:3089} INFO - Sync 1 DAGs
[2026-09-15T21:36:22.810+0000] {logging_mixin.py:188} INFO - [2026-09-15T21:36:22.810+0000] {dag.py:3947} INFO - Setting next_dagrun for example_display_name to None, run_after=None
[2026-09-15T21:36:22.826+0000] {processor.py:183} INFO - Processing /home/airflow/.local/lib/python3.12/site-packages/airflow/example_dags/example_display_name.py took 0.056 seconds
[2026-09-15T21:36:53.117+0000] {processor.py:161} INFO - Started process (PID=8030) to work on /home/airflow/.local/lib/python3.12/site-packages/airflow/example_dags/example_display_name.py
[2026-09-15T21:36:53.118+0000] {processor.py:830} INFO - Processing file /home/airflow/.local/lib/python3.12/site-packages/airflow/example_dags/example_display_name.py for tasks to queue
[2026-09-15T21:36:53.120+0000] {logging_mixin.py:188} INFO - [2026-09-15T21:36:53.119+0000] {dagbag.py:545} INFO - Filling up the DagBag from /home/airflow/.local/lib/python3.12/site-packages/airflow/example_dags/example_display_name.py
[2026-09-15T21:36:53.124+0000] {processor.py:840} INFO - DAG(s) 'example_display_name' retrieved from /home/airflow/.local/lib/python3.12/site-packages/airflow/example_dags/example_display_name.py
[2026-09-15T21:36:53.141+0000] {logging_mixin.py:188} INFO - [2026-09-15T21:36:53.140+0000] {dag.py:3089} INFO - Sync 1 DAGs
[2026-09-15T21:36:53.152+0000] {logging_mixin.py:188} INFO - [2026-09-15T21:36:53.152+0000] {dag.py:3947} INFO - Setting next_dagrun for example_display_name to None, run_after=None
[2026-09-15T21:36:53.170+0000] {processor.py:183} INFO - Processing /home/airflow/.local/lib/python3.12/site-packages/airflow/example_dags/example_display_name.py took 0.057 seconds
[2026-09-15T21:37:24.327+0000] {processor.py:161} INFO - Started process (PID=8294) to work on /home/airflow/.local/lib/python3.12/site-packages/airflow/example_dags/example_display_name.py
[2026-09-15T21:37:24.329+0000] {processor.py:830} INFO - Processing file /home/airflow/.local/lib/python3.12/site-packages/airflow/example_dags/example_display_name.py for tasks to queue
[2026-09-15T21:37:24.331+0000] {logging_mixin.py:188} INFO - [2026-09-15T21:37:24.331+0000] {dagbag.py:545} INFO - Filling up the DagBag from /home/airflow/.local/lib/python3.12/site-packages/airflow/example_dags/example_display_name.py
[2026-09-15T21:37:24.336+0000] {processor.py:840} INFO - DAG(s) 'example_display_name' retrieved from /home/airflow/.local/lib/python3.12/site-packages/airflow/example_dags/example_display_name.py
[2026-09-15T21:37:24.354+0000] {logging_mixin.py:188} INFO - [2026-09-15T21:37:24.354+0000] {dag.py:3089} INFO - Sync 1 DAGs
[2026-09-15T21:37:24.365+0000] {logging_mixin.py:188} INFO - [2026-09-15T21:37:24.365+0000] {dag.py:3947} INFO - Setting next_dagrun for example_display_name to None, run_after=None
[2026-09-15T21:37:24.383+0000] {processor.py:183} INFO - Processing /home/airflow/.local/lib/python3.12/site-packages/airflow/example_dags/example_display_name.py took 0.061 seconds
[2026-09-15T21:37:54.725+0000] {processor.py:161} INFO - Started process (PID=8554) to work on /home/airflow/.local/lib/python3.12/site-packages/airflow/example_dags/example_display_name.py
[2026-09-15T21:37:54.726+0000] {processor.py:830} INFO - Processing file /home/airflow/.local/lib/python3.12/site-packages/airflow/example_dags/example_display_name.py for tasks to queue
[2026-09-15T21:37:54.728+0000] {logging_mixin.py:188} INFO - [2026-09-15T21:37:54.728+0000] {dagbag.py:545} INFO - Filling up the DagBag from /home/airflow/.local/lib/python3.12/site-packages/airflow/example_dags/example_display_name.py
[2026-09-15T21:37:54.733+0000] {processor.py:840} INFO - DAG(s) 'example_display_name' retrieved from /home/airflow/.local/lib/python3.12/site-packages/airflow/example_dags/example_display_name.py
[2026-09-15T21:37:54.751+0000] {logging_mixin.py:188} INFO - [2026-09-15T21:37:54.751+0000] {dag.py:3089} INFO - Sync 1 DAGs
[2026-09-15T21:37:54.762+0000] {logging_mixin.py:188} INFO - [2026-09-15T21:37:54.762+0000] {dag.py:3947} INFO - Setting next_dagrun for example_display_name to None, run_after=None
[2026-09-15T21:37:54.779+0000] {processor.py:183} INFO - Processing /home/airflow/.local/lib/python3.12/site-packages/airflow/example_dags/example_display_name.py took 0.059 seconds
[2026-09-15T21:38:25.314+0000] {processor.py:161} INFO - Started process (PID=8818) to work on /home/airflow/.local/lib/python3.12/site-packages/airflow/example_dags/example_display_name.py
[2026-09-15T21:38:25.315+0000] {processor.py:830} INFO - Processing file /home/airflow/.local/lib/python3.12/site-packages/airflow/example_dags/example_display_name.py for tasks to queue
[2026-09-15T21:38:25.318+0000] {logging_mixin.py:188} INFO - [2026-09-15T21:38:25.317+0000] {dagbag.py:545} INFO - Filling up the DagBag from /home/airflow/.local/lib/python3.12/site-packages/airflow/example_dags/example_display_name.py
[2026-09-15T21:38:25.323+0000] {processor.py:840} INFO - DAG(s) 'example_display_name' retrieved from /home/airflow/.local/lib/python3.12/site-packages/airflow/example_dags/example_display_name.py
[2026-09-15T21:38:25.340+0000] {logging_mixin.py:188} INFO - [2026-09-15T21:38:25.340+0000] {dag.py:3089} INFO - Sync 1 DAGs
[2026-09-15T21:38:25.351+0000] {logging_mixin.py:188} INFO - [2026-09-15T21:38:25.351+0000] {dag.py:3947} INFO - Setting next_dagrun for example_display_name to None, run_after=None
[2026-09-15T21:38:25.368+0000] {processor.py:183} INFO - Processing /home/airflow/.local/lib/python3.12/site-packages/airflow/example_dags/example_display_name.py took 0.059 seconds
[2026-09-15T21:38:56.193+0000] {processor.py:161} INFO - Started process (PID=9107) to work on /home/airflow/.local/lib/python3.12/site-packages/airflow/example_dags/example_display_name.py
[2026-09-15T21:38:56.195+0000] {processor.py:830} INFO - Processing file /home/airflow/.local/lib/python3.12/site-packages/airflow/example_dags/example_display_name.py for tasks to queue
[2026-09-15T21:38:56.197+0000] {logging_mixin.py:188} INFO - [2026-09-15T21:38:56.196+0000] {dagbag.py:545} INFO - Filling up the DagBag from /home/airflow/.local/lib/python3.12/site-packages/airflow/example_dags/example_display_name.py
[2026-09-15T21:38:56.202+0000] {processor.py:840} INFO - DAG(s) 'example_display_name' retrieved from /home/airflow/.local/lib/python3.12/site-packages/airflow/example_dags/example_display_name.py
[2026-09-15T21:38:56.223+0000] {logging_mixin.py:188} INFO - [2026-09-15T21:38:56.222+0000] {dag.py:3089} INFO - Sync 1 DAGs
[2026-09-15T21:38:56.235+0000] {logging_mixin.py:188} INFO - [2026-09-15T21:38:56.235+0000] {dag.py:3947} INFO - Setting next_dagrun for example_display_name to None, run_after=None
[2026-09-15T21:38:56.254+0000] {processor.py:183} INFO - Processing /home/airflow/.local/lib/python3.12/site-packages/airflow/example_dags/example_display_name.py took 0.066 seconds
[2026-09-15T21:39:26.730+0000] {processor.py:161} INFO - Started process (PID=9369) to work on /home/airflow/.local/lib/python3.12/site-packages/airflow/example_dags/example_display_name.py
[2026-09-15T21:39:26.732+0000] {processor.py:830} INFO - Processing file /home/airflow/.local/lib/python3.12/site-packages/airflow/example_dags/example_display_name.py for tasks to queue
[2026-09-15T21:39:26.735+0000] {logging_mixin.py:188} INFO - [2026-09-15T21:39:26.735+0000] {dagbag.py:545} INFO - Filling up the DagBag from /home/airflow/.local/lib/python3.12/site-packages/airflow/example_dags/example_display_name.py
[2026-09-15T21:39:26.743+0000] {processor.py:840} INFO - DAG(s) 'example_display_name' retrieved from /home/airflow/.local/lib/python3.12/site-packages/airflow/example_dags/example_display_name.py
[2026-09-15T21:39:26.769+0000] {logging_mixin.py:188} INFO - [2026-09-15T21:39:26.768+0000] {dag.py:3089} INFO - Sync 1 DAGs
[2026-09-15T21:39:26.782+0000] {logging_mixin.py:188} INFO - [2026-09-15T21:39:26.781+0000] {dag.py:3947} INFO - Setting next_dagrun for example_display_name to None, run_after=None
[2026-09-15T21:39:26.809+0000] {processor.py:183} INFO - Processing /home/airflow/.local/lib/python3.12/site-packages/airflow/example_dags/example_display_name.py took 0.085 seconds
[2026-09-15T21:39:57.675+0000] {processor.py:161} INFO - Started process (PID=9631) to work on /home/airflow/.local/lib/python3.12/site-packages/airflow/example_dags/example_display_name.py
[2026-09-15T21:39:57.676+0000] {processor.py:830} INFO - Processing file /home/airflow/.local/lib/python3.12/site-packages/airflow/example_dags/example_display_name.py for tasks to queue
[2026-09-15T21:39:57.678+0000] {logging_mixin.py:188} INFO - [2026-09-15T21:39:57.678+0000] {dagbag.py:545} INFO - Filling up the DagBag from /home/airflow/.local/lib/python3.12/site-packages/airflow/example_dags/example_display_name.py
[2026-09-15T21:39:57.683+0000] {processor.py:840} INFO - DAG(s) 'example_display_name' retrieved from /home/airflow/.local/lib/python3.12/site-packages/airflow/example_dags/example_display_name.py
[2026-09-15T21:39:57.701+0000] {logging_mixin.py:188} INFO - [2026-09-15T21:39:57.701+0000] {dag.py:3089} INFO - Sync 1 DAGs
[2026-09-15T21:39:57.711+0000] {logging_mixin.py:188} INFO - [2026-09-15T21:39:57.711+0000] {dag.py:3947} INFO - Setting next_dagrun for example_display_name to None, run_after=None
[2026-09-15T21:39:57.727+0000] {processor.py:183} INFO - Processing /home/airflow/.local/lib/python3.12/site-packages/airflow/example_dags/example_display_name.py took 0.057 seconds
[2026-09-15T21:40:27.935+0000] {processor.py:161} INFO - Started process (PID=9893) to work on /home/airflow/.local/lib/python3.12/site-packages/airflow/example_dags/example_display_name.py
[2026-09-15T21:40:27.936+0000] {processor.py:830} INFO - Processing file /home/airflow/.local/lib/python3.12/site-packages/airflow/example_dags/example_display_name.py for tasks to queue
[2026-09-15T21:40:27.938+0000] {logging_mixin.py:188} INFO - [2026-09-15T21:40:27.938+0000] {dagbag.py:545} INFO - Filling up the DagBag from /home/airflow/.local/lib/python3.12/site-packages/airflow/example_dags/example_display_name.py
[2026-09-15T21:40:27.943+0000] {processor.py:840} INFO - DAG(s) 'example_display_name' retrieved from /home/airflow/.local/lib/python3.12/site-packages/airflow/example_dags/example_display_name.py
[2026-09-15T21:40:27.965+0000] {logging_mixin.py:188} INFO - [2026-09-15T21:40:27.965+0000] {dag.py:3089} INFO - Sync 1 DAGs
[2026-09-15T21:40:27.976+0000] {logging_mixin.py:188} INFO - [2026-09-15T21:40:27.975+0000] {dag.py:3947} INFO - Setting next_dagrun for example_display_name to None, run_after=None
[2026-09-15T21:40:27.993+0000] {processor.py:183} INFO - Processing /home/airflow/.local/lib/python3.12/site-packages/airflow/example_dags/example_display_name.py took 0.063 seconds
[2026-09-15T21:40:58.482+0000] {processor.py:161} INFO - Started process (PID=10155) to work on /home/airflow/.local/lib/python3.12/site-packages/airflow/example_dags/example_display_name.py
[2026-09-15T21:40:58.484+0000] {processor.py:830} INFO - Processing file /home/airflow/.local/lib/python3.12/site-packages/airflow/example_dags/example_display_name.py for tasks to queue
[2026-09-15T21:40:58.485+0000] {logging_mixin.py:188} INFO - [2026-09-15T21:40:58.485+0000] {dagbag.py:545} INFO - Filling up the DagBag from /home/airflow/.local/lib/python3.12/site-packages/airflow/example_dags/example_display_name.py
[2026-09-15T21:40:58.490+0000] {processor.py:840} INFO - DAG(s) 'example_display_name' retrieved from /home/airflow/.local/lib/python3.12/site-packages/airflow/example_dags/example_display_name.py
[2026-09-15T21:40:58.508+0000] {logging_mixin.py:188} INFO - [2026-09-15T21:40:58.508+0000] {dag.py:3089} INFO - Sync 1 DAGs
[2026-09-15T21:40:58.518+0000] {logging_mixin.py:188} INFO - [2026-09-15T21:40:58.518+0000] {dag.py:3947} INFO - Setting next_dagrun for example_display_name to None, run_after=None
[2026-09-15T21:40:58.536+0000] {processor.py:183} INFO - Processing /home/airflow/.local/lib/python3.12/site-packages/airflow/example_dags/example_display_name.py took 0.057 seconds
[2026-09-15T21:41:29.461+0000] {processor.py:161} INFO - Started process (PID=10417) to work on /home/airflow/.local/lib/python3.12/site-packages/airflow/example_dags/example_display_name.py
[2026-09-15T21:41:29.463+0000] {processor.py:830} INFO - Processing file /home/airflow/.local/lib/python3.12/site-packages/airflow/example_dags/example_display_name.py for tasks to queue
[2026-09-15T21:41:29.465+0000] {logging_mixin.py:188} INFO - [2026-09-15T21:41:29.464+0000] {dagbag.py:545} INFO - Filling up the DagBag from /home/airflow/.local/lib/python3.12/site-packages/airflow/example_dags/example_display_name.py
[2026-09-15T21:41:29.469+0000] {processor.py:840} INFO - DAG(s) 'example_display_name' retrieved from /home/airflow/.local/lib/python3.12/site-packages/airflow/example_dags/example_display_name.py
[2026-09-15T21:41:29.487+0000] {logging_mixin.py:188} INFO - [2026-09-15T21:41:29.487+0000] {dag.py:3089} INFO - Sync 1 DAGs
[2026-09-15T21:41:29.499+0000] {logging_mixin.py:188} INFO - [2026-09-15T21:41:29.498+0000] {dag.py:3947} INFO - Setting next_dagrun for example_display_name to None, run_after=None
[2026-09-15T21:41:29.516+0000] {processor.py:183} INFO - Processing /home/airflow/.local/lib/python3.12/site-packages/airflow/example_dags/example_display_name.py took 0.060 seconds
[2026-09-15T21:42:00.291+0000] {processor.py:161} INFO - Started process (PID=10679) to work on /home/airflow/.local/lib/python3.12/site-packages/airflow/example_dags/example_display_name.py
[2026-09-15T21:42:00.292+0000] {processor.py:830} INFO - Processing file /home/airflow/.local/lib/python3.12/site-packages/airflow/example_dags/example_display_name.py for tasks to queue
[2026-09-15T21:42:00.295+0000] {logging_mixin.py:188} INFO - [2026-09-15T21:42:00.294+0000] {dagbag.py:545} INFO - Filling up the DagBag from /home/airflow/.local/lib/python3.12/site-packages/airflow/example_dags/example_display_name.py
[2026-09-15T21:42:00.299+0000] {processor.py:840} INFO - DAG(s) 'example_display_name' retrieved from /home/airflow/.local/lib/python3.12/site-packages/airflow/example_dags/example_display_name.py
[2026-09-15T21:42:00.316+0000] {logging_mixin.py:188} INFO - [2026-09-15T21:42:00.316+0000] {dag.py:3089} INFO - Sync 1 DAGs
[2026-09-15T21:42:00.327+0000] {logging_mixin.py:188} INFO - [2026-09-15T21:42:00.327+0000] {dag.py:3947} INFO - Setting next_dagrun for example_display_name to None, run_after=None
[2026-09-15T21:42:00.343+0000] {processor.py:183} INFO - Processing /home/airflow/.local/lib/python3.12/site-packages/airflow/example_dags/example_display_name.py took 0.056 seconds
[2026-09-15T21:42:31.307+0000] {processor.py:161} INFO - Started process (PID=10941) to work on /home/airflow/.local/lib/python3.12/site-packages/airflow/example_dags/example_display_name.py
[2026-09-15T21:42:31.308+0000] {processor.py:830} INFO - Processing file /home/airflow/.local/lib/python3.12/site-packages/airflow/example_dags/example_display_name.py for tasks to queue
[2026-09-15T21:42:31.310+0000] {logging_mixin.py:188} INFO - [2026-09-15T21:42:31.309+0000] {dagbag.py:545} INFO - Filling up the DagBag from /home/airflow/.local/lib/python3.12/site-packages/airflow/example_dags/example_display_name.py
[2026-09-15T21:42:31.314+0000] {processor.py:840} INFO - DAG(s) 'example_display_name' retrieved from /home/airflow/.local/lib/python3.12/site-packages/airflow/example_dags/example_display_name.py
[2026-09-15T21:42:31.476+0000] {logging_mixin.py:188} INFO - [2026-09-15T21:42:31.476+0000] {dag.py:3089} INFO - Sync 1 DAGs
[2026-09-15T21:42:31.487+0000] {logging_mixin.py:188} INFO - [2026-09-15T21:42:31.487+0000] {dag.py:3947} INFO - Setting next_dagrun for example_display_name to None, run_after=None
[2026-09-15T21:42:31.505+0000] {processor.py:183} INFO - Processing /home/airflow/.local/lib/python3.12/site-packages/airflow/example_dags/example_display_name.py took 0.203 seconds
[2026-09-15T21:43:02.392+0000] {processor.py:161} INFO - Started process (PID=11205) to work on /home/airflow/.local/lib/python3.12/site-packages/airflow/example_dags/example_display_name.py
[2026-09-15T21:43:02.393+0000] {processor.py:830} INFO - Processing file /home/airflow/.local/lib/python3.12/site-packages/airflow/example_dags/example_display_name.py for tasks to queue
[2026-09-15T21:43:02.395+0000] {logging_mixin.py:188} INFO - [2026-09-15T21:43:02.395+0000] {dagbag.py:545} INFO - Filling up the DagBag from /home/airflow/.local/lib/python3.12/site-packages/airflow/example_dags/example_display_name.py
[2026-09-15T21:43:02.400+0000] {processor.py:840} INFO - DAG(s) 'example_display_name' retrieved from /home/airflow/.local/lib/python3.12/site-packages/airflow/example_dags/example_display_name.py
[2026-09-15T21:43:02.417+0000] {logging_mixin.py:188} INFO - [2026-09-15T21:43:02.417+0000] {dag.py:3089} INFO - Sync 1 DAGs
[2026-09-15T21:43:02.428+0000] {logging_mixin.py:188} INFO - [2026-09-15T21:43:02.427+0000] {dag.py:3947} INFO - Setting next_dagrun for example_display_name to None, run_after=None
[2026-09-15T21:43:02.443+0000] {processor.py:183} INFO - Processing /home/airflow/.local/lib/python3.12/site-packages/airflow/example_dags/example_display_name.py took 0.055 seconds
[2026-09-15T21:43:32.651+0000] {processor.py:161} INFO - Started process (PID=11472) to work on /home/airflow/.local/lib/python3.12/site-packages/airflow/example_dags/example_display_name.py
[2026-09-15T21:43:32.652+0000] {processor.py:830} INFO - Processing file /home/airflow/.local/lib/python3.12/site-packages/airflow/example_dags/example_display_name.py for tasks to queue
[2026-09-15T21:43:32.654+0000] {logging_mixin.py:188} INFO - [2026-09-15T21:43:32.654+0000] {dagbag.py:545} INFO - Filling up the DagBag from /home/airflow/.local/lib/python3.12/site-packages/airflow/example_dags/example_display_name.py
[2026-09-15T21:43:32.660+0000] {processor.py:840} INFO - DAG(s) 'example_display_name' retrieved from /home/airflow/.local/lib/python3.12/site-packages/airflow/example_dags/example_display_name.py
[2026-09-15T21:43:32.678+0000] {logging_mixin.py:188} INFO - [2026-09-15T21:43:32.678+0000] {dag.py:3089} INFO - Sync 1 DAGs
[2026-09-15T21:43:32.689+0000] {logging_mixin.py:188} INFO - [2026-09-15T21:43:32.689+0000] {dag.py:3947} INFO - Setting next_dagrun for example_display_name to None, run_after=None
[2026-09-15T21:43:32.706+0000] {processor.py:183} INFO - Processing /home/airflow/.local/lib/python3.12/site-packages/airflow/example_dags/example_display_name.py took 0.061 seconds
[2026-09-15T21:44:02.852+0000] {processor.py:161} INFO - Started process (PID=11729) to work on /home/airflow/.local/lib/python3.12/site-packages/airflow/example_dags/example_display_name.py
[2026-09-15T21:44:02.854+0000] {processor.py:830} INFO - Processing file /home/airflow/.local/lib/python3.12/site-packages/airflow/example_dags/example_display_name.py for tasks to queue
[2026-09-15T21:44:02.856+0000] {logging_mixin.py:188} INFO - [2026-09-15T21:44:02.855+0000] {dagbag.py:545} INFO - Filling up the DagBag from /home/airflow/.local/lib/python3.12/site-packages/airflow/example_dags/example_display_name.py
[2026-09-15T21:44:02.861+0000] {processor.py:840} INFO - DAG(s) 'example_display_name' retrieved from /home/airflow/.local/lib/python3.12/site-packages/airflow/example_dags/example_display_name.py
[2026-09-15T21:44:02.881+0000] {logging_mixin.py:188} INFO - [2026-09-15T21:44:02.881+0000] {dag.py:3089} INFO - Sync 1 DAGs
[2026-09-15T21:44:02.892+0000] {logging_mixin.py:188} INFO - [2026-09-15T21:44:02.892+0000] {dag.py:3947} INFO - Setting next_dagrun for example_display_name to None, run_after=None
[2026-09-15T21:44:02.912+0000] {processor.py:183} INFO - Processing /home/airflow/.local/lib/python3.12/site-packages/airflow/example_dags/example_display_name.py took 0.065 seconds
[2026-09-15T21:44:33.062+0000] {processor.py:161} INFO - Started process (PID=11991) to work on /home/airflow/.local/lib/python3.12/site-packages/airflow/example_dags/example_display_name.py
[2026-09-15T21:44:33.064+0000] {processor.py:830} INFO - Processing file /home/airflow/.local/lib/python3.12/site-packages/airflow/example_dags/example_display_name.py for tasks to queue
[2026-09-15T21:44:33.067+0000] {logging_mixin.py:188} INFO - [2026-09-15T21:44:33.067+0000] {dagbag.py:545} INFO - Filling up the DagBag from /home/airflow/.local/lib/python3.12/site-packages/airflow/example_dags/example_display_name.py
[2026-09-15T21:44:33.079+0000] {processor.py:840} INFO - DAG(s) 'example_display_name' retrieved from /home/airflow/.local/lib/python3.12/site-packages/airflow/example_dags/example_display_name.py
[2026-09-15T21:44:33.107+0000] {logging_mixin.py:188} INFO - [2026-09-15T21:44:33.106+0000] {dag.py:3089} INFO - Sync 1 DAGs
[2026-09-15T21:44:33.123+0000] {logging_mixin.py:188} INFO - [2026-09-15T21:44:33.123+0000] {dag.py:3947} INFO - Setting next_dagrun for example_display_name to None, run_after=None
[2026-09-15T21:44:33.147+0000] {processor.py:183} INFO - Processing /home/airflow/.local/lib/python3.12/site-packages/airflow/example_dags/example_display_name.py took 0.093 seconds
