[2026-09-15T21:01:00.909+0000] {processor.py:161} INFO - Started process (PID=91) to work on /home/airflow/.local/lib/python3.12/site-packages/airflow/example_dags/example_latest_only.py
[2026-09-15T21:01:00.911+0000] {processor.py:830} INFO - Processing file /home/airflow/.local/lib/python3.12/site-packages/airflow/example_dags/example_latest_only.py for tasks to queue
[2026-09-15T21:01:00.914+0000] {logging_mixin.py:188} INFO - [2026-09-15T21:01:00.914+0000] {dagbag.py:545} INFO - Filling up the DagBag from /home/airflow/.local/lib/python3.12/site-packages/airflow/example_dags/example_latest_only.py
[2026-09-15T21:01:00.921+0000] {processor.py:840} INFO - DAG(s) 'latest_only' retrieved from /home/airflow/.local/lib/python3.12/site-packages/airflow/example_dags/example_latest_only.py
[2026-09-15T21:01:00.934+0000] {logging_mixin.py:188} INFO - [2026-09-15T21:01:00.934+0000] {dag.py:3089} INFO - Sync 1 DAGs
[2026-09-15T21:01:00.957+0000] {logging_mixin.py:188} INFO - [2026-09-15T21:01:00.957+0000] {dag.py:3947} INFO - Setting next_dagrun for latest_only to 2026-09-15 16:00:00+00:00, run_after=2026-09-15 20:00:00+00:00
[2026-09-15T21:01:00.976+0000] {processor.py:183} INFO - Processing /home/airflow/.local/lib/python3.12/site-packages/airflow/example_dags/example_latest_only.py took 0.073 seconds
[2026-09-15T21:01:32.306+0000] {processor.py:161} INFO - Started process (PID=149) to work on /home/airflow/.local/lib/python3.12/site-packages/airflow/example_dags/example_latest_only.py
[2026-09-15T21:01:32.307+0000] {processor.py:830} INFO - Processing file /home/airflow/.local/lib/python3.12/site-packages/airflow/example_dags/example_latest_only.py for tasks to queue
[2026-09-15T21:01:32.308+0000] {logging_mixin.py:188} INFO - [2026-09-15T21:01:32.308+0000] {dagbag.py:545} INFO - Filling up the DagBag from /home/airflow/.local/lib/python3.12/site-packages/airflow/example_dags/example_latest_only.py
[2026-09-15T21:01:32.313+0000] {processor.py:840} INFO - DAG(s) 'latest_only' retrieved from /home/airflow/.local/lib/python3.12/site-packages/airflow/example_dags/example_latest_only.py
[2026-09-15T21:01:32.385+0000] {logging_mixin.py:188} INFO - [2026-09-15T21:01:32.385+0000] {dag.py:3089} INFO - Sync 1 DAGs
[2026-09-15T21:01:32.401+0000] {logging_mixin.py:188} INFO - [2026-09-15T21:01:32.401+0000] {dag.py:3947} INFO - Setting next_dagrun for latest_only to 2026-09-15 16:00:00+00:00, run_after=2026-09-15 20:00:00+00:00
[2026-09-15T21:01:32.418+0000] {processor.py:183} INFO - Processing /home/airflow/.local/lib/python3.12/site-packages/airflow/example_dags/example_latest_only.py took 0.117 seconds
[2026-09-15T21:02:02.587+0000] {processor.py:161} INFO - Started process (PID=207) to work on /home/airflow/.local/lib/python3.12/site-packages/airflow/example_dags/example_latest_only.py
[2026-09-15T21:02:02.588+0000] {processor.py:830} INFO - Processing file /home/airflow/.local/lib/python3.12/site-packages/airflow/example_dags/example_latest_only.py for tasks to queue
[2026-09-15T21:02:02.591+0000] {logging_mixin.py:188} INFO - [2026-09-15T21:02:02.591+0000] {dagbag.py:545} INFO - Filling up the DagBag from /home/airflow/.local/lib/python3.12/site-packages/airflow/example_dags/example_latest_only.py
[2026-09-15T21:02:02.596+0000] {processor.py:840} INFO - DAG(s) 'latest_only' retrieved from /home/airflow/.local/lib/python3.12/site-packages/airflow/example_dags/example_latest_only.py
[2026-09-15T21:02:02.618+0000] {logging_mixin.py:188} INFO - [2026-09-15T21:02:02.617+0000] {dag.py:3089} INFO - Sync 1 DAGs
[2026-09-15T21:02:02.637+0000] {logging_mixin.py:188} INFO - [2026-09-15T21:02:02.637+0000] {dag.py:3947} INFO - Setting next_dagrun for latest_only to 2026-09-15 16:00:00+00:00, run_after=2026-09-15 20:00:00+00:00
[2026-09-15T21:02:02.654+0000] {processor.py:183} INFO - Processing /home/airflow/.local/lib/python3.12/site-packages/airflow/example_dags/example_latest_only.py took 0.072 seconds
[2026-09-15T21:02:33.562+0000] {processor.py:161} INFO - Started process (PID=272) to work on /home/airflow/.local/lib/python3.12/site-packages/airflow/example_dags/example_latest_only.py
[2026-09-15T21:02:33.563+0000] {processor.py:830} INFO - Processing file /home/airflow/.local/lib/python3.12/site-packages/airflow/example_dags/example_latest_only.py for tasks to queue
[2026-09-15T21:02:33.565+0000] {logging_mixin.py:188} INFO - [2026-09-15T21:02:33.565+0000] {dagbag.py:545} INFO - Filling up the DagBag from /home/airflow/.local/lib/python3.12/site-packages/airflow/example_dags/example_latest_only.py
[2026-09-15T21:02:33.569+0000] {processor.py:840} INFO - DAG(s) 'latest_only' retrieved from /home/airflow/.local/lib/python3.12/site-packages/airflow/example_dags/example_latest_only.py
[2026-09-15T21:02:33.589+0000] {logging_mixin.py:188} INFO - [2026-09-15T21:02:33.589+0000] {dag.py:3089} INFO - Sync 1 DAGs
[2026-09-15T21:02:33.608+0000] {logging_mixin.py:188} INFO - [2026-09-15T21:02:33.608+0000] {dag.py:3947} INFO - Setting next_dagrun for latest_only to 2026-09-15 16:00:00+00:00, run_after=2026-09-15 20:00:00+00:00
[2026-09-15T21:02:33.626+0000] {processor.py:183} INFO - Processing /home/airflow/.local/lib/python3.12/site-packages/airflow/example_dags/example_latest_only.py took 0.069 seconds
[2026-09-15T21:03:03.875+0000] {processor.py:161} INFO - Started process (PID=330) to work on /home/airflow/.local/lib/python3.12/site-packages/airflow/example_dags/example_latest_only.py
[2026-09-15T21:03:03.876+0000] {processor.py:830} INFO - Processing file /home/airflow/.local/lib/python3.12/site-packages/airflow/example_dags/example_latest_only.py for tasks to queue
[2026-09-15T21:03:03.879+0000] {logging_mixin.py:188} INFO - [2026-09-15T21:03:03.879+0000] {dagbag.py:545} INFO - Filling up the DagBag from /home/airflow/.local/lib/python3.12/site-packages/airflow/example_dags/example_latest_only.py
[2026-09-15T21:03:03.884+0000] {processor.py:840} INFO - DAG(s) 'latest_only' retrieved from /home/airflow/.local/lib/python3.12/site-packages/airflow/example_dags/example_latest_only.py
[2026-09-15T21:03:03.902+0000] {logging_mixin.py:188} INFO - [2026-09-15T21:03:03.902+0000] {dag.py:3089} INFO - Sync 1 DAGs
[2026-09-15T21:03:03.920+0000] {logging_mixin.py:188} INFO - [2026-09-15T21:03:03.920+0000] {dag.py:3947} INFO - Setting next_dagrun for latest_only to 2026-09-15 16:00:00+00:00, run_after=2026-09-15 20:00:00+00:00
[2026-09-15T21:03:03.936+0000] {processor.py:183} INFO - Processing /home/airflow/.local/lib/python3.12/site-packages/airflow/example_dags/example_latest_only.py took 0.066 seconds
[2026-09-15T21:03:34.009+0000] {processor.py:161} INFO - Started process (PID=388) to work on /home/airflow/.local/lib/python3.12/site-packages/airflow/example_dags/example_latest_only.py
[2026-09-15T21:03:34.010+0000] {processor.py:830} INFO - Processing file /home/airflow/.local/lib/python3.12/site-packages/airflow/example_dags/example_latest_only.py for tasks to queue
[2026-09-15T21:03:34.012+0000] {logging_mixin.py:188} INFO - [2026-09-15T21:03:34.012+0000] {dagbag.py:545} INFO - Filling up the DagBag from /home/airflow/.local/lib/python3.12/site-packages/airflow/example_dags/example_latest_only.py
[2026-09-15T21:03:34.016+0000] {processor.py:840} INFO - DAG(s) 'latest_only' retrieved from /home/airflow/.local/lib/python3.12/site-packages/airflow/example_dags/example_latest_only.py
[2026-09-15T21:03:34.032+0000] {logging_mixin.py:188} INFO - [2026-09-15T21:03:34.032+0000] {dag.py:3089} INFO - Sync 1 DAGs
[2026-09-15T21:03:34.047+0000] {logging_mixin.py:188} INFO - [2026-09-15T21:03:34.047+0000] {dag.py:3947} INFO - Setting next_dagrun for latest_only to 2026-09-15 16:00:00+00:00, run_after=2026-09-15 20:00:00+00:00
[2026-09-15T21:03:34.060+0000] {processor.py:183} INFO - Processing /home/airflow/.local/lib/python3.12/site-packages/airflow/example_dags/example_latest_only.py took 0.055 seconds
[2026-09-15T21:04:04.249+0000] {processor.py:161} INFO - Started process (PID=446) to work on /home/airflow/.local/lib/python3.12/site-packages/airflow/example_dags/example_latest_only.py
[2026-09-15T21:04:04.250+0000] {processor.py:830} INFO - Processing file /home/airflow/.local/lib/python3.12/site-packages/airflow/example_dags/example_latest_only.py for tasks to queue
[2026-09-15T21:04:04.252+0000] {logging_mixin.py:188} INFO - [2026-09-15T21:04:04.252+0000] {dagbag.py:545} INFO - Filling up the DagBag from /home/airflow/.local/lib/python3.12/site-packages/airflow/example_dags/example_latest_only.py
[2026-09-15T21:04:04.257+0000] {processor.py:840} INFO - DAG(s) 'latest_only' retrieved from /home/airflow/.local/lib/python3.12/site-packages/airflow/example_dags/example_latest_only.py
[2026-09-15T21:04:04.274+0000] {logging_mixin.py:188} INFO - [2026-09-15T21:04:04.273+0000] {dag.py:3089} INFO - Sync 1 DAGs
[2026-09-15T21:04:04.289+0000] {logging_mixin.py:188} INFO - [2026-09-15T21:04:04.289+0000] {dag.py:3947} INFO - Setting next_dagrun for latest_only to 2026-09-15 16:00:00+00:00, run_after=2026-09-15 20:00:00+00:00
[2026-09-15T21:04:04.302+0000] {processor.py:183} INFO - Processing /home/airflow/.local/lib/python3.12/site-packages/airflow/example_dags/example_latest_only.py took 0.057 seconds
[2026-09-15T21:04:34.347+0000] {processor.py:161} INFO - Started process (PID=504) to work on /home/airflow/.local/lib/python3.12/site-packages/airflow/example_dags/example_latest_only.py
[2026-09-15T21:04:34.348+0000] {processor.py:830} INFO - Processing file /home/airflow/.local/lib/python3.12/site-packages/airflow/example_dags/example_latest_only.py for tasks to queue
[2026-09-15T21:04:34.350+0000] {logging_mixin.py:188} INFO - [2026-09-15T21:04:34.350+0000] {dagbag.py:545} INFO - Filling up the DagBag from /home/airflow/.local/lib/python3.12/site-packages/airflow/example_dags/example_latest_only.py
[2026-09-15T21:04:34.355+0000] {processor.py:840} INFO - DAG(s) 'latest_only' retrieved from /home/airflow/.local/lib/python3.12/site-packages/airflow/example_dags/example_latest_only.py
[2026-09-15T21:04:34.371+0000] {logging_mixin.py:188} INFO - [2026-09-15T21:04:34.371+0000] {dag.py:3089} INFO - Sync 1 DAGs
[2026-09-15T21:04:34.387+0000] {logging_mixin.py:188} INFO - [2026-09-15T21:04:34.386+0000] {dag.py:3947} INFO - Setting next_dagrun for latest_only to 2026-09-15 16:00:00+00:00, run_after=2026-09-15 20:00:00+00:00
[2026-09-15T21:04:34.402+0000] {processor.py:183} INFO - Processing /home/airflow/.local/lib/python3.12/site-packages/airflow/example_dags/example_latest_only.py took 0.059 seconds
[2026-09-15T21:05:04.624+0000] {processor.py:161} INFO - Started process (PID=562) to work on /home/airflow/.local/lib/python3.12/site-packages/airflow/example_dags/example_latest_only.py
[2026-09-15T21:05:04.626+0000] {processor.py:830} INFO - Processing file /home/airflow/.local/lib/python3.12/site-packages/airflow/example_dags/example_latest_only.py for tasks to queue
[2026-09-15T21:05:04.628+0000] {logging_mixin.py:188} INFO - [2026-09-15T21:05:04.628+0000] {dagbag.py:545} INFO - Filling up the DagBag from /home/airflow/.local/lib/python3.12/site-packages/airflow/example_dags/example_latest_only.py
[2026-09-15T21:05:04.633+0000] {processor.py:840} INFO - DAG(s) 'latest_only' retrieved from /home/airflow/.local/lib/python3.12/site-packages/airflow/example_dags/example_latest_only.py
[2026-09-15T21:05:04.650+0000] {logging_mixin.py:188} INFO - [2026-09-15T21:05:04.650+0000] {dag.py:3089} INFO - Sync 1 DAGs
[2026-09-15T21:05:04.666+0000] {logging_mixin.py:188} INFO - [2026-09-15T21:05:04.666+0000] {dag.py:3947} INFO - Setting next_dagrun for latest_only to 2026-09-15 16:00:00+00:00, run_after=2026-09-15 20:00:00+00:00
[2026-09-15T21:05:04.682+0000] {processor.py:183} INFO - Processing /home/airflow/.local/lib/python3.12/site-packages/airflow/example_dags/example_latest_only.py took 0.063 seconds
[2026-09-15T21:05:35.577+0000] {processor.py:161} INFO - Started process (PID=620) to work on /home/airflow/.local/lib/python3.12/site-packages/airflow/example_dags/example_latest_only.py
[2026-09-15T21:05:35.579+0000] {processor.py:830} INFO - Processing file /home/airflow/.local/lib/python3.12/site-packages/airflow/example_dags/example_latest_only.py for tasks to queue
[2026-09-15T21:05:35.581+0000] {logging_mixin.py:188} INFO - [2026-09-15T21:05:35.581+0000] {dagbag.py:545} INFO - Filling up the DagBag from /home/airflow/.local/lib/python3.12/site-packages/airflow/example_dags/example_latest_only.py
[2026-09-15T21:05:35.585+0000] {processor.py:840} INFO - DAG(s) 'latest_only' retrieved from /home/airflow/.local/lib/python3.12/site-packages/airflow/example_dags/example_latest_only.py
[2026-09-15T21:05:35.601+0000] {logging_mixin.py:188} INFO - [2026-09-15T21:05:35.601+0000] {dag.py:3089} INFO - Sync 1 DAGs
[2026-09-15T21:05:35.616+0000] {logging_mixin.py:188} INFO - [2026-09-15T21:05:35.616+0000] {dag.py:3947} INFO - Setting next_dagrun for latest_only to 2026-09-15 16:00:00+00:00, run_after=2026-09-15 20:00:00+00:00
[2026-09-15T21:05:35.630+0000] {processor.py:183} INFO - Processing /home/airflow/.local/lib/python3.12/site-packages/airflow/example_dags/example_latest_only.py took 0.058 seconds
[2026-09-15T21:06:06.109+0000] {processor.py:161} INFO - Started process (PID=678) to work on /home/airflow/.local/lib/python3.12/site-packages/airflow/example_dags/example_latest_only.py
[2026-09-15T21:06:06.110+0000] {processor.py:830} INFO - Processing file /home/airflow/.local/lib/python3.12/site-packages/airflow/example_dags/example_latest_only.py for tasks to queue
[2026-09-15T21:06:06.112+0000] {logging_mixin.py:188} INFO - [2026-09-15T21:06:06.112+0000] {dagbag.py:545} INFO - Filling up the DagBag from /home/airflow/.local/lib/python3.12/site-packages/airflow/example_dags/example_latest_only.py
[2026-09-15T21:06:06.116+0000] {processor.py:840} INFO - DAG(s) 'latest_only' retrieved from /home/airflow/.local/lib/python3.12/site-packages/airflow/example_dags/example_latest_only.py
[2026-09-15T21:06:06.132+0000] {logging_mixin.py:188} INFO - [2026-09-15T21:06:06.132+0000] {dag.py:3089} INFO - Sync 1 DAGs
[2026-09-15T21:06:06.147+0000] {logging_mixin.py:188} INFO - [2026-09-15T21:06:06.147+0000] {dag.py:3947} INFO - Setting next_dagrun for latest_only to 2026-09-15 16:00:00+00:00, run_after=2026-09-15 20:00:00+00:00
[2026-09-15T21:06:06.162+0000] {processor.py:183} INFO - Processing /home/airflow/.local/lib/python3.12/site-packages/airflow/example_dags/example_latest_only.py took 0.057 seconds
[2026-09-15T21:06:36.264+0000] {processor.py:161} INFO - Started process (PID=739) to work on /home/airflow/.local/lib/python3.12/site-packages/airflow/example_dags/example_latest_only.py
[2026-09-15T21:06:36.265+0000] {processor.py:830} INFO - Processing file /home/airflow/.local/lib/python3.12/site-packages/airflow/example_dags/example_latest_only.py for tasks to queue
[2026-09-15T21:06:36.267+0000] {logging_mixin.py:188} INFO - [2026-09-15T21:06:36.266+0000] {dagbag.py:545} INFO - Filling up the DagBag from /home/airflow/.local/lib/python3.12/site-packages/airflow/example_dags/example_latest_only.py
[2026-09-15T21:06:36.271+0000] {processor.py:840} INFO - DAG(s) 'latest_only' retrieved from /home/airflow/.local/lib/python3.12/site-packages/airflow/example_dags/example_latest_only.py
[2026-09-15T21:06:36.289+0000] {logging_mixin.py:188} INFO - [2026-09-15T21:06:36.289+0000] {dag.py:3089} INFO - Sync 1 DAGs
[2026-09-15T21:06:36.305+0000] {logging_mixin.py:188} INFO - [2026-09-15T21:06:36.305+0000] {dag.py:3947} INFO - Setting next_dagrun for latest_only to 2026-09-15 16:00:00+00:00, run_after=2026-09-15 20:00:00+00:00
[2026-09-15T21:06:36.324+0000] {processor.py:183} INFO - Processing /home/airflow/.local/lib/python3.12/site-packages/airflow/example_dags/example_latest_only.py took 0.064 seconds
[2026-09-15T21:07:06.610+0000] {processor.py:161} INFO - Started process (PID=797) to work on /home/airflow/.local/lib/python3.12/site-packages/airflow/example_dags/example_latest_only.py
[2026-09-15T21:07:06.612+0000] {processor.py:830} INFO - Processing file /home/airflow/.local/lib/python3.12/site-packages/airflow/example_dags/example_latest_only.py for tasks to queue
[2026-09-15T21:07:06.613+0000] {logging_mixin.py:188} INFO - [2026-09-15T21:07:06.613+0000] {dagbag.py:545} INFO - Filling up the DagBag from /home/airflow/.local/lib/python3.12/site-packages/airflow/example_dags/example_latest_only.py
[2026-09-15T21:07:06.617+0000] {processor.py:840} INFO - DAG(s) 'latest_only' retrieved from /home/airflow/.local/lib/python3.12/site-packages/airflow/example_dags/example_latest_only.py
[2026-09-15T21:07:06.634+0000] {logging_mixin.py:188} INFO - [2026-09-15T21:07:06.634+0000] {dag.py:3089} INFO - Sync 1 DAGs
[2026-09-15T21:07:06.650+0000] {logging_mixin.py:188} INFO - [2026-09-15T21:07:06.650+0000] {dag.py:3947} INFO - Setting next_dagrun for latest_only to 2026-09-15 16:00:00+00:00, run_after=2026-09-15 20:00:00+00:00
[2026-09-15T21:07:06.664+0000] {processor.py:183} INFO - Processing /home/airflow/.local/lib/python3.12/site-packages/airflow/example_dags/example_latest_only.py took 0.058 seconds
[2026-09-15T21:07:37.106+0000] {processor.py:161} INFO - Started process (PID=855) to work on /home/airflow/.local/lib/python3.12/site-packages/airflow/example_dags/example_latest_only.py
[2026-09-15T21:07:37.107+0000] {processor.py:830} INFO - Processing file /home/airflow/.local/lib/python3.12/site-packages/airflow/example_dags/example_latest_only.py for tasks to queue
[2026-09-15T21:07:37.109+0000] {logging_mixin.py:188} INFO - [2026-09-15T21:07:37.109+0000] {dagbag.py:545} INFO - Filling up the DagBag from /home/airflow/.local/lib/python3.12/site-packages/airflow/example_dags/example_latest_only.py
[2026-09-15T21:07:37.113+0000] {processor.py:840} INFO - DAG(s) 'latest_only' retrieved from /home/airflow/.local/lib/python3.12/site-packages/airflow/example_dags/example_latest_only.py
[2026-09-15T21:07:37.128+0000] {logging_mixin.py:188} INFO - [2026-09-15T21:07:37.128+0000] {dag.py:3089} INFO - Sync 1 DAGs
[2026-09-15T21:07:37.143+0000] {logging_mixin.py:188} INFO - [2026-09-15T21:07:37.143+0000] {dag.py:3947} INFO - Setting next_dagrun for latest_only to 2026-09-15 16:00:00+00:00, run_after=2026-09-15 20:00:00+00:00
[2026-09-15T21:07:37.158+0000] {processor.py:183} INFO - Processing /home/airflow/.local/lib/python3.12/site-packages/airflow/example_dags/example_latest_only.py took 0.055 seconds
[2026-09-15T21:08:07.913+0000] {processor.py:161} INFO - Started process (PID=913) to work on /home/airflow/.local/lib/python3.12/site-packages/airflow/example_dags/example_latest_only.py
[2026-09-15T21:08:07.914+0000] {processor.py:830} INFO - Processing file /home/airflow/.local/lib/python3.12/site-packages/airflow/example_dags/example_latest_only.py for tasks to queue
[2026-09-15T21:08:07.915+0000] {logging_mixin.py:188} INFO - [2026-09-15T21:08:07.915+0000] {dagbag.py:545} INFO - Filling up the DagBag from /home/airflow/.local/lib/python3.12/site-packages/airflow/example_dags/example_latest_only.py
[2026-09-15T21:08:07.919+0000] {processor.py:840} INFO - DAG(s) 'latest_only' retrieved from /home/airflow/.local/lib/python3.12/site-packages/airflow/example_dags/example_latest_only.py
[2026-09-15T21:08:07.936+0000] {logging_mixin.py:188} INFO - [2026-09-15T21:08:07.936+0000] {dag.py:3089} INFO - Sync 1 DAGs
[2026-09-15T21:08:07.950+0000] {logging_mixin.py:188} INFO - [2026-09-15T21:08:07.950+0000] {dag.py:3947} INFO - Setting next_dagrun for latest_only to 2026-09-15 16:00:00+00:00, run_after=2026-09-15 20:00:00+00:00
[2026-09-15T21:08:07.965+0000] {processor.py:183} INFO - Processing /home/airflow/.local/lib/python3.12/site-packages/airflow/example_dags/example_latest_only.py took 0.057 seconds
[2026-09-15T21:08:38.256+0000] {processor.py:161} INFO - Started process (PID=971) to work on /home/airflow/.local/lib/python3.12/site-packages/airflow/example_dags/example_latest_only.py
[2026-09-15T21:08:38.257+0000] {processor.py:830} INFO - Processing file /home/airflow/.local/lib/python3.12/site-packages/airflow/example_dags/example_latest_only.py for tasks to queue
[2026-09-15T21:08:38.259+0000] {logging_mixin.py:188} INFO - [2026-09-15T21:08:38.258+0000] {dagbag.py:545} INFO - Filling up the DagBag from /home/airflow/.local/lib/python3.12/site-packages/airflow/example_dags/example_latest_only.py
[2026-09-15T21:08:38.262+0000] {processor.py:840} INFO - DAG(s) 'latest_only' retrieved from /home/airflow/.local/lib/python3.12/site-packages/airflow/example_dags/example_latest_only.py
[2026-09-15T21:08:38.279+0000] {logging_mixin.py:188} INFO - [2026-09-15T21:08:38.279+0000] {dag.py:3089} INFO - Sync 1 DAGs
[2026-09-15T21:08:38.299+0000] {logging_mixin.py:188} INFO - [2026-09-15T21:08:38.299+0000] {dag.py:3947} INFO - Setting next_dagrun for latest_only to 2026-09-15 16:00:00+00:00, run_after=2026-09-15 20:00:00+00:00
[2026-09-15T21:08:38.315+0000] {processor.py:183} INFO - Processing /home/airflow/.local/lib/python3.12/site-packages/airflow/example_dags/example_latest_only.py took 0.063 seconds
[2026-09-15T21:09:08.421+0000] {processor.py:161} INFO - Started process (PID=1029) to work on /home/airflow/.local/lib/python3.12/site-packages/airflow/example_dags/example_latest_only.py
[2026-09-15T21:09:08.422+0000] {processor.py:830} INFO - Processing file /home/airflow/.local/lib/python3.12/site-packages/airflow/example_dags/example_latest_only.py for tasks to queue
[2026-09-15T21:09:08.424+0000] {logging_mixin.py:188} INFO - [2026-09-15T21:09:08.424+0000] {dagbag.py:545} INFO - Filling up the DagBag from /home/airflow/.local/lib/python3.12/site-packages/airflow/example_dags/example_latest_only.py
[2026-09-15T21:09:08.428+0000] {processor.py:840} INFO - DAG(s) 'latest_only' retrieved from /home/airflow/.local/lib/python3.12/site-packages/airflow/example_dags/example_latest_only.py
[2026-09-15T21:09:08.445+0000] {logging_mixin.py:188} INFO - [2026-09-15T21:09:08.445+0000] {dag.py:3089} INFO - Sync 1 DAGs
[2026-09-15T21:09:08.462+0000] {logging_mixin.py:188} INFO - [2026-09-15T21:09:08.462+0000] {dag.py:3947} INFO - Setting next_dagrun for latest_only to 2026-09-15 16:00:00+00:00, run_after=2026-09-15 20:00:00+00:00
[2026-09-15T21:09:08.477+0000] {processor.py:183} INFO - Processing /home/airflow/.local/lib/python3.12/site-packages/airflow/example_dags/example_latest_only.py took 0.060 seconds
[2026-09-15T21:09:38.822+0000] {processor.py:161} INFO - Started process (PID=1087) to work on /home/airflow/.local/lib/python3.12/site-packages/airflow/example_dags/example_latest_only.py
[2026-09-15T21:09:38.823+0000] {processor.py:830} INFO - Processing file /home/airflow/.local/lib/python3.12/site-packages/airflow/example_dags/example_latest_only.py for tasks to queue
[2026-09-15T21:09:38.825+0000] {logging_mixin.py:188} INFO - [2026-09-15T21:09:38.825+0000] {dagbag.py:545} INFO - Filling up the DagBag from /home/airflow/.local/lib/python3.12/site-packages/airflow/example_dags/example_latest_only.py
[2026-09-15T21:09:38.829+0000] {processor.py:840} INFO - DAG(s) 'latest_only' retrieved from /home/airflow/.local/lib/python3.12/site-packages/airflow/example_dags/example_latest_only.py
[2026-09-15T21:09:38.847+0000] {logging_mixin.py:188} INFO - [2026-09-15T21:09:38.847+0000] {dag.py:3089} INFO - Sync 1 DAGs
[2026-09-15T21:09:38.864+0000] {logging_mixin.py:188} INFO - [2026-09-15T21:09:38.864+0000] {dag.py:3947} INFO - Setting next_dagrun for latest_only to 2026-09-15 16:00:00+00:00, run_after=2026-09-15 20:00:00+00:00
[2026-09-15T21:09:38.879+0000] {processor.py:183} INFO - Processing /home/airflow/.local/lib/python3.12/site-packages/airflow/example_dags/example_latest_only.py took 0.061 seconds
[2026-09-15T21:10:09.387+0000] {processor.py:161} INFO - Started process (PID=1145) to work on /home/airflow/.local/lib/python3.12/site-packages/airflow/example_dags/example_latest_only.py
[2026-09-15T21:10:09.389+0000] {processor.py:830} INFO - Processing file /home/airflow/.local/lib/python3.12/site-packages/airflow/example_dags/example_latest_only.py for tasks to queue
[2026-09-15T21:10:09.391+0000] {logging_mixin.py:188} INFO - [2026-09-15T21:10:09.390+0000] {dagbag.py:545} INFO - Filling up the DagBag from /home/airflow/.local/lib/python3.12/site-packages/airflow/example_dags/example_latest_only.py
[2026-09-15T21:10:09.395+0000] {processor.py:840} INFO - DAG(s) 'latest_only' retrieved from /home/airflow/.local/lib/python3.12/site-packages/airflow/example_dags/example_latest_only.py
[2026-09-15T21:10:09.412+0000] {logging_mixin.py:188} INFO - [2026-09-15T21:10:09.411+0000] {dag.py:3089} INFO - Sync 1 DAGs
[2026-09-15T21:10:09.428+0000] {logging_mixin.py:188} INFO - [2026-09-15T21:10:09.428+0000] {dag.py:3947} INFO - Setting next_dagrun for latest_only to 2026-09-15 16:00:00+00:00, run_after=2026-09-15 20:00:00+00:00
[2026-09-15T21:10:09.443+0000] {processor.py:183} INFO - Processing /home/airflow/.local/lib/python3.12/site-packages/airflow/example_dags/example_latest_only.py took 0.060 seconds
[2026-09-15T21:10:40.428+0000] {processor.py:161} INFO - Started process (PID=1203) to work on /home/airflow/.local/lib/python3.12/site-packages/airflow/example_dags/example_latest_only.py
[2026-09-15T21:10:40.429+0000] {processor.py:830} INFO - Processing file /home/airflow/.local/lib/python3.12/site-packages/airflow/example_dags/example_latest_only.py for tasks to queue
[2026-09-15T21:10:40.430+0000] {logging_mixin.py:188} INFO - [2026-09-15T21:10:40.430+0000] {dagbag.py:545} INFO - Filling up the DagBag from /home/airflow/.local/lib/python3.12/site-packages/airflow/example_dags/example_latest_only.py
[2026-09-15T21:10:40.435+0000] {processor.py:840} INFO - DAG(s) 'latest_only' retrieved from /home/airflow/.local/lib/python3.12/site-packages/airflow/example_dags/example_latest_only.py
[2026-09-15T21:10:40.507+0000] {logging_mixin.py:188} INFO - [2026-09-15T21:10:40.507+0000] {dag.py:3089} INFO - Sync 1 DAGs
[2026-09-15T21:10:40.524+0000] {logging_mixin.py:188} INFO - [2026-09-15T21:10:40.523+0000] {dag.py:3947} INFO - Setting next_dagrun for latest_only to 2026-09-15 16:00:00+00:00, run_after=2026-09-15 20:00:00+00:00
[2026-09-15T21:10:40.538+0000] {processor.py:183} INFO - Processing /home/airflow/.local/lib/python3.12/site-packages/airflow/example_dags/example_latest_only.py took 0.115 seconds
[2026-09-15T21:11:11.074+0000] {processor.py:161} INFO - Started process (PID=1261) to work on /home/airflow/.local/lib/python3.12/site-packages/airflow/example_dags/example_latest_only.py
[2026-09-15T21:11:11.075+0000] {processor.py:830} INFO - Processing file /home/airflow/.local/lib/python3.12/site-packages/airflow/example_dags/example_latest_only.py for tasks to queue
[2026-09-15T21:11:11.077+0000] {logging_mixin.py:188} INFO - [2026-09-15T21:11:11.077+0000] {dagbag.py:545} INFO - Filling up the DagBag from /home/airflow/.local/lib/python3.12/site-packages/airflow/example_dags/example_latest_only.py
[2026-09-15T21:11:11.082+0000] {processor.py:840} INFO - DAG(s) 'latest_only' retrieved from /home/airflow/.local/lib/python3.12/site-packages/airflow/example_dags/example_latest_only.py
[2026-09-15T21:11:11.098+0000] {logging_mixin.py:188} INFO - [2026-09-15T21:11:11.098+0000] {dag.py:3089} INFO - Sync 1 DAGs
[2026-09-15T21:11:11.115+0000] {logging_mixin.py:188} INFO - [2026-09-15T21:11:11.114+0000] {dag.py:3947} INFO - Setting next_dagrun for latest_only to 2026-09-15 16:00:00+00:00, run_after=2026-09-15 20:00:00+00:00
[2026-09-15T21:11:11.129+0000] {processor.py:183} INFO - Processing /home/airflow/.local/lib/python3.12/site-packages/airflow/example_dags/example_latest_only.py took 0.059 seconds
[2026-09-15T21:11:41.359+0000] {processor.py:161} INFO - Started process (PID=1319) to work on /home/airflow/.local/lib/python3.12/site-packages/airflow/example_dags/example_latest_only.py
[2026-09-15T21:11:41.360+0000] {processor.py:830} INFO - Processing file /home/airflow/.local/lib/python3.12/site-packages/airflow/example_dags/example_latest_only.py for tasks to queue
[2026-09-15T21:11:41.362+0000] {logging_mixin.py:188} INFO - [2026-09-15T21:11:41.362+0000] {dagbag.py:545} INFO - Filling up the DagBag from /home/airflow/.local/lib/python3.12/site-packages/airflow/example_dags/example_latest_only.py
[2026-09-15T21:11:41.366+0000] {processor.py:840} INFO - DAG(s) 'latest_only' retrieved from /home/airflow/.local/lib/python3.12/site-packages/airflow/example_dags/example_latest_only.py
[2026-09-15T21:11:41.383+0000] {logging_mixin.py:188} INFO - [2026-09-15T21:11:41.382+0000] {dag.py:3089} INFO - Sync 1 DAGs
[2026-09-15T21:11:41.399+0000] {logging_mixin.py:188} INFO - [2026-09-15T21:11:41.399+0000] {dag.py:3947} INFO - Setting next_dagrun for latest_only to 2026-09-15 16:00:00+00:00, run_after=2026-09-15 20:00:00+00:00
[2026-09-15T21:11:41.414+0000] {processor.py:183} INFO - Processing /home/airflow/.local/lib/python3.12/site-packages/airflow/example_dags/example_latest_only.py took 0.059 seconds
[2026-09-15T21:12:11.661+0000] {processor.py:161} INFO - Started process (PID=1377) to work on /home/airflow/.local/lib/python3.12/site-packages/airflow/example_dags/example_latest_only.py
[2026-09-15T21:12:11.662+0000] {processor.py:830} INFO - Processing file /home/airflow/.local/lib/python3.12/site-packages/airflow/example_dags/example_latest_only.py for tasks to queue
[2026-09-15T21:12:11.664+0000] {logging_mixin.py:188} INFO - [2026-09-15T21:12:11.663+0000] {dagbag.py:545} INFO - Filling up the DagBag from /home/airflow/.local/lib/python3.12/site-packages/airflow/example_dags/example_latest_only.py
[2026-09-15T21:12:11.668+0000] {processor.py:840} INFO - DAG(s) 'latest_only' retrieved from /home/airflow/.local/lib/python3.12/site-packages/airflow/example_dags/example_latest_only.py
[2026-09-15T21:12:11.685+0000] {logging_mixin.py:188} INFO - [2026-09-15T21:12:11.685+0000] {dag.py:3089} INFO - Sync 1 DAGs
[2026-09-15T21:12:11.700+0000] {logging_mixin.py:188} INFO - [2026-09-15T21:12:11.700+0000] {dag.py:3947} INFO - Setting next_dagrun for latest_only to 2026-09-15 16:00:00+00:00, run_after=2026-09-15 20:00:00+00:00
[2026-09-15T21:12:11.715+0000] {processor.py:183} INFO - Processing /home/airflow/.local/lib/python3.12/site-packages/airflow/example_dags/example_latest_only.py took 0.059 seconds
[2026-09-15T21:12:41.945+0000] {processor.py:161} INFO - Started process (PID=1435) to work on /home/airflow/.local/lib/python3.12/site-packages/airflow/example_dags/example_latest_only.py
[2026-09-15T21:12:41.947+0000] {processor.py:830} INFO - Processing file /home/airflow/.local/lib/python3.12/site-packages/airflow/example_dags/example_latest_only.py for tasks to queue
[2026-09-15T21:12:41.948+0000] {logging_mixin.py:188} INFO - [2026-09-15T21:12:41.948+0000] {dagbag.py:545} INFO - Filling up the DagBag from /home/airflow/.local/lib/python3.12/site-packages/airflow/example_dags/example_latest_only.py
[2026-09-15T21:12:41.952+0000] {processor.py:840} INFO - DAG(s) 'latest_only' retrieved from /home/airflow/.local/lib/python3.12/site-packages/airflow/example_dags/example_latest_only.py
[2026-09-15T21:12:41.969+0000] {logging_mixin.py:188} INFO - [2026-09-15T21:12:41.969+0000] {dag.py:3089} INFO - Sync 1 DAGs
[2026-09-15T21:12:41.984+0000] {logging_mixin.py:188} INFO - [2026-09-15T21:12:41.984+0000] {dag.py:3947} INFO - Setting next_dagrun for latest_only to 2026-09-15 16:00:00+00:00, run_after=2026-09-15 20:00:00+00:00
[2026-09-15T21:12:41.999+0000] {processor.py:183} INFO - Processing /home/airflow/.local/lib/python3.12/site-packages/airflow/example_dags/example_latest_only.py took 0.058 seconds
[2026-09-15T21:13:12.182+0000] {processor.py:161} INFO - Started process (PID=1493) to work on /home/airflow/.local/lib/python3.12/site-packages/airflow/example_dags/example_latest_only.py
[2026-09-15T21:13:12.184+0000] {processor.py:830} INFO - Processing file /home/airflow/.local/lib/python3.12/site-packages/airflow/example_dags/example_latest_only.py for tasks to queue
[2026-09-15T21:13:12.186+0000] {logging_mixin.py:188} INFO - [2026-09-15T21:13:12.186+0000] {dagbag.py:545} INFO - Filling up the DagBag from /home/airflow/.local/lib/python3.12/site-packages/airflow/example_dags/example_latest_only.py
[2026-09-15T21:13:12.192+0000] {processor.py:840} INFO - DAG(s) 'latest_only' retrieved from /home/airflow/.local/lib/python3.12/site-packages/airflow/example_dags/example_latest_only.py
[2026-09-15T21:13:12.211+0000] {logging_mixin.py:188} INFO - [2026-09-15T21:13:12.211+0000] {dag.py:3089} INFO - Sync 1 DAGs
[2026-09-15T21:13:12.230+0000] {logging_mixin.py:188} INFO - [2026-09-15T21:13:12.230+0000] {dag.py:3947} INFO - Setting next_dagrun for latest_only to 2026-09-15 16:00:00+00:00, run_after=2026-09-15 20:00:00+00:00
[2026-09-15T21:13:12.248+0000] {processor.py:183} INFO - Processing /home/airflow/.local/lib/python3.12/site-packages/airflow/example_dags/example_latest_only.py took 0.071 seconds
[2026-09-15T21:13:42.492+0000] {processor.py:161} INFO - Started process (PID=1551) to work on /home/airflow/.local/lib/python3.12/site-packages/airflow/example_dags/example_latest_only.py
[2026-09-15T21:13:42.494+0000] {processor.py:830} INFO - Processing file /home/airflow/.local/lib/python3.12/site-packages/airflow/example_dags/example_latest_only.py for tasks to queue
[2026-09-15T21:13:42.496+0000] {logging_mixin.py:188} INFO - [2026-09-15T21:13:42.496+0000] {dagbag.py:545} INFO - Filling up the DagBag from /home/airflow/.local/lib/python3.12/site-packages/airflow/example_dags/example_latest_only.py
[2026-09-15T21:13:42.501+0000] {processor.py:840} INFO - DAG(s) 'latest_only' retrieved from /home/airflow/.local/lib/python3.12/site-packages/airflow/example_dags/example_latest_only.py
[2026-09-15T21:13:42.517+0000] {logging_mixin.py:188} INFO - [2026-09-15T21:13:42.517+0000] {dag.py:3089} INFO - Sync 1 DAGs
[2026-09-15T21:13:42.531+0000] {logging_mixin.py:188} INFO - [2026-09-15T21:13:42.531+0000] {dag.py:3947} INFO - Setting next_dagrun for latest_only to 2026-09-15 16:00:00+00:00, run_after=2026-09-15 20:00:00+00:00
[2026-09-15T21:13:42.546+0000] {processor.py:183} INFO - Processing /home/airflow/.local/lib/python3.12/site-packages/airflow/example_dags/example_latest_only.py took 0.058 seconds
[2026-09-15T21:14:13.373+0000] {processor.py:161} INFO - Started process (PID=1609) to work on /home/airflow/.local/lib/python3.12/site-packages/airflow/example_dags/example_latest_only.py
[2026-09-15T21:14:13.374+0000] {processor.py:830} INFO - Processing file /home/airflow/.local/lib/python3.12/site-packages/airflow/example_dags/example_latest_only.py for tasks to queue
[2026-09-15T21:14:13.376+0000] {logging_mixin.py:188} INFO - [2026-09-15T21:14:13.375+0000] {dagbag.py:545} INFO - Filling up the DagBag from /home/airflow/.local/lib/python3.12/site-packages/airflow/example_dags/example_latest_only.py
[2026-09-15T21:14:13.380+0000] {processor.py:840} INFO - DAG(s) 'latest_only' retrieved from /home/airflow/.local/lib/python3.12/site-packages/airflow/example_dags/example_latest_only.py
[2026-09-15T21:14:13.398+0000] {logging_mixin.py:188} INFO - [2026-09-15T21:14:13.398+0000] {dag.py:3089} INFO - Sync 1 DAGs
[2026-09-15T21:14:13.413+0000] {logging_mixin.py:188} INFO - [2026-09-15T21:14:13.413+0000] {dag.py:3947} INFO - Setting next_dagrun for latest_only to 2026-09-15 16:00:00+00:00, run_after=2026-09-15 20:00:00+00:00
[2026-09-15T21:14:13.426+0000] {processor.py:183} INFO - Processing /home/airflow/.local/lib/python3.12/site-packages/airflow/example_dags/example_latest_only.py took 0.057 seconds
[2026-09-15T21:14:43.597+0000] {processor.py:161} INFO - Started process (PID=1667) to work on /home/airflow/.local/lib/python3.12/site-packages/airflow/example_dags/example_latest_only.py
[2026-09-15T21:14:43.598+0000] {processor.py:830} INFO - Processing file /home/airflow/.local/lib/python3.12/site-packages/airflow/example_dags/example_latest_only.py for tasks to queue
[2026-09-15T21:14:43.601+0000] {logging_mixin.py:188} INFO - [2026-09-15T21:14:43.600+0000] {dagbag.py:545} INFO - Filling up the DagBag from /home/airflow/.local/lib/python3.12/site-packages/airflow/example_dags/example_latest_only.py
[2026-09-15T21:14:43.605+0000] {processor.py:840} INFO - DAG(s) 'latest_only' retrieved from /home/airflow/.local/lib/python3.12/site-packages/airflow/example_dags/example_latest_only.py
[2026-09-15T21:14:43.624+0000] {logging_mixin.py:188} INFO - [2026-09-15T21:14:43.624+0000] {dag.py:3089} INFO - Sync 1 DAGs
[2026-09-15T21:14:43.643+0000] {logging_mixin.py:188} INFO - [2026-09-15T21:14:43.643+0000] {dag.py:3947} INFO - Setting next_dagrun for latest_only to 2026-09-15 16:00:00+00:00, run_after=2026-09-15 20:00:00+00:00
[2026-09-15T21:14:43.662+0000] {processor.py:183} INFO - Processing /home/airflow/.local/lib/python3.12/site-packages/airflow/example_dags/example_latest_only.py took 0.071 seconds
[2026-09-15T21:15:13.992+0000] {processor.py:161} INFO - Started process (PID=1724) to work on /home/airflow/.local/lib/python3.12/site-packages/airflow/example_dags/example_latest_only.py
[2026-09-15T21:15:13.993+0000] {processor.py:830} INFO - Processing file /home/airflow/.local/lib/python3.12/site-packages/airflow/example_dags/example_latest_only.py for tasks to queue
[2026-09-15T21:15:13.995+0000] {logging_mixin.py:188} INFO - [2026-09-15T21:15:13.994+0000] {dagbag.py:545} INFO - Filling up the DagBag from /home/airflow/.local/lib/python3.12/site-packages/airflow/example_dags/example_latest_only.py
[2026-09-15T21:15:13.999+0000] {processor.py:840} INFO - DAG(s) 'latest_only' retrieved from /home/airflow/.local/lib/python3.12/site-packages/airflow/example_dags/example_latest_only.py
[2026-09-15T21:15:14.015+0000] {logging_mixin.py:188} INFO - [2026-09-15T21:15:14.015+0000] {dag.py:3089} INFO - Sync 1 DAGs
[2026-09-15T21:15:14.031+0000] {logging_mixin.py:188} INFO - [2026-09-15T21:15:14.031+0000] {dag.py:3947} INFO - Setting next_dagrun for latest_only to 2026-09-15 16:00:00+00:00, run_after=2026-09-15 20:00:00+00:00
[2026-09-15T21:15:14.043+0000] {processor.py:183} INFO - Processing /home/airflow/.local/lib/python3.12/site-packages/airflow/example_dags/example_latest_only.py took 0.056 seconds
[2026-09-15T21:15:44.847+0000] {processor.py:161} INFO - Started process (PID=1782) to work on /home/airflow/.local/lib/python3.12/site-packages/airflow/example_dags/example_latest_only.py
[2026-09-15T21:15:44.849+0000] {processor.py:830} INFO - Processing file /home/airflow/.local/lib/python3.12/site-packages/airflow/example_dags/example_latest_only.py for tasks to queue
[2026-09-15T21:15:44.851+0000] {logging_mixin.py:188} INFO - [2026-09-15T21:15:44.850+0000] {dagbag.py:545} INFO - Filling up the DagBag from /home/airflow/.local/lib/python3.12/site-packages/airflow/example_dags/example_latest_only.py
[2026-09-15T21:15:44.857+0000] {processor.py:840} INFO - DAG(s) 'latest_only' retrieved from /home/airflow/.local/lib/python3.12/site-packages/airflow/example_dags/example_latest_only.py
[2026-09-15T21:15:44.879+0000] {logging_mixin.py:188} INFO - [2026-09-15T21:15:44.878+0000] {dag.py:3089} INFO - Sync 1 DAGs
[2026-09-15T21:15:44.897+0000] {logging_mixin.py:188} INFO - [2026-09-15T21:15:44.897+0000] {dag.py:3947} INFO - Setting next_dagrun for latest_only to 2026-09-15 16:00:00+00:00, run_after=2026-09-15 20:00:00+00:00
[2026-09-15T21:15:44.916+0000] {processor.py:183} INFO - Processing /home/airflow/.local/lib/python3.12/site-packages/airflow/example_dags/example_latest_only.py took 0.074 seconds
[2026-09-15T21:16:15.299+0000] {processor.py:161} INFO - Started process (PID=1840) to work on /home/airflow/.local/lib/python3.12/site-packages/airflow/example_dags/example_latest_only.py
[2026-09-15T21:16:15.301+0000] {processor.py:830} INFO - Processing file /home/airflow/.local/lib/python3.12/site-packages/airflow/example_dags/example_latest_only.py for tasks to queue
[2026-09-15T21:16:15.304+0000] {logging_mixin.py:188} INFO - [2026-09-15T21:16:15.303+0000] {dagbag.py:545} INFO - Filling up the DagBag from /home/airflow/.local/lib/python3.12/site-packages/airflow/example_dags/example_latest_only.py
[2026-09-15T21:16:15.309+0000] {processor.py:840} INFO - DAG(s) 'latest_only' retrieved from /home/airflow/.local/lib/python3.12/site-packages/airflow/example_dags/example_latest_only.py
[2026-09-15T21:16:15.327+0000] {logging_mixin.py:188} INFO - [2026-09-15T21:16:15.327+0000] {dag.py:3089} INFO - Sync 1 DAGs
[2026-09-15T21:16:15.345+0000] {logging_mixin.py:188} INFO - [2026-09-15T21:16:15.345+0000] {dag.py:3947} INFO - Setting next_dagrun for latest_only to 2026-09-15 16:00:00+00:00, run_after=2026-09-15 20:00:00+00:00
[2026-09-15T21:16:15.522+0000] {processor.py:183} INFO - Processing /home/airflow/.local/lib/python3.12/site-packages/airflow/example_dags/example_latest_only.py took 0.227 seconds
[2026-09-15T21:17:36.784+0000] {processor.py:161} INFO - Started process (PID=93) to work on /home/airflow/.local/lib/python3.12/site-packages/airflow/example_dags/example_latest_only.py
[2026-09-15T21:17:36.785+0000] {processor.py:830} INFO - Processing file /home/airflow/.local/lib/python3.12/site-packages/airflow/example_dags/example_latest_only.py for tasks to queue
[2026-09-15T21:17:36.787+0000] {logging_mixin.py:188} INFO - [2026-09-15T21:17:36.787+0000] {dagbag.py:545} INFO - Filling up the DagBag from /home/airflow/.local/lib/python3.12/site-packages/airflow/example_dags/example_latest_only.py
[2026-09-15T21:17:36.792+0000] {processor.py:840} INFO - DAG(s) 'latest_only' retrieved from /home/airflow/.local/lib/python3.12/site-packages/airflow/example_dags/example_latest_only.py
[2026-09-15T21:17:36.806+0000] {logging_mixin.py:188} INFO - [2026-09-15T21:17:36.806+0000] {dag.py:3089} INFO - Sync 1 DAGs
[2026-09-15T21:17:36.826+0000] {logging_mixin.py:188} INFO - [2026-09-15T21:17:36.826+0000] {dag.py:3947} INFO - Setting next_dagrun for latest_only to 2026-09-15 16:00:00+00:00, run_after=2026-09-15 20:00:00+00:00
[2026-09-15T21:17:36.844+0000] {processor.py:183} INFO - Processing /home/airflow/.local/lib/python3.12/site-packages/airflow/example_dags/example_latest_only.py took 0.064 seconds
[2026-09-15T21:18:08.155+0000] {processor.py:161} INFO - Started process (PID=152) to work on /home/airflow/.local/lib/python3.12/site-packages/airflow/example_dags/example_latest_only.py
[2026-09-15T21:18:08.157+0000] {processor.py:830} INFO - Processing file /home/airflow/.local/lib/python3.12/site-packages/airflow/example_dags/example_latest_only.py for tasks to queue
[2026-09-15T21:18:08.159+0000] {logging_mixin.py:188} INFO - [2026-09-15T21:18:08.158+0000] {dagbag.py:545} INFO - Filling up the DagBag from /home/airflow/.local/lib/python3.12/site-packages/airflow/example_dags/example_latest_only.py
[2026-09-15T21:18:08.163+0000] {processor.py:840} INFO - DAG(s) 'latest_only' retrieved from /home/airflow/.local/lib/python3.12/site-packages/airflow/example_dags/example_latest_only.py
[2026-09-15T21:18:08.236+0000] {logging_mixin.py:188} INFO - [2026-09-15T21:18:08.236+0000] {dag.py:3089} INFO - Sync 1 DAGs
[2026-09-15T21:18:08.251+0000] {logging_mixin.py:188} INFO - [2026-09-15T21:18:08.251+0000] {dag.py:3947} INFO - Setting next_dagrun for latest_only to 2026-09-15 16:00:00+00:00, run_after=2026-09-15 20:00:00+00:00
[2026-09-15T21:18:08.270+0000] {processor.py:183} INFO - Processing /home/airflow/.local/lib/python3.12/site-packages/airflow/example_dags/example_latest_only.py took 0.119 seconds
[2026-09-15T21:18:38.468+0000] {processor.py:161} INFO - Started process (PID=210) to work on /home/airflow/.local/lib/python3.12/site-packages/airflow/example_dags/example_latest_only.py
[2026-09-15T21:18:38.469+0000] {processor.py:830} INFO - Processing file /home/airflow/.local/lib/python3.12/site-packages/airflow/example_dags/example_latest_only.py for tasks to queue
[2026-09-15T21:18:38.471+0000] {logging_mixin.py:188} INFO - [2026-09-15T21:18:38.471+0000] {dagbag.py:545} INFO - Filling up the DagBag from /home/airflow/.local/lib/python3.12/site-packages/airflow/example_dags/example_latest_only.py
[2026-09-15T21:18:38.475+0000] {processor.py:840} INFO - DAG(s) 'latest_only' retrieved from /home/airflow/.local/lib/python3.12/site-packages/airflow/example_dags/example_latest_only.py
[2026-09-15T21:18:38.494+0000] {logging_mixin.py:188} INFO - [2026-09-15T21:18:38.494+0000] {dag.py:3089} INFO - Sync 1 DAGs
[2026-09-15T21:18:38.512+0000] {logging_mixin.py:188} INFO - [2026-09-15T21:18:38.512+0000] {dag.py:3947} INFO - Setting next_dagrun for latest_only to 2026-09-15 16:00:00+00:00, run_after=2026-09-15 20:00:00+00:00
[2026-09-15T21:18:38.529+0000] {processor.py:183} INFO - Processing /home/airflow/.local/lib/python3.12/site-packages/airflow/example_dags/example_latest_only.py took 0.066 seconds
[2026-09-15T21:19:09.215+0000] {processor.py:161} INFO - Started process (PID=268) to work on /home/airflow/.local/lib/python3.12/site-packages/airflow/example_dags/example_latest_only.py
[2026-09-15T21:19:09.216+0000] {processor.py:830} INFO - Processing file /home/airflow/.local/lib/python3.12/site-packages/airflow/example_dags/example_latest_only.py for tasks to queue
[2026-09-15T21:19:09.218+0000] {logging_mixin.py:188} INFO - [2026-09-15T21:19:09.218+0000] {dagbag.py:545} INFO - Filling up the DagBag from /home/airflow/.local/lib/python3.12/site-packages/airflow/example_dags/example_latest_only.py
[2026-09-15T21:19:09.222+0000] {processor.py:840} INFO - DAG(s) 'latest_only' retrieved from /home/airflow/.local/lib/python3.12/site-packages/airflow/example_dags/example_latest_only.py
[2026-09-15T21:19:09.238+0000] {logging_mixin.py:188} INFO - [2026-09-15T21:19:09.238+0000] {dag.py:3089} INFO - Sync 1 DAGs
[2026-09-15T21:19:09.254+0000] {logging_mixin.py:188} INFO - [2026-09-15T21:19:09.254+0000] {dag.py:3947} INFO - Setting next_dagrun for latest_only to 2026-09-15 16:00:00+00:00, run_after=2026-09-15 20:00:00+00:00
[2026-09-15T21:19:09.270+0000] {processor.py:183} INFO - Processing /home/airflow/.local/lib/python3.12/site-packages/airflow/example_dags/example_latest_only.py took 0.059 seconds
[2026-09-15T21:19:39.957+0000] {processor.py:161} INFO - Started process (PID=326) to work on /home/airflow/.local/lib/python3.12/site-packages/airflow/example_dags/example_latest_only.py
[2026-09-15T21:19:39.958+0000] {processor.py:830} INFO - Processing file /home/airflow/.local/lib/python3.12/site-packages/airflow/example_dags/example_latest_only.py for tasks to queue
[2026-09-15T21:19:39.960+0000] {logging_mixin.py:188} INFO - [2026-09-15T21:19:39.960+0000] {dagbag.py:545} INFO - Filling up the DagBag from /home/airflow/.local/lib/python3.12/site-packages/airflow/example_dags/example_latest_only.py
[2026-09-15T21:19:39.964+0000] {processor.py:840} INFO - DAG(s) 'latest_only' retrieved from /home/airflow/.local/lib/python3.12/site-packages/airflow/example_dags/example_latest_only.py
[2026-09-15T21:19:39.980+0000] {logging_mixin.py:188} INFO - [2026-09-15T21:19:39.980+0000] {dag.py:3089} INFO - Sync 1 DAGs
[2026-09-15T21:19:39.996+0000] {logging_mixin.py:188} INFO - [2026-09-15T21:19:39.996+0000] {dag.py:3947} INFO - Setting next_dagrun for latest_only to 2026-09-15 16:00:00+00:00, run_after=2026-09-15 20:00:00+00:00
[2026-09-15T21:19:40.012+0000] {processor.py:183} INFO - Processing /home/airflow/.local/lib/python3.12/site-packages/airflow/example_dags/example_latest_only.py took 0.059 seconds
[2026-09-15T21:20:10.139+0000] {processor.py:161} INFO - Started process (PID=384) to work on /home/airflow/.local/lib/python3.12/site-packages/airflow/example_dags/example_latest_only.py
[2026-09-15T21:20:10.140+0000] {processor.py:830} INFO - Processing file /home/airflow/.local/lib/python3.12/site-packages/airflow/example_dags/example_latest_only.py for tasks to queue
[2026-09-15T21:20:10.142+0000] {logging_mixin.py:188} INFO - [2026-09-15T21:20:10.142+0000] {dagbag.py:545} INFO - Filling up the DagBag from /home/airflow/.local/lib/python3.12/site-packages/airflow/example_dags/example_latest_only.py
[2026-09-15T21:20:10.146+0000] {processor.py:840} INFO - DAG(s) 'latest_only' retrieved from /home/airflow/.local/lib/python3.12/site-packages/airflow/example_dags/example_latest_only.py
[2026-09-15T21:20:10.162+0000] {logging_mixin.py:188} INFO - [2026-09-15T21:20:10.161+0000] {dag.py:3089} INFO - Sync 1 DAGs
[2026-09-15T21:20:10.176+0000] {logging_mixin.py:188} INFO - [2026-09-15T21:20:10.176+0000] {dag.py:3947} INFO - Setting next_dagrun for latest_only to 2026-09-15 16:00:00+00:00, run_after=2026-09-15 20:00:00+00:00
[2026-09-15T21:20:10.190+0000] {processor.py:183} INFO - Processing /home/airflow/.local/lib/python3.12/site-packages/airflow/example_dags/example_latest_only.py took 0.055 seconds
[2026-09-15T21:20:40.384+0000] {processor.py:161} INFO - Started process (PID=442) to work on /home/airflow/.local/lib/python3.12/site-packages/airflow/example_dags/example_latest_only.py
[2026-09-15T21:20:40.385+0000] {processor.py:830} INFO - Processing file /home/airflow/.local/lib/python3.12/site-packages/airflow/example_dags/example_latest_only.py for tasks to queue
[2026-09-15T21:20:40.387+0000] {logging_mixin.py:188} INFO - [2026-09-15T21:20:40.387+0000] {dagbag.py:545} INFO - Filling up the DagBag from /home/airflow/.local/lib/python3.12/site-packages/airflow/example_dags/example_latest_only.py
[2026-09-15T21:20:40.391+0000] {processor.py:840} INFO - DAG(s) 'latest_only' retrieved from /home/airflow/.local/lib/python3.12/site-packages/airflow/example_dags/example_latest_only.py
[2026-09-15T21:20:40.409+0000] {logging_mixin.py:188} INFO - [2026-09-15T21:20:40.408+0000] {dag.py:3089} INFO - Sync 1 DAGs
[2026-09-15T21:20:40.425+0000] {logging_mixin.py:188} INFO - [2026-09-15T21:20:40.425+0000] {dag.py:3947} INFO - Setting next_dagrun for latest_only to 2026-09-15 16:00:00+00:00, run_after=2026-09-15 20:00:00+00:00
[2026-09-15T21:20:40.439+0000] {processor.py:183} INFO - Processing /home/airflow/.local/lib/python3.12/site-packages/airflow/example_dags/example_latest_only.py took 0.060 seconds
[2026-09-15T21:22:08.764+0000] {processor.py:161} INFO - Started process (PID=360) to work on /home/airflow/.local/lib/python3.12/site-packages/airflow/example_dags/example_latest_only.py
[2026-09-15T21:22:08.766+0000] {processor.py:830} INFO - Processing file /home/airflow/.local/lib/python3.12/site-packages/airflow/example_dags/example_latest_only.py for tasks to queue
[2026-09-15T21:22:08.768+0000] {logging_mixin.py:188} INFO - [2026-09-15T21:22:08.768+0000] {dagbag.py:545} INFO - Filling up the DagBag from /home/airflow/.local/lib/python3.12/site-packages/airflow/example_dags/example_latest_only.py
[2026-09-15T21:22:08.774+0000] {processor.py:840} INFO - DAG(s) 'latest_only' retrieved from /home/airflow/.local/lib/python3.12/site-packages/airflow/example_dags/example_latest_only.py
[2026-09-15T21:22:08.790+0000] {logging_mixin.py:188} INFO - [2026-09-15T21:22:08.789+0000] {dag.py:3089} INFO - Sync 1 DAGs
[2026-09-15T21:22:08.816+0000] {logging_mixin.py:188} INFO - [2026-09-15T21:22:08.816+0000] {dag.py:3947} INFO - Setting next_dagrun for latest_only to 2026-09-15 16:00:00+00:00, run_after=2026-09-15 20:00:00+00:00
[2026-09-15T21:22:08.840+0000] {processor.py:183} INFO - Processing /home/airflow/.local/lib/python3.12/site-packages/airflow/example_dags/example_latest_only.py took 0.080 seconds
[2026-09-15T21:22:40.378+0000] {processor.py:161} INFO - Started process (PID=628) to work on /home/airflow/.local/lib/python3.12/site-packages/airflow/example_dags/example_latest_only.py
[2026-09-15T21:22:40.379+0000] {processor.py:830} INFO - Processing file /home/airflow/.local/lib/python3.12/site-packages/airflow/example_dags/example_latest_only.py for tasks to queue
[2026-09-15T21:22:40.381+0000] {logging_mixin.py:188} INFO - [2026-09-15T21:22:40.380+0000] {dagbag.py:545} INFO - Filling up the DagBag from /home/airflow/.local/lib/python3.12/site-packages/airflow/example_dags/example_latest_only.py
[2026-09-15T21:22:40.385+0000] {processor.py:840} INFO - DAG(s) 'latest_only' retrieved from /home/airflow/.local/lib/python3.12/site-packages/airflow/example_dags/example_latest_only.py
[2026-09-15T21:22:40.463+0000] {logging_mixin.py:188} INFO - [2026-09-15T21:22:40.463+0000] {dag.py:3089} INFO - Sync 1 DAGs
[2026-09-15T21:22:40.479+0000] {logging_mixin.py:188} INFO - [2026-09-15T21:22:40.479+0000] {dag.py:3947} INFO - Setting next_dagrun for latest_only to 2026-09-15 16:00:00+00:00, run_after=2026-09-15 20:00:00+00:00
[2026-09-15T21:22:40.494+0000] {processor.py:183} INFO - Processing /home/airflow/.local/lib/python3.12/site-packages/airflow/example_dags/example_latest_only.py took 0.121 seconds
[2026-09-15T21:23:10.598+0000] {processor.py:161} INFO - Started process (PID=888) to work on /home/airflow/.local/lib/python3.12/site-packages/airflow/example_dags/example_latest_only.py
[2026-09-15T21:23:10.599+0000] {processor.py:830} INFO - Processing file /home/airflow/.local/lib/python3.12/site-packages/airflow/example_dags/example_latest_only.py for tasks to queue
[2026-09-15T21:23:10.601+0000] {logging_mixin.py:188} INFO - [2026-09-15T21:23:10.601+0000] {dagbag.py:545} INFO - Filling up the DagBag from /home/airflow/.local/lib/python3.12/site-packages/airflow/example_dags/example_latest_only.py
[2026-09-15T21:23:10.605+0000] {processor.py:840} INFO - DAG(s) 'latest_only' retrieved from /home/airflow/.local/lib/python3.12/site-packages/airflow/example_dags/example_latest_only.py
[2026-09-15T21:23:10.621+0000] {logging_mixin.py:188} INFO - [2026-09-15T21:23:10.621+0000] {dag.py:3089} INFO - Sync 1 DAGs
[2026-09-15T21:23:10.639+0000] {logging_mixin.py:188} INFO - [2026-09-15T21:23:10.639+0000] {dag.py:3947} INFO - Setting next_dagrun for latest_only to 2026-09-15 16:00:00+00:00, run_after=2026-09-15 20:00:00+00:00
[2026-09-15T21:23:10.655+0000] {processor.py:183} INFO - Processing /home/airflow/.local/lib/python3.12/site-packages/airflow/example_dags/example_latest_only.py took 0.062 seconds
[2026-09-15T21:23:40.771+0000] {processor.py:161} INFO - Started process (PID=1150) to work on /home/airflow/.local/lib/python3.12/site-packages/airflow/example_dags/example_latest_only.py
[2026-09-15T21:23:40.772+0000] {processor.py:830} INFO - Processing file /home/airflow/.local/lib/python3.12/site-packages/airflow/example_dags/example_latest_only.py for tasks to queue
[2026-09-15T21:23:40.774+0000] {logging_mixin.py:188} INFO - [2026-09-15T21:23:40.774+0000] {dagbag.py:545} INFO - Filling up the DagBag from /home/airflow/.local/lib/python3.12/site-packages/airflow/example_dags/example_latest_only.py
[2026-09-15T21:23:40.778+0000] {processor.py:840} INFO - DAG(s) 'latest_only' retrieved from /home/airflow/.local/lib/python3.12/site-packages/airflow/example_dags/example_latest_only.py
[2026-09-15T21:23:40.794+0000] {logging_mixin.py:188} INFO - [2026-09-15T21:23:40.793+0000] {dag.py:3089} INFO - Sync 1 DAGs
[2026-09-15T21:23:40.808+0000] {logging_mixin.py:188} INFO - [2026-09-15T21:23:40.808+0000] {dag.py:3947} INFO - Setting next_dagrun for latest_only to 2026-09-15 16:00:00+00:00, run_after=2026-09-15 20:00:00+00:00
[2026-09-15T21:23:40.822+0000] {processor.py:183} INFO - Processing /home/airflow/.local/lib/python3.12/site-packages/airflow/example_dags/example_latest_only.py took 0.056 seconds
[2026-09-15T21:24:10.954+0000] {processor.py:161} INFO - Started process (PID=1412) to work on /home/airflow/.local/lib/python3.12/site-packages/airflow/example_dags/example_latest_only.py
[2026-09-15T21:24:10.955+0000] {processor.py:830} INFO - Processing file /home/airflow/.local/lib/python3.12/site-packages/airflow/example_dags/example_latest_only.py for tasks to queue
[2026-09-15T21:24:10.957+0000] {logging_mixin.py:188} INFO - [2026-09-15T21:24:10.957+0000] {dagbag.py:545} INFO - Filling up the DagBag from /home/airflow/.local/lib/python3.12/site-packages/airflow/example_dags/example_latest_only.py
[2026-09-15T21:24:10.962+0000] {processor.py:840} INFO - DAG(s) 'latest_only' retrieved from /home/airflow/.local/lib/python3.12/site-packages/airflow/example_dags/example_latest_only.py
[2026-09-15T21:24:10.978+0000] {logging_mixin.py:188} INFO - [2026-09-15T21:24:10.977+0000] {dag.py:3089} INFO - Sync 1 DAGs
[2026-09-15T21:24:10.993+0000] {logging_mixin.py:188} INFO - [2026-09-15T21:24:10.993+0000] {dag.py:3947} INFO - Setting next_dagrun for latest_only to 2026-09-15 16:00:00+00:00, run_after=2026-09-15 20:00:00+00:00
[2026-09-15T21:24:11.008+0000] {processor.py:183} INFO - Processing /home/airflow/.local/lib/python3.12/site-packages/airflow/example_dags/example_latest_only.py took 0.057 seconds
[2026-09-15T21:24:41.164+0000] {processor.py:161} INFO - Started process (PID=1674) to work on /home/airflow/.local/lib/python3.12/site-packages/airflow/example_dags/example_latest_only.py
[2026-09-15T21:24:41.166+0000] {processor.py:830} INFO - Processing file /home/airflow/.local/lib/python3.12/site-packages/airflow/example_dags/example_latest_only.py for tasks to queue
[2026-09-15T21:24:41.168+0000] {logging_mixin.py:188} INFO - [2026-09-15T21:24:41.167+0000] {dagbag.py:545} INFO - Filling up the DagBag from /home/airflow/.local/lib/python3.12/site-packages/airflow/example_dags/example_latest_only.py
[2026-09-15T21:24:41.173+0000] {processor.py:840} INFO - DAG(s) 'latest_only' retrieved from /home/airflow/.local/lib/python3.12/site-packages/airflow/example_dags/example_latest_only.py
[2026-09-15T21:24:41.192+0000] {logging_mixin.py:188} INFO - [2026-09-15T21:24:41.191+0000] {dag.py:3089} INFO - Sync 1 DAGs
[2026-09-15T21:24:41.209+0000] {logging_mixin.py:188} INFO - [2026-09-15T21:24:41.208+0000] {dag.py:3947} INFO - Setting next_dagrun for latest_only to 2026-09-15 16:00:00+00:00, run_after=2026-09-15 20:00:00+00:00
[2026-09-15T21:24:41.223+0000] {processor.py:183} INFO - Processing /home/airflow/.local/lib/python3.12/site-packages/airflow/example_dags/example_latest_only.py took 0.065 seconds
[2026-09-15T21:25:11.387+0000] {processor.py:161} INFO - Started process (PID=1936) to work on /home/airflow/.local/lib/python3.12/site-packages/airflow/example_dags/example_latest_only.py
[2026-09-15T21:25:11.388+0000] {processor.py:830} INFO - Processing file /home/airflow/.local/lib/python3.12/site-packages/airflow/example_dags/example_latest_only.py for tasks to queue
[2026-09-15T21:25:11.390+0000] {logging_mixin.py:188} INFO - [2026-09-15T21:25:11.389+0000] {dagbag.py:545} INFO - Filling up the DagBag from /home/airflow/.local/lib/python3.12/site-packages/airflow/example_dags/example_latest_only.py
[2026-09-15T21:25:11.394+0000] {processor.py:840} INFO - DAG(s) 'latest_only' retrieved from /home/airflow/.local/lib/python3.12/site-packages/airflow/example_dags/example_latest_only.py
[2026-09-15T21:25:11.409+0000] {logging_mixin.py:188} INFO - [2026-09-15T21:25:11.409+0000] {dag.py:3089} INFO - Sync 1 DAGs
[2026-09-15T21:25:11.425+0000] {logging_mixin.py:188} INFO - [2026-09-15T21:25:11.425+0000] {dag.py:3947} INFO - Setting next_dagrun for latest_only to 2026-09-15 16:00:00+00:00, run_after=2026-09-15 20:00:00+00:00
[2026-09-15T21:25:11.440+0000] {processor.py:183} INFO - Processing /home/airflow/.local/lib/python3.12/site-packages/airflow/example_dags/example_latest_only.py took 0.058 seconds
[2026-09-15T21:25:41.856+0000] {processor.py:161} INFO - Started process (PID=2200) to work on /home/airflow/.local/lib/python3.12/site-packages/airflow/example_dags/example_latest_only.py
[2026-09-15T21:25:41.857+0000] {processor.py:830} INFO - Processing file /home/airflow/.local/lib/python3.12/site-packages/airflow/example_dags/example_latest_only.py for tasks to queue
[2026-09-15T21:25:41.859+0000] {logging_mixin.py:188} INFO - [2026-09-15T21:25:41.859+0000] {dagbag.py:545} INFO - Filling up the DagBag from /home/airflow/.local/lib/python3.12/site-packages/airflow/example_dags/example_latest_only.py
[2026-09-15T21:25:41.863+0000] {processor.py:840} INFO - DAG(s) 'latest_only' retrieved from /home/airflow/.local/lib/python3.12/site-packages/airflow/example_dags/example_latest_only.py
[2026-09-15T21:25:41.881+0000] {logging_mixin.py:188} INFO - [2026-09-15T21:25:41.880+0000] {dag.py:3089} INFO - Sync 1 DAGs
[2026-09-15T21:25:41.897+0000] {logging_mixin.py:188} INFO - [2026-09-15T21:25:41.897+0000] {dag.py:3947} INFO - Setting next_dagrun for latest_only to 2026-09-15 16:00:00+00:00, run_after=2026-09-15 20:00:00+00:00
[2026-09-15T21:25:41.912+0000] {processor.py:183} INFO - Processing /home/airflow/.local/lib/python3.12/site-packages/airflow/example_dags/example_latest_only.py took 0.060 seconds
[2026-09-15T21:26:12.067+0000] {processor.py:161} INFO - Started process (PID=2462) to work on /home/airflow/.local/lib/python3.12/site-packages/airflow/example_dags/example_latest_only.py
[2026-09-15T21:26:12.068+0000] {processor.py:830} INFO - Processing file /home/airflow/.local/lib/python3.12/site-packages/airflow/example_dags/example_latest_only.py for tasks to queue
[2026-09-15T21:26:12.070+0000] {logging_mixin.py:188} INFO - [2026-09-15T21:26:12.070+0000] {dagbag.py:545} INFO - Filling up the DagBag from /home/airflow/.local/lib/python3.12/site-packages/airflow/example_dags/example_latest_only.py
[2026-09-15T21:26:12.074+0000] {processor.py:840} INFO - DAG(s) 'latest_only' retrieved from /home/airflow/.local/lib/python3.12/site-packages/airflow/example_dags/example_latest_only.py
[2026-09-15T21:26:12.090+0000] {logging_mixin.py:188} INFO - [2026-09-15T21:26:12.090+0000] {dag.py:3089} INFO - Sync 1 DAGs
[2026-09-15T21:26:12.106+0000] {logging_mixin.py:188} INFO - [2026-09-15T21:26:12.105+0000] {dag.py:3947} INFO - Setting next_dagrun for latest_only to 2026-09-15 16:00:00+00:00, run_after=2026-09-15 20:00:00+00:00
[2026-09-15T21:26:12.120+0000] {processor.py:183} INFO - Processing /home/airflow/.local/lib/python3.12/site-packages/airflow/example_dags/example_latest_only.py took 0.057 seconds
[2026-09-15T21:26:42.186+0000] {processor.py:161} INFO - Started process (PID=2724) to work on /home/airflow/.local/lib/python3.12/site-packages/airflow/example_dags/example_latest_only.py
[2026-09-15T21:26:42.187+0000] {processor.py:830} INFO - Processing file /home/airflow/.local/lib/python3.12/site-packages/airflow/example_dags/example_latest_only.py for tasks to queue
[2026-09-15T21:26:42.189+0000] {logging_mixin.py:188} INFO - [2026-09-15T21:26:42.189+0000] {dagbag.py:545} INFO - Filling up the DagBag from /home/airflow/.local/lib/python3.12/site-packages/airflow/example_dags/example_latest_only.py
[2026-09-15T21:26:42.193+0000] {processor.py:840} INFO - DAG(s) 'latest_only' retrieved from /home/airflow/.local/lib/python3.12/site-packages/airflow/example_dags/example_latest_only.py
[2026-09-15T21:26:42.210+0000] {logging_mixin.py:188} INFO - [2026-09-15T21:26:42.209+0000] {dag.py:3089} INFO - Sync 1 DAGs
[2026-09-15T21:26:42.225+0000] {logging_mixin.py:188} INFO - [2026-09-15T21:26:42.225+0000] {dag.py:3947} INFO - Setting next_dagrun for latest_only to 2026-09-15 16:00:00+00:00, run_after=2026-09-15 20:00:00+00:00
[2026-09-15T21:26:42.240+0000] {processor.py:183} INFO - Processing /home/airflow/.local/lib/python3.12/site-packages/airflow/example_dags/example_latest_only.py took 0.057 seconds
[2026-09-15T21:27:12.293+0000] {processor.py:161} INFO - Started process (PID=2986) to work on /home/airflow/.local/lib/python3.12/site-packages/airflow/example_dags/example_latest_only.py
[2026-09-15T21:27:12.294+0000] {processor.py:830} INFO - Processing file /home/airflow/.local/lib/python3.12/site-packages/airflow/example_dags/example_latest_only.py for tasks to queue
[2026-09-15T21:27:12.296+0000] {logging_mixin.py:188} INFO - [2026-09-15T21:27:12.295+0000] {dagbag.py:545} INFO - Filling up the DagBag from /home/airflow/.local/lib/python3.12/site-packages/airflow/example_dags/example_latest_only.py
[2026-09-15T21:27:12.300+0000] {processor.py:840} INFO - DAG(s) 'latest_only' retrieved from /home/airflow/.local/lib/python3.12/site-packages/airflow/example_dags/example_latest_only.py
[2026-09-15T21:27:12.318+0000] {logging_mixin.py:188} INFO - [2026-09-15T21:27:12.318+0000] {dag.py:3089} INFO - Sync 1 DAGs
[2026-09-15T21:27:12.333+0000] {logging_mixin.py:188} INFO - [2026-09-15T21:27:12.333+0000] {dag.py:3947} INFO - Setting next_dagrun for latest_only to 2026-09-15 16:00:00+00:00, run_after=2026-09-15 20:00:00+00:00
[2026-09-15T21:27:12.347+0000] {processor.py:183} INFO - Processing /home/airflow/.local/lib/python3.12/site-packages/airflow/example_dags/example_latest_only.py took 0.058 seconds
[2026-09-15T21:27:42.520+0000] {processor.py:161} INFO - Started process (PID=3246) to work on /home/airflow/.local/lib/python3.12/site-packages/airflow/example_dags/example_latest_only.py
[2026-09-15T21:27:42.521+0000] {processor.py:830} INFO - Processing file /home/airflow/.local/lib/python3.12/site-packages/airflow/example_dags/example_latest_only.py for tasks to queue
[2026-09-15T21:27:42.523+0000] {logging_mixin.py:188} INFO - [2026-09-15T21:27:42.523+0000] {dagbag.py:545} INFO - Filling up the DagBag from /home/airflow/.local/lib/python3.12/site-packages/airflow/example_dags/example_latest_only.py
[2026-09-15T21:27:42.527+0000] {processor.py:840} INFO - DAG(s) 'latest_only' retrieved from /home/airflow/.local/lib/python3.12/site-packages/airflow/example_dags/example_latest_only.py
[2026-09-15T21:27:42.543+0000] {logging_mixin.py:188} INFO - [2026-09-15T21:27:42.542+0000] {dag.py:3089} INFO - Sync 1 DAGs
[2026-09-15T21:27:42.558+0000] {logging_mixin.py:188} INFO - [2026-09-15T21:27:42.558+0000] {dag.py:3947} INFO - Setting next_dagrun for latest_only to 2026-09-15 16:00:00+00:00, run_after=2026-09-15 20:00:00+00:00
[2026-09-15T21:27:42.572+0000] {processor.py:183} INFO - Processing /home/airflow/.local/lib/python3.12/site-packages/airflow/example_dags/example_latest_only.py took 0.055 seconds
[2026-09-15T21:28:13.146+0000] {processor.py:161} INFO - Started process (PID=3508) to work on /home/airflow/.local/lib/python3.12/site-packages/airflow/example_dags/example_latest_only.py
[2026-09-15T21:28:13.147+0000] {processor.py:830} INFO - Processing file /home/airflow/.local/lib/python3.12/site-packages/airflow/example_dags/example_latest_only.py for tasks to queue
[2026-09-15T21:28:13.149+0000] {logging_mixin.py:188} INFO - [2026-09-15T21:28:13.149+0000] {dagbag.py:545} INFO - Filling up the DagBag from /home/airflow/.local/lib/python3.12/site-packages/airflow/example_dags/example_latest_only.py
[2026-09-15T21:28:13.154+0000] {processor.py:840} INFO - DAG(s) 'latest_only' retrieved from /home/airflow/.local/lib/python3.12/site-packages/airflow/example_dags/example_latest_only.py
[2026-09-15T21:28:13.172+0000] {logging_mixin.py:188} INFO - [2026-09-15T21:28:13.172+0000] {dag.py:3089} INFO - Sync 1 DAGs
[2026-09-15T21:28:13.191+0000] {logging_mixin.py:188} INFO - [2026-09-15T21:28:13.191+0000] {dag.py:3947} INFO - Setting next_dagrun for latest_only to 2026-09-15 16:00:00+00:00, run_after=2026-09-15 20:00:00+00:00
[2026-09-15T21:28:13.207+0000] {processor.py:183} INFO - Processing /home/airflow/.local/lib/python3.12/site-packages/airflow/example_dags/example_latest_only.py took 0.066 seconds
[2026-09-15T21:28:44.076+0000] {processor.py:161} INFO - Started process (PID=3770) to work on /home/airflow/.local/lib/python3.12/site-packages/airflow/example_dags/example_latest_only.py
[2026-09-15T21:28:44.077+0000] {processor.py:830} INFO - Processing file /home/airflow/.local/lib/python3.12/site-packages/airflow/example_dags/example_latest_only.py for tasks to queue
[2026-09-15T21:28:44.079+0000] {logging_mixin.py:188} INFO - [2026-09-15T21:28:44.078+0000] {dagbag.py:545} INFO - Filling up the DagBag from /home/airflow/.local/lib/python3.12/site-packages/airflow/example_dags/example_latest_only.py
[2026-09-15T21:28:44.083+0000] {processor.py:840} INFO - DAG(s) 'latest_only' retrieved from /home/airflow/.local/lib/python3.12/site-packages/airflow/example_dags/example_latest_only.py
[2026-09-15T21:28:44.098+0000] {logging_mixin.py:188} INFO - [2026-09-15T21:28:44.098+0000] {dag.py:3089} INFO - Sync 1 DAGs
[2026-09-15T21:28:44.114+0000] {logging_mixin.py:188} INFO - [2026-09-15T21:28:44.113+0000] {dag.py:3947} INFO - Setting next_dagrun for latest_only to 2026-09-15 16:00:00+00:00, run_after=2026-09-15 20:00:00+00:00
[2026-09-15T21:28:44.128+0000] {processor.py:183} INFO - Processing /home/airflow/.local/lib/python3.12/site-packages/airflow/example_dags/example_latest_only.py took 0.056 seconds
[2026-09-15T21:29:14.257+0000] {processor.py:161} INFO - Started process (PID=4032) to work on /home/airflow/.local/lib/python3.12/site-packages/airflow/example_dags/example_latest_only.py
[2026-09-15T21:29:14.258+0000] {processor.py:830} INFO - Processing file /home/airflow/.local/lib/python3.12/site-packages/airflow/example_dags/example_latest_only.py for tasks to queue
[2026-09-15T21:29:14.260+0000] {logging_mixin.py:188} INFO - [2026-09-15T21:29:14.260+0000] {dagbag.py:545} INFO - Filling up the DagBag from /home/airflow/.local/lib/python3.12/site-packages/airflow/example_dags/example_latest_only.py
[2026-09-15T21:29:14.264+0000] {processor.py:840} INFO - DAG(s) 'latest_only' retrieved from /home/airflow/.local/lib/python3.12/site-packages/airflow/example_dags/example_latest_only.py
[2026-09-15T21:29:14.280+0000] {logging_mixin.py:188} INFO - [2026-09-15T21:29:14.280+0000] {dag.py:3089} INFO - Sync 1 DAGs
[2026-09-15T21:29:14.295+0000] {logging_mixin.py:188} INFO - [2026-09-15T21:29:14.295+0000] {dag.py:3947} INFO - Setting next_dagrun for latest_only to 2026-09-15 16:00:00+00:00, run_after=2026-09-15 20:00:00+00:00
[2026-09-15T21:29:14.310+0000] {processor.py:183} INFO - Processing /home/airflow/.local/lib/python3.12/site-packages/airflow/example_dags/example_latest_only.py took 0.058 seconds
[2026-09-15T21:29:44.780+0000] {processor.py:161} INFO - Started process (PID=4301) to work on /home/airflow/.local/lib/python3.12/site-packages/airflow/example_dags/example_latest_only.py
[2026-09-15T21:29:44.782+0000] {processor.py:830} INFO - Processing file /home/airflow/.local/lib/python3.12/site-packages/airflow/example_dags/example_latest_only.py for tasks to queue
[2026-09-15T21:29:44.783+0000] {logging_mixin.py:188} INFO - [2026-09-15T21:29:44.783+0000] {dagbag.py:545} INFO - Filling up the DagBag from /home/airflow/.local/lib/python3.12/site-packages/airflow/example_dags/example_latest_only.py
[2026-09-15T21:29:44.788+0000] {processor.py:840} INFO - DAG(s) 'latest_only' retrieved from /home/airflow/.local/lib/python3.12/site-packages/airflow/example_dags/example_latest_only.py
[2026-09-15T21:29:44.805+0000] {logging_mixin.py:188} INFO - [2026-09-15T21:29:44.805+0000] {dag.py:3089} INFO - Sync 1 DAGs
[2026-09-15T21:29:44.822+0000] {logging_mixin.py:188} INFO - [2026-09-15T21:29:44.822+0000] {dag.py:3947} INFO - Setting next_dagrun for latest_only to 2026-09-15 16:00:00+00:00, run_after=2026-09-15 20:00:00+00:00
[2026-09-15T21:29:44.838+0000] {processor.py:183} INFO - Processing /home/airflow/.local/lib/python3.12/site-packages/airflow/example_dags/example_latest_only.py took 0.062 seconds
[2026-09-15T21:30:14.931+0000] {processor.py:161} INFO - Started process (PID=4561) to work on /home/airflow/.local/lib/python3.12/site-packages/airflow/example_dags/example_latest_only.py
[2026-09-15T21:30:14.932+0000] {processor.py:830} INFO - Processing file /home/airflow/.local/lib/python3.12/site-packages/airflow/example_dags/example_latest_only.py for tasks to queue
[2026-09-15T21:30:14.934+0000] {logging_mixin.py:188} INFO - [2026-09-15T21:30:14.934+0000] {dagbag.py:545} INFO - Filling up the DagBag from /home/airflow/.local/lib/python3.12/site-packages/airflow/example_dags/example_latest_only.py
[2026-09-15T21:30:14.939+0000] {processor.py:840} INFO - DAG(s) 'latest_only' retrieved from /home/airflow/.local/lib/python3.12/site-packages/airflow/example_dags/example_latest_only.py
[2026-09-15T21:30:14.958+0000] {logging_mixin.py:188} INFO - [2026-09-15T21:30:14.957+0000] {dag.py:3089} INFO - Sync 1 DAGs
[2026-09-15T21:30:14.976+0000] {logging_mixin.py:188} INFO - [2026-09-15T21:30:14.975+0000] {dag.py:3947} INFO - Setting next_dagrun for latest_only to 2026-09-15 16:00:00+00:00, run_after=2026-09-15 20:00:00+00:00
[2026-09-15T21:30:14.991+0000] {processor.py:183} INFO - Processing /home/airflow/.local/lib/python3.12/site-packages/airflow/example_dags/example_latest_only.py took 0.065 seconds
[2026-09-15T21:30:45.669+0000] {processor.py:161} INFO - Started process (PID=4828) to work on /home/airflow/.local/lib/python3.12/site-packages/airflow/example_dags/example_latest_only.py
[2026-09-15T21:30:45.670+0000] {processor.py:830} INFO - Processing file /home/airflow/.local/lib/python3.12/site-packages/airflow/example_dags/example_latest_only.py for tasks to queue
[2026-09-15T21:30:45.672+0000] {logging_mixin.py:188} INFO - [2026-09-15T21:30:45.672+0000] {dagbag.py:545} INFO - Filling up the DagBag from /home/airflow/.local/lib/python3.12/site-packages/airflow/example_dags/example_latest_only.py
[2026-09-15T21:30:45.676+0000] {processor.py:840} INFO - DAG(s) 'latest_only' retrieved from /home/airflow/.local/lib/python3.12/site-packages/airflow/example_dags/example_latest_only.py
[2026-09-15T21:30:45.692+0000] {logging_mixin.py:188} INFO - [2026-09-15T21:30:45.692+0000] {dag.py:3089} INFO - Sync 1 DAGs
[2026-09-15T21:30:45.709+0000] {logging_mixin.py:188} INFO - [2026-09-15T21:30:45.709+0000] {dag.py:3947} INFO - Setting next_dagrun for latest_only to 2026-09-15 16:00:00+00:00, run_after=2026-09-15 20:00:00+00:00
[2026-09-15T21:30:45.724+0000] {processor.py:183} INFO - Processing /home/airflow/.local/lib/python3.12/site-packages/airflow/example_dags/example_latest_only.py took 0.058 seconds
[2026-09-15T21:31:16.225+0000] {processor.py:161} INFO - Started process (PID=5090) to work on /home/airflow/.local/lib/python3.12/site-packages/airflow/example_dags/example_latest_only.py
[2026-09-15T21:31:16.227+0000] {processor.py:830} INFO - Processing file /home/airflow/.local/lib/python3.12/site-packages/airflow/example_dags/example_latest_only.py for tasks to queue
[2026-09-15T21:31:16.229+0000] {logging_mixin.py:188} INFO - [2026-09-15T21:31:16.228+0000] {dagbag.py:545} INFO - Filling up the DagBag from /home/airflow/.local/lib/python3.12/site-packages/airflow/example_dags/example_latest_only.py
[2026-09-15T21:31:16.234+0000] {processor.py:840} INFO - DAG(s) 'latest_only' retrieved from /home/airflow/.local/lib/python3.12/site-packages/airflow/example_dags/example_latest_only.py
[2026-09-15T21:31:16.253+0000] {logging_mixin.py:188} INFO - [2026-09-15T21:31:16.253+0000] {dag.py:3089} INFO - Sync 1 DAGs
[2026-09-15T21:31:16.272+0000] {logging_mixin.py:188} INFO - [2026-09-15T21:31:16.272+0000] {dag.py:3947} INFO - Setting next_dagrun for latest_only to 2026-09-15 16:00:00+00:00, run_after=2026-09-15 20:00:00+00:00
[2026-09-15T21:31:16.289+0000] {processor.py:183} INFO - Processing /home/airflow/.local/lib/python3.12/site-packages/airflow/example_dags/example_latest_only.py took 0.069 seconds
[2026-09-15T21:31:46.978+0000] {processor.py:161} INFO - Started process (PID=5352) to work on /home/airflow/.local/lib/python3.12/site-packages/airflow/example_dags/example_latest_only.py
[2026-09-15T21:31:46.979+0000] {processor.py:830} INFO - Processing file /home/airflow/.local/lib/python3.12/site-packages/airflow/example_dags/example_latest_only.py for tasks to queue
[2026-09-15T21:31:46.981+0000] {logging_mixin.py:188} INFO - [2026-09-15T21:31:46.980+0000] {dagbag.py:545} INFO - Filling up the DagBag from /home/airflow/.local/lib/python3.12/site-packages/airflow/example_dags/example_latest_only.py
[2026-09-15T21:31:46.985+0000] {processor.py:840} INFO - DAG(s) 'latest_only' retrieved from /home/airflow/.local/lib/python3.12/site-packages/airflow/example_dags/example_latest_only.py
[2026-09-15T21:31:47.001+0000] {logging_mixin.py:188} INFO - [2026-09-15T21:31:47.001+0000] {dag.py:3089} INFO - Sync 1 DAGs
[2026-09-15T21:31:47.016+0000] {logging_mixin.py:188} INFO - [2026-09-15T21:31:47.016+0000] {dag.py:3947} INFO - Setting next_dagrun for latest_only to 2026-09-15 16:00:00+00:00, run_after=2026-09-15 20:00:00+00:00
[2026-09-15T21:31:47.030+0000] {processor.py:183} INFO - Processing /home/airflow/.local/lib/python3.12/site-packages/airflow/example_dags/example_latest_only.py took 0.057 seconds
[2026-09-15T21:32:18.079+0000] {processor.py:161} INFO - Started process (PID=5616) to work on /home/airflow/.local/lib/python3.12/site-packages/airflow/example_dags/example_latest_only.py
[2026-09-15T21:32:18.081+0000] {processor.py:830} INFO - Processing file /home/airflow/.local/lib/python3.12/site-packages/airflow/example_dags/example_latest_only.py for tasks to queue
[2026-09-15T21:32:18.082+0000] {logging_mixin.py:188} INFO - [2026-09-15T21:32:18.082+0000] {dagbag.py:545} INFO - Filling up the DagBag from /home/airflow/.local/lib/python3.12/site-packages/airflow/example_dags/example_latest_only.py
[2026-09-15T21:32:18.087+0000] {processor.py:840} INFO - DAG(s) 'latest_only' retrieved from /home/airflow/.local/lib/python3.12/site-packages/airflow/example_dags/example_latest_only.py
[2026-09-15T21:32:18.104+0000] {logging_mixin.py:188} INFO - [2026-09-15T21:32:18.104+0000] {dag.py:3089} INFO - Sync 1 DAGs
[2026-09-15T21:32:18.120+0000] {logging_mixin.py:188} INFO - [2026-09-15T21:32:18.119+0000] {dag.py:3947} INFO - Setting next_dagrun for latest_only to 2026-09-15 16:00:00+00:00, run_after=2026-09-15 20:00:00+00:00
[2026-09-15T21:32:18.137+0000] {processor.py:183} INFO - Processing /home/airflow/.local/lib/python3.12/site-packages/airflow/example_dags/example_latest_only.py took 0.062 seconds
[2026-09-15T21:32:48.291+0000] {processor.py:161} INFO - Started process (PID=5876) to work on /home/airflow/.local/lib/python3.12/site-packages/airflow/example_dags/example_latest_only.py
[2026-09-15T21:32:48.293+0000] {processor.py:830} INFO - Processing file /home/airflow/.local/lib/python3.12/site-packages/airflow/example_dags/example_latest_only.py for tasks to queue
[2026-09-15T21:32:48.295+0000] {logging_mixin.py:188} INFO - [2026-09-15T21:32:48.295+0000] {dagbag.py:545} INFO - Filling up the DagBag from /home/airflow/.local/lib/python3.12/site-packages/airflow/example_dags/example_latest_only.py
[2026-09-15T21:32:48.299+0000] {processor.py:840} INFO - DAG(s) 'latest_only' retrieved from /home/airflow/.local/lib/python3.12/site-packages/airflow/example_dags/example_latest_only.py
[2026-09-15T21:32:48.318+0000] {logging_mixin.py:188} INFO - [2026-09-15T21:32:48.318+0000] {dag.py:3089} INFO - Sync 1 DAGs
[2026-09-15T21:32:48.338+0000] {logging_mixin.py:188} INFO - [2026-09-15T21:32:48.337+0000] {dag.py:3947} INFO - Setting next_dagrun for latest_only to 2026-09-15 16:00:00+00:00, run_after=2026-09-15 20:00:00+00:00
[2026-09-15T21:32:48.356+0000] {processor.py:183} INFO - Processing /home/airflow/.local/lib/python3.12/site-packages/airflow/example_dags/example_latest_only.py took 0.069 seconds
[2026-09-15T21:33:19.486+0000] {processor.py:161} INFO - Started process (PID=6140) to work on /home/airflow/.local/lib/python3.12/site-packages/airflow/example_dags/example_latest_only.py
[2026-09-15T21:33:19.487+0000] {processor.py:830} INFO - Processing file /home/airflow/.local/lib/python3.12/site-packages/airflow/example_dags/example_latest_only.py for tasks to queue
[2026-09-15T21:33:19.489+0000] {logging_mixin.py:188} INFO - [2026-09-15T21:33:19.489+0000] {dagbag.py:545} INFO - Filling up the DagBag from /home/airflow/.local/lib/python3.12/site-packages/airflow/example_dags/example_latest_only.py
[2026-09-15T21:33:19.493+0000] {processor.py:840} INFO - DAG(s) 'latest_only' retrieved from /home/airflow/.local/lib/python3.12/site-packages/airflow/example_dags/example_latest_only.py
[2026-09-15T21:33:19.510+0000] {logging_mixin.py:188} INFO - [2026-09-15T21:33:19.510+0000] {dag.py:3089} INFO - Sync 1 DAGs
[2026-09-15T21:33:19.530+0000] {logging_mixin.py:188} INFO - [2026-09-15T21:33:19.530+0000] {dag.py:3947} INFO - Setting next_dagrun for latest_only to 2026-09-15 16:00:00+00:00, run_after=2026-09-15 20:00:00+00:00
[2026-09-15T21:33:19.546+0000] {processor.py:183} INFO - Processing /home/airflow/.local/lib/python3.12/site-packages/airflow/example_dags/example_latest_only.py took 0.064 seconds
[2026-09-15T21:33:50.559+0000] {processor.py:161} INFO - Started process (PID=6404) to work on /home/airflow/.local/lib/python3.12/site-packages/airflow/example_dags/example_latest_only.py
[2026-09-15T21:33:50.560+0000] {processor.py:830} INFO - Processing file /home/airflow/.local/lib/python3.12/site-packages/airflow/example_dags/example_latest_only.py for tasks to queue
[2026-09-15T21:33:50.562+0000] {logging_mixin.py:188} INFO - [2026-09-15T21:33:50.561+0000] {dagbag.py:545} INFO - Filling up the DagBag from /home/airflow/.local/lib/python3.12/site-packages/airflow/example_dags/example_latest_only.py
[2026-09-15T21:33:50.566+0000] {processor.py:840} INFO - DAG(s) 'latest_only' retrieved from /home/airflow/.local/lib/python3.12/site-packages/airflow/example_dags/example_latest_only.py
[2026-09-15T21:33:50.582+0000] {logging_mixin.py:188} INFO - [2026-09-15T21:33:50.582+0000] {dag.py:3089} INFO - Sync 1 DAGs
[2026-09-15T21:33:50.599+0000] {logging_mixin.py:188} INFO - [2026-09-15T21:33:50.599+0000] {dag.py:3947} INFO - Setting next_dagrun for latest_only to 2026-09-15 16:00:00+00:00, run_after=2026-09-15 20:00:00+00:00
[2026-09-15T21:33:50.613+0000] {processor.py:183} INFO - Processing /home/airflow/.local/lib/python3.12/site-packages/airflow/example_dags/example_latest_only.py took 0.059 seconds
[2026-09-15T21:34:20.859+0000] {processor.py:161} INFO - Started process (PID=6666) to work on /home/airflow/.local/lib/python3.12/site-packages/airflow/example_dags/example_latest_only.py
[2026-09-15T21:34:20.861+0000] {processor.py:830} INFO - Processing file /home/airflow/.local/lib/python3.12/site-packages/airflow/example_dags/example_latest_only.py for tasks to queue
[2026-09-15T21:34:20.863+0000] {logging_mixin.py:188} INFO - [2026-09-15T21:34:20.863+0000] {dagbag.py:545} INFO - Filling up the DagBag from /home/airflow/.local/lib/python3.12/site-packages/airflow/example_dags/example_latest_only.py
[2026-09-15T21:34:20.868+0000] {processor.py:840} INFO - DAG(s) 'latest_only' retrieved from /home/airflow/.local/lib/python3.12/site-packages/airflow/example_dags/example_latest_only.py
[2026-09-15T21:34:20.886+0000] {logging_mixin.py:188} INFO - [2026-09-15T21:34:20.885+0000] {dag.py:3089} INFO - Sync 1 DAGs
[2026-09-15T21:34:20.904+0000] {logging_mixin.py:188} INFO - [2026-09-15T21:34:20.904+0000] {dag.py:3947} INFO - Setting next_dagrun for latest_only to 2026-09-15 16:00:00+00:00, run_after=2026-09-15 20:00:00+00:00
[2026-09-15T21:34:20.920+0000] {processor.py:183} INFO - Processing /home/airflow/.local/lib/python3.12/site-packages/airflow/example_dags/example_latest_only.py took 0.067 seconds
[2026-09-15T21:34:51.236+0000] {processor.py:161} INFO - Started process (PID=6928) to work on /home/airflow/.local/lib/python3.12/site-packages/airflow/example_dags/example_latest_only.py
[2026-09-15T21:34:51.237+0000] {processor.py:830} INFO - Processing file /home/airflow/.local/lib/python3.12/site-packages/airflow/example_dags/example_latest_only.py for tasks to queue
[2026-09-15T21:34:51.239+0000] {logging_mixin.py:188} INFO - [2026-09-15T21:34:51.239+0000] {dagbag.py:545} INFO - Filling up the DagBag from /home/airflow/.local/lib/python3.12/site-packages/airflow/example_dags/example_latest_only.py
[2026-09-15T21:34:51.243+0000] {processor.py:840} INFO - DAG(s) 'latest_only' retrieved from /home/airflow/.local/lib/python3.12/site-packages/airflow/example_dags/example_latest_only.py
[2026-09-15T21:34:51.260+0000] {logging_mixin.py:188} INFO - [2026-09-15T21:34:51.259+0000] {dag.py:3089} INFO - Sync 1 DAGs
[2026-09-15T21:34:51.276+0000] {logging_mixin.py:188} INFO - [2026-09-15T21:34:51.276+0000] {dag.py:3947} INFO - Setting next_dagrun for latest_only to 2026-09-15 16:00:00+00:00, run_after=2026-09-15 20:00:00+00:00
[2026-09-15T21:34:51.293+0000] {processor.py:183} INFO - Processing /home/airflow/.local/lib/python3.12/site-packages/airflow/example_dags/example_latest_only.py took 0.061 seconds
[2026-09-15T21:35:21.597+0000] {processor.py:161} INFO - Started process (PID=7194) to work on /home/airflow/.local/lib/python3.12/site-packages/airflow/example_dags/example_latest_only.py
[2026-09-15T21:35:21.598+0000] {processor.py:830} INFO - Processing file /home/airflow/.local/lib/python3.12/site-packages/airflow/example_dags/example_latest_only.py for tasks to queue
[2026-09-15T21:35:21.600+0000] {logging_mixin.py:188} INFO - [2026-09-15T21:35:21.600+0000] {dagbag.py:545} INFO - Filling up the DagBag from /home/airflow/.local/lib/python3.12/site-packages/airflow/example_dags/example_latest_only.py
[2026-09-15T21:35:21.604+0000] {processor.py:840} INFO - DAG(s) 'latest_only' retrieved from /home/airflow/.local/lib/python3.12/site-packages/airflow/example_dags/example_latest_only.py
[2026-09-15T21:35:21.620+0000] {logging_mixin.py:188} INFO - [2026-09-15T21:35:21.620+0000] {dag.py:3089} INFO - Sync 1 DAGs
[2026-09-15T21:35:21.634+0000] {logging_mixin.py:188} INFO - [2026-09-15T21:35:21.634+0000] {dag.py:3947} INFO - Setting next_dagrun for latest_only to 2026-09-15 16:00:00+00:00, run_after=2026-09-15 20:00:00+00:00
[2026-09-15T21:35:21.648+0000] {processor.py:183} INFO - Processing /home/airflow/.local/lib/python3.12/site-packages/airflow/example_dags/example_latest_only.py took 0.055 seconds
[2026-09-15T21:35:51.808+0000] {processor.py:161} INFO - Started process (PID=7456) to work on /home/airflow/.local/lib/python3.12/site-packages/airflow/example_dags/example_latest_only.py
[2026-09-15T21:35:51.809+0000] {processor.py:830} INFO - Processing file /home/airflow/.local/lib/python3.12/site-packages/airflow/example_dags/example_latest_only.py for tasks to queue
[2026-09-15T21:35:51.810+0000] {logging_mixin.py:188} INFO - [2026-09-15T21:35:51.810+0000] {dagbag.py:545} INFO - Filling up the DagBag from /home/airflow/.local/lib/python3.12/site-packages/airflow/example_dags/example_latest_only.py
[2026-09-15T21:35:51.814+0000] {processor.py:840} INFO - DAG(s) 'latest_only' retrieved from /home/airflow/.local/lib/python3.12/site-packages/airflow/example_dags/example_latest_only.py
[2026-09-15T21:35:51.831+0000] {logging_mixin.py:188} INFO - [2026-09-15T21:35:51.830+0000] {dag.py:3089} INFO - Sync 1 DAGs
[2026-09-15T21:35:51.846+0000] {logging_mixin.py:188} INFO - [2026-09-15T21:35:51.846+0000] {dag.py:3947} INFO - Setting next_dagrun for latest_only to 2026-09-15 16:00:00+00:00, run_after=2026-09-15 20:00:00+00:00
[2026-09-15T21:35:51.861+0000] {processor.py:183} INFO - Processing /home/airflow/.local/lib/python3.12/site-packages/airflow/example_dags/example_latest_only.py took 0.057 seconds
[2026-09-15T21:36:22.097+0000] {processor.py:161} INFO - Started process (PID=7718) to work on /home/airflow/.local/lib/python3.12/site-packages/airflow/example_dags/example_latest_only.py
[2026-09-15T21:36:22.098+0000] {processor.py:830} INFO - Processing file /home/airflow/.local/lib/python3.12/site-packages/airflow/example_dags/example_latest_only.py for tasks to queue
[2026-09-15T21:36:22.100+0000] {logging_mixin.py:188} INFO - [2026-09-15T21:36:22.100+0000] {dagbag.py:545} INFO - Filling up the DagBag from /home/airflow/.local/lib/python3.12/site-packages/airflow/example_dags/example_latest_only.py
[2026-09-15T21:36:22.104+0000] {processor.py:840} INFO - DAG(s) 'latest_only' retrieved from /home/airflow/.local/lib/python3.12/site-packages/airflow/example_dags/example_latest_only.py
[2026-09-15T21:36:22.121+0000] {logging_mixin.py:188} INFO - [2026-09-15T21:36:22.120+0000] {dag.py:3089} INFO - Sync 1 DAGs
[2026-09-15T21:36:22.136+0000] {logging_mixin.py:188} INFO - [2026-09-15T21:36:22.136+0000] {dag.py:3947} INFO - Setting next_dagrun for latest_only to 2026-09-15 16:00:00+00:00, run_after=2026-09-15 20:00:00+00:00
[2026-09-15T21:36:22.154+0000] {processor.py:183} INFO - Processing /home/airflow/.local/lib/python3.12/site-packages/airflow/example_dags/example_latest_only.py took 0.061 seconds
[2026-09-15T21:36:52.455+0000] {processor.py:161} INFO - Started process (PID=7980) to work on /home/airflow/.local/lib/python3.12/site-packages/airflow/example_dags/example_latest_only.py
[2026-09-15T21:36:52.456+0000] {processor.py:830} INFO - Processing file /home/airflow/.local/lib/python3.12/site-packages/airflow/example_dags/example_latest_only.py for tasks to queue
[2026-09-15T21:36:52.457+0000] {logging_mixin.py:188} INFO - [2026-09-15T21:36:52.457+0000] {dagbag.py:545} INFO - Filling up the DagBag from /home/airflow/.local/lib/python3.12/site-packages/airflow/example_dags/example_latest_only.py
[2026-09-15T21:36:52.461+0000] {processor.py:840} INFO - DAG(s) 'latest_only' retrieved from /home/airflow/.local/lib/python3.12/site-packages/airflow/example_dags/example_latest_only.py
[2026-09-15T21:36:52.477+0000] {logging_mixin.py:188} INFO - [2026-09-15T21:36:52.477+0000] {dag.py:3089} INFO - Sync 1 DAGs
[2026-09-15T21:36:52.492+0000] {logging_mixin.py:188} INFO - [2026-09-15T21:36:52.492+0000] {dag.py:3947} INFO - Setting next_dagrun for latest_only to 2026-09-15 16:00:00+00:00, run_after=2026-09-15 20:00:00+00:00
[2026-09-15T21:36:52.506+0000] {processor.py:183} INFO - Processing /home/airflow/.local/lib/python3.12/site-packages/airflow/example_dags/example_latest_only.py took 0.055 seconds
[2026-09-15T21:37:23.460+0000] {processor.py:161} INFO - Started process (PID=8242) to work on /home/airflow/.local/lib/python3.12/site-packages/airflow/example_dags/example_latest_only.py
[2026-09-15T21:37:23.461+0000] {processor.py:830} INFO - Processing file /home/airflow/.local/lib/python3.12/site-packages/airflow/example_dags/example_latest_only.py for tasks to queue
[2026-09-15T21:37:23.463+0000] {logging_mixin.py:188} INFO - [2026-09-15T21:37:23.463+0000] {dagbag.py:545} INFO - Filling up the DagBag from /home/airflow/.local/lib/python3.12/site-packages/airflow/example_dags/example_latest_only.py
[2026-09-15T21:37:23.468+0000] {processor.py:840} INFO - DAG(s) 'latest_only' retrieved from /home/airflow/.local/lib/python3.12/site-packages/airflow/example_dags/example_latest_only.py
[2026-09-15T21:37:23.486+0000] {logging_mixin.py:188} INFO - [2026-09-15T21:37:23.485+0000] {dag.py:3089} INFO - Sync 1 DAGs
[2026-09-15T21:37:23.504+0000] {logging_mixin.py:188} INFO - [2026-09-15T21:37:23.504+0000] {dag.py:3947} INFO - Setting next_dagrun for latest_only to 2026-09-15 16:00:00+00:00, run_after=2026-09-15 20:00:00+00:00
[2026-09-15T21:37:23.519+0000] {processor.py:183} INFO - Processing /home/airflow/.local/lib/python3.12/site-packages/airflow/example_dags/example_latest_only.py took 0.064 seconds
[2026-09-15T21:37:53.963+0000] {processor.py:161} INFO - Started process (PID=8504) to work on /home/airflow/.local/lib/python3.12/site-packages/airflow/example_dags/example_latest_only.py
[2026-09-15T21:37:53.964+0000] {processor.py:830} INFO - Processing file /home/airflow/.local/lib/python3.12/site-packages/airflow/example_dags/example_latest_only.py for tasks to queue
[2026-09-15T21:37:53.967+0000] {logging_mixin.py:188} INFO - [2026-09-15T21:37:53.967+0000] {dagbag.py:545} INFO - Filling up the DagBag from /home/airflow/.local/lib/python3.12/site-packages/airflow/example_dags/example_latest_only.py
[2026-09-15T21:37:53.973+0000] {processor.py:840} INFO - DAG(s) 'latest_only' retrieved from /home/airflow/.local/lib/python3.12/site-packages/airflow/example_dags/example_latest_only.py
[2026-09-15T21:37:54.004+0000] {logging_mixin.py:188} INFO - [2026-09-15T21:37:54.003+0000] {dag.py:3089} INFO - Sync 1 DAGs
[2026-09-15T21:37:54.036+0000] {logging_mixin.py:188} INFO - [2026-09-15T21:37:54.036+0000] {dag.py:3947} INFO - Setting next_dagrun for latest_only to 2026-09-15 16:00:00+00:00, run_after=2026-09-15 20:00:00+00:00
[2026-09-15T21:37:54.068+0000] {processor.py:183} INFO - Processing /home/airflow/.local/lib/python3.12/site-packages/airflow/example_dags/example_latest_only.py took 0.111 seconds
[2026-09-15T21:38:24.177+0000] {processor.py:161} INFO - Started process (PID=8761) to work on /home/airflow/.local/lib/python3.12/site-packages/airflow/example_dags/example_latest_only.py
[2026-09-15T21:38:24.179+0000] {processor.py:830} INFO - Processing file /home/airflow/.local/lib/python3.12/site-packages/airflow/example_dags/example_latest_only.py for tasks to queue
[2026-09-15T21:38:24.181+0000] {logging_mixin.py:188} INFO - [2026-09-15T21:38:24.181+0000] {dagbag.py:545} INFO - Filling up the DagBag from /home/airflow/.local/lib/python3.12/site-packages/airflow/example_dags/example_latest_only.py
[2026-09-15T21:38:24.188+0000] {processor.py:840} INFO - DAG(s) 'latest_only' retrieved from /home/airflow/.local/lib/python3.12/site-packages/airflow/example_dags/example_latest_only.py
[2026-09-15T21:38:24.210+0000] {logging_mixin.py:188} INFO - [2026-09-15T21:38:24.210+0000] {dag.py:3089} INFO - Sync 1 DAGs
[2026-09-15T21:38:24.230+0000] {logging_mixin.py:188} INFO - [2026-09-15T21:38:24.230+0000] {dag.py:3947} INFO - Setting next_dagrun for latest_only to 2026-09-15 16:00:00+00:00, run_after=2026-09-15 20:00:00+00:00
[2026-09-15T21:38:24.246+0000] {processor.py:183} INFO - Processing /home/airflow/.local/lib/python3.12/site-packages/airflow/example_dags/example_latest_only.py took 0.076 seconds
[2026-09-15T21:38:54.483+0000] {processor.py:161} INFO - Started process (PID=9052) to work on /home/airflow/.local/lib/python3.12/site-packages/airflow/example_dags/example_latest_only.py
[2026-09-15T21:38:54.484+0000] {processor.py:830} INFO - Processing file /home/airflow/.local/lib/python3.12/site-packages/airflow/example_dags/example_latest_only.py for tasks to queue
[2026-09-15T21:38:54.485+0000] {logging_mixin.py:188} INFO - [2026-09-15T21:38:54.485+0000] {dagbag.py:545} INFO - Filling up the DagBag from /home/airflow/.local/lib/python3.12/site-packages/airflow/example_dags/example_latest_only.py
[2026-09-15T21:38:54.489+0000] {processor.py:840} INFO - DAG(s) 'latest_only' retrieved from /home/airflow/.local/lib/python3.12/site-packages/airflow/example_dags/example_latest_only.py
[2026-09-15T21:38:54.505+0000] {logging_mixin.py:188} INFO - [2026-09-15T21:38:54.505+0000] {dag.py:3089} INFO - Sync 1 DAGs
[2026-09-15T21:38:54.520+0000] {logging_mixin.py:188} INFO - [2026-09-15T21:38:54.519+0000] {dag.py:3947} INFO - Setting next_dagrun for latest_only to 2026-09-15 16:00:00+00:00, run_after=2026-09-15 20:00:00+00:00
[2026-09-15T21:38:54.537+0000] {processor.py:183} INFO - Processing /home/airflow/.local/lib/python3.12/site-packages/airflow/example_dags/example_latest_only.py took 0.057 seconds
[2026-09-15T21:39:24.760+0000] {processor.py:161} INFO - Started process (PID=9314) to work on /home/airflow/.local/lib/python3.12/site-packages/airflow/example_dags/example_latest_only.py
[2026-09-15T21:39:24.762+0000] {processor.py:830} INFO - Processing file /home/airflow/.local/lib/python3.12/site-packages/airflow/example_dags/example_latest_only.py for tasks to queue
[2026-09-15T21:39:24.764+0000] {logging_mixin.py:188} INFO - [2026-09-15T21:39:24.764+0000] {dagbag.py:545} INFO - Filling up the DagBag from /home/airflow/.local/lib/python3.12/site-packages/airflow/example_dags/example_latest_only.py
[2026-09-15T21:39:24.769+0000] {processor.py:840} INFO - DAG(s) 'latest_only' retrieved from /home/airflow/.local/lib/python3.12/site-packages/airflow/example_dags/example_latest_only.py
[2026-09-15T21:39:24.791+0000] {logging_mixin.py:188} INFO - [2026-09-15T21:39:24.790+0000] {dag.py:3089} INFO - Sync 1 DAGs
[2026-09-15T21:39:24.813+0000] {logging_mixin.py:188} INFO - [2026-09-15T21:39:24.813+0000] {dag.py:3947} INFO - Setting next_dagrun for latest_only to 2026-09-15 16:00:00+00:00, run_after=2026-09-15 20:00:00+00:00
[2026-09-15T21:39:24.835+0000] {processor.py:183} INFO - Processing /home/airflow/.local/lib/python3.12/site-packages/airflow/example_dags/example_latest_only.py took 0.080 seconds
[2026-09-15T21:39:54.894+0000] {processor.py:161} INFO - Started process (PID=9576) to work on /home/airflow/.local/lib/python3.12/site-packages/airflow/example_dags/example_latest_only.py
[2026-09-15T21:39:54.895+0000] {processor.py:830} INFO - Processing file /home/airflow/.local/lib/python3.12/site-packages/airflow/example_dags/example_latest_only.py for tasks to queue
[2026-09-15T21:39:54.897+0000] {logging_mixin.py:188} INFO - [2026-09-15T21:39:54.897+0000] {dagbag.py:545} INFO - Filling up the DagBag from /home/airflow/.local/lib/python3.12/site-packages/airflow/example_dags/example_latest_only.py
[2026-09-15T21:39:54.901+0000] {processor.py:840} INFO - DAG(s) 'latest_only' retrieved from /home/airflow/.local/lib/python3.12/site-packages/airflow/example_dags/example_latest_only.py
[2026-09-15T21:39:54.920+0000] {logging_mixin.py:188} INFO - [2026-09-15T21:39:54.920+0000] {dag.py:3089} INFO - Sync 1 DAGs
[2026-09-15T21:39:54.937+0000] {logging_mixin.py:188} INFO - [2026-09-15T21:39:54.937+0000] {dag.py:3947} INFO - Setting next_dagrun for latest_only to 2026-09-15 16:00:00+00:00, run_after=2026-09-15 20:00:00+00:00
[2026-09-15T21:39:54.956+0000] {processor.py:183} INFO - Processing /home/airflow/.local/lib/python3.12/site-packages/airflow/example_dags/example_latest_only.py took 0.066 seconds
[2026-09-15T21:40:25.068+0000] {processor.py:161} INFO - Started process (PID=9838) to work on /home/airflow/.local/lib/python3.12/site-packages/airflow/example_dags/example_latest_only.py
[2026-09-15T21:40:25.069+0000] {processor.py:830} INFO - Processing file /home/airflow/.local/lib/python3.12/site-packages/airflow/example_dags/example_latest_only.py for tasks to queue
[2026-09-15T21:40:25.071+0000] {logging_mixin.py:188} INFO - [2026-09-15T21:40:25.071+0000] {dagbag.py:545} INFO - Filling up the DagBag from /home/airflow/.local/lib/python3.12/site-packages/airflow/example_dags/example_latest_only.py
[2026-09-15T21:40:25.074+0000] {processor.py:840} INFO - DAG(s) 'latest_only' retrieved from /home/airflow/.local/lib/python3.12/site-packages/airflow/example_dags/example_latest_only.py
[2026-09-15T21:40:25.091+0000] {logging_mixin.py:188} INFO - [2026-09-15T21:40:25.091+0000] {dag.py:3089} INFO - Sync 1 DAGs
[2026-09-15T21:40:25.107+0000] {logging_mixin.py:188} INFO - [2026-09-15T21:40:25.107+0000] {dag.py:3947} INFO - Setting next_dagrun for latest_only to 2026-09-15 16:00:00+00:00, run_after=2026-09-15 20:00:00+00:00
[2026-09-15T21:40:25.122+0000] {processor.py:183} INFO - Processing /home/airflow/.local/lib/python3.12/site-packages/airflow/example_dags/example_latest_only.py took 0.057 seconds
[2026-09-15T21:40:55.771+0000] {processor.py:161} INFO - Started process (PID=10100) to work on /home/airflow/.local/lib/python3.12/site-packages/airflow/example_dags/example_latest_only.py
[2026-09-15T21:40:55.772+0000] {processor.py:830} INFO - Processing file /home/airflow/.local/lib/python3.12/site-packages/airflow/example_dags/example_latest_only.py for tasks to queue
[2026-09-15T21:40:55.774+0000] {logging_mixin.py:188} INFO - [2026-09-15T21:40:55.774+0000] {dagbag.py:545} INFO - Filling up the DagBag from /home/airflow/.local/lib/python3.12/site-packages/airflow/example_dags/example_latest_only.py
[2026-09-15T21:40:55.778+0000] {processor.py:840} INFO - DAG(s) 'latest_only' retrieved from /home/airflow/.local/lib/python3.12/site-packages/airflow/example_dags/example_latest_only.py
[2026-09-15T21:40:55.793+0000] {logging_mixin.py:188} INFO - [2026-09-15T21:40:55.793+0000] {dag.py:3089} INFO - Sync 1 DAGs
[2026-09-15T21:40:55.809+0000] {logging_mixin.py:188} INFO - [2026-09-15T21:40:55.809+0000] {dag.py:3947} INFO - Setting next_dagrun for latest_only to 2026-09-15 16:00:00+00:00, run_after=2026-09-15 20:00:00+00:00
[2026-09-15T21:40:55.825+0000] {processor.py:183} INFO - Processing /home/airflow/.local/lib/python3.12/site-packages/airflow/example_dags/example_latest_only.py took 0.057 seconds
[2026-09-15T21:41:26.776+0000] {processor.py:161} INFO - Started process (PID=10362) to work on /home/airflow/.local/lib/python3.12/site-packages/airflow/example_dags/example_latest_only.py
[2026-09-15T21:41:26.778+0000] {processor.py:830} INFO - Processing file /home/airflow/.local/lib/python3.12/site-packages/airflow/example_dags/example_latest_only.py for tasks to queue
[2026-09-15T21:41:26.779+0000] {logging_mixin.py:188} INFO - [2026-09-15T21:41:26.779+0000] {dagbag.py:545} INFO - Filling up the DagBag from /home/airflow/.local/lib/python3.12/site-packages/airflow/example_dags/example_latest_only.py
[2026-09-15T21:41:26.783+0000] {processor.py:840} INFO - DAG(s) 'latest_only' retrieved from /home/airflow/.local/lib/python3.12/site-packages/airflow/example_dags/example_latest_only.py
[2026-09-15T21:41:26.803+0000] {logging_mixin.py:188} INFO - [2026-09-15T21:41:26.802+0000] {dag.py:3089} INFO - Sync 1 DAGs
[2026-09-15T21:41:26.822+0000] {logging_mixin.py:188} INFO - [2026-09-15T21:41:26.822+0000] {dag.py:3947} INFO - Setting next_dagrun for latest_only to 2026-09-15 16:00:00+00:00, run_after=2026-09-15 20:00:00+00:00
[2026-09-15T21:41:26.841+0000] {processor.py:183} INFO - Processing /home/airflow/.local/lib/python3.12/site-packages/airflow/example_dags/example_latest_only.py took 0.068 seconds
[2026-09-15T21:41:57.326+0000] {processor.py:161} INFO - Started process (PID=10624) to work on /home/airflow/.local/lib/python3.12/site-packages/airflow/example_dags/example_latest_only.py
[2026-09-15T21:41:57.327+0000] {processor.py:830} INFO - Processing file /home/airflow/.local/lib/python3.12/site-packages/airflow/example_dags/example_latest_only.py for tasks to queue
[2026-09-15T21:41:57.328+0000] {logging_mixin.py:188} INFO - [2026-09-15T21:41:57.328+0000] {dagbag.py:545} INFO - Filling up the DagBag from /home/airflow/.local/lib/python3.12/site-packages/airflow/example_dags/example_latest_only.py
[2026-09-15T21:41:57.332+0000] {processor.py:840} INFO - DAG(s) 'latest_only' retrieved from /home/airflow/.local/lib/python3.12/site-packages/airflow/example_dags/example_latest_only.py
[2026-09-15T21:41:57.350+0000] {logging_mixin.py:188} INFO - [2026-09-15T21:41:57.350+0000] {dag.py:3089} INFO - Sync 1 DAGs
[2026-09-15T21:41:57.498+0000] {logging_mixin.py:188} INFO - [2026-09-15T21:41:57.498+0000] {dag.py:3947} INFO - Setting next_dagrun for latest_only to 2026-09-15 16:00:00+00:00, run_after=2026-09-15 20:00:00+00:00
[2026-09-15T21:41:57.514+0000] {processor.py:183} INFO - Processing /home/airflow/.local/lib/python3.12/site-packages/airflow/example_dags/example_latest_only.py took 0.192 seconds
[2026-09-15T21:42:27.956+0000] {processor.py:161} INFO - Started process (PID=10886) to work on /home/airflow/.local/lib/python3.12/site-packages/airflow/example_dags/example_latest_only.py
[2026-09-15T21:42:27.957+0000] {processor.py:830} INFO - Processing file /home/airflow/.local/lib/python3.12/site-packages/airflow/example_dags/example_latest_only.py for tasks to queue
[2026-09-15T21:42:27.959+0000] {logging_mixin.py:188} INFO - [2026-09-15T21:42:27.959+0000] {dagbag.py:545} INFO - Filling up the DagBag from /home/airflow/.local/lib/python3.12/site-packages/airflow/example_dags/example_latest_only.py
[2026-09-15T21:42:27.963+0000] {processor.py:840} INFO - DAG(s) 'latest_only' retrieved from /home/airflow/.local/lib/python3.12/site-packages/airflow/example_dags/example_latest_only.py
[2026-09-15T21:42:27.981+0000] {logging_mixin.py:188} INFO - [2026-09-15T21:42:27.981+0000] {dag.py:3089} INFO - Sync 1 DAGs
[2026-09-15T21:42:27.997+0000] {logging_mixin.py:188} INFO - [2026-09-15T21:42:27.997+0000] {dag.py:3947} INFO - Setting next_dagrun for latest_only to 2026-09-15 16:00:00+00:00, run_after=2026-09-15 20:00:00+00:00
[2026-09-15T21:42:28.150+0000] {processor.py:183} INFO - Processing /home/airflow/.local/lib/python3.12/site-packages/airflow/example_dags/example_latest_only.py took 0.197 seconds
[2026-09-15T21:42:58.622+0000] {processor.py:161} INFO - Started process (PID=11148) to work on /home/airflow/.local/lib/python3.12/site-packages/airflow/example_dags/example_latest_only.py
[2026-09-15T21:42:58.623+0000] {processor.py:830} INFO - Processing file /home/airflow/.local/lib/python3.12/site-packages/airflow/example_dags/example_latest_only.py for tasks to queue
[2026-09-15T21:42:58.625+0000] {logging_mixin.py:188} INFO - [2026-09-15T21:42:58.625+0000] {dagbag.py:545} INFO - Filling up the DagBag from /home/airflow/.local/lib/python3.12/site-packages/airflow/example_dags/example_latest_only.py
[2026-09-15T21:42:58.629+0000] {processor.py:840} INFO - DAG(s) 'latest_only' retrieved from /home/airflow/.local/lib/python3.12/site-packages/airflow/example_dags/example_latest_only.py
[2026-09-15T21:42:58.647+0000] {logging_mixin.py:188} INFO - [2026-09-15T21:42:58.647+0000] {dag.py:3089} INFO - Sync 1 DAGs
[2026-09-15T21:42:58.664+0000] {logging_mixin.py:188} INFO - [2026-09-15T21:42:58.664+0000] {dag.py:3947} INFO - Setting next_dagrun for latest_only to 2026-09-15 16:00:00+00:00, run_after=2026-09-15 20:00:00+00:00
[2026-09-15T21:42:58.681+0000] {processor.py:183} INFO - Processing /home/airflow/.local/lib/python3.12/site-packages/airflow/example_dags/example_latest_only.py took 0.064 seconds
[2026-09-15T21:43:28.887+0000] {processor.py:161} INFO - Started process (PID=11410) to work on /home/airflow/.local/lib/python3.12/site-packages/airflow/example_dags/example_latest_only.py
[2026-09-15T21:43:28.888+0000] {processor.py:830} INFO - Processing file /home/airflow/.local/lib/python3.12/site-packages/airflow/example_dags/example_latest_only.py for tasks to queue
[2026-09-15T21:43:28.890+0000] {logging_mixin.py:188} INFO - [2026-09-15T21:43:28.890+0000] {dagbag.py:545} INFO - Filling up the DagBag from /home/airflow/.local/lib/python3.12/site-packages/airflow/example_dags/example_latest_only.py
[2026-09-15T21:43:28.894+0000] {processor.py:840} INFO - DAG(s) 'latest_only' retrieved from /home/airflow/.local/lib/python3.12/site-packages/airflow/example_dags/example_latest_only.py
[2026-09-15T21:43:28.913+0000] {logging_mixin.py:188} INFO - [2026-09-15T21:43:28.913+0000] {dag.py:3089} INFO - Sync 1 DAGs
[2026-09-15T21:43:28.931+0000] {logging_mixin.py:188} INFO - [2026-09-15T21:43:28.931+0000] {dag.py:3947} INFO - Setting next_dagrun for latest_only to 2026-09-15 16:00:00+00:00, run_after=2026-09-15 20:00:00+00:00
[2026-09-15T21:43:28.946+0000] {processor.py:183} INFO - Processing /home/airflow/.local/lib/python3.12/site-packages/airflow/example_dags/example_latest_only.py took 0.062 seconds
[2026-09-15T21:43:59.003+0000] {processor.py:161} INFO - Started process (PID=11672) to work on /home/airflow/.local/lib/python3.12/site-packages/airflow/example_dags/example_latest_only.py
[2026-09-15T21:43:59.005+0000] {processor.py:830} INFO - Processing file /home/airflow/.local/lib/python3.12/site-packages/airflow/example_dags/example_latest_only.py for tasks to queue
[2026-09-15T21:43:59.006+0000] {logging_mixin.py:188} INFO - [2026-09-15T21:43:59.006+0000] {dagbag.py:545} INFO - Filling up the DagBag from /home/airflow/.local/lib/python3.12/site-packages/airflow/example_dags/example_latest_only.py
[2026-09-15T21:43:59.010+0000] {processor.py:840} INFO - DAG(s) 'latest_only' retrieved from /home/airflow/.local/lib/python3.12/site-packages/airflow/example_dags/example_latest_only.py
[2026-09-15T21:43:59.026+0000] {logging_mixin.py:188} INFO - [2026-09-15T21:43:59.026+0000] {dag.py:3089} INFO - Sync 1 DAGs
[2026-09-15T21:43:59.041+0000] {logging_mixin.py:188} INFO - [2026-09-15T21:43:59.041+0000] {dag.py:3947} INFO - Setting next_dagrun for latest_only to 2026-09-15 16:00:00+00:00, run_after=2026-09-15 20:00:00+00:00
[2026-09-15T21:43:59.060+0000] {processor.py:183} INFO - Processing /home/airflow/.local/lib/python3.12/site-packages/airflow/example_dags/example_latest_only.py took 0.060 seconds
[2026-09-15T21:44:29.207+0000] {processor.py:161} INFO - Started process (PID=11934) to work on /home/airflow/.local/lib/python3.12/site-packages/airflow/example_dags/example_latest_only.py
[2026-09-15T21:44:29.208+0000] {processor.py:830} INFO - Processing file /home/airflow/.local/lib/python3.12/site-packages/airflow/example_dags/example_latest_only.py for tasks to queue
[2026-09-15T21:44:29.210+0000] {logging_mixin.py:188} INFO - [2026-09-15T21:44:29.209+0000] {dagbag.py:545} INFO - Filling up the DagBag from /home/airflow/.local/lib/python3.12/site-packages/airflow/example_dags/example_latest_only.py
[2026-09-15T21:44:29.214+0000] {processor.py:840} INFO - DAG(s) 'latest_only' retrieved from /home/airflow/.local/lib/python3.12/site-packages/airflow/example_dags/example_latest_only.py
[2026-09-15T21:44:29.231+0000] {logging_mixin.py:188} INFO - [2026-09-15T21:44:29.231+0000] {dag.py:3089} INFO - Sync 1 DAGs
[2026-09-15T21:44:29.249+0000] {logging_mixin.py:188} INFO - [2026-09-15T21:44:29.249+0000] {dag.py:3947} INFO - Setting next_dagrun for latest_only to 2026-09-15 16:00:00+00:00, run_after=2026-09-15 20:00:00+00:00
[2026-09-15T21:44:29.271+0000] {processor.py:183} INFO - Processing /home/airflow/.local/lib/python3.12/site-packages/airflow/example_dags/example_latest_only.py took 0.068 seconds
