[2026-09-15T21:01:01.391+0000] {processor.py:161} INFO - Started process (PID=97) to work on /home/airflow/.local/lib/python3.12/site-packages/airflow/example_dags/example_setup_teardown.py
[2026-09-15T21:01:01.393+0000] {processor.py:830} INFO - Processing file /home/airflow/.local/lib/python3.12/site-packages/airflow/example_dags/example_setup_teardown.py for tasks to queue
[2026-09-15T21:01:01.395+0000] {logging_mixin.py:188} INFO - [2026-09-15T21:01:01.394+0000] {dagbag.py:545} INFO - Filling up the DagBag from /home/airflow/.local/lib/python3.12/site-packages/airflow/example_dags/example_setup_teardown.py
[2026-09-15T21:01:01.402+0000] {processor.py:840} INFO - DAG(s) 'example_setup_teardown' retrieved from /home/airflow/.local/lib/python3.12/site-packages/airflow/example_dags/example_setup_teardown.py
[2026-09-15T21:01:01.417+0000] {logging_mixin.py:188} INFO - [2026-09-15T21:01:01.416+0000] {dag.py:3089} INFO - Sync 1 DAGs
[2026-09-15T21:01:01.437+0000] {logging_mixin.py:188} INFO - [2026-09-15T21:01:01.437+0000] {dag.py:3947} INFO - Setting next_dagrun for example_setup_teardown to 2026-09-14 00:00:00+00:00, run_after=2026-09-15 00:00:00+00:00
[2026-09-15T21:01:01.456+0000] {processor.py:183} INFO - Processing /home/airflow/.local/lib/python3.12/site-packages/airflow/example_dags/example_setup_teardown.py took 0.070 seconds
[2026-09-15T21:01:32.768+0000] {processor.py:161} INFO - Started process (PID=155) to work on /home/airflow/.local/lib/python3.12/site-packages/airflow/example_dags/example_setup_teardown.py
[2026-09-15T21:01:32.770+0000] {processor.py:830} INFO - Processing file /home/airflow/.local/lib/python3.12/site-packages/airflow/example_dags/example_setup_teardown.py for tasks to queue
[2026-09-15T21:01:32.771+0000] {logging_mixin.py:188} INFO - [2026-09-15T21:01:32.771+0000] {dagbag.py:545} INFO - Filling up the DagBag from /home/airflow/.local/lib/python3.12/site-packages/airflow/example_dags/example_setup_teardown.py
[2026-09-15T21:01:32.777+0000] {processor.py:840} INFO - DAG(s) 'example_setup_teardown' retrieved from /home/airflow/.local/lib/python3.12/site-packages/airflow/example_dags/example_setup_teardown.py
[2026-09-15T21:01:32.856+0000] {logging_mixin.py:188} INFO - [2026-09-15T21:01:32.855+0000] {dag.py:3089} INFO - Sync 1 DAGs
[2026-09-15T21:01:32.871+0000] {logging_mixin.py:188} INFO - [2026-09-15T21:01:32.871+0000] {dag.py:3947} INFO - Setting next_dagrun for example_setup_teardown to 2026-09-14 00:00:00+00:00, run_after=2026-09-15 00:00:00+00:00
[2026-09-15T21:01:32.887+0000] {processor.py:183} INFO - Processing /home/airflow/.local/lib/python3.12/site-packages/airflow/example_dags/example_setup_teardown.py took 0.123 seconds
[2026-09-15T21:02:03.031+0000] {processor.py:161} INFO - Started process (PID=213) to work on /home/airflow/.local/lib/python3.12/site-packages/airflow/example_dags/example_setup_teardown.py
[2026-09-15T21:02:03.032+0000] {processor.py:830} INFO - Processing file /home/airflow/.local/lib/python3.12/site-packages/airflow/example_dags/example_setup_teardown.py for tasks to queue
[2026-09-15T21:02:03.035+0000] {logging_mixin.py:188} INFO - [2026-09-15T21:02:03.035+0000] {dagbag.py:545} INFO - Filling up the DagBag from /home/airflow/.local/lib/python3.12/site-packages/airflow/example_dags/example_setup_teardown.py
[2026-09-15T21:02:03.042+0000] {processor.py:840} INFO - DAG(s) 'example_setup_teardown' retrieved from /home/airflow/.local/lib/python3.12/site-packages/airflow/example_dags/example_setup_teardown.py
[2026-09-15T21:02:03.063+0000] {logging_mixin.py:188} INFO - [2026-09-15T21:02:03.063+0000] {dag.py:3089} INFO - Sync 1 DAGs
[2026-09-15T21:02:03.084+0000] {logging_mixin.py:188} INFO - [2026-09-15T21:02:03.083+0000] {dag.py:3947} INFO - Setting next_dagrun for example_setup_teardown to 2026-09-14 00:00:00+00:00, run_after=2026-09-15 00:00:00+00:00
[2026-09-15T21:02:03.104+0000] {processor.py:183} INFO - Processing /home/airflow/.local/lib/python3.12/site-packages/airflow/example_dags/example_setup_teardown.py took 0.078 seconds
[2026-09-15T21:02:33.874+0000] {processor.py:161} INFO - Started process (PID=278) to work on /home/airflow/.local/lib/python3.12/site-packages/airflow/example_dags/example_setup_teardown.py
[2026-09-15T21:02:33.875+0000] {processor.py:830} INFO - Processing file /home/airflow/.local/lib/python3.12/site-packages/airflow/example_dags/example_setup_teardown.py for tasks to queue
[2026-09-15T21:02:33.877+0000] {logging_mixin.py:188} INFO - [2026-09-15T21:02:33.877+0000] {dagbag.py:545} INFO - Filling up the DagBag from /home/airflow/.local/lib/python3.12/site-packages/airflow/example_dags/example_setup_teardown.py
[2026-09-15T21:02:33.883+0000] {processor.py:840} INFO - DAG(s) 'example_setup_teardown' retrieved from /home/airflow/.local/lib/python3.12/site-packages/airflow/example_dags/example_setup_teardown.py
[2026-09-15T21:02:33.901+0000] {logging_mixin.py:188} INFO - [2026-09-15T21:02:33.901+0000] {dag.py:3089} INFO - Sync 1 DAGs
[2026-09-15T21:02:33.917+0000] {logging_mixin.py:188} INFO - [2026-09-15T21:02:33.917+0000] {dag.py:3947} INFO - Setting next_dagrun for example_setup_teardown to 2026-09-14 00:00:00+00:00, run_after=2026-09-15 00:00:00+00:00
[2026-09-15T21:02:33.932+0000] {processor.py:183} INFO - Processing /home/airflow/.local/lib/python3.12/site-packages/airflow/example_dags/example_setup_teardown.py took 0.062 seconds
[2026-09-15T21:03:04.363+0000] {processor.py:161} INFO - Started process (PID=336) to work on /home/airflow/.local/lib/python3.12/site-packages/airflow/example_dags/example_setup_teardown.py
[2026-09-15T21:03:04.364+0000] {processor.py:830} INFO - Processing file /home/airflow/.local/lib/python3.12/site-packages/airflow/example_dags/example_setup_teardown.py for tasks to queue
[2026-09-15T21:03:04.366+0000] {logging_mixin.py:188} INFO - [2026-09-15T21:03:04.366+0000] {dagbag.py:545} INFO - Filling up the DagBag from /home/airflow/.local/lib/python3.12/site-packages/airflow/example_dags/example_setup_teardown.py
[2026-09-15T21:03:04.372+0000] {processor.py:840} INFO - DAG(s) 'example_setup_teardown' retrieved from /home/airflow/.local/lib/python3.12/site-packages/airflow/example_dags/example_setup_teardown.py
[2026-09-15T21:03:04.391+0000] {logging_mixin.py:188} INFO - [2026-09-15T21:03:04.391+0000] {dag.py:3089} INFO - Sync 1 DAGs
[2026-09-15T21:03:04.409+0000] {logging_mixin.py:188} INFO - [2026-09-15T21:03:04.408+0000] {dag.py:3947} INFO - Setting next_dagrun for example_setup_teardown to 2026-09-14 00:00:00+00:00, run_after=2026-09-15 00:00:00+00:00
[2026-09-15T21:03:04.427+0000] {processor.py:183} INFO - Processing /home/airflow/.local/lib/python3.12/site-packages/airflow/example_dags/example_setup_teardown.py took 0.069 seconds
[2026-09-15T21:03:35.298+0000] {processor.py:161} INFO - Started process (PID=394) to work on /home/airflow/.local/lib/python3.12/site-packages/airflow/example_dags/example_setup_teardown.py
[2026-09-15T21:03:35.300+0000] {processor.py:830} INFO - Processing file /home/airflow/.local/lib/python3.12/site-packages/airflow/example_dags/example_setup_teardown.py for tasks to queue
[2026-09-15T21:03:35.302+0000] {logging_mixin.py:188} INFO - [2026-09-15T21:03:35.301+0000] {dagbag.py:545} INFO - Filling up the DagBag from /home/airflow/.local/lib/python3.12/site-packages/airflow/example_dags/example_setup_teardown.py
[2026-09-15T21:03:35.307+0000] {processor.py:840} INFO - DAG(s) 'example_setup_teardown' retrieved from /home/airflow/.local/lib/python3.12/site-packages/airflow/example_dags/example_setup_teardown.py
[2026-09-15T21:03:35.325+0000] {logging_mixin.py:188} INFO - [2026-09-15T21:03:35.325+0000] {dag.py:3089} INFO - Sync 1 DAGs
[2026-09-15T21:03:35.341+0000] {logging_mixin.py:188} INFO - [2026-09-15T21:03:35.341+0000] {dag.py:3947} INFO - Setting next_dagrun for example_setup_teardown to 2026-09-14 00:00:00+00:00, run_after=2026-09-15 00:00:00+00:00
[2026-09-15T21:03:35.359+0000] {processor.py:183} INFO - Processing /home/airflow/.local/lib/python3.12/site-packages/airflow/example_dags/example_setup_teardown.py took 0.066 seconds
[2026-09-15T21:04:05.516+0000] {processor.py:161} INFO - Started process (PID=452) to work on /home/airflow/.local/lib/python3.12/site-packages/airflow/example_dags/example_setup_teardown.py
[2026-09-15T21:04:05.517+0000] {processor.py:830} INFO - Processing file /home/airflow/.local/lib/python3.12/site-packages/airflow/example_dags/example_setup_teardown.py for tasks to queue
[2026-09-15T21:04:05.519+0000] {logging_mixin.py:188} INFO - [2026-09-15T21:04:05.518+0000] {dagbag.py:545} INFO - Filling up the DagBag from /home/airflow/.local/lib/python3.12/site-packages/airflow/example_dags/example_setup_teardown.py
[2026-09-15T21:04:05.524+0000] {processor.py:840} INFO - DAG(s) 'example_setup_teardown' retrieved from /home/airflow/.local/lib/python3.12/site-packages/airflow/example_dags/example_setup_teardown.py
[2026-09-15T21:04:05.541+0000] {logging_mixin.py:188} INFO - [2026-09-15T21:04:05.541+0000] {dag.py:3089} INFO - Sync 1 DAGs
[2026-09-15T21:04:05.557+0000] {logging_mixin.py:188} INFO - [2026-09-15T21:04:05.557+0000] {dag.py:3947} INFO - Setting next_dagrun for example_setup_teardown to 2026-09-14 00:00:00+00:00, run_after=2026-09-15 00:00:00+00:00
[2026-09-15T21:04:05.571+0000] {processor.py:183} INFO - Processing /home/airflow/.local/lib/python3.12/site-packages/airflow/example_dags/example_setup_teardown.py took 0.060 seconds
[2026-09-15T21:04:35.632+0000] {processor.py:161} INFO - Started process (PID=510) to work on /home/airflow/.local/lib/python3.12/site-packages/airflow/example_dags/example_setup_teardown.py
[2026-09-15T21:04:35.633+0000] {processor.py:830} INFO - Processing file /home/airflow/.local/lib/python3.12/site-packages/airflow/example_dags/example_setup_teardown.py for tasks to queue
[2026-09-15T21:04:35.635+0000] {logging_mixin.py:188} INFO - [2026-09-15T21:04:35.635+0000] {dagbag.py:545} INFO - Filling up the DagBag from /home/airflow/.local/lib/python3.12/site-packages/airflow/example_dags/example_setup_teardown.py
[2026-09-15T21:04:35.640+0000] {processor.py:840} INFO - DAG(s) 'example_setup_teardown' retrieved from /home/airflow/.local/lib/python3.12/site-packages/airflow/example_dags/example_setup_teardown.py
[2026-09-15T21:04:35.658+0000] {logging_mixin.py:188} INFO - [2026-09-15T21:04:35.657+0000] {dag.py:3089} INFO - Sync 1 DAGs
[2026-09-15T21:04:35.672+0000] {logging_mixin.py:188} INFO - [2026-09-15T21:04:35.672+0000] {dag.py:3947} INFO - Setting next_dagrun for example_setup_teardown to 2026-09-14 00:00:00+00:00, run_after=2026-09-15 00:00:00+00:00
[2026-09-15T21:04:35.686+0000] {processor.py:183} INFO - Processing /home/airflow/.local/lib/python3.12/site-packages/airflow/example_dags/example_setup_teardown.py took 0.060 seconds
[2026-09-15T21:05:05.912+0000] {processor.py:161} INFO - Started process (PID=568) to work on /home/airflow/.local/lib/python3.12/site-packages/airflow/example_dags/example_setup_teardown.py
[2026-09-15T21:05:05.914+0000] {processor.py:830} INFO - Processing file /home/airflow/.local/lib/python3.12/site-packages/airflow/example_dags/example_setup_teardown.py for tasks to queue
[2026-09-15T21:05:05.916+0000] {logging_mixin.py:188} INFO - [2026-09-15T21:05:05.916+0000] {dagbag.py:545} INFO - Filling up the DagBag from /home/airflow/.local/lib/python3.12/site-packages/airflow/example_dags/example_setup_teardown.py
[2026-09-15T21:05:05.923+0000] {processor.py:840} INFO - DAG(s) 'example_setup_teardown' retrieved from /home/airflow/.local/lib/python3.12/site-packages/airflow/example_dags/example_setup_teardown.py
[2026-09-15T21:05:05.939+0000] {logging_mixin.py:188} INFO - [2026-09-15T21:05:05.939+0000] {dag.py:3089} INFO - Sync 1 DAGs
[2026-09-15T21:05:05.956+0000] {logging_mixin.py:188} INFO - [2026-09-15T21:05:05.956+0000] {dag.py:3947} INFO - Setting next_dagrun for example_setup_teardown to 2026-09-14 00:00:00+00:00, run_after=2026-09-15 00:00:00+00:00
[2026-09-15T21:05:05.971+0000] {processor.py:183} INFO - Processing /home/airflow/.local/lib/python3.12/site-packages/airflow/example_dags/example_setup_teardown.py took 0.065 seconds
[2026-09-15T21:05:37.002+0000] {processor.py:161} INFO - Started process (PID=626) to work on /home/airflow/.local/lib/python3.12/site-packages/airflow/example_dags/example_setup_teardown.py
[2026-09-15T21:05:37.003+0000] {processor.py:830} INFO - Processing file /home/airflow/.local/lib/python3.12/site-packages/airflow/example_dags/example_setup_teardown.py for tasks to queue
[2026-09-15T21:05:37.006+0000] {logging_mixin.py:188} INFO - [2026-09-15T21:05:37.005+0000] {dagbag.py:545} INFO - Filling up the DagBag from /home/airflow/.local/lib/python3.12/site-packages/airflow/example_dags/example_setup_teardown.py
[2026-09-15T21:05:37.013+0000] {processor.py:840} INFO - DAG(s) 'example_setup_teardown' retrieved from /home/airflow/.local/lib/python3.12/site-packages/airflow/example_dags/example_setup_teardown.py
[2026-09-15T21:05:37.041+0000] {logging_mixin.py:188} INFO - [2026-09-15T21:05:37.041+0000] {dag.py:3089} INFO - Sync 1 DAGs
[2026-09-15T21:05:37.073+0000] {logging_mixin.py:188} INFO - [2026-09-15T21:05:37.073+0000] {dag.py:3947} INFO - Setting next_dagrun for example_setup_teardown to 2026-09-14 00:00:00+00:00, run_after=2026-09-15 00:00:00+00:00
[2026-09-15T21:05:37.096+0000] {processor.py:183} INFO - Processing /home/airflow/.local/lib/python3.12/site-packages/airflow/example_dags/example_setup_teardown.py took 0.099 seconds
[2026-09-15T21:06:07.319+0000] {processor.py:161} INFO - Started process (PID=684) to work on /home/airflow/.local/lib/python3.12/site-packages/airflow/example_dags/example_setup_teardown.py
[2026-09-15T21:06:07.320+0000] {processor.py:830} INFO - Processing file /home/airflow/.local/lib/python3.12/site-packages/airflow/example_dags/example_setup_teardown.py for tasks to queue
[2026-09-15T21:06:07.323+0000] {logging_mixin.py:188} INFO - [2026-09-15T21:06:07.322+0000] {dagbag.py:545} INFO - Filling up the DagBag from /home/airflow/.local/lib/python3.12/site-packages/airflow/example_dags/example_setup_teardown.py
[2026-09-15T21:06:07.329+0000] {processor.py:840} INFO - DAG(s) 'example_setup_teardown' retrieved from /home/airflow/.local/lib/python3.12/site-packages/airflow/example_dags/example_setup_teardown.py
[2026-09-15T21:06:07.346+0000] {logging_mixin.py:188} INFO - [2026-09-15T21:06:07.346+0000] {dag.py:3089} INFO - Sync 1 DAGs
[2026-09-15T21:06:07.363+0000] {logging_mixin.py:188} INFO - [2026-09-15T21:06:07.362+0000] {dag.py:3947} INFO - Setting next_dagrun for example_setup_teardown to 2026-09-14 00:00:00+00:00, run_after=2026-09-15 00:00:00+00:00
[2026-09-15T21:06:07.378+0000] {processor.py:183} INFO - Processing /home/airflow/.local/lib/python3.12/site-packages/airflow/example_dags/example_setup_teardown.py took 0.064 seconds
[2026-09-15T21:06:37.610+0000] {processor.py:161} INFO - Started process (PID=745) to work on /home/airflow/.local/lib/python3.12/site-packages/airflow/example_dags/example_setup_teardown.py
[2026-09-15T21:06:37.611+0000] {processor.py:830} INFO - Processing file /home/airflow/.local/lib/python3.12/site-packages/airflow/example_dags/example_setup_teardown.py for tasks to queue
[2026-09-15T21:06:37.614+0000] {logging_mixin.py:188} INFO - [2026-09-15T21:06:37.614+0000] {dagbag.py:545} INFO - Filling up the DagBag from /home/airflow/.local/lib/python3.12/site-packages/airflow/example_dags/example_setup_teardown.py
[2026-09-15T21:06:37.620+0000] {processor.py:840} INFO - DAG(s) 'example_setup_teardown' retrieved from /home/airflow/.local/lib/python3.12/site-packages/airflow/example_dags/example_setup_teardown.py
[2026-09-15T21:06:37.639+0000] {logging_mixin.py:188} INFO - [2026-09-15T21:06:37.639+0000] {dag.py:3089} INFO - Sync 1 DAGs
[2026-09-15T21:06:37.659+0000] {logging_mixin.py:188} INFO - [2026-09-15T21:06:37.659+0000] {dag.py:3947} INFO - Setting next_dagrun for example_setup_teardown to 2026-09-14 00:00:00+00:00, run_after=2026-09-15 00:00:00+00:00
[2026-09-15T21:06:37.679+0000] {processor.py:183} INFO - Processing /home/airflow/.local/lib/python3.12/site-packages/airflow/example_dags/example_setup_teardown.py took 0.076 seconds
[2026-09-15T21:07:07.827+0000] {processor.py:161} INFO - Started process (PID=803) to work on /home/airflow/.local/lib/python3.12/site-packages/airflow/example_dags/example_setup_teardown.py
[2026-09-15T21:07:07.828+0000] {processor.py:830} INFO - Processing file /home/airflow/.local/lib/python3.12/site-packages/airflow/example_dags/example_setup_teardown.py for tasks to queue
[2026-09-15T21:07:07.830+0000] {logging_mixin.py:188} INFO - [2026-09-15T21:07:07.830+0000] {dagbag.py:545} INFO - Filling up the DagBag from /home/airflow/.local/lib/python3.12/site-packages/airflow/example_dags/example_setup_teardown.py
[2026-09-15T21:07:07.835+0000] {processor.py:840} INFO - DAG(s) 'example_setup_teardown' retrieved from /home/airflow/.local/lib/python3.12/site-packages/airflow/example_dags/example_setup_teardown.py
[2026-09-15T21:07:07.855+0000] {logging_mixin.py:188} INFO - [2026-09-15T21:07:07.855+0000] {dag.py:3089} INFO - Sync 1 DAGs
[2026-09-15T21:07:07.872+0000] {logging_mixin.py:188} INFO - [2026-09-15T21:07:07.872+0000] {dag.py:3947} INFO - Setting next_dagrun for example_setup_teardown to 2026-09-14 00:00:00+00:00, run_after=2026-09-15 00:00:00+00:00
[2026-09-15T21:07:07.888+0000] {processor.py:183} INFO - Processing /home/airflow/.local/lib/python3.12/site-packages/airflow/example_dags/example_setup_teardown.py took 0.065 seconds
[2026-09-15T21:07:38.410+0000] {processor.py:161} INFO - Started process (PID=861) to work on /home/airflow/.local/lib/python3.12/site-packages/airflow/example_dags/example_setup_teardown.py
[2026-09-15T21:07:38.411+0000] {processor.py:830} INFO - Processing file /home/airflow/.local/lib/python3.12/site-packages/airflow/example_dags/example_setup_teardown.py for tasks to queue
[2026-09-15T21:07:38.412+0000] {logging_mixin.py:188} INFO - [2026-09-15T21:07:38.412+0000] {dagbag.py:545} INFO - Filling up the DagBag from /home/airflow/.local/lib/python3.12/site-packages/airflow/example_dags/example_setup_teardown.py
[2026-09-15T21:07:38.418+0000] {processor.py:840} INFO - DAG(s) 'example_setup_teardown' retrieved from /home/airflow/.local/lib/python3.12/site-packages/airflow/example_dags/example_setup_teardown.py
[2026-09-15T21:07:38.433+0000] {logging_mixin.py:188} INFO - [2026-09-15T21:07:38.433+0000] {dag.py:3089} INFO - Sync 1 DAGs
[2026-09-15T21:07:38.449+0000] {logging_mixin.py:188} INFO - [2026-09-15T21:07:38.449+0000] {dag.py:3947} INFO - Setting next_dagrun for example_setup_teardown to 2026-09-14 00:00:00+00:00, run_after=2026-09-15 00:00:00+00:00
[2026-09-15T21:07:38.465+0000] {processor.py:183} INFO - Processing /home/airflow/.local/lib/python3.12/site-packages/airflow/example_dags/example_setup_teardown.py took 0.059 seconds
[2026-09-15T21:08:09.206+0000] {processor.py:161} INFO - Started process (PID=919) to work on /home/airflow/.local/lib/python3.12/site-packages/airflow/example_dags/example_setup_teardown.py
[2026-09-15T21:08:09.207+0000] {processor.py:830} INFO - Processing file /home/airflow/.local/lib/python3.12/site-packages/airflow/example_dags/example_setup_teardown.py for tasks to queue
[2026-09-15T21:08:09.209+0000] {logging_mixin.py:188} INFO - [2026-09-15T21:08:09.209+0000] {dagbag.py:545} INFO - Filling up the DagBag from /home/airflow/.local/lib/python3.12/site-packages/airflow/example_dags/example_setup_teardown.py
[2026-09-15T21:08:09.214+0000] {processor.py:840} INFO - DAG(s) 'example_setup_teardown' retrieved from /home/airflow/.local/lib/python3.12/site-packages/airflow/example_dags/example_setup_teardown.py
[2026-09-15T21:08:09.232+0000] {logging_mixin.py:188} INFO - [2026-09-15T21:08:09.231+0000] {dag.py:3089} INFO - Sync 1 DAGs
[2026-09-15T21:08:09.249+0000] {logging_mixin.py:188} INFO - [2026-09-15T21:08:09.249+0000] {dag.py:3947} INFO - Setting next_dagrun for example_setup_teardown to 2026-09-14 00:00:00+00:00, run_after=2026-09-15 00:00:00+00:00
[2026-09-15T21:08:09.266+0000] {processor.py:183} INFO - Processing /home/airflow/.local/lib/python3.12/site-packages/airflow/example_dags/example_setup_teardown.py took 0.064 seconds
[2026-09-15T21:08:39.585+0000] {processor.py:161} INFO - Started process (PID=977) to work on /home/airflow/.local/lib/python3.12/site-packages/airflow/example_dags/example_setup_teardown.py
[2026-09-15T21:08:39.587+0000] {processor.py:830} INFO - Processing file /home/airflow/.local/lib/python3.12/site-packages/airflow/example_dags/example_setup_teardown.py for tasks to queue
[2026-09-15T21:08:39.589+0000] {logging_mixin.py:188} INFO - [2026-09-15T21:08:39.589+0000] {dagbag.py:545} INFO - Filling up the DagBag from /home/airflow/.local/lib/python3.12/site-packages/airflow/example_dags/example_setup_teardown.py
[2026-09-15T21:08:39.594+0000] {processor.py:840} INFO - DAG(s) 'example_setup_teardown' retrieved from /home/airflow/.local/lib/python3.12/site-packages/airflow/example_dags/example_setup_teardown.py
[2026-09-15T21:08:39.612+0000] {logging_mixin.py:188} INFO - [2026-09-15T21:08:39.612+0000] {dag.py:3089} INFO - Sync 1 DAGs
[2026-09-15T21:08:39.630+0000] {logging_mixin.py:188} INFO - [2026-09-15T21:08:39.630+0000] {dag.py:3947} INFO - Setting next_dagrun for example_setup_teardown to 2026-09-14 00:00:00+00:00, run_after=2026-09-15 00:00:00+00:00
[2026-09-15T21:08:39.647+0000] {processor.py:183} INFO - Processing /home/airflow/.local/lib/python3.12/site-packages/airflow/example_dags/example_setup_teardown.py took 0.067 seconds
[2026-09-15T21:09:09.770+0000] {processor.py:161} INFO - Started process (PID=1035) to work on /home/airflow/.local/lib/python3.12/site-packages/airflow/example_dags/example_setup_teardown.py
[2026-09-15T21:09:09.771+0000] {processor.py:830} INFO - Processing file /home/airflow/.local/lib/python3.12/site-packages/airflow/example_dags/example_setup_teardown.py for tasks to queue
[2026-09-15T21:09:09.773+0000] {logging_mixin.py:188} INFO - [2026-09-15T21:09:09.773+0000] {dagbag.py:545} INFO - Filling up the DagBag from /home/airflow/.local/lib/python3.12/site-packages/airflow/example_dags/example_setup_teardown.py
[2026-09-15T21:09:09.779+0000] {processor.py:840} INFO - DAG(s) 'example_setup_teardown' retrieved from /home/airflow/.local/lib/python3.12/site-packages/airflow/example_dags/example_setup_teardown.py
[2026-09-15T21:09:09.796+0000] {logging_mixin.py:188} INFO - [2026-09-15T21:09:09.796+0000] {dag.py:3089} INFO - Sync 1 DAGs
[2026-09-15T21:09:09.811+0000] {logging_mixin.py:188} INFO - [2026-09-15T21:09:09.811+0000] {dag.py:3947} INFO - Setting next_dagrun for example_setup_teardown to 2026-09-14 00:00:00+00:00, run_after=2026-09-15 00:00:00+00:00
[2026-09-15T21:09:09.827+0000] {processor.py:183} INFO - Processing /home/airflow/.local/lib/python3.12/site-packages/airflow/example_dags/example_setup_teardown.py took 0.061 seconds
[2026-09-15T21:09:40.113+0000] {processor.py:161} INFO - Started process (PID=1093) to work on /home/airflow/.local/lib/python3.12/site-packages/airflow/example_dags/example_setup_teardown.py
[2026-09-15T21:09:40.114+0000] {processor.py:830} INFO - Processing file /home/airflow/.local/lib/python3.12/site-packages/airflow/example_dags/example_setup_teardown.py for tasks to queue
[2026-09-15T21:09:40.116+0000] {logging_mixin.py:188} INFO - [2026-09-15T21:09:40.116+0000] {dagbag.py:545} INFO - Filling up the DagBag from /home/airflow/.local/lib/python3.12/site-packages/airflow/example_dags/example_setup_teardown.py
[2026-09-15T21:09:40.121+0000] {processor.py:840} INFO - DAG(s) 'example_setup_teardown' retrieved from /home/airflow/.local/lib/python3.12/site-packages/airflow/example_dags/example_setup_teardown.py
[2026-09-15T21:09:40.137+0000] {logging_mixin.py:188} INFO - [2026-09-15T21:09:40.137+0000] {dag.py:3089} INFO - Sync 1 DAGs
[2026-09-15T21:09:40.152+0000] {logging_mixin.py:188} INFO - [2026-09-15T21:09:40.152+0000] {dag.py:3947} INFO - Setting next_dagrun for example_setup_teardown to 2026-09-14 00:00:00+00:00, run_after=2026-09-15 00:00:00+00:00
[2026-09-15T21:09:40.166+0000] {processor.py:183} INFO - Processing /home/airflow/.local/lib/python3.12/site-packages/airflow/example_dags/example_setup_teardown.py took 0.056 seconds
[2026-09-15T21:10:10.678+0000] {processor.py:161} INFO - Started process (PID=1151) to work on /home/airflow/.local/lib/python3.12/site-packages/airflow/example_dags/example_setup_teardown.py
[2026-09-15T21:10:10.679+0000] {processor.py:830} INFO - Processing file /home/airflow/.local/lib/python3.12/site-packages/airflow/example_dags/example_setup_teardown.py for tasks to queue
[2026-09-15T21:10:10.681+0000] {logging_mixin.py:188} INFO - [2026-09-15T21:10:10.680+0000] {dagbag.py:545} INFO - Filling up the DagBag from /home/airflow/.local/lib/python3.12/site-packages/airflow/example_dags/example_setup_teardown.py
[2026-09-15T21:10:10.688+0000] {processor.py:840} INFO - DAG(s) 'example_setup_teardown' retrieved from /home/airflow/.local/lib/python3.12/site-packages/airflow/example_dags/example_setup_teardown.py
[2026-09-15T21:10:10.700+0000] {logging_mixin.py:188} INFO - [2026-09-15T21:10:10.700+0000] {dag.py:3089} INFO - Sync 1 DAGs
[2026-09-15T21:10:10.719+0000] {logging_mixin.py:188} INFO - [2026-09-15T21:10:10.718+0000] {dag.py:3947} INFO - Setting next_dagrun for example_setup_teardown to 2026-09-14 00:00:00+00:00, run_after=2026-09-15 00:00:00+00:00
[2026-09-15T21:10:10.737+0000] {processor.py:183} INFO - Processing /home/airflow/.local/lib/python3.12/site-packages/airflow/example_dags/example_setup_teardown.py took 0.063 seconds
[2026-09-15T21:10:41.052+0000] {processor.py:161} INFO - Started process (PID=1209) to work on /home/airflow/.local/lib/python3.12/site-packages/airflow/example_dags/example_setup_teardown.py
[2026-09-15T21:10:41.053+0000] {processor.py:830} INFO - Processing file /home/airflow/.local/lib/python3.12/site-packages/airflow/example_dags/example_setup_teardown.py for tasks to queue
[2026-09-15T21:10:41.055+0000] {logging_mixin.py:188} INFO - [2026-09-15T21:10:41.055+0000] {dagbag.py:545} INFO - Filling up the DagBag from /home/airflow/.local/lib/python3.12/site-packages/airflow/example_dags/example_setup_teardown.py
[2026-09-15T21:10:41.060+0000] {processor.py:840} INFO - DAG(s) 'example_setup_teardown' retrieved from /home/airflow/.local/lib/python3.12/site-packages/airflow/example_dags/example_setup_teardown.py
[2026-09-15T21:10:41.138+0000] {logging_mixin.py:188} INFO - [2026-09-15T21:10:41.138+0000] {dag.py:3089} INFO - Sync 1 DAGs
[2026-09-15T21:10:41.153+0000] {logging_mixin.py:188} INFO - [2026-09-15T21:10:41.153+0000] {dag.py:3947} INFO - Setting next_dagrun for example_setup_teardown to 2026-09-14 00:00:00+00:00, run_after=2026-09-15 00:00:00+00:00
[2026-09-15T21:10:41.170+0000] {processor.py:183} INFO - Processing /home/airflow/.local/lib/python3.12/site-packages/airflow/example_dags/example_setup_teardown.py took 0.122 seconds
[2026-09-15T21:11:11.375+0000] {processor.py:161} INFO - Started process (PID=1267) to work on /home/airflow/.local/lib/python3.12/site-packages/airflow/example_dags/example_setup_teardown.py
[2026-09-15T21:11:11.377+0000] {processor.py:830} INFO - Processing file /home/airflow/.local/lib/python3.12/site-packages/airflow/example_dags/example_setup_teardown.py for tasks to queue
[2026-09-15T21:11:11.379+0000] {logging_mixin.py:188} INFO - [2026-09-15T21:11:11.378+0000] {dagbag.py:545} INFO - Filling up the DagBag from /home/airflow/.local/lib/python3.12/site-packages/airflow/example_dags/example_setup_teardown.py
[2026-09-15T21:11:11.384+0000] {processor.py:840} INFO - DAG(s) 'example_setup_teardown' retrieved from /home/airflow/.local/lib/python3.12/site-packages/airflow/example_dags/example_setup_teardown.py
[2026-09-15T21:11:11.401+0000] {logging_mixin.py:188} INFO - [2026-09-15T21:11:11.401+0000] {dag.py:3089} INFO - Sync 1 DAGs
[2026-09-15T21:11:11.417+0000] {logging_mixin.py:188} INFO - [2026-09-15T21:11:11.417+0000] {dag.py:3947} INFO - Setting next_dagrun for example_setup_teardown to 2026-09-14 00:00:00+00:00, run_after=2026-09-15 00:00:00+00:00
[2026-09-15T21:11:11.433+0000] {processor.py:183} INFO - Processing /home/airflow/.local/lib/python3.12/site-packages/airflow/example_dags/example_setup_teardown.py took 0.062 seconds
[2026-09-15T21:11:41.653+0000] {processor.py:161} INFO - Started process (PID=1325) to work on /home/airflow/.local/lib/python3.12/site-packages/airflow/example_dags/example_setup_teardown.py
[2026-09-15T21:11:41.654+0000] {processor.py:830} INFO - Processing file /home/airflow/.local/lib/python3.12/site-packages/airflow/example_dags/example_setup_teardown.py for tasks to queue
[2026-09-15T21:11:41.656+0000] {logging_mixin.py:188} INFO - [2026-09-15T21:11:41.656+0000] {dagbag.py:545} INFO - Filling up the DagBag from /home/airflow/.local/lib/python3.12/site-packages/airflow/example_dags/example_setup_teardown.py
[2026-09-15T21:11:41.661+0000] {processor.py:840} INFO - DAG(s) 'example_setup_teardown' retrieved from /home/airflow/.local/lib/python3.12/site-packages/airflow/example_dags/example_setup_teardown.py
[2026-09-15T21:11:41.678+0000] {logging_mixin.py:188} INFO - [2026-09-15T21:11:41.677+0000] {dag.py:3089} INFO - Sync 1 DAGs
[2026-09-15T21:11:41.694+0000] {logging_mixin.py:188} INFO - [2026-09-15T21:11:41.694+0000] {dag.py:3947} INFO - Setting next_dagrun for example_setup_teardown to 2026-09-14 00:00:00+00:00, run_after=2026-09-15 00:00:00+00:00
[2026-09-15T21:11:41.708+0000] {processor.py:183} INFO - Processing /home/airflow/.local/lib/python3.12/site-packages/airflow/example_dags/example_setup_teardown.py took 0.059 seconds
[2026-09-15T21:12:11.961+0000] {processor.py:161} INFO - Started process (PID=1383) to work on /home/airflow/.local/lib/python3.12/site-packages/airflow/example_dags/example_setup_teardown.py
[2026-09-15T21:12:11.962+0000] {processor.py:830} INFO - Processing file /home/airflow/.local/lib/python3.12/site-packages/airflow/example_dags/example_setup_teardown.py for tasks to queue
[2026-09-15T21:12:11.964+0000] {logging_mixin.py:188} INFO - [2026-09-15T21:12:11.964+0000] {dagbag.py:545} INFO - Filling up the DagBag from /home/airflow/.local/lib/python3.12/site-packages/airflow/example_dags/example_setup_teardown.py
[2026-09-15T21:12:11.970+0000] {processor.py:840} INFO - DAG(s) 'example_setup_teardown' retrieved from /home/airflow/.local/lib/python3.12/site-packages/airflow/example_dags/example_setup_teardown.py
[2026-09-15T21:12:11.989+0000] {logging_mixin.py:188} INFO - [2026-09-15T21:12:11.988+0000] {dag.py:3089} INFO - Sync 1 DAGs
[2026-09-15T21:12:12.006+0000] {logging_mixin.py:188} INFO - [2026-09-15T21:12:12.006+0000] {dag.py:3947} INFO - Setting next_dagrun for example_setup_teardown to 2026-09-14 00:00:00+00:00, run_after=2026-09-15 00:00:00+00:00
[2026-09-15T21:12:12.022+0000] {processor.py:183} INFO - Processing /home/airflow/.local/lib/python3.12/site-packages/airflow/example_dags/example_setup_teardown.py took 0.066 seconds
[2026-09-15T21:12:42.260+0000] {processor.py:161} INFO - Started process (PID=1441) to work on /home/airflow/.local/lib/python3.12/site-packages/airflow/example_dags/example_setup_teardown.py
[2026-09-15T21:12:42.261+0000] {processor.py:830} INFO - Processing file /home/airflow/.local/lib/python3.12/site-packages/airflow/example_dags/example_setup_teardown.py for tasks to queue
[2026-09-15T21:12:42.263+0000] {logging_mixin.py:188} INFO - [2026-09-15T21:12:42.263+0000] {dagbag.py:545} INFO - Filling up the DagBag from /home/airflow/.local/lib/python3.12/site-packages/airflow/example_dags/example_setup_teardown.py
[2026-09-15T21:12:42.269+0000] {processor.py:840} INFO - DAG(s) 'example_setup_teardown' retrieved from /home/airflow/.local/lib/python3.12/site-packages/airflow/example_dags/example_setup_teardown.py
[2026-09-15T21:12:42.286+0000] {logging_mixin.py:188} INFO - [2026-09-15T21:12:42.286+0000] {dag.py:3089} INFO - Sync 1 DAGs
[2026-09-15T21:12:42.304+0000] {logging_mixin.py:188} INFO - [2026-09-15T21:12:42.303+0000] {dag.py:3947} INFO - Setting next_dagrun for example_setup_teardown to 2026-09-14 00:00:00+00:00, run_after=2026-09-15 00:00:00+00:00
[2026-09-15T21:12:42.320+0000] {processor.py:183} INFO - Processing /home/airflow/.local/lib/python3.12/site-packages/airflow/example_dags/example_setup_teardown.py took 0.065 seconds
[2026-09-15T21:13:12.706+0000] {processor.py:161} INFO - Started process (PID=1499) to work on /home/airflow/.local/lib/python3.12/site-packages/airflow/example_dags/example_setup_teardown.py
[2026-09-15T21:13:12.707+0000] {processor.py:830} INFO - Processing file /home/airflow/.local/lib/python3.12/site-packages/airflow/example_dags/example_setup_teardown.py for tasks to queue
[2026-09-15T21:13:12.709+0000] {logging_mixin.py:188} INFO - [2026-09-15T21:13:12.709+0000] {dagbag.py:545} INFO - Filling up the DagBag from /home/airflow/.local/lib/python3.12/site-packages/airflow/example_dags/example_setup_teardown.py
[2026-09-15T21:13:12.714+0000] {processor.py:840} INFO - DAG(s) 'example_setup_teardown' retrieved from /home/airflow/.local/lib/python3.12/site-packages/airflow/example_dags/example_setup_teardown.py
[2026-09-15T21:13:12.732+0000] {logging_mixin.py:188} INFO - [2026-09-15T21:13:12.731+0000] {dag.py:3089} INFO - Sync 1 DAGs
[2026-09-15T21:13:12.748+0000] {logging_mixin.py:188} INFO - [2026-09-15T21:13:12.748+0000] {dag.py:3947} INFO - Setting next_dagrun for example_setup_teardown to 2026-09-14 00:00:00+00:00, run_after=2026-09-15 00:00:00+00:00
[2026-09-15T21:13:12.763+0000] {processor.py:183} INFO - Processing /home/airflow/.local/lib/python3.12/site-packages/airflow/example_dags/example_setup_teardown.py took 0.061 seconds
[2026-09-15T21:13:42.852+0000] {processor.py:161} INFO - Started process (PID=1557) to work on /home/airflow/.local/lib/python3.12/site-packages/airflow/example_dags/example_setup_teardown.py
[2026-09-15T21:13:42.854+0000] {processor.py:830} INFO - Processing file /home/airflow/.local/lib/python3.12/site-packages/airflow/example_dags/example_setup_teardown.py for tasks to queue
[2026-09-15T21:13:42.856+0000] {logging_mixin.py:188} INFO - [2026-09-15T21:13:42.856+0000] {dagbag.py:545} INFO - Filling up the DagBag from /home/airflow/.local/lib/python3.12/site-packages/airflow/example_dags/example_setup_teardown.py
[2026-09-15T21:13:42.862+0000] {processor.py:840} INFO - DAG(s) 'example_setup_teardown' retrieved from /home/airflow/.local/lib/python3.12/site-packages/airflow/example_dags/example_setup_teardown.py
[2026-09-15T21:13:42.879+0000] {logging_mixin.py:188} INFO - [2026-09-15T21:13:42.878+0000] {dag.py:3089} INFO - Sync 1 DAGs
[2026-09-15T21:13:42.895+0000] {logging_mixin.py:188} INFO - [2026-09-15T21:13:42.895+0000] {dag.py:3947} INFO - Setting next_dagrun for example_setup_teardown to 2026-09-14 00:00:00+00:00, run_after=2026-09-15 00:00:00+00:00
[2026-09-15T21:13:42.910+0000] {processor.py:183} INFO - Processing /home/airflow/.local/lib/python3.12/site-packages/airflow/example_dags/example_setup_teardown.py took 0.062 seconds
[2026-09-15T21:14:13.731+0000] {processor.py:161} INFO - Started process (PID=1615) to work on /home/airflow/.local/lib/python3.12/site-packages/airflow/example_dags/example_setup_teardown.py
[2026-09-15T21:14:13.732+0000] {processor.py:830} INFO - Processing file /home/airflow/.local/lib/python3.12/site-packages/airflow/example_dags/example_setup_teardown.py for tasks to queue
[2026-09-15T21:14:13.734+0000] {logging_mixin.py:188} INFO - [2026-09-15T21:14:13.733+0000] {dagbag.py:545} INFO - Filling up the DagBag from /home/airflow/.local/lib/python3.12/site-packages/airflow/example_dags/example_setup_teardown.py
[2026-09-15T21:14:13.738+0000] {processor.py:840} INFO - DAG(s) 'example_setup_teardown' retrieved from /home/airflow/.local/lib/python3.12/site-packages/airflow/example_dags/example_setup_teardown.py
[2026-09-15T21:14:13.754+0000] {logging_mixin.py:188} INFO - [2026-09-15T21:14:13.754+0000] {dag.py:3089} INFO - Sync 1 DAGs
[2026-09-15T21:14:13.770+0000] {logging_mixin.py:188} INFO - [2026-09-15T21:14:13.769+0000] {dag.py:3947} INFO - Setting next_dagrun for example_setup_teardown to 2026-09-14 00:00:00+00:00, run_after=2026-09-15 00:00:00+00:00
[2026-09-15T21:14:13.783+0000] {processor.py:183} INFO - Processing /home/airflow/.local/lib/python3.12/site-packages/airflow/example_dags/example_setup_teardown.py took 0.058 seconds
[2026-09-15T21:14:43.997+0000] {processor.py:161} INFO - Started process (PID=1673) to work on /home/airflow/.local/lib/python3.12/site-packages/airflow/example_dags/example_setup_teardown.py
[2026-09-15T21:14:43.999+0000] {processor.py:830} INFO - Processing file /home/airflow/.local/lib/python3.12/site-packages/airflow/example_dags/example_setup_teardown.py for tasks to queue
[2026-09-15T21:14:44.000+0000] {logging_mixin.py:188} INFO - [2026-09-15T21:14:44.000+0000] {dagbag.py:545} INFO - Filling up the DagBag from /home/airflow/.local/lib/python3.12/site-packages/airflow/example_dags/example_setup_teardown.py
[2026-09-15T21:14:44.007+0000] {processor.py:840} INFO - DAG(s) 'example_setup_teardown' retrieved from /home/airflow/.local/lib/python3.12/site-packages/airflow/example_dags/example_setup_teardown.py
[2026-09-15T21:14:44.025+0000] {logging_mixin.py:188} INFO - [2026-09-15T21:14:44.025+0000] {dag.py:3089} INFO - Sync 1 DAGs
[2026-09-15T21:14:44.046+0000] {logging_mixin.py:188} INFO - [2026-09-15T21:14:44.045+0000] {dag.py:3947} INFO - Setting next_dagrun for example_setup_teardown to 2026-09-14 00:00:00+00:00, run_after=2026-09-15 00:00:00+00:00
[2026-09-15T21:14:44.067+0000] {processor.py:183} INFO - Processing /home/airflow/.local/lib/python3.12/site-packages/airflow/example_dags/example_setup_teardown.py took 0.075 seconds
[2026-09-15T21:15:14.655+0000] {processor.py:161} INFO - Started process (PID=1731) to work on /home/airflow/.local/lib/python3.12/site-packages/airflow/example_dags/example_setup_teardown.py
[2026-09-15T21:15:14.656+0000] {processor.py:830} INFO - Processing file /home/airflow/.local/lib/python3.12/site-packages/airflow/example_dags/example_setup_teardown.py for tasks to queue
[2026-09-15T21:15:14.658+0000] {logging_mixin.py:188} INFO - [2026-09-15T21:15:14.658+0000] {dagbag.py:545} INFO - Filling up the DagBag from /home/airflow/.local/lib/python3.12/site-packages/airflow/example_dags/example_setup_teardown.py
[2026-09-15T21:15:14.664+0000] {processor.py:840} INFO - DAG(s) 'example_setup_teardown' retrieved from /home/airflow/.local/lib/python3.12/site-packages/airflow/example_dags/example_setup_teardown.py
[2026-09-15T21:15:14.684+0000] {logging_mixin.py:188} INFO - [2026-09-15T21:15:14.683+0000] {dag.py:3089} INFO - Sync 1 DAGs
[2026-09-15T21:15:14.701+0000] {logging_mixin.py:188} INFO - [2026-09-15T21:15:14.701+0000] {dag.py:3947} INFO - Setting next_dagrun for example_setup_teardown to 2026-09-14 00:00:00+00:00, run_after=2026-09-15 00:00:00+00:00
[2026-09-15T21:15:14.717+0000] {processor.py:183} INFO - Processing /home/airflow/.local/lib/python3.12/site-packages/airflow/example_dags/example_setup_teardown.py took 0.066 seconds
[2026-09-15T21:15:45.489+0000] {processor.py:161} INFO - Started process (PID=1789) to work on /home/airflow/.local/lib/python3.12/site-packages/airflow/example_dags/example_setup_teardown.py
[2026-09-15T21:15:45.491+0000] {processor.py:830} INFO - Processing file /home/airflow/.local/lib/python3.12/site-packages/airflow/example_dags/example_setup_teardown.py for tasks to queue
[2026-09-15T21:15:45.493+0000] {logging_mixin.py:188} INFO - [2026-09-15T21:15:45.493+0000] {dagbag.py:545} INFO - Filling up the DagBag from /home/airflow/.local/lib/python3.12/site-packages/airflow/example_dags/example_setup_teardown.py
[2026-09-15T21:15:45.500+0000] {processor.py:840} INFO - DAG(s) 'example_setup_teardown' retrieved from /home/airflow/.local/lib/python3.12/site-packages/airflow/example_dags/example_setup_teardown.py
[2026-09-15T21:15:45.521+0000] {logging_mixin.py:188} INFO - [2026-09-15T21:15:45.521+0000] {dag.py:3089} INFO - Sync 1 DAGs
[2026-09-15T21:15:45.539+0000] {logging_mixin.py:188} INFO - [2026-09-15T21:15:45.539+0000] {dag.py:3947} INFO - Setting next_dagrun for example_setup_teardown to 2026-09-14 00:00:00+00:00, run_after=2026-09-15 00:00:00+00:00
[2026-09-15T21:15:45.557+0000] {processor.py:183} INFO - Processing /home/airflow/.local/lib/python3.12/site-packages/airflow/example_dags/example_setup_teardown.py took 0.075 seconds
[2026-09-15T21:16:16.213+0000] {processor.py:161} INFO - Started process (PID=1847) to work on /home/airflow/.local/lib/python3.12/site-packages/airflow/example_dags/example_setup_teardown.py
[2026-09-15T21:16:16.214+0000] {processor.py:830} INFO - Processing file /home/airflow/.local/lib/python3.12/site-packages/airflow/example_dags/example_setup_teardown.py for tasks to queue
[2026-09-15T21:16:16.216+0000] {logging_mixin.py:188} INFO - [2026-09-15T21:16:16.216+0000] {dagbag.py:545} INFO - Filling up the DagBag from /home/airflow/.local/lib/python3.12/site-packages/airflow/example_dags/example_setup_teardown.py
[2026-09-15T21:16:16.222+0000] {processor.py:840} INFO - DAG(s) 'example_setup_teardown' retrieved from /home/airflow/.local/lib/python3.12/site-packages/airflow/example_dags/example_setup_teardown.py
[2026-09-15T21:16:16.240+0000] {logging_mixin.py:188} INFO - [2026-09-15T21:16:16.240+0000] {dag.py:3089} INFO - Sync 1 DAGs
[2026-09-15T21:16:16.256+0000] {logging_mixin.py:188} INFO - [2026-09-15T21:16:16.256+0000] {dag.py:3947} INFO - Setting next_dagrun for example_setup_teardown to 2026-09-14 00:00:00+00:00, run_after=2026-09-15 00:00:00+00:00
[2026-09-15T21:16:16.273+0000] {processor.py:183} INFO - Processing /home/airflow/.local/lib/python3.12/site-packages/airflow/example_dags/example_setup_teardown.py took 0.065 seconds
[2026-09-15T21:17:37.166+0000] {processor.py:161} INFO - Started process (PID=99) to work on /home/airflow/.local/lib/python3.12/site-packages/airflow/example_dags/example_setup_teardown.py
[2026-09-15T21:17:37.167+0000] {processor.py:830} INFO - Processing file /home/airflow/.local/lib/python3.12/site-packages/airflow/example_dags/example_setup_teardown.py for tasks to queue
[2026-09-15T21:17:37.169+0000] {logging_mixin.py:188} INFO - [2026-09-15T21:17:37.169+0000] {dagbag.py:545} INFO - Filling up the DagBag from /home/airflow/.local/lib/python3.12/site-packages/airflow/example_dags/example_setup_teardown.py
[2026-09-15T21:17:37.175+0000] {processor.py:840} INFO - DAG(s) 'example_setup_teardown' retrieved from /home/airflow/.local/lib/python3.12/site-packages/airflow/example_dags/example_setup_teardown.py
[2026-09-15T21:17:37.188+0000] {logging_mixin.py:188} INFO - [2026-09-15T21:17:37.187+0000] {dag.py:3089} INFO - Sync 1 DAGs
[2026-09-15T21:17:37.207+0000] {logging_mixin.py:188} INFO - [2026-09-15T21:17:37.206+0000] {dag.py:3947} INFO - Setting next_dagrun for example_setup_teardown to 2026-09-14 00:00:00+00:00, run_after=2026-09-15 00:00:00+00:00
[2026-09-15T21:17:37.225+0000] {processor.py:183} INFO - Processing /home/airflow/.local/lib/python3.12/site-packages/airflow/example_dags/example_setup_teardown.py took 0.064 seconds
[2026-09-15T21:18:08.641+0000] {processor.py:161} INFO - Started process (PID=158) to work on /home/airflow/.local/lib/python3.12/site-packages/airflow/example_dags/example_setup_teardown.py
[2026-09-15T21:18:08.642+0000] {processor.py:830} INFO - Processing file /home/airflow/.local/lib/python3.12/site-packages/airflow/example_dags/example_setup_teardown.py for tasks to queue
[2026-09-15T21:18:08.645+0000] {logging_mixin.py:188} INFO - [2026-09-15T21:18:08.644+0000] {dagbag.py:545} INFO - Filling up the DagBag from /home/airflow/.local/lib/python3.12/site-packages/airflow/example_dags/example_setup_teardown.py
[2026-09-15T21:18:08.650+0000] {processor.py:840} INFO - DAG(s) 'example_setup_teardown' retrieved from /home/airflow/.local/lib/python3.12/site-packages/airflow/example_dags/example_setup_teardown.py
[2026-09-15T21:18:08.722+0000] {logging_mixin.py:188} INFO - [2026-09-15T21:18:08.722+0000] {dag.py:3089} INFO - Sync 1 DAGs
[2026-09-15T21:18:08.739+0000] {logging_mixin.py:188} INFO - [2026-09-15T21:18:08.739+0000] {dag.py:3947} INFO - Setting next_dagrun for example_setup_teardown to 2026-09-14 00:00:00+00:00, run_after=2026-09-15 00:00:00+00:00
[2026-09-15T21:18:08.755+0000] {processor.py:183} INFO - Processing /home/airflow/.local/lib/python3.12/site-packages/airflow/example_dags/example_setup_teardown.py took 0.119 seconds
[2026-09-15T21:18:38.879+0000] {processor.py:161} INFO - Started process (PID=216) to work on /home/airflow/.local/lib/python3.12/site-packages/airflow/example_dags/example_setup_teardown.py
[2026-09-15T21:18:38.881+0000] {processor.py:830} INFO - Processing file /home/airflow/.local/lib/python3.12/site-packages/airflow/example_dags/example_setup_teardown.py for tasks to queue
[2026-09-15T21:18:38.883+0000] {logging_mixin.py:188} INFO - [2026-09-15T21:18:38.882+0000] {dagbag.py:545} INFO - Filling up the DagBag from /home/airflow/.local/lib/python3.12/site-packages/airflow/example_dags/example_setup_teardown.py
[2026-09-15T21:18:38.888+0000] {processor.py:840} INFO - DAG(s) 'example_setup_teardown' retrieved from /home/airflow/.local/lib/python3.12/site-packages/airflow/example_dags/example_setup_teardown.py
[2026-09-15T21:18:38.910+0000] {logging_mixin.py:188} INFO - [2026-09-15T21:18:38.910+0000] {dag.py:3089} INFO - Sync 1 DAGs
[2026-09-15T21:18:38.927+0000] {logging_mixin.py:188} INFO - [2026-09-15T21:18:38.927+0000] {dag.py:3947} INFO - Setting next_dagrun for example_setup_teardown to 2026-09-14 00:00:00+00:00, run_after=2026-09-15 00:00:00+00:00
[2026-09-15T21:18:38.947+0000] {processor.py:183} INFO - Processing /home/airflow/.local/lib/python3.12/site-packages/airflow/example_dags/example_setup_teardown.py took 0.075 seconds
[2026-09-15T21:19:09.523+0000] {processor.py:161} INFO - Started process (PID=274) to work on /home/airflow/.local/lib/python3.12/site-packages/airflow/example_dags/example_setup_teardown.py
[2026-09-15T21:19:09.524+0000] {processor.py:830} INFO - Processing file /home/airflow/.local/lib/python3.12/site-packages/airflow/example_dags/example_setup_teardown.py for tasks to queue
[2026-09-15T21:19:09.527+0000] {logging_mixin.py:188} INFO - [2026-09-15T21:19:09.526+0000] {dagbag.py:545} INFO - Filling up the DagBag from /home/airflow/.local/lib/python3.12/site-packages/airflow/example_dags/example_setup_teardown.py
[2026-09-15T21:19:09.533+0000] {processor.py:840} INFO - DAG(s) 'example_setup_teardown' retrieved from /home/airflow/.local/lib/python3.12/site-packages/airflow/example_dags/example_setup_teardown.py
[2026-09-15T21:19:09.551+0000] {logging_mixin.py:188} INFO - [2026-09-15T21:19:09.551+0000] {dag.py:3089} INFO - Sync 1 DAGs
[2026-09-15T21:19:09.568+0000] {logging_mixin.py:188} INFO - [2026-09-15T21:19:09.568+0000] {dag.py:3947} INFO - Setting next_dagrun for example_setup_teardown to 2026-09-14 00:00:00+00:00, run_after=2026-09-15 00:00:00+00:00
[2026-09-15T21:19:09.584+0000] {processor.py:183} INFO - Processing /home/airflow/.local/lib/python3.12/site-packages/airflow/example_dags/example_setup_teardown.py took 0.066 seconds
[2026-09-15T21:19:40.346+0000] {processor.py:161} INFO - Started process (PID=332) to work on /home/airflow/.local/lib/python3.12/site-packages/airflow/example_dags/example_setup_teardown.py
[2026-09-15T21:19:40.347+0000] {processor.py:830} INFO - Processing file /home/airflow/.local/lib/python3.12/site-packages/airflow/example_dags/example_setup_teardown.py for tasks to queue
[2026-09-15T21:19:40.349+0000] {logging_mixin.py:188} INFO - [2026-09-15T21:19:40.348+0000] {dagbag.py:545} INFO - Filling up the DagBag from /home/airflow/.local/lib/python3.12/site-packages/airflow/example_dags/example_setup_teardown.py
[2026-09-15T21:19:40.354+0000] {processor.py:840} INFO - DAG(s) 'example_setup_teardown' retrieved from /home/airflow/.local/lib/python3.12/site-packages/airflow/example_dags/example_setup_teardown.py
[2026-09-15T21:19:40.370+0000] {logging_mixin.py:188} INFO - [2026-09-15T21:19:40.370+0000] {dag.py:3089} INFO - Sync 1 DAGs
[2026-09-15T21:19:40.385+0000] {logging_mixin.py:188} INFO - [2026-09-15T21:19:40.385+0000] {dag.py:3947} INFO - Setting next_dagrun for example_setup_teardown to 2026-09-14 00:00:00+00:00, run_after=2026-09-15 00:00:00+00:00
[2026-09-15T21:19:40.401+0000] {processor.py:183} INFO - Processing /home/airflow/.local/lib/python3.12/site-packages/airflow/example_dags/example_setup_teardown.py took 0.059 seconds
[2026-09-15T21:20:10.491+0000] {processor.py:161} INFO - Started process (PID=390) to work on /home/airflow/.local/lib/python3.12/site-packages/airflow/example_dags/example_setup_teardown.py
[2026-09-15T21:20:10.492+0000] {processor.py:830} INFO - Processing file /home/airflow/.local/lib/python3.12/site-packages/airflow/example_dags/example_setup_teardown.py for tasks to queue
[2026-09-15T21:20:10.494+0000] {logging_mixin.py:188} INFO - [2026-09-15T21:20:10.494+0000] {dagbag.py:545} INFO - Filling up the DagBag from /home/airflow/.local/lib/python3.12/site-packages/airflow/example_dags/example_setup_teardown.py
[2026-09-15T21:20:10.499+0000] {processor.py:840} INFO - DAG(s) 'example_setup_teardown' retrieved from /home/airflow/.local/lib/python3.12/site-packages/airflow/example_dags/example_setup_teardown.py
[2026-09-15T21:20:10.514+0000] {logging_mixin.py:188} INFO - [2026-09-15T21:20:10.514+0000] {dag.py:3089} INFO - Sync 1 DAGs
[2026-09-15T21:20:10.530+0000] {logging_mixin.py:188} INFO - [2026-09-15T21:20:10.530+0000] {dag.py:3947} INFO - Setting next_dagrun for example_setup_teardown to 2026-09-14 00:00:00+00:00, run_after=2026-09-15 00:00:00+00:00
[2026-09-15T21:20:10.544+0000] {processor.py:183} INFO - Processing /home/airflow/.local/lib/python3.12/site-packages/airflow/example_dags/example_setup_teardown.py took 0.058 seconds
[2026-09-15T21:20:40.751+0000] {processor.py:161} INFO - Started process (PID=448) to work on /home/airflow/.local/lib/python3.12/site-packages/airflow/example_dags/example_setup_teardown.py
[2026-09-15T21:20:40.753+0000] {processor.py:830} INFO - Processing file /home/airflow/.local/lib/python3.12/site-packages/airflow/example_dags/example_setup_teardown.py for tasks to queue
[2026-09-15T21:20:40.755+0000] {logging_mixin.py:188} INFO - [2026-09-15T21:20:40.754+0000] {dagbag.py:545} INFO - Filling up the DagBag from /home/airflow/.local/lib/python3.12/site-packages/airflow/example_dags/example_setup_teardown.py
[2026-09-15T21:20:40.761+0000] {processor.py:840} INFO - DAG(s) 'example_setup_teardown' retrieved from /home/airflow/.local/lib/python3.12/site-packages/airflow/example_dags/example_setup_teardown.py
[2026-09-15T21:20:40.779+0000] {logging_mixin.py:188} INFO - [2026-09-15T21:20:40.778+0000] {dag.py:3089} INFO - Sync 1 DAGs
[2026-09-15T21:20:40.796+0000] {logging_mixin.py:188} INFO - [2026-09-15T21:20:40.795+0000] {dag.py:3947} INFO - Setting next_dagrun for example_setup_teardown to 2026-09-14 00:00:00+00:00, run_after=2026-09-15 00:00:00+00:00
[2026-09-15T21:20:40.812+0000] {processor.py:183} INFO - Processing /home/airflow/.local/lib/python3.12/site-packages/airflow/example_dags/example_setup_teardown.py took 0.065 seconds
[2026-09-15T21:22:09.257+0000] {processor.py:161} INFO - Started process (PID=390) to work on /home/airflow/.local/lib/python3.12/site-packages/airflow/example_dags/example_setup_teardown.py
[2026-09-15T21:22:09.258+0000] {processor.py:830} INFO - Processing file /home/airflow/.local/lib/python3.12/site-packages/airflow/example_dags/example_setup_teardown.py for tasks to queue
[2026-09-15T21:22:09.261+0000] {logging_mixin.py:188} INFO - [2026-09-15T21:22:09.261+0000] {dagbag.py:545} INFO - Filling up the DagBag from /home/airflow/.local/lib/python3.12/site-packages/airflow/example_dags/example_setup_teardown.py
[2026-09-15T21:22:09.273+0000] {processor.py:840} INFO - DAG(s) 'example_setup_teardown' retrieved from /home/airflow/.local/lib/python3.12/site-packages/airflow/example_dags/example_setup_teardown.py
[2026-09-15T21:22:09.292+0000] {logging_mixin.py:188} INFO - [2026-09-15T21:22:09.292+0000] {dag.py:3089} INFO - Sync 1 DAGs
[2026-09-15T21:22:09.320+0000] {logging_mixin.py:188} INFO - [2026-09-15T21:22:09.320+0000] {dag.py:3947} INFO - Setting next_dagrun for example_setup_teardown to 2026-09-14 00:00:00+00:00, run_after=2026-09-15 00:00:00+00:00
[2026-09-15T21:22:09.345+0000] {processor.py:183} INFO - Processing /home/airflow/.local/lib/python3.12/site-packages/airflow/example_dags/example_setup_teardown.py took 0.095 seconds
[2026-09-15T21:22:40.873+0000] {processor.py:161} INFO - Started process (PID=656) to work on /home/airflow/.local/lib/python3.12/site-packages/airflow/example_dags/example_setup_teardown.py
[2026-09-15T21:22:40.875+0000] {processor.py:830} INFO - Processing file /home/airflow/.local/lib/python3.12/site-packages/airflow/example_dags/example_setup_teardown.py for tasks to queue
[2026-09-15T21:22:40.876+0000] {logging_mixin.py:188} INFO - [2026-09-15T21:22:40.876+0000] {dagbag.py:545} INFO - Filling up the DagBag from /home/airflow/.local/lib/python3.12/site-packages/airflow/example_dags/example_setup_teardown.py
[2026-09-15T21:22:40.881+0000] {processor.py:840} INFO - DAG(s) 'example_setup_teardown' retrieved from /home/airflow/.local/lib/python3.12/site-packages/airflow/example_dags/example_setup_teardown.py
[2026-09-15T21:22:40.967+0000] {logging_mixin.py:188} INFO - [2026-09-15T21:22:40.967+0000] {dag.py:3089} INFO - Sync 1 DAGs
[2026-09-15T21:22:40.984+0000] {logging_mixin.py:188} INFO - [2026-09-15T21:22:40.983+0000] {dag.py:3947} INFO - Setting next_dagrun for example_setup_teardown to 2026-09-14 00:00:00+00:00, run_after=2026-09-15 00:00:00+00:00
[2026-09-15T21:22:40.998+0000] {processor.py:183} INFO - Processing /home/airflow/.local/lib/python3.12/site-packages/airflow/example_dags/example_setup_teardown.py took 0.129 seconds
[2026-09-15T21:23:12.005+0000] {processor.py:161} INFO - Started process (PID=920) to work on /home/airflow/.local/lib/python3.12/site-packages/airflow/example_dags/example_setup_teardown.py
[2026-09-15T21:23:12.006+0000] {processor.py:830} INFO - Processing file /home/airflow/.local/lib/python3.12/site-packages/airflow/example_dags/example_setup_teardown.py for tasks to queue
[2026-09-15T21:23:12.008+0000] {logging_mixin.py:188} INFO - [2026-09-15T21:23:12.008+0000] {dagbag.py:545} INFO - Filling up the DagBag from /home/airflow/.local/lib/python3.12/site-packages/airflow/example_dags/example_setup_teardown.py
[2026-09-15T21:23:12.013+0000] {processor.py:840} INFO - DAG(s) 'example_setup_teardown' retrieved from /home/airflow/.local/lib/python3.12/site-packages/airflow/example_dags/example_setup_teardown.py
[2026-09-15T21:23:12.031+0000] {logging_mixin.py:188} INFO - [2026-09-15T21:23:12.031+0000] {dag.py:3089} INFO - Sync 1 DAGs
[2026-09-15T21:23:12.050+0000] {logging_mixin.py:188} INFO - [2026-09-15T21:23:12.050+0000] {dag.py:3947} INFO - Setting next_dagrun for example_setup_teardown to 2026-09-14 00:00:00+00:00, run_after=2026-09-15 00:00:00+00:00
[2026-09-15T21:23:12.067+0000] {processor.py:183} INFO - Processing /home/airflow/.local/lib/python3.12/site-packages/airflow/example_dags/example_setup_teardown.py took 0.066 seconds
[2026-09-15T21:23:42.145+0000] {processor.py:161} INFO - Started process (PID=1182) to work on /home/airflow/.local/lib/python3.12/site-packages/airflow/example_dags/example_setup_teardown.py
[2026-09-15T21:23:42.146+0000] {processor.py:830} INFO - Processing file /home/airflow/.local/lib/python3.12/site-packages/airflow/example_dags/example_setup_teardown.py for tasks to queue
[2026-09-15T21:23:42.147+0000] {logging_mixin.py:188} INFO - [2026-09-15T21:23:42.147+0000] {dagbag.py:545} INFO - Filling up the DagBag from /home/airflow/.local/lib/python3.12/site-packages/airflow/example_dags/example_setup_teardown.py
[2026-09-15T21:23:42.152+0000] {processor.py:840} INFO - DAG(s) 'example_setup_teardown' retrieved from /home/airflow/.local/lib/python3.12/site-packages/airflow/example_dags/example_setup_teardown.py
[2026-09-15T21:23:42.169+0000] {logging_mixin.py:188} INFO - [2026-09-15T21:23:42.169+0000] {dag.py:3089} INFO - Sync 1 DAGs
[2026-09-15T21:23:42.184+0000] {logging_mixin.py:188} INFO - [2026-09-15T21:23:42.184+0000] {dag.py:3947} INFO - Setting next_dagrun for example_setup_teardown to 2026-09-14 00:00:00+00:00, run_after=2026-09-15 00:00:00+00:00
[2026-09-15T21:23:42.198+0000] {processor.py:183} INFO - Processing /home/airflow/.local/lib/python3.12/site-packages/airflow/example_dags/example_setup_teardown.py took 0.057 seconds
[2026-09-15T21:24:12.310+0000] {processor.py:161} INFO - Started process (PID=1444) to work on /home/airflow/.local/lib/python3.12/site-packages/airflow/example_dags/example_setup_teardown.py
[2026-09-15T21:24:12.311+0000] {processor.py:830} INFO - Processing file /home/airflow/.local/lib/python3.12/site-packages/airflow/example_dags/example_setup_teardown.py for tasks to queue
[2026-09-15T21:24:12.313+0000] {logging_mixin.py:188} INFO - [2026-09-15T21:24:12.313+0000] {dagbag.py:545} INFO - Filling up the DagBag from /home/airflow/.local/lib/python3.12/site-packages/airflow/example_dags/example_setup_teardown.py
[2026-09-15T21:24:12.317+0000] {processor.py:840} INFO - DAG(s) 'example_setup_teardown' retrieved from /home/airflow/.local/lib/python3.12/site-packages/airflow/example_dags/example_setup_teardown.py
[2026-09-15T21:24:12.333+0000] {logging_mixin.py:188} INFO - [2026-09-15T21:24:12.333+0000] {dag.py:3089} INFO - Sync 1 DAGs
[2026-09-15T21:24:12.348+0000] {logging_mixin.py:188} INFO - [2026-09-15T21:24:12.348+0000] {dag.py:3947} INFO - Setting next_dagrun for example_setup_teardown to 2026-09-14 00:00:00+00:00, run_after=2026-09-15 00:00:00+00:00
[2026-09-15T21:24:12.362+0000] {processor.py:183} INFO - Processing /home/airflow/.local/lib/python3.12/site-packages/airflow/example_dags/example_setup_teardown.py took 0.056 seconds
[2026-09-15T21:24:42.527+0000] {processor.py:161} INFO - Started process (PID=1706) to work on /home/airflow/.local/lib/python3.12/site-packages/airflow/example_dags/example_setup_teardown.py
[2026-09-15T21:24:42.528+0000] {processor.py:830} INFO - Processing file /home/airflow/.local/lib/python3.12/site-packages/airflow/example_dags/example_setup_teardown.py for tasks to queue
[2026-09-15T21:24:42.530+0000] {logging_mixin.py:188} INFO - [2026-09-15T21:24:42.529+0000] {dagbag.py:545} INFO - Filling up the DagBag from /home/airflow/.local/lib/python3.12/site-packages/airflow/example_dags/example_setup_teardown.py
[2026-09-15T21:24:42.534+0000] {processor.py:840} INFO - DAG(s) 'example_setup_teardown' retrieved from /home/airflow/.local/lib/python3.12/site-packages/airflow/example_dags/example_setup_teardown.py
[2026-09-15T21:24:42.552+0000] {logging_mixin.py:188} INFO - [2026-09-15T21:24:42.551+0000] {dag.py:3089} INFO - Sync 1 DAGs
[2026-09-15T21:24:42.568+0000] {logging_mixin.py:188} INFO - [2026-09-15T21:24:42.568+0000] {dag.py:3947} INFO - Setting next_dagrun for example_setup_teardown to 2026-09-14 00:00:00+00:00, run_after=2026-09-15 00:00:00+00:00
[2026-09-15T21:24:42.583+0000] {processor.py:183} INFO - Processing /home/airflow/.local/lib/python3.12/site-packages/airflow/example_dags/example_setup_teardown.py took 0.061 seconds
[2026-09-15T21:25:12.737+0000] {processor.py:161} INFO - Started process (PID=1968) to work on /home/airflow/.local/lib/python3.12/site-packages/airflow/example_dags/example_setup_teardown.py
[2026-09-15T21:25:12.738+0000] {processor.py:830} INFO - Processing file /home/airflow/.local/lib/python3.12/site-packages/airflow/example_dags/example_setup_teardown.py for tasks to queue
[2026-09-15T21:25:12.740+0000] {logging_mixin.py:188} INFO - [2026-09-15T21:25:12.740+0000] {dagbag.py:545} INFO - Filling up the DagBag from /home/airflow/.local/lib/python3.12/site-packages/airflow/example_dags/example_setup_teardown.py
[2026-09-15T21:25:12.744+0000] {processor.py:840} INFO - DAG(s) 'example_setup_teardown' retrieved from /home/airflow/.local/lib/python3.12/site-packages/airflow/example_dags/example_setup_teardown.py
[2026-09-15T21:25:12.761+0000] {logging_mixin.py:188} INFO - [2026-09-15T21:25:12.761+0000] {dag.py:3089} INFO - Sync 1 DAGs
[2026-09-15T21:25:12.777+0000] {logging_mixin.py:188} INFO - [2026-09-15T21:25:12.777+0000] {dag.py:3947} INFO - Setting next_dagrun for example_setup_teardown to 2026-09-14 00:00:00+00:00, run_after=2026-09-15 00:00:00+00:00
[2026-09-15T21:25:12.790+0000] {processor.py:183} INFO - Processing /home/airflow/.local/lib/python3.12/site-packages/airflow/example_dags/example_setup_teardown.py took 0.057 seconds
[2026-09-15T21:25:43.168+0000] {processor.py:161} INFO - Started process (PID=2230) to work on /home/airflow/.local/lib/python3.12/site-packages/airflow/example_dags/example_setup_teardown.py
[2026-09-15T21:25:43.169+0000] {processor.py:830} INFO - Processing file /home/airflow/.local/lib/python3.12/site-packages/airflow/example_dags/example_setup_teardown.py for tasks to queue
[2026-09-15T21:25:43.171+0000] {logging_mixin.py:188} INFO - [2026-09-15T21:25:43.171+0000] {dagbag.py:545} INFO - Filling up the DagBag from /home/airflow/.local/lib/python3.12/site-packages/airflow/example_dags/example_setup_teardown.py
[2026-09-15T21:25:43.175+0000] {processor.py:840} INFO - DAG(s) 'example_setup_teardown' retrieved from /home/airflow/.local/lib/python3.12/site-packages/airflow/example_dags/example_setup_teardown.py
[2026-09-15T21:25:43.192+0000] {logging_mixin.py:188} INFO - [2026-09-15T21:25:43.192+0000] {dag.py:3089} INFO - Sync 1 DAGs
[2026-09-15T21:25:43.209+0000] {logging_mixin.py:188} INFO - [2026-09-15T21:25:43.209+0000] {dag.py:3947} INFO - Setting next_dagrun for example_setup_teardown to 2026-09-14 00:00:00+00:00, run_after=2026-09-15 00:00:00+00:00
[2026-09-15T21:25:43.225+0000] {processor.py:183} INFO - Processing /home/airflow/.local/lib/python3.12/site-packages/airflow/example_dags/example_setup_teardown.py took 0.061 seconds
[2026-09-15T21:26:13.376+0000] {processor.py:161} INFO - Started process (PID=2492) to work on /home/airflow/.local/lib/python3.12/site-packages/airflow/example_dags/example_setup_teardown.py
[2026-09-15T21:26:13.377+0000] {processor.py:830} INFO - Processing file /home/airflow/.local/lib/python3.12/site-packages/airflow/example_dags/example_setup_teardown.py for tasks to queue
[2026-09-15T21:26:13.379+0000] {logging_mixin.py:188} INFO - [2026-09-15T21:26:13.379+0000] {dagbag.py:545} INFO - Filling up the DagBag from /home/airflow/.local/lib/python3.12/site-packages/airflow/example_dags/example_setup_teardown.py
[2026-09-15T21:26:13.384+0000] {processor.py:840} INFO - DAG(s) 'example_setup_teardown' retrieved from /home/airflow/.local/lib/python3.12/site-packages/airflow/example_dags/example_setup_teardown.py
[2026-09-15T21:26:13.403+0000] {logging_mixin.py:188} INFO - [2026-09-15T21:26:13.403+0000] {dag.py:3089} INFO - Sync 1 DAGs
[2026-09-15T21:26:13.420+0000] {logging_mixin.py:188} INFO - [2026-09-15T21:26:13.420+0000] {dag.py:3947} INFO - Setting next_dagrun for example_setup_teardown to 2026-09-14 00:00:00+00:00, run_after=2026-09-15 00:00:00+00:00
[2026-09-15T21:26:13.436+0000] {processor.py:183} INFO - Processing /home/airflow/.local/lib/python3.12/site-packages/airflow/example_dags/example_setup_teardown.py took 0.065 seconds
[2026-09-15T21:26:43.488+0000] {processor.py:161} INFO - Started process (PID=2754) to work on /home/airflow/.local/lib/python3.12/site-packages/airflow/example_dags/example_setup_teardown.py
[2026-09-15T21:26:43.489+0000] {processor.py:830} INFO - Processing file /home/airflow/.local/lib/python3.12/site-packages/airflow/example_dags/example_setup_teardown.py for tasks to queue
[2026-09-15T21:26:43.491+0000] {logging_mixin.py:188} INFO - [2026-09-15T21:26:43.491+0000] {dagbag.py:545} INFO - Filling up the DagBag from /home/airflow/.local/lib/python3.12/site-packages/airflow/example_dags/example_setup_teardown.py
[2026-09-15T21:26:43.497+0000] {processor.py:840} INFO - DAG(s) 'example_setup_teardown' retrieved from /home/airflow/.local/lib/python3.12/site-packages/airflow/example_dags/example_setup_teardown.py
[2026-09-15T21:26:43.515+0000] {logging_mixin.py:188} INFO - [2026-09-15T21:26:43.515+0000] {dag.py:3089} INFO - Sync 1 DAGs
[2026-09-15T21:26:43.533+0000] {logging_mixin.py:188} INFO - [2026-09-15T21:26:43.533+0000] {dag.py:3947} INFO - Setting next_dagrun for example_setup_teardown to 2026-09-14 00:00:00+00:00, run_after=2026-09-15 00:00:00+00:00
[2026-09-15T21:26:43.552+0000] {processor.py:183} INFO - Processing /home/airflow/.local/lib/python3.12/site-packages/airflow/example_dags/example_setup_teardown.py took 0.068 seconds
[2026-09-15T21:27:13.652+0000] {processor.py:161} INFO - Started process (PID=3014) to work on /home/airflow/.local/lib/python3.12/site-packages/airflow/example_dags/example_setup_teardown.py
[2026-09-15T21:27:13.654+0000] {processor.py:830} INFO - Processing file /home/airflow/.local/lib/python3.12/site-packages/airflow/example_dags/example_setup_teardown.py for tasks to queue
[2026-09-15T21:27:13.662+0000] {logging_mixin.py:188} INFO - [2026-09-15T21:27:13.661+0000] {dagbag.py:545} INFO - Filling up the DagBag from /home/airflow/.local/lib/python3.12/site-packages/airflow/example_dags/example_setup_teardown.py
[2026-09-15T21:27:13.674+0000] {processor.py:840} INFO - DAG(s) 'example_setup_teardown' retrieved from /home/airflow/.local/lib/python3.12/site-packages/airflow/example_dags/example_setup_teardown.py
[2026-09-15T21:27:13.707+0000] {logging_mixin.py:188} INFO - [2026-09-15T21:27:13.707+0000] {dag.py:3089} INFO - Sync 1 DAGs
[2026-09-15T21:27:13.731+0000] {logging_mixin.py:188} INFO - [2026-09-15T21:27:13.730+0000] {dag.py:3947} INFO - Setting next_dagrun for example_setup_teardown to 2026-09-14 00:00:00+00:00, run_after=2026-09-15 00:00:00+00:00
[2026-09-15T21:27:13.757+0000] {processor.py:183} INFO - Processing /home/airflow/.local/lib/python3.12/site-packages/airflow/example_dags/example_setup_teardown.py took 0.113 seconds
[2026-09-15T21:27:43.836+0000] {processor.py:161} INFO - Started process (PID=3276) to work on /home/airflow/.local/lib/python3.12/site-packages/airflow/example_dags/example_setup_teardown.py
[2026-09-15T21:27:43.837+0000] {processor.py:830} INFO - Processing file /home/airflow/.local/lib/python3.12/site-packages/airflow/example_dags/example_setup_teardown.py for tasks to queue
[2026-09-15T21:27:43.839+0000] {logging_mixin.py:188} INFO - [2026-09-15T21:27:43.839+0000] {dagbag.py:545} INFO - Filling up the DagBag from /home/airflow/.local/lib/python3.12/site-packages/airflow/example_dags/example_setup_teardown.py
[2026-09-15T21:27:43.844+0000] {processor.py:840} INFO - DAG(s) 'example_setup_teardown' retrieved from /home/airflow/.local/lib/python3.12/site-packages/airflow/example_dags/example_setup_teardown.py
[2026-09-15T21:27:43.861+0000] {logging_mixin.py:188} INFO - [2026-09-15T21:27:43.860+0000] {dag.py:3089} INFO - Sync 1 DAGs
[2026-09-15T21:27:43.876+0000] {logging_mixin.py:188} INFO - [2026-09-15T21:27:43.876+0000] {dag.py:3947} INFO - Setting next_dagrun for example_setup_teardown to 2026-09-14 00:00:00+00:00, run_after=2026-09-15 00:00:00+00:00
[2026-09-15T21:27:43.889+0000] {processor.py:183} INFO - Processing /home/airflow/.local/lib/python3.12/site-packages/airflow/example_dags/example_setup_teardown.py took 0.057 seconds
[2026-09-15T21:28:14.517+0000] {processor.py:161} INFO - Started process (PID=3540) to work on /home/airflow/.local/lib/python3.12/site-packages/airflow/example_dags/example_setup_teardown.py
[2026-09-15T21:28:14.518+0000] {processor.py:830} INFO - Processing file /home/airflow/.local/lib/python3.12/site-packages/airflow/example_dags/example_setup_teardown.py for tasks to queue
[2026-09-15T21:28:14.520+0000] {logging_mixin.py:188} INFO - [2026-09-15T21:28:14.520+0000] {dagbag.py:545} INFO - Filling up the DagBag from /home/airflow/.local/lib/python3.12/site-packages/airflow/example_dags/example_setup_teardown.py
[2026-09-15T21:28:14.525+0000] {processor.py:840} INFO - DAG(s) 'example_setup_teardown' retrieved from /home/airflow/.local/lib/python3.12/site-packages/airflow/example_dags/example_setup_teardown.py
[2026-09-15T21:28:14.541+0000] {logging_mixin.py:188} INFO - [2026-09-15T21:28:14.541+0000] {dag.py:3089} INFO - Sync 1 DAGs
[2026-09-15T21:28:14.558+0000] {logging_mixin.py:188} INFO - [2026-09-15T21:28:14.558+0000] {dag.py:3947} INFO - Setting next_dagrun for example_setup_teardown to 2026-09-14 00:00:00+00:00, run_after=2026-09-15 00:00:00+00:00
[2026-09-15T21:28:14.572+0000] {processor.py:183} INFO - Processing /home/airflow/.local/lib/python3.12/site-packages/airflow/example_dags/example_setup_teardown.py took 0.060 seconds
[2026-09-15T21:28:45.352+0000] {processor.py:161} INFO - Started process (PID=3800) to work on /home/airflow/.local/lib/python3.12/site-packages/airflow/example_dags/example_setup_teardown.py
[2026-09-15T21:28:45.353+0000] {processor.py:830} INFO - Processing file /home/airflow/.local/lib/python3.12/site-packages/airflow/example_dags/example_setup_teardown.py for tasks to queue
[2026-09-15T21:28:45.354+0000] {logging_mixin.py:188} INFO - [2026-09-15T21:28:45.354+0000] {dagbag.py:545} INFO - Filling up the DagBag from /home/airflow/.local/lib/python3.12/site-packages/airflow/example_dags/example_setup_teardown.py
[2026-09-15T21:28:45.359+0000] {processor.py:840} INFO - DAG(s) 'example_setup_teardown' retrieved from /home/airflow/.local/lib/python3.12/site-packages/airflow/example_dags/example_setup_teardown.py
[2026-09-15T21:28:45.375+0000] {logging_mixin.py:188} INFO - [2026-09-15T21:28:45.375+0000] {dag.py:3089} INFO - Sync 1 DAGs
[2026-09-15T21:28:45.390+0000] {logging_mixin.py:188} INFO - [2026-09-15T21:28:45.390+0000] {dag.py:3947} INFO - Setting next_dagrun for example_setup_teardown to 2026-09-14 00:00:00+00:00, run_after=2026-09-15 00:00:00+00:00
[2026-09-15T21:28:45.405+0000] {processor.py:183} INFO - Processing /home/airflow/.local/lib/python3.12/site-packages/airflow/example_dags/example_setup_teardown.py took 0.057 seconds
[2026-09-15T21:29:15.632+0000] {processor.py:161} INFO - Started process (PID=4064) to work on /home/airflow/.local/lib/python3.12/site-packages/airflow/example_dags/example_setup_teardown.py
[2026-09-15T21:29:15.633+0000] {processor.py:830} INFO - Processing file /home/airflow/.local/lib/python3.12/site-packages/airflow/example_dags/example_setup_teardown.py for tasks to queue
[2026-09-15T21:29:15.635+0000] {logging_mixin.py:188} INFO - [2026-09-15T21:29:15.634+0000] {dagbag.py:545} INFO - Filling up the DagBag from /home/airflow/.local/lib/python3.12/site-packages/airflow/example_dags/example_setup_teardown.py
[2026-09-15T21:29:15.639+0000] {processor.py:840} INFO - DAG(s) 'example_setup_teardown' retrieved from /home/airflow/.local/lib/python3.12/site-packages/airflow/example_dags/example_setup_teardown.py
[2026-09-15T21:29:15.658+0000] {logging_mixin.py:188} INFO - [2026-09-15T21:29:15.658+0000] {dag.py:3089} INFO - Sync 1 DAGs
[2026-09-15T21:29:15.673+0000] {logging_mixin.py:188} INFO - [2026-09-15T21:29:15.673+0000] {dag.py:3947} INFO - Setting next_dagrun for example_setup_teardown to 2026-09-14 00:00:00+00:00, run_after=2026-09-15 00:00:00+00:00
[2026-09-15T21:29:15.687+0000] {processor.py:183} INFO - Processing /home/airflow/.local/lib/python3.12/site-packages/airflow/example_dags/example_setup_teardown.py took 0.059 seconds
[2026-09-15T21:29:46.118+0000] {processor.py:161} INFO - Started process (PID=4331) to work on /home/airflow/.local/lib/python3.12/site-packages/airflow/example_dags/example_setup_teardown.py
[2026-09-15T21:29:46.120+0000] {processor.py:830} INFO - Processing file /home/airflow/.local/lib/python3.12/site-packages/airflow/example_dags/example_setup_teardown.py for tasks to queue
[2026-09-15T21:29:46.124+0000] {logging_mixin.py:188} INFO - [2026-09-15T21:29:46.124+0000] {dagbag.py:545} INFO - Filling up the DagBag from /home/airflow/.local/lib/python3.12/site-packages/airflow/example_dags/example_setup_teardown.py
[2026-09-15T21:29:46.132+0000] {processor.py:840} INFO - DAG(s) 'example_setup_teardown' retrieved from /home/airflow/.local/lib/python3.12/site-packages/airflow/example_dags/example_setup_teardown.py
[2026-09-15T21:29:46.154+0000] {logging_mixin.py:188} INFO - [2026-09-15T21:29:46.153+0000] {dag.py:3089} INFO - Sync 1 DAGs
[2026-09-15T21:29:46.172+0000] {logging_mixin.py:188} INFO - [2026-09-15T21:29:46.171+0000] {dag.py:3947} INFO - Setting next_dagrun for example_setup_teardown to 2026-09-14 00:00:00+00:00, run_after=2026-09-15 00:00:00+00:00
[2026-09-15T21:29:46.190+0000] {processor.py:183} INFO - Processing /home/airflow/.local/lib/python3.12/site-packages/airflow/example_dags/example_setup_teardown.py took 0.078 seconds
[2026-09-15T21:30:16.302+0000] {processor.py:161} INFO - Started process (PID=4596) to work on /home/airflow/.local/lib/python3.12/site-packages/airflow/example_dags/example_setup_teardown.py
[2026-09-15T21:30:16.304+0000] {processor.py:830} INFO - Processing file /home/airflow/.local/lib/python3.12/site-packages/airflow/example_dags/example_setup_teardown.py for tasks to queue
[2026-09-15T21:30:16.305+0000] {logging_mixin.py:188} INFO - [2026-09-15T21:30:16.305+0000] {dagbag.py:545} INFO - Filling up the DagBag from /home/airflow/.local/lib/python3.12/site-packages/airflow/example_dags/example_setup_teardown.py
[2026-09-15T21:30:16.311+0000] {processor.py:840} INFO - DAG(s) 'example_setup_teardown' retrieved from /home/airflow/.local/lib/python3.12/site-packages/airflow/example_dags/example_setup_teardown.py
[2026-09-15T21:30:16.328+0000] {logging_mixin.py:188} INFO - [2026-09-15T21:30:16.328+0000] {dag.py:3089} INFO - Sync 1 DAGs
[2026-09-15T21:30:16.348+0000] {logging_mixin.py:188} INFO - [2026-09-15T21:30:16.348+0000] {dag.py:3947} INFO - Setting next_dagrun for example_setup_teardown to 2026-09-14 00:00:00+00:00, run_after=2026-09-15 00:00:00+00:00
[2026-09-15T21:30:16.364+0000] {processor.py:183} INFO - Processing /home/airflow/.local/lib/python3.12/site-packages/airflow/example_dags/example_setup_teardown.py took 0.066 seconds
[2026-09-15T21:30:46.938+0000] {processor.py:161} INFO - Started process (PID=4858) to work on /home/airflow/.local/lib/python3.12/site-packages/airflow/example_dags/example_setup_teardown.py
[2026-09-15T21:30:46.940+0000] {processor.py:830} INFO - Processing file /home/airflow/.local/lib/python3.12/site-packages/airflow/example_dags/example_setup_teardown.py for tasks to queue
[2026-09-15T21:30:46.941+0000] {logging_mixin.py:188} INFO - [2026-09-15T21:30:46.941+0000] {dagbag.py:545} INFO - Filling up the DagBag from /home/airflow/.local/lib/python3.12/site-packages/airflow/example_dags/example_setup_teardown.py
[2026-09-15T21:30:46.947+0000] {processor.py:840} INFO - DAG(s) 'example_setup_teardown' retrieved from /home/airflow/.local/lib/python3.12/site-packages/airflow/example_dags/example_setup_teardown.py
[2026-09-15T21:30:46.964+0000] {logging_mixin.py:188} INFO - [2026-09-15T21:30:46.964+0000] {dag.py:3089} INFO - Sync 1 DAGs
[2026-09-15T21:30:46.979+0000] {logging_mixin.py:188} INFO - [2026-09-15T21:30:46.979+0000] {dag.py:3947} INFO - Setting next_dagrun for example_setup_teardown to 2026-09-14 00:00:00+00:00, run_after=2026-09-15 00:00:00+00:00
[2026-09-15T21:30:46.994+0000] {processor.py:183} INFO - Processing /home/airflow/.local/lib/python3.12/site-packages/airflow/example_dags/example_setup_teardown.py took 0.060 seconds
[2026-09-15T21:31:17.515+0000] {processor.py:161} INFO - Started process (PID=5120) to work on /home/airflow/.local/lib/python3.12/site-packages/airflow/example_dags/example_setup_teardown.py
[2026-09-15T21:31:17.517+0000] {processor.py:830} INFO - Processing file /home/airflow/.local/lib/python3.12/site-packages/airflow/example_dags/example_setup_teardown.py for tasks to queue
[2026-09-15T21:31:17.519+0000] {logging_mixin.py:188} INFO - [2026-09-15T21:31:17.519+0000] {dagbag.py:545} INFO - Filling up the DagBag from /home/airflow/.local/lib/python3.12/site-packages/airflow/example_dags/example_setup_teardown.py
[2026-09-15T21:31:17.526+0000] {processor.py:840} INFO - DAG(s) 'example_setup_teardown' retrieved from /home/airflow/.local/lib/python3.12/site-packages/airflow/example_dags/example_setup_teardown.py
[2026-09-15T21:31:17.546+0000] {logging_mixin.py:188} INFO - [2026-09-15T21:31:17.546+0000] {dag.py:3089} INFO - Sync 1 DAGs
[2026-09-15T21:31:17.565+0000] {logging_mixin.py:188} INFO - [2026-09-15T21:31:17.565+0000] {dag.py:3947} INFO - Setting next_dagrun for example_setup_teardown to 2026-09-14 00:00:00+00:00, run_after=2026-09-15 00:00:00+00:00
[2026-09-15T21:31:17.581+0000] {processor.py:183} INFO - Processing /home/airflow/.local/lib/python3.12/site-packages/airflow/example_dags/example_setup_teardown.py took 0.071 seconds
[2026-09-15T21:31:48.338+0000] {processor.py:161} INFO - Started process (PID=5384) to work on /home/airflow/.local/lib/python3.12/site-packages/airflow/example_dags/example_setup_teardown.py
[2026-09-15T21:31:48.339+0000] {processor.py:830} INFO - Processing file /home/airflow/.local/lib/python3.12/site-packages/airflow/example_dags/example_setup_teardown.py for tasks to queue
[2026-09-15T21:31:48.341+0000] {logging_mixin.py:188} INFO - [2026-09-15T21:31:48.341+0000] {dagbag.py:545} INFO - Filling up the DagBag from /home/airflow/.local/lib/python3.12/site-packages/airflow/example_dags/example_setup_teardown.py
[2026-09-15T21:31:48.346+0000] {processor.py:840} INFO - DAG(s) 'example_setup_teardown' retrieved from /home/airflow/.local/lib/python3.12/site-packages/airflow/example_dags/example_setup_teardown.py
[2026-09-15T21:31:48.362+0000] {logging_mixin.py:188} INFO - [2026-09-15T21:31:48.362+0000] {dag.py:3089} INFO - Sync 1 DAGs
[2026-09-15T21:31:48.377+0000] {logging_mixin.py:188} INFO - [2026-09-15T21:31:48.377+0000] {dag.py:3947} INFO - Setting next_dagrun for example_setup_teardown to 2026-09-14 00:00:00+00:00, run_after=2026-09-15 00:00:00+00:00
[2026-09-15T21:31:48.390+0000] {processor.py:183} INFO - Processing /home/airflow/.local/lib/python3.12/site-packages/airflow/example_dags/example_setup_teardown.py took 0.056 seconds
[2026-09-15T21:32:18.573+0000] {processor.py:161} INFO - Started process (PID=5646) to work on /home/airflow/.local/lib/python3.12/site-packages/airflow/example_dags/example_setup_teardown.py
[2026-09-15T21:32:18.574+0000] {processor.py:830} INFO - Processing file /home/airflow/.local/lib/python3.12/site-packages/airflow/example_dags/example_setup_teardown.py for tasks to queue
[2026-09-15T21:32:18.576+0000] {logging_mixin.py:188} INFO - [2026-09-15T21:32:18.576+0000] {dagbag.py:545} INFO - Filling up the DagBag from /home/airflow/.local/lib/python3.12/site-packages/airflow/example_dags/example_setup_teardown.py
[2026-09-15T21:32:18.582+0000] {processor.py:840} INFO - DAG(s) 'example_setup_teardown' retrieved from /home/airflow/.local/lib/python3.12/site-packages/airflow/example_dags/example_setup_teardown.py
[2026-09-15T21:32:18.599+0000] {logging_mixin.py:188} INFO - [2026-09-15T21:32:18.599+0000] {dag.py:3089} INFO - Sync 1 DAGs
[2026-09-15T21:32:18.615+0000] {logging_mixin.py:188} INFO - [2026-09-15T21:32:18.615+0000] {dag.py:3947} INFO - Setting next_dagrun for example_setup_teardown to 2026-09-14 00:00:00+00:00, run_after=2026-09-15 00:00:00+00:00
[2026-09-15T21:32:18.629+0000] {processor.py:183} INFO - Processing /home/airflow/.local/lib/python3.12/site-packages/airflow/example_dags/example_setup_teardown.py took 0.060 seconds
[2026-09-15T21:32:48.748+0000] {processor.py:161} INFO - Started process (PID=5908) to work on /home/airflow/.local/lib/python3.12/site-packages/airflow/example_dags/example_setup_teardown.py
[2026-09-15T21:32:48.750+0000] {processor.py:830} INFO - Processing file /home/airflow/.local/lib/python3.12/site-packages/airflow/example_dags/example_setup_teardown.py for tasks to queue
[2026-09-15T21:32:48.752+0000] {logging_mixin.py:188} INFO - [2026-09-15T21:32:48.751+0000] {dagbag.py:545} INFO - Filling up the DagBag from /home/airflow/.local/lib/python3.12/site-packages/airflow/example_dags/example_setup_teardown.py
[2026-09-15T21:32:48.757+0000] {processor.py:840} INFO - DAG(s) 'example_setup_teardown' retrieved from /home/airflow/.local/lib/python3.12/site-packages/airflow/example_dags/example_setup_teardown.py
[2026-09-15T21:32:48.776+0000] {logging_mixin.py:188} INFO - [2026-09-15T21:32:48.776+0000] {dag.py:3089} INFO - Sync 1 DAGs
[2026-09-15T21:32:48.793+0000] {logging_mixin.py:188} INFO - [2026-09-15T21:32:48.793+0000] {dag.py:3947} INFO - Setting next_dagrun for example_setup_teardown to 2026-09-14 00:00:00+00:00, run_after=2026-09-15 00:00:00+00:00
[2026-09-15T21:32:48.808+0000] {processor.py:183} INFO - Processing /home/airflow/.local/lib/python3.12/site-packages/airflow/example_dags/example_setup_teardown.py took 0.065 seconds
[2026-09-15T21:33:19.817+0000] {processor.py:161} INFO - Started process (PID=6170) to work on /home/airflow/.local/lib/python3.12/site-packages/airflow/example_dags/example_setup_teardown.py
[2026-09-15T21:33:19.819+0000] {processor.py:830} INFO - Processing file /home/airflow/.local/lib/python3.12/site-packages/airflow/example_dags/example_setup_teardown.py for tasks to queue
[2026-09-15T21:33:19.820+0000] {logging_mixin.py:188} INFO - [2026-09-15T21:33:19.820+0000] {dagbag.py:545} INFO - Filling up the DagBag from /home/airflow/.local/lib/python3.12/site-packages/airflow/example_dags/example_setup_teardown.py
[2026-09-15T21:33:19.825+0000] {processor.py:840} INFO - DAG(s) 'example_setup_teardown' retrieved from /home/airflow/.local/lib/python3.12/site-packages/airflow/example_dags/example_setup_teardown.py
[2026-09-15T21:33:19.842+0000] {logging_mixin.py:188} INFO - [2026-09-15T21:33:19.842+0000] {dag.py:3089} INFO - Sync 1 DAGs
[2026-09-15T21:33:19.857+0000] {logging_mixin.py:188} INFO - [2026-09-15T21:33:19.857+0000] {dag.py:3947} INFO - Setting next_dagrun for example_setup_teardown to 2026-09-14 00:00:00+00:00, run_after=2026-09-15 00:00:00+00:00
[2026-09-15T21:33:19.872+0000] {processor.py:183} INFO - Processing /home/airflow/.local/lib/python3.12/site-packages/airflow/example_dags/example_setup_teardown.py took 0.058 seconds
[2026-09-15T21:33:50.888+0000] {processor.py:161} INFO - Started process (PID=6434) to work on /home/airflow/.local/lib/python3.12/site-packages/airflow/example_dags/example_setup_teardown.py
[2026-09-15T21:33:50.890+0000] {processor.py:830} INFO - Processing file /home/airflow/.local/lib/python3.12/site-packages/airflow/example_dags/example_setup_teardown.py for tasks to queue
[2026-09-15T21:33:50.892+0000] {logging_mixin.py:188} INFO - [2026-09-15T21:33:50.892+0000] {dagbag.py:545} INFO - Filling up the DagBag from /home/airflow/.local/lib/python3.12/site-packages/airflow/example_dags/example_setup_teardown.py
[2026-09-15T21:33:50.898+0000] {processor.py:840} INFO - DAG(s) 'example_setup_teardown' retrieved from /home/airflow/.local/lib/python3.12/site-packages/airflow/example_dags/example_setup_teardown.py
[2026-09-15T21:33:50.917+0000] {logging_mixin.py:188} INFO - [2026-09-15T21:33:50.917+0000] {dag.py:3089} INFO - Sync 1 DAGs
[2026-09-15T21:33:50.937+0000] {logging_mixin.py:188} INFO - [2026-09-15T21:33:50.936+0000] {dag.py:3947} INFO - Setting next_dagrun for example_setup_teardown to 2026-09-14 00:00:00+00:00, run_after=2026-09-15 00:00:00+00:00
[2026-09-15T21:33:50.956+0000] {processor.py:183} INFO - Processing /home/airflow/.local/lib/python3.12/site-packages/airflow/example_dags/example_setup_teardown.py took 0.073 seconds
[2026-09-15T21:34:21.294+0000] {processor.py:161} INFO - Started process (PID=6698) to work on /home/airflow/.local/lib/python3.12/site-packages/airflow/example_dags/example_setup_teardown.py
[2026-09-15T21:34:21.295+0000] {processor.py:830} INFO - Processing file /home/airflow/.local/lib/python3.12/site-packages/airflow/example_dags/example_setup_teardown.py for tasks to queue
[2026-09-15T21:34:21.297+0000] {logging_mixin.py:188} INFO - [2026-09-15T21:34:21.297+0000] {dagbag.py:545} INFO - Filling up the DagBag from /home/airflow/.local/lib/python3.12/site-packages/airflow/example_dags/example_setup_teardown.py
[2026-09-15T21:34:21.302+0000] {processor.py:840} INFO - DAG(s) 'example_setup_teardown' retrieved from /home/airflow/.local/lib/python3.12/site-packages/airflow/example_dags/example_setup_teardown.py
[2026-09-15T21:34:21.319+0000] {logging_mixin.py:188} INFO - [2026-09-15T21:34:21.319+0000] {dag.py:3089} INFO - Sync 1 DAGs
[2026-09-15T21:34:21.335+0000] {logging_mixin.py:188} INFO - [2026-09-15T21:34:21.335+0000] {dag.py:3947} INFO - Setting next_dagrun for example_setup_teardown to 2026-09-14 00:00:00+00:00, run_after=2026-09-15 00:00:00+00:00
[2026-09-15T21:34:21.349+0000] {processor.py:183} INFO - Processing /home/airflow/.local/lib/python3.12/site-packages/airflow/example_dags/example_setup_teardown.py took 0.059 seconds
[2026-09-15T21:34:51.662+0000] {processor.py:161} INFO - Started process (PID=6958) to work on /home/airflow/.local/lib/python3.12/site-packages/airflow/example_dags/example_setup_teardown.py
[2026-09-15T21:34:51.663+0000] {processor.py:830} INFO - Processing file /home/airflow/.local/lib/python3.12/site-packages/airflow/example_dags/example_setup_teardown.py for tasks to queue
[2026-09-15T21:34:51.665+0000] {logging_mixin.py:188} INFO - [2026-09-15T21:34:51.665+0000] {dagbag.py:545} INFO - Filling up the DagBag from /home/airflow/.local/lib/python3.12/site-packages/airflow/example_dags/example_setup_teardown.py
[2026-09-15T21:34:51.670+0000] {processor.py:840} INFO - DAG(s) 'example_setup_teardown' retrieved from /home/airflow/.local/lib/python3.12/site-packages/airflow/example_dags/example_setup_teardown.py
[2026-09-15T21:34:51.691+0000] {logging_mixin.py:188} INFO - [2026-09-15T21:34:51.691+0000] {dag.py:3089} INFO - Sync 1 DAGs
[2026-09-15T21:34:51.713+0000] {logging_mixin.py:188} INFO - [2026-09-15T21:34:51.712+0000] {dag.py:3947} INFO - Setting next_dagrun for example_setup_teardown to 2026-09-14 00:00:00+00:00, run_after=2026-09-15 00:00:00+00:00
[2026-09-15T21:34:51.731+0000] {processor.py:183} INFO - Processing /home/airflow/.local/lib/python3.12/site-packages/airflow/example_dags/example_setup_teardown.py took 0.073 seconds
[2026-09-15T21:35:22.009+0000] {processor.py:161} INFO - Started process (PID=7224) to work on /home/airflow/.local/lib/python3.12/site-packages/airflow/example_dags/example_setup_teardown.py
[2026-09-15T21:35:22.011+0000] {processor.py:830} INFO - Processing file /home/airflow/.local/lib/python3.12/site-packages/airflow/example_dags/example_setup_teardown.py for tasks to queue
[2026-09-15T21:35:22.012+0000] {logging_mixin.py:188} INFO - [2026-09-15T21:35:22.012+0000] {dagbag.py:545} INFO - Filling up the DagBag from /home/airflow/.local/lib/python3.12/site-packages/airflow/example_dags/example_setup_teardown.py
[2026-09-15T21:35:22.017+0000] {processor.py:840} INFO - DAG(s) 'example_setup_teardown' retrieved from /home/airflow/.local/lib/python3.12/site-packages/airflow/example_dags/example_setup_teardown.py
[2026-09-15T21:35:22.035+0000] {logging_mixin.py:188} INFO - [2026-09-15T21:35:22.034+0000] {dag.py:3089} INFO - Sync 1 DAGs
[2026-09-15T21:35:22.052+0000] {logging_mixin.py:188} INFO - [2026-09-15T21:35:22.052+0000] {dag.py:3947} INFO - Setting next_dagrun for example_setup_teardown to 2026-09-14 00:00:00+00:00, run_after=2026-09-15 00:00:00+00:00
[2026-09-15T21:35:22.067+0000] {processor.py:183} INFO - Processing /home/airflow/.local/lib/python3.12/site-packages/airflow/example_dags/example_setup_teardown.py took 0.062 seconds
[2026-09-15T21:35:52.212+0000] {processor.py:161} INFO - Started process (PID=7486) to work on /home/airflow/.local/lib/python3.12/site-packages/airflow/example_dags/example_setup_teardown.py
[2026-09-15T21:35:52.213+0000] {processor.py:830} INFO - Processing file /home/airflow/.local/lib/python3.12/site-packages/airflow/example_dags/example_setup_teardown.py for tasks to queue
[2026-09-15T21:35:52.215+0000] {logging_mixin.py:188} INFO - [2026-09-15T21:35:52.215+0000] {dagbag.py:545} INFO - Filling up the DagBag from /home/airflow/.local/lib/python3.12/site-packages/airflow/example_dags/example_setup_teardown.py
[2026-09-15T21:35:52.220+0000] {processor.py:840} INFO - DAG(s) 'example_setup_teardown' retrieved from /home/airflow/.local/lib/python3.12/site-packages/airflow/example_dags/example_setup_teardown.py
[2026-09-15T21:35:52.237+0000] {logging_mixin.py:188} INFO - [2026-09-15T21:35:52.236+0000] {dag.py:3089} INFO - Sync 1 DAGs
[2026-09-15T21:35:52.252+0000] {logging_mixin.py:188} INFO - [2026-09-15T21:35:52.251+0000] {dag.py:3947} INFO - Setting next_dagrun for example_setup_teardown to 2026-09-14 00:00:00+00:00, run_after=2026-09-15 00:00:00+00:00
[2026-09-15T21:35:52.267+0000] {processor.py:183} INFO - Processing /home/airflow/.local/lib/python3.12/site-packages/airflow/example_dags/example_setup_teardown.py took 0.058 seconds
[2026-09-15T21:36:22.467+0000] {processor.py:161} INFO - Started process (PID=7750) to work on /home/airflow/.local/lib/python3.12/site-packages/airflow/example_dags/example_setup_teardown.py
[2026-09-15T21:36:22.468+0000] {processor.py:830} INFO - Processing file /home/airflow/.local/lib/python3.12/site-packages/airflow/example_dags/example_setup_teardown.py for tasks to queue
[2026-09-15T21:36:22.471+0000] {logging_mixin.py:188} INFO - [2026-09-15T21:36:22.471+0000] {dagbag.py:545} INFO - Filling up the DagBag from /home/airflow/.local/lib/python3.12/site-packages/airflow/example_dags/example_setup_teardown.py
[2026-09-15T21:36:22.476+0000] {processor.py:840} INFO - DAG(s) 'example_setup_teardown' retrieved from /home/airflow/.local/lib/python3.12/site-packages/airflow/example_dags/example_setup_teardown.py
[2026-09-15T21:36:22.494+0000] {logging_mixin.py:188} INFO - [2026-09-15T21:36:22.494+0000] {dag.py:3089} INFO - Sync 1 DAGs
[2026-09-15T21:36:22.511+0000] {logging_mixin.py:188} INFO - [2026-09-15T21:36:22.511+0000] {dag.py:3947} INFO - Setting next_dagrun for example_setup_teardown to 2026-09-14 00:00:00+00:00, run_after=2026-09-15 00:00:00+00:00
[2026-09-15T21:36:22.525+0000] {processor.py:183} INFO - Processing /home/airflow/.local/lib/python3.12/site-packages/airflow/example_dags/example_setup_teardown.py took 0.062 seconds
[2026-09-15T21:36:52.838+0000] {processor.py:161} INFO - Started process (PID=8010) to work on /home/airflow/.local/lib/python3.12/site-packages/airflow/example_dags/example_setup_teardown.py
[2026-09-15T21:36:52.839+0000] {processor.py:830} INFO - Processing file /home/airflow/.local/lib/python3.12/site-packages/airflow/example_dags/example_setup_teardown.py for tasks to queue
[2026-09-15T21:36:52.840+0000] {logging_mixin.py:188} INFO - [2026-09-15T21:36:52.840+0000] {dagbag.py:545} INFO - Filling up the DagBag from /home/airflow/.local/lib/python3.12/site-packages/airflow/example_dags/example_setup_teardown.py
[2026-09-15T21:36:52.845+0000] {processor.py:840} INFO - DAG(s) 'example_setup_teardown' retrieved from /home/airflow/.local/lib/python3.12/site-packages/airflow/example_dags/example_setup_teardown.py
[2026-09-15T21:36:52.860+0000] {logging_mixin.py:188} INFO - [2026-09-15T21:36:52.860+0000] {dag.py:3089} INFO - Sync 1 DAGs
[2026-09-15T21:36:52.874+0000] {logging_mixin.py:188} INFO - [2026-09-15T21:36:52.874+0000] {dag.py:3947} INFO - Setting next_dagrun for example_setup_teardown to 2026-09-14 00:00:00+00:00, run_after=2026-09-15 00:00:00+00:00
[2026-09-15T21:36:52.888+0000] {processor.py:183} INFO - Processing /home/airflow/.local/lib/python3.12/site-packages/airflow/example_dags/example_setup_teardown.py took 0.053 seconds
[2026-09-15T21:37:23.971+0000] {processor.py:161} INFO - Started process (PID=8274) to work on /home/airflow/.local/lib/python3.12/site-packages/airflow/example_dags/example_setup_teardown.py
[2026-09-15T21:37:23.973+0000] {processor.py:830} INFO - Processing file /home/airflow/.local/lib/python3.12/site-packages/airflow/example_dags/example_setup_teardown.py for tasks to queue
[2026-09-15T21:37:23.975+0000] {logging_mixin.py:188} INFO - [2026-09-15T21:37:23.974+0000] {dagbag.py:545} INFO - Filling up the DagBag from /home/airflow/.local/lib/python3.12/site-packages/airflow/example_dags/example_setup_teardown.py
[2026-09-15T21:37:23.982+0000] {processor.py:840} INFO - DAG(s) 'example_setup_teardown' retrieved from /home/airflow/.local/lib/python3.12/site-packages/airflow/example_dags/example_setup_teardown.py
[2026-09-15T21:37:24.008+0000] {logging_mixin.py:188} INFO - [2026-09-15T21:37:24.008+0000] {dag.py:3089} INFO - Sync 1 DAGs
[2026-09-15T21:37:24.032+0000] {logging_mixin.py:188} INFO - [2026-09-15T21:37:24.032+0000] {dag.py:3947} INFO - Setting next_dagrun for example_setup_teardown to 2026-09-14 00:00:00+00:00, run_after=2026-09-15 00:00:00+00:00
[2026-09-15T21:37:24.052+0000] {processor.py:183} INFO - Processing /home/airflow/.local/lib/python3.12/site-packages/airflow/example_dags/example_setup_teardown.py took 0.088 seconds
[2026-09-15T21:37:54.498+0000] {processor.py:161} INFO - Started process (PID=8534) to work on /home/airflow/.local/lib/python3.12/site-packages/airflow/example_dags/example_setup_teardown.py
[2026-09-15T21:37:54.500+0000] {processor.py:830} INFO - Processing file /home/airflow/.local/lib/python3.12/site-packages/airflow/example_dags/example_setup_teardown.py for tasks to queue
[2026-09-15T21:37:54.502+0000] {logging_mixin.py:188} INFO - [2026-09-15T21:37:54.502+0000] {dagbag.py:545} INFO - Filling up the DagBag from /home/airflow/.local/lib/python3.12/site-packages/airflow/example_dags/example_setup_teardown.py
[2026-09-15T21:37:54.508+0000] {processor.py:840} INFO - DAG(s) 'example_setup_teardown' retrieved from /home/airflow/.local/lib/python3.12/site-packages/airflow/example_dags/example_setup_teardown.py
[2026-09-15T21:37:54.530+0000] {logging_mixin.py:188} INFO - [2026-09-15T21:37:54.529+0000] {dag.py:3089} INFO - Sync 1 DAGs
[2026-09-15T21:37:54.548+0000] {logging_mixin.py:188} INFO - [2026-09-15T21:37:54.548+0000] {dag.py:3947} INFO - Setting next_dagrun for example_setup_teardown to 2026-09-14 00:00:00+00:00, run_after=2026-09-15 00:00:00+00:00
[2026-09-15T21:37:54.567+0000] {processor.py:183} INFO - Processing /home/airflow/.local/lib/python3.12/site-packages/airflow/example_dags/example_setup_teardown.py took 0.074 seconds
[2026-09-15T21:38:24.982+0000] {processor.py:161} INFO - Started process (PID=8798) to work on /home/airflow/.local/lib/python3.12/site-packages/airflow/example_dags/example_setup_teardown.py
[2026-09-15T21:38:24.984+0000] {processor.py:830} INFO - Processing file /home/airflow/.local/lib/python3.12/site-packages/airflow/example_dags/example_setup_teardown.py for tasks to queue
[2026-09-15T21:38:24.986+0000] {logging_mixin.py:188} INFO - [2026-09-15T21:38:24.986+0000] {dagbag.py:545} INFO - Filling up the DagBag from /home/airflow/.local/lib/python3.12/site-packages/airflow/example_dags/example_setup_teardown.py
[2026-09-15T21:38:24.992+0000] {processor.py:840} INFO - DAG(s) 'example_setup_teardown' retrieved from /home/airflow/.local/lib/python3.12/site-packages/airflow/example_dags/example_setup_teardown.py
[2026-09-15T21:38:25.012+0000] {logging_mixin.py:188} INFO - [2026-09-15T21:38:25.012+0000] {dag.py:3089} INFO - Sync 1 DAGs
[2026-09-15T21:38:25.032+0000] {logging_mixin.py:188} INFO - [2026-09-15T21:38:25.031+0000] {dag.py:3947} INFO - Setting next_dagrun for example_setup_teardown to 2026-09-14 00:00:00+00:00, run_after=2026-09-15 00:00:00+00:00
[2026-09-15T21:38:25.048+0000] {processor.py:183} INFO - Processing /home/airflow/.local/lib/python3.12/site-packages/airflow/example_dags/example_setup_teardown.py took 0.071 seconds
[2026-09-15T21:38:55.979+0000] {processor.py:161} INFO - Started process (PID=9087) to work on /home/airflow/.local/lib/python3.12/site-packages/airflow/example_dags/example_setup_teardown.py
[2026-09-15T21:38:55.981+0000] {processor.py:830} INFO - Processing file /home/airflow/.local/lib/python3.12/site-packages/airflow/example_dags/example_setup_teardown.py for tasks to queue
[2026-09-15T21:38:55.982+0000] {logging_mixin.py:188} INFO - [2026-09-15T21:38:55.982+0000] {dagbag.py:545} INFO - Filling up the DagBag from /home/airflow/.local/lib/python3.12/site-packages/airflow/example_dags/example_setup_teardown.py
[2026-09-15T21:38:55.987+0000] {processor.py:840} INFO - DAG(s) 'example_setup_teardown' retrieved from /home/airflow/.local/lib/python3.12/site-packages/airflow/example_dags/example_setup_teardown.py
[2026-09-15T21:38:56.004+0000] {logging_mixin.py:188} INFO - [2026-09-15T21:38:56.004+0000] {dag.py:3089} INFO - Sync 1 DAGs
[2026-09-15T21:38:56.019+0000] {logging_mixin.py:188} INFO - [2026-09-15T21:38:56.019+0000] {dag.py:3947} INFO - Setting next_dagrun for example_setup_teardown to 2026-09-14 00:00:00+00:00, run_after=2026-09-15 00:00:00+00:00
[2026-09-15T21:38:56.035+0000] {processor.py:183} INFO - Processing /home/airflow/.local/lib/python3.12/site-packages/airflow/example_dags/example_setup_teardown.py took 0.060 seconds
[2026-09-15T21:39:26.402+0000] {processor.py:161} INFO - Started process (PID=9349) to work on /home/airflow/.local/lib/python3.12/site-packages/airflow/example_dags/example_setup_teardown.py
[2026-09-15T21:39:26.404+0000] {processor.py:830} INFO - Processing file /home/airflow/.local/lib/python3.12/site-packages/airflow/example_dags/example_setup_teardown.py for tasks to queue
[2026-09-15T21:39:26.407+0000] {logging_mixin.py:188} INFO - [2026-09-15T21:39:26.406+0000] {dagbag.py:545} INFO - Filling up the DagBag from /home/airflow/.local/lib/python3.12/site-packages/airflow/example_dags/example_setup_teardown.py
[2026-09-15T21:39:26.413+0000] {processor.py:840} INFO - DAG(s) 'example_setup_teardown' retrieved from /home/airflow/.local/lib/python3.12/site-packages/airflow/example_dags/example_setup_teardown.py
[2026-09-15T21:39:26.438+0000] {logging_mixin.py:188} INFO - [2026-09-15T21:39:26.438+0000] {dag.py:3089} INFO - Sync 1 DAGs
[2026-09-15T21:39:26.465+0000] {logging_mixin.py:188} INFO - [2026-09-15T21:39:26.464+0000] {dag.py:3947} INFO - Setting next_dagrun for example_setup_teardown to 2026-09-14 00:00:00+00:00, run_after=2026-09-15 00:00:00+00:00
[2026-09-15T21:39:26.489+0000] {processor.py:183} INFO - Processing /home/airflow/.local/lib/python3.12/site-packages/airflow/example_dags/example_setup_teardown.py took 0.091 seconds
[2026-09-15T21:39:57.427+0000] {processor.py:161} INFO - Started process (PID=9611) to work on /home/airflow/.local/lib/python3.12/site-packages/airflow/example_dags/example_setup_teardown.py
[2026-09-15T21:39:57.428+0000] {processor.py:830} INFO - Processing file /home/airflow/.local/lib/python3.12/site-packages/airflow/example_dags/example_setup_teardown.py for tasks to queue
[2026-09-15T21:39:57.430+0000] {logging_mixin.py:188} INFO - [2026-09-15T21:39:57.430+0000] {dagbag.py:545} INFO - Filling up the DagBag from /home/airflow/.local/lib/python3.12/site-packages/airflow/example_dags/example_setup_teardown.py
[2026-09-15T21:39:57.436+0000] {processor.py:840} INFO - DAG(s) 'example_setup_teardown' retrieved from /home/airflow/.local/lib/python3.12/site-packages/airflow/example_dags/example_setup_teardown.py
[2026-09-15T21:39:57.453+0000] {logging_mixin.py:188} INFO - [2026-09-15T21:39:57.453+0000] {dag.py:3089} INFO - Sync 1 DAGs
[2026-09-15T21:39:57.470+0000] {logging_mixin.py:188} INFO - [2026-09-15T21:39:57.470+0000] {dag.py:3947} INFO - Setting next_dagrun for example_setup_teardown to 2026-09-14 00:00:00+00:00, run_after=2026-09-15 00:00:00+00:00
[2026-09-15T21:39:57.485+0000] {processor.py:183} INFO - Processing /home/airflow/.local/lib/python3.12/site-packages/airflow/example_dags/example_setup_teardown.py took 0.063 seconds
[2026-09-15T21:40:27.535+0000] {processor.py:161} INFO - Started process (PID=9870) to work on /home/airflow/.local/lib/python3.12/site-packages/airflow/example_dags/example_setup_teardown.py
[2026-09-15T21:40:27.536+0000] {processor.py:830} INFO - Processing file /home/airflow/.local/lib/python3.12/site-packages/airflow/example_dags/example_setup_teardown.py for tasks to queue
[2026-09-15T21:40:27.538+0000] {logging_mixin.py:188} INFO - [2026-09-15T21:40:27.538+0000] {dagbag.py:545} INFO - Filling up the DagBag from /home/airflow/.local/lib/python3.12/site-packages/airflow/example_dags/example_setup_teardown.py
[2026-09-15T21:40:27.543+0000] {processor.py:840} INFO - DAG(s) 'example_setup_teardown' retrieved from /home/airflow/.local/lib/python3.12/site-packages/airflow/example_dags/example_setup_teardown.py
[2026-09-15T21:40:27.560+0000] {logging_mixin.py:188} INFO - [2026-09-15T21:40:27.560+0000] {dag.py:3089} INFO - Sync 1 DAGs
[2026-09-15T21:40:27.577+0000] {logging_mixin.py:188} INFO - [2026-09-15T21:40:27.577+0000] {dag.py:3947} INFO - Setting next_dagrun for example_setup_teardown to 2026-09-14 00:00:00+00:00, run_after=2026-09-15 00:00:00+00:00
[2026-09-15T21:40:27.591+0000] {processor.py:183} INFO - Processing /home/airflow/.local/lib/python3.12/site-packages/airflow/example_dags/example_setup_teardown.py took 0.061 seconds
[2026-09-15T21:40:58.237+0000] {processor.py:161} INFO - Started process (PID=10135) to work on /home/airflow/.local/lib/python3.12/site-packages/airflow/example_dags/example_setup_teardown.py
[2026-09-15T21:40:58.239+0000] {processor.py:830} INFO - Processing file /home/airflow/.local/lib/python3.12/site-packages/airflow/example_dags/example_setup_teardown.py for tasks to queue
[2026-09-15T21:40:58.240+0000] {logging_mixin.py:188} INFO - [2026-09-15T21:40:58.240+0000] {dagbag.py:545} INFO - Filling up the DagBag from /home/airflow/.local/lib/python3.12/site-packages/airflow/example_dags/example_setup_teardown.py
[2026-09-15T21:40:58.246+0000] {processor.py:840} INFO - DAG(s) 'example_setup_teardown' retrieved from /home/airflow/.local/lib/python3.12/site-packages/airflow/example_dags/example_setup_teardown.py
[2026-09-15T21:40:58.264+0000] {logging_mixin.py:188} INFO - [2026-09-15T21:40:58.263+0000] {dag.py:3089} INFO - Sync 1 DAGs
[2026-09-15T21:40:58.279+0000] {logging_mixin.py:188} INFO - [2026-09-15T21:40:58.279+0000] {dag.py:3947} INFO - Setting next_dagrun for example_setup_teardown to 2026-09-14 00:00:00+00:00, run_after=2026-09-15 00:00:00+00:00
[2026-09-15T21:40:58.296+0000] {processor.py:183} INFO - Processing /home/airflow/.local/lib/python3.12/site-packages/airflow/example_dags/example_setup_teardown.py took 0.063 seconds
[2026-09-15T21:41:29.203+0000] {processor.py:161} INFO - Started process (PID=10397) to work on /home/airflow/.local/lib/python3.12/site-packages/airflow/example_dags/example_setup_teardown.py
[2026-09-15T21:41:29.205+0000] {processor.py:830} INFO - Processing file /home/airflow/.local/lib/python3.12/site-packages/airflow/example_dags/example_setup_teardown.py for tasks to queue
[2026-09-15T21:41:29.206+0000] {logging_mixin.py:188} INFO - [2026-09-15T21:41:29.206+0000] {dagbag.py:545} INFO - Filling up the DagBag from /home/airflow/.local/lib/python3.12/site-packages/airflow/example_dags/example_setup_teardown.py
[2026-09-15T21:41:29.211+0000] {processor.py:840} INFO - DAG(s) 'example_setup_teardown' retrieved from /home/airflow/.local/lib/python3.12/site-packages/airflow/example_dags/example_setup_teardown.py
[2026-09-15T21:41:29.229+0000] {logging_mixin.py:188} INFO - [2026-09-15T21:41:29.229+0000] {dag.py:3089} INFO - Sync 1 DAGs
[2026-09-15T21:41:29.245+0000] {logging_mixin.py:188} INFO - [2026-09-15T21:41:29.244+0000] {dag.py:3947} INFO - Setting next_dagrun for example_setup_teardown to 2026-09-14 00:00:00+00:00, run_after=2026-09-15 00:00:00+00:00
[2026-09-15T21:41:29.260+0000] {processor.py:183} INFO - Processing /home/airflow/.local/lib/python3.12/site-packages/airflow/example_dags/example_setup_teardown.py took 0.062 seconds
[2026-09-15T21:42:00.056+0000] {processor.py:161} INFO - Started process (PID=10659) to work on /home/airflow/.local/lib/python3.12/site-packages/airflow/example_dags/example_setup_teardown.py
[2026-09-15T21:42:00.058+0000] {processor.py:830} INFO - Processing file /home/airflow/.local/lib/python3.12/site-packages/airflow/example_dags/example_setup_teardown.py for tasks to queue
[2026-09-15T21:42:00.060+0000] {logging_mixin.py:188} INFO - [2026-09-15T21:42:00.060+0000] {dagbag.py:545} INFO - Filling up the DagBag from /home/airflow/.local/lib/python3.12/site-packages/airflow/example_dags/example_setup_teardown.py
[2026-09-15T21:42:00.065+0000] {processor.py:840} INFO - DAG(s) 'example_setup_teardown' retrieved from /home/airflow/.local/lib/python3.12/site-packages/airflow/example_dags/example_setup_teardown.py
[2026-09-15T21:42:00.082+0000] {logging_mixin.py:188} INFO - [2026-09-15T21:42:00.082+0000] {dag.py:3089} INFO - Sync 1 DAGs
[2026-09-15T21:42:00.097+0000] {logging_mixin.py:188} INFO - [2026-09-15T21:42:00.097+0000] {dag.py:3947} INFO - Setting next_dagrun for example_setup_teardown to 2026-09-14 00:00:00+00:00, run_after=2026-09-15 00:00:00+00:00
[2026-09-15T21:42:00.111+0000] {processor.py:183} INFO - Processing /home/airflow/.local/lib/python3.12/site-packages/airflow/example_dags/example_setup_teardown.py took 0.059 seconds
[2026-09-15T21:42:30.838+0000] {processor.py:161} INFO - Started process (PID=10921) to work on /home/airflow/.local/lib/python3.12/site-packages/airflow/example_dags/example_setup_teardown.py
[2026-09-15T21:42:30.840+0000] {processor.py:830} INFO - Processing file /home/airflow/.local/lib/python3.12/site-packages/airflow/example_dags/example_setup_teardown.py for tasks to queue
[2026-09-15T21:42:30.842+0000] {logging_mixin.py:188} INFO - [2026-09-15T21:42:30.841+0000] {dagbag.py:545} INFO - Filling up the DagBag from /home/airflow/.local/lib/python3.12/site-packages/airflow/example_dags/example_setup_teardown.py
[2026-09-15T21:42:30.847+0000] {processor.py:840} INFO - DAG(s) 'example_setup_teardown' retrieved from /home/airflow/.local/lib/python3.12/site-packages/airflow/example_dags/example_setup_teardown.py
[2026-09-15T21:42:31.001+0000] {logging_mixin.py:188} INFO - [2026-09-15T21:42:31.001+0000] {dag.py:3089} INFO - Sync 1 DAGs
[2026-09-15T21:42:31.016+0000] {logging_mixin.py:188} INFO - [2026-09-15T21:42:31.016+0000] {dag.py:3947} INFO - Setting next_dagrun for example_setup_teardown to 2026-09-14 00:00:00+00:00, run_after=2026-09-15 00:00:00+00:00
[2026-09-15T21:42:31.030+0000] {processor.py:183} INFO - Processing /home/airflow/.local/lib/python3.12/site-packages/airflow/example_dags/example_setup_teardown.py took 0.196 seconds
[2026-09-15T21:43:01.081+0000] {processor.py:161} INFO - Started process (PID=11183) to work on /home/airflow/.local/lib/python3.12/site-packages/airflow/example_dags/example_setup_teardown.py
[2026-09-15T21:43:01.083+0000] {processor.py:830} INFO - Processing file /home/airflow/.local/lib/python3.12/site-packages/airflow/example_dags/example_setup_teardown.py for tasks to queue
[2026-09-15T21:43:01.084+0000] {logging_mixin.py:188} INFO - [2026-09-15T21:43:01.084+0000] {dagbag.py:545} INFO - Filling up the DagBag from /home/airflow/.local/lib/python3.12/site-packages/airflow/example_dags/example_setup_teardown.py
[2026-09-15T21:43:01.089+0000] {processor.py:840} INFO - DAG(s) 'example_setup_teardown' retrieved from /home/airflow/.local/lib/python3.12/site-packages/airflow/example_dags/example_setup_teardown.py
[2026-09-15T21:43:01.107+0000] {logging_mixin.py:188} INFO - [2026-09-15T21:43:01.107+0000] {dag.py:3089} INFO - Sync 1 DAGs
[2026-09-15T21:43:01.124+0000] {logging_mixin.py:188} INFO - [2026-09-15T21:43:01.124+0000] {dag.py:3947} INFO - Setting next_dagrun for example_setup_teardown to 2026-09-14 00:00:00+00:00, run_after=2026-09-15 00:00:00+00:00
[2026-09-15T21:43:01.141+0000] {processor.py:183} INFO - Processing /home/airflow/.local/lib/python3.12/site-packages/airflow/example_dags/example_setup_teardown.py took 0.064 seconds
[2026-09-15T21:43:31.352+0000] {processor.py:161} INFO - Started process (PID=11447) to work on /home/airflow/.local/lib/python3.12/site-packages/airflow/example_dags/example_setup_teardown.py
[2026-09-15T21:43:31.353+0000] {processor.py:830} INFO - Processing file /home/airflow/.local/lib/python3.12/site-packages/airflow/example_dags/example_setup_teardown.py for tasks to queue
[2026-09-15T21:43:31.355+0000] {logging_mixin.py:188} INFO - [2026-09-15T21:43:31.355+0000] {dagbag.py:545} INFO - Filling up the DagBag from /home/airflow/.local/lib/python3.12/site-packages/airflow/example_dags/example_setup_teardown.py
[2026-09-15T21:43:31.360+0000] {processor.py:840} INFO - DAG(s) 'example_setup_teardown' retrieved from /home/airflow/.local/lib/python3.12/site-packages/airflow/example_dags/example_setup_teardown.py
[2026-09-15T21:43:31.377+0000] {logging_mixin.py:188} INFO - [2026-09-15T21:43:31.377+0000] {dag.py:3089} INFO - Sync 1 DAGs
[2026-09-15T21:43:31.395+0000] {logging_mixin.py:188} INFO - [2026-09-15T21:43:31.395+0000] {dag.py:3947} INFO - Setting next_dagrun for example_setup_teardown to 2026-09-14 00:00:00+00:00, run_after=2026-09-15 00:00:00+00:00
[2026-09-15T21:43:31.412+0000] {processor.py:183} INFO - Processing /home/airflow/.local/lib/python3.12/site-packages/airflow/example_dags/example_setup_teardown.py took 0.065 seconds
[2026-09-15T21:44:01.524+0000] {processor.py:161} INFO - Started process (PID=11707) to work on /home/airflow/.local/lib/python3.12/site-packages/airflow/example_dags/example_setup_teardown.py
[2026-09-15T21:44:01.526+0000] {processor.py:830} INFO - Processing file /home/airflow/.local/lib/python3.12/site-packages/airflow/example_dags/example_setup_teardown.py for tasks to queue
[2026-09-15T21:44:01.528+0000] {logging_mixin.py:188} INFO - [2026-09-15T21:44:01.527+0000] {dagbag.py:545} INFO - Filling up the DagBag from /home/airflow/.local/lib/python3.12/site-packages/airflow/example_dags/example_setup_teardown.py
[2026-09-15T21:44:01.533+0000] {processor.py:840} INFO - DAG(s) 'example_setup_teardown' retrieved from /home/airflow/.local/lib/python3.12/site-packages/airflow/example_dags/example_setup_teardown.py
[2026-09-15T21:44:01.552+0000] {logging_mixin.py:188} INFO - [2026-09-15T21:44:01.552+0000] {dag.py:3089} INFO - Sync 1 DAGs
[2026-09-15T21:44:01.569+0000] {logging_mixin.py:188} INFO - [2026-09-15T21:44:01.569+0000] {dag.py:3947} INFO - Setting next_dagrun for example_setup_teardown to 2026-09-14 00:00:00+00:00, run_after=2026-09-15 00:00:00+00:00
[2026-09-15T21:44:01.585+0000] {processor.py:183} INFO - Processing /home/airflow/.local/lib/python3.12/site-packages/airflow/example_dags/example_setup_teardown.py took 0.065 seconds
[2026-09-15T21:44:31.668+0000] {processor.py:161} INFO - Started process (PID=11969) to work on /home/airflow/.local/lib/python3.12/site-packages/airflow/example_dags/example_setup_teardown.py
[2026-09-15T21:44:31.670+0000] {processor.py:830} INFO - Processing file /home/airflow/.local/lib/python3.12/site-packages/airflow/example_dags/example_setup_teardown.py for tasks to queue
[2026-09-15T21:44:31.672+0000] {logging_mixin.py:188} INFO - [2026-09-15T21:44:31.671+0000] {dagbag.py:545} INFO - Filling up the DagBag from /home/airflow/.local/lib/python3.12/site-packages/airflow/example_dags/example_setup_teardown.py
[2026-09-15T21:44:31.677+0000] {processor.py:840} INFO - DAG(s) 'example_setup_teardown' retrieved from /home/airflow/.local/lib/python3.12/site-packages/airflow/example_dags/example_setup_teardown.py
[2026-09-15T21:44:31.697+0000] {logging_mixin.py:188} INFO - [2026-09-15T21:44:31.697+0000] {dag.py:3089} INFO - Sync 1 DAGs
[2026-09-15T21:44:31.714+0000] {logging_mixin.py:188} INFO - [2026-09-15T21:44:31.714+0000] {dag.py:3947} INFO - Setting next_dagrun for example_setup_teardown to 2026-09-14 00:00:00+00:00, run_after=2026-09-15 00:00:00+00:00
[2026-09-15T21:44:31.734+0000] {processor.py:183} INFO - Processing /home/airflow/.local/lib/python3.12/site-packages/airflow/example_dags/example_setup_teardown.py took 0.070 seconds
