[2026-09-15T21:00:59.661+0000] {processor.py:161} INFO - Started process (PID=77) to work on /home/airflow/.local/lib/python3.12/site-packages/airflow/example_dags/example_datasets.py
[2026-09-15T21:00:59.663+0000] {processor.py:830} INFO - Processing file /home/airflow/.local/lib/python3.12/site-packages/airflow/example_dags/example_datasets.py for tasks to queue
[2026-09-15T21:00:59.665+0000] {logging_mixin.py:188} INFO - [2026-09-15T21:00:59.665+0000] {dagbag.py:545} INFO - Filling up the DagBag from /home/airflow/.local/lib/python3.12/site-packages/airflow/example_dags/example_datasets.py
[2026-09-15T21:00:59.683+0000] {processor.py:840} INFO - DAG(s) 'dataset_consumes_1_never_scheduled', 'dataset_produces_2', 'conditional_dataset_and_time_based_timetable', 'consume_1_and_2_with_dataset_expressions', 'dataset_consumes_1', 'dataset_produces_1', 'consume_1_or_both_2_and_3_with_dataset_expressions', 'dataset_consumes_1_and_2', 'dataset_consumes_unknown_never_scheduled', 'consume_1_or_2_with_dataset_expressions' retrieved from /home/airflow/.local/lib/python3.12/site-packages/airflow/example_dags/example_datasets.py
[2026-09-15T21:00:59.703+0000] {logging_mixin.py:188} INFO - [2026-09-15T21:00:59.702+0000] {dag.py:3089} INFO - Sync 10 DAGs
[2026-09-15T21:00:59.729+0000] {logging_mixin.py:188} INFO - [2026-09-15T21:00:59.729+0000] {dag.py:3947} INFO - Setting next_dagrun for conditional_dataset_and_time_based_timetable to 2026-09-09 01:00:00+00:00, run_after=2026-09-09 01:00:00+00:00
[2026-09-15T21:00:59.734+0000] {logging_mixin.py:188} INFO - [2026-09-15T21:00:59.733+0000] {dag.py:3947} INFO - Setting next_dagrun for consume_1_and_2_with_dataset_expressions to None, run_after=None
[2026-09-15T21:00:59.736+0000] {logging_mixin.py:188} INFO - [2026-09-15T21:00:59.736+0000] {dag.py:3947} INFO - Setting next_dagrun for consume_1_or_2_with_dataset_expressions to None, run_after=None
[2026-09-15T21:00:59.738+0000] {logging_mixin.py:188} INFO - [2026-09-15T21:00:59.738+0000] {dag.py:3947} INFO - Setting next_dagrun for consume_1_or_both_2_and_3_with_dataset_expressions to None, run_after=None
[2026-09-15T21:00:59.740+0000] {logging_mixin.py:188} INFO - [2026-09-15T21:00:59.739+0000] {dag.py:3947} INFO - Setting next_dagrun for dataset_consumes_1 to None, run_after=None
[2026-09-15T21:00:59.741+0000] {logging_mixin.py:188} INFO - [2026-09-15T21:00:59.741+0000] {dag.py:3947} INFO - Setting next_dagrun for dataset_consumes_1_and_2 to None, run_after=None
[2026-09-15T21:00:59.743+0000] {logging_mixin.py:188} INFO - [2026-09-15T21:00:59.743+0000] {dag.py:3947} INFO - Setting next_dagrun for dataset_consumes_1_never_scheduled to None, run_after=None
[2026-09-15T21:00:59.745+0000] {logging_mixin.py:188} INFO - [2026-09-15T21:00:59.745+0000] {dag.py:3947} INFO - Setting next_dagrun for dataset_consumes_unknown_never_scheduled to None, run_after=None
[2026-09-15T21:00:59.748+0000] {logging_mixin.py:188} INFO - [2026-09-15T21:00:59.748+0000] {dag.py:3947} INFO - Setting next_dagrun for dataset_produces_1 to 2026-09-14 00:00:00+00:00, run_after=2026-09-15 00:00:00+00:00
[2026-09-15T21:00:59.750+0000] {logging_mixin.py:188} INFO - [2026-09-15T21:00:59.750+0000] {dag.py:3947} INFO - Setting next_dagrun for dataset_produces_2 to None, run_after=None
[2026-09-15T21:00:59.783+0000] {processor.py:183} INFO - Processing /home/airflow/.local/lib/python3.12/site-packages/airflow/example_dags/example_datasets.py took 0.128 seconds
[2026-09-15T21:01:31.194+0000] {processor.py:161} INFO - Started process (PID=135) to work on /home/airflow/.local/lib/python3.12/site-packages/airflow/example_dags/example_datasets.py
[2026-09-15T21:01:31.195+0000] {processor.py:830} INFO - Processing file /home/airflow/.local/lib/python3.12/site-packages/airflow/example_dags/example_datasets.py for tasks to queue
[2026-09-15T21:01:31.197+0000] {logging_mixin.py:188} INFO - [2026-09-15T21:01:31.197+0000] {dagbag.py:545} INFO - Filling up the DagBag from /home/airflow/.local/lib/python3.12/site-packages/airflow/example_dags/example_datasets.py
[2026-09-15T21:01:31.208+0000] {processor.py:840} INFO - DAG(s) 'dataset_consumes_1_never_scheduled', 'dataset_consumes_unknown_never_scheduled', 'conditional_dataset_and_time_based_timetable', 'consume_1_or_2_with_dataset_expressions', 'dataset_produces_2', 'dataset_produces_1', 'dataset_consumes_1_and_2', 'dataset_consumes_1', 'consume_1_and_2_with_dataset_expressions', 'consume_1_or_both_2_and_3_with_dataset_expressions' retrieved from /home/airflow/.local/lib/python3.12/site-packages/airflow/example_dags/example_datasets.py
[2026-09-15T21:01:31.386+0000] {logging_mixin.py:188} INFO - [2026-09-15T21:01:31.386+0000] {dag.py:3089} INFO - Sync 10 DAGs
[2026-09-15T21:01:31.403+0000] {logging_mixin.py:188} INFO - [2026-09-15T21:01:31.402+0000] {dag.py:3947} INFO - Setting next_dagrun for conditional_dataset_and_time_based_timetable to 2026-09-09 01:00:00+00:00, run_after=2026-09-09 01:00:00+00:00
[2026-09-15T21:01:31.405+0000] {logging_mixin.py:188} INFO - [2026-09-15T21:01:31.405+0000] {dag.py:3947} INFO - Setting next_dagrun for consume_1_and_2_with_dataset_expressions to None, run_after=None
[2026-09-15T21:01:31.407+0000] {logging_mixin.py:188} INFO - [2026-09-15T21:01:31.407+0000] {dag.py:3947} INFO - Setting next_dagrun for consume_1_or_2_with_dataset_expressions to None, run_after=None
[2026-09-15T21:01:31.409+0000] {logging_mixin.py:188} INFO - [2026-09-15T21:01:31.408+0000] {dag.py:3947} INFO - Setting next_dagrun for consume_1_or_both_2_and_3_with_dataset_expressions to None, run_after=None
[2026-09-15T21:01:31.411+0000] {logging_mixin.py:188} INFO - [2026-09-15T21:01:31.411+0000] {dag.py:3947} INFO - Setting next_dagrun for dataset_consumes_1 to None, run_after=None
[2026-09-15T21:01:31.413+0000] {logging_mixin.py:188} INFO - [2026-09-15T21:01:31.413+0000] {dag.py:3947} INFO - Setting next_dagrun for dataset_consumes_1_and_2 to None, run_after=None
[2026-09-15T21:01:31.415+0000] {logging_mixin.py:188} INFO - [2026-09-15T21:01:31.415+0000] {dag.py:3947} INFO - Setting next_dagrun for dataset_consumes_1_never_scheduled to None, run_after=None
[2026-09-15T21:01:31.417+0000] {logging_mixin.py:188} INFO - [2026-09-15T21:01:31.417+0000] {dag.py:3947} INFO - Setting next_dagrun for dataset_consumes_unknown_never_scheduled to None, run_after=None
[2026-09-15T21:01:31.420+0000] {logging_mixin.py:188} INFO - [2026-09-15T21:01:31.420+0000] {dag.py:3947} INFO - Setting next_dagrun for dataset_produces_1 to 2026-09-14 00:00:00+00:00, run_after=2026-09-15 00:00:00+00:00
[2026-09-15T21:01:31.422+0000] {logging_mixin.py:188} INFO - [2026-09-15T21:01:31.421+0000] {dag.py:3947} INFO - Setting next_dagrun for dataset_produces_2 to None, run_after=None
[2026-09-15T21:01:31.451+0000] {processor.py:183} INFO - Processing /home/airflow/.local/lib/python3.12/site-packages/airflow/example_dags/example_datasets.py took 0.262 seconds
[2026-09-15T21:02:01.562+0000] {processor.py:161} INFO - Started process (PID=194) to work on /home/airflow/.local/lib/python3.12/site-packages/airflow/example_dags/example_datasets.py
[2026-09-15T21:02:01.563+0000] {processor.py:830} INFO - Processing file /home/airflow/.local/lib/python3.12/site-packages/airflow/example_dags/example_datasets.py for tasks to queue
[2026-09-15T21:02:01.565+0000] {logging_mixin.py:188} INFO - [2026-09-15T21:02:01.565+0000] {dagbag.py:545} INFO - Filling up the DagBag from /home/airflow/.local/lib/python3.12/site-packages/airflow/example_dags/example_datasets.py
[2026-09-15T21:02:01.575+0000] {processor.py:840} INFO - DAG(s) 'consume_1_and_2_with_dataset_expressions', 'dataset_produces_2', 'dataset_consumes_unknown_never_scheduled', 'consume_1_or_2_with_dataset_expressions', 'dataset_consumes_1_never_scheduled', 'dataset_consumes_1', 'conditional_dataset_and_time_based_timetable', 'dataset_consumes_1_and_2', 'consume_1_or_both_2_and_3_with_dataset_expressions', 'dataset_produces_1' retrieved from /home/airflow/.local/lib/python3.12/site-packages/airflow/example_dags/example_datasets.py
[2026-09-15T21:02:01.610+0000] {logging_mixin.py:188} INFO - [2026-09-15T21:02:01.609+0000] {dag.py:3089} INFO - Sync 10 DAGs
[2026-09-15T21:02:01.633+0000] {logging_mixin.py:188} INFO - [2026-09-15T21:02:01.632+0000] {dag.py:3947} INFO - Setting next_dagrun for conditional_dataset_and_time_based_timetable to 2026-09-09 01:00:00+00:00, run_after=2026-09-09 01:00:00+00:00
[2026-09-15T21:02:01.639+0000] {logging_mixin.py:188} INFO - [2026-09-15T21:02:01.639+0000] {dag.py:3947} INFO - Setting next_dagrun for consume_1_and_2_with_dataset_expressions to None, run_after=None
[2026-09-15T21:02:01.641+0000] {logging_mixin.py:188} INFO - [2026-09-15T21:02:01.641+0000] {dag.py:3947} INFO - Setting next_dagrun for consume_1_or_2_with_dataset_expressions to None, run_after=None
[2026-09-15T21:02:01.643+0000] {logging_mixin.py:188} INFO - [2026-09-15T21:02:01.643+0000] {dag.py:3947} INFO - Setting next_dagrun for consume_1_or_both_2_and_3_with_dataset_expressions to None, run_after=None
[2026-09-15T21:02:01.644+0000] {logging_mixin.py:188} INFO - [2026-09-15T21:02:01.644+0000] {dag.py:3947} INFO - Setting next_dagrun for dataset_consumes_1 to None, run_after=None
[2026-09-15T21:02:01.646+0000] {logging_mixin.py:188} INFO - [2026-09-15T21:02:01.646+0000] {dag.py:3947} INFO - Setting next_dagrun for dataset_consumes_1_and_2 to None, run_after=None
[2026-09-15T21:02:01.647+0000] {logging_mixin.py:188} INFO - [2026-09-15T21:02:01.647+0000] {dag.py:3947} INFO - Setting next_dagrun for dataset_consumes_1_never_scheduled to None, run_after=None
[2026-09-15T21:02:01.649+0000] {logging_mixin.py:188} INFO - [2026-09-15T21:02:01.649+0000] {dag.py:3947} INFO - Setting next_dagrun for dataset_consumes_unknown_never_scheduled to None, run_after=None
[2026-09-15T21:02:01.651+0000] {logging_mixin.py:188} INFO - [2026-09-15T21:02:01.651+0000] {dag.py:3947} INFO - Setting next_dagrun for dataset_produces_1 to 2026-09-14 00:00:00+00:00, run_after=2026-09-15 00:00:00+00:00
[2026-09-15T21:02:01.653+0000] {logging_mixin.py:188} INFO - [2026-09-15T21:02:01.653+0000] {dag.py:3947} INFO - Setting next_dagrun for dataset_produces_2 to None, run_after=None
[2026-09-15T21:02:01.680+0000] {processor.py:183} INFO - Processing /home/airflow/.local/lib/python3.12/site-packages/airflow/example_dags/example_datasets.py took 0.122 seconds
[2026-09-15T21:02:31.828+0000] {processor.py:161} INFO - Started process (PID=259) to work on /home/airflow/.local/lib/python3.12/site-packages/airflow/example_dags/example_datasets.py
[2026-09-15T21:02:31.829+0000] {processor.py:830} INFO - Processing file /home/airflow/.local/lib/python3.12/site-packages/airflow/example_dags/example_datasets.py for tasks to queue
[2026-09-15T21:02:31.831+0000] {logging_mixin.py:188} INFO - [2026-09-15T21:02:31.831+0000] {dagbag.py:545} INFO - Filling up the DagBag from /home/airflow/.local/lib/python3.12/site-packages/airflow/example_dags/example_datasets.py
[2026-09-15T21:02:31.841+0000] {processor.py:840} INFO - DAG(s) 'conditional_dataset_and_time_based_timetable', 'dataset_consumes_1_and_2', 'consume_1_or_2_with_dataset_expressions', 'dataset_consumes_1_never_scheduled', 'dataset_produces_1', 'dataset_produces_2', 'dataset_consumes_1', 'consume_1_or_both_2_and_3_with_dataset_expressions', 'dataset_consumes_unknown_never_scheduled', 'consume_1_and_2_with_dataset_expressions' retrieved from /home/airflow/.local/lib/python3.12/site-packages/airflow/example_dags/example_datasets.py
[2026-09-15T21:02:31.875+0000] {logging_mixin.py:188} INFO - [2026-09-15T21:02:31.874+0000] {dag.py:3089} INFO - Sync 10 DAGs
[2026-09-15T21:02:31.893+0000] {logging_mixin.py:188} INFO - [2026-09-15T21:02:31.893+0000] {dag.py:3947} INFO - Setting next_dagrun for conditional_dataset_and_time_based_timetable to 2026-09-09 01:00:00+00:00, run_after=2026-09-09 01:00:00+00:00
[2026-09-15T21:02:31.896+0000] {logging_mixin.py:188} INFO - [2026-09-15T21:02:31.896+0000] {dag.py:3947} INFO - Setting next_dagrun for consume_1_and_2_with_dataset_expressions to None, run_after=None
[2026-09-15T21:02:31.898+0000] {logging_mixin.py:188} INFO - [2026-09-15T21:02:31.898+0000] {dag.py:3947} INFO - Setting next_dagrun for consume_1_or_2_with_dataset_expressions to None, run_after=None
[2026-09-15T21:02:31.899+0000] {logging_mixin.py:188} INFO - [2026-09-15T21:02:31.899+0000] {dag.py:3947} INFO - Setting next_dagrun for consume_1_or_both_2_and_3_with_dataset_expressions to None, run_after=None
[2026-09-15T21:02:31.901+0000] {logging_mixin.py:188} INFO - [2026-09-15T21:02:31.900+0000] {dag.py:3947} INFO - Setting next_dagrun for dataset_consumes_1 to None, run_after=None
[2026-09-15T21:02:31.902+0000] {logging_mixin.py:188} INFO - [2026-09-15T21:02:31.902+0000] {dag.py:3947} INFO - Setting next_dagrun for dataset_consumes_1_and_2 to None, run_after=None
[2026-09-15T21:02:31.903+0000] {logging_mixin.py:188} INFO - [2026-09-15T21:02:31.903+0000] {dag.py:3947} INFO - Setting next_dagrun for dataset_consumes_1_never_scheduled to None, run_after=None
[2026-09-15T21:02:31.904+0000] {logging_mixin.py:188} INFO - [2026-09-15T21:02:31.904+0000] {dag.py:3947} INFO - Setting next_dagrun for dataset_consumes_unknown_never_scheduled to None, run_after=None
[2026-09-15T21:02:31.906+0000] {logging_mixin.py:188} INFO - [2026-09-15T21:02:31.906+0000] {dag.py:3947} INFO - Setting next_dagrun for dataset_produces_1 to 2026-09-14 00:00:00+00:00, run_after=2026-09-15 00:00:00+00:00
[2026-09-15T21:02:31.907+0000] {logging_mixin.py:188} INFO - [2026-09-15T21:02:31.907+0000] {dag.py:3947} INFO - Setting next_dagrun for dataset_produces_2 to None, run_after=None
[2026-09-15T21:02:31.931+0000] {processor.py:183} INFO - Processing /home/airflow/.local/lib/python3.12/site-packages/airflow/example_dags/example_datasets.py took 0.108 seconds
[2026-09-15T21:03:02.066+0000] {processor.py:161} INFO - Started process (PID=316) to work on /home/airflow/.local/lib/python3.12/site-packages/airflow/example_dags/example_datasets.py
[2026-09-15T21:03:02.067+0000] {processor.py:830} INFO - Processing file /home/airflow/.local/lib/python3.12/site-packages/airflow/example_dags/example_datasets.py for tasks to queue
[2026-09-15T21:03:02.069+0000] {logging_mixin.py:188} INFO - [2026-09-15T21:03:02.068+0000] {dagbag.py:545} INFO - Filling up the DagBag from /home/airflow/.local/lib/python3.12/site-packages/airflow/example_dags/example_datasets.py
[2026-09-15T21:03:02.079+0000] {processor.py:840} INFO - DAG(s) 'dataset_consumes_1_and_2', 'dataset_produces_2', 'dataset_produces_1', 'dataset_consumes_1_never_scheduled', 'consume_1_or_both_2_and_3_with_dataset_expressions', 'dataset_consumes_1', 'conditional_dataset_and_time_based_timetable', 'consume_1_and_2_with_dataset_expressions', 'consume_1_or_2_with_dataset_expressions', 'dataset_consumes_unknown_never_scheduled' retrieved from /home/airflow/.local/lib/python3.12/site-packages/airflow/example_dags/example_datasets.py
[2026-09-15T21:03:02.112+0000] {logging_mixin.py:188} INFO - [2026-09-15T21:03:02.111+0000] {dag.py:3089} INFO - Sync 10 DAGs
[2026-09-15T21:03:02.128+0000] {logging_mixin.py:188} INFO - [2026-09-15T21:03:02.128+0000] {dag.py:3947} INFO - Setting next_dagrun for conditional_dataset_and_time_based_timetable to 2026-09-09 01:00:00+00:00, run_after=2026-09-09 01:00:00+00:00
[2026-09-15T21:03:02.131+0000] {logging_mixin.py:188} INFO - [2026-09-15T21:03:02.131+0000] {dag.py:3947} INFO - Setting next_dagrun for consume_1_and_2_with_dataset_expressions to None, run_after=None
[2026-09-15T21:03:02.133+0000] {logging_mixin.py:188} INFO - [2026-09-15T21:03:02.132+0000] {dag.py:3947} INFO - Setting next_dagrun for consume_1_or_2_with_dataset_expressions to None, run_after=None
[2026-09-15T21:03:02.134+0000] {logging_mixin.py:188} INFO - [2026-09-15T21:03:02.134+0000] {dag.py:3947} INFO - Setting next_dagrun for consume_1_or_both_2_and_3_with_dataset_expressions to None, run_after=None
[2026-09-15T21:03:02.136+0000] {logging_mixin.py:188} INFO - [2026-09-15T21:03:02.136+0000] {dag.py:3947} INFO - Setting next_dagrun for dataset_consumes_1 to None, run_after=None
[2026-09-15T21:03:02.137+0000] {logging_mixin.py:188} INFO - [2026-09-15T21:03:02.137+0000] {dag.py:3947} INFO - Setting next_dagrun for dataset_consumes_1_and_2 to None, run_after=None
[2026-09-15T21:03:02.138+0000] {logging_mixin.py:188} INFO - [2026-09-15T21:03:02.138+0000] {dag.py:3947} INFO - Setting next_dagrun for dataset_consumes_1_never_scheduled to None, run_after=None
[2026-09-15T21:03:02.139+0000] {logging_mixin.py:188} INFO - [2026-09-15T21:03:02.139+0000] {dag.py:3947} INFO - Setting next_dagrun for dataset_consumes_unknown_never_scheduled to None, run_after=None
[2026-09-15T21:03:02.141+0000] {logging_mixin.py:188} INFO - [2026-09-15T21:03:02.141+0000] {dag.py:3947} INFO - Setting next_dagrun for dataset_produces_1 to 2026-09-14 00:00:00+00:00, run_after=2026-09-15 00:00:00+00:00
[2026-09-15T21:03:02.142+0000] {logging_mixin.py:188} INFO - [2026-09-15T21:03:02.142+0000] {dag.py:3947} INFO - Setting next_dagrun for dataset_produces_2 to None, run_after=None
[2026-09-15T21:03:02.167+0000] {processor.py:183} INFO - Processing /home/airflow/.local/lib/python3.12/site-packages/airflow/example_dags/example_datasets.py took 0.105 seconds
[2026-09-15T21:03:32.294+0000] {processor.py:161} INFO - Started process (PID=374) to work on /home/airflow/.local/lib/python3.12/site-packages/airflow/example_dags/example_datasets.py
[2026-09-15T21:03:32.295+0000] {processor.py:830} INFO - Processing file /home/airflow/.local/lib/python3.12/site-packages/airflow/example_dags/example_datasets.py for tasks to queue
[2026-09-15T21:03:32.297+0000] {logging_mixin.py:188} INFO - [2026-09-15T21:03:32.296+0000] {dagbag.py:545} INFO - Filling up the DagBag from /home/airflow/.local/lib/python3.12/site-packages/airflow/example_dags/example_datasets.py
[2026-09-15T21:03:32.306+0000] {processor.py:840} INFO - DAG(s) 'dataset_consumes_unknown_never_scheduled', 'dataset_consumes_1', 'consume_1_or_both_2_and_3_with_dataset_expressions', 'conditional_dataset_and_time_based_timetable', 'dataset_produces_1', 'dataset_consumes_1_and_2', 'consume_1_and_2_with_dataset_expressions', 'dataset_consumes_1_never_scheduled', 'consume_1_or_2_with_dataset_expressions', 'dataset_produces_2' retrieved from /home/airflow/.local/lib/python3.12/site-packages/airflow/example_dags/example_datasets.py
[2026-09-15T21:03:32.336+0000] {logging_mixin.py:188} INFO - [2026-09-15T21:03:32.336+0000] {dag.py:3089} INFO - Sync 10 DAGs
[2026-09-15T21:03:32.354+0000] {logging_mixin.py:188} INFO - [2026-09-15T21:03:32.353+0000] {dag.py:3947} INFO - Setting next_dagrun for conditional_dataset_and_time_based_timetable to 2026-09-09 01:00:00+00:00, run_after=2026-09-09 01:00:00+00:00
[2026-09-15T21:03:32.357+0000] {logging_mixin.py:188} INFO - [2026-09-15T21:03:32.357+0000] {dag.py:3947} INFO - Setting next_dagrun for consume_1_and_2_with_dataset_expressions to None, run_after=None
[2026-09-15T21:03:32.359+0000] {logging_mixin.py:188} INFO - [2026-09-15T21:03:32.359+0000] {dag.py:3947} INFO - Setting next_dagrun for consume_1_or_2_with_dataset_expressions to None, run_after=None
[2026-09-15T21:03:32.360+0000] {logging_mixin.py:188} INFO - [2026-09-15T21:03:32.360+0000] {dag.py:3947} INFO - Setting next_dagrun for consume_1_or_both_2_and_3_with_dataset_expressions to None, run_after=None
[2026-09-15T21:03:32.362+0000] {logging_mixin.py:188} INFO - [2026-09-15T21:03:32.362+0000] {dag.py:3947} INFO - Setting next_dagrun for dataset_consumes_1 to None, run_after=None
[2026-09-15T21:03:32.363+0000] {logging_mixin.py:188} INFO - [2026-09-15T21:03:32.363+0000] {dag.py:3947} INFO - Setting next_dagrun for dataset_consumes_1_and_2 to None, run_after=None
[2026-09-15T21:03:32.365+0000] {logging_mixin.py:188} INFO - [2026-09-15T21:03:32.364+0000] {dag.py:3947} INFO - Setting next_dagrun for dataset_consumes_1_never_scheduled to None, run_after=None
[2026-09-15T21:03:32.366+0000] {logging_mixin.py:188} INFO - [2026-09-15T21:03:32.366+0000] {dag.py:3947} INFO - Setting next_dagrun for dataset_consumes_unknown_never_scheduled to None, run_after=None
[2026-09-15T21:03:32.368+0000] {logging_mixin.py:188} INFO - [2026-09-15T21:03:32.367+0000] {dag.py:3947} INFO - Setting next_dagrun for dataset_produces_1 to 2026-09-14 00:00:00+00:00, run_after=2026-09-15 00:00:00+00:00
[2026-09-15T21:03:32.369+0000] {logging_mixin.py:188} INFO - [2026-09-15T21:03:32.369+0000] {dag.py:3947} INFO - Setting next_dagrun for dataset_produces_2 to None, run_after=None
[2026-09-15T21:03:32.394+0000] {processor.py:183} INFO - Processing /home/airflow/.local/lib/python3.12/site-packages/airflow/example_dags/example_datasets.py took 0.105 seconds
[2026-09-15T21:04:02.430+0000] {processor.py:161} INFO - Started process (PID=432) to work on /home/airflow/.local/lib/python3.12/site-packages/airflow/example_dags/example_datasets.py
[2026-09-15T21:04:02.431+0000] {processor.py:830} INFO - Processing file /home/airflow/.local/lib/python3.12/site-packages/airflow/example_dags/example_datasets.py for tasks to queue
[2026-09-15T21:04:02.433+0000] {logging_mixin.py:188} INFO - [2026-09-15T21:04:02.433+0000] {dagbag.py:545} INFO - Filling up the DagBag from /home/airflow/.local/lib/python3.12/site-packages/airflow/example_dags/example_datasets.py
[2026-09-15T21:04:02.442+0000] {processor.py:840} INFO - DAG(s) 'dataset_consumes_1_and_2', 'dataset_consumes_unknown_never_scheduled', 'dataset_consumes_1', 'dataset_consumes_1_never_scheduled', 'dataset_produces_1', 'dataset_produces_2', 'consume_1_or_2_with_dataset_expressions', 'consume_1_or_both_2_and_3_with_dataset_expressions', 'conditional_dataset_and_time_based_timetable', 'consume_1_and_2_with_dataset_expressions' retrieved from /home/airflow/.local/lib/python3.12/site-packages/airflow/example_dags/example_datasets.py
[2026-09-15T21:04:02.474+0000] {logging_mixin.py:188} INFO - [2026-09-15T21:04:02.474+0000] {dag.py:3089} INFO - Sync 10 DAGs
[2026-09-15T21:04:02.492+0000] {logging_mixin.py:188} INFO - [2026-09-15T21:04:02.492+0000] {dag.py:3947} INFO - Setting next_dagrun for conditional_dataset_and_time_based_timetable to 2026-09-09 01:00:00+00:00, run_after=2026-09-09 01:00:00+00:00
[2026-09-15T21:04:02.496+0000] {logging_mixin.py:188} INFO - [2026-09-15T21:04:02.495+0000] {dag.py:3947} INFO - Setting next_dagrun for consume_1_and_2_with_dataset_expressions to None, run_after=None
[2026-09-15T21:04:02.497+0000] {logging_mixin.py:188} INFO - [2026-09-15T21:04:02.497+0000] {dag.py:3947} INFO - Setting next_dagrun for consume_1_or_2_with_dataset_expressions to None, run_after=None
[2026-09-15T21:04:02.499+0000] {logging_mixin.py:188} INFO - [2026-09-15T21:04:02.499+0000] {dag.py:3947} INFO - Setting next_dagrun for consume_1_or_both_2_and_3_with_dataset_expressions to None, run_after=None
[2026-09-15T21:04:02.501+0000] {logging_mixin.py:188} INFO - [2026-09-15T21:04:02.501+0000] {dag.py:3947} INFO - Setting next_dagrun for dataset_consumes_1 to None, run_after=None
[2026-09-15T21:04:02.502+0000] {logging_mixin.py:188} INFO - [2026-09-15T21:04:02.502+0000] {dag.py:3947} INFO - Setting next_dagrun for dataset_consumes_1_and_2 to None, run_after=None
[2026-09-15T21:04:02.503+0000] {logging_mixin.py:188} INFO - [2026-09-15T21:04:02.503+0000] {dag.py:3947} INFO - Setting next_dagrun for dataset_consumes_1_never_scheduled to None, run_after=None
[2026-09-15T21:04:02.504+0000] {logging_mixin.py:188} INFO - [2026-09-15T21:04:02.504+0000] {dag.py:3947} INFO - Setting next_dagrun for dataset_consumes_unknown_never_scheduled to None, run_after=None
[2026-09-15T21:04:02.506+0000] {logging_mixin.py:188} INFO - [2026-09-15T21:04:02.506+0000] {dag.py:3947} INFO - Setting next_dagrun for dataset_produces_1 to 2026-09-14 00:00:00+00:00, run_after=2026-09-15 00:00:00+00:00
[2026-09-15T21:04:02.507+0000] {logging_mixin.py:188} INFO - [2026-09-15T21:04:02.507+0000] {dag.py:3947} INFO - Setting next_dagrun for dataset_produces_2 to None, run_after=None
[2026-09-15T21:04:02.532+0000] {processor.py:183} INFO - Processing /home/airflow/.local/lib/python3.12/site-packages/airflow/example_dags/example_datasets.py took 0.106 seconds
[2026-09-15T21:04:32.568+0000] {processor.py:161} INFO - Started process (PID=490) to work on /home/airflow/.local/lib/python3.12/site-packages/airflow/example_dags/example_datasets.py
[2026-09-15T21:04:32.570+0000] {processor.py:830} INFO - Processing file /home/airflow/.local/lib/python3.12/site-packages/airflow/example_dags/example_datasets.py for tasks to queue
[2026-09-15T21:04:32.572+0000] {logging_mixin.py:188} INFO - [2026-09-15T21:04:32.571+0000] {dagbag.py:545} INFO - Filling up the DagBag from /home/airflow/.local/lib/python3.12/site-packages/airflow/example_dags/example_datasets.py
[2026-09-15T21:04:32.581+0000] {processor.py:840} INFO - DAG(s) 'conditional_dataset_and_time_based_timetable', 'consume_1_and_2_with_dataset_expressions', 'dataset_consumes_1', 'dataset_consumes_1_never_scheduled', 'dataset_produces_2', 'dataset_consumes_1_and_2', 'dataset_consumes_unknown_never_scheduled', 'dataset_produces_1', 'consume_1_or_2_with_dataset_expressions', 'consume_1_or_both_2_and_3_with_dataset_expressions' retrieved from /home/airflow/.local/lib/python3.12/site-packages/airflow/example_dags/example_datasets.py
[2026-09-15T21:04:32.615+0000] {logging_mixin.py:188} INFO - [2026-09-15T21:04:32.614+0000] {dag.py:3089} INFO - Sync 10 DAGs
[2026-09-15T21:04:32.631+0000] {logging_mixin.py:188} INFO - [2026-09-15T21:04:32.631+0000] {dag.py:3947} INFO - Setting next_dagrun for conditional_dataset_and_time_based_timetable to 2026-09-09 01:00:00+00:00, run_after=2026-09-09 01:00:00+00:00
[2026-09-15T21:04:32.634+0000] {logging_mixin.py:188} INFO - [2026-09-15T21:04:32.634+0000] {dag.py:3947} INFO - Setting next_dagrun for consume_1_and_2_with_dataset_expressions to None, run_after=None
[2026-09-15T21:04:32.636+0000] {logging_mixin.py:188} INFO - [2026-09-15T21:04:32.636+0000] {dag.py:3947} INFO - Setting next_dagrun for consume_1_or_2_with_dataset_expressions to None, run_after=None
[2026-09-15T21:04:32.637+0000] {logging_mixin.py:188} INFO - [2026-09-15T21:04:32.637+0000] {dag.py:3947} INFO - Setting next_dagrun for consume_1_or_both_2_and_3_with_dataset_expressions to None, run_after=None
[2026-09-15T21:04:32.638+0000] {logging_mixin.py:188} INFO - [2026-09-15T21:04:32.638+0000] {dag.py:3947} INFO - Setting next_dagrun for dataset_consumes_1 to None, run_after=None
[2026-09-15T21:04:32.640+0000] {logging_mixin.py:188} INFO - [2026-09-15T21:04:32.640+0000] {dag.py:3947} INFO - Setting next_dagrun for dataset_consumes_1_and_2 to None, run_after=None
[2026-09-15T21:04:32.641+0000] {logging_mixin.py:188} INFO - [2026-09-15T21:04:32.641+0000] {dag.py:3947} INFO - Setting next_dagrun for dataset_consumes_1_never_scheduled to None, run_after=None
[2026-09-15T21:04:32.642+0000] {logging_mixin.py:188} INFO - [2026-09-15T21:04:32.642+0000] {dag.py:3947} INFO - Setting next_dagrun for dataset_consumes_unknown_never_scheduled to None, run_after=None
[2026-09-15T21:04:32.644+0000] {logging_mixin.py:188} INFO - [2026-09-15T21:04:32.644+0000] {dag.py:3947} INFO - Setting next_dagrun for dataset_produces_1 to 2026-09-14 00:00:00+00:00, run_after=2026-09-15 00:00:00+00:00
[2026-09-15T21:04:32.645+0000] {logging_mixin.py:188} INFO - [2026-09-15T21:04:32.645+0000] {dag.py:3947} INFO - Setting next_dagrun for dataset_produces_2 to None, run_after=None
[2026-09-15T21:04:32.668+0000] {processor.py:183} INFO - Processing /home/airflow/.local/lib/python3.12/site-packages/airflow/example_dags/example_datasets.py took 0.105 seconds
[2026-09-15T21:05:02.771+0000] {processor.py:161} INFO - Started process (PID=548) to work on /home/airflow/.local/lib/python3.12/site-packages/airflow/example_dags/example_datasets.py
[2026-09-15T21:05:02.772+0000] {processor.py:830} INFO - Processing file /home/airflow/.local/lib/python3.12/site-packages/airflow/example_dags/example_datasets.py for tasks to queue
[2026-09-15T21:05:02.774+0000] {logging_mixin.py:188} INFO - [2026-09-15T21:05:02.774+0000] {dagbag.py:545} INFO - Filling up the DagBag from /home/airflow/.local/lib/python3.12/site-packages/airflow/example_dags/example_datasets.py
[2026-09-15T21:05:02.784+0000] {processor.py:840} INFO - DAG(s) 'consume_1_or_both_2_and_3_with_dataset_expressions', 'conditional_dataset_and_time_based_timetable', 'consume_1_and_2_with_dataset_expressions', 'dataset_produces_1', 'dataset_consumes_unknown_never_scheduled', 'consume_1_or_2_with_dataset_expressions', 'dataset_consumes_1', 'dataset_consumes_1_and_2', 'dataset_consumes_1_never_scheduled', 'dataset_produces_2' retrieved from /home/airflow/.local/lib/python3.12/site-packages/airflow/example_dags/example_datasets.py
[2026-09-15T21:05:02.820+0000] {logging_mixin.py:188} INFO - [2026-09-15T21:05:02.820+0000] {dag.py:3089} INFO - Sync 10 DAGs
[2026-09-15T21:05:02.841+0000] {logging_mixin.py:188} INFO - [2026-09-15T21:05:02.841+0000] {dag.py:3947} INFO - Setting next_dagrun for conditional_dataset_and_time_based_timetable to 2026-09-09 01:00:00+00:00, run_after=2026-09-09 01:00:00+00:00
[2026-09-15T21:05:02.845+0000] {logging_mixin.py:188} INFO - [2026-09-15T21:05:02.845+0000] {dag.py:3947} INFO - Setting next_dagrun for consume_1_and_2_with_dataset_expressions to None, run_after=None
[2026-09-15T21:05:02.847+0000] {logging_mixin.py:188} INFO - [2026-09-15T21:05:02.847+0000] {dag.py:3947} INFO - Setting next_dagrun for consume_1_or_2_with_dataset_expressions to None, run_after=None
[2026-09-15T21:05:02.848+0000] {logging_mixin.py:188} INFO - [2026-09-15T21:05:02.848+0000] {dag.py:3947} INFO - Setting next_dagrun for consume_1_or_both_2_and_3_with_dataset_expressions to None, run_after=None
[2026-09-15T21:05:02.849+0000] {logging_mixin.py:188} INFO - [2026-09-15T21:05:02.849+0000] {dag.py:3947} INFO - Setting next_dagrun for dataset_consumes_1 to None, run_after=None
[2026-09-15T21:05:02.850+0000] {logging_mixin.py:188} INFO - [2026-09-15T21:05:02.850+0000] {dag.py:3947} INFO - Setting next_dagrun for dataset_consumes_1_and_2 to None, run_after=None
[2026-09-15T21:05:02.852+0000] {logging_mixin.py:188} INFO - [2026-09-15T21:05:02.852+0000] {dag.py:3947} INFO - Setting next_dagrun for dataset_consumes_1_never_scheduled to None, run_after=None
[2026-09-15T21:05:02.853+0000] {logging_mixin.py:188} INFO - [2026-09-15T21:05:02.853+0000] {dag.py:3947} INFO - Setting next_dagrun for dataset_consumes_unknown_never_scheduled to None, run_after=None
[2026-09-15T21:05:02.855+0000] {logging_mixin.py:188} INFO - [2026-09-15T21:05:02.855+0000] {dag.py:3947} INFO - Setting next_dagrun for dataset_produces_1 to 2026-09-14 00:00:00+00:00, run_after=2026-09-15 00:00:00+00:00
[2026-09-15T21:05:02.856+0000] {logging_mixin.py:188} INFO - [2026-09-15T21:05:02.856+0000] {dag.py:3947} INFO - Setting next_dagrun for dataset_produces_2 to None, run_after=None
[2026-09-15T21:05:02.882+0000] {processor.py:183} INFO - Processing /home/airflow/.local/lib/python3.12/site-packages/airflow/example_dags/example_datasets.py took 0.115 seconds
[2026-09-15T21:05:33.789+0000] {processor.py:161} INFO - Started process (PID=606) to work on /home/airflow/.local/lib/python3.12/site-packages/airflow/example_dags/example_datasets.py
[2026-09-15T21:05:33.791+0000] {processor.py:830} INFO - Processing file /home/airflow/.local/lib/python3.12/site-packages/airflow/example_dags/example_datasets.py for tasks to queue
[2026-09-15T21:05:33.793+0000] {logging_mixin.py:188} INFO - [2026-09-15T21:05:33.792+0000] {dagbag.py:545} INFO - Filling up the DagBag from /home/airflow/.local/lib/python3.12/site-packages/airflow/example_dags/example_datasets.py
[2026-09-15T21:05:33.803+0000] {processor.py:840} INFO - DAG(s) 'consume_1_or_2_with_dataset_expressions', 'dataset_consumes_1_and_2', 'dataset_consumes_1_never_scheduled', 'consume_1_and_2_with_dataset_expressions', 'consume_1_or_both_2_and_3_with_dataset_expressions', 'dataset_consumes_unknown_never_scheduled', 'conditional_dataset_and_time_based_timetable', 'dataset_consumes_1', 'dataset_produces_2', 'dataset_produces_1' retrieved from /home/airflow/.local/lib/python3.12/site-packages/airflow/example_dags/example_datasets.py
[2026-09-15T21:05:33.838+0000] {logging_mixin.py:188} INFO - [2026-09-15T21:05:33.837+0000] {dag.py:3089} INFO - Sync 10 DAGs
[2026-09-15T21:05:33.855+0000] {logging_mixin.py:188} INFO - [2026-09-15T21:05:33.854+0000] {dag.py:3947} INFO - Setting next_dagrun for conditional_dataset_and_time_based_timetable to 2026-09-09 01:00:00+00:00, run_after=2026-09-09 01:00:00+00:00
[2026-09-15T21:05:33.858+0000] {logging_mixin.py:188} INFO - [2026-09-15T21:05:33.858+0000] {dag.py:3947} INFO - Setting next_dagrun for consume_1_and_2_with_dataset_expressions to None, run_after=None
[2026-09-15T21:05:33.860+0000] {logging_mixin.py:188} INFO - [2026-09-15T21:05:33.860+0000] {dag.py:3947} INFO - Setting next_dagrun for consume_1_or_2_with_dataset_expressions to None, run_after=None
[2026-09-15T21:05:33.861+0000] {logging_mixin.py:188} INFO - [2026-09-15T21:05:33.861+0000] {dag.py:3947} INFO - Setting next_dagrun for consume_1_or_both_2_and_3_with_dataset_expressions to None, run_after=None
[2026-09-15T21:05:33.863+0000] {logging_mixin.py:188} INFO - [2026-09-15T21:05:33.863+0000] {dag.py:3947} INFO - Setting next_dagrun for dataset_consumes_1 to None, run_after=None
[2026-09-15T21:05:33.864+0000] {logging_mixin.py:188} INFO - [2026-09-15T21:05:33.864+0000] {dag.py:3947} INFO - Setting next_dagrun for dataset_consumes_1_and_2 to None, run_after=None
[2026-09-15T21:05:33.865+0000] {logging_mixin.py:188} INFO - [2026-09-15T21:05:33.865+0000] {dag.py:3947} INFO - Setting next_dagrun for dataset_consumes_1_never_scheduled to None, run_after=None
[2026-09-15T21:05:33.866+0000] {logging_mixin.py:188} INFO - [2026-09-15T21:05:33.866+0000] {dag.py:3947} INFO - Setting next_dagrun for dataset_consumes_unknown_never_scheduled to None, run_after=None
[2026-09-15T21:05:33.868+0000] {logging_mixin.py:188} INFO - [2026-09-15T21:05:33.868+0000] {dag.py:3947} INFO - Setting next_dagrun for dataset_produces_1 to 2026-09-14 00:00:00+00:00, run_after=2026-09-15 00:00:00+00:00
[2026-09-15T21:05:33.869+0000] {logging_mixin.py:188} INFO - [2026-09-15T21:05:33.869+0000] {dag.py:3947} INFO - Setting next_dagrun for dataset_produces_2 to None, run_after=None
[2026-09-15T21:05:33.893+0000] {processor.py:183} INFO - Processing /home/airflow/.local/lib/python3.12/site-packages/airflow/example_dags/example_datasets.py took 0.108 seconds
[2026-09-15T21:06:04.204+0000] {processor.py:161} INFO - Started process (PID=664) to work on /home/airflow/.local/lib/python3.12/site-packages/airflow/example_dags/example_datasets.py
[2026-09-15T21:06:04.206+0000] {processor.py:830} INFO - Processing file /home/airflow/.local/lib/python3.12/site-packages/airflow/example_dags/example_datasets.py for tasks to queue
[2026-09-15T21:06:04.208+0000] {logging_mixin.py:188} INFO - [2026-09-15T21:06:04.208+0000] {dagbag.py:545} INFO - Filling up the DagBag from /home/airflow/.local/lib/python3.12/site-packages/airflow/example_dags/example_datasets.py
[2026-09-15T21:06:04.221+0000] {processor.py:840} INFO - DAG(s) 'consume_1_or_2_with_dataset_expressions', 'consume_1_and_2_with_dataset_expressions', 'consume_1_or_both_2_and_3_with_dataset_expressions', 'dataset_produces_1', 'dataset_consumes_1_and_2', 'dataset_consumes_1', 'conditional_dataset_and_time_based_timetable', 'dataset_consumes_1_never_scheduled', 'dataset_produces_2', 'dataset_consumes_unknown_never_scheduled' retrieved from /home/airflow/.local/lib/python3.12/site-packages/airflow/example_dags/example_datasets.py
[2026-09-15T21:06:04.266+0000] {logging_mixin.py:188} INFO - [2026-09-15T21:06:04.266+0000] {dag.py:3089} INFO - Sync 10 DAGs
[2026-09-15T21:06:04.289+0000] {logging_mixin.py:188} INFO - [2026-09-15T21:06:04.289+0000] {dag.py:3947} INFO - Setting next_dagrun for conditional_dataset_and_time_based_timetable to 2026-09-09 01:00:00+00:00, run_after=2026-09-09 01:00:00+00:00
[2026-09-15T21:06:04.293+0000] {logging_mixin.py:188} INFO - [2026-09-15T21:06:04.293+0000] {dag.py:3947} INFO - Setting next_dagrun for consume_1_and_2_with_dataset_expressions to None, run_after=None
[2026-09-15T21:06:04.296+0000] {logging_mixin.py:188} INFO - [2026-09-15T21:06:04.295+0000] {dag.py:3947} INFO - Setting next_dagrun for consume_1_or_2_with_dataset_expressions to None, run_after=None
[2026-09-15T21:06:04.297+0000] {logging_mixin.py:188} INFO - [2026-09-15T21:06:04.297+0000] {dag.py:3947} INFO - Setting next_dagrun for consume_1_or_both_2_and_3_with_dataset_expressions to None, run_after=None
[2026-09-15T21:06:04.299+0000] {logging_mixin.py:188} INFO - [2026-09-15T21:06:04.299+0000] {dag.py:3947} INFO - Setting next_dagrun for dataset_consumes_1 to None, run_after=None
[2026-09-15T21:06:04.301+0000] {logging_mixin.py:188} INFO - [2026-09-15T21:06:04.300+0000] {dag.py:3947} INFO - Setting next_dagrun for dataset_consumes_1_and_2 to None, run_after=None
[2026-09-15T21:06:04.302+0000] {logging_mixin.py:188} INFO - [2026-09-15T21:06:04.302+0000] {dag.py:3947} INFO - Setting next_dagrun for dataset_consumes_1_never_scheduled to None, run_after=None
[2026-09-15T21:06:04.305+0000] {logging_mixin.py:188} INFO - [2026-09-15T21:06:04.304+0000] {dag.py:3947} INFO - Setting next_dagrun for dataset_consumes_unknown_never_scheduled to None, run_after=None
[2026-09-15T21:06:04.307+0000] {logging_mixin.py:188} INFO - [2026-09-15T21:06:04.307+0000] {dag.py:3947} INFO - Setting next_dagrun for dataset_produces_1 to 2026-09-14 00:00:00+00:00, run_after=2026-09-15 00:00:00+00:00
[2026-09-15T21:06:04.309+0000] {logging_mixin.py:188} INFO - [2026-09-15T21:06:04.309+0000] {dag.py:3947} INFO - Setting next_dagrun for dataset_produces_2 to None, run_after=None
[2026-09-15T21:06:04.347+0000] {processor.py:183} INFO - Processing /home/airflow/.local/lib/python3.12/site-packages/airflow/example_dags/example_datasets.py took 0.150 seconds
[2026-09-15T21:06:34.386+0000] {processor.py:161} INFO - Started process (PID=725) to work on /home/airflow/.local/lib/python3.12/site-packages/airflow/example_dags/example_datasets.py
[2026-09-15T21:06:34.388+0000] {processor.py:830} INFO - Processing file /home/airflow/.local/lib/python3.12/site-packages/airflow/example_dags/example_datasets.py for tasks to queue
[2026-09-15T21:06:34.391+0000] {logging_mixin.py:188} INFO - [2026-09-15T21:06:34.390+0000] {dagbag.py:545} INFO - Filling up the DagBag from /home/airflow/.local/lib/python3.12/site-packages/airflow/example_dags/example_datasets.py
[2026-09-15T21:06:34.402+0000] {processor.py:840} INFO - DAG(s) 'dataset_produces_1', 'dataset_consumes_unknown_never_scheduled', 'dataset_consumes_1', 'dataset_produces_2', 'consume_1_or_2_with_dataset_expressions', 'dataset_consumes_1_never_scheduled', 'consume_1_and_2_with_dataset_expressions', 'dataset_consumes_1_and_2', 'conditional_dataset_and_time_based_timetable', 'consume_1_or_both_2_and_3_with_dataset_expressions' retrieved from /home/airflow/.local/lib/python3.12/site-packages/airflow/example_dags/example_datasets.py
[2026-09-15T21:06:34.442+0000] {logging_mixin.py:188} INFO - [2026-09-15T21:06:34.440+0000] {dag.py:3089} INFO - Sync 10 DAGs
[2026-09-15T21:06:34.463+0000] {logging_mixin.py:188} INFO - [2026-09-15T21:06:34.462+0000] {dag.py:3947} INFO - Setting next_dagrun for conditional_dataset_and_time_based_timetable to 2026-09-09 01:00:00+00:00, run_after=2026-09-09 01:00:00+00:00
[2026-09-15T21:06:34.467+0000] {logging_mixin.py:188} INFO - [2026-09-15T21:06:34.466+0000] {dag.py:3947} INFO - Setting next_dagrun for consume_1_and_2_with_dataset_expressions to None, run_after=None
[2026-09-15T21:06:34.469+0000] {logging_mixin.py:188} INFO - [2026-09-15T21:06:34.469+0000] {dag.py:3947} INFO - Setting next_dagrun for consume_1_or_2_with_dataset_expressions to None, run_after=None
[2026-09-15T21:06:34.471+0000] {logging_mixin.py:188} INFO - [2026-09-15T21:06:34.471+0000] {dag.py:3947} INFO - Setting next_dagrun for consume_1_or_both_2_and_3_with_dataset_expressions to None, run_after=None
[2026-09-15T21:06:34.473+0000] {logging_mixin.py:188} INFO - [2026-09-15T21:06:34.473+0000] {dag.py:3947} INFO - Setting next_dagrun for dataset_consumes_1 to None, run_after=None
[2026-09-15T21:06:34.475+0000] {logging_mixin.py:188} INFO - [2026-09-15T21:06:34.475+0000] {dag.py:3947} INFO - Setting next_dagrun for dataset_consumes_1_and_2 to None, run_after=None
[2026-09-15T21:06:34.477+0000] {logging_mixin.py:188} INFO - [2026-09-15T21:06:34.477+0000] {dag.py:3947} INFO - Setting next_dagrun for dataset_consumes_1_never_scheduled to None, run_after=None
[2026-09-15T21:06:34.479+0000] {logging_mixin.py:188} INFO - [2026-09-15T21:06:34.478+0000] {dag.py:3947} INFO - Setting next_dagrun for dataset_consumes_unknown_never_scheduled to None, run_after=None
[2026-09-15T21:06:34.481+0000] {logging_mixin.py:188} INFO - [2026-09-15T21:06:34.481+0000] {dag.py:3947} INFO - Setting next_dagrun for dataset_produces_1 to 2026-09-14 00:00:00+00:00, run_after=2026-09-15 00:00:00+00:00
[2026-09-15T21:06:34.483+0000] {logging_mixin.py:188} INFO - [2026-09-15T21:06:34.483+0000] {dag.py:3947} INFO - Setting next_dagrun for dataset_produces_2 to None, run_after=None
[2026-09-15T21:06:34.513+0000] {processor.py:183} INFO - Processing /home/airflow/.local/lib/python3.12/site-packages/airflow/example_dags/example_datasets.py took 0.133 seconds
[2026-09-15T21:07:04.775+0000] {processor.py:161} INFO - Started process (PID=783) to work on /home/airflow/.local/lib/python3.12/site-packages/airflow/example_dags/example_datasets.py
[2026-09-15T21:07:04.776+0000] {processor.py:830} INFO - Processing file /home/airflow/.local/lib/python3.12/site-packages/airflow/example_dags/example_datasets.py for tasks to queue
[2026-09-15T21:07:04.778+0000] {logging_mixin.py:188} INFO - [2026-09-15T21:07:04.777+0000] {dagbag.py:545} INFO - Filling up the DagBag from /home/airflow/.local/lib/python3.12/site-packages/airflow/example_dags/example_datasets.py
[2026-09-15T21:07:04.790+0000] {processor.py:840} INFO - DAG(s) 'dataset_produces_1', 'dataset_consumes_1', 'dataset_consumes_1_never_scheduled', 'consume_1_or_2_with_dataset_expressions', 'dataset_consumes_unknown_never_scheduled', 'dataset_consumes_1_and_2', 'consume_1_or_both_2_and_3_with_dataset_expressions', 'conditional_dataset_and_time_based_timetable', 'consume_1_and_2_with_dataset_expressions', 'dataset_produces_2' retrieved from /home/airflow/.local/lib/python3.12/site-packages/airflow/example_dags/example_datasets.py
[2026-09-15T21:07:04.827+0000] {logging_mixin.py:188} INFO - [2026-09-15T21:07:04.827+0000] {dag.py:3089} INFO - Sync 10 DAGs
[2026-09-15T21:07:04.846+0000] {logging_mixin.py:188} INFO - [2026-09-15T21:07:04.846+0000] {dag.py:3947} INFO - Setting next_dagrun for conditional_dataset_and_time_based_timetable to 2026-09-09 01:00:00+00:00, run_after=2026-09-09 01:00:00+00:00
[2026-09-15T21:07:04.850+0000] {logging_mixin.py:188} INFO - [2026-09-15T21:07:04.850+0000] {dag.py:3947} INFO - Setting next_dagrun for consume_1_and_2_with_dataset_expressions to None, run_after=None
[2026-09-15T21:07:04.852+0000] {logging_mixin.py:188} INFO - [2026-09-15T21:07:04.851+0000] {dag.py:3947} INFO - Setting next_dagrun for consume_1_or_2_with_dataset_expressions to None, run_after=None
[2026-09-15T21:07:04.853+0000] {logging_mixin.py:188} INFO - [2026-09-15T21:07:04.853+0000] {dag.py:3947} INFO - Setting next_dagrun for consume_1_or_both_2_and_3_with_dataset_expressions to None, run_after=None
[2026-09-15T21:07:04.854+0000] {logging_mixin.py:188} INFO - [2026-09-15T21:07:04.854+0000] {dag.py:3947} INFO - Setting next_dagrun for dataset_consumes_1 to None, run_after=None
[2026-09-15T21:07:04.855+0000] {logging_mixin.py:188} INFO - [2026-09-15T21:07:04.855+0000] {dag.py:3947} INFO - Setting next_dagrun for dataset_consumes_1_and_2 to None, run_after=None
[2026-09-15T21:07:04.857+0000] {logging_mixin.py:188} INFO - [2026-09-15T21:07:04.857+0000] {dag.py:3947} INFO - Setting next_dagrun for dataset_consumes_1_never_scheduled to None, run_after=None
[2026-09-15T21:07:04.858+0000] {logging_mixin.py:188} INFO - [2026-09-15T21:07:04.858+0000] {dag.py:3947} INFO - Setting next_dagrun for dataset_consumes_unknown_never_scheduled to None, run_after=None
[2026-09-15T21:07:04.860+0000] {logging_mixin.py:188} INFO - [2026-09-15T21:07:04.860+0000] {dag.py:3947} INFO - Setting next_dagrun for dataset_produces_1 to 2026-09-14 00:00:00+00:00, run_after=2026-09-15 00:00:00+00:00
[2026-09-15T21:07:04.861+0000] {logging_mixin.py:188} INFO - [2026-09-15T21:07:04.861+0000] {dag.py:3947} INFO - Setting next_dagrun for dataset_produces_2 to None, run_after=None
[2026-09-15T21:07:04.886+0000] {processor.py:183} INFO - Processing /home/airflow/.local/lib/python3.12/site-packages/airflow/example_dags/example_datasets.py took 0.117 seconds
[2026-09-15T21:07:35.354+0000] {processor.py:161} INFO - Started process (PID=841) to work on /home/airflow/.local/lib/python3.12/site-packages/airflow/example_dags/example_datasets.py
[2026-09-15T21:07:35.355+0000] {processor.py:830} INFO - Processing file /home/airflow/.local/lib/python3.12/site-packages/airflow/example_dags/example_datasets.py for tasks to queue
[2026-09-15T21:07:35.357+0000] {logging_mixin.py:188} INFO - [2026-09-15T21:07:35.356+0000] {dagbag.py:545} INFO - Filling up the DagBag from /home/airflow/.local/lib/python3.12/site-packages/airflow/example_dags/example_datasets.py
[2026-09-15T21:07:35.367+0000] {processor.py:840} INFO - DAG(s) 'dataset_consumes_unknown_never_scheduled', 'consume_1_or_both_2_and_3_with_dataset_expressions', 'conditional_dataset_and_time_based_timetable', 'dataset_consumes_1', 'consume_1_or_2_with_dataset_expressions', 'dataset_produces_2', 'dataset_produces_1', 'dataset_consumes_1_never_scheduled', 'dataset_consumes_1_and_2', 'consume_1_and_2_with_dataset_expressions' retrieved from /home/airflow/.local/lib/python3.12/site-packages/airflow/example_dags/example_datasets.py
[2026-09-15T21:07:35.398+0000] {logging_mixin.py:188} INFO - [2026-09-15T21:07:35.398+0000] {dag.py:3089} INFO - Sync 10 DAGs
[2026-09-15T21:07:35.418+0000] {logging_mixin.py:188} INFO - [2026-09-15T21:07:35.418+0000] {dag.py:3947} INFO - Setting next_dagrun for conditional_dataset_and_time_based_timetable to 2026-09-09 01:00:00+00:00, run_after=2026-09-09 01:00:00+00:00
[2026-09-15T21:07:35.422+0000] {logging_mixin.py:188} INFO - [2026-09-15T21:07:35.421+0000] {dag.py:3947} INFO - Setting next_dagrun for consume_1_and_2_with_dataset_expressions to None, run_after=None
[2026-09-15T21:07:35.423+0000] {logging_mixin.py:188} INFO - [2026-09-15T21:07:35.423+0000] {dag.py:3947} INFO - Setting next_dagrun for consume_1_or_2_with_dataset_expressions to None, run_after=None
[2026-09-15T21:07:35.424+0000] {logging_mixin.py:188} INFO - [2026-09-15T21:07:35.424+0000] {dag.py:3947} INFO - Setting next_dagrun for consume_1_or_both_2_and_3_with_dataset_expressions to None, run_after=None
[2026-09-15T21:07:35.426+0000] {logging_mixin.py:188} INFO - [2026-09-15T21:07:35.425+0000] {dag.py:3947} INFO - Setting next_dagrun for dataset_consumes_1 to None, run_after=None
[2026-09-15T21:07:35.427+0000] {logging_mixin.py:188} INFO - [2026-09-15T21:07:35.427+0000] {dag.py:3947} INFO - Setting next_dagrun for dataset_consumes_1_and_2 to None, run_after=None
[2026-09-15T21:07:35.428+0000] {logging_mixin.py:188} INFO - [2026-09-15T21:07:35.428+0000] {dag.py:3947} INFO - Setting next_dagrun for dataset_consumes_1_never_scheduled to None, run_after=None
[2026-09-15T21:07:35.429+0000] {logging_mixin.py:188} INFO - [2026-09-15T21:07:35.429+0000] {dag.py:3947} INFO - Setting next_dagrun for dataset_consumes_unknown_never_scheduled to None, run_after=None
[2026-09-15T21:07:35.431+0000] {logging_mixin.py:188} INFO - [2026-09-15T21:07:35.431+0000] {dag.py:3947} INFO - Setting next_dagrun for dataset_produces_1 to 2026-09-14 00:00:00+00:00, run_after=2026-09-15 00:00:00+00:00
[2026-09-15T21:07:35.432+0000] {logging_mixin.py:188} INFO - [2026-09-15T21:07:35.432+0000] {dag.py:3947} INFO - Setting next_dagrun for dataset_produces_2 to None, run_after=None
[2026-09-15T21:07:35.458+0000] {processor.py:183} INFO - Processing /home/airflow/.local/lib/python3.12/site-packages/airflow/example_dags/example_datasets.py took 0.109 seconds
[2026-09-15T21:08:06.088+0000] {processor.py:161} INFO - Started process (PID=899) to work on /home/airflow/.local/lib/python3.12/site-packages/airflow/example_dags/example_datasets.py
[2026-09-15T21:08:06.089+0000] {processor.py:830} INFO - Processing file /home/airflow/.local/lib/python3.12/site-packages/airflow/example_dags/example_datasets.py for tasks to queue
[2026-09-15T21:08:06.092+0000] {logging_mixin.py:188} INFO - [2026-09-15T21:08:06.091+0000] {dagbag.py:545} INFO - Filling up the DagBag from /home/airflow/.local/lib/python3.12/site-packages/airflow/example_dags/example_datasets.py
[2026-09-15T21:08:06.102+0000] {processor.py:840} INFO - DAG(s) 'dataset_produces_1', 'consume_1_or_both_2_and_3_with_dataset_expressions', 'dataset_consumes_1_never_scheduled', 'dataset_consumes_1_and_2', 'dataset_consumes_1', 'dataset_produces_2', 'dataset_consumes_unknown_never_scheduled', 'consume_1_or_2_with_dataset_expressions', 'consume_1_and_2_with_dataset_expressions', 'conditional_dataset_and_time_based_timetable' retrieved from /home/airflow/.local/lib/python3.12/site-packages/airflow/example_dags/example_datasets.py
[2026-09-15T21:08:06.138+0000] {logging_mixin.py:188} INFO - [2026-09-15T21:08:06.138+0000] {dag.py:3089} INFO - Sync 10 DAGs
[2026-09-15T21:08:06.157+0000] {logging_mixin.py:188} INFO - [2026-09-15T21:08:06.157+0000] {dag.py:3947} INFO - Setting next_dagrun for conditional_dataset_and_time_based_timetable to 2026-09-09 01:00:00+00:00, run_after=2026-09-09 01:00:00+00:00
[2026-09-15T21:08:06.161+0000] {logging_mixin.py:188} INFO - [2026-09-15T21:08:06.161+0000] {dag.py:3947} INFO - Setting next_dagrun for consume_1_and_2_with_dataset_expressions to None, run_after=None
[2026-09-15T21:08:06.162+0000] {logging_mixin.py:188} INFO - [2026-09-15T21:08:06.162+0000] {dag.py:3947} INFO - Setting next_dagrun for consume_1_or_2_with_dataset_expressions to None, run_after=None
[2026-09-15T21:08:06.163+0000] {logging_mixin.py:188} INFO - [2026-09-15T21:08:06.163+0000] {dag.py:3947} INFO - Setting next_dagrun for consume_1_or_both_2_and_3_with_dataset_expressions to None, run_after=None
[2026-09-15T21:08:06.165+0000] {logging_mixin.py:188} INFO - [2026-09-15T21:08:06.165+0000] {dag.py:3947} INFO - Setting next_dagrun for dataset_consumes_1 to None, run_after=None
[2026-09-15T21:08:06.166+0000] {logging_mixin.py:188} INFO - [2026-09-15T21:08:06.166+0000] {dag.py:3947} INFO - Setting next_dagrun for dataset_consumes_1_and_2 to None, run_after=None
[2026-09-15T21:08:06.168+0000] {logging_mixin.py:188} INFO - [2026-09-15T21:08:06.168+0000] {dag.py:3947} INFO - Setting next_dagrun for dataset_consumes_1_never_scheduled to None, run_after=None
[2026-09-15T21:08:06.169+0000] {logging_mixin.py:188} INFO - [2026-09-15T21:08:06.169+0000] {dag.py:3947} INFO - Setting next_dagrun for dataset_consumes_unknown_never_scheduled to None, run_after=None
[2026-09-15T21:08:06.171+0000] {logging_mixin.py:188} INFO - [2026-09-15T21:08:06.171+0000] {dag.py:3947} INFO - Setting next_dagrun for dataset_produces_1 to 2026-09-14 00:00:00+00:00, run_after=2026-09-15 00:00:00+00:00
[2026-09-15T21:08:06.172+0000] {logging_mixin.py:188} INFO - [2026-09-15T21:08:06.172+0000] {dag.py:3947} INFO - Setting next_dagrun for dataset_produces_2 to None, run_after=None
[2026-09-15T21:08:06.196+0000] {processor.py:183} INFO - Processing /home/airflow/.local/lib/python3.12/site-packages/airflow/example_dags/example_datasets.py took 0.113 seconds
[2026-09-15T21:08:36.448+0000] {processor.py:161} INFO - Started process (PID=957) to work on /home/airflow/.local/lib/python3.12/site-packages/airflow/example_dags/example_datasets.py
[2026-09-15T21:08:36.449+0000] {processor.py:830} INFO - Processing file /home/airflow/.local/lib/python3.12/site-packages/airflow/example_dags/example_datasets.py for tasks to queue
[2026-09-15T21:08:36.451+0000] {logging_mixin.py:188} INFO - [2026-09-15T21:08:36.451+0000] {dagbag.py:545} INFO - Filling up the DagBag from /home/airflow/.local/lib/python3.12/site-packages/airflow/example_dags/example_datasets.py
[2026-09-15T21:08:36.461+0000] {processor.py:840} INFO - DAG(s) 'consume_1_or_2_with_dataset_expressions', 'dataset_consumes_unknown_never_scheduled', 'dataset_produces_1', 'consume_1_and_2_with_dataset_expressions', 'dataset_produces_2', 'dataset_consumes_1_and_2', 'consume_1_or_both_2_and_3_with_dataset_expressions', 'dataset_consumes_1_never_scheduled', 'conditional_dataset_and_time_based_timetable', 'dataset_consumes_1' retrieved from /home/airflow/.local/lib/python3.12/site-packages/airflow/example_dags/example_datasets.py
[2026-09-15T21:08:36.494+0000] {logging_mixin.py:188} INFO - [2026-09-15T21:08:36.493+0000] {dag.py:3089} INFO - Sync 10 DAGs
[2026-09-15T21:08:36.510+0000] {logging_mixin.py:188} INFO - [2026-09-15T21:08:36.510+0000] {dag.py:3947} INFO - Setting next_dagrun for conditional_dataset_and_time_based_timetable to 2026-09-09 01:00:00+00:00, run_after=2026-09-09 01:00:00+00:00
[2026-09-15T21:08:36.513+0000] {logging_mixin.py:188} INFO - [2026-09-15T21:08:36.513+0000] {dag.py:3947} INFO - Setting next_dagrun for consume_1_and_2_with_dataset_expressions to None, run_after=None
[2026-09-15T21:08:36.515+0000] {logging_mixin.py:188} INFO - [2026-09-15T21:08:36.515+0000] {dag.py:3947} INFO - Setting next_dagrun for consume_1_or_2_with_dataset_expressions to None, run_after=None
[2026-09-15T21:08:36.516+0000] {logging_mixin.py:188} INFO - [2026-09-15T21:08:36.516+0000] {dag.py:3947} INFO - Setting next_dagrun for consume_1_or_both_2_and_3_with_dataset_expressions to None, run_after=None
[2026-09-15T21:08:36.518+0000] {logging_mixin.py:188} INFO - [2026-09-15T21:08:36.517+0000] {dag.py:3947} INFO - Setting next_dagrun for dataset_consumes_1 to None, run_after=None
[2026-09-15T21:08:36.519+0000] {logging_mixin.py:188} INFO - [2026-09-15T21:08:36.519+0000] {dag.py:3947} INFO - Setting next_dagrun for dataset_consumes_1_and_2 to None, run_after=None
[2026-09-15T21:08:36.520+0000] {logging_mixin.py:188} INFO - [2026-09-15T21:08:36.520+0000] {dag.py:3947} INFO - Setting next_dagrun for dataset_consumes_1_never_scheduled to None, run_after=None
[2026-09-15T21:08:36.521+0000] {logging_mixin.py:188} INFO - [2026-09-15T21:08:36.521+0000] {dag.py:3947} INFO - Setting next_dagrun for dataset_consumes_unknown_never_scheduled to None, run_after=None
[2026-09-15T21:08:36.523+0000] {logging_mixin.py:188} INFO - [2026-09-15T21:08:36.523+0000] {dag.py:3947} INFO - Setting next_dagrun for dataset_produces_1 to 2026-09-14 00:00:00+00:00, run_after=2026-09-15 00:00:00+00:00
[2026-09-15T21:08:36.524+0000] {logging_mixin.py:188} INFO - [2026-09-15T21:08:36.524+0000] {dag.py:3947} INFO - Setting next_dagrun for dataset_produces_2 to None, run_after=None
[2026-09-15T21:08:36.549+0000] {processor.py:183} INFO - Processing /home/airflow/.local/lib/python3.12/site-packages/airflow/example_dags/example_datasets.py took 0.105 seconds
[2026-09-15T21:09:06.710+0000] {processor.py:161} INFO - Started process (PID=1015) to work on /home/airflow/.local/lib/python3.12/site-packages/airflow/example_dags/example_datasets.py
[2026-09-15T21:09:06.711+0000] {processor.py:830} INFO - Processing file /home/airflow/.local/lib/python3.12/site-packages/airflow/example_dags/example_datasets.py for tasks to queue
[2026-09-15T21:09:06.713+0000] {logging_mixin.py:188} INFO - [2026-09-15T21:09:06.713+0000] {dagbag.py:545} INFO - Filling up the DagBag from /home/airflow/.local/lib/python3.12/site-packages/airflow/example_dags/example_datasets.py
[2026-09-15T21:09:06.724+0000] {processor.py:840} INFO - DAG(s) 'dataset_consumes_1_and_2', 'dataset_produces_2', 'dataset_produces_1', 'consume_1_and_2_with_dataset_expressions', 'dataset_consumes_unknown_never_scheduled', 'dataset_consumes_1_never_scheduled', 'consume_1_or_2_with_dataset_expressions', 'consume_1_or_both_2_and_3_with_dataset_expressions', 'conditional_dataset_and_time_based_timetable', 'dataset_consumes_1' retrieved from /home/airflow/.local/lib/python3.12/site-packages/airflow/example_dags/example_datasets.py
[2026-09-15T21:09:06.767+0000] {logging_mixin.py:188} INFO - [2026-09-15T21:09:06.767+0000] {dag.py:3089} INFO - Sync 10 DAGs
[2026-09-15T21:09:06.789+0000] {logging_mixin.py:188} INFO - [2026-09-15T21:09:06.789+0000] {dag.py:3947} INFO - Setting next_dagrun for conditional_dataset_and_time_based_timetable to 2026-09-09 01:00:00+00:00, run_after=2026-09-09 01:00:00+00:00
[2026-09-15T21:09:06.793+0000] {logging_mixin.py:188} INFO - [2026-09-15T21:09:06.793+0000] {dag.py:3947} INFO - Setting next_dagrun for consume_1_and_2_with_dataset_expressions to None, run_after=None
[2026-09-15T21:09:06.795+0000] {logging_mixin.py:188} INFO - [2026-09-15T21:09:06.795+0000] {dag.py:3947} INFO - Setting next_dagrun for consume_1_or_2_with_dataset_expressions to None, run_after=None
[2026-09-15T21:09:06.796+0000] {logging_mixin.py:188} INFO - [2026-09-15T21:09:06.796+0000] {dag.py:3947} INFO - Setting next_dagrun for consume_1_or_both_2_and_3_with_dataset_expressions to None, run_after=None
[2026-09-15T21:09:06.798+0000] {logging_mixin.py:188} INFO - [2026-09-15T21:09:06.798+0000] {dag.py:3947} INFO - Setting next_dagrun for dataset_consumes_1 to None, run_after=None
[2026-09-15T21:09:06.799+0000] {logging_mixin.py:188} INFO - [2026-09-15T21:09:06.799+0000] {dag.py:3947} INFO - Setting next_dagrun for dataset_consumes_1_and_2 to None, run_after=None
[2026-09-15T21:09:06.800+0000] {logging_mixin.py:188} INFO - [2026-09-15T21:09:06.800+0000] {dag.py:3947} INFO - Setting next_dagrun for dataset_consumes_1_never_scheduled to None, run_after=None
[2026-09-15T21:09:06.801+0000] {logging_mixin.py:188} INFO - [2026-09-15T21:09:06.801+0000] {dag.py:3947} INFO - Setting next_dagrun for dataset_consumes_unknown_never_scheduled to None, run_after=None
[2026-09-15T21:09:06.803+0000] {logging_mixin.py:188} INFO - [2026-09-15T21:09:06.803+0000] {dag.py:3947} INFO - Setting next_dagrun for dataset_produces_1 to 2026-09-14 00:00:00+00:00, run_after=2026-09-15 00:00:00+00:00
[2026-09-15T21:09:06.805+0000] {logging_mixin.py:188} INFO - [2026-09-15T21:09:06.805+0000] {dag.py:3947} INFO - Setting next_dagrun for dataset_produces_2 to None, run_after=None
[2026-09-15T21:09:06.833+0000] {processor.py:183} INFO - Processing /home/airflow/.local/lib/python3.12/site-packages/airflow/example_dags/example_datasets.py took 0.128 seconds
[2026-09-15T21:09:36.880+0000] {processor.py:161} INFO - Started process (PID=1073) to work on /home/airflow/.local/lib/python3.12/site-packages/airflow/example_dags/example_datasets.py
[2026-09-15T21:09:36.881+0000] {processor.py:830} INFO - Processing file /home/airflow/.local/lib/python3.12/site-packages/airflow/example_dags/example_datasets.py for tasks to queue
[2026-09-15T21:09:36.883+0000] {logging_mixin.py:188} INFO - [2026-09-15T21:09:36.883+0000] {dagbag.py:545} INFO - Filling up the DagBag from /home/airflow/.local/lib/python3.12/site-packages/airflow/example_dags/example_datasets.py
[2026-09-15T21:09:36.893+0000] {processor.py:840} INFO - DAG(s) 'dataset_consumes_unknown_never_scheduled', 'dataset_produces_1', 'conditional_dataset_and_time_based_timetable', 'consume_1_and_2_with_dataset_expressions', 'consume_1_or_both_2_and_3_with_dataset_expressions', 'dataset_consumes_1', 'dataset_consumes_1_and_2', 'dataset_consumes_1_never_scheduled', 'dataset_produces_2', 'consume_1_or_2_with_dataset_expressions' retrieved from /home/airflow/.local/lib/python3.12/site-packages/airflow/example_dags/example_datasets.py
[2026-09-15T21:09:36.932+0000] {logging_mixin.py:188} INFO - [2026-09-15T21:09:36.932+0000] {dag.py:3089} INFO - Sync 10 DAGs
[2026-09-15T21:09:36.951+0000] {logging_mixin.py:188} INFO - [2026-09-15T21:09:36.951+0000] {dag.py:3947} INFO - Setting next_dagrun for conditional_dataset_and_time_based_timetable to 2026-09-09 01:00:00+00:00, run_after=2026-09-09 01:00:00+00:00
[2026-09-15T21:09:36.956+0000] {logging_mixin.py:188} INFO - [2026-09-15T21:09:36.955+0000] {dag.py:3947} INFO - Setting next_dagrun for consume_1_and_2_with_dataset_expressions to None, run_after=None
[2026-09-15T21:09:36.957+0000] {logging_mixin.py:188} INFO - [2026-09-15T21:09:36.957+0000] {dag.py:3947} INFO - Setting next_dagrun for consume_1_or_2_with_dataset_expressions to None, run_after=None
[2026-09-15T21:09:36.959+0000] {logging_mixin.py:188} INFO - [2026-09-15T21:09:36.959+0000] {dag.py:3947} INFO - Setting next_dagrun for consume_1_or_both_2_and_3_with_dataset_expressions to None, run_after=None
[2026-09-15T21:09:36.960+0000] {logging_mixin.py:188} INFO - [2026-09-15T21:09:36.960+0000] {dag.py:3947} INFO - Setting next_dagrun for dataset_consumes_1 to None, run_after=None
[2026-09-15T21:09:36.962+0000] {logging_mixin.py:188} INFO - [2026-09-15T21:09:36.961+0000] {dag.py:3947} INFO - Setting next_dagrun for dataset_consumes_1_and_2 to None, run_after=None
[2026-09-15T21:09:36.963+0000] {logging_mixin.py:188} INFO - [2026-09-15T21:09:36.963+0000] {dag.py:3947} INFO - Setting next_dagrun for dataset_consumes_1_never_scheduled to None, run_after=None
[2026-09-15T21:09:36.964+0000] {logging_mixin.py:188} INFO - [2026-09-15T21:09:36.964+0000] {dag.py:3947} INFO - Setting next_dagrun for dataset_consumes_unknown_never_scheduled to None, run_after=None
[2026-09-15T21:09:36.967+0000] {logging_mixin.py:188} INFO - [2026-09-15T21:09:36.967+0000] {dag.py:3947} INFO - Setting next_dagrun for dataset_produces_1 to 2026-09-14 00:00:00+00:00, run_after=2026-09-15 00:00:00+00:00
[2026-09-15T21:09:36.969+0000] {logging_mixin.py:188} INFO - [2026-09-15T21:09:36.969+0000] {dag.py:3947} INFO - Setting next_dagrun for dataset_produces_2 to None, run_after=None
[2026-09-15T21:09:36.995+0000] {processor.py:183} INFO - Processing /home/airflow/.local/lib/python3.12/site-packages/airflow/example_dags/example_datasets.py took 0.119 seconds
[2026-09-15T21:10:07.093+0000] {processor.py:161} INFO - Started process (PID=1130) to work on /home/airflow/.local/lib/python3.12/site-packages/airflow/example_dags/example_datasets.py
[2026-09-15T21:10:07.095+0000] {processor.py:830} INFO - Processing file /home/airflow/.local/lib/python3.12/site-packages/airflow/example_dags/example_datasets.py for tasks to queue
[2026-09-15T21:10:07.098+0000] {logging_mixin.py:188} INFO - [2026-09-15T21:10:07.097+0000] {dagbag.py:545} INFO - Filling up the DagBag from /home/airflow/.local/lib/python3.12/site-packages/airflow/example_dags/example_datasets.py
[2026-09-15T21:10:07.111+0000] {processor.py:840} INFO - DAG(s) 'dataset_consumes_unknown_never_scheduled', 'dataset_produces_1', 'dataset_consumes_1', 'conditional_dataset_and_time_based_timetable', 'dataset_consumes_1_and_2', 'consume_1_or_2_with_dataset_expressions', 'dataset_produces_2', 'consume_1_or_both_2_and_3_with_dataset_expressions', 'dataset_consumes_1_never_scheduled', 'consume_1_and_2_with_dataset_expressions' retrieved from /home/airflow/.local/lib/python3.12/site-packages/airflow/example_dags/example_datasets.py
[2026-09-15T21:10:07.155+0000] {logging_mixin.py:188} INFO - [2026-09-15T21:10:07.154+0000] {dag.py:3089} INFO - Sync 10 DAGs
[2026-09-15T21:10:07.176+0000] {logging_mixin.py:188} INFO - [2026-09-15T21:10:07.176+0000] {dag.py:3947} INFO - Setting next_dagrun for conditional_dataset_and_time_based_timetable to 2026-09-09 01:00:00+00:00, run_after=2026-09-09 01:00:00+00:00
[2026-09-15T21:10:07.180+0000] {logging_mixin.py:188} INFO - [2026-09-15T21:10:07.180+0000] {dag.py:3947} INFO - Setting next_dagrun for consume_1_and_2_with_dataset_expressions to None, run_after=None
[2026-09-15T21:10:07.183+0000] {logging_mixin.py:188} INFO - [2026-09-15T21:10:07.183+0000] {dag.py:3947} INFO - Setting next_dagrun for consume_1_or_2_with_dataset_expressions to None, run_after=None
[2026-09-15T21:10:07.185+0000] {logging_mixin.py:188} INFO - [2026-09-15T21:10:07.185+0000] {dag.py:3947} INFO - Setting next_dagrun for consume_1_or_both_2_and_3_with_dataset_expressions to None, run_after=None
[2026-09-15T21:10:07.187+0000] {logging_mixin.py:188} INFO - [2026-09-15T21:10:07.187+0000] {dag.py:3947} INFO - Setting next_dagrun for dataset_consumes_1 to None, run_after=None
[2026-09-15T21:10:07.188+0000] {logging_mixin.py:188} INFO - [2026-09-15T21:10:07.188+0000] {dag.py:3947} INFO - Setting next_dagrun for dataset_consumes_1_and_2 to None, run_after=None
[2026-09-15T21:10:07.189+0000] {logging_mixin.py:188} INFO - [2026-09-15T21:10:07.189+0000] {dag.py:3947} INFO - Setting next_dagrun for dataset_consumes_1_never_scheduled to None, run_after=None
[2026-09-15T21:10:07.190+0000] {logging_mixin.py:188} INFO - [2026-09-15T21:10:07.190+0000] {dag.py:3947} INFO - Setting next_dagrun for dataset_consumes_unknown_never_scheduled to None, run_after=None
[2026-09-15T21:10:07.192+0000] {logging_mixin.py:188} INFO - [2026-09-15T21:10:07.192+0000] {dag.py:3947} INFO - Setting next_dagrun for dataset_produces_1 to 2026-09-14 00:00:00+00:00, run_after=2026-09-15 00:00:00+00:00
[2026-09-15T21:10:07.194+0000] {logging_mixin.py:188} INFO - [2026-09-15T21:10:07.194+0000] {dag.py:3947} INFO - Setting next_dagrun for dataset_produces_2 to None, run_after=None
[2026-09-15T21:10:07.224+0000] {processor.py:183} INFO - Processing /home/airflow/.local/lib/python3.12/site-packages/airflow/example_dags/example_datasets.py took 0.137 seconds
[2026-09-15T21:10:37.388+0000] {processor.py:161} INFO - Started process (PID=1188) to work on /home/airflow/.local/lib/python3.12/site-packages/airflow/example_dags/example_datasets.py
[2026-09-15T21:10:37.389+0000] {processor.py:830} INFO - Processing file /home/airflow/.local/lib/python3.12/site-packages/airflow/example_dags/example_datasets.py for tasks to queue
[2026-09-15T21:10:37.390+0000] {logging_mixin.py:188} INFO - [2026-09-15T21:10:37.390+0000] {dagbag.py:545} INFO - Filling up the DagBag from /home/airflow/.local/lib/python3.12/site-packages/airflow/example_dags/example_datasets.py
[2026-09-15T21:10:37.401+0000] {processor.py:840} INFO - DAG(s) 'consume_1_and_2_with_dataset_expressions', 'dataset_consumes_1', 'conditional_dataset_and_time_based_timetable', 'dataset_consumes_1_never_scheduled', 'consume_1_or_2_with_dataset_expressions', 'consume_1_or_both_2_and_3_with_dataset_expressions', 'dataset_consumes_1_and_2', 'dataset_produces_2', 'dataset_produces_1', 'dataset_consumes_unknown_never_scheduled' retrieved from /home/airflow/.local/lib/python3.12/site-packages/airflow/example_dags/example_datasets.py
[2026-09-15T21:10:37.416+0000] {logging_mixin.py:188} INFO - [2026-09-15T21:10:37.416+0000] {dag.py:3089} INFO - Sync 10 DAGs
[2026-09-15T21:10:37.435+0000] {logging_mixin.py:188} INFO - [2026-09-15T21:10:37.435+0000] {dag.py:3947} INFO - Setting next_dagrun for conditional_dataset_and_time_based_timetable to 2026-09-09 01:00:00+00:00, run_after=2026-09-09 01:00:00+00:00
[2026-09-15T21:10:37.438+0000] {logging_mixin.py:188} INFO - [2026-09-15T21:10:37.438+0000] {dag.py:3947} INFO - Setting next_dagrun for consume_1_and_2_with_dataset_expressions to None, run_after=None
[2026-09-15T21:10:37.440+0000] {logging_mixin.py:188} INFO - [2026-09-15T21:10:37.440+0000] {dag.py:3947} INFO - Setting next_dagrun for consume_1_or_2_with_dataset_expressions to None, run_after=None
[2026-09-15T21:10:37.441+0000] {logging_mixin.py:188} INFO - [2026-09-15T21:10:37.441+0000] {dag.py:3947} INFO - Setting next_dagrun for consume_1_or_both_2_and_3_with_dataset_expressions to None, run_after=None
[2026-09-15T21:10:37.443+0000] {logging_mixin.py:188} INFO - [2026-09-15T21:10:37.443+0000] {dag.py:3947} INFO - Setting next_dagrun for dataset_consumes_1 to None, run_after=None
[2026-09-15T21:10:37.446+0000] {logging_mixin.py:188} INFO - [2026-09-15T21:10:37.445+0000] {dag.py:3947} INFO - Setting next_dagrun for dataset_consumes_1_and_2 to None, run_after=None
[2026-09-15T21:10:37.448+0000] {logging_mixin.py:188} INFO - [2026-09-15T21:10:37.447+0000] {dag.py:3947} INFO - Setting next_dagrun for dataset_consumes_1_never_scheduled to None, run_after=None
[2026-09-15T21:10:37.449+0000] {logging_mixin.py:188} INFO - [2026-09-15T21:10:37.449+0000] {dag.py:3947} INFO - Setting next_dagrun for dataset_consumes_unknown_never_scheduled to None, run_after=None
[2026-09-15T21:10:37.451+0000] {logging_mixin.py:188} INFO - [2026-09-15T21:10:37.451+0000] {dag.py:3947} INFO - Setting next_dagrun for dataset_produces_1 to 2026-09-14 00:00:00+00:00, run_after=2026-09-15 00:00:00+00:00
[2026-09-15T21:10:37.453+0000] {logging_mixin.py:188} INFO - [2026-09-15T21:10:37.452+0000] {dag.py:3947} INFO - Setting next_dagrun for dataset_produces_2 to None, run_after=None
[2026-09-15T21:10:37.479+0000] {processor.py:183} INFO - Processing /home/airflow/.local/lib/python3.12/site-packages/airflow/example_dags/example_datasets.py took 0.096 seconds
[2026-09-15T21:11:08.490+0000] {processor.py:161} INFO - Started process (PID=1246) to work on /home/airflow/.local/lib/python3.12/site-packages/airflow/example_dags/example_datasets.py
[2026-09-15T21:11:08.492+0000] {processor.py:830} INFO - Processing file /home/airflow/.local/lib/python3.12/site-packages/airflow/example_dags/example_datasets.py for tasks to queue
[2026-09-15T21:11:08.494+0000] {logging_mixin.py:188} INFO - [2026-09-15T21:11:08.494+0000] {dagbag.py:545} INFO - Filling up the DagBag from /home/airflow/.local/lib/python3.12/site-packages/airflow/example_dags/example_datasets.py
[2026-09-15T21:11:08.506+0000] {processor.py:840} INFO - DAG(s) 'conditional_dataset_and_time_based_timetable', 'dataset_consumes_1_never_scheduled', 'dataset_consumes_1_and_2', 'dataset_produces_1', 'dataset_consumes_unknown_never_scheduled', 'dataset_consumes_1', 'consume_1_and_2_with_dataset_expressions', 'consume_1_or_both_2_and_3_with_dataset_expressions', 'consume_1_or_2_with_dataset_expressions', 'dataset_produces_2' retrieved from /home/airflow/.local/lib/python3.12/site-packages/airflow/example_dags/example_datasets.py
[2026-09-15T21:11:08.670+0000] {logging_mixin.py:188} INFO - [2026-09-15T21:11:08.670+0000] {dag.py:3089} INFO - Sync 10 DAGs
[2026-09-15T21:11:08.691+0000] {logging_mixin.py:188} INFO - [2026-09-15T21:11:08.691+0000] {dag.py:3947} INFO - Setting next_dagrun for conditional_dataset_and_time_based_timetable to 2026-09-09 01:00:00+00:00, run_after=2026-09-09 01:00:00+00:00
[2026-09-15T21:11:08.695+0000] {logging_mixin.py:188} INFO - [2026-09-15T21:11:08.695+0000] {dag.py:3947} INFO - Setting next_dagrun for consume_1_and_2_with_dataset_expressions to None, run_after=None
[2026-09-15T21:11:08.698+0000] {logging_mixin.py:188} INFO - [2026-09-15T21:11:08.697+0000] {dag.py:3947} INFO - Setting next_dagrun for consume_1_or_2_with_dataset_expressions to None, run_after=None
[2026-09-15T21:11:08.699+0000] {logging_mixin.py:188} INFO - [2026-09-15T21:11:08.699+0000] {dag.py:3947} INFO - Setting next_dagrun for consume_1_or_both_2_and_3_with_dataset_expressions to None, run_after=None
[2026-09-15T21:11:08.701+0000] {logging_mixin.py:188} INFO - [2026-09-15T21:11:08.701+0000] {dag.py:3947} INFO - Setting next_dagrun for dataset_consumes_1 to None, run_after=None
[2026-09-15T21:11:08.703+0000] {logging_mixin.py:188} INFO - [2026-09-15T21:11:08.703+0000] {dag.py:3947} INFO - Setting next_dagrun for dataset_consumes_1_and_2 to None, run_after=None
[2026-09-15T21:11:08.705+0000] {logging_mixin.py:188} INFO - [2026-09-15T21:11:08.705+0000] {dag.py:3947} INFO - Setting next_dagrun for dataset_consumes_1_never_scheduled to None, run_after=None
[2026-09-15T21:11:08.706+0000] {logging_mixin.py:188} INFO - [2026-09-15T21:11:08.706+0000] {dag.py:3947} INFO - Setting next_dagrun for dataset_consumes_unknown_never_scheduled to None, run_after=None
[2026-09-15T21:11:08.708+0000] {logging_mixin.py:188} INFO - [2026-09-15T21:11:08.708+0000] {dag.py:3947} INFO - Setting next_dagrun for dataset_produces_1 to 2026-09-14 00:00:00+00:00, run_after=2026-09-15 00:00:00+00:00
[2026-09-15T21:11:08.710+0000] {logging_mixin.py:188} INFO - [2026-09-15T21:11:08.710+0000] {dag.py:3947} INFO - Setting next_dagrun for dataset_produces_2 to None, run_after=None
[2026-09-15T21:11:08.740+0000] {processor.py:183} INFO - Processing /home/airflow/.local/lib/python3.12/site-packages/airflow/example_dags/example_datasets.py took 0.255 seconds
[2026-09-15T21:11:39.356+0000] {processor.py:161} INFO - Started process (PID=1304) to work on /home/airflow/.local/lib/python3.12/site-packages/airflow/example_dags/example_datasets.py
[2026-09-15T21:11:39.358+0000] {processor.py:830} INFO - Processing file /home/airflow/.local/lib/python3.12/site-packages/airflow/example_dags/example_datasets.py for tasks to queue
[2026-09-15T21:11:39.360+0000] {logging_mixin.py:188} INFO - [2026-09-15T21:11:39.360+0000] {dagbag.py:545} INFO - Filling up the DagBag from /home/airflow/.local/lib/python3.12/site-packages/airflow/example_dags/example_datasets.py
[2026-09-15T21:11:39.371+0000] {processor.py:840} INFO - DAG(s) 'consume_1_or_2_with_dataset_expressions', 'dataset_consumes_1', 'dataset_consumes_1_never_scheduled', 'dataset_consumes_1_and_2', 'dataset_produces_1', 'consume_1_and_2_with_dataset_expressions', 'dataset_consumes_unknown_never_scheduled', 'consume_1_or_both_2_and_3_with_dataset_expressions', 'dataset_produces_2', 'conditional_dataset_and_time_based_timetable' retrieved from /home/airflow/.local/lib/python3.12/site-packages/airflow/example_dags/example_datasets.py
[2026-09-15T21:11:39.405+0000] {logging_mixin.py:188} INFO - [2026-09-15T21:11:39.405+0000] {dag.py:3089} INFO - Sync 10 DAGs
[2026-09-15T21:11:39.423+0000] {logging_mixin.py:188} INFO - [2026-09-15T21:11:39.423+0000] {dag.py:3947} INFO - Setting next_dagrun for conditional_dataset_and_time_based_timetable to 2026-09-09 01:00:00+00:00, run_after=2026-09-09 01:00:00+00:00
[2026-09-15T21:11:39.427+0000] {logging_mixin.py:188} INFO - [2026-09-15T21:11:39.426+0000] {dag.py:3947} INFO - Setting next_dagrun for consume_1_and_2_with_dataset_expressions to None, run_after=None
[2026-09-15T21:11:39.428+0000] {logging_mixin.py:188} INFO - [2026-09-15T21:11:39.428+0000] {dag.py:3947} INFO - Setting next_dagrun for consume_1_or_2_with_dataset_expressions to None, run_after=None
[2026-09-15T21:11:39.430+0000] {logging_mixin.py:188} INFO - [2026-09-15T21:11:39.430+0000] {dag.py:3947} INFO - Setting next_dagrun for consume_1_or_both_2_and_3_with_dataset_expressions to None, run_after=None
[2026-09-15T21:11:39.431+0000] {logging_mixin.py:188} INFO - [2026-09-15T21:11:39.431+0000] {dag.py:3947} INFO - Setting next_dagrun for dataset_consumes_1 to None, run_after=None
[2026-09-15T21:11:39.432+0000] {logging_mixin.py:188} INFO - [2026-09-15T21:11:39.432+0000] {dag.py:3947} INFO - Setting next_dagrun for dataset_consumes_1_and_2 to None, run_after=None
[2026-09-15T21:11:39.434+0000] {logging_mixin.py:188} INFO - [2026-09-15T21:11:39.434+0000] {dag.py:3947} INFO - Setting next_dagrun for dataset_consumes_1_never_scheduled to None, run_after=None
[2026-09-15T21:11:39.435+0000] {logging_mixin.py:188} INFO - [2026-09-15T21:11:39.435+0000] {dag.py:3947} INFO - Setting next_dagrun for dataset_consumes_unknown_never_scheduled to None, run_after=None
[2026-09-15T21:11:39.437+0000] {logging_mixin.py:188} INFO - [2026-09-15T21:11:39.437+0000] {dag.py:3947} INFO - Setting next_dagrun for dataset_produces_1 to 2026-09-14 00:00:00+00:00, run_after=2026-09-15 00:00:00+00:00
[2026-09-15T21:11:39.438+0000] {logging_mixin.py:188} INFO - [2026-09-15T21:11:39.438+0000] {dag.py:3947} INFO - Setting next_dagrun for dataset_produces_2 to None, run_after=None
[2026-09-15T21:11:39.466+0000] {processor.py:183} INFO - Processing /home/airflow/.local/lib/python3.12/site-packages/airflow/example_dags/example_datasets.py took 0.115 seconds
[2026-09-15T21:12:09.570+0000] {processor.py:161} INFO - Started process (PID=1363) to work on /home/airflow/.local/lib/python3.12/site-packages/airflow/example_dags/example_datasets.py
[2026-09-15T21:12:09.571+0000] {processor.py:830} INFO - Processing file /home/airflow/.local/lib/python3.12/site-packages/airflow/example_dags/example_datasets.py for tasks to queue
[2026-09-15T21:12:09.573+0000] {logging_mixin.py:188} INFO - [2026-09-15T21:12:09.573+0000] {dagbag.py:545} INFO - Filling up the DagBag from /home/airflow/.local/lib/python3.12/site-packages/airflow/example_dags/example_datasets.py
[2026-09-15T21:12:09.583+0000] {processor.py:840} INFO - DAG(s) 'consume_1_or_2_with_dataset_expressions', 'consume_1_or_both_2_and_3_with_dataset_expressions', 'dataset_consumes_unknown_never_scheduled', 'dataset_consumes_1_and_2', 'dataset_produces_2', 'conditional_dataset_and_time_based_timetable', 'dataset_produces_1', 'dataset_consumes_1', 'dataset_consumes_1_never_scheduled', 'consume_1_and_2_with_dataset_expressions' retrieved from /home/airflow/.local/lib/python3.12/site-packages/airflow/example_dags/example_datasets.py
[2026-09-15T21:12:09.616+0000] {logging_mixin.py:188} INFO - [2026-09-15T21:12:09.616+0000] {dag.py:3089} INFO - Sync 10 DAGs
[2026-09-15T21:12:09.635+0000] {logging_mixin.py:188} INFO - [2026-09-15T21:12:09.635+0000] {dag.py:3947} INFO - Setting next_dagrun for conditional_dataset_and_time_based_timetable to 2026-09-09 01:00:00+00:00, run_after=2026-09-09 01:00:00+00:00
[2026-09-15T21:12:09.639+0000] {logging_mixin.py:188} INFO - [2026-09-15T21:12:09.639+0000] {dag.py:3947} INFO - Setting next_dagrun for consume_1_and_2_with_dataset_expressions to None, run_after=None
[2026-09-15T21:12:09.641+0000] {logging_mixin.py:188} INFO - [2026-09-15T21:12:09.640+0000] {dag.py:3947} INFO - Setting next_dagrun for consume_1_or_2_with_dataset_expressions to None, run_after=None
[2026-09-15T21:12:09.642+0000] {logging_mixin.py:188} INFO - [2026-09-15T21:12:09.642+0000] {dag.py:3947} INFO - Setting next_dagrun for consume_1_or_both_2_and_3_with_dataset_expressions to None, run_after=None
[2026-09-15T21:12:09.643+0000] {logging_mixin.py:188} INFO - [2026-09-15T21:12:09.643+0000] {dag.py:3947} INFO - Setting next_dagrun for dataset_consumes_1 to None, run_after=None
[2026-09-15T21:12:09.644+0000] {logging_mixin.py:188} INFO - [2026-09-15T21:12:09.644+0000] {dag.py:3947} INFO - Setting next_dagrun for dataset_consumes_1_and_2 to None, run_after=None
[2026-09-15T21:12:09.646+0000] {logging_mixin.py:188} INFO - [2026-09-15T21:12:09.645+0000] {dag.py:3947} INFO - Setting next_dagrun for dataset_consumes_1_never_scheduled to None, run_after=None
[2026-09-15T21:12:09.647+0000] {logging_mixin.py:188} INFO - [2026-09-15T21:12:09.647+0000] {dag.py:3947} INFO - Setting next_dagrun for dataset_consumes_unknown_never_scheduled to None, run_after=None
[2026-09-15T21:12:09.648+0000] {logging_mixin.py:188} INFO - [2026-09-15T21:12:09.648+0000] {dag.py:3947} INFO - Setting next_dagrun for dataset_produces_1 to 2026-09-14 00:00:00+00:00, run_after=2026-09-15 00:00:00+00:00
[2026-09-15T21:12:09.650+0000] {logging_mixin.py:188} INFO - [2026-09-15T21:12:09.649+0000] {dag.py:3947} INFO - Setting next_dagrun for dataset_produces_2 to None, run_after=None
[2026-09-15T21:12:09.674+0000] {processor.py:183} INFO - Processing /home/airflow/.local/lib/python3.12/site-packages/airflow/example_dags/example_datasets.py took 0.108 seconds
[2026-09-15T21:12:40.061+0000] {processor.py:161} INFO - Started process (PID=1421) to work on /home/airflow/.local/lib/python3.12/site-packages/airflow/example_dags/example_datasets.py
[2026-09-15T21:12:40.063+0000] {processor.py:830} INFO - Processing file /home/airflow/.local/lib/python3.12/site-packages/airflow/example_dags/example_datasets.py for tasks to queue
[2026-09-15T21:12:40.065+0000] {logging_mixin.py:188} INFO - [2026-09-15T21:12:40.064+0000] {dagbag.py:545} INFO - Filling up the DagBag from /home/airflow/.local/lib/python3.12/site-packages/airflow/example_dags/example_datasets.py
[2026-09-15T21:12:40.075+0000] {processor.py:840} INFO - DAG(s) 'consume_1_or_2_with_dataset_expressions', 'consume_1_or_both_2_and_3_with_dataset_expressions', 'conditional_dataset_and_time_based_timetable', 'dataset_consumes_1_never_scheduled', 'dataset_produces_1', 'consume_1_and_2_with_dataset_expressions', 'dataset_consumes_unknown_never_scheduled', 'dataset_consumes_1', 'dataset_produces_2', 'dataset_consumes_1_and_2' retrieved from /home/airflow/.local/lib/python3.12/site-packages/airflow/example_dags/example_datasets.py
[2026-09-15T21:12:40.109+0000] {logging_mixin.py:188} INFO - [2026-09-15T21:12:40.109+0000] {dag.py:3089} INFO - Sync 10 DAGs
[2026-09-15T21:12:40.128+0000] {logging_mixin.py:188} INFO - [2026-09-15T21:12:40.128+0000] {dag.py:3947} INFO - Setting next_dagrun for conditional_dataset_and_time_based_timetable to 2026-09-09 01:00:00+00:00, run_after=2026-09-09 01:00:00+00:00
[2026-09-15T21:12:40.135+0000] {logging_mixin.py:188} INFO - [2026-09-15T21:12:40.134+0000] {dag.py:3947} INFO - Setting next_dagrun for consume_1_and_2_with_dataset_expressions to None, run_after=None
[2026-09-15T21:12:40.137+0000] {logging_mixin.py:188} INFO - [2026-09-15T21:12:40.136+0000] {dag.py:3947} INFO - Setting next_dagrun for consume_1_or_2_with_dataset_expressions to None, run_after=None
[2026-09-15T21:12:40.138+0000] {logging_mixin.py:188} INFO - [2026-09-15T21:12:40.138+0000] {dag.py:3947} INFO - Setting next_dagrun for consume_1_or_both_2_and_3_with_dataset_expressions to None, run_after=None
[2026-09-15T21:12:40.139+0000] {logging_mixin.py:188} INFO - [2026-09-15T21:12:40.139+0000] {dag.py:3947} INFO - Setting next_dagrun for dataset_consumes_1 to None, run_after=None
[2026-09-15T21:12:40.141+0000] {logging_mixin.py:188} INFO - [2026-09-15T21:12:40.141+0000] {dag.py:3947} INFO - Setting next_dagrun for dataset_consumes_1_and_2 to None, run_after=None
[2026-09-15T21:12:40.142+0000] {logging_mixin.py:188} INFO - [2026-09-15T21:12:40.142+0000] {dag.py:3947} INFO - Setting next_dagrun for dataset_consumes_1_never_scheduled to None, run_after=None
[2026-09-15T21:12:40.143+0000] {logging_mixin.py:188} INFO - [2026-09-15T21:12:40.143+0000] {dag.py:3947} INFO - Setting next_dagrun for dataset_consumes_unknown_never_scheduled to None, run_after=None
[2026-09-15T21:12:40.145+0000] {logging_mixin.py:188} INFO - [2026-09-15T21:12:40.145+0000] {dag.py:3947} INFO - Setting next_dagrun for dataset_produces_1 to 2026-09-14 00:00:00+00:00, run_after=2026-09-15 00:00:00+00:00
[2026-09-15T21:12:40.146+0000] {logging_mixin.py:188} INFO - [2026-09-15T21:12:40.146+0000] {dag.py:3947} INFO - Setting next_dagrun for dataset_produces_2 to None, run_after=None
[2026-09-15T21:12:40.170+0000] {processor.py:183} INFO - Processing /home/airflow/.local/lib/python3.12/site-packages/airflow/example_dags/example_datasets.py took 0.114 seconds
[2026-09-15T21:13:10.271+0000] {processor.py:161} INFO - Started process (PID=1479) to work on /home/airflow/.local/lib/python3.12/site-packages/airflow/example_dags/example_datasets.py
[2026-09-15T21:13:10.272+0000] {processor.py:830} INFO - Processing file /home/airflow/.local/lib/python3.12/site-packages/airflow/example_dags/example_datasets.py for tasks to queue
[2026-09-15T21:13:10.274+0000] {logging_mixin.py:188} INFO - [2026-09-15T21:13:10.274+0000] {dagbag.py:545} INFO - Filling up the DagBag from /home/airflow/.local/lib/python3.12/site-packages/airflow/example_dags/example_datasets.py
[2026-09-15T21:13:10.283+0000] {processor.py:840} INFO - DAG(s) 'dataset_produces_1', 'consume_1_or_2_with_dataset_expressions', 'dataset_consumes_unknown_never_scheduled', 'conditional_dataset_and_time_based_timetable', 'consume_1_or_both_2_and_3_with_dataset_expressions', 'dataset_produces_2', 'dataset_consumes_1_never_scheduled', 'consume_1_and_2_with_dataset_expressions', 'dataset_consumes_1_and_2', 'dataset_consumes_1' retrieved from /home/airflow/.local/lib/python3.12/site-packages/airflow/example_dags/example_datasets.py
[2026-09-15T21:13:10.316+0000] {logging_mixin.py:188} INFO - [2026-09-15T21:13:10.316+0000] {dag.py:3089} INFO - Sync 10 DAGs
[2026-09-15T21:13:10.333+0000] {logging_mixin.py:188} INFO - [2026-09-15T21:13:10.333+0000] {dag.py:3947} INFO - Setting next_dagrun for conditional_dataset_and_time_based_timetable to 2026-09-09 01:00:00+00:00, run_after=2026-09-09 01:00:00+00:00
[2026-09-15T21:13:10.336+0000] {logging_mixin.py:188} INFO - [2026-09-15T21:13:10.336+0000] {dag.py:3947} INFO - Setting next_dagrun for consume_1_and_2_with_dataset_expressions to None, run_after=None
[2026-09-15T21:13:10.337+0000] {logging_mixin.py:188} INFO - [2026-09-15T21:13:10.337+0000] {dag.py:3947} INFO - Setting next_dagrun for consume_1_or_2_with_dataset_expressions to None, run_after=None
[2026-09-15T21:13:10.339+0000] {logging_mixin.py:188} INFO - [2026-09-15T21:13:10.339+0000] {dag.py:3947} INFO - Setting next_dagrun for consume_1_or_both_2_and_3_with_dataset_expressions to None, run_after=None
[2026-09-15T21:13:10.340+0000] {logging_mixin.py:188} INFO - [2026-09-15T21:13:10.340+0000] {dag.py:3947} INFO - Setting next_dagrun for dataset_consumes_1 to None, run_after=None
[2026-09-15T21:13:10.341+0000] {logging_mixin.py:188} INFO - [2026-09-15T21:13:10.341+0000] {dag.py:3947} INFO - Setting next_dagrun for dataset_consumes_1_and_2 to None, run_after=None
[2026-09-15T21:13:10.342+0000] {logging_mixin.py:188} INFO - [2026-09-15T21:13:10.342+0000] {dag.py:3947} INFO - Setting next_dagrun for dataset_consumes_1_never_scheduled to None, run_after=None
[2026-09-15T21:13:10.343+0000] {logging_mixin.py:188} INFO - [2026-09-15T21:13:10.343+0000] {dag.py:3947} INFO - Setting next_dagrun for dataset_consumes_unknown_never_scheduled to None, run_after=None
[2026-09-15T21:13:10.345+0000] {logging_mixin.py:188} INFO - [2026-09-15T21:13:10.345+0000] {dag.py:3947} INFO - Setting next_dagrun for dataset_produces_1 to 2026-09-14 00:00:00+00:00, run_after=2026-09-15 00:00:00+00:00
[2026-09-15T21:13:10.347+0000] {logging_mixin.py:188} INFO - [2026-09-15T21:13:10.347+0000] {dag.py:3947} INFO - Setting next_dagrun for dataset_produces_2 to None, run_after=None
[2026-09-15T21:13:10.374+0000] {processor.py:183} INFO - Processing /home/airflow/.local/lib/python3.12/site-packages/airflow/example_dags/example_datasets.py took 0.107 seconds
[2026-09-15T21:13:40.657+0000] {processor.py:161} INFO - Started process (PID=1536) to work on /home/airflow/.local/lib/python3.12/site-packages/airflow/example_dags/example_datasets.py
[2026-09-15T21:13:40.658+0000] {processor.py:830} INFO - Processing file /home/airflow/.local/lib/python3.12/site-packages/airflow/example_dags/example_datasets.py for tasks to queue
[2026-09-15T21:13:40.660+0000] {logging_mixin.py:188} INFO - [2026-09-15T21:13:40.660+0000] {dagbag.py:545} INFO - Filling up the DagBag from /home/airflow/.local/lib/python3.12/site-packages/airflow/example_dags/example_datasets.py
[2026-09-15T21:13:40.672+0000] {processor.py:840} INFO - DAG(s) 'dataset_consumes_1_and_2', 'conditional_dataset_and_time_based_timetable', 'dataset_consumes_unknown_never_scheduled', 'dataset_produces_1', 'dataset_consumes_1_never_scheduled', 'consume_1_or_2_with_dataset_expressions', 'dataset_consumes_1', 'consume_1_and_2_with_dataset_expressions', 'dataset_produces_2', 'consume_1_or_both_2_and_3_with_dataset_expressions' retrieved from /home/airflow/.local/lib/python3.12/site-packages/airflow/example_dags/example_datasets.py
[2026-09-15T21:13:40.711+0000] {logging_mixin.py:188} INFO - [2026-09-15T21:13:40.711+0000] {dag.py:3089} INFO - Sync 10 DAGs
[2026-09-15T21:13:40.728+0000] {logging_mixin.py:188} INFO - [2026-09-15T21:13:40.728+0000] {dag.py:3947} INFO - Setting next_dagrun for conditional_dataset_and_time_based_timetable to 2026-09-09 01:00:00+00:00, run_after=2026-09-09 01:00:00+00:00
[2026-09-15T21:13:40.732+0000] {logging_mixin.py:188} INFO - [2026-09-15T21:13:40.732+0000] {dag.py:3947} INFO - Setting next_dagrun for consume_1_and_2_with_dataset_expressions to None, run_after=None
[2026-09-15T21:13:40.733+0000] {logging_mixin.py:188} INFO - [2026-09-15T21:13:40.733+0000] {dag.py:3947} INFO - Setting next_dagrun for consume_1_or_2_with_dataset_expressions to None, run_after=None
[2026-09-15T21:13:40.735+0000] {logging_mixin.py:188} INFO - [2026-09-15T21:13:40.734+0000] {dag.py:3947} INFO - Setting next_dagrun for consume_1_or_both_2_and_3_with_dataset_expressions to None, run_after=None
[2026-09-15T21:13:40.736+0000] {logging_mixin.py:188} INFO - [2026-09-15T21:13:40.736+0000] {dag.py:3947} INFO - Setting next_dagrun for dataset_consumes_1 to None, run_after=None
[2026-09-15T21:13:40.737+0000] {logging_mixin.py:188} INFO - [2026-09-15T21:13:40.737+0000] {dag.py:3947} INFO - Setting next_dagrun for dataset_consumes_1_and_2 to None, run_after=None
[2026-09-15T21:13:40.739+0000] {logging_mixin.py:188} INFO - [2026-09-15T21:13:40.738+0000] {dag.py:3947} INFO - Setting next_dagrun for dataset_consumes_1_never_scheduled to None, run_after=None
[2026-09-15T21:13:40.740+0000] {logging_mixin.py:188} INFO - [2026-09-15T21:13:40.740+0000] {dag.py:3947} INFO - Setting next_dagrun for dataset_consumes_unknown_never_scheduled to None, run_after=None
[2026-09-15T21:13:40.741+0000] {logging_mixin.py:188} INFO - [2026-09-15T21:13:40.741+0000] {dag.py:3947} INFO - Setting next_dagrun for dataset_produces_1 to 2026-09-14 00:00:00+00:00, run_after=2026-09-15 00:00:00+00:00
[2026-09-15T21:13:40.743+0000] {logging_mixin.py:188} INFO - [2026-09-15T21:13:40.743+0000] {dag.py:3947} INFO - Setting next_dagrun for dataset_produces_2 to None, run_after=None
[2026-09-15T21:13:40.766+0000] {processor.py:183} INFO - Processing /home/airflow/.local/lib/python3.12/site-packages/airflow/example_dags/example_datasets.py took 0.113 seconds
[2026-09-15T21:14:11.417+0000] {processor.py:161} INFO - Started process (PID=1594) to work on /home/airflow/.local/lib/python3.12/site-packages/airflow/example_dags/example_datasets.py
[2026-09-15T21:14:11.418+0000] {processor.py:830} INFO - Processing file /home/airflow/.local/lib/python3.12/site-packages/airflow/example_dags/example_datasets.py for tasks to queue
[2026-09-15T21:14:11.421+0000] {logging_mixin.py:188} INFO - [2026-09-15T21:14:11.421+0000] {dagbag.py:545} INFO - Filling up the DagBag from /home/airflow/.local/lib/python3.12/site-packages/airflow/example_dags/example_datasets.py
[2026-09-15T21:14:11.435+0000] {processor.py:840} INFO - DAG(s) 'conditional_dataset_and_time_based_timetable', 'dataset_produces_1', 'consume_1_or_both_2_and_3_with_dataset_expressions', 'dataset_consumes_unknown_never_scheduled', 'dataset_consumes_1_never_scheduled', 'dataset_consumes_1_and_2', 'dataset_produces_2', 'consume_1_or_2_with_dataset_expressions', 'dataset_consumes_1', 'consume_1_and_2_with_dataset_expressions' retrieved from /home/airflow/.local/lib/python3.12/site-packages/airflow/example_dags/example_datasets.py
[2026-09-15T21:14:11.480+0000] {logging_mixin.py:188} INFO - [2026-09-15T21:14:11.480+0000] {dag.py:3089} INFO - Sync 10 DAGs
[2026-09-15T21:14:11.505+0000] {logging_mixin.py:188} INFO - [2026-09-15T21:14:11.505+0000] {dag.py:3947} INFO - Setting next_dagrun for conditional_dataset_and_time_based_timetable to 2026-09-09 01:00:00+00:00, run_after=2026-09-09 01:00:00+00:00
[2026-09-15T21:14:11.510+0000] {logging_mixin.py:188} INFO - [2026-09-15T21:14:11.510+0000] {dag.py:3947} INFO - Setting next_dagrun for consume_1_and_2_with_dataset_expressions to None, run_after=None
[2026-09-15T21:14:11.513+0000] {logging_mixin.py:188} INFO - [2026-09-15T21:14:11.513+0000] {dag.py:3947} INFO - Setting next_dagrun for consume_1_or_2_with_dataset_expressions to None, run_after=None
[2026-09-15T21:14:11.515+0000] {logging_mixin.py:188} INFO - [2026-09-15T21:14:11.515+0000] {dag.py:3947} INFO - Setting next_dagrun for consume_1_or_both_2_and_3_with_dataset_expressions to None, run_after=None
[2026-09-15T21:14:11.517+0000] {logging_mixin.py:188} INFO - [2026-09-15T21:14:11.517+0000] {dag.py:3947} INFO - Setting next_dagrun for dataset_consumes_1 to None, run_after=None
[2026-09-15T21:14:11.519+0000] {logging_mixin.py:188} INFO - [2026-09-15T21:14:11.519+0000] {dag.py:3947} INFO - Setting next_dagrun for dataset_consumes_1_and_2 to None, run_after=None
[2026-09-15T21:14:11.522+0000] {logging_mixin.py:188} INFO - [2026-09-15T21:14:11.522+0000] {dag.py:3947} INFO - Setting next_dagrun for dataset_consumes_1_never_scheduled to None, run_after=None
[2026-09-15T21:14:11.525+0000] {logging_mixin.py:188} INFO - [2026-09-15T21:14:11.524+0000] {dag.py:3947} INFO - Setting next_dagrun for dataset_consumes_unknown_never_scheduled to None, run_after=None
[2026-09-15T21:14:11.528+0000] {logging_mixin.py:188} INFO - [2026-09-15T21:14:11.528+0000] {dag.py:3947} INFO - Setting next_dagrun for dataset_produces_1 to 2026-09-14 00:00:00+00:00, run_after=2026-09-15 00:00:00+00:00
[2026-09-15T21:14:11.531+0000] {logging_mixin.py:188} INFO - [2026-09-15T21:14:11.530+0000] {dag.py:3947} INFO - Setting next_dagrun for dataset_produces_2 to None, run_after=None
[2026-09-15T21:14:11.565+0000] {processor.py:183} INFO - Processing /home/airflow/.local/lib/python3.12/site-packages/airflow/example_dags/example_datasets.py took 0.153 seconds
[2026-09-15T21:14:41.619+0000] {processor.py:161} INFO - Started process (PID=1652) to work on /home/airflow/.local/lib/python3.12/site-packages/airflow/example_dags/example_datasets.py
[2026-09-15T21:14:41.620+0000] {processor.py:830} INFO - Processing file /home/airflow/.local/lib/python3.12/site-packages/airflow/example_dags/example_datasets.py for tasks to queue
[2026-09-15T21:14:41.623+0000] {logging_mixin.py:188} INFO - [2026-09-15T21:14:41.623+0000] {dagbag.py:545} INFO - Filling up the DagBag from /home/airflow/.local/lib/python3.12/site-packages/airflow/example_dags/example_datasets.py
[2026-09-15T21:14:41.639+0000] {processor.py:840} INFO - DAG(s) 'conditional_dataset_and_time_based_timetable', 'dataset_consumes_1_and_2', 'consume_1_or_2_with_dataset_expressions', 'consume_1_and_2_with_dataset_expressions', 'dataset_consumes_1_never_scheduled', 'dataset_consumes_unknown_never_scheduled', 'dataset_consumes_1', 'consume_1_or_both_2_and_3_with_dataset_expressions', 'dataset_produces_2', 'dataset_produces_1' retrieved from /home/airflow/.local/lib/python3.12/site-packages/airflow/example_dags/example_datasets.py
[2026-09-15T21:14:41.681+0000] {logging_mixin.py:188} INFO - [2026-09-15T21:14:41.681+0000] {dag.py:3089} INFO - Sync 10 DAGs
[2026-09-15T21:14:41.701+0000] {logging_mixin.py:188} INFO - [2026-09-15T21:14:41.701+0000] {dag.py:3947} INFO - Setting next_dagrun for conditional_dataset_and_time_based_timetable to 2026-09-09 01:00:00+00:00, run_after=2026-09-09 01:00:00+00:00
[2026-09-15T21:14:41.708+0000] {logging_mixin.py:188} INFO - [2026-09-15T21:14:41.707+0000] {dag.py:3947} INFO - Setting next_dagrun for consume_1_and_2_with_dataset_expressions to None, run_after=None
[2026-09-15T21:14:41.710+0000] {logging_mixin.py:188} INFO - [2026-09-15T21:14:41.710+0000] {dag.py:3947} INFO - Setting next_dagrun for consume_1_or_2_with_dataset_expressions to None, run_after=None
[2026-09-15T21:14:41.711+0000] {logging_mixin.py:188} INFO - [2026-09-15T21:14:41.711+0000] {dag.py:3947} INFO - Setting next_dagrun for consume_1_or_both_2_and_3_with_dataset_expressions to None, run_after=None
[2026-09-15T21:14:41.713+0000] {logging_mixin.py:188} INFO - [2026-09-15T21:14:41.713+0000] {dag.py:3947} INFO - Setting next_dagrun for dataset_consumes_1 to None, run_after=None
[2026-09-15T21:14:41.714+0000] {logging_mixin.py:188} INFO - [2026-09-15T21:14:41.714+0000] {dag.py:3947} INFO - Setting next_dagrun for dataset_consumes_1_and_2 to None, run_after=None
[2026-09-15T21:14:41.716+0000] {logging_mixin.py:188} INFO - [2026-09-15T21:14:41.716+0000] {dag.py:3947} INFO - Setting next_dagrun for dataset_consumes_1_never_scheduled to None, run_after=None
[2026-09-15T21:14:41.718+0000] {logging_mixin.py:188} INFO - [2026-09-15T21:14:41.718+0000] {dag.py:3947} INFO - Setting next_dagrun for dataset_consumes_unknown_never_scheduled to None, run_after=None
[2026-09-15T21:14:41.720+0000] {logging_mixin.py:188} INFO - [2026-09-15T21:14:41.720+0000] {dag.py:3947} INFO - Setting next_dagrun for dataset_produces_1 to 2026-09-14 00:00:00+00:00, run_after=2026-09-15 00:00:00+00:00
[2026-09-15T21:14:41.722+0000] {logging_mixin.py:188} INFO - [2026-09-15T21:14:41.722+0000] {dag.py:3947} INFO - Setting next_dagrun for dataset_produces_2 to None, run_after=None
[2026-09-15T21:14:41.753+0000] {processor.py:183} INFO - Processing /home/airflow/.local/lib/python3.12/site-packages/airflow/example_dags/example_datasets.py took 0.141 seconds
[2026-09-15T21:15:12.255+0000] {processor.py:161} INFO - Started process (PID=1710) to work on /home/airflow/.local/lib/python3.12/site-packages/airflow/example_dags/example_datasets.py
[2026-09-15T21:15:12.256+0000] {processor.py:830} INFO - Processing file /home/airflow/.local/lib/python3.12/site-packages/airflow/example_dags/example_datasets.py for tasks to queue
[2026-09-15T21:15:12.259+0000] {logging_mixin.py:188} INFO - [2026-09-15T21:15:12.258+0000] {dagbag.py:545} INFO - Filling up the DagBag from /home/airflow/.local/lib/python3.12/site-packages/airflow/example_dags/example_datasets.py
[2026-09-15T21:15:12.271+0000] {processor.py:840} INFO - DAG(s) 'dataset_consumes_unknown_never_scheduled', 'conditional_dataset_and_time_based_timetable', 'consume_1_or_2_with_dataset_expressions', 'dataset_produces_1', 'consume_1_or_both_2_and_3_with_dataset_expressions', 'dataset_consumes_1', 'dataset_produces_2', 'dataset_consumes_1_and_2', 'dataset_consumes_1_never_scheduled', 'consume_1_and_2_with_dataset_expressions' retrieved from /home/airflow/.local/lib/python3.12/site-packages/airflow/example_dags/example_datasets.py
[2026-09-15T21:15:12.307+0000] {logging_mixin.py:188} INFO - [2026-09-15T21:15:12.307+0000] {dag.py:3089} INFO - Sync 10 DAGs
[2026-09-15T21:15:12.327+0000] {logging_mixin.py:188} INFO - [2026-09-15T21:15:12.327+0000] {dag.py:3947} INFO - Setting next_dagrun for conditional_dataset_and_time_based_timetable to 2026-09-09 01:00:00+00:00, run_after=2026-09-09 01:00:00+00:00
[2026-09-15T21:15:12.331+0000] {logging_mixin.py:188} INFO - [2026-09-15T21:15:12.331+0000] {dag.py:3947} INFO - Setting next_dagrun for consume_1_and_2_with_dataset_expressions to None, run_after=None
[2026-09-15T21:15:12.332+0000] {logging_mixin.py:188} INFO - [2026-09-15T21:15:12.332+0000] {dag.py:3947} INFO - Setting next_dagrun for consume_1_or_2_with_dataset_expressions to None, run_after=None
[2026-09-15T21:15:12.334+0000] {logging_mixin.py:188} INFO - [2026-09-15T21:15:12.334+0000] {dag.py:3947} INFO - Setting next_dagrun for consume_1_or_both_2_and_3_with_dataset_expressions to None, run_after=None
[2026-09-15T21:15:12.335+0000] {logging_mixin.py:188} INFO - [2026-09-15T21:15:12.335+0000] {dag.py:3947} INFO - Setting next_dagrun for dataset_consumes_1 to None, run_after=None
[2026-09-15T21:15:12.337+0000] {logging_mixin.py:188} INFO - [2026-09-15T21:15:12.337+0000] {dag.py:3947} INFO - Setting next_dagrun for dataset_consumes_1_and_2 to None, run_after=None
[2026-09-15T21:15:12.338+0000] {logging_mixin.py:188} INFO - [2026-09-15T21:15:12.338+0000] {dag.py:3947} INFO - Setting next_dagrun for dataset_consumes_1_never_scheduled to None, run_after=None
[2026-09-15T21:15:12.340+0000] {logging_mixin.py:188} INFO - [2026-09-15T21:15:12.340+0000] {dag.py:3947} INFO - Setting next_dagrun for dataset_consumes_unknown_never_scheduled to None, run_after=None
[2026-09-15T21:15:12.342+0000] {logging_mixin.py:188} INFO - [2026-09-15T21:15:12.341+0000] {dag.py:3947} INFO - Setting next_dagrun for dataset_produces_1 to 2026-09-14 00:00:00+00:00, run_after=2026-09-15 00:00:00+00:00
[2026-09-15T21:15:12.343+0000] {logging_mixin.py:188} INFO - [2026-09-15T21:15:12.343+0000] {dag.py:3947} INFO - Setting next_dagrun for dataset_produces_2 to None, run_after=None
[2026-09-15T21:15:12.370+0000] {processor.py:183} INFO - Processing /home/airflow/.local/lib/python3.12/site-packages/airflow/example_dags/example_datasets.py took 0.120 seconds
[2026-09-15T21:15:42.737+0000] {processor.py:161} INFO - Started process (PID=1768) to work on /home/airflow/.local/lib/python3.12/site-packages/airflow/example_dags/example_datasets.py
[2026-09-15T21:15:42.741+0000] {processor.py:830} INFO - Processing file /home/airflow/.local/lib/python3.12/site-packages/airflow/example_dags/example_datasets.py for tasks to queue
[2026-09-15T21:15:42.744+0000] {logging_mixin.py:188} INFO - [2026-09-15T21:15:42.744+0000] {dagbag.py:545} INFO - Filling up the DagBag from /home/airflow/.local/lib/python3.12/site-packages/airflow/example_dags/example_datasets.py
[2026-09-15T21:15:42.757+0000] {processor.py:840} INFO - DAG(s) 'dataset_consumes_1', 'consume_1_or_2_with_dataset_expressions', 'dataset_produces_1', 'dataset_produces_2', 'consume_1_or_both_2_and_3_with_dataset_expressions', 'conditional_dataset_and_time_based_timetable', 'dataset_consumes_unknown_never_scheduled', 'dataset_consumes_1_and_2', 'consume_1_and_2_with_dataset_expressions', 'dataset_consumes_1_never_scheduled' retrieved from /home/airflow/.local/lib/python3.12/site-packages/airflow/example_dags/example_datasets.py
[2026-09-15T21:15:42.801+0000] {logging_mixin.py:188} INFO - [2026-09-15T21:15:42.800+0000] {dag.py:3089} INFO - Sync 10 DAGs
[2026-09-15T21:15:42.826+0000] {logging_mixin.py:188} INFO - [2026-09-15T21:15:42.825+0000] {dag.py:3947} INFO - Setting next_dagrun for conditional_dataset_and_time_based_timetable to 2026-09-09 01:00:00+00:00, run_after=2026-09-09 01:00:00+00:00
[2026-09-15T21:15:42.830+0000] {logging_mixin.py:188} INFO - [2026-09-15T21:15:42.830+0000] {dag.py:3947} INFO - Setting next_dagrun for consume_1_and_2_with_dataset_expressions to None, run_after=None
[2026-09-15T21:15:42.832+0000] {logging_mixin.py:188} INFO - [2026-09-15T21:15:42.832+0000] {dag.py:3947} INFO - Setting next_dagrun for consume_1_or_2_with_dataset_expressions to None, run_after=None
[2026-09-15T21:15:42.835+0000] {logging_mixin.py:188} INFO - [2026-09-15T21:15:42.835+0000] {dag.py:3947} INFO - Setting next_dagrun for consume_1_or_both_2_and_3_with_dataset_expressions to None, run_after=None
[2026-09-15T21:15:42.837+0000] {logging_mixin.py:188} INFO - [2026-09-15T21:15:42.837+0000] {dag.py:3947} INFO - Setting next_dagrun for dataset_consumes_1 to None, run_after=None
[2026-09-15T21:15:42.839+0000] {logging_mixin.py:188} INFO - [2026-09-15T21:15:42.839+0000] {dag.py:3947} INFO - Setting next_dagrun for dataset_consumes_1_and_2 to None, run_after=None
[2026-09-15T21:15:42.840+0000] {logging_mixin.py:188} INFO - [2026-09-15T21:15:42.840+0000] {dag.py:3947} INFO - Setting next_dagrun for dataset_consumes_1_never_scheduled to None, run_after=None
[2026-09-15T21:15:42.842+0000] {logging_mixin.py:188} INFO - [2026-09-15T21:15:42.842+0000] {dag.py:3947} INFO - Setting next_dagrun for dataset_consumes_unknown_never_scheduled to None, run_after=None
[2026-09-15T21:15:42.844+0000] {logging_mixin.py:188} INFO - [2026-09-15T21:15:42.844+0000] {dag.py:3947} INFO - Setting next_dagrun for dataset_produces_1 to 2026-09-14 00:00:00+00:00, run_after=2026-09-15 00:00:00+00:00
[2026-09-15T21:15:42.846+0000] {logging_mixin.py:188} INFO - [2026-09-15T21:15:42.846+0000] {dag.py:3947} INFO - Setting next_dagrun for dataset_produces_2 to None, run_after=None
[2026-09-15T21:15:42.874+0000] {processor.py:183} INFO - Processing /home/airflow/.local/lib/python3.12/site-packages/airflow/example_dags/example_datasets.py took 0.144 seconds
[2026-09-15T21:16:13.237+0000] {processor.py:161} INFO - Started process (PID=1826) to work on /home/airflow/.local/lib/python3.12/site-packages/airflow/example_dags/example_datasets.py
[2026-09-15T21:16:13.238+0000] {processor.py:830} INFO - Processing file /home/airflow/.local/lib/python3.12/site-packages/airflow/example_dags/example_datasets.py for tasks to queue
[2026-09-15T21:16:13.240+0000] {logging_mixin.py:188} INFO - [2026-09-15T21:16:13.240+0000] {dagbag.py:545} INFO - Filling up the DagBag from /home/airflow/.local/lib/python3.12/site-packages/airflow/example_dags/example_datasets.py
[2026-09-15T21:16:13.251+0000] {processor.py:840} INFO - DAG(s) 'dataset_consumes_1_never_scheduled', 'dataset_consumes_1_and_2', 'dataset_consumes_1', 'dataset_produces_1', 'dataset_consumes_unknown_never_scheduled', 'consume_1_or_2_with_dataset_expressions', 'dataset_produces_2', 'conditional_dataset_and_time_based_timetable', 'consume_1_or_both_2_and_3_with_dataset_expressions', 'consume_1_and_2_with_dataset_expressions' retrieved from /home/airflow/.local/lib/python3.12/site-packages/airflow/example_dags/example_datasets.py
[2026-09-15T21:16:13.285+0000] {logging_mixin.py:188} INFO - [2026-09-15T21:16:13.284+0000] {dag.py:3089} INFO - Sync 10 DAGs
[2026-09-15T21:16:13.494+0000] {logging_mixin.py:188} INFO - [2026-09-15T21:16:13.494+0000] {dag.py:3947} INFO - Setting next_dagrun for conditional_dataset_and_time_based_timetable to 2026-09-09 01:00:00+00:00, run_after=2026-09-09 01:00:00+00:00
[2026-09-15T21:16:13.498+0000] {logging_mixin.py:188} INFO - [2026-09-15T21:16:13.497+0000] {dag.py:3947} INFO - Setting next_dagrun for consume_1_and_2_with_dataset_expressions to None, run_after=None
[2026-09-15T21:16:13.499+0000] {logging_mixin.py:188} INFO - [2026-09-15T21:16:13.499+0000] {dag.py:3947} INFO - Setting next_dagrun for consume_1_or_2_with_dataset_expressions to None, run_after=None
[2026-09-15T21:16:13.501+0000] {logging_mixin.py:188} INFO - [2026-09-15T21:16:13.501+0000] {dag.py:3947} INFO - Setting next_dagrun for consume_1_or_both_2_and_3_with_dataset_expressions to None, run_after=None
[2026-09-15T21:16:13.502+0000] {logging_mixin.py:188} INFO - [2026-09-15T21:16:13.502+0000] {dag.py:3947} INFO - Setting next_dagrun for dataset_consumes_1 to None, run_after=None
[2026-09-15T21:16:13.503+0000] {logging_mixin.py:188} INFO - [2026-09-15T21:16:13.503+0000] {dag.py:3947} INFO - Setting next_dagrun for dataset_consumes_1_and_2 to None, run_after=None
[2026-09-15T21:16:13.504+0000] {logging_mixin.py:188} INFO - [2026-09-15T21:16:13.504+0000] {dag.py:3947} INFO - Setting next_dagrun for dataset_consumes_1_never_scheduled to None, run_after=None
[2026-09-15T21:16:13.506+0000] {logging_mixin.py:188} INFO - [2026-09-15T21:16:13.505+0000] {dag.py:3947} INFO - Setting next_dagrun for dataset_consumes_unknown_never_scheduled to None, run_after=None
[2026-09-15T21:16:13.507+0000] {logging_mixin.py:188} INFO - [2026-09-15T21:16:13.507+0000] {dag.py:3947} INFO - Setting next_dagrun for dataset_produces_1 to 2026-09-14 00:00:00+00:00, run_after=2026-09-15 00:00:00+00:00
[2026-09-15T21:16:13.508+0000] {logging_mixin.py:188} INFO - [2026-09-15T21:16:13.508+0000] {dag.py:3947} INFO - Setting next_dagrun for dataset_produces_2 to None, run_after=None
[2026-09-15T21:16:13.532+0000] {processor.py:183} INFO - Processing /home/airflow/.local/lib/python3.12/site-packages/airflow/example_dags/example_datasets.py took 0.300 seconds
[2026-09-15T21:17:35.680+0000] {processor.py:161} INFO - Started process (PID=79) to work on /home/airflow/.local/lib/python3.12/site-packages/airflow/example_dags/example_datasets.py
[2026-09-15T21:17:35.682+0000] {processor.py:830} INFO - Processing file /home/airflow/.local/lib/python3.12/site-packages/airflow/example_dags/example_datasets.py for tasks to queue
[2026-09-15T21:17:35.685+0000] {logging_mixin.py:188} INFO - [2026-09-15T21:17:35.684+0000] {dagbag.py:545} INFO - Filling up the DagBag from /home/airflow/.local/lib/python3.12/site-packages/airflow/example_dags/example_datasets.py
[2026-09-15T21:17:35.704+0000] {processor.py:840} INFO - DAG(s) 'consume_1_or_2_with_dataset_expressions', 'dataset_consumes_1_and_2', 'dataset_produces_2', 'dataset_produces_1', 'dataset_consumes_unknown_never_scheduled', 'conditional_dataset_and_time_based_timetable', 'consume_1_or_both_2_and_3_with_dataset_expressions', 'dataset_consumes_1_never_scheduled', 'consume_1_and_2_with_dataset_expressions', 'dataset_consumes_1' retrieved from /home/airflow/.local/lib/python3.12/site-packages/airflow/example_dags/example_datasets.py
[2026-09-15T21:17:35.726+0000] {logging_mixin.py:188} INFO - [2026-09-15T21:17:35.725+0000] {dag.py:3089} INFO - Sync 10 DAGs
[2026-09-15T21:17:35.753+0000] {logging_mixin.py:188} INFO - [2026-09-15T21:17:35.753+0000] {dag.py:3947} INFO - Setting next_dagrun for conditional_dataset_and_time_based_timetable to 2026-09-09 01:00:00+00:00, run_after=2026-09-09 01:00:00+00:00
[2026-09-15T21:17:35.758+0000] {logging_mixin.py:188} INFO - [2026-09-15T21:17:35.758+0000] {dag.py:3947} INFO - Setting next_dagrun for consume_1_and_2_with_dataset_expressions to None, run_after=None
[2026-09-15T21:17:35.761+0000] {logging_mixin.py:188} INFO - [2026-09-15T21:17:35.761+0000] {dag.py:3947} INFO - Setting next_dagrun for consume_1_or_2_with_dataset_expressions to None, run_after=None
[2026-09-15T21:17:35.763+0000] {logging_mixin.py:188} INFO - [2026-09-15T21:17:35.763+0000] {dag.py:3947} INFO - Setting next_dagrun for consume_1_or_both_2_and_3_with_dataset_expressions to None, run_after=None
[2026-09-15T21:17:35.765+0000] {logging_mixin.py:188} INFO - [2026-09-15T21:17:35.765+0000] {dag.py:3947} INFO - Setting next_dagrun for dataset_consumes_1 to None, run_after=None
[2026-09-15T21:17:35.767+0000] {logging_mixin.py:188} INFO - [2026-09-15T21:17:35.767+0000] {dag.py:3947} INFO - Setting next_dagrun for dataset_consumes_1_and_2 to None, run_after=None
[2026-09-15T21:17:35.769+0000] {logging_mixin.py:188} INFO - [2026-09-15T21:17:35.769+0000] {dag.py:3947} INFO - Setting next_dagrun for dataset_consumes_1_never_scheduled to None, run_after=None
[2026-09-15T21:17:35.771+0000] {logging_mixin.py:188} INFO - [2026-09-15T21:17:35.771+0000] {dag.py:3947} INFO - Setting next_dagrun for dataset_consumes_unknown_never_scheduled to None, run_after=None
[2026-09-15T21:17:35.774+0000] {logging_mixin.py:188} INFO - [2026-09-15T21:17:35.774+0000] {dag.py:3947} INFO - Setting next_dagrun for dataset_produces_1 to 2026-09-14 00:00:00+00:00, run_after=2026-09-15 00:00:00+00:00
[2026-09-15T21:17:35.777+0000] {logging_mixin.py:188} INFO - [2026-09-15T21:17:35.776+0000] {dag.py:3947} INFO - Setting next_dagrun for dataset_produces_2 to None, run_after=None
[2026-09-15T21:17:35.815+0000] {processor.py:183} INFO - Processing /home/airflow/.local/lib/python3.12/site-packages/airflow/example_dags/example_datasets.py took 0.142 seconds
[2026-09-15T21:18:06.863+0000] {processor.py:161} INFO - Started process (PID=138) to work on /home/airflow/.local/lib/python3.12/site-packages/airflow/example_dags/example_datasets.py
[2026-09-15T21:18:06.864+0000] {processor.py:830} INFO - Processing file /home/airflow/.local/lib/python3.12/site-packages/airflow/example_dags/example_datasets.py for tasks to queue
[2026-09-15T21:18:06.867+0000] {logging_mixin.py:188} INFO - [2026-09-15T21:18:06.866+0000] {dagbag.py:545} INFO - Filling up the DagBag from /home/airflow/.local/lib/python3.12/site-packages/airflow/example_dags/example_datasets.py
[2026-09-15T21:18:06.877+0000] {processor.py:840} INFO - DAG(s) 'dataset_consumes_1_never_scheduled', 'consume_1_and_2_with_dataset_expressions', 'consume_1_or_2_with_dataset_expressions', 'dataset_consumes_unknown_never_scheduled', 'dataset_consumes_1', 'conditional_dataset_and_time_based_timetable', 'dataset_produces_1', 'consume_1_or_both_2_and_3_with_dataset_expressions', 'dataset_consumes_1_and_2', 'dataset_produces_2' retrieved from /home/airflow/.local/lib/python3.12/site-packages/airflow/example_dags/example_datasets.py
[2026-09-15T21:18:07.044+0000] {logging_mixin.py:188} INFO - [2026-09-15T21:18:07.044+0000] {dag.py:3089} INFO - Sync 10 DAGs
[2026-09-15T21:18:07.064+0000] {logging_mixin.py:188} INFO - [2026-09-15T21:18:07.064+0000] {dag.py:3947} INFO - Setting next_dagrun for conditional_dataset_and_time_based_timetable to 2026-09-09 01:00:00+00:00, run_after=2026-09-09 01:00:00+00:00
[2026-09-15T21:18:07.069+0000] {logging_mixin.py:188} INFO - [2026-09-15T21:18:07.068+0000] {dag.py:3947} INFO - Setting next_dagrun for consume_1_and_2_with_dataset_expressions to None, run_after=None
[2026-09-15T21:18:07.071+0000] {logging_mixin.py:188} INFO - [2026-09-15T21:18:07.070+0000] {dag.py:3947} INFO - Setting next_dagrun for consume_1_or_2_with_dataset_expressions to None, run_after=None
[2026-09-15T21:18:07.072+0000] {logging_mixin.py:188} INFO - [2026-09-15T21:18:07.072+0000] {dag.py:3947} INFO - Setting next_dagrun for consume_1_or_both_2_and_3_with_dataset_expressions to None, run_after=None
[2026-09-15T21:18:07.075+0000] {logging_mixin.py:188} INFO - [2026-09-15T21:18:07.074+0000] {dag.py:3947} INFO - Setting next_dagrun for dataset_consumes_1 to None, run_after=None
[2026-09-15T21:18:07.076+0000] {logging_mixin.py:188} INFO - [2026-09-15T21:18:07.076+0000] {dag.py:3947} INFO - Setting next_dagrun for dataset_consumes_1_and_2 to None, run_after=None
[2026-09-15T21:18:07.078+0000] {logging_mixin.py:188} INFO - [2026-09-15T21:18:07.078+0000] {dag.py:3947} INFO - Setting next_dagrun for dataset_consumes_1_never_scheduled to None, run_after=None
[2026-09-15T21:18:07.080+0000] {logging_mixin.py:188} INFO - [2026-09-15T21:18:07.080+0000] {dag.py:3947} INFO - Setting next_dagrun for dataset_consumes_unknown_never_scheduled to None, run_after=None
[2026-09-15T21:18:07.082+0000] {logging_mixin.py:188} INFO - [2026-09-15T21:18:07.082+0000] {dag.py:3947} INFO - Setting next_dagrun for dataset_produces_1 to 2026-09-14 00:00:00+00:00, run_after=2026-09-15 00:00:00+00:00
[2026-09-15T21:18:07.084+0000] {logging_mixin.py:188} INFO - [2026-09-15T21:18:07.083+0000] {dag.py:3947} INFO - Setting next_dagrun for dataset_produces_2 to None, run_after=None
[2026-09-15T21:18:07.115+0000] {processor.py:183} INFO - Processing /home/airflow/.local/lib/python3.12/site-packages/airflow/example_dags/example_datasets.py took 0.257 seconds
[2026-09-15T21:18:37.755+0000] {processor.py:161} INFO - Started process (PID=196) to work on /home/airflow/.local/lib/python3.12/site-packages/airflow/example_dags/example_datasets.py
[2026-09-15T21:18:37.756+0000] {processor.py:830} INFO - Processing file /home/airflow/.local/lib/python3.12/site-packages/airflow/example_dags/example_datasets.py for tasks to queue
[2026-09-15T21:18:37.758+0000] {logging_mixin.py:188} INFO - [2026-09-15T21:18:37.758+0000] {dagbag.py:545} INFO - Filling up the DagBag from /home/airflow/.local/lib/python3.12/site-packages/airflow/example_dags/example_datasets.py
[2026-09-15T21:18:37.768+0000] {processor.py:840} INFO - DAG(s) 'dataset_consumes_1_never_scheduled', 'dataset_consumes_1_and_2', 'dataset_consumes_unknown_never_scheduled', 'dataset_produces_1', 'consume_1_or_2_with_dataset_expressions', 'conditional_dataset_and_time_based_timetable', 'dataset_produces_2', 'dataset_consumes_1', 'consume_1_or_both_2_and_3_with_dataset_expressions', 'consume_1_and_2_with_dataset_expressions' retrieved from /home/airflow/.local/lib/python3.12/site-packages/airflow/example_dags/example_datasets.py
[2026-09-15T21:18:37.806+0000] {logging_mixin.py:188} INFO - [2026-09-15T21:18:37.806+0000] {dag.py:3089} INFO - Sync 10 DAGs
[2026-09-15T21:18:37.825+0000] {logging_mixin.py:188} INFO - [2026-09-15T21:18:37.825+0000] {dag.py:3947} INFO - Setting next_dagrun for conditional_dataset_and_time_based_timetable to 2026-09-09 01:00:00+00:00, run_after=2026-09-09 01:00:00+00:00
[2026-09-15T21:18:37.829+0000] {logging_mixin.py:188} INFO - [2026-09-15T21:18:37.828+0000] {dag.py:3947} INFO - Setting next_dagrun for consume_1_and_2_with_dataset_expressions to None, run_after=None
[2026-09-15T21:18:37.830+0000] {logging_mixin.py:188} INFO - [2026-09-15T21:18:37.830+0000] {dag.py:3947} INFO - Setting next_dagrun for consume_1_or_2_with_dataset_expressions to None, run_after=None
[2026-09-15T21:18:37.831+0000] {logging_mixin.py:188} INFO - [2026-09-15T21:18:37.831+0000] {dag.py:3947} INFO - Setting next_dagrun for consume_1_or_both_2_and_3_with_dataset_expressions to None, run_after=None
[2026-09-15T21:18:37.832+0000] {logging_mixin.py:188} INFO - [2026-09-15T21:18:37.832+0000] {dag.py:3947} INFO - Setting next_dagrun for dataset_consumes_1 to None, run_after=None
[2026-09-15T21:18:37.834+0000] {logging_mixin.py:188} INFO - [2026-09-15T21:18:37.833+0000] {dag.py:3947} INFO - Setting next_dagrun for dataset_consumes_1_and_2 to None, run_after=None
[2026-09-15T21:18:37.835+0000] {logging_mixin.py:188} INFO - [2026-09-15T21:18:37.835+0000] {dag.py:3947} INFO - Setting next_dagrun for dataset_consumes_1_never_scheduled to None, run_after=None
[2026-09-15T21:18:37.836+0000] {logging_mixin.py:188} INFO - [2026-09-15T21:18:37.836+0000] {dag.py:3947} INFO - Setting next_dagrun for dataset_consumes_unknown_never_scheduled to None, run_after=None
[2026-09-15T21:18:37.837+0000] {logging_mixin.py:188} INFO - [2026-09-15T21:18:37.837+0000] {dag.py:3947} INFO - Setting next_dagrun for dataset_produces_1 to 2026-09-14 00:00:00+00:00, run_after=2026-09-15 00:00:00+00:00
[2026-09-15T21:18:37.839+0000] {logging_mixin.py:188} INFO - [2026-09-15T21:18:37.839+0000] {dag.py:3947} INFO - Setting next_dagrun for dataset_produces_2 to None, run_after=None
[2026-09-15T21:18:37.863+0000] {processor.py:183} INFO - Processing /home/airflow/.local/lib/python3.12/site-packages/airflow/example_dags/example_datasets.py took 0.113 seconds
[2026-09-15T21:19:08.539+0000] {processor.py:161} INFO - Started process (PID=254) to work on /home/airflow/.local/lib/python3.12/site-packages/airflow/example_dags/example_datasets.py
[2026-09-15T21:19:08.540+0000] {processor.py:830} INFO - Processing file /home/airflow/.local/lib/python3.12/site-packages/airflow/example_dags/example_datasets.py for tasks to queue
[2026-09-15T21:19:08.541+0000] {logging_mixin.py:188} INFO - [2026-09-15T21:19:08.541+0000] {dagbag.py:545} INFO - Filling up the DagBag from /home/airflow/.local/lib/python3.12/site-packages/airflow/example_dags/example_datasets.py
[2026-09-15T21:19:08.551+0000] {processor.py:840} INFO - DAG(s) 'dataset_produces_2', 'consume_1_or_2_with_dataset_expressions', 'dataset_produces_1', 'conditional_dataset_and_time_based_timetable', 'consume_1_and_2_with_dataset_expressions', 'dataset_consumes_1_never_scheduled', 'dataset_consumes_unknown_never_scheduled', 'consume_1_or_both_2_and_3_with_dataset_expressions', 'dataset_consumes_1', 'dataset_consumes_1_and_2' retrieved from /home/airflow/.local/lib/python3.12/site-packages/airflow/example_dags/example_datasets.py
[2026-09-15T21:19:08.587+0000] {logging_mixin.py:188} INFO - [2026-09-15T21:19:08.586+0000] {dag.py:3089} INFO - Sync 10 DAGs
[2026-09-15T21:19:08.603+0000] {logging_mixin.py:188} INFO - [2026-09-15T21:19:08.603+0000] {dag.py:3947} INFO - Setting next_dagrun for conditional_dataset_and_time_based_timetable to 2026-09-09 01:00:00+00:00, run_after=2026-09-09 01:00:00+00:00
[2026-09-15T21:19:08.607+0000] {logging_mixin.py:188} INFO - [2026-09-15T21:19:08.607+0000] {dag.py:3947} INFO - Setting next_dagrun for consume_1_and_2_with_dataset_expressions to None, run_after=None
[2026-09-15T21:19:08.609+0000] {logging_mixin.py:188} INFO - [2026-09-15T21:19:08.609+0000] {dag.py:3947} INFO - Setting next_dagrun for consume_1_or_2_with_dataset_expressions to None, run_after=None
[2026-09-15T21:19:08.611+0000] {logging_mixin.py:188} INFO - [2026-09-15T21:19:08.611+0000] {dag.py:3947} INFO - Setting next_dagrun for consume_1_or_both_2_and_3_with_dataset_expressions to None, run_after=None
[2026-09-15T21:19:08.613+0000] {logging_mixin.py:188} INFO - [2026-09-15T21:19:08.613+0000] {dag.py:3947} INFO - Setting next_dagrun for dataset_consumes_1 to None, run_after=None
[2026-09-15T21:19:08.614+0000] {logging_mixin.py:188} INFO - [2026-09-15T21:19:08.614+0000] {dag.py:3947} INFO - Setting next_dagrun for dataset_consumes_1_and_2 to None, run_after=None
[2026-09-15T21:19:08.616+0000] {logging_mixin.py:188} INFO - [2026-09-15T21:19:08.615+0000] {dag.py:3947} INFO - Setting next_dagrun for dataset_consumes_1_never_scheduled to None, run_after=None
[2026-09-15T21:19:08.617+0000] {logging_mixin.py:188} INFO - [2026-09-15T21:19:08.617+0000] {dag.py:3947} INFO - Setting next_dagrun for dataset_consumes_unknown_never_scheduled to None, run_after=None
[2026-09-15T21:19:08.618+0000] {logging_mixin.py:188} INFO - [2026-09-15T21:19:08.618+0000] {dag.py:3947} INFO - Setting next_dagrun for dataset_produces_1 to 2026-09-14 00:00:00+00:00, run_after=2026-09-15 00:00:00+00:00
[2026-09-15T21:19:08.620+0000] {logging_mixin.py:188} INFO - [2026-09-15T21:19:08.619+0000] {dag.py:3947} INFO - Setting next_dagrun for dataset_produces_2 to None, run_after=None
[2026-09-15T21:19:08.645+0000] {processor.py:183} INFO - Processing /home/airflow/.local/lib/python3.12/site-packages/airflow/example_dags/example_datasets.py took 0.110 seconds
[2026-09-15T21:19:39.100+0000] {processor.py:161} INFO - Started process (PID=312) to work on /home/airflow/.local/lib/python3.12/site-packages/airflow/example_dags/example_datasets.py
[2026-09-15T21:19:39.102+0000] {processor.py:830} INFO - Processing file /home/airflow/.local/lib/python3.12/site-packages/airflow/example_dags/example_datasets.py for tasks to queue
[2026-09-15T21:19:39.104+0000] {logging_mixin.py:188} INFO - [2026-09-15T21:19:39.103+0000] {dagbag.py:545} INFO - Filling up the DagBag from /home/airflow/.local/lib/python3.12/site-packages/airflow/example_dags/example_datasets.py
[2026-09-15T21:19:39.113+0000] {processor.py:840} INFO - DAG(s) 'dataset_produces_1', 'consume_1_or_2_with_dataset_expressions', 'conditional_dataset_and_time_based_timetable', 'consume_1_and_2_with_dataset_expressions', 'consume_1_or_both_2_and_3_with_dataset_expressions', 'dataset_consumes_1_never_scheduled', 'dataset_consumes_1_and_2', 'dataset_consumes_1', 'dataset_produces_2', 'dataset_consumes_unknown_never_scheduled' retrieved from /home/airflow/.local/lib/python3.12/site-packages/airflow/example_dags/example_datasets.py
[2026-09-15T21:19:39.146+0000] {logging_mixin.py:188} INFO - [2026-09-15T21:19:39.145+0000] {dag.py:3089} INFO - Sync 10 DAGs
[2026-09-15T21:19:39.162+0000] {logging_mixin.py:188} INFO - [2026-09-15T21:19:39.162+0000] {dag.py:3947} INFO - Setting next_dagrun for conditional_dataset_and_time_based_timetable to 2026-09-09 01:00:00+00:00, run_after=2026-09-09 01:00:00+00:00
[2026-09-15T21:19:39.165+0000] {logging_mixin.py:188} INFO - [2026-09-15T21:19:39.165+0000] {dag.py:3947} INFO - Setting next_dagrun for consume_1_and_2_with_dataset_expressions to None, run_after=None
[2026-09-15T21:19:39.167+0000] {logging_mixin.py:188} INFO - [2026-09-15T21:19:39.166+0000] {dag.py:3947} INFO - Setting next_dagrun for consume_1_or_2_with_dataset_expressions to None, run_after=None
[2026-09-15T21:19:39.168+0000] {logging_mixin.py:188} INFO - [2026-09-15T21:19:39.168+0000] {dag.py:3947} INFO - Setting next_dagrun for consume_1_or_both_2_and_3_with_dataset_expressions to None, run_after=None
[2026-09-15T21:19:39.169+0000] {logging_mixin.py:188} INFO - [2026-09-15T21:19:39.169+0000] {dag.py:3947} INFO - Setting next_dagrun for dataset_consumes_1 to None, run_after=None
[2026-09-15T21:19:39.170+0000] {logging_mixin.py:188} INFO - [2026-09-15T21:19:39.170+0000] {dag.py:3947} INFO - Setting next_dagrun for dataset_consumes_1_and_2 to None, run_after=None
[2026-09-15T21:19:39.172+0000] {logging_mixin.py:188} INFO - [2026-09-15T21:19:39.172+0000] {dag.py:3947} INFO - Setting next_dagrun for dataset_consumes_1_never_scheduled to None, run_after=None
[2026-09-15T21:19:39.173+0000] {logging_mixin.py:188} INFO - [2026-09-15T21:19:39.173+0000] {dag.py:3947} INFO - Setting next_dagrun for dataset_consumes_unknown_never_scheduled to None, run_after=None
[2026-09-15T21:19:39.175+0000] {logging_mixin.py:188} INFO - [2026-09-15T21:19:39.174+0000] {dag.py:3947} INFO - Setting next_dagrun for dataset_produces_1 to 2026-09-14 00:00:00+00:00, run_after=2026-09-15 00:00:00+00:00
[2026-09-15T21:19:39.176+0000] {logging_mixin.py:188} INFO - [2026-09-15T21:19:39.176+0000] {dag.py:3947} INFO - Setting next_dagrun for dataset_produces_2 to None, run_after=None
[2026-09-15T21:19:39.200+0000] {processor.py:183} INFO - Processing /home/airflow/.local/lib/python3.12/site-packages/airflow/example_dags/example_datasets.py took 0.105 seconds
[2026-09-15T21:20:09.495+0000] {processor.py:161} INFO - Started process (PID=370) to work on /home/airflow/.local/lib/python3.12/site-packages/airflow/example_dags/example_datasets.py
[2026-09-15T21:20:09.496+0000] {processor.py:830} INFO - Processing file /home/airflow/.local/lib/python3.12/site-packages/airflow/example_dags/example_datasets.py for tasks to queue
[2026-09-15T21:20:09.498+0000] {logging_mixin.py:188} INFO - [2026-09-15T21:20:09.498+0000] {dagbag.py:545} INFO - Filling up the DagBag from /home/airflow/.local/lib/python3.12/site-packages/airflow/example_dags/example_datasets.py
[2026-09-15T21:20:09.507+0000] {processor.py:840} INFO - DAG(s) 'dataset_produces_1', 'consume_1_or_2_with_dataset_expressions', 'dataset_consumes_1_never_scheduled', 'consume_1_and_2_with_dataset_expressions', 'dataset_consumes_1_and_2', 'dataset_consumes_1', 'dataset_produces_2', 'conditional_dataset_and_time_based_timetable', 'consume_1_or_both_2_and_3_with_dataset_expressions', 'dataset_consumes_unknown_never_scheduled' retrieved from /home/airflow/.local/lib/python3.12/site-packages/airflow/example_dags/example_datasets.py
[2026-09-15T21:20:09.541+0000] {logging_mixin.py:188} INFO - [2026-09-15T21:20:09.541+0000] {dag.py:3089} INFO - Sync 10 DAGs
[2026-09-15T21:20:09.559+0000] {logging_mixin.py:188} INFO - [2026-09-15T21:20:09.559+0000] {dag.py:3947} INFO - Setting next_dagrun for conditional_dataset_and_time_based_timetable to 2026-09-09 01:00:00+00:00, run_after=2026-09-09 01:00:00+00:00
[2026-09-15T21:20:09.562+0000] {logging_mixin.py:188} INFO - [2026-09-15T21:20:09.562+0000] {dag.py:3947} INFO - Setting next_dagrun for consume_1_and_2_with_dataset_expressions to None, run_after=None
[2026-09-15T21:20:09.564+0000] {logging_mixin.py:188} INFO - [2026-09-15T21:20:09.564+0000] {dag.py:3947} INFO - Setting next_dagrun for consume_1_or_2_with_dataset_expressions to None, run_after=None
[2026-09-15T21:20:09.565+0000] {logging_mixin.py:188} INFO - [2026-09-15T21:20:09.565+0000] {dag.py:3947} INFO - Setting next_dagrun for consume_1_or_both_2_and_3_with_dataset_expressions to None, run_after=None
[2026-09-15T21:20:09.566+0000] {logging_mixin.py:188} INFO - [2026-09-15T21:20:09.566+0000] {dag.py:3947} INFO - Setting next_dagrun for dataset_consumes_1 to None, run_after=None
[2026-09-15T21:20:09.567+0000] {logging_mixin.py:188} INFO - [2026-09-15T21:20:09.567+0000] {dag.py:3947} INFO - Setting next_dagrun for dataset_consumes_1_and_2 to None, run_after=None
[2026-09-15T21:20:09.569+0000] {logging_mixin.py:188} INFO - [2026-09-15T21:20:09.569+0000] {dag.py:3947} INFO - Setting next_dagrun for dataset_consumes_1_never_scheduled to None, run_after=None
[2026-09-15T21:20:09.570+0000] {logging_mixin.py:188} INFO - [2026-09-15T21:20:09.570+0000] {dag.py:3947} INFO - Setting next_dagrun for dataset_consumes_unknown_never_scheduled to None, run_after=None
[2026-09-15T21:20:09.572+0000] {logging_mixin.py:188} INFO - [2026-09-15T21:20:09.572+0000] {dag.py:3947} INFO - Setting next_dagrun for dataset_produces_1 to 2026-09-14 00:00:00+00:00, run_after=2026-09-15 00:00:00+00:00
[2026-09-15T21:20:09.573+0000] {logging_mixin.py:188} INFO - [2026-09-15T21:20:09.573+0000] {dag.py:3947} INFO - Setting next_dagrun for dataset_produces_2 to None, run_after=None
[2026-09-15T21:20:09.599+0000] {processor.py:183} INFO - Processing /home/airflow/.local/lib/python3.12/site-packages/airflow/example_dags/example_datasets.py took 0.107 seconds
[2026-09-15T21:20:39.723+0000] {processor.py:161} INFO - Started process (PID=428) to work on /home/airflow/.local/lib/python3.12/site-packages/airflow/example_dags/example_datasets.py
[2026-09-15T21:20:39.724+0000] {processor.py:830} INFO - Processing file /home/airflow/.local/lib/python3.12/site-packages/airflow/example_dags/example_datasets.py for tasks to queue
[2026-09-15T21:20:39.726+0000] {logging_mixin.py:188} INFO - [2026-09-15T21:20:39.725+0000] {dagbag.py:545} INFO - Filling up the DagBag from /home/airflow/.local/lib/python3.12/site-packages/airflow/example_dags/example_datasets.py
[2026-09-15T21:20:39.735+0000] {processor.py:840} INFO - DAG(s) 'conditional_dataset_and_time_based_timetable', 'dataset_consumes_1_never_scheduled', 'dataset_consumes_1', 'dataset_produces_2', 'consume_1_or_2_with_dataset_expressions', 'consume_1_and_2_with_dataset_expressions', 'dataset_consumes_1_and_2', 'dataset_produces_1', 'consume_1_or_both_2_and_3_with_dataset_expressions', 'dataset_consumes_unknown_never_scheduled' retrieved from /home/airflow/.local/lib/python3.12/site-packages/airflow/example_dags/example_datasets.py
[2026-09-15T21:20:39.767+0000] {logging_mixin.py:188} INFO - [2026-09-15T21:20:39.767+0000] {dag.py:3089} INFO - Sync 10 DAGs
[2026-09-15T21:20:39.784+0000] {logging_mixin.py:188} INFO - [2026-09-15T21:20:39.784+0000] {dag.py:3947} INFO - Setting next_dagrun for conditional_dataset_and_time_based_timetable to 2026-09-09 01:00:00+00:00, run_after=2026-09-09 01:00:00+00:00
[2026-09-15T21:20:39.788+0000] {logging_mixin.py:188} INFO - [2026-09-15T21:20:39.788+0000] {dag.py:3947} INFO - Setting next_dagrun for consume_1_and_2_with_dataset_expressions to None, run_after=None
[2026-09-15T21:20:39.790+0000] {logging_mixin.py:188} INFO - [2026-09-15T21:20:39.790+0000] {dag.py:3947} INFO - Setting next_dagrun for consume_1_or_2_with_dataset_expressions to None, run_after=None
[2026-09-15T21:20:39.792+0000] {logging_mixin.py:188} INFO - [2026-09-15T21:20:39.791+0000] {dag.py:3947} INFO - Setting next_dagrun for consume_1_or_both_2_and_3_with_dataset_expressions to None, run_after=None
[2026-09-15T21:20:39.793+0000] {logging_mixin.py:188} INFO - [2026-09-15T21:20:39.793+0000] {dag.py:3947} INFO - Setting next_dagrun for dataset_consumes_1 to None, run_after=None
[2026-09-15T21:20:39.794+0000] {logging_mixin.py:188} INFO - [2026-09-15T21:20:39.794+0000] {dag.py:3947} INFO - Setting next_dagrun for dataset_consumes_1_and_2 to None, run_after=None
[2026-09-15T21:20:39.795+0000] {logging_mixin.py:188} INFO - [2026-09-15T21:20:39.795+0000] {dag.py:3947} INFO - Setting next_dagrun for dataset_consumes_1_never_scheduled to None, run_after=None
[2026-09-15T21:20:39.796+0000] {logging_mixin.py:188} INFO - [2026-09-15T21:20:39.796+0000] {dag.py:3947} INFO - Setting next_dagrun for dataset_consumes_unknown_never_scheduled to None, run_after=None
[2026-09-15T21:20:39.798+0000] {logging_mixin.py:188} INFO - [2026-09-15T21:20:39.798+0000] {dag.py:3947} INFO - Setting next_dagrun for dataset_produces_1 to 2026-09-14 00:00:00+00:00, run_after=2026-09-15 00:00:00+00:00
[2026-09-15T21:20:39.800+0000] {logging_mixin.py:188} INFO - [2026-09-15T21:20:39.800+0000] {dag.py:3947} INFO - Setting next_dagrun for dataset_produces_2 to None, run_after=None
[2026-09-15T21:20:39.825+0000] {processor.py:183} INFO - Processing /home/airflow/.local/lib/python3.12/site-packages/airflow/example_dags/example_datasets.py took 0.106 seconds
[2026-09-15T21:22:07.442+0000] {processor.py:161} INFO - Started process (PID=288) to work on /home/airflow/.local/lib/python3.12/site-packages/airflow/example_dags/example_datasets.py
[2026-09-15T21:22:07.443+0000] {processor.py:830} INFO - Processing file /home/airflow/.local/lib/python3.12/site-packages/airflow/example_dags/example_datasets.py for tasks to queue
[2026-09-15T21:22:07.445+0000] {logging_mixin.py:188} INFO - [2026-09-15T21:22:07.445+0000] {dagbag.py:545} INFO - Filling up the DagBag from /home/airflow/.local/lib/python3.12/site-packages/airflow/example_dags/example_datasets.py
[2026-09-15T21:22:07.463+0000] {processor.py:840} INFO - DAG(s) 'consume_1_or_2_with_dataset_expressions', 'dataset_consumes_unknown_never_scheduled', 'dataset_consumes_1_never_scheduled', 'dataset_consumes_1_and_2', 'consume_1_and_2_with_dataset_expressions', 'consume_1_or_both_2_and_3_with_dataset_expressions', 'conditional_dataset_and_time_based_timetable', 'dataset_produces_1', 'dataset_produces_2', 'dataset_consumes_1' retrieved from /home/airflow/.local/lib/python3.12/site-packages/airflow/example_dags/example_datasets.py
[2026-09-15T21:22:07.485+0000] {logging_mixin.py:188} INFO - [2026-09-15T21:22:07.484+0000] {dag.py:3089} INFO - Sync 10 DAGs
[2026-09-15T21:22:07.511+0000] {logging_mixin.py:188} INFO - [2026-09-15T21:22:07.510+0000] {dag.py:3947} INFO - Setting next_dagrun for conditional_dataset_and_time_based_timetable to 2026-09-09 01:00:00+00:00, run_after=2026-09-09 01:00:00+00:00
[2026-09-15T21:22:07.515+0000] {logging_mixin.py:188} INFO - [2026-09-15T21:22:07.515+0000] {dag.py:3947} INFO - Setting next_dagrun for consume_1_and_2_with_dataset_expressions to None, run_after=None
[2026-09-15T21:22:07.518+0000] {logging_mixin.py:188} INFO - [2026-09-15T21:22:07.517+0000] {dag.py:3947} INFO - Setting next_dagrun for consume_1_or_2_with_dataset_expressions to None, run_after=None
[2026-09-15T21:22:07.520+0000] {logging_mixin.py:188} INFO - [2026-09-15T21:22:07.519+0000] {dag.py:3947} INFO - Setting next_dagrun for consume_1_or_both_2_and_3_with_dataset_expressions to None, run_after=None
[2026-09-15T21:22:07.522+0000] {logging_mixin.py:188} INFO - [2026-09-15T21:22:07.522+0000] {dag.py:3947} INFO - Setting next_dagrun for dataset_consumes_1 to None, run_after=None
[2026-09-15T21:22:07.525+0000] {logging_mixin.py:188} INFO - [2026-09-15T21:22:07.524+0000] {dag.py:3947} INFO - Setting next_dagrun for dataset_consumes_1_and_2 to None, run_after=None
[2026-09-15T21:22:07.527+0000] {logging_mixin.py:188} INFO - [2026-09-15T21:22:07.527+0000] {dag.py:3947} INFO - Setting next_dagrun for dataset_consumes_1_never_scheduled to None, run_after=None
[2026-09-15T21:22:07.529+0000] {logging_mixin.py:188} INFO - [2026-09-15T21:22:07.529+0000] {dag.py:3947} INFO - Setting next_dagrun for dataset_consumes_unknown_never_scheduled to None, run_after=None
[2026-09-15T21:22:07.532+0000] {logging_mixin.py:188} INFO - [2026-09-15T21:22:07.532+0000] {dag.py:3947} INFO - Setting next_dagrun for dataset_produces_1 to 2026-09-14 00:00:00+00:00, run_after=2026-09-15 00:00:00+00:00
[2026-09-15T21:22:07.535+0000] {logging_mixin.py:188} INFO - [2026-09-15T21:22:07.534+0000] {dag.py:3947} INFO - Setting next_dagrun for dataset_produces_2 to None, run_after=None
[2026-09-15T21:22:07.572+0000] {processor.py:183} INFO - Processing /home/airflow/.local/lib/python3.12/site-packages/airflow/example_dags/example_datasets.py took 0.135 seconds
[2026-09-15T21:22:38.696+0000] {processor.py:161} INFO - Started process (PID=550) to work on /home/airflow/.local/lib/python3.12/site-packages/airflow/example_dags/example_datasets.py
[2026-09-15T21:22:38.698+0000] {processor.py:830} INFO - Processing file /home/airflow/.local/lib/python3.12/site-packages/airflow/example_dags/example_datasets.py for tasks to queue
[2026-09-15T21:22:38.700+0000] {logging_mixin.py:188} INFO - [2026-09-15T21:22:38.700+0000] {dagbag.py:545} INFO - Filling up the DagBag from /home/airflow/.local/lib/python3.12/site-packages/airflow/example_dags/example_datasets.py
[2026-09-15T21:22:38.711+0000] {processor.py:840} INFO - DAG(s) 'consume_1_or_2_with_dataset_expressions', 'dataset_consumes_1_and_2', 'consume_1_or_both_2_and_3_with_dataset_expressions', 'dataset_consumes_1_never_scheduled', 'dataset_consumes_unknown_never_scheduled', 'dataset_consumes_1', 'dataset_produces_1', 'consume_1_and_2_with_dataset_expressions', 'dataset_produces_2', 'conditional_dataset_and_time_based_timetable' retrieved from /home/airflow/.local/lib/python3.12/site-packages/airflow/example_dags/example_datasets.py
[2026-09-15T21:22:38.876+0000] {logging_mixin.py:188} INFO - [2026-09-15T21:22:38.876+0000] {dag.py:3089} INFO - Sync 10 DAGs
[2026-09-15T21:22:38.896+0000] {logging_mixin.py:188} INFO - [2026-09-15T21:22:38.896+0000] {dag.py:3947} INFO - Setting next_dagrun for conditional_dataset_and_time_based_timetable to 2026-09-09 01:00:00+00:00, run_after=2026-09-09 01:00:00+00:00
[2026-09-15T21:22:38.900+0000] {logging_mixin.py:188} INFO - [2026-09-15T21:22:38.900+0000] {dag.py:3947} INFO - Setting next_dagrun for consume_1_and_2_with_dataset_expressions to None, run_after=None
[2026-09-15T21:22:38.902+0000] {logging_mixin.py:188} INFO - [2026-09-15T21:22:38.902+0000] {dag.py:3947} INFO - Setting next_dagrun for consume_1_or_2_with_dataset_expressions to None, run_after=None
[2026-09-15T21:22:38.904+0000] {logging_mixin.py:188} INFO - [2026-09-15T21:22:38.904+0000] {dag.py:3947} INFO - Setting next_dagrun for consume_1_or_both_2_and_3_with_dataset_expressions to None, run_after=None
[2026-09-15T21:22:38.905+0000] {logging_mixin.py:188} INFO - [2026-09-15T21:22:38.905+0000] {dag.py:3947} INFO - Setting next_dagrun for dataset_consumes_1 to None, run_after=None
[2026-09-15T21:22:38.907+0000] {logging_mixin.py:188} INFO - [2026-09-15T21:22:38.907+0000] {dag.py:3947} INFO - Setting next_dagrun for dataset_consumes_1_and_2 to None, run_after=None
[2026-09-15T21:22:38.908+0000] {logging_mixin.py:188} INFO - [2026-09-15T21:22:38.908+0000] {dag.py:3947} INFO - Setting next_dagrun for dataset_consumes_1_never_scheduled to None, run_after=None
[2026-09-15T21:22:38.909+0000] {logging_mixin.py:188} INFO - [2026-09-15T21:22:38.909+0000] {dag.py:3947} INFO - Setting next_dagrun for dataset_consumes_unknown_never_scheduled to None, run_after=None
[2026-09-15T21:22:38.911+0000] {logging_mixin.py:188} INFO - [2026-09-15T21:22:38.911+0000] {dag.py:3947} INFO - Setting next_dagrun for dataset_produces_1 to 2026-09-14 00:00:00+00:00, run_after=2026-09-15 00:00:00+00:00
[2026-09-15T21:22:38.912+0000] {logging_mixin.py:188} INFO - [2026-09-15T21:22:38.912+0000] {dag.py:3947} INFO - Setting next_dagrun for dataset_produces_2 to None, run_after=None
[2026-09-15T21:22:38.943+0000] {processor.py:183} INFO - Processing /home/airflow/.local/lib/python3.12/site-packages/airflow/example_dags/example_datasets.py took 0.252 seconds
[2026-09-15T21:23:09.940+0000] {processor.py:161} INFO - Started process (PID=820) to work on /home/airflow/.local/lib/python3.12/site-packages/airflow/example_dags/example_datasets.py
[2026-09-15T21:23:09.941+0000] {processor.py:830} INFO - Processing file /home/airflow/.local/lib/python3.12/site-packages/airflow/example_dags/example_datasets.py for tasks to queue
[2026-09-15T21:23:09.943+0000] {logging_mixin.py:188} INFO - [2026-09-15T21:23:09.943+0000] {dagbag.py:545} INFO - Filling up the DagBag from /home/airflow/.local/lib/python3.12/site-packages/airflow/example_dags/example_datasets.py
[2026-09-15T21:23:09.953+0000] {processor.py:840} INFO - DAG(s) 'dataset_produces_1', 'dataset_consumes_1_never_scheduled', 'dataset_produces_2', 'dataset_consumes_unknown_never_scheduled', 'consume_1_and_2_with_dataset_expressions', 'dataset_consumes_1', 'consume_1_or_both_2_and_3_with_dataset_expressions', 'conditional_dataset_and_time_based_timetable', 'dataset_consumes_1_and_2', 'consume_1_or_2_with_dataset_expressions' retrieved from /home/airflow/.local/lib/python3.12/site-packages/airflow/example_dags/example_datasets.py
[2026-09-15T21:23:09.987+0000] {logging_mixin.py:188} INFO - [2026-09-15T21:23:09.987+0000] {dag.py:3089} INFO - Sync 10 DAGs
[2026-09-15T21:23:10.005+0000] {logging_mixin.py:188} INFO - [2026-09-15T21:23:10.005+0000] {dag.py:3947} INFO - Setting next_dagrun for conditional_dataset_and_time_based_timetable to 2026-09-09 01:00:00+00:00, run_after=2026-09-09 01:00:00+00:00
[2026-09-15T21:23:10.009+0000] {logging_mixin.py:188} INFO - [2026-09-15T21:23:10.009+0000] {dag.py:3947} INFO - Setting next_dagrun for consume_1_and_2_with_dataset_expressions to None, run_after=None
[2026-09-15T21:23:10.010+0000] {logging_mixin.py:188} INFO - [2026-09-15T21:23:10.010+0000] {dag.py:3947} INFO - Setting next_dagrun for consume_1_or_2_with_dataset_expressions to None, run_after=None
[2026-09-15T21:23:10.011+0000] {logging_mixin.py:188} INFO - [2026-09-15T21:23:10.011+0000] {dag.py:3947} INFO - Setting next_dagrun for consume_1_or_both_2_and_3_with_dataset_expressions to None, run_after=None
[2026-09-15T21:23:10.013+0000] {logging_mixin.py:188} INFO - [2026-09-15T21:23:10.013+0000] {dag.py:3947} INFO - Setting next_dagrun for dataset_consumes_1 to None, run_after=None
[2026-09-15T21:23:10.014+0000] {logging_mixin.py:188} INFO - [2026-09-15T21:23:10.014+0000] {dag.py:3947} INFO - Setting next_dagrun for dataset_consumes_1_and_2 to None, run_after=None
[2026-09-15T21:23:10.015+0000] {logging_mixin.py:188} INFO - [2026-09-15T21:23:10.015+0000] {dag.py:3947} INFO - Setting next_dagrun for dataset_consumes_1_never_scheduled to None, run_after=None
[2026-09-15T21:23:10.016+0000] {logging_mixin.py:188} INFO - [2026-09-15T21:23:10.016+0000] {dag.py:3947} INFO - Setting next_dagrun for dataset_consumes_unknown_never_scheduled to None, run_after=None
[2026-09-15T21:23:10.019+0000] {logging_mixin.py:188} INFO - [2026-09-15T21:23:10.019+0000] {dag.py:3947} INFO - Setting next_dagrun for dataset_produces_1 to 2026-09-14 00:00:00+00:00, run_after=2026-09-15 00:00:00+00:00
[2026-09-15T21:23:10.021+0000] {logging_mixin.py:188} INFO - [2026-09-15T21:23:10.020+0000] {dag.py:3947} INFO - Setting next_dagrun for dataset_produces_2 to None, run_after=None
[2026-09-15T21:23:10.047+0000] {processor.py:183} INFO - Processing /home/airflow/.local/lib/python3.12/site-packages/airflow/example_dags/example_datasets.py took 0.111 seconds
[2026-09-15T21:23:40.132+0000] {processor.py:161} INFO - Started process (PID=1082) to work on /home/airflow/.local/lib/python3.12/site-packages/airflow/example_dags/example_datasets.py
[2026-09-15T21:23:40.133+0000] {processor.py:830} INFO - Processing file /home/airflow/.local/lib/python3.12/site-packages/airflow/example_dags/example_datasets.py for tasks to queue
[2026-09-15T21:23:40.135+0000] {logging_mixin.py:188} INFO - [2026-09-15T21:23:40.135+0000] {dagbag.py:545} INFO - Filling up the DagBag from /home/airflow/.local/lib/python3.12/site-packages/airflow/example_dags/example_datasets.py
[2026-09-15T21:23:40.144+0000] {processor.py:840} INFO - DAG(s) 'dataset_consumes_1', 'consume_1_or_2_with_dataset_expressions', 'dataset_consumes_unknown_never_scheduled', 'consume_1_and_2_with_dataset_expressions', 'consume_1_or_both_2_and_3_with_dataset_expressions', 'dataset_produces_2', 'dataset_consumes_1_never_scheduled', 'conditional_dataset_and_time_based_timetable', 'dataset_produces_1', 'dataset_consumes_1_and_2' retrieved from /home/airflow/.local/lib/python3.12/site-packages/airflow/example_dags/example_datasets.py
[2026-09-15T21:23:40.176+0000] {logging_mixin.py:188} INFO - [2026-09-15T21:23:40.176+0000] {dag.py:3089} INFO - Sync 10 DAGs
[2026-09-15T21:23:40.193+0000] {logging_mixin.py:188} INFO - [2026-09-15T21:23:40.193+0000] {dag.py:3947} INFO - Setting next_dagrun for conditional_dataset_and_time_based_timetable to 2026-09-09 01:00:00+00:00, run_after=2026-09-09 01:00:00+00:00
[2026-09-15T21:23:40.196+0000] {logging_mixin.py:188} INFO - [2026-09-15T21:23:40.196+0000] {dag.py:3947} INFO - Setting next_dagrun for consume_1_and_2_with_dataset_expressions to None, run_after=None
[2026-09-15T21:23:40.198+0000] {logging_mixin.py:188} INFO - [2026-09-15T21:23:40.198+0000] {dag.py:3947} INFO - Setting next_dagrun for consume_1_or_2_with_dataset_expressions to None, run_after=None
[2026-09-15T21:23:40.199+0000] {logging_mixin.py:188} INFO - [2026-09-15T21:23:40.199+0000] {dag.py:3947} INFO - Setting next_dagrun for consume_1_or_both_2_and_3_with_dataset_expressions to None, run_after=None
[2026-09-15T21:23:40.200+0000] {logging_mixin.py:188} INFO - [2026-09-15T21:23:40.200+0000] {dag.py:3947} INFO - Setting next_dagrun for dataset_consumes_1 to None, run_after=None
[2026-09-15T21:23:40.201+0000] {logging_mixin.py:188} INFO - [2026-09-15T21:23:40.201+0000] {dag.py:3947} INFO - Setting next_dagrun for dataset_consumes_1_and_2 to None, run_after=None
[2026-09-15T21:23:40.202+0000] {logging_mixin.py:188} INFO - [2026-09-15T21:23:40.202+0000] {dag.py:3947} INFO - Setting next_dagrun for dataset_consumes_1_never_scheduled to None, run_after=None
[2026-09-15T21:23:40.204+0000] {logging_mixin.py:188} INFO - [2026-09-15T21:23:40.204+0000] {dag.py:3947} INFO - Setting next_dagrun for dataset_consumes_unknown_never_scheduled to None, run_after=None
[2026-09-15T21:23:40.205+0000] {logging_mixin.py:188} INFO - [2026-09-15T21:23:40.205+0000] {dag.py:3947} INFO - Setting next_dagrun for dataset_produces_1 to 2026-09-14 00:00:00+00:00, run_after=2026-09-15 00:00:00+00:00
[2026-09-15T21:23:40.206+0000] {logging_mixin.py:188} INFO - [2026-09-15T21:23:40.206+0000] {dag.py:3947} INFO - Setting next_dagrun for dataset_produces_2 to None, run_after=None
[2026-09-15T21:23:40.233+0000] {processor.py:183} INFO - Processing /home/airflow/.local/lib/python3.12/site-packages/airflow/example_dags/example_datasets.py took 0.106 seconds
[2026-09-15T21:24:10.322+0000] {processor.py:161} INFO - Started process (PID=1344) to work on /home/airflow/.local/lib/python3.12/site-packages/airflow/example_dags/example_datasets.py
[2026-09-15T21:24:10.323+0000] {processor.py:830} INFO - Processing file /home/airflow/.local/lib/python3.12/site-packages/airflow/example_dags/example_datasets.py for tasks to queue
[2026-09-15T21:24:10.325+0000] {logging_mixin.py:188} INFO - [2026-09-15T21:24:10.324+0000] {dagbag.py:545} INFO - Filling up the DagBag from /home/airflow/.local/lib/python3.12/site-packages/airflow/example_dags/example_datasets.py
[2026-09-15T21:24:10.333+0000] {processor.py:840} INFO - DAG(s) 'dataset_consumes_1_and_2', 'dataset_produces_1', 'dataset_produces_2', 'dataset_consumes_1_never_scheduled', 'consume_1_or_both_2_and_3_with_dataset_expressions', 'consume_1_or_2_with_dataset_expressions', 'conditional_dataset_and_time_based_timetable', 'consume_1_and_2_with_dataset_expressions', 'dataset_consumes_1', 'dataset_consumes_unknown_never_scheduled' retrieved from /home/airflow/.local/lib/python3.12/site-packages/airflow/example_dags/example_datasets.py
[2026-09-15T21:24:10.364+0000] {logging_mixin.py:188} INFO - [2026-09-15T21:24:10.364+0000] {dag.py:3089} INFO - Sync 10 DAGs
[2026-09-15T21:24:10.380+0000] {logging_mixin.py:188} INFO - [2026-09-15T21:24:10.380+0000] {dag.py:3947} INFO - Setting next_dagrun for conditional_dataset_and_time_based_timetable to 2026-09-09 01:00:00+00:00, run_after=2026-09-09 01:00:00+00:00
[2026-09-15T21:24:10.383+0000] {logging_mixin.py:188} INFO - [2026-09-15T21:24:10.383+0000] {dag.py:3947} INFO - Setting next_dagrun for consume_1_and_2_with_dataset_expressions to None, run_after=None
[2026-09-15T21:24:10.385+0000] {logging_mixin.py:188} INFO - [2026-09-15T21:24:10.385+0000] {dag.py:3947} INFO - Setting next_dagrun for consume_1_or_2_with_dataset_expressions to None, run_after=None
[2026-09-15T21:24:10.386+0000] {logging_mixin.py:188} INFO - [2026-09-15T21:24:10.386+0000] {dag.py:3947} INFO - Setting next_dagrun for consume_1_or_both_2_and_3_with_dataset_expressions to None, run_after=None
[2026-09-15T21:24:10.387+0000] {logging_mixin.py:188} INFO - [2026-09-15T21:24:10.387+0000] {dag.py:3947} INFO - Setting next_dagrun for dataset_consumes_1 to None, run_after=None
[2026-09-15T21:24:10.388+0000] {logging_mixin.py:188} INFO - [2026-09-15T21:24:10.388+0000] {dag.py:3947} INFO - Setting next_dagrun for dataset_consumes_1_and_2 to None, run_after=None
[2026-09-15T21:24:10.390+0000] {logging_mixin.py:188} INFO - [2026-09-15T21:24:10.390+0000] {dag.py:3947} INFO - Setting next_dagrun for dataset_consumes_1_never_scheduled to None, run_after=None
[2026-09-15T21:24:10.391+0000] {logging_mixin.py:188} INFO - [2026-09-15T21:24:10.391+0000] {dag.py:3947} INFO - Setting next_dagrun for dataset_consumes_unknown_never_scheduled to None, run_after=None
[2026-09-15T21:24:10.394+0000] {logging_mixin.py:188} INFO - [2026-09-15T21:24:10.393+0000] {dag.py:3947} INFO - Setting next_dagrun for dataset_produces_1 to 2026-09-14 00:00:00+00:00, run_after=2026-09-15 00:00:00+00:00
[2026-09-15T21:24:10.395+0000] {logging_mixin.py:188} INFO - [2026-09-15T21:24:10.395+0000] {dag.py:3947} INFO - Setting next_dagrun for dataset_produces_2 to None, run_after=None
[2026-09-15T21:24:10.422+0000] {processor.py:183} INFO - Processing /home/airflow/.local/lib/python3.12/site-packages/airflow/example_dags/example_datasets.py took 0.104 seconds
[2026-09-15T21:24:40.521+0000] {processor.py:161} INFO - Started process (PID=1606) to work on /home/airflow/.local/lib/python3.12/site-packages/airflow/example_dags/example_datasets.py
[2026-09-15T21:24:40.522+0000] {processor.py:830} INFO - Processing file /home/airflow/.local/lib/python3.12/site-packages/airflow/example_dags/example_datasets.py for tasks to queue
[2026-09-15T21:24:40.523+0000] {logging_mixin.py:188} INFO - [2026-09-15T21:24:40.523+0000] {dagbag.py:545} INFO - Filling up the DagBag from /home/airflow/.local/lib/python3.12/site-packages/airflow/example_dags/example_datasets.py
[2026-09-15T21:24:40.533+0000] {processor.py:840} INFO - DAG(s) 'conditional_dataset_and_time_based_timetable', 'dataset_consumes_unknown_never_scheduled', 'dataset_produces_2', 'dataset_consumes_1_and_2', 'consume_1_or_both_2_and_3_with_dataset_expressions', 'dataset_consumes_1_never_scheduled', 'dataset_produces_1', 'consume_1_or_2_with_dataset_expressions', 'consume_1_and_2_with_dataset_expressions', 'dataset_consumes_1' retrieved from /home/airflow/.local/lib/python3.12/site-packages/airflow/example_dags/example_datasets.py
[2026-09-15T21:24:40.565+0000] {logging_mixin.py:188} INFO - [2026-09-15T21:24:40.565+0000] {dag.py:3089} INFO - Sync 10 DAGs
[2026-09-15T21:24:40.581+0000] {logging_mixin.py:188} INFO - [2026-09-15T21:24:40.581+0000] {dag.py:3947} INFO - Setting next_dagrun for conditional_dataset_and_time_based_timetable to 2026-09-09 01:00:00+00:00, run_after=2026-09-09 01:00:00+00:00
[2026-09-15T21:24:40.585+0000] {logging_mixin.py:188} INFO - [2026-09-15T21:24:40.584+0000] {dag.py:3947} INFO - Setting next_dagrun for consume_1_and_2_with_dataset_expressions to None, run_after=None
[2026-09-15T21:24:40.586+0000] {logging_mixin.py:188} INFO - [2026-09-15T21:24:40.586+0000] {dag.py:3947} INFO - Setting next_dagrun for consume_1_or_2_with_dataset_expressions to None, run_after=None
[2026-09-15T21:24:40.588+0000] {logging_mixin.py:188} INFO - [2026-09-15T21:24:40.588+0000] {dag.py:3947} INFO - Setting next_dagrun for consume_1_or_both_2_and_3_with_dataset_expressions to None, run_after=None
[2026-09-15T21:24:40.589+0000] {logging_mixin.py:188} INFO - [2026-09-15T21:24:40.589+0000] {dag.py:3947} INFO - Setting next_dagrun for dataset_consumes_1 to None, run_after=None
[2026-09-15T21:24:40.591+0000] {logging_mixin.py:188} INFO - [2026-09-15T21:24:40.591+0000] {dag.py:3947} INFO - Setting next_dagrun for dataset_consumes_1_and_2 to None, run_after=None
[2026-09-15T21:24:40.592+0000] {logging_mixin.py:188} INFO - [2026-09-15T21:24:40.592+0000] {dag.py:3947} INFO - Setting next_dagrun for dataset_consumes_1_never_scheduled to None, run_after=None
[2026-09-15T21:24:40.594+0000] {logging_mixin.py:188} INFO - [2026-09-15T21:24:40.594+0000] {dag.py:3947} INFO - Setting next_dagrun for dataset_consumes_unknown_never_scheduled to None, run_after=None
[2026-09-15T21:24:40.596+0000] {logging_mixin.py:188} INFO - [2026-09-15T21:24:40.596+0000] {dag.py:3947} INFO - Setting next_dagrun for dataset_produces_1 to 2026-09-14 00:00:00+00:00, run_after=2026-09-15 00:00:00+00:00
[2026-09-15T21:24:40.597+0000] {logging_mixin.py:188} INFO - [2026-09-15T21:24:40.597+0000] {dag.py:3947} INFO - Setting next_dagrun for dataset_produces_2 to None, run_after=None
[2026-09-15T21:24:40.622+0000] {processor.py:183} INFO - Processing /home/airflow/.local/lib/python3.12/site-packages/airflow/example_dags/example_datasets.py took 0.105 seconds
[2026-09-15T21:25:10.745+0000] {processor.py:161} INFO - Started process (PID=1868) to work on /home/airflow/.local/lib/python3.12/site-packages/airflow/example_dags/example_datasets.py
[2026-09-15T21:25:10.746+0000] {processor.py:830} INFO - Processing file /home/airflow/.local/lib/python3.12/site-packages/airflow/example_dags/example_datasets.py for tasks to queue
[2026-09-15T21:25:10.748+0000] {logging_mixin.py:188} INFO - [2026-09-15T21:25:10.748+0000] {dagbag.py:545} INFO - Filling up the DagBag from /home/airflow/.local/lib/python3.12/site-packages/airflow/example_dags/example_datasets.py
[2026-09-15T21:25:10.757+0000] {processor.py:840} INFO - DAG(s) 'dataset_consumes_unknown_never_scheduled', 'dataset_produces_2', 'consume_1_or_both_2_and_3_with_dataset_expressions', 'dataset_produces_1', 'dataset_consumes_1', 'consume_1_and_2_with_dataset_expressions', 'consume_1_or_2_with_dataset_expressions', 'dataset_consumes_1_never_scheduled', 'dataset_consumes_1_and_2', 'conditional_dataset_and_time_based_timetable' retrieved from /home/airflow/.local/lib/python3.12/site-packages/airflow/example_dags/example_datasets.py
[2026-09-15T21:25:10.788+0000] {logging_mixin.py:188} INFO - [2026-09-15T21:25:10.788+0000] {dag.py:3089} INFO - Sync 10 DAGs
[2026-09-15T21:25:10.804+0000] {logging_mixin.py:188} INFO - [2026-09-15T21:25:10.804+0000] {dag.py:3947} INFO - Setting next_dagrun for conditional_dataset_and_time_based_timetable to 2026-09-09 01:00:00+00:00, run_after=2026-09-09 01:00:00+00:00
[2026-09-15T21:25:10.808+0000] {logging_mixin.py:188} INFO - [2026-09-15T21:25:10.808+0000] {dag.py:3947} INFO - Setting next_dagrun for consume_1_and_2_with_dataset_expressions to None, run_after=None
[2026-09-15T21:25:10.810+0000] {logging_mixin.py:188} INFO - [2026-09-15T21:25:10.810+0000] {dag.py:3947} INFO - Setting next_dagrun for consume_1_or_2_with_dataset_expressions to None, run_after=None
[2026-09-15T21:25:10.811+0000] {logging_mixin.py:188} INFO - [2026-09-15T21:25:10.811+0000] {dag.py:3947} INFO - Setting next_dagrun for consume_1_or_both_2_and_3_with_dataset_expressions to None, run_after=None
[2026-09-15T21:25:10.812+0000] {logging_mixin.py:188} INFO - [2026-09-15T21:25:10.812+0000] {dag.py:3947} INFO - Setting next_dagrun for dataset_consumes_1 to None, run_after=None
[2026-09-15T21:25:10.814+0000] {logging_mixin.py:188} INFO - [2026-09-15T21:25:10.814+0000] {dag.py:3947} INFO - Setting next_dagrun for dataset_consumes_1_and_2 to None, run_after=None
[2026-09-15T21:25:10.815+0000] {logging_mixin.py:188} INFO - [2026-09-15T21:25:10.815+0000] {dag.py:3947} INFO - Setting next_dagrun for dataset_consumes_1_never_scheduled to None, run_after=None
[2026-09-15T21:25:10.816+0000] {logging_mixin.py:188} INFO - [2026-09-15T21:25:10.816+0000] {dag.py:3947} INFO - Setting next_dagrun for dataset_consumes_unknown_never_scheduled to None, run_after=None
[2026-09-15T21:25:10.818+0000] {logging_mixin.py:188} INFO - [2026-09-15T21:25:10.818+0000] {dag.py:3947} INFO - Setting next_dagrun for dataset_produces_1 to 2026-09-14 00:00:00+00:00, run_after=2026-09-15 00:00:00+00:00
[2026-09-15T21:25:10.819+0000] {logging_mixin.py:188} INFO - [2026-09-15T21:25:10.819+0000] {dag.py:3947} INFO - Setting next_dagrun for dataset_produces_2 to None, run_after=None
[2026-09-15T21:25:10.845+0000] {processor.py:183} INFO - Processing /home/airflow/.local/lib/python3.12/site-packages/airflow/example_dags/example_datasets.py took 0.105 seconds
[2026-09-15T21:25:40.951+0000] {processor.py:161} INFO - Started process (PID=2135) to work on /home/airflow/.local/lib/python3.12/site-packages/airflow/example_dags/example_datasets.py
[2026-09-15T21:25:40.952+0000] {processor.py:830} INFO - Processing file /home/airflow/.local/lib/python3.12/site-packages/airflow/example_dags/example_datasets.py for tasks to queue
[2026-09-15T21:25:40.954+0000] {logging_mixin.py:188} INFO - [2026-09-15T21:25:40.954+0000] {dagbag.py:545} INFO - Filling up the DagBag from /home/airflow/.local/lib/python3.12/site-packages/airflow/example_dags/example_datasets.py
[2026-09-15T21:25:40.963+0000] {processor.py:840} INFO - DAG(s) 'dataset_produces_2', 'dataset_consumes_1_never_scheduled', 'consume_1_or_both_2_and_3_with_dataset_expressions', 'dataset_consumes_1', 'consume_1_or_2_with_dataset_expressions', 'conditional_dataset_and_time_based_timetable', 'dataset_consumes_unknown_never_scheduled', 'dataset_consumes_1_and_2', 'consume_1_and_2_with_dataset_expressions', 'dataset_produces_1' retrieved from /home/airflow/.local/lib/python3.12/site-packages/airflow/example_dags/example_datasets.py
[2026-09-15T21:25:40.996+0000] {logging_mixin.py:188} INFO - [2026-09-15T21:25:40.996+0000] {dag.py:3089} INFO - Sync 10 DAGs
[2026-09-15T21:25:41.012+0000] {logging_mixin.py:188} INFO - [2026-09-15T21:25:41.011+0000] {dag.py:3947} INFO - Setting next_dagrun for conditional_dataset_and_time_based_timetable to 2026-09-09 01:00:00+00:00, run_after=2026-09-09 01:00:00+00:00
[2026-09-15T21:25:41.015+0000] {logging_mixin.py:188} INFO - [2026-09-15T21:25:41.015+0000] {dag.py:3947} INFO - Setting next_dagrun for consume_1_and_2_with_dataset_expressions to None, run_after=None
[2026-09-15T21:25:41.016+0000] {logging_mixin.py:188} INFO - [2026-09-15T21:25:41.016+0000] {dag.py:3947} INFO - Setting next_dagrun for consume_1_or_2_with_dataset_expressions to None, run_after=None
[2026-09-15T21:25:41.017+0000] {logging_mixin.py:188} INFO - [2026-09-15T21:25:41.017+0000] {dag.py:3947} INFO - Setting next_dagrun for consume_1_or_both_2_and_3_with_dataset_expressions to None, run_after=None
[2026-09-15T21:25:41.019+0000] {logging_mixin.py:188} INFO - [2026-09-15T21:25:41.018+0000] {dag.py:3947} INFO - Setting next_dagrun for dataset_consumes_1 to None, run_after=None
[2026-09-15T21:25:41.020+0000] {logging_mixin.py:188} INFO - [2026-09-15T21:25:41.020+0000] {dag.py:3947} INFO - Setting next_dagrun for dataset_consumes_1_and_2 to None, run_after=None
[2026-09-15T21:25:41.021+0000] {logging_mixin.py:188} INFO - [2026-09-15T21:25:41.021+0000] {dag.py:3947} INFO - Setting next_dagrun for dataset_consumes_1_never_scheduled to None, run_after=None
[2026-09-15T21:25:41.022+0000] {logging_mixin.py:188} INFO - [2026-09-15T21:25:41.022+0000] {dag.py:3947} INFO - Setting next_dagrun for dataset_consumes_unknown_never_scheduled to None, run_after=None
[2026-09-15T21:25:41.024+0000] {logging_mixin.py:188} INFO - [2026-09-15T21:25:41.024+0000] {dag.py:3947} INFO - Setting next_dagrun for dataset_produces_1 to 2026-09-14 00:00:00+00:00, run_after=2026-09-15 00:00:00+00:00
[2026-09-15T21:25:41.025+0000] {logging_mixin.py:188} INFO - [2026-09-15T21:25:41.025+0000] {dag.py:3947} INFO - Setting next_dagrun for dataset_produces_2 to None, run_after=None
[2026-09-15T21:25:41.048+0000] {processor.py:183} INFO - Processing /home/airflow/.local/lib/python3.12/site-packages/airflow/example_dags/example_datasets.py took 0.100 seconds
[2026-09-15T21:26:11.140+0000] {processor.py:161} INFO - Started process (PID=2395) to work on /home/airflow/.local/lib/python3.12/site-packages/airflow/example_dags/example_datasets.py
[2026-09-15T21:26:11.141+0000] {processor.py:830} INFO - Processing file /home/airflow/.local/lib/python3.12/site-packages/airflow/example_dags/example_datasets.py for tasks to queue
[2026-09-15T21:26:11.142+0000] {logging_mixin.py:188} INFO - [2026-09-15T21:26:11.142+0000] {dagbag.py:545} INFO - Filling up the DagBag from /home/airflow/.local/lib/python3.12/site-packages/airflow/example_dags/example_datasets.py
[2026-09-15T21:26:11.151+0000] {processor.py:840} INFO - DAG(s) 'dataset_produces_2', 'dataset_produces_1', 'dataset_consumes_1_never_scheduled', 'conditional_dataset_and_time_based_timetable', 'consume_1_and_2_with_dataset_expressions', 'consume_1_or_2_with_dataset_expressions', 'consume_1_or_both_2_and_3_with_dataset_expressions', 'dataset_consumes_1_and_2', 'dataset_consumes_1', 'dataset_consumes_unknown_never_scheduled' retrieved from /home/airflow/.local/lib/python3.12/site-packages/airflow/example_dags/example_datasets.py
[2026-09-15T21:26:11.187+0000] {logging_mixin.py:188} INFO - [2026-09-15T21:26:11.187+0000] {dag.py:3089} INFO - Sync 10 DAGs
[2026-09-15T21:26:11.205+0000] {logging_mixin.py:188} INFO - [2026-09-15T21:26:11.205+0000] {dag.py:3947} INFO - Setting next_dagrun for conditional_dataset_and_time_based_timetable to 2026-09-09 01:00:00+00:00, run_after=2026-09-09 01:00:00+00:00
[2026-09-15T21:26:11.209+0000] {logging_mixin.py:188} INFO - [2026-09-15T21:26:11.208+0000] {dag.py:3947} INFO - Setting next_dagrun for consume_1_and_2_with_dataset_expressions to None, run_after=None
[2026-09-15T21:26:11.210+0000] {logging_mixin.py:188} INFO - [2026-09-15T21:26:11.210+0000] {dag.py:3947} INFO - Setting next_dagrun for consume_1_or_2_with_dataset_expressions to None, run_after=None
[2026-09-15T21:26:11.211+0000] {logging_mixin.py:188} INFO - [2026-09-15T21:26:11.211+0000] {dag.py:3947} INFO - Setting next_dagrun for consume_1_or_both_2_and_3_with_dataset_expressions to None, run_after=None
[2026-09-15T21:26:11.213+0000] {logging_mixin.py:188} INFO - [2026-09-15T21:26:11.212+0000] {dag.py:3947} INFO - Setting next_dagrun for dataset_consumes_1 to None, run_after=None
[2026-09-15T21:26:11.214+0000] {logging_mixin.py:188} INFO - [2026-09-15T21:26:11.214+0000] {dag.py:3947} INFO - Setting next_dagrun for dataset_consumes_1_and_2 to None, run_after=None
[2026-09-15T21:26:11.215+0000] {logging_mixin.py:188} INFO - [2026-09-15T21:26:11.215+0000] {dag.py:3947} INFO - Setting next_dagrun for dataset_consumes_1_never_scheduled to None, run_after=None
[2026-09-15T21:26:11.216+0000] {logging_mixin.py:188} INFO - [2026-09-15T21:26:11.216+0000] {dag.py:3947} INFO - Setting next_dagrun for dataset_consumes_unknown_never_scheduled to None, run_after=None
[2026-09-15T21:26:11.218+0000] {logging_mixin.py:188} INFO - [2026-09-15T21:26:11.218+0000] {dag.py:3947} INFO - Setting next_dagrun for dataset_produces_1 to 2026-09-14 00:00:00+00:00, run_after=2026-09-15 00:00:00+00:00
[2026-09-15T21:26:11.220+0000] {logging_mixin.py:188} INFO - [2026-09-15T21:26:11.220+0000] {dag.py:3947} INFO - Setting next_dagrun for dataset_produces_2 to None, run_after=None
[2026-09-15T21:26:11.245+0000] {processor.py:183} INFO - Processing /home/airflow/.local/lib/python3.12/site-packages/airflow/example_dags/example_datasets.py took 0.109 seconds
[2026-09-15T21:26:41.340+0000] {processor.py:161} INFO - Started process (PID=2654) to work on /home/airflow/.local/lib/python3.12/site-packages/airflow/example_dags/example_datasets.py
[2026-09-15T21:26:41.341+0000] {processor.py:830} INFO - Processing file /home/airflow/.local/lib/python3.12/site-packages/airflow/example_dags/example_datasets.py for tasks to queue
[2026-09-15T21:26:41.343+0000] {logging_mixin.py:188} INFO - [2026-09-15T21:26:41.343+0000] {dagbag.py:545} INFO - Filling up the DagBag from /home/airflow/.local/lib/python3.12/site-packages/airflow/example_dags/example_datasets.py
[2026-09-15T21:26:41.353+0000] {processor.py:840} INFO - DAG(s) 'dataset_produces_2', 'dataset_consumes_1_never_scheduled', 'dataset_produces_1', 'dataset_consumes_1', 'consume_1_or_2_with_dataset_expressions', 'dataset_consumes_unknown_never_scheduled', 'consume_1_or_both_2_and_3_with_dataset_expressions', 'consume_1_and_2_with_dataset_expressions', 'conditional_dataset_and_time_based_timetable', 'dataset_consumes_1_and_2' retrieved from /home/airflow/.local/lib/python3.12/site-packages/airflow/example_dags/example_datasets.py
[2026-09-15T21:26:41.387+0000] {logging_mixin.py:188} INFO - [2026-09-15T21:26:41.387+0000] {dag.py:3089} INFO - Sync 10 DAGs
[2026-09-15T21:26:41.405+0000] {logging_mixin.py:188} INFO - [2026-09-15T21:26:41.405+0000] {dag.py:3947} INFO - Setting next_dagrun for conditional_dataset_and_time_based_timetable to 2026-09-09 01:00:00+00:00, run_after=2026-09-09 01:00:00+00:00
[2026-09-15T21:26:41.409+0000] {logging_mixin.py:188} INFO - [2026-09-15T21:26:41.409+0000] {dag.py:3947} INFO - Setting next_dagrun for consume_1_and_2_with_dataset_expressions to None, run_after=None
[2026-09-15T21:26:41.410+0000] {logging_mixin.py:188} INFO - [2026-09-15T21:26:41.410+0000] {dag.py:3947} INFO - Setting next_dagrun for consume_1_or_2_with_dataset_expressions to None, run_after=None
[2026-09-15T21:26:41.412+0000] {logging_mixin.py:188} INFO - [2026-09-15T21:26:41.411+0000] {dag.py:3947} INFO - Setting next_dagrun for consume_1_or_both_2_and_3_with_dataset_expressions to None, run_after=None
[2026-09-15T21:26:41.413+0000] {logging_mixin.py:188} INFO - [2026-09-15T21:26:41.413+0000] {dag.py:3947} INFO - Setting next_dagrun for dataset_consumes_1 to None, run_after=None
[2026-09-15T21:26:41.414+0000] {logging_mixin.py:188} INFO - [2026-09-15T21:26:41.414+0000] {dag.py:3947} INFO - Setting next_dagrun for dataset_consumes_1_and_2 to None, run_after=None
[2026-09-15T21:26:41.415+0000] {logging_mixin.py:188} INFO - [2026-09-15T21:26:41.415+0000] {dag.py:3947} INFO - Setting next_dagrun for dataset_consumes_1_never_scheduled to None, run_after=None
[2026-09-15T21:26:41.416+0000] {logging_mixin.py:188} INFO - [2026-09-15T21:26:41.416+0000] {dag.py:3947} INFO - Setting next_dagrun for dataset_consumes_unknown_never_scheduled to None, run_after=None
[2026-09-15T21:26:41.418+0000] {logging_mixin.py:188} INFO - [2026-09-15T21:26:41.418+0000] {dag.py:3947} INFO - Setting next_dagrun for dataset_produces_1 to 2026-09-14 00:00:00+00:00, run_after=2026-09-15 00:00:00+00:00
[2026-09-15T21:26:41.420+0000] {logging_mixin.py:188} INFO - [2026-09-15T21:26:41.419+0000] {dag.py:3947} INFO - Setting next_dagrun for dataset_produces_2 to None, run_after=None
[2026-09-15T21:26:41.445+0000] {processor.py:183} INFO - Processing /home/airflow/.local/lib/python3.12/site-packages/airflow/example_dags/example_datasets.py took 0.110 seconds
[2026-09-15T21:27:11.525+0000] {processor.py:161} INFO - Started process (PID=2916) to work on /home/airflow/.local/lib/python3.12/site-packages/airflow/example_dags/example_datasets.py
[2026-09-15T21:27:11.526+0000] {processor.py:830} INFO - Processing file /home/airflow/.local/lib/python3.12/site-packages/airflow/example_dags/example_datasets.py for tasks to queue
[2026-09-15T21:27:11.528+0000] {logging_mixin.py:188} INFO - [2026-09-15T21:27:11.528+0000] {dagbag.py:545} INFO - Filling up the DagBag from /home/airflow/.local/lib/python3.12/site-packages/airflow/example_dags/example_datasets.py
[2026-09-15T21:27:11.539+0000] {processor.py:840} INFO - DAG(s) 'dataset_consumes_unknown_never_scheduled', 'conditional_dataset_and_time_based_timetable', 'dataset_consumes_1', 'dataset_produces_1', 'consume_1_or_both_2_and_3_with_dataset_expressions', 'consume_1_and_2_with_dataset_expressions', 'dataset_produces_2', 'dataset_consumes_1_and_2', 'consume_1_or_2_with_dataset_expressions', 'dataset_consumes_1_never_scheduled' retrieved from /home/airflow/.local/lib/python3.12/site-packages/airflow/example_dags/example_datasets.py
[2026-09-15T21:27:11.570+0000] {logging_mixin.py:188} INFO - [2026-09-15T21:27:11.570+0000] {dag.py:3089} INFO - Sync 10 DAGs
[2026-09-15T21:27:11.586+0000] {logging_mixin.py:188} INFO - [2026-09-15T21:27:11.586+0000] {dag.py:3947} INFO - Setting next_dagrun for conditional_dataset_and_time_based_timetable to 2026-09-09 01:00:00+00:00, run_after=2026-09-09 01:00:00+00:00
[2026-09-15T21:27:11.589+0000] {logging_mixin.py:188} INFO - [2026-09-15T21:27:11.589+0000] {dag.py:3947} INFO - Setting next_dagrun for consume_1_and_2_with_dataset_expressions to None, run_after=None
[2026-09-15T21:27:11.591+0000] {logging_mixin.py:188} INFO - [2026-09-15T21:27:11.591+0000] {dag.py:3947} INFO - Setting next_dagrun for consume_1_or_2_with_dataset_expressions to None, run_after=None
[2026-09-15T21:27:11.592+0000] {logging_mixin.py:188} INFO - [2026-09-15T21:27:11.592+0000] {dag.py:3947} INFO - Setting next_dagrun for consume_1_or_both_2_and_3_with_dataset_expressions to None, run_after=None
[2026-09-15T21:27:11.593+0000] {logging_mixin.py:188} INFO - [2026-09-15T21:27:11.593+0000] {dag.py:3947} INFO - Setting next_dagrun for dataset_consumes_1 to None, run_after=None
[2026-09-15T21:27:11.595+0000] {logging_mixin.py:188} INFO - [2026-09-15T21:27:11.595+0000] {dag.py:3947} INFO - Setting next_dagrun for dataset_consumes_1_and_2 to None, run_after=None
[2026-09-15T21:27:11.596+0000] {logging_mixin.py:188} INFO - [2026-09-15T21:27:11.596+0000] {dag.py:3947} INFO - Setting next_dagrun for dataset_consumes_1_never_scheduled to None, run_after=None
[2026-09-15T21:27:11.597+0000] {logging_mixin.py:188} INFO - [2026-09-15T21:27:11.597+0000] {dag.py:3947} INFO - Setting next_dagrun for dataset_consumes_unknown_never_scheduled to None, run_after=None
[2026-09-15T21:27:11.599+0000] {logging_mixin.py:188} INFO - [2026-09-15T21:27:11.599+0000] {dag.py:3947} INFO - Setting next_dagrun for dataset_produces_1 to 2026-09-14 00:00:00+00:00, run_after=2026-09-15 00:00:00+00:00
[2026-09-15T21:27:11.600+0000] {logging_mixin.py:188} INFO - [2026-09-15T21:27:11.600+0000] {dag.py:3947} INFO - Setting next_dagrun for dataset_produces_2 to None, run_after=None
[2026-09-15T21:27:11.625+0000] {processor.py:183} INFO - Processing /home/airflow/.local/lib/python3.12/site-packages/airflow/example_dags/example_datasets.py took 0.103 seconds
[2026-09-15T21:27:41.879+0000] {processor.py:161} INFO - Started process (PID=3178) to work on /home/airflow/.local/lib/python3.12/site-packages/airflow/example_dags/example_datasets.py
[2026-09-15T21:27:41.881+0000] {processor.py:830} INFO - Processing file /home/airflow/.local/lib/python3.12/site-packages/airflow/example_dags/example_datasets.py for tasks to queue
[2026-09-15T21:27:41.883+0000] {logging_mixin.py:188} INFO - [2026-09-15T21:27:41.882+0000] {dagbag.py:545} INFO - Filling up the DagBag from /home/airflow/.local/lib/python3.12/site-packages/airflow/example_dags/example_datasets.py
[2026-09-15T21:27:41.891+0000] {processor.py:840} INFO - DAG(s) 'dataset_produces_2', 'dataset_consumes_unknown_never_scheduled', 'consume_1_and_2_with_dataset_expressions', 'consume_1_or_both_2_and_3_with_dataset_expressions', 'dataset_produces_1', 'dataset_consumes_1_and_2', 'dataset_consumes_1_never_scheduled', 'consume_1_or_2_with_dataset_expressions', 'conditional_dataset_and_time_based_timetable', 'dataset_consumes_1' retrieved from /home/airflow/.local/lib/python3.12/site-packages/airflow/example_dags/example_datasets.py
[2026-09-15T21:27:41.924+0000] {logging_mixin.py:188} INFO - [2026-09-15T21:27:41.924+0000] {dag.py:3089} INFO - Sync 10 DAGs
[2026-09-15T21:27:41.942+0000] {logging_mixin.py:188} INFO - [2026-09-15T21:27:41.942+0000] {dag.py:3947} INFO - Setting next_dagrun for conditional_dataset_and_time_based_timetable to 2026-09-09 01:00:00+00:00, run_after=2026-09-09 01:00:00+00:00
[2026-09-15T21:27:41.946+0000] {logging_mixin.py:188} INFO - [2026-09-15T21:27:41.945+0000] {dag.py:3947} INFO - Setting next_dagrun for consume_1_and_2_with_dataset_expressions to None, run_after=None
[2026-09-15T21:27:41.947+0000] {logging_mixin.py:188} INFO - [2026-09-15T21:27:41.947+0000] {dag.py:3947} INFO - Setting next_dagrun for consume_1_or_2_with_dataset_expressions to None, run_after=None
[2026-09-15T21:27:41.948+0000] {logging_mixin.py:188} INFO - [2026-09-15T21:27:41.948+0000] {dag.py:3947} INFO - Setting next_dagrun for consume_1_or_both_2_and_3_with_dataset_expressions to None, run_after=None
[2026-09-15T21:27:41.950+0000] {logging_mixin.py:188} INFO - [2026-09-15T21:27:41.950+0000] {dag.py:3947} INFO - Setting next_dagrun for dataset_consumes_1 to None, run_after=None
[2026-09-15T21:27:41.951+0000] {logging_mixin.py:188} INFO - [2026-09-15T21:27:41.951+0000] {dag.py:3947} INFO - Setting next_dagrun for dataset_consumes_1_and_2 to None, run_after=None
[2026-09-15T21:27:41.952+0000] {logging_mixin.py:188} INFO - [2026-09-15T21:27:41.952+0000] {dag.py:3947} INFO - Setting next_dagrun for dataset_consumes_1_never_scheduled to None, run_after=None
[2026-09-15T21:27:41.953+0000] {logging_mixin.py:188} INFO - [2026-09-15T21:27:41.953+0000] {dag.py:3947} INFO - Setting next_dagrun for dataset_consumes_unknown_never_scheduled to None, run_after=None
[2026-09-15T21:27:41.955+0000] {logging_mixin.py:188} INFO - [2026-09-15T21:27:41.955+0000] {dag.py:3947} INFO - Setting next_dagrun for dataset_produces_1 to 2026-09-14 00:00:00+00:00, run_after=2026-09-15 00:00:00+00:00
[2026-09-15T21:27:41.956+0000] {logging_mixin.py:188} INFO - [2026-09-15T21:27:41.956+0000] {dag.py:3947} INFO - Setting next_dagrun for dataset_produces_2 to None, run_after=None
[2026-09-15T21:27:41.980+0000] {processor.py:183} INFO - Processing /home/airflow/.local/lib/python3.12/site-packages/airflow/example_dags/example_datasets.py took 0.106 seconds
[2026-09-15T21:28:12.436+0000] {processor.py:161} INFO - Started process (PID=3440) to work on /home/airflow/.local/lib/python3.12/site-packages/airflow/example_dags/example_datasets.py
[2026-09-15T21:28:12.437+0000] {processor.py:830} INFO - Processing file /home/airflow/.local/lib/python3.12/site-packages/airflow/example_dags/example_datasets.py for tasks to queue
[2026-09-15T21:28:12.439+0000] {logging_mixin.py:188} INFO - [2026-09-15T21:28:12.438+0000] {dagbag.py:545} INFO - Filling up the DagBag from /home/airflow/.local/lib/python3.12/site-packages/airflow/example_dags/example_datasets.py
[2026-09-15T21:28:12.447+0000] {processor.py:840} INFO - DAG(s) 'consume_1_or_2_with_dataset_expressions', 'conditional_dataset_and_time_based_timetable', 'dataset_consumes_1_never_scheduled', 'dataset_produces_1', 'dataset_consumes_unknown_never_scheduled', 'consume_1_and_2_with_dataset_expressions', 'consume_1_or_both_2_and_3_with_dataset_expressions', 'dataset_produces_2', 'dataset_consumes_1', 'dataset_consumes_1_and_2' retrieved from /home/airflow/.local/lib/python3.12/site-packages/airflow/example_dags/example_datasets.py
[2026-09-15T21:28:12.478+0000] {logging_mixin.py:188} INFO - [2026-09-15T21:28:12.478+0000] {dag.py:3089} INFO - Sync 10 DAGs
[2026-09-15T21:28:12.495+0000] {logging_mixin.py:188} INFO - [2026-09-15T21:28:12.495+0000] {dag.py:3947} INFO - Setting next_dagrun for conditional_dataset_and_time_based_timetable to 2026-09-09 01:00:00+00:00, run_after=2026-09-09 01:00:00+00:00
[2026-09-15T21:28:12.499+0000] {logging_mixin.py:188} INFO - [2026-09-15T21:28:12.499+0000] {dag.py:3947} INFO - Setting next_dagrun for consume_1_and_2_with_dataset_expressions to None, run_after=None
[2026-09-15T21:28:12.500+0000] {logging_mixin.py:188} INFO - [2026-09-15T21:28:12.500+0000] {dag.py:3947} INFO - Setting next_dagrun for consume_1_or_2_with_dataset_expressions to None, run_after=None
[2026-09-15T21:28:12.502+0000] {logging_mixin.py:188} INFO - [2026-09-15T21:28:12.502+0000] {dag.py:3947} INFO - Setting next_dagrun for consume_1_or_both_2_and_3_with_dataset_expressions to None, run_after=None
[2026-09-15T21:28:12.503+0000] {logging_mixin.py:188} INFO - [2026-09-15T21:28:12.503+0000] {dag.py:3947} INFO - Setting next_dagrun for dataset_consumes_1 to None, run_after=None
[2026-09-15T21:28:12.504+0000] {logging_mixin.py:188} INFO - [2026-09-15T21:28:12.504+0000] {dag.py:3947} INFO - Setting next_dagrun for dataset_consumes_1_and_2 to None, run_after=None
[2026-09-15T21:28:12.506+0000] {logging_mixin.py:188} INFO - [2026-09-15T21:28:12.505+0000] {dag.py:3947} INFO - Setting next_dagrun for dataset_consumes_1_never_scheduled to None, run_after=None
[2026-09-15T21:28:12.507+0000] {logging_mixin.py:188} INFO - [2026-09-15T21:28:12.507+0000] {dag.py:3947} INFO - Setting next_dagrun for dataset_consumes_unknown_never_scheduled to None, run_after=None
[2026-09-15T21:28:12.509+0000] {logging_mixin.py:188} INFO - [2026-09-15T21:28:12.509+0000] {dag.py:3947} INFO - Setting next_dagrun for dataset_produces_1 to 2026-09-14 00:00:00+00:00, run_after=2026-09-15 00:00:00+00:00
[2026-09-15T21:28:12.510+0000] {logging_mixin.py:188} INFO - [2026-09-15T21:28:12.510+0000] {dag.py:3947} INFO - Setting next_dagrun for dataset_produces_2 to None, run_after=None
[2026-09-15T21:28:12.545+0000] {processor.py:183} INFO - Processing /home/airflow/.local/lib/python3.12/site-packages/airflow/example_dags/example_datasets.py took 0.113 seconds
[2026-09-15T21:28:43.346+0000] {processor.py:161} INFO - Started process (PID=3702) to work on /home/airflow/.local/lib/python3.12/site-packages/airflow/example_dags/example_datasets.py
[2026-09-15T21:28:43.347+0000] {processor.py:830} INFO - Processing file /home/airflow/.local/lib/python3.12/site-packages/airflow/example_dags/example_datasets.py for tasks to queue
[2026-09-15T21:28:43.349+0000] {logging_mixin.py:188} INFO - [2026-09-15T21:28:43.349+0000] {dagbag.py:545} INFO - Filling up the DagBag from /home/airflow/.local/lib/python3.12/site-packages/airflow/example_dags/example_datasets.py
[2026-09-15T21:28:43.358+0000] {processor.py:840} INFO - DAG(s) 'dataset_produces_2', 'consume_1_or_2_with_dataset_expressions', 'dataset_consumes_unknown_never_scheduled', 'consume_1_and_2_with_dataset_expressions', 'dataset_consumes_1', 'conditional_dataset_and_time_based_timetable', 'consume_1_or_both_2_and_3_with_dataset_expressions', 'dataset_consumes_1_never_scheduled', 'dataset_produces_1', 'dataset_consumes_1_and_2' retrieved from /home/airflow/.local/lib/python3.12/site-packages/airflow/example_dags/example_datasets.py
[2026-09-15T21:28:43.388+0000] {logging_mixin.py:188} INFO - [2026-09-15T21:28:43.388+0000] {dag.py:3089} INFO - Sync 10 DAGs
[2026-09-15T21:28:43.406+0000] {logging_mixin.py:188} INFO - [2026-09-15T21:28:43.406+0000] {dag.py:3947} INFO - Setting next_dagrun for conditional_dataset_and_time_based_timetable to 2026-09-09 01:00:00+00:00, run_after=2026-09-09 01:00:00+00:00
[2026-09-15T21:28:43.410+0000] {logging_mixin.py:188} INFO - [2026-09-15T21:28:43.410+0000] {dag.py:3947} INFO - Setting next_dagrun for consume_1_and_2_with_dataset_expressions to None, run_after=None
[2026-09-15T21:28:43.412+0000] {logging_mixin.py:188} INFO - [2026-09-15T21:28:43.411+0000] {dag.py:3947} INFO - Setting next_dagrun for consume_1_or_2_with_dataset_expressions to None, run_after=None
[2026-09-15T21:28:43.413+0000] {logging_mixin.py:188} INFO - [2026-09-15T21:28:43.413+0000] {dag.py:3947} INFO - Setting next_dagrun for consume_1_or_both_2_and_3_with_dataset_expressions to None, run_after=None
[2026-09-15T21:28:43.415+0000] {logging_mixin.py:188} INFO - [2026-09-15T21:28:43.415+0000] {dag.py:3947} INFO - Setting next_dagrun for dataset_consumes_1 to None, run_after=None
[2026-09-15T21:28:43.417+0000] {logging_mixin.py:188} INFO - [2026-09-15T21:28:43.416+0000] {dag.py:3947} INFO - Setting next_dagrun for dataset_consumes_1_and_2 to None, run_after=None
[2026-09-15T21:28:43.418+0000] {logging_mixin.py:188} INFO - [2026-09-15T21:28:43.418+0000] {dag.py:3947} INFO - Setting next_dagrun for dataset_consumes_1_never_scheduled to None, run_after=None
[2026-09-15T21:28:43.419+0000] {logging_mixin.py:188} INFO - [2026-09-15T21:28:43.419+0000] {dag.py:3947} INFO - Setting next_dagrun for dataset_consumes_unknown_never_scheduled to None, run_after=None
[2026-09-15T21:28:43.421+0000] {logging_mixin.py:188} INFO - [2026-09-15T21:28:43.421+0000] {dag.py:3947} INFO - Setting next_dagrun for dataset_produces_1 to 2026-09-14 00:00:00+00:00, run_after=2026-09-15 00:00:00+00:00
[2026-09-15T21:28:43.423+0000] {logging_mixin.py:188} INFO - [2026-09-15T21:28:43.423+0000] {dag.py:3947} INFO - Setting next_dagrun for dataset_produces_2 to None, run_after=None
[2026-09-15T21:28:43.449+0000] {processor.py:183} INFO - Processing /home/airflow/.local/lib/python3.12/site-packages/airflow/example_dags/example_datasets.py took 0.107 seconds
[2026-09-15T21:29:13.528+0000] {processor.py:161} INFO - Started process (PID=3964) to work on /home/airflow/.local/lib/python3.12/site-packages/airflow/example_dags/example_datasets.py
[2026-09-15T21:29:13.530+0000] {processor.py:830} INFO - Processing file /home/airflow/.local/lib/python3.12/site-packages/airflow/example_dags/example_datasets.py for tasks to queue
[2026-09-15T21:29:13.531+0000] {logging_mixin.py:188} INFO - [2026-09-15T21:29:13.531+0000] {dagbag.py:545} INFO - Filling up the DagBag from /home/airflow/.local/lib/python3.12/site-packages/airflow/example_dags/example_datasets.py
[2026-09-15T21:29:13.541+0000] {processor.py:840} INFO - DAG(s) 'dataset_consumes_1_never_scheduled', 'dataset_produces_2', 'dataset_consumes_1', 'dataset_consumes_unknown_never_scheduled', 'dataset_produces_1', 'consume_1_or_both_2_and_3_with_dataset_expressions', 'dataset_consumes_1_and_2', 'conditional_dataset_and_time_based_timetable', 'consume_1_and_2_with_dataset_expressions', 'consume_1_or_2_with_dataset_expressions' retrieved from /home/airflow/.local/lib/python3.12/site-packages/airflow/example_dags/example_datasets.py
[2026-09-15T21:29:13.572+0000] {logging_mixin.py:188} INFO - [2026-09-15T21:29:13.572+0000] {dag.py:3089} INFO - Sync 10 DAGs
[2026-09-15T21:29:13.590+0000] {logging_mixin.py:188} INFO - [2026-09-15T21:29:13.589+0000] {dag.py:3947} INFO - Setting next_dagrun for conditional_dataset_and_time_based_timetable to 2026-09-09 01:00:00+00:00, run_after=2026-09-09 01:00:00+00:00
[2026-09-15T21:29:13.594+0000] {logging_mixin.py:188} INFO - [2026-09-15T21:29:13.594+0000] {dag.py:3947} INFO - Setting next_dagrun for consume_1_and_2_with_dataset_expressions to None, run_after=None
[2026-09-15T21:29:13.596+0000] {logging_mixin.py:188} INFO - [2026-09-15T21:29:13.596+0000] {dag.py:3947} INFO - Setting next_dagrun for consume_1_or_2_with_dataset_expressions to None, run_after=None
[2026-09-15T21:29:13.598+0000] {logging_mixin.py:188} INFO - [2026-09-15T21:29:13.598+0000] {dag.py:3947} INFO - Setting next_dagrun for consume_1_or_both_2_and_3_with_dataset_expressions to None, run_after=None
[2026-09-15T21:29:13.600+0000] {logging_mixin.py:188} INFO - [2026-09-15T21:29:13.600+0000] {dag.py:3947} INFO - Setting next_dagrun for dataset_consumes_1 to None, run_after=None
[2026-09-15T21:29:13.603+0000] {logging_mixin.py:188} INFO - [2026-09-15T21:29:13.602+0000] {dag.py:3947} INFO - Setting next_dagrun for dataset_consumes_1_and_2 to None, run_after=None
[2026-09-15T21:29:13.605+0000] {logging_mixin.py:188} INFO - [2026-09-15T21:29:13.604+0000] {dag.py:3947} INFO - Setting next_dagrun for dataset_consumes_1_never_scheduled to None, run_after=None
[2026-09-15T21:29:13.606+0000] {logging_mixin.py:188} INFO - [2026-09-15T21:29:13.606+0000] {dag.py:3947} INFO - Setting next_dagrun for dataset_consumes_unknown_never_scheduled to None, run_after=None
[2026-09-15T21:29:13.609+0000] {logging_mixin.py:188} INFO - [2026-09-15T21:29:13.609+0000] {dag.py:3947} INFO - Setting next_dagrun for dataset_produces_1 to 2026-09-14 00:00:00+00:00, run_after=2026-09-15 00:00:00+00:00
[2026-09-15T21:29:13.611+0000] {logging_mixin.py:188} INFO - [2026-09-15T21:29:13.611+0000] {dag.py:3947} INFO - Setting next_dagrun for dataset_produces_2 to None, run_after=None
[2026-09-15T21:29:13.645+0000] {processor.py:183} INFO - Processing /home/airflow/.local/lib/python3.12/site-packages/airflow/example_dags/example_datasets.py took 0.121 seconds
[2026-09-15T21:29:43.841+0000] {processor.py:161} INFO - Started process (PID=4231) to work on /home/airflow/.local/lib/python3.12/site-packages/airflow/example_dags/example_datasets.py
[2026-09-15T21:29:43.844+0000] {processor.py:830} INFO - Processing file /home/airflow/.local/lib/python3.12/site-packages/airflow/example_dags/example_datasets.py for tasks to queue
[2026-09-15T21:29:43.848+0000] {logging_mixin.py:188} INFO - [2026-09-15T21:29:43.847+0000] {dagbag.py:545} INFO - Filling up the DagBag from /home/airflow/.local/lib/python3.12/site-packages/airflow/example_dags/example_datasets.py
[2026-09-15T21:29:43.868+0000] {processor.py:840} INFO - DAG(s) 'dataset_consumes_1', 'dataset_consumes_unknown_never_scheduled', 'dataset_consumes_1_and_2', 'dataset_produces_1', 'consume_1_or_both_2_and_3_with_dataset_expressions', 'conditional_dataset_and_time_based_timetable', 'consume_1_or_2_with_dataset_expressions', 'dataset_consumes_1_never_scheduled', 'consume_1_and_2_with_dataset_expressions', 'dataset_produces_2' retrieved from /home/airflow/.local/lib/python3.12/site-packages/airflow/example_dags/example_datasets.py
[2026-09-15T21:29:43.916+0000] {logging_mixin.py:188} INFO - [2026-09-15T21:29:43.915+0000] {dag.py:3089} INFO - Sync 10 DAGs
[2026-09-15T21:29:43.937+0000] {logging_mixin.py:188} INFO - [2026-09-15T21:29:43.937+0000] {dag.py:3947} INFO - Setting next_dagrun for conditional_dataset_and_time_based_timetable to 2026-09-09 01:00:00+00:00, run_after=2026-09-09 01:00:00+00:00
[2026-09-15T21:29:43.941+0000] {logging_mixin.py:188} INFO - [2026-09-15T21:29:43.941+0000] {dag.py:3947} INFO - Setting next_dagrun for consume_1_and_2_with_dataset_expressions to None, run_after=None
[2026-09-15T21:29:43.943+0000] {logging_mixin.py:188} INFO - [2026-09-15T21:29:43.942+0000] {dag.py:3947} INFO - Setting next_dagrun for consume_1_or_2_with_dataset_expressions to None, run_after=None
[2026-09-15T21:29:43.944+0000] {logging_mixin.py:188} INFO - [2026-09-15T21:29:43.944+0000] {dag.py:3947} INFO - Setting next_dagrun for consume_1_or_both_2_and_3_with_dataset_expressions to None, run_after=None
[2026-09-15T21:29:43.946+0000] {logging_mixin.py:188} INFO - [2026-09-15T21:29:43.946+0000] {dag.py:3947} INFO - Setting next_dagrun for dataset_consumes_1 to None, run_after=None
[2026-09-15T21:29:43.947+0000] {logging_mixin.py:188} INFO - [2026-09-15T21:29:43.947+0000] {dag.py:3947} INFO - Setting next_dagrun for dataset_consumes_1_and_2 to None, run_after=None
[2026-09-15T21:29:43.948+0000] {logging_mixin.py:188} INFO - [2026-09-15T21:29:43.948+0000] {dag.py:3947} INFO - Setting next_dagrun for dataset_consumes_1_never_scheduled to None, run_after=None
[2026-09-15T21:29:43.949+0000] {logging_mixin.py:188} INFO - [2026-09-15T21:29:43.949+0000] {dag.py:3947} INFO - Setting next_dagrun for dataset_consumes_unknown_never_scheduled to None, run_after=None
[2026-09-15T21:29:43.951+0000] {logging_mixin.py:188} INFO - [2026-09-15T21:29:43.951+0000] {dag.py:3947} INFO - Setting next_dagrun for dataset_produces_1 to 2026-09-14 00:00:00+00:00, run_after=2026-09-15 00:00:00+00:00
[2026-09-15T21:29:43.953+0000] {logging_mixin.py:188} INFO - [2026-09-15T21:29:43.953+0000] {dag.py:3947} INFO - Setting next_dagrun for dataset_produces_2 to None, run_after=None
[2026-09-15T21:29:43.982+0000] {processor.py:183} INFO - Processing /home/airflow/.local/lib/python3.12/site-packages/airflow/example_dags/example_datasets.py took 0.149 seconds
[2026-09-15T21:30:14.152+0000] {processor.py:161} INFO - Started process (PID=4498) to work on /home/airflow/.local/lib/python3.12/site-packages/airflow/example_dags/example_datasets.py
[2026-09-15T21:30:14.153+0000] {processor.py:830} INFO - Processing file /home/airflow/.local/lib/python3.12/site-packages/airflow/example_dags/example_datasets.py for tasks to queue
[2026-09-15T21:30:14.155+0000] {logging_mixin.py:188} INFO - [2026-09-15T21:30:14.155+0000] {dagbag.py:545} INFO - Filling up the DagBag from /home/airflow/.local/lib/python3.12/site-packages/airflow/example_dags/example_datasets.py
[2026-09-15T21:30:14.165+0000] {processor.py:840} INFO - DAG(s) 'dataset_produces_1', 'dataset_consumes_unknown_never_scheduled', 'consume_1_or_both_2_and_3_with_dataset_expressions', 'conditional_dataset_and_time_based_timetable', 'dataset_produces_2', 'consume_1_and_2_with_dataset_expressions', 'dataset_consumes_1_never_scheduled', 'consume_1_or_2_with_dataset_expressions', 'dataset_consumes_1_and_2', 'dataset_consumes_1' retrieved from /home/airflow/.local/lib/python3.12/site-packages/airflow/example_dags/example_datasets.py
[2026-09-15T21:30:14.204+0000] {logging_mixin.py:188} INFO - [2026-09-15T21:30:14.203+0000] {dag.py:3089} INFO - Sync 10 DAGs
[2026-09-15T21:30:14.223+0000] {logging_mixin.py:188} INFO - [2026-09-15T21:30:14.223+0000] {dag.py:3947} INFO - Setting next_dagrun for conditional_dataset_and_time_based_timetable to 2026-09-09 01:00:00+00:00, run_after=2026-09-09 01:00:00+00:00
[2026-09-15T21:30:14.227+0000] {logging_mixin.py:188} INFO - [2026-09-15T21:30:14.227+0000] {dag.py:3947} INFO - Setting next_dagrun for consume_1_and_2_with_dataset_expressions to None, run_after=None
[2026-09-15T21:30:14.229+0000] {logging_mixin.py:188} INFO - [2026-09-15T21:30:14.229+0000] {dag.py:3947} INFO - Setting next_dagrun for consume_1_or_2_with_dataset_expressions to None, run_after=None
[2026-09-15T21:30:14.231+0000] {logging_mixin.py:188} INFO - [2026-09-15T21:30:14.231+0000] {dag.py:3947} INFO - Setting next_dagrun for consume_1_or_both_2_and_3_with_dataset_expressions to None, run_after=None
[2026-09-15T21:30:14.233+0000] {logging_mixin.py:188} INFO - [2026-09-15T21:30:14.232+0000] {dag.py:3947} INFO - Setting next_dagrun for dataset_consumes_1 to None, run_after=None
[2026-09-15T21:30:14.234+0000] {logging_mixin.py:188} INFO - [2026-09-15T21:30:14.234+0000] {dag.py:3947} INFO - Setting next_dagrun for dataset_consumes_1_and_2 to None, run_after=None
[2026-09-15T21:30:14.236+0000] {logging_mixin.py:188} INFO - [2026-09-15T21:30:14.236+0000] {dag.py:3947} INFO - Setting next_dagrun for dataset_consumes_1_never_scheduled to None, run_after=None
[2026-09-15T21:30:14.238+0000] {logging_mixin.py:188} INFO - [2026-09-15T21:30:14.237+0000] {dag.py:3947} INFO - Setting next_dagrun for dataset_consumes_unknown_never_scheduled to None, run_after=None
[2026-09-15T21:30:14.240+0000] {logging_mixin.py:188} INFO - [2026-09-15T21:30:14.240+0000] {dag.py:3947} INFO - Setting next_dagrun for dataset_produces_1 to 2026-09-14 00:00:00+00:00, run_after=2026-09-15 00:00:00+00:00
[2026-09-15T21:30:14.241+0000] {logging_mixin.py:188} INFO - [2026-09-15T21:30:14.241+0000] {dag.py:3947} INFO - Setting next_dagrun for dataset_produces_2 to None, run_after=None
[2026-09-15T21:30:14.270+0000] {processor.py:183} INFO - Processing /home/airflow/.local/lib/python3.12/site-packages/airflow/example_dags/example_datasets.py took 0.123 seconds
[2026-09-15T21:30:44.988+0000] {processor.py:161} INFO - Started process (PID=4758) to work on /home/airflow/.local/lib/python3.12/site-packages/airflow/example_dags/example_datasets.py
[2026-09-15T21:30:44.989+0000] {processor.py:830} INFO - Processing file /home/airflow/.local/lib/python3.12/site-packages/airflow/example_dags/example_datasets.py for tasks to queue
[2026-09-15T21:30:44.990+0000] {logging_mixin.py:188} INFO - [2026-09-15T21:30:44.990+0000] {dagbag.py:545} INFO - Filling up the DagBag from /home/airflow/.local/lib/python3.12/site-packages/airflow/example_dags/example_datasets.py
[2026-09-15T21:30:45.000+0000] {processor.py:840} INFO - DAG(s) 'consume_1_or_both_2_and_3_with_dataset_expressions', 'dataset_consumes_unknown_never_scheduled', 'conditional_dataset_and_time_based_timetable', 'consume_1_and_2_with_dataset_expressions', 'dataset_produces_1', 'dataset_consumes_1_never_scheduled', 'dataset_consumes_1_and_2', 'dataset_consumes_1', 'dataset_produces_2', 'consume_1_or_2_with_dataset_expressions' retrieved from /home/airflow/.local/lib/python3.12/site-packages/airflow/example_dags/example_datasets.py
[2026-09-15T21:30:45.033+0000] {logging_mixin.py:188} INFO - [2026-09-15T21:30:45.033+0000] {dag.py:3089} INFO - Sync 10 DAGs
[2026-09-15T21:30:45.050+0000] {logging_mixin.py:188} INFO - [2026-09-15T21:30:45.049+0000] {dag.py:3947} INFO - Setting next_dagrun for conditional_dataset_and_time_based_timetable to 2026-09-09 01:00:00+00:00, run_after=2026-09-09 01:00:00+00:00
[2026-09-15T21:30:45.053+0000] {logging_mixin.py:188} INFO - [2026-09-15T21:30:45.053+0000] {dag.py:3947} INFO - Setting next_dagrun for consume_1_and_2_with_dataset_expressions to None, run_after=None
[2026-09-15T21:30:45.054+0000] {logging_mixin.py:188} INFO - [2026-09-15T21:30:45.054+0000] {dag.py:3947} INFO - Setting next_dagrun for consume_1_or_2_with_dataset_expressions to None, run_after=None
[2026-09-15T21:30:45.055+0000] {logging_mixin.py:188} INFO - [2026-09-15T21:30:45.055+0000] {dag.py:3947} INFO - Setting next_dagrun for consume_1_or_both_2_and_3_with_dataset_expressions to None, run_after=None
[2026-09-15T21:30:45.057+0000] {logging_mixin.py:188} INFO - [2026-09-15T21:30:45.057+0000] {dag.py:3947} INFO - Setting next_dagrun for dataset_consumes_1 to None, run_after=None
[2026-09-15T21:30:45.058+0000] {logging_mixin.py:188} INFO - [2026-09-15T21:30:45.058+0000] {dag.py:3947} INFO - Setting next_dagrun for dataset_consumes_1_and_2 to None, run_after=None
[2026-09-15T21:30:45.059+0000] {logging_mixin.py:188} INFO - [2026-09-15T21:30:45.059+0000] {dag.py:3947} INFO - Setting next_dagrun for dataset_consumes_1_never_scheduled to None, run_after=None
[2026-09-15T21:30:45.060+0000] {logging_mixin.py:188} INFO - [2026-09-15T21:30:45.060+0000] {dag.py:3947} INFO - Setting next_dagrun for dataset_consumes_unknown_never_scheduled to None, run_after=None
[2026-09-15T21:30:45.062+0000] {logging_mixin.py:188} INFO - [2026-09-15T21:30:45.062+0000] {dag.py:3947} INFO - Setting next_dagrun for dataset_produces_1 to 2026-09-14 00:00:00+00:00, run_after=2026-09-15 00:00:00+00:00
[2026-09-15T21:30:45.063+0000] {logging_mixin.py:188} INFO - [2026-09-15T21:30:45.063+0000] {dag.py:3947} INFO - Setting next_dagrun for dataset_produces_2 to None, run_after=None
[2026-09-15T21:30:45.088+0000] {processor.py:183} INFO - Processing /home/airflow/.local/lib/python3.12/site-packages/airflow/example_dags/example_datasets.py took 0.105 seconds
[2026-09-15T21:31:15.512+0000] {processor.py:161} INFO - Started process (PID=5020) to work on /home/airflow/.local/lib/python3.12/site-packages/airflow/example_dags/example_datasets.py
[2026-09-15T21:31:15.513+0000] {processor.py:830} INFO - Processing file /home/airflow/.local/lib/python3.12/site-packages/airflow/example_dags/example_datasets.py for tasks to queue
[2026-09-15T21:31:15.514+0000] {logging_mixin.py:188} INFO - [2026-09-15T21:31:15.514+0000] {dagbag.py:545} INFO - Filling up the DagBag from /home/airflow/.local/lib/python3.12/site-packages/airflow/example_dags/example_datasets.py
[2026-09-15T21:31:15.524+0000] {processor.py:840} INFO - DAG(s) 'dataset_consumes_1_never_scheduled', 'consume_1_or_2_with_dataset_expressions', 'dataset_produces_2', 'dataset_consumes_unknown_never_scheduled', 'consume_1_or_both_2_and_3_with_dataset_expressions', 'dataset_produces_1', 'dataset_consumes_1_and_2', 'conditional_dataset_and_time_based_timetable', 'dataset_consumes_1', 'consume_1_and_2_with_dataset_expressions' retrieved from /home/airflow/.local/lib/python3.12/site-packages/airflow/example_dags/example_datasets.py
[2026-09-15T21:31:15.557+0000] {logging_mixin.py:188} INFO - [2026-09-15T21:31:15.557+0000] {dag.py:3089} INFO - Sync 10 DAGs
[2026-09-15T21:31:15.575+0000] {logging_mixin.py:188} INFO - [2026-09-15T21:31:15.575+0000] {dag.py:3947} INFO - Setting next_dagrun for conditional_dataset_and_time_based_timetable to 2026-09-09 01:00:00+00:00, run_after=2026-09-09 01:00:00+00:00
[2026-09-15T21:31:15.578+0000] {logging_mixin.py:188} INFO - [2026-09-15T21:31:15.578+0000] {dag.py:3947} INFO - Setting next_dagrun for consume_1_and_2_with_dataset_expressions to None, run_after=None
[2026-09-15T21:31:15.580+0000] {logging_mixin.py:188} INFO - [2026-09-15T21:31:15.580+0000] {dag.py:3947} INFO - Setting next_dagrun for consume_1_or_2_with_dataset_expressions to None, run_after=None
[2026-09-15T21:31:15.581+0000] {logging_mixin.py:188} INFO - [2026-09-15T21:31:15.581+0000] {dag.py:3947} INFO - Setting next_dagrun for consume_1_or_both_2_and_3_with_dataset_expressions to None, run_after=None
[2026-09-15T21:31:15.582+0000] {logging_mixin.py:188} INFO - [2026-09-15T21:31:15.582+0000] {dag.py:3947} INFO - Setting next_dagrun for dataset_consumes_1 to None, run_after=None
[2026-09-15T21:31:15.583+0000] {logging_mixin.py:188} INFO - [2026-09-15T21:31:15.583+0000] {dag.py:3947} INFO - Setting next_dagrun for dataset_consumes_1_and_2 to None, run_after=None
[2026-09-15T21:31:15.584+0000] {logging_mixin.py:188} INFO - [2026-09-15T21:31:15.584+0000] {dag.py:3947} INFO - Setting next_dagrun for dataset_consumes_1_never_scheduled to None, run_after=None
[2026-09-15T21:31:15.585+0000] {logging_mixin.py:188} INFO - [2026-09-15T21:31:15.585+0000] {dag.py:3947} INFO - Setting next_dagrun for dataset_consumes_unknown_never_scheduled to None, run_after=None
[2026-09-15T21:31:15.587+0000] {logging_mixin.py:188} INFO - [2026-09-15T21:31:15.587+0000] {dag.py:3947} INFO - Setting next_dagrun for dataset_produces_1 to 2026-09-14 00:00:00+00:00, run_after=2026-09-15 00:00:00+00:00
[2026-09-15T21:31:15.589+0000] {logging_mixin.py:188} INFO - [2026-09-15T21:31:15.588+0000] {dag.py:3947} INFO - Setting next_dagrun for dataset_produces_2 to None, run_after=None
[2026-09-15T21:31:15.613+0000] {processor.py:183} INFO - Processing /home/airflow/.local/lib/python3.12/site-packages/airflow/example_dags/example_datasets.py took 0.105 seconds
[2026-09-15T21:31:46.289+0000] {processor.py:161} INFO - Started process (PID=5282) to work on /home/airflow/.local/lib/python3.12/site-packages/airflow/example_dags/example_datasets.py
[2026-09-15T21:31:46.290+0000] {processor.py:830} INFO - Processing file /home/airflow/.local/lib/python3.12/site-packages/airflow/example_dags/example_datasets.py for tasks to queue
[2026-09-15T21:31:46.292+0000] {logging_mixin.py:188} INFO - [2026-09-15T21:31:46.291+0000] {dagbag.py:545} INFO - Filling up the DagBag from /home/airflow/.local/lib/python3.12/site-packages/airflow/example_dags/example_datasets.py
[2026-09-15T21:31:46.301+0000] {processor.py:840} INFO - DAG(s) 'dataset_consumes_1_never_scheduled', 'dataset_produces_1', 'dataset_consumes_unknown_never_scheduled', 'consume_1_and_2_with_dataset_expressions', 'consume_1_or_2_with_dataset_expressions', 'dataset_produces_2', 'consume_1_or_both_2_and_3_with_dataset_expressions', 'dataset_consumes_1', 'dataset_consumes_1_and_2', 'conditional_dataset_and_time_based_timetable' retrieved from /home/airflow/.local/lib/python3.12/site-packages/airflow/example_dags/example_datasets.py
[2026-09-15T21:31:46.336+0000] {logging_mixin.py:188} INFO - [2026-09-15T21:31:46.336+0000] {dag.py:3089} INFO - Sync 10 DAGs
[2026-09-15T21:31:46.354+0000] {logging_mixin.py:188} INFO - [2026-09-15T21:31:46.354+0000] {dag.py:3947} INFO - Setting next_dagrun for conditional_dataset_and_time_based_timetable to 2026-09-09 01:00:00+00:00, run_after=2026-09-09 01:00:00+00:00
[2026-09-15T21:31:46.358+0000] {logging_mixin.py:188} INFO - [2026-09-15T21:31:46.358+0000] {dag.py:3947} INFO - Setting next_dagrun for consume_1_and_2_with_dataset_expressions to None, run_after=None
[2026-09-15T21:31:46.360+0000] {logging_mixin.py:188} INFO - [2026-09-15T21:31:46.360+0000] {dag.py:3947} INFO - Setting next_dagrun for consume_1_or_2_with_dataset_expressions to None, run_after=None
[2026-09-15T21:31:46.361+0000] {logging_mixin.py:188} INFO - [2026-09-15T21:31:46.361+0000] {dag.py:3947} INFO - Setting next_dagrun for consume_1_or_both_2_and_3_with_dataset_expressions to None, run_after=None
[2026-09-15T21:31:46.362+0000] {logging_mixin.py:188} INFO - [2026-09-15T21:31:46.362+0000] {dag.py:3947} INFO - Setting next_dagrun for dataset_consumes_1 to None, run_after=None
[2026-09-15T21:31:46.363+0000] {logging_mixin.py:188} INFO - [2026-09-15T21:31:46.363+0000] {dag.py:3947} INFO - Setting next_dagrun for dataset_consumes_1_and_2 to None, run_after=None
[2026-09-15T21:31:46.364+0000] {logging_mixin.py:188} INFO - [2026-09-15T21:31:46.364+0000] {dag.py:3947} INFO - Setting next_dagrun for dataset_consumes_1_never_scheduled to None, run_after=None
[2026-09-15T21:31:46.366+0000] {logging_mixin.py:188} INFO - [2026-09-15T21:31:46.365+0000] {dag.py:3947} INFO - Setting next_dagrun for dataset_consumes_unknown_never_scheduled to None, run_after=None
[2026-09-15T21:31:46.367+0000] {logging_mixin.py:188} INFO - [2026-09-15T21:31:46.367+0000] {dag.py:3947} INFO - Setting next_dagrun for dataset_produces_1 to 2026-09-14 00:00:00+00:00, run_after=2026-09-15 00:00:00+00:00
[2026-09-15T21:31:46.368+0000] {logging_mixin.py:188} INFO - [2026-09-15T21:31:46.368+0000] {dag.py:3947} INFO - Setting next_dagrun for dataset_produces_2 to None, run_after=None
[2026-09-15T21:31:46.394+0000] {processor.py:183} INFO - Processing /home/airflow/.local/lib/python3.12/site-packages/airflow/example_dags/example_datasets.py took 0.109 seconds
[2026-09-15T21:32:17.088+0000] {processor.py:161} INFO - Started process (PID=5544) to work on /home/airflow/.local/lib/python3.12/site-packages/airflow/example_dags/example_datasets.py
[2026-09-15T21:32:17.089+0000] {processor.py:830} INFO - Processing file /home/airflow/.local/lib/python3.12/site-packages/airflow/example_dags/example_datasets.py for tasks to queue
[2026-09-15T21:32:17.092+0000] {logging_mixin.py:188} INFO - [2026-09-15T21:32:17.092+0000] {dagbag.py:545} INFO - Filling up the DagBag from /home/airflow/.local/lib/python3.12/site-packages/airflow/example_dags/example_datasets.py
[2026-09-15T21:32:17.106+0000] {processor.py:840} INFO - DAG(s) 'dataset_consumes_1_and_2', 'conditional_dataset_and_time_based_timetable', 'consume_1_and_2_with_dataset_expressions', 'dataset_produces_1', 'dataset_consumes_unknown_never_scheduled', 'dataset_produces_2', 'dataset_consumes_1', 'dataset_consumes_1_never_scheduled', 'consume_1_or_2_with_dataset_expressions', 'consume_1_or_both_2_and_3_with_dataset_expressions' retrieved from /home/airflow/.local/lib/python3.12/site-packages/airflow/example_dags/example_datasets.py
[2026-09-15T21:32:17.148+0000] {logging_mixin.py:188} INFO - [2026-09-15T21:32:17.148+0000] {dag.py:3089} INFO - Sync 10 DAGs
[2026-09-15T21:32:17.169+0000] {logging_mixin.py:188} INFO - [2026-09-15T21:32:17.169+0000] {dag.py:3947} INFO - Setting next_dagrun for conditional_dataset_and_time_based_timetable to 2026-09-09 01:00:00+00:00, run_after=2026-09-09 01:00:00+00:00
[2026-09-15T21:32:17.172+0000] {logging_mixin.py:188} INFO - [2026-09-15T21:32:17.172+0000] {dag.py:3947} INFO - Setting next_dagrun for consume_1_and_2_with_dataset_expressions to None, run_after=None
[2026-09-15T21:32:17.174+0000] {logging_mixin.py:188} INFO - [2026-09-15T21:32:17.174+0000] {dag.py:3947} INFO - Setting next_dagrun for consume_1_or_2_with_dataset_expressions to None, run_after=None
[2026-09-15T21:32:17.176+0000] {logging_mixin.py:188} INFO - [2026-09-15T21:32:17.176+0000] {dag.py:3947} INFO - Setting next_dagrun for consume_1_or_both_2_and_3_with_dataset_expressions to None, run_after=None
[2026-09-15T21:32:17.178+0000] {logging_mixin.py:188} INFO - [2026-09-15T21:32:17.178+0000] {dag.py:3947} INFO - Setting next_dagrun for dataset_consumes_1 to None, run_after=None
[2026-09-15T21:32:17.179+0000] {logging_mixin.py:188} INFO - [2026-09-15T21:32:17.179+0000] {dag.py:3947} INFO - Setting next_dagrun for dataset_consumes_1_and_2 to None, run_after=None
[2026-09-15T21:32:17.180+0000] {logging_mixin.py:188} INFO - [2026-09-15T21:32:17.180+0000] {dag.py:3947} INFO - Setting next_dagrun for dataset_consumes_1_never_scheduled to None, run_after=None
[2026-09-15T21:32:17.182+0000] {logging_mixin.py:188} INFO - [2026-09-15T21:32:17.182+0000] {dag.py:3947} INFO - Setting next_dagrun for dataset_consumes_unknown_never_scheduled to None, run_after=None
[2026-09-15T21:32:17.183+0000] {logging_mixin.py:188} INFO - [2026-09-15T21:32:17.183+0000] {dag.py:3947} INFO - Setting next_dagrun for dataset_produces_1 to 2026-09-14 00:00:00+00:00, run_after=2026-09-15 00:00:00+00:00
[2026-09-15T21:32:17.185+0000] {logging_mixin.py:188} INFO - [2026-09-15T21:32:17.184+0000] {dag.py:3947} INFO - Setting next_dagrun for dataset_produces_2 to None, run_after=None
[2026-09-15T21:32:17.214+0000] {processor.py:183} INFO - Processing /home/airflow/.local/lib/python3.12/site-packages/airflow/example_dags/example_datasets.py took 0.131 seconds
[2026-09-15T21:32:47.611+0000] {processor.py:161} INFO - Started process (PID=5808) to work on /home/airflow/.local/lib/python3.12/site-packages/airflow/example_dags/example_datasets.py
[2026-09-15T21:32:47.613+0000] {processor.py:830} INFO - Processing file /home/airflow/.local/lib/python3.12/site-packages/airflow/example_dags/example_datasets.py for tasks to queue
[2026-09-15T21:32:47.614+0000] {logging_mixin.py:188} INFO - [2026-09-15T21:32:47.614+0000] {dagbag.py:545} INFO - Filling up the DagBag from /home/airflow/.local/lib/python3.12/site-packages/airflow/example_dags/example_datasets.py
[2026-09-15T21:32:47.623+0000] {processor.py:840} INFO - DAG(s) 'dataset_produces_1', 'conditional_dataset_and_time_based_timetable', 'dataset_consumes_1', 'consume_1_and_2_with_dataset_expressions', 'dataset_consumes_unknown_never_scheduled', 'consume_1_or_2_with_dataset_expressions', 'dataset_consumes_1_never_scheduled', 'dataset_produces_2', 'dataset_consumes_1_and_2', 'consume_1_or_both_2_and_3_with_dataset_expressions' retrieved from /home/airflow/.local/lib/python3.12/site-packages/airflow/example_dags/example_datasets.py
[2026-09-15T21:32:47.657+0000] {logging_mixin.py:188} INFO - [2026-09-15T21:32:47.657+0000] {dag.py:3089} INFO - Sync 10 DAGs
[2026-09-15T21:32:47.675+0000] {logging_mixin.py:188} INFO - [2026-09-15T21:32:47.675+0000] {dag.py:3947} INFO - Setting next_dagrun for conditional_dataset_and_time_based_timetable to 2026-09-09 01:00:00+00:00, run_after=2026-09-09 01:00:00+00:00
[2026-09-15T21:32:47.679+0000] {logging_mixin.py:188} INFO - [2026-09-15T21:32:47.679+0000] {dag.py:3947} INFO - Setting next_dagrun for consume_1_and_2_with_dataset_expressions to None, run_after=None
[2026-09-15T21:32:47.681+0000] {logging_mixin.py:188} INFO - [2026-09-15T21:32:47.680+0000] {dag.py:3947} INFO - Setting next_dagrun for consume_1_or_2_with_dataset_expressions to None, run_after=None
[2026-09-15T21:32:47.682+0000] {logging_mixin.py:188} INFO - [2026-09-15T21:32:47.682+0000] {dag.py:3947} INFO - Setting next_dagrun for consume_1_or_both_2_and_3_with_dataset_expressions to None, run_after=None
[2026-09-15T21:32:47.683+0000] {logging_mixin.py:188} INFO - [2026-09-15T21:32:47.683+0000] {dag.py:3947} INFO - Setting next_dagrun for dataset_consumes_1 to None, run_after=None
[2026-09-15T21:32:47.684+0000] {logging_mixin.py:188} INFO - [2026-09-15T21:32:47.684+0000] {dag.py:3947} INFO - Setting next_dagrun for dataset_consumes_1_and_2 to None, run_after=None
[2026-09-15T21:32:47.685+0000] {logging_mixin.py:188} INFO - [2026-09-15T21:32:47.685+0000] {dag.py:3947} INFO - Setting next_dagrun for dataset_consumes_1_never_scheduled to None, run_after=None
[2026-09-15T21:32:47.686+0000] {logging_mixin.py:188} INFO - [2026-09-15T21:32:47.686+0000] {dag.py:3947} INFO - Setting next_dagrun for dataset_consumes_unknown_never_scheduled to None, run_after=None
[2026-09-15T21:32:47.688+0000] {logging_mixin.py:188} INFO - [2026-09-15T21:32:47.688+0000] {dag.py:3947} INFO - Setting next_dagrun for dataset_produces_1 to 2026-09-14 00:00:00+00:00, run_after=2026-09-15 00:00:00+00:00
[2026-09-15T21:32:47.690+0000] {logging_mixin.py:188} INFO - [2026-09-15T21:32:47.689+0000] {dag.py:3947} INFO - Setting next_dagrun for dataset_produces_2 to None, run_after=None
[2026-09-15T21:32:47.713+0000] {processor.py:183} INFO - Processing /home/airflow/.local/lib/python3.12/site-packages/airflow/example_dags/example_datasets.py took 0.106 seconds
[2026-09-15T21:33:18.412+0000] {processor.py:161} INFO - Started process (PID=6068) to work on /home/airflow/.local/lib/python3.12/site-packages/airflow/example_dags/example_datasets.py
[2026-09-15T21:33:18.413+0000] {processor.py:830} INFO - Processing file /home/airflow/.local/lib/python3.12/site-packages/airflow/example_dags/example_datasets.py for tasks to queue
[2026-09-15T21:33:18.415+0000] {logging_mixin.py:188} INFO - [2026-09-15T21:33:18.415+0000] {dagbag.py:545} INFO - Filling up the DagBag from /home/airflow/.local/lib/python3.12/site-packages/airflow/example_dags/example_datasets.py
[2026-09-15T21:33:18.425+0000] {processor.py:840} INFO - DAG(s) 'dataset_consumes_1_never_scheduled', 'dataset_consumes_unknown_never_scheduled', 'dataset_produces_1', 'consume_1_and_2_with_dataset_expressions', 'consume_1_or_both_2_and_3_with_dataset_expressions', 'conditional_dataset_and_time_based_timetable', 'dataset_consumes_1', 'dataset_consumes_1_and_2', 'dataset_produces_2', 'consume_1_or_2_with_dataset_expressions' retrieved from /home/airflow/.local/lib/python3.12/site-packages/airflow/example_dags/example_datasets.py
[2026-09-15T21:33:18.458+0000] {logging_mixin.py:188} INFO - [2026-09-15T21:33:18.458+0000] {dag.py:3089} INFO - Sync 10 DAGs
[2026-09-15T21:33:18.478+0000] {logging_mixin.py:188} INFO - [2026-09-15T21:33:18.478+0000] {dag.py:3947} INFO - Setting next_dagrun for conditional_dataset_and_time_based_timetable to 2026-09-09 01:00:00+00:00, run_after=2026-09-09 01:00:00+00:00
[2026-09-15T21:33:18.482+0000] {logging_mixin.py:188} INFO - [2026-09-15T21:33:18.482+0000] {dag.py:3947} INFO - Setting next_dagrun for consume_1_and_2_with_dataset_expressions to None, run_after=None
[2026-09-15T21:33:18.484+0000] {logging_mixin.py:188} INFO - [2026-09-15T21:33:18.483+0000] {dag.py:3947} INFO - Setting next_dagrun for consume_1_or_2_with_dataset_expressions to None, run_after=None
[2026-09-15T21:33:18.485+0000] {logging_mixin.py:188} INFO - [2026-09-15T21:33:18.485+0000] {dag.py:3947} INFO - Setting next_dagrun for consume_1_or_both_2_and_3_with_dataset_expressions to None, run_after=None
[2026-09-15T21:33:18.486+0000] {logging_mixin.py:188} INFO - [2026-09-15T21:33:18.486+0000] {dag.py:3947} INFO - Setting next_dagrun for dataset_consumes_1 to None, run_after=None
[2026-09-15T21:33:18.487+0000] {logging_mixin.py:188} INFO - [2026-09-15T21:33:18.487+0000] {dag.py:3947} INFO - Setting next_dagrun for dataset_consumes_1_and_2 to None, run_after=None
[2026-09-15T21:33:18.489+0000] {logging_mixin.py:188} INFO - [2026-09-15T21:33:18.489+0000] {dag.py:3947} INFO - Setting next_dagrun for dataset_consumes_1_never_scheduled to None, run_after=None
[2026-09-15T21:33:18.491+0000] {logging_mixin.py:188} INFO - [2026-09-15T21:33:18.490+0000] {dag.py:3947} INFO - Setting next_dagrun for dataset_consumes_unknown_never_scheduled to None, run_after=None
[2026-09-15T21:33:18.493+0000] {logging_mixin.py:188} INFO - [2026-09-15T21:33:18.493+0000] {dag.py:3947} INFO - Setting next_dagrun for dataset_produces_1 to 2026-09-14 00:00:00+00:00, run_after=2026-09-15 00:00:00+00:00
[2026-09-15T21:33:18.495+0000] {logging_mixin.py:188} INFO - [2026-09-15T21:33:18.495+0000] {dag.py:3947} INFO - Setting next_dagrun for dataset_produces_2 to None, run_after=None
[2026-09-15T21:33:18.520+0000] {processor.py:183} INFO - Processing /home/airflow/.local/lib/python3.12/site-packages/airflow/example_dags/example_datasets.py took 0.113 seconds
[2026-09-15T21:33:48.615+0000] {processor.py:161} INFO - Started process (PID=6331) to work on /home/airflow/.local/lib/python3.12/site-packages/airflow/example_dags/example_datasets.py
[2026-09-15T21:33:48.616+0000] {processor.py:830} INFO - Processing file /home/airflow/.local/lib/python3.12/site-packages/airflow/example_dags/example_datasets.py for tasks to queue
[2026-09-15T21:33:48.619+0000] {logging_mixin.py:188} INFO - [2026-09-15T21:33:48.618+0000] {dagbag.py:545} INFO - Filling up the DagBag from /home/airflow/.local/lib/python3.12/site-packages/airflow/example_dags/example_datasets.py
[2026-09-15T21:33:48.629+0000] {processor.py:840} INFO - DAG(s) 'consume_1_or_2_with_dataset_expressions', 'consume_1_and_2_with_dataset_expressions', 'dataset_consumes_1_and_2', 'dataset_consumes_1', 'dataset_produces_2', 'dataset_consumes_1_never_scheduled', 'consume_1_or_both_2_and_3_with_dataset_expressions', 'dataset_consumes_unknown_never_scheduled', 'conditional_dataset_and_time_based_timetable', 'dataset_produces_1' retrieved from /home/airflow/.local/lib/python3.12/site-packages/airflow/example_dags/example_datasets.py
[2026-09-15T21:33:48.667+0000] {logging_mixin.py:188} INFO - [2026-09-15T21:33:48.667+0000] {dag.py:3089} INFO - Sync 10 DAGs
[2026-09-15T21:33:48.686+0000] {logging_mixin.py:188} INFO - [2026-09-15T21:33:48.686+0000] {dag.py:3947} INFO - Setting next_dagrun for conditional_dataset_and_time_based_timetable to 2026-09-09 01:00:00+00:00, run_after=2026-09-09 01:00:00+00:00
[2026-09-15T21:33:48.691+0000] {logging_mixin.py:188} INFO - [2026-09-15T21:33:48.691+0000] {dag.py:3947} INFO - Setting next_dagrun for consume_1_and_2_with_dataset_expressions to None, run_after=None
[2026-09-15T21:33:48.693+0000] {logging_mixin.py:188} INFO - [2026-09-15T21:33:48.692+0000] {dag.py:3947} INFO - Setting next_dagrun for consume_1_or_2_with_dataset_expressions to None, run_after=None
[2026-09-15T21:33:48.694+0000] {logging_mixin.py:188} INFO - [2026-09-15T21:33:48.694+0000] {dag.py:3947} INFO - Setting next_dagrun for consume_1_or_both_2_and_3_with_dataset_expressions to None, run_after=None
[2026-09-15T21:33:48.696+0000] {logging_mixin.py:188} INFO - [2026-09-15T21:33:48.696+0000] {dag.py:3947} INFO - Setting next_dagrun for dataset_consumes_1 to None, run_after=None
[2026-09-15T21:33:48.698+0000] {logging_mixin.py:188} INFO - [2026-09-15T21:33:48.698+0000] {dag.py:3947} INFO - Setting next_dagrun for dataset_consumes_1_and_2 to None, run_after=None
[2026-09-15T21:33:48.700+0000] {logging_mixin.py:188} INFO - [2026-09-15T21:33:48.700+0000] {dag.py:3947} INFO - Setting next_dagrun for dataset_consumes_1_never_scheduled to None, run_after=None
[2026-09-15T21:33:48.702+0000] {logging_mixin.py:188} INFO - [2026-09-15T21:33:48.702+0000] {dag.py:3947} INFO - Setting next_dagrun for dataset_consumes_unknown_never_scheduled to None, run_after=None
[2026-09-15T21:33:48.704+0000] {logging_mixin.py:188} INFO - [2026-09-15T21:33:48.704+0000] {dag.py:3947} INFO - Setting next_dagrun for dataset_produces_1 to 2026-09-14 00:00:00+00:00, run_after=2026-09-15 00:00:00+00:00
[2026-09-15T21:33:48.705+0000] {logging_mixin.py:188} INFO - [2026-09-15T21:33:48.705+0000] {dag.py:3947} INFO - Setting next_dagrun for dataset_produces_2 to None, run_after=None
[2026-09-15T21:33:48.734+0000] {processor.py:183} INFO - Processing /home/airflow/.local/lib/python3.12/site-packages/airflow/example_dags/example_datasets.py took 0.124 seconds
[2026-09-15T21:34:18.894+0000] {processor.py:161} INFO - Started process (PID=6593) to work on /home/airflow/.local/lib/python3.12/site-packages/airflow/example_dags/example_datasets.py
[2026-09-15T21:34:18.896+0000] {processor.py:830} INFO - Processing file /home/airflow/.local/lib/python3.12/site-packages/airflow/example_dags/example_datasets.py for tasks to queue
[2026-09-15T21:34:18.898+0000] {logging_mixin.py:188} INFO - [2026-09-15T21:34:18.898+0000] {dagbag.py:545} INFO - Filling up the DagBag from /home/airflow/.local/lib/python3.12/site-packages/airflow/example_dags/example_datasets.py
[2026-09-15T21:34:18.909+0000] {processor.py:840} INFO - DAG(s) 'dataset_consumes_1_never_scheduled', 'consume_1_and_2_with_dataset_expressions', 'dataset_consumes_unknown_never_scheduled', 'dataset_produces_2', 'dataset_consumes_1_and_2', 'consume_1_or_both_2_and_3_with_dataset_expressions', 'consume_1_or_2_with_dataset_expressions', 'dataset_consumes_1', 'conditional_dataset_and_time_based_timetable', 'dataset_produces_1' retrieved from /home/airflow/.local/lib/python3.12/site-packages/airflow/example_dags/example_datasets.py
[2026-09-15T21:34:18.946+0000] {logging_mixin.py:188} INFO - [2026-09-15T21:34:18.946+0000] {dag.py:3089} INFO - Sync 10 DAGs
[2026-09-15T21:34:18.966+0000] {logging_mixin.py:188} INFO - [2026-09-15T21:34:18.966+0000] {dag.py:3947} INFO - Setting next_dagrun for conditional_dataset_and_time_based_timetable to 2026-09-09 01:00:00+00:00, run_after=2026-09-09 01:00:00+00:00
[2026-09-15T21:34:18.970+0000] {logging_mixin.py:188} INFO - [2026-09-15T21:34:18.970+0000] {dag.py:3947} INFO - Setting next_dagrun for consume_1_and_2_with_dataset_expressions to None, run_after=None
[2026-09-15T21:34:18.972+0000] {logging_mixin.py:188} INFO - [2026-09-15T21:34:18.972+0000] {dag.py:3947} INFO - Setting next_dagrun for consume_1_or_2_with_dataset_expressions to None, run_after=None
[2026-09-15T21:34:18.974+0000] {logging_mixin.py:188} INFO - [2026-09-15T21:34:18.974+0000] {dag.py:3947} INFO - Setting next_dagrun for consume_1_or_both_2_and_3_with_dataset_expressions to None, run_after=None
[2026-09-15T21:34:18.975+0000] {logging_mixin.py:188} INFO - [2026-09-15T21:34:18.975+0000] {dag.py:3947} INFO - Setting next_dagrun for dataset_consumes_1 to None, run_after=None
[2026-09-15T21:34:18.977+0000] {logging_mixin.py:188} INFO - [2026-09-15T21:34:18.976+0000] {dag.py:3947} INFO - Setting next_dagrun for dataset_consumes_1_and_2 to None, run_after=None
[2026-09-15T21:34:18.978+0000] {logging_mixin.py:188} INFO - [2026-09-15T21:34:18.978+0000] {dag.py:3947} INFO - Setting next_dagrun for dataset_consumes_1_never_scheduled to None, run_after=None
[2026-09-15T21:34:18.979+0000] {logging_mixin.py:188} INFO - [2026-09-15T21:34:18.979+0000] {dag.py:3947} INFO - Setting next_dagrun for dataset_consumes_unknown_never_scheduled to None, run_after=None
[2026-09-15T21:34:18.981+0000] {logging_mixin.py:188} INFO - [2026-09-15T21:34:18.981+0000] {dag.py:3947} INFO - Setting next_dagrun for dataset_produces_1 to 2026-09-14 00:00:00+00:00, run_after=2026-09-15 00:00:00+00:00
[2026-09-15T21:34:18.983+0000] {logging_mixin.py:188} INFO - [2026-09-15T21:34:18.983+0000] {dag.py:3947} INFO - Setting next_dagrun for dataset_produces_2 to None, run_after=None
[2026-09-15T21:34:19.016+0000] {processor.py:183} INFO - Processing /home/airflow/.local/lib/python3.12/site-packages/airflow/example_dags/example_datasets.py took 0.128 seconds
[2026-09-15T21:34:49.356+0000] {processor.py:161} INFO - Started process (PID=6855) to work on /home/airflow/.local/lib/python3.12/site-packages/airflow/example_dags/example_datasets.py
[2026-09-15T21:34:49.357+0000] {processor.py:830} INFO - Processing file /home/airflow/.local/lib/python3.12/site-packages/airflow/example_dags/example_datasets.py for tasks to queue
[2026-09-15T21:34:49.359+0000] {logging_mixin.py:188} INFO - [2026-09-15T21:34:49.359+0000] {dagbag.py:545} INFO - Filling up the DagBag from /home/airflow/.local/lib/python3.12/site-packages/airflow/example_dags/example_datasets.py
[2026-09-15T21:34:49.369+0000] {processor.py:840} INFO - DAG(s) 'dataset_consumes_1', 'consume_1_and_2_with_dataset_expressions', 'conditional_dataset_and_time_based_timetable', 'dataset_consumes_unknown_never_scheduled', 'dataset_produces_1', 'consume_1_or_both_2_and_3_with_dataset_expressions', 'dataset_produces_2', 'dataset_consumes_1_never_scheduled', 'consume_1_or_2_with_dataset_expressions', 'dataset_consumes_1_and_2' retrieved from /home/airflow/.local/lib/python3.12/site-packages/airflow/example_dags/example_datasets.py
[2026-09-15T21:34:49.406+0000] {logging_mixin.py:188} INFO - [2026-09-15T21:34:49.406+0000] {dag.py:3089} INFO - Sync 10 DAGs
[2026-09-15T21:34:49.423+0000] {logging_mixin.py:188} INFO - [2026-09-15T21:34:49.423+0000] {dag.py:3947} INFO - Setting next_dagrun for conditional_dataset_and_time_based_timetable to 2026-09-09 01:00:00+00:00, run_after=2026-09-09 01:00:00+00:00
[2026-09-15T21:34:49.427+0000] {logging_mixin.py:188} INFO - [2026-09-15T21:34:49.427+0000] {dag.py:3947} INFO - Setting next_dagrun for consume_1_and_2_with_dataset_expressions to None, run_after=None
[2026-09-15T21:34:49.429+0000] {logging_mixin.py:188} INFO - [2026-09-15T21:34:49.429+0000] {dag.py:3947} INFO - Setting next_dagrun for consume_1_or_2_with_dataset_expressions to None, run_after=None
[2026-09-15T21:34:49.430+0000] {logging_mixin.py:188} INFO - [2026-09-15T21:34:49.430+0000] {dag.py:3947} INFO - Setting next_dagrun for consume_1_or_both_2_and_3_with_dataset_expressions to None, run_after=None
[2026-09-15T21:34:49.432+0000] {logging_mixin.py:188} INFO - [2026-09-15T21:34:49.432+0000] {dag.py:3947} INFO - Setting next_dagrun for dataset_consumes_1 to None, run_after=None
[2026-09-15T21:34:49.433+0000] {logging_mixin.py:188} INFO - [2026-09-15T21:34:49.433+0000] {dag.py:3947} INFO - Setting next_dagrun for dataset_consumes_1_and_2 to None, run_after=None
[2026-09-15T21:34:49.434+0000] {logging_mixin.py:188} INFO - [2026-09-15T21:34:49.434+0000] {dag.py:3947} INFO - Setting next_dagrun for dataset_consumes_1_never_scheduled to None, run_after=None
[2026-09-15T21:34:49.435+0000] {logging_mixin.py:188} INFO - [2026-09-15T21:34:49.435+0000] {dag.py:3947} INFO - Setting next_dagrun for dataset_consumes_unknown_never_scheduled to None, run_after=None
[2026-09-15T21:34:49.437+0000] {logging_mixin.py:188} INFO - [2026-09-15T21:34:49.437+0000] {dag.py:3947} INFO - Setting next_dagrun for dataset_produces_1 to 2026-09-14 00:00:00+00:00, run_after=2026-09-15 00:00:00+00:00
[2026-09-15T21:34:49.439+0000] {logging_mixin.py:188} INFO - [2026-09-15T21:34:49.438+0000] {dag.py:3947} INFO - Setting next_dagrun for dataset_produces_2 to None, run_after=None
[2026-09-15T21:34:49.463+0000] {processor.py:183} INFO - Processing /home/airflow/.local/lib/python3.12/site-packages/airflow/example_dags/example_datasets.py took 0.111 seconds
[2026-09-15T21:35:19.620+0000] {processor.py:161} INFO - Started process (PID=7121) to work on /home/airflow/.local/lib/python3.12/site-packages/airflow/example_dags/example_datasets.py
[2026-09-15T21:35:19.621+0000] {processor.py:830} INFO - Processing file /home/airflow/.local/lib/python3.12/site-packages/airflow/example_dags/example_datasets.py for tasks to queue
[2026-09-15T21:35:19.623+0000] {logging_mixin.py:188} INFO - [2026-09-15T21:35:19.623+0000] {dagbag.py:545} INFO - Filling up the DagBag from /home/airflow/.local/lib/python3.12/site-packages/airflow/example_dags/example_datasets.py
[2026-09-15T21:35:19.634+0000] {processor.py:840} INFO - DAG(s) 'dataset_produces_1', 'consume_1_or_2_with_dataset_expressions', 'consume_1_or_both_2_and_3_with_dataset_expressions', 'dataset_consumes_unknown_never_scheduled', 'dataset_consumes_1_and_2', 'dataset_consumes_1_never_scheduled', 'dataset_produces_2', 'conditional_dataset_and_time_based_timetable', 'dataset_consumes_1', 'consume_1_and_2_with_dataset_expressions' retrieved from /home/airflow/.local/lib/python3.12/site-packages/airflow/example_dags/example_datasets.py
[2026-09-15T21:35:19.666+0000] {logging_mixin.py:188} INFO - [2026-09-15T21:35:19.666+0000] {dag.py:3089} INFO - Sync 10 DAGs
[2026-09-15T21:35:19.684+0000] {logging_mixin.py:188} INFO - [2026-09-15T21:35:19.684+0000] {dag.py:3947} INFO - Setting next_dagrun for conditional_dataset_and_time_based_timetable to 2026-09-09 01:00:00+00:00, run_after=2026-09-09 01:00:00+00:00
[2026-09-15T21:35:19.687+0000] {logging_mixin.py:188} INFO - [2026-09-15T21:35:19.687+0000] {dag.py:3947} INFO - Setting next_dagrun for consume_1_and_2_with_dataset_expressions to None, run_after=None
[2026-09-15T21:35:19.689+0000] {logging_mixin.py:188} INFO - [2026-09-15T21:35:19.689+0000] {dag.py:3947} INFO - Setting next_dagrun for consume_1_or_2_with_dataset_expressions to None, run_after=None
[2026-09-15T21:35:19.690+0000] {logging_mixin.py:188} INFO - [2026-09-15T21:35:19.690+0000] {dag.py:3947} INFO - Setting next_dagrun for consume_1_or_both_2_and_3_with_dataset_expressions to None, run_after=None
[2026-09-15T21:35:19.692+0000] {logging_mixin.py:188} INFO - [2026-09-15T21:35:19.691+0000] {dag.py:3947} INFO - Setting next_dagrun for dataset_consumes_1 to None, run_after=None
[2026-09-15T21:35:19.693+0000] {logging_mixin.py:188} INFO - [2026-09-15T21:35:19.693+0000] {dag.py:3947} INFO - Setting next_dagrun for dataset_consumes_1_and_2 to None, run_after=None
[2026-09-15T21:35:19.694+0000] {logging_mixin.py:188} INFO - [2026-09-15T21:35:19.694+0000] {dag.py:3947} INFO - Setting next_dagrun for dataset_consumes_1_never_scheduled to None, run_after=None
[2026-09-15T21:35:19.695+0000] {logging_mixin.py:188} INFO - [2026-09-15T21:35:19.695+0000] {dag.py:3947} INFO - Setting next_dagrun for dataset_consumes_unknown_never_scheduled to None, run_after=None
[2026-09-15T21:35:19.697+0000] {logging_mixin.py:188} INFO - [2026-09-15T21:35:19.697+0000] {dag.py:3947} INFO - Setting next_dagrun for dataset_produces_1 to 2026-09-14 00:00:00+00:00, run_after=2026-09-15 00:00:00+00:00
[2026-09-15T21:35:19.698+0000] {logging_mixin.py:188} INFO - [2026-09-15T21:35:19.698+0000] {dag.py:3947} INFO - Setting next_dagrun for dataset_produces_2 to None, run_after=None
[2026-09-15T21:35:19.723+0000] {processor.py:183} INFO - Processing /home/airflow/.local/lib/python3.12/site-packages/airflow/example_dags/example_datasets.py took 0.107 seconds
[2026-09-15T21:35:50.042+0000] {processor.py:161} INFO - Started process (PID=7383) to work on /home/airflow/.local/lib/python3.12/site-packages/airflow/example_dags/example_datasets.py
[2026-09-15T21:35:50.043+0000] {processor.py:830} INFO - Processing file /home/airflow/.local/lib/python3.12/site-packages/airflow/example_dags/example_datasets.py for tasks to queue
[2026-09-15T21:35:50.045+0000] {logging_mixin.py:188} INFO - [2026-09-15T21:35:50.045+0000] {dagbag.py:545} INFO - Filling up the DagBag from /home/airflow/.local/lib/python3.12/site-packages/airflow/example_dags/example_datasets.py
[2026-09-15T21:35:50.054+0000] {processor.py:840} INFO - DAG(s) 'dataset_produces_2', 'dataset_produces_1', 'dataset_consumes_1_never_scheduled', 'consume_1_or_2_with_dataset_expressions', 'consume_1_and_2_with_dataset_expressions', 'dataset_consumes_unknown_never_scheduled', 'dataset_consumes_1_and_2', 'conditional_dataset_and_time_based_timetable', 'dataset_consumes_1', 'consume_1_or_both_2_and_3_with_dataset_expressions' retrieved from /home/airflow/.local/lib/python3.12/site-packages/airflow/example_dags/example_datasets.py
[2026-09-15T21:35:50.085+0000] {logging_mixin.py:188} INFO - [2026-09-15T21:35:50.085+0000] {dag.py:3089} INFO - Sync 10 DAGs
[2026-09-15T21:35:50.102+0000] {logging_mixin.py:188} INFO - [2026-09-15T21:35:50.102+0000] {dag.py:3947} INFO - Setting next_dagrun for conditional_dataset_and_time_based_timetable to 2026-09-09 01:00:00+00:00, run_after=2026-09-09 01:00:00+00:00
[2026-09-15T21:35:50.106+0000] {logging_mixin.py:188} INFO - [2026-09-15T21:35:50.105+0000] {dag.py:3947} INFO - Setting next_dagrun for consume_1_and_2_with_dataset_expressions to None, run_after=None
[2026-09-15T21:35:50.107+0000] {logging_mixin.py:188} INFO - [2026-09-15T21:35:50.107+0000] {dag.py:3947} INFO - Setting next_dagrun for consume_1_or_2_with_dataset_expressions to None, run_after=None
[2026-09-15T21:35:50.108+0000] {logging_mixin.py:188} INFO - [2026-09-15T21:35:50.108+0000] {dag.py:3947} INFO - Setting next_dagrun for consume_1_or_both_2_and_3_with_dataset_expressions to None, run_after=None
[2026-09-15T21:35:50.110+0000] {logging_mixin.py:188} INFO - [2026-09-15T21:35:50.110+0000] {dag.py:3947} INFO - Setting next_dagrun for dataset_consumes_1 to None, run_after=None
[2026-09-15T21:35:50.111+0000] {logging_mixin.py:188} INFO - [2026-09-15T21:35:50.111+0000] {dag.py:3947} INFO - Setting next_dagrun for dataset_consumes_1_and_2 to None, run_after=None
[2026-09-15T21:35:50.112+0000] {logging_mixin.py:188} INFO - [2026-09-15T21:35:50.112+0000] {dag.py:3947} INFO - Setting next_dagrun for dataset_consumes_1_never_scheduled to None, run_after=None
[2026-09-15T21:35:50.114+0000] {logging_mixin.py:188} INFO - [2026-09-15T21:35:50.114+0000] {dag.py:3947} INFO - Setting next_dagrun for dataset_consumes_unknown_never_scheduled to None, run_after=None
[2026-09-15T21:35:50.116+0000] {logging_mixin.py:188} INFO - [2026-09-15T21:35:50.116+0000] {dag.py:3947} INFO - Setting next_dagrun for dataset_produces_1 to 2026-09-14 00:00:00+00:00, run_after=2026-09-15 00:00:00+00:00
[2026-09-15T21:35:50.117+0000] {logging_mixin.py:188} INFO - [2026-09-15T21:35:50.117+0000] {dag.py:3947} INFO - Setting next_dagrun for dataset_produces_2 to None, run_after=None
[2026-09-15T21:35:50.141+0000] {processor.py:183} INFO - Processing /home/airflow/.local/lib/python3.12/site-packages/airflow/example_dags/example_datasets.py took 0.103 seconds
[2026-09-15T21:36:20.214+0000] {processor.py:161} INFO - Started process (PID=7645) to work on /home/airflow/.local/lib/python3.12/site-packages/airflow/example_dags/example_datasets.py
[2026-09-15T21:36:20.216+0000] {processor.py:830} INFO - Processing file /home/airflow/.local/lib/python3.12/site-packages/airflow/example_dags/example_datasets.py for tasks to queue
[2026-09-15T21:36:20.217+0000] {logging_mixin.py:188} INFO - [2026-09-15T21:36:20.217+0000] {dagbag.py:545} INFO - Filling up the DagBag from /home/airflow/.local/lib/python3.12/site-packages/airflow/example_dags/example_datasets.py
[2026-09-15T21:36:20.226+0000] {processor.py:840} INFO - DAG(s) 'dataset_consumes_1', 'dataset_consumes_1_never_scheduled', 'dataset_produces_2', 'consume_1_and_2_with_dataset_expressions', 'dataset_consumes_unknown_never_scheduled', 'dataset_produces_1', 'consume_1_or_both_2_and_3_with_dataset_expressions', 'dataset_consumes_1_and_2', 'consume_1_or_2_with_dataset_expressions', 'conditional_dataset_and_time_based_timetable' retrieved from /home/airflow/.local/lib/python3.12/site-packages/airflow/example_dags/example_datasets.py
[2026-09-15T21:36:20.264+0000] {logging_mixin.py:188} INFO - [2026-09-15T21:36:20.263+0000] {dag.py:3089} INFO - Sync 10 DAGs
[2026-09-15T21:36:20.291+0000] {logging_mixin.py:188} INFO - [2026-09-15T21:36:20.291+0000] {dag.py:3947} INFO - Setting next_dagrun for conditional_dataset_and_time_based_timetable to 2026-09-09 01:00:00+00:00, run_after=2026-09-09 01:00:00+00:00
[2026-09-15T21:36:20.296+0000] {logging_mixin.py:188} INFO - [2026-09-15T21:36:20.296+0000] {dag.py:3947} INFO - Setting next_dagrun for consume_1_and_2_with_dataset_expressions to None, run_after=None
[2026-09-15T21:36:20.298+0000] {logging_mixin.py:188} INFO - [2026-09-15T21:36:20.298+0000] {dag.py:3947} INFO - Setting next_dagrun for consume_1_or_2_with_dataset_expressions to None, run_after=None
[2026-09-15T21:36:20.300+0000] {logging_mixin.py:188} INFO - [2026-09-15T21:36:20.299+0000] {dag.py:3947} INFO - Setting next_dagrun for consume_1_or_both_2_and_3_with_dataset_expressions to None, run_after=None
[2026-09-15T21:36:20.301+0000] {logging_mixin.py:188} INFO - [2026-09-15T21:36:20.301+0000] {dag.py:3947} INFO - Setting next_dagrun for dataset_consumes_1 to None, run_after=None
[2026-09-15T21:36:20.303+0000] {logging_mixin.py:188} INFO - [2026-09-15T21:36:20.302+0000] {dag.py:3947} INFO - Setting next_dagrun for dataset_consumes_1_and_2 to None, run_after=None
[2026-09-15T21:36:20.304+0000] {logging_mixin.py:188} INFO - [2026-09-15T21:36:20.304+0000] {dag.py:3947} INFO - Setting next_dagrun for dataset_consumes_1_never_scheduled to None, run_after=None
[2026-09-15T21:36:20.305+0000] {logging_mixin.py:188} INFO - [2026-09-15T21:36:20.305+0000] {dag.py:3947} INFO - Setting next_dagrun for dataset_consumes_unknown_never_scheduled to None, run_after=None
[2026-09-15T21:36:20.308+0000] {logging_mixin.py:188} INFO - [2026-09-15T21:36:20.307+0000] {dag.py:3947} INFO - Setting next_dagrun for dataset_produces_1 to 2026-09-14 00:00:00+00:00, run_after=2026-09-15 00:00:00+00:00
[2026-09-15T21:36:20.310+0000] {logging_mixin.py:188} INFO - [2026-09-15T21:36:20.310+0000] {dag.py:3947} INFO - Setting next_dagrun for dataset_produces_2 to None, run_after=None
[2026-09-15T21:36:20.337+0000] {processor.py:183} INFO - Processing /home/airflow/.local/lib/python3.12/site-packages/airflow/example_dags/example_datasets.py took 0.127 seconds
[2026-09-15T21:36:50.429+0000] {processor.py:161} INFO - Started process (PID=7910) to work on /home/airflow/.local/lib/python3.12/site-packages/airflow/example_dags/example_datasets.py
[2026-09-15T21:36:50.430+0000] {processor.py:830} INFO - Processing file /home/airflow/.local/lib/python3.12/site-packages/airflow/example_dags/example_datasets.py for tasks to queue
[2026-09-15T21:36:50.432+0000] {logging_mixin.py:188} INFO - [2026-09-15T21:36:50.432+0000] {dagbag.py:545} INFO - Filling up the DagBag from /home/airflow/.local/lib/python3.12/site-packages/airflow/example_dags/example_datasets.py
[2026-09-15T21:36:50.442+0000] {processor.py:840} INFO - DAG(s) 'dataset_produces_1', 'dataset_consumes_1', 'dataset_consumes_1_never_scheduled', 'consume_1_and_2_with_dataset_expressions', 'dataset_produces_2', 'consume_1_or_2_with_dataset_expressions', 'dataset_consumes_1_and_2', 'conditional_dataset_and_time_based_timetable', 'consume_1_or_both_2_and_3_with_dataset_expressions', 'dataset_consumes_unknown_never_scheduled' retrieved from /home/airflow/.local/lib/python3.12/site-packages/airflow/example_dags/example_datasets.py
[2026-09-15T21:36:50.477+0000] {logging_mixin.py:188} INFO - [2026-09-15T21:36:50.477+0000] {dag.py:3089} INFO - Sync 10 DAGs
[2026-09-15T21:36:50.496+0000] {logging_mixin.py:188} INFO - [2026-09-15T21:36:50.496+0000] {dag.py:3947} INFO - Setting next_dagrun for conditional_dataset_and_time_based_timetable to 2026-09-09 01:00:00+00:00, run_after=2026-09-09 01:00:00+00:00
[2026-09-15T21:36:50.500+0000] {logging_mixin.py:188} INFO - [2026-09-15T21:36:50.499+0000] {dag.py:3947} INFO - Setting next_dagrun for consume_1_and_2_with_dataset_expressions to None, run_after=None
[2026-09-15T21:36:50.501+0000] {logging_mixin.py:188} INFO - [2026-09-15T21:36:50.501+0000] {dag.py:3947} INFO - Setting next_dagrun for consume_1_or_2_with_dataset_expressions to None, run_after=None
[2026-09-15T21:36:50.503+0000] {logging_mixin.py:188} INFO - [2026-09-15T21:36:50.502+0000] {dag.py:3947} INFO - Setting next_dagrun for consume_1_or_both_2_and_3_with_dataset_expressions to None, run_after=None
[2026-09-15T21:36:50.504+0000] {logging_mixin.py:188} INFO - [2026-09-15T21:36:50.504+0000] {dag.py:3947} INFO - Setting next_dagrun for dataset_consumes_1 to None, run_after=None
[2026-09-15T21:36:50.505+0000] {logging_mixin.py:188} INFO - [2026-09-15T21:36:50.505+0000] {dag.py:3947} INFO - Setting next_dagrun for dataset_consumes_1_and_2 to None, run_after=None
[2026-09-15T21:36:50.507+0000] {logging_mixin.py:188} INFO - [2026-09-15T21:36:50.506+0000] {dag.py:3947} INFO - Setting next_dagrun for dataset_consumes_1_never_scheduled to None, run_after=None
[2026-09-15T21:36:50.508+0000] {logging_mixin.py:188} INFO - [2026-09-15T21:36:50.508+0000] {dag.py:3947} INFO - Setting next_dagrun for dataset_consumes_unknown_never_scheduled to None, run_after=None
[2026-09-15T21:36:50.510+0000] {logging_mixin.py:188} INFO - [2026-09-15T21:36:50.510+0000] {dag.py:3947} INFO - Setting next_dagrun for dataset_produces_1 to 2026-09-14 00:00:00+00:00, run_after=2026-09-15 00:00:00+00:00
[2026-09-15T21:36:50.511+0000] {logging_mixin.py:188} INFO - [2026-09-15T21:36:50.511+0000] {dag.py:3947} INFO - Setting next_dagrun for dataset_produces_2 to None, run_after=None
[2026-09-15T21:36:50.538+0000] {processor.py:183} INFO - Processing /home/airflow/.local/lib/python3.12/site-packages/airflow/example_dags/example_datasets.py took 0.113 seconds
[2026-09-15T21:37:20.746+0000] {processor.py:161} INFO - Started process (PID=8169) to work on /home/airflow/.local/lib/python3.12/site-packages/airflow/example_dags/example_datasets.py
[2026-09-15T21:37:20.747+0000] {processor.py:830} INFO - Processing file /home/airflow/.local/lib/python3.12/site-packages/airflow/example_dags/example_datasets.py for tasks to queue
[2026-09-15T21:37:20.749+0000] {logging_mixin.py:188} INFO - [2026-09-15T21:37:20.749+0000] {dagbag.py:545} INFO - Filling up the DagBag from /home/airflow/.local/lib/python3.12/site-packages/airflow/example_dags/example_datasets.py
[2026-09-15T21:37:20.758+0000] {processor.py:840} INFO - DAG(s) 'dataset_consumes_1_and_2', 'dataset_consumes_1_never_scheduled', 'dataset_produces_1', 'dataset_produces_2', 'consume_1_or_both_2_and_3_with_dataset_expressions', 'consume_1_and_2_with_dataset_expressions', 'dataset_consumes_1', 'dataset_consumes_unknown_never_scheduled', 'consume_1_or_2_with_dataset_expressions', 'conditional_dataset_and_time_based_timetable' retrieved from /home/airflow/.local/lib/python3.12/site-packages/airflow/example_dags/example_datasets.py
[2026-09-15T21:37:20.793+0000] {logging_mixin.py:188} INFO - [2026-09-15T21:37:20.792+0000] {dag.py:3089} INFO - Sync 10 DAGs
[2026-09-15T21:37:20.811+0000] {logging_mixin.py:188} INFO - [2026-09-15T21:37:20.810+0000] {dag.py:3947} INFO - Setting next_dagrun for conditional_dataset_and_time_based_timetable to 2026-09-09 01:00:00+00:00, run_after=2026-09-09 01:00:00+00:00
[2026-09-15T21:37:20.814+0000] {logging_mixin.py:188} INFO - [2026-09-15T21:37:20.814+0000] {dag.py:3947} INFO - Setting next_dagrun for consume_1_and_2_with_dataset_expressions to None, run_after=None
[2026-09-15T21:37:20.816+0000] {logging_mixin.py:188} INFO - [2026-09-15T21:37:20.816+0000] {dag.py:3947} INFO - Setting next_dagrun for consume_1_or_2_with_dataset_expressions to None, run_after=None
[2026-09-15T21:37:20.817+0000] {logging_mixin.py:188} INFO - [2026-09-15T21:37:20.817+0000] {dag.py:3947} INFO - Setting next_dagrun for consume_1_or_both_2_and_3_with_dataset_expressions to None, run_after=None
[2026-09-15T21:37:20.819+0000] {logging_mixin.py:188} INFO - [2026-09-15T21:37:20.818+0000] {dag.py:3947} INFO - Setting next_dagrun for dataset_consumes_1 to None, run_after=None
[2026-09-15T21:37:20.820+0000] {logging_mixin.py:188} INFO - [2026-09-15T21:37:20.820+0000] {dag.py:3947} INFO - Setting next_dagrun for dataset_consumes_1_and_2 to None, run_after=None
[2026-09-15T21:37:20.821+0000] {logging_mixin.py:188} INFO - [2026-09-15T21:37:20.821+0000] {dag.py:3947} INFO - Setting next_dagrun for dataset_consumes_1_never_scheduled to None, run_after=None
[2026-09-15T21:37:20.822+0000] {logging_mixin.py:188} INFO - [2026-09-15T21:37:20.822+0000] {dag.py:3947} INFO - Setting next_dagrun for dataset_consumes_unknown_never_scheduled to None, run_after=None
[2026-09-15T21:37:20.824+0000] {logging_mixin.py:188} INFO - [2026-09-15T21:37:20.824+0000] {dag.py:3947} INFO - Setting next_dagrun for dataset_produces_1 to 2026-09-14 00:00:00+00:00, run_after=2026-09-15 00:00:00+00:00
[2026-09-15T21:37:20.826+0000] {logging_mixin.py:188} INFO - [2026-09-15T21:37:20.826+0000] {dag.py:3947} INFO - Setting next_dagrun for dataset_produces_2 to None, run_after=None
[2026-09-15T21:37:20.851+0000] {processor.py:183} INFO - Processing /home/airflow/.local/lib/python3.12/site-packages/airflow/example_dags/example_datasets.py took 0.109 seconds
[2026-09-15T21:37:51.012+0000] {processor.py:161} INFO - Started process (PID=8429) to work on /home/airflow/.local/lib/python3.12/site-packages/airflow/example_dags/example_datasets.py
[2026-09-15T21:37:51.013+0000] {processor.py:830} INFO - Processing file /home/airflow/.local/lib/python3.12/site-packages/airflow/example_dags/example_datasets.py for tasks to queue
[2026-09-15T21:37:51.015+0000] {logging_mixin.py:188} INFO - [2026-09-15T21:37:51.014+0000] {dagbag.py:545} INFO - Filling up the DagBag from /home/airflow/.local/lib/python3.12/site-packages/airflow/example_dags/example_datasets.py
[2026-09-15T21:37:51.025+0000] {processor.py:840} INFO - DAG(s) 'conditional_dataset_and_time_based_timetable', 'dataset_produces_2', 'dataset_consumes_1_and_2', 'dataset_consumes_1_never_scheduled', 'dataset_consumes_1', 'dataset_produces_1', 'consume_1_or_2_with_dataset_expressions', 'consume_1_and_2_with_dataset_expressions', 'consume_1_or_both_2_and_3_with_dataset_expressions', 'dataset_consumes_unknown_never_scheduled' retrieved from /home/airflow/.local/lib/python3.12/site-packages/airflow/example_dags/example_datasets.py
[2026-09-15T21:37:51.059+0000] {logging_mixin.py:188} INFO - [2026-09-15T21:37:51.059+0000] {dag.py:3089} INFO - Sync 10 DAGs
[2026-09-15T21:37:51.077+0000] {logging_mixin.py:188} INFO - [2026-09-15T21:37:51.077+0000] {dag.py:3947} INFO - Setting next_dagrun for conditional_dataset_and_time_based_timetable to 2026-09-09 01:00:00+00:00, run_after=2026-09-09 01:00:00+00:00
[2026-09-15T21:37:51.081+0000] {logging_mixin.py:188} INFO - [2026-09-15T21:37:51.081+0000] {dag.py:3947} INFO - Setting next_dagrun for consume_1_and_2_with_dataset_expressions to None, run_after=None
[2026-09-15T21:37:51.082+0000] {logging_mixin.py:188} INFO - [2026-09-15T21:37:51.082+0000] {dag.py:3947} INFO - Setting next_dagrun for consume_1_or_2_with_dataset_expressions to None, run_after=None
[2026-09-15T21:37:51.084+0000] {logging_mixin.py:188} INFO - [2026-09-15T21:37:51.084+0000] {dag.py:3947} INFO - Setting next_dagrun for consume_1_or_both_2_and_3_with_dataset_expressions to None, run_after=None
[2026-09-15T21:37:51.085+0000] {logging_mixin.py:188} INFO - [2026-09-15T21:37:51.085+0000] {dag.py:3947} INFO - Setting next_dagrun for dataset_consumes_1 to None, run_after=None
[2026-09-15T21:37:51.087+0000] {logging_mixin.py:188} INFO - [2026-09-15T21:37:51.087+0000] {dag.py:3947} INFO - Setting next_dagrun for dataset_consumes_1_and_2 to None, run_after=None
[2026-09-15T21:37:51.088+0000] {logging_mixin.py:188} INFO - [2026-09-15T21:37:51.088+0000] {dag.py:3947} INFO - Setting next_dagrun for dataset_consumes_1_never_scheduled to None, run_after=None
[2026-09-15T21:37:51.090+0000] {logging_mixin.py:188} INFO - [2026-09-15T21:37:51.090+0000] {dag.py:3947} INFO - Setting next_dagrun for dataset_consumes_unknown_never_scheduled to None, run_after=None
[2026-09-15T21:37:51.092+0000] {logging_mixin.py:188} INFO - [2026-09-15T21:37:51.092+0000] {dag.py:3947} INFO - Setting next_dagrun for dataset_produces_1 to 2026-09-14 00:00:00+00:00, run_after=2026-09-15 00:00:00+00:00
[2026-09-15T21:37:51.093+0000] {logging_mixin.py:188} INFO - [2026-09-15T21:37:51.093+0000] {dag.py:3947} INFO - Setting next_dagrun for dataset_produces_2 to None, run_after=None
[2026-09-15T21:37:51.117+0000] {processor.py:183} INFO - Processing /home/airflow/.local/lib/python3.12/site-packages/airflow/example_dags/example_datasets.py took 0.109 seconds
[2026-09-15T21:38:21.419+0000] {processor.py:161} INFO - Started process (PID=8691) to work on /home/airflow/.local/lib/python3.12/site-packages/airflow/example_dags/example_datasets.py
[2026-09-15T21:38:21.420+0000] {processor.py:830} INFO - Processing file /home/airflow/.local/lib/python3.12/site-packages/airflow/example_dags/example_datasets.py for tasks to queue
[2026-09-15T21:38:21.421+0000] {logging_mixin.py:188} INFO - [2026-09-15T21:38:21.421+0000] {dagbag.py:545} INFO - Filling up the DagBag from /home/airflow/.local/lib/python3.12/site-packages/airflow/example_dags/example_datasets.py
[2026-09-15T21:38:21.430+0000] {processor.py:840} INFO - DAG(s) 'dataset_consumes_1_and_2', 'dataset_produces_2', 'consume_1_or_both_2_and_3_with_dataset_expressions', 'dataset_produces_1', 'dataset_consumes_1', 'consume_1_and_2_with_dataset_expressions', 'dataset_consumes_unknown_never_scheduled', 'dataset_consumes_1_never_scheduled', 'consume_1_or_2_with_dataset_expressions', 'conditional_dataset_and_time_based_timetable' retrieved from /home/airflow/.local/lib/python3.12/site-packages/airflow/example_dags/example_datasets.py
[2026-09-15T21:38:21.464+0000] {logging_mixin.py:188} INFO - [2026-09-15T21:38:21.464+0000] {dag.py:3089} INFO - Sync 10 DAGs
[2026-09-15T21:38:21.481+0000] {logging_mixin.py:188} INFO - [2026-09-15T21:38:21.481+0000] {dag.py:3947} INFO - Setting next_dagrun for conditional_dataset_and_time_based_timetable to 2026-09-09 01:00:00+00:00, run_after=2026-09-09 01:00:00+00:00
[2026-09-15T21:38:21.486+0000] {logging_mixin.py:188} INFO - [2026-09-15T21:38:21.486+0000] {dag.py:3947} INFO - Setting next_dagrun for consume_1_and_2_with_dataset_expressions to None, run_after=None
[2026-09-15T21:38:21.487+0000] {logging_mixin.py:188} INFO - [2026-09-15T21:38:21.487+0000] {dag.py:3947} INFO - Setting next_dagrun for consume_1_or_2_with_dataset_expressions to None, run_after=None
[2026-09-15T21:38:21.488+0000] {logging_mixin.py:188} INFO - [2026-09-15T21:38:21.488+0000] {dag.py:3947} INFO - Setting next_dagrun for consume_1_or_both_2_and_3_with_dataset_expressions to None, run_after=None
[2026-09-15T21:38:21.490+0000] {logging_mixin.py:188} INFO - [2026-09-15T21:38:21.490+0000] {dag.py:3947} INFO - Setting next_dagrun for dataset_consumes_1 to None, run_after=None
[2026-09-15T21:38:21.491+0000] {logging_mixin.py:188} INFO - [2026-09-15T21:38:21.491+0000] {dag.py:3947} INFO - Setting next_dagrun for dataset_consumes_1_and_2 to None, run_after=None
[2026-09-15T21:38:21.493+0000] {logging_mixin.py:188} INFO - [2026-09-15T21:38:21.492+0000] {dag.py:3947} INFO - Setting next_dagrun for dataset_consumes_1_never_scheduled to None, run_after=None
[2026-09-15T21:38:21.494+0000] {logging_mixin.py:188} INFO - [2026-09-15T21:38:21.494+0000] {dag.py:3947} INFO - Setting next_dagrun for dataset_consumes_unknown_never_scheduled to None, run_after=None
[2026-09-15T21:38:21.496+0000] {logging_mixin.py:188} INFO - [2026-09-15T21:38:21.496+0000] {dag.py:3947} INFO - Setting next_dagrun for dataset_produces_1 to 2026-09-14 00:00:00+00:00, run_after=2026-09-15 00:00:00+00:00
[2026-09-15T21:38:21.498+0000] {logging_mixin.py:188} INFO - [2026-09-15T21:38:21.498+0000] {dag.py:3947} INFO - Setting next_dagrun for dataset_produces_2 to None, run_after=None
[2026-09-15T21:38:21.524+0000] {processor.py:183} INFO - Processing /home/airflow/.local/lib/python3.12/site-packages/airflow/example_dags/example_datasets.py took 0.109 seconds
[2026-09-15T21:38:51.616+0000] {processor.py:161} INFO - Started process (PID=8982) to work on /home/airflow/.local/lib/python3.12/site-packages/airflow/example_dags/example_datasets.py
[2026-09-15T21:38:51.617+0000] {processor.py:830} INFO - Processing file /home/airflow/.local/lib/python3.12/site-packages/airflow/example_dags/example_datasets.py for tasks to queue
[2026-09-15T21:38:51.618+0000] {logging_mixin.py:188} INFO - [2026-09-15T21:38:51.618+0000] {dagbag.py:545} INFO - Filling up the DagBag from /home/airflow/.local/lib/python3.12/site-packages/airflow/example_dags/example_datasets.py
[2026-09-15T21:38:51.630+0000] {processor.py:840} INFO - DAG(s) 'dataset_consumes_1_never_scheduled', 'consume_1_and_2_with_dataset_expressions', 'dataset_consumes_unknown_never_scheduled', 'dataset_consumes_1_and_2', 'consume_1_or_both_2_and_3_with_dataset_expressions', 'dataset_consumes_1', 'conditional_dataset_and_time_based_timetable', 'dataset_produces_2', 'consume_1_or_2_with_dataset_expressions', 'dataset_produces_1' retrieved from /home/airflow/.local/lib/python3.12/site-packages/airflow/example_dags/example_datasets.py
[2026-09-15T21:38:51.666+0000] {logging_mixin.py:188} INFO - [2026-09-15T21:38:51.666+0000] {dag.py:3089} INFO - Sync 10 DAGs
[2026-09-15T21:38:51.685+0000] {logging_mixin.py:188} INFO - [2026-09-15T21:38:51.685+0000] {dag.py:3947} INFO - Setting next_dagrun for conditional_dataset_and_time_based_timetable to 2026-09-09 01:00:00+00:00, run_after=2026-09-09 01:00:00+00:00
[2026-09-15T21:38:51.689+0000] {logging_mixin.py:188} INFO - [2026-09-15T21:38:51.689+0000] {dag.py:3947} INFO - Setting next_dagrun for consume_1_and_2_with_dataset_expressions to None, run_after=None
[2026-09-15T21:38:51.691+0000] {logging_mixin.py:188} INFO - [2026-09-15T21:38:51.691+0000] {dag.py:3947} INFO - Setting next_dagrun for consume_1_or_2_with_dataset_expressions to None, run_after=None
[2026-09-15T21:38:51.692+0000] {logging_mixin.py:188} INFO - [2026-09-15T21:38:51.692+0000] {dag.py:3947} INFO - Setting next_dagrun for consume_1_or_both_2_and_3_with_dataset_expressions to None, run_after=None
[2026-09-15T21:38:51.694+0000] {logging_mixin.py:188} INFO - [2026-09-15T21:38:51.693+0000] {dag.py:3947} INFO - Setting next_dagrun for dataset_consumes_1 to None, run_after=None
[2026-09-15T21:38:51.695+0000] {logging_mixin.py:188} INFO - [2026-09-15T21:38:51.695+0000] {dag.py:3947} INFO - Setting next_dagrun for dataset_consumes_1_and_2 to None, run_after=None
[2026-09-15T21:38:51.696+0000] {logging_mixin.py:188} INFO - [2026-09-15T21:38:51.696+0000] {dag.py:3947} INFO - Setting next_dagrun for dataset_consumes_1_never_scheduled to None, run_after=None
[2026-09-15T21:38:51.698+0000] {logging_mixin.py:188} INFO - [2026-09-15T21:38:51.697+0000] {dag.py:3947} INFO - Setting next_dagrun for dataset_consumes_unknown_never_scheduled to None, run_after=None
[2026-09-15T21:38:51.700+0000] {logging_mixin.py:188} INFO - [2026-09-15T21:38:51.699+0000] {dag.py:3947} INFO - Setting next_dagrun for dataset_produces_1 to 2026-09-14 00:00:00+00:00, run_after=2026-09-15 00:00:00+00:00
[2026-09-15T21:38:51.701+0000] {logging_mixin.py:188} INFO - [2026-09-15T21:38:51.701+0000] {dag.py:3947} INFO - Setting next_dagrun for dataset_produces_2 to None, run_after=None
[2026-09-15T21:38:51.908+0000] {processor.py:183} INFO - Processing /home/airflow/.local/lib/python3.12/site-packages/airflow/example_dags/example_datasets.py took 0.296 seconds
[2026-09-15T21:39:21.980+0000] {processor.py:161} INFO - Started process (PID=9244) to work on /home/airflow/.local/lib/python3.12/site-packages/airflow/example_dags/example_datasets.py
[2026-09-15T21:39:21.981+0000] {processor.py:830} INFO - Processing file /home/airflow/.local/lib/python3.12/site-packages/airflow/example_dags/example_datasets.py for tasks to queue
[2026-09-15T21:39:21.983+0000] {logging_mixin.py:188} INFO - [2026-09-15T21:39:21.982+0000] {dagbag.py:545} INFO - Filling up the DagBag from /home/airflow/.local/lib/python3.12/site-packages/airflow/example_dags/example_datasets.py
[2026-09-15T21:39:21.992+0000] {processor.py:840} INFO - DAG(s) 'dataset_consumes_1_never_scheduled', 'dataset_produces_1', 'dataset_consumes_1_and_2', 'conditional_dataset_and_time_based_timetable', 'consume_1_and_2_with_dataset_expressions', 'dataset_consumes_1', 'dataset_produces_2', 'dataset_consumes_unknown_never_scheduled', 'consume_1_or_both_2_and_3_with_dataset_expressions', 'consume_1_or_2_with_dataset_expressions' retrieved from /home/airflow/.local/lib/python3.12/site-packages/airflow/example_dags/example_datasets.py
[2026-09-15T21:39:22.027+0000] {logging_mixin.py:188} INFO - [2026-09-15T21:39:22.026+0000] {dag.py:3089} INFO - Sync 10 DAGs
[2026-09-15T21:39:22.047+0000] {logging_mixin.py:188} INFO - [2026-09-15T21:39:22.046+0000] {dag.py:3947} INFO - Setting next_dagrun for conditional_dataset_and_time_based_timetable to 2026-09-09 01:00:00+00:00, run_after=2026-09-09 01:00:00+00:00
[2026-09-15T21:39:22.051+0000] {logging_mixin.py:188} INFO - [2026-09-15T21:39:22.051+0000] {dag.py:3947} INFO - Setting next_dagrun for consume_1_and_2_with_dataset_expressions to None, run_after=None
[2026-09-15T21:39:22.053+0000] {logging_mixin.py:188} INFO - [2026-09-15T21:39:22.053+0000] {dag.py:3947} INFO - Setting next_dagrun for consume_1_or_2_with_dataset_expressions to None, run_after=None
[2026-09-15T21:39:22.055+0000] {logging_mixin.py:188} INFO - [2026-09-15T21:39:22.055+0000] {dag.py:3947} INFO - Setting next_dagrun for consume_1_or_both_2_and_3_with_dataset_expressions to None, run_after=None
[2026-09-15T21:39:22.056+0000] {logging_mixin.py:188} INFO - [2026-09-15T21:39:22.056+0000] {dag.py:3947} INFO - Setting next_dagrun for dataset_consumes_1 to None, run_after=None
[2026-09-15T21:39:22.058+0000] {logging_mixin.py:188} INFO - [2026-09-15T21:39:22.058+0000] {dag.py:3947} INFO - Setting next_dagrun for dataset_consumes_1_and_2 to None, run_after=None
[2026-09-15T21:39:22.059+0000] {logging_mixin.py:188} INFO - [2026-09-15T21:39:22.059+0000] {dag.py:3947} INFO - Setting next_dagrun for dataset_consumes_1_never_scheduled to None, run_after=None
[2026-09-15T21:39:22.060+0000] {logging_mixin.py:188} INFO - [2026-09-15T21:39:22.060+0000] {dag.py:3947} INFO - Setting next_dagrun for dataset_consumes_unknown_never_scheduled to None, run_after=None
[2026-09-15T21:39:22.063+0000] {logging_mixin.py:188} INFO - [2026-09-15T21:39:22.062+0000] {dag.py:3947} INFO - Setting next_dagrun for dataset_produces_1 to 2026-09-14 00:00:00+00:00, run_after=2026-09-15 00:00:00+00:00
[2026-09-15T21:39:22.064+0000] {logging_mixin.py:188} INFO - [2026-09-15T21:39:22.064+0000] {dag.py:3947} INFO - Setting next_dagrun for dataset_produces_2 to None, run_after=None
[2026-09-15T21:39:22.096+0000] {processor.py:183} INFO - Processing /home/airflow/.local/lib/python3.12/site-packages/airflow/example_dags/example_datasets.py took 0.120 seconds
[2026-09-15T21:39:52.169+0000] {processor.py:161} INFO - Started process (PID=9506) to work on /home/airflow/.local/lib/python3.12/site-packages/airflow/example_dags/example_datasets.py
[2026-09-15T21:39:52.170+0000] {processor.py:830} INFO - Processing file /home/airflow/.local/lib/python3.12/site-packages/airflow/example_dags/example_datasets.py for tasks to queue
[2026-09-15T21:39:52.172+0000] {logging_mixin.py:188} INFO - [2026-09-15T21:39:52.172+0000] {dagbag.py:545} INFO - Filling up the DagBag from /home/airflow/.local/lib/python3.12/site-packages/airflow/example_dags/example_datasets.py
[2026-09-15T21:39:52.182+0000] {processor.py:840} INFO - DAG(s) 'dataset_consumes_1_and_2', 'dataset_consumes_1_never_scheduled', 'dataset_produces_1', 'consume_1_or_both_2_and_3_with_dataset_expressions', 'dataset_produces_2', 'conditional_dataset_and_time_based_timetable', 'dataset_consumes_1', 'consume_1_and_2_with_dataset_expressions', 'consume_1_or_2_with_dataset_expressions', 'dataset_consumes_unknown_never_scheduled' retrieved from /home/airflow/.local/lib/python3.12/site-packages/airflow/example_dags/example_datasets.py
[2026-09-15T21:39:52.214+0000] {logging_mixin.py:188} INFO - [2026-09-15T21:39:52.214+0000] {dag.py:3089} INFO - Sync 10 DAGs
[2026-09-15T21:39:52.231+0000] {logging_mixin.py:188} INFO - [2026-09-15T21:39:52.230+0000] {dag.py:3947} INFO - Setting next_dagrun for conditional_dataset_and_time_based_timetable to 2026-09-09 01:00:00+00:00, run_after=2026-09-09 01:00:00+00:00
[2026-09-15T21:39:52.235+0000] {logging_mixin.py:188} INFO - [2026-09-15T21:39:52.234+0000] {dag.py:3947} INFO - Setting next_dagrun for consume_1_and_2_with_dataset_expressions to None, run_after=None
[2026-09-15T21:39:52.236+0000] {logging_mixin.py:188} INFO - [2026-09-15T21:39:52.236+0000] {dag.py:3947} INFO - Setting next_dagrun for consume_1_or_2_with_dataset_expressions to None, run_after=None
[2026-09-15T21:39:52.238+0000] {logging_mixin.py:188} INFO - [2026-09-15T21:39:52.238+0000] {dag.py:3947} INFO - Setting next_dagrun for consume_1_or_both_2_and_3_with_dataset_expressions to None, run_after=None
[2026-09-15T21:39:52.239+0000] {logging_mixin.py:188} INFO - [2026-09-15T21:39:52.239+0000] {dag.py:3947} INFO - Setting next_dagrun for dataset_consumes_1 to None, run_after=None
[2026-09-15T21:39:52.241+0000] {logging_mixin.py:188} INFO - [2026-09-15T21:39:52.241+0000] {dag.py:3947} INFO - Setting next_dagrun for dataset_consumes_1_and_2 to None, run_after=None
[2026-09-15T21:39:52.242+0000] {logging_mixin.py:188} INFO - [2026-09-15T21:39:52.242+0000] {dag.py:3947} INFO - Setting next_dagrun for dataset_consumes_1_never_scheduled to None, run_after=None
[2026-09-15T21:39:52.244+0000] {logging_mixin.py:188} INFO - [2026-09-15T21:39:52.244+0000] {dag.py:3947} INFO - Setting next_dagrun for dataset_consumes_unknown_never_scheduled to None, run_after=None
[2026-09-15T21:39:52.247+0000] {logging_mixin.py:188} INFO - [2026-09-15T21:39:52.246+0000] {dag.py:3947} INFO - Setting next_dagrun for dataset_produces_1 to 2026-09-14 00:00:00+00:00, run_after=2026-09-15 00:00:00+00:00
[2026-09-15T21:39:52.248+0000] {logging_mixin.py:188} INFO - [2026-09-15T21:39:52.248+0000] {dag.py:3947} INFO - Setting next_dagrun for dataset_produces_2 to None, run_after=None
[2026-09-15T21:39:52.272+0000] {processor.py:183} INFO - Processing /home/airflow/.local/lib/python3.12/site-packages/airflow/example_dags/example_datasets.py took 0.107 seconds
[2026-09-15T21:40:22.408+0000] {processor.py:161} INFO - Started process (PID=9768) to work on /home/airflow/.local/lib/python3.12/site-packages/airflow/example_dags/example_datasets.py
[2026-09-15T21:40:22.409+0000] {processor.py:830} INFO - Processing file /home/airflow/.local/lib/python3.12/site-packages/airflow/example_dags/example_datasets.py for tasks to queue
[2026-09-15T21:40:22.411+0000] {logging_mixin.py:188} INFO - [2026-09-15T21:40:22.411+0000] {dagbag.py:545} INFO - Filling up the DagBag from /home/airflow/.local/lib/python3.12/site-packages/airflow/example_dags/example_datasets.py
[2026-09-15T21:40:22.421+0000] {processor.py:840} INFO - DAG(s) 'dataset_consumes_1_and_2', 'dataset_consumes_1_never_scheduled', 'dataset_consumes_1', 'conditional_dataset_and_time_based_timetable', 'consume_1_or_2_with_dataset_expressions', 'dataset_produces_1', 'dataset_consumes_unknown_never_scheduled', 'consume_1_or_both_2_and_3_with_dataset_expressions', 'consume_1_and_2_with_dataset_expressions', 'dataset_produces_2' retrieved from /home/airflow/.local/lib/python3.12/site-packages/airflow/example_dags/example_datasets.py
[2026-09-15T21:40:22.456+0000] {logging_mixin.py:188} INFO - [2026-09-15T21:40:22.456+0000] {dag.py:3089} INFO - Sync 10 DAGs
[2026-09-15T21:40:22.474+0000] {logging_mixin.py:188} INFO - [2026-09-15T21:40:22.473+0000] {dag.py:3947} INFO - Setting next_dagrun for conditional_dataset_and_time_based_timetable to 2026-09-09 01:00:00+00:00, run_after=2026-09-09 01:00:00+00:00
[2026-09-15T21:40:22.477+0000] {logging_mixin.py:188} INFO - [2026-09-15T21:40:22.477+0000] {dag.py:3947} INFO - Setting next_dagrun for consume_1_and_2_with_dataset_expressions to None, run_after=None
[2026-09-15T21:40:22.479+0000] {logging_mixin.py:188} INFO - [2026-09-15T21:40:22.479+0000] {dag.py:3947} INFO - Setting next_dagrun for consume_1_or_2_with_dataset_expressions to None, run_after=None
[2026-09-15T21:40:22.481+0000] {logging_mixin.py:188} INFO - [2026-09-15T21:40:22.480+0000] {dag.py:3947} INFO - Setting next_dagrun for consume_1_or_both_2_and_3_with_dataset_expressions to None, run_after=None
[2026-09-15T21:40:22.482+0000] {logging_mixin.py:188} INFO - [2026-09-15T21:40:22.482+0000] {dag.py:3947} INFO - Setting next_dagrun for dataset_consumes_1 to None, run_after=None
[2026-09-15T21:40:22.484+0000] {logging_mixin.py:188} INFO - [2026-09-15T21:40:22.484+0000] {dag.py:3947} INFO - Setting next_dagrun for dataset_consumes_1_and_2 to None, run_after=None
[2026-09-15T21:40:22.485+0000] {logging_mixin.py:188} INFO - [2026-09-15T21:40:22.485+0000] {dag.py:3947} INFO - Setting next_dagrun for dataset_consumes_1_never_scheduled to None, run_after=None
[2026-09-15T21:40:22.486+0000] {logging_mixin.py:188} INFO - [2026-09-15T21:40:22.486+0000] {dag.py:3947} INFO - Setting next_dagrun for dataset_consumes_unknown_never_scheduled to None, run_after=None
[2026-09-15T21:40:22.488+0000] {logging_mixin.py:188} INFO - [2026-09-15T21:40:22.488+0000] {dag.py:3947} INFO - Setting next_dagrun for dataset_produces_1 to 2026-09-14 00:00:00+00:00, run_after=2026-09-15 00:00:00+00:00
[2026-09-15T21:40:22.490+0000] {logging_mixin.py:188} INFO - [2026-09-15T21:40:22.490+0000] {dag.py:3947} INFO - Setting next_dagrun for dataset_produces_2 to None, run_after=None
[2026-09-15T21:40:22.517+0000] {processor.py:183} INFO - Processing /home/airflow/.local/lib/python3.12/site-packages/airflow/example_dags/example_datasets.py took 0.113 seconds
[2026-09-15T21:40:53.065+0000] {processor.py:161} INFO - Started process (PID=10030) to work on /home/airflow/.local/lib/python3.12/site-packages/airflow/example_dags/example_datasets.py
[2026-09-15T21:40:53.067+0000] {processor.py:830} INFO - Processing file /home/airflow/.local/lib/python3.12/site-packages/airflow/example_dags/example_datasets.py for tasks to queue
[2026-09-15T21:40:53.070+0000] {logging_mixin.py:188} INFO - [2026-09-15T21:40:53.070+0000] {dagbag.py:545} INFO - Filling up the DagBag from /home/airflow/.local/lib/python3.12/site-packages/airflow/example_dags/example_datasets.py
[2026-09-15T21:40:53.089+0000] {processor.py:840} INFO - DAG(s) 'dataset_consumes_1_and_2', 'consume_1_or_2_with_dataset_expressions', 'conditional_dataset_and_time_based_timetable', 'dataset_consumes_unknown_never_scheduled', 'dataset_consumes_1_never_scheduled', 'consume_1_and_2_with_dataset_expressions', 'dataset_produces_2', 'dataset_produces_1', 'dataset_consumes_1', 'consume_1_or_both_2_and_3_with_dataset_expressions' retrieved from /home/airflow/.local/lib/python3.12/site-packages/airflow/example_dags/example_datasets.py
[2026-09-15T21:40:53.136+0000] {logging_mixin.py:188} INFO - [2026-09-15T21:40:53.135+0000] {dag.py:3089} INFO - Sync 10 DAGs
[2026-09-15T21:40:53.157+0000] {logging_mixin.py:188} INFO - [2026-09-15T21:40:53.157+0000] {dag.py:3947} INFO - Setting next_dagrun for conditional_dataset_and_time_based_timetable to 2026-09-09 01:00:00+00:00, run_after=2026-09-09 01:00:00+00:00
[2026-09-15T21:40:53.162+0000] {logging_mixin.py:188} INFO - [2026-09-15T21:40:53.161+0000] {dag.py:3947} INFO - Setting next_dagrun for consume_1_and_2_with_dataset_expressions to None, run_after=None
[2026-09-15T21:40:53.163+0000] {logging_mixin.py:188} INFO - [2026-09-15T21:40:53.163+0000] {dag.py:3947} INFO - Setting next_dagrun for consume_1_or_2_with_dataset_expressions to None, run_after=None
[2026-09-15T21:40:53.166+0000] {logging_mixin.py:188} INFO - [2026-09-15T21:40:53.165+0000] {dag.py:3947} INFO - Setting next_dagrun for consume_1_or_both_2_and_3_with_dataset_expressions to None, run_after=None
[2026-09-15T21:40:53.168+0000] {logging_mixin.py:188} INFO - [2026-09-15T21:40:53.168+0000] {dag.py:3947} INFO - Setting next_dagrun for dataset_consumes_1 to None, run_after=None
[2026-09-15T21:40:53.170+0000] {logging_mixin.py:188} INFO - [2026-09-15T21:40:53.169+0000] {dag.py:3947} INFO - Setting next_dagrun for dataset_consumes_1_and_2 to None, run_after=None
[2026-09-15T21:40:53.171+0000] {logging_mixin.py:188} INFO - [2026-09-15T21:40:53.171+0000] {dag.py:3947} INFO - Setting next_dagrun for dataset_consumes_1_never_scheduled to None, run_after=None
[2026-09-15T21:40:53.173+0000] {logging_mixin.py:188} INFO - [2026-09-15T21:40:53.173+0000] {dag.py:3947} INFO - Setting next_dagrun for dataset_consumes_unknown_never_scheduled to None, run_after=None
[2026-09-15T21:40:53.175+0000] {logging_mixin.py:188} INFO - [2026-09-15T21:40:53.175+0000] {dag.py:3947} INFO - Setting next_dagrun for dataset_produces_1 to 2026-09-14 00:00:00+00:00, run_after=2026-09-15 00:00:00+00:00
[2026-09-15T21:40:53.176+0000] {logging_mixin.py:188} INFO - [2026-09-15T21:40:53.176+0000] {dag.py:3947} INFO - Setting next_dagrun for dataset_produces_2 to None, run_after=None
[2026-09-15T21:40:53.204+0000] {processor.py:183} INFO - Processing /home/airflow/.local/lib/python3.12/site-packages/airflow/example_dags/example_datasets.py took 0.146 seconds
[2026-09-15T21:41:23.704+0000] {processor.py:161} INFO - Started process (PID=10292) to work on /home/airflow/.local/lib/python3.12/site-packages/airflow/example_dags/example_datasets.py
[2026-09-15T21:41:23.706+0000] {processor.py:830} INFO - Processing file /home/airflow/.local/lib/python3.12/site-packages/airflow/example_dags/example_datasets.py for tasks to queue
[2026-09-15T21:41:23.708+0000] {logging_mixin.py:188} INFO - [2026-09-15T21:41:23.708+0000] {dagbag.py:545} INFO - Filling up the DagBag from /home/airflow/.local/lib/python3.12/site-packages/airflow/example_dags/example_datasets.py
[2026-09-15T21:41:23.726+0000] {processor.py:840} INFO - DAG(s) 'consume_1_or_both_2_and_3_with_dataset_expressions', 'conditional_dataset_and_time_based_timetable', 'consume_1_and_2_with_dataset_expressions', 'dataset_consumes_1_never_scheduled', 'consume_1_or_2_with_dataset_expressions', 'dataset_produces_1', 'dataset_consumes_unknown_never_scheduled', 'dataset_produces_2', 'dataset_consumes_1', 'dataset_consumes_1_and_2' retrieved from /home/airflow/.local/lib/python3.12/site-packages/airflow/example_dags/example_datasets.py
[2026-09-15T21:41:23.763+0000] {logging_mixin.py:188} INFO - [2026-09-15T21:41:23.763+0000] {dag.py:3089} INFO - Sync 10 DAGs
[2026-09-15T21:41:23.785+0000] {logging_mixin.py:188} INFO - [2026-09-15T21:41:23.785+0000] {dag.py:3947} INFO - Setting next_dagrun for conditional_dataset_and_time_based_timetable to 2026-09-09 01:00:00+00:00, run_after=2026-09-09 01:00:00+00:00
[2026-09-15T21:41:23.789+0000] {logging_mixin.py:188} INFO - [2026-09-15T21:41:23.789+0000] {dag.py:3947} INFO - Setting next_dagrun for consume_1_and_2_with_dataset_expressions to None, run_after=None
[2026-09-15T21:41:23.790+0000] {logging_mixin.py:188} INFO - [2026-09-15T21:41:23.790+0000] {dag.py:3947} INFO - Setting next_dagrun for consume_1_or_2_with_dataset_expressions to None, run_after=None
[2026-09-15T21:41:23.792+0000] {logging_mixin.py:188} INFO - [2026-09-15T21:41:23.792+0000] {dag.py:3947} INFO - Setting next_dagrun for consume_1_or_both_2_and_3_with_dataset_expressions to None, run_after=None
[2026-09-15T21:41:23.794+0000] {logging_mixin.py:188} INFO - [2026-09-15T21:41:23.794+0000] {dag.py:3947} INFO - Setting next_dagrun for dataset_consumes_1 to None, run_after=None
[2026-09-15T21:41:23.795+0000] {logging_mixin.py:188} INFO - [2026-09-15T21:41:23.795+0000] {dag.py:3947} INFO - Setting next_dagrun for dataset_consumes_1_and_2 to None, run_after=None
[2026-09-15T21:41:23.796+0000] {logging_mixin.py:188} INFO - [2026-09-15T21:41:23.796+0000] {dag.py:3947} INFO - Setting next_dagrun for dataset_consumes_1_never_scheduled to None, run_after=None
[2026-09-15T21:41:23.798+0000] {logging_mixin.py:188} INFO - [2026-09-15T21:41:23.798+0000] {dag.py:3947} INFO - Setting next_dagrun for dataset_consumes_unknown_never_scheduled to None, run_after=None
[2026-09-15T21:41:23.800+0000] {logging_mixin.py:188} INFO - [2026-09-15T21:41:23.800+0000] {dag.py:3947} INFO - Setting next_dagrun for dataset_produces_1 to 2026-09-14 00:00:00+00:00, run_after=2026-09-15 00:00:00+00:00
[2026-09-15T21:41:23.801+0000] {logging_mixin.py:188} INFO - [2026-09-15T21:41:23.801+0000] {dag.py:3947} INFO - Setting next_dagrun for dataset_produces_2 to None, run_after=None
[2026-09-15T21:41:23.832+0000] {processor.py:183} INFO - Processing /home/airflow/.local/lib/python3.12/site-packages/airflow/example_dags/example_datasets.py took 0.134 seconds
[2026-09-15T21:41:54.554+0000] {processor.py:161} INFO - Started process (PID=10554) to work on /home/airflow/.local/lib/python3.12/site-packages/airflow/example_dags/example_datasets.py
[2026-09-15T21:41:54.555+0000] {processor.py:830} INFO - Processing file /home/airflow/.local/lib/python3.12/site-packages/airflow/example_dags/example_datasets.py for tasks to queue
[2026-09-15T21:41:54.557+0000] {logging_mixin.py:188} INFO - [2026-09-15T21:41:54.557+0000] {dagbag.py:545} INFO - Filling up the DagBag from /home/airflow/.local/lib/python3.12/site-packages/airflow/example_dags/example_datasets.py
[2026-09-15T21:41:54.568+0000] {processor.py:840} INFO - DAG(s) 'consume_1_or_both_2_and_3_with_dataset_expressions', 'dataset_consumes_1_and_2', 'dataset_produces_1', 'conditional_dataset_and_time_based_timetable', 'dataset_produces_2', 'consume_1_or_2_with_dataset_expressions', 'dataset_consumes_1_never_scheduled', 'dataset_consumes_unknown_never_scheduled', 'dataset_consumes_1', 'consume_1_and_2_with_dataset_expressions' retrieved from /home/airflow/.local/lib/python3.12/site-packages/airflow/example_dags/example_datasets.py
[2026-09-15T21:41:54.765+0000] {logging_mixin.py:188} INFO - [2026-09-15T21:41:54.765+0000] {dag.py:3089} INFO - Sync 10 DAGs
[2026-09-15T21:41:54.783+0000] {logging_mixin.py:188} INFO - [2026-09-15T21:41:54.782+0000] {dag.py:3947} INFO - Setting next_dagrun for conditional_dataset_and_time_based_timetable to 2026-09-09 01:00:00+00:00, run_after=2026-09-09 01:00:00+00:00
[2026-09-15T21:41:54.786+0000] {logging_mixin.py:188} INFO - [2026-09-15T21:41:54.785+0000] {dag.py:3947} INFO - Setting next_dagrun for consume_1_and_2_with_dataset_expressions to None, run_after=None
[2026-09-15T21:41:54.789+0000] {logging_mixin.py:188} INFO - [2026-09-15T21:41:54.789+0000] {dag.py:3947} INFO - Setting next_dagrun for consume_1_or_2_with_dataset_expressions to None, run_after=None
[2026-09-15T21:41:54.791+0000] {logging_mixin.py:188} INFO - [2026-09-15T21:41:54.790+0000] {dag.py:3947} INFO - Setting next_dagrun for consume_1_or_both_2_and_3_with_dataset_expressions to None, run_after=None
[2026-09-15T21:41:54.792+0000] {logging_mixin.py:188} INFO - [2026-09-15T21:41:54.792+0000] {dag.py:3947} INFO - Setting next_dagrun for dataset_consumes_1 to None, run_after=None
[2026-09-15T21:41:54.794+0000] {logging_mixin.py:188} INFO - [2026-09-15T21:41:54.793+0000] {dag.py:3947} INFO - Setting next_dagrun for dataset_consumes_1_and_2 to None, run_after=None
[2026-09-15T21:41:54.795+0000] {logging_mixin.py:188} INFO - [2026-09-15T21:41:54.795+0000] {dag.py:3947} INFO - Setting next_dagrun for dataset_consumes_1_never_scheduled to None, run_after=None
[2026-09-15T21:41:54.796+0000] {logging_mixin.py:188} INFO - [2026-09-15T21:41:54.796+0000] {dag.py:3947} INFO - Setting next_dagrun for dataset_consumes_unknown_never_scheduled to None, run_after=None
[2026-09-15T21:41:54.798+0000] {logging_mixin.py:188} INFO - [2026-09-15T21:41:54.798+0000] {dag.py:3947} INFO - Setting next_dagrun for dataset_produces_1 to 2026-09-14 00:00:00+00:00, run_after=2026-09-15 00:00:00+00:00
[2026-09-15T21:41:54.799+0000] {logging_mixin.py:188} INFO - [2026-09-15T21:41:54.799+0000] {dag.py:3947} INFO - Setting next_dagrun for dataset_produces_2 to None, run_after=None
[2026-09-15T21:41:54.825+0000] {processor.py:183} INFO - Processing /home/airflow/.local/lib/python3.12/site-packages/airflow/example_dags/example_datasets.py took 0.275 seconds
[2026-09-15T21:42:25.056+0000] {processor.py:161} INFO - Started process (PID=10816) to work on /home/airflow/.local/lib/python3.12/site-packages/airflow/example_dags/example_datasets.py
[2026-09-15T21:42:25.058+0000] {processor.py:830} INFO - Processing file /home/airflow/.local/lib/python3.12/site-packages/airflow/example_dags/example_datasets.py for tasks to queue
[2026-09-15T21:42:25.061+0000] {logging_mixin.py:188} INFO - [2026-09-15T21:42:25.061+0000] {dagbag.py:545} INFO - Filling up the DagBag from /home/airflow/.local/lib/python3.12/site-packages/airflow/example_dags/example_datasets.py
[2026-09-15T21:42:25.074+0000] {processor.py:840} INFO - DAG(s) 'dataset_consumes_1_and_2', 'consume_1_and_2_with_dataset_expressions', 'consume_1_or_2_with_dataset_expressions', 'dataset_produces_1', 'dataset_consumes_1_never_scheduled', 'conditional_dataset_and_time_based_timetable', 'dataset_produces_2', 'consume_1_or_both_2_and_3_with_dataset_expressions', 'dataset_consumes_1', 'dataset_consumes_unknown_never_scheduled' retrieved from /home/airflow/.local/lib/python3.12/site-packages/airflow/example_dags/example_datasets.py
[2026-09-15T21:42:25.119+0000] {logging_mixin.py:188} INFO - [2026-09-15T21:42:25.119+0000] {dag.py:3089} INFO - Sync 10 DAGs
[2026-09-15T21:42:25.304+0000] {logging_mixin.py:188} INFO - [2026-09-15T21:42:25.304+0000] {dag.py:3947} INFO - Setting next_dagrun for conditional_dataset_and_time_based_timetable to 2026-09-09 01:00:00+00:00, run_after=2026-09-09 01:00:00+00:00
[2026-09-15T21:42:25.307+0000] {logging_mixin.py:188} INFO - [2026-09-15T21:42:25.307+0000] {dag.py:3947} INFO - Setting next_dagrun for consume_1_and_2_with_dataset_expressions to None, run_after=None
[2026-09-15T21:42:25.310+0000] {logging_mixin.py:188} INFO - [2026-09-15T21:42:25.310+0000] {dag.py:3947} INFO - Setting next_dagrun for consume_1_or_2_with_dataset_expressions to None, run_after=None
[2026-09-15T21:42:25.312+0000] {logging_mixin.py:188} INFO - [2026-09-15T21:42:25.312+0000] {dag.py:3947} INFO - Setting next_dagrun for consume_1_or_both_2_and_3_with_dataset_expressions to None, run_after=None
[2026-09-15T21:42:25.314+0000] {logging_mixin.py:188} INFO - [2026-09-15T21:42:25.314+0000] {dag.py:3947} INFO - Setting next_dagrun for dataset_consumes_1 to None, run_after=None
[2026-09-15T21:42:25.316+0000] {logging_mixin.py:188} INFO - [2026-09-15T21:42:25.316+0000] {dag.py:3947} INFO - Setting next_dagrun for dataset_consumes_1_and_2 to None, run_after=None
[2026-09-15T21:42:25.318+0000] {logging_mixin.py:188} INFO - [2026-09-15T21:42:25.318+0000] {dag.py:3947} INFO - Setting next_dagrun for dataset_consumes_1_never_scheduled to None, run_after=None
[2026-09-15T21:42:25.319+0000] {logging_mixin.py:188} INFO - [2026-09-15T21:42:25.319+0000] {dag.py:3947} INFO - Setting next_dagrun for dataset_consumes_unknown_never_scheduled to None, run_after=None
[2026-09-15T21:42:25.321+0000] {logging_mixin.py:188} INFO - [2026-09-15T21:42:25.321+0000] {dag.py:3947} INFO - Setting next_dagrun for dataset_produces_1 to 2026-09-14 00:00:00+00:00, run_after=2026-09-15 00:00:00+00:00
[2026-09-15T21:42:25.323+0000] {logging_mixin.py:188} INFO - [2026-09-15T21:42:25.323+0000] {dag.py:3947} INFO - Setting next_dagrun for dataset_produces_2 to None, run_after=None
[2026-09-15T21:42:25.353+0000] {processor.py:183} INFO - Processing /home/airflow/.local/lib/python3.12/site-packages/airflow/example_dags/example_datasets.py took 0.302 seconds
[2026-09-15T21:42:55.869+0000] {processor.py:161} INFO - Started process (PID=11078) to work on /home/airflow/.local/lib/python3.12/site-packages/airflow/example_dags/example_datasets.py
[2026-09-15T21:42:55.870+0000] {processor.py:830} INFO - Processing file /home/airflow/.local/lib/python3.12/site-packages/airflow/example_dags/example_datasets.py for tasks to queue
[2026-09-15T21:42:55.871+0000] {logging_mixin.py:188} INFO - [2026-09-15T21:42:55.871+0000] {dagbag.py:545} INFO - Filling up the DagBag from /home/airflow/.local/lib/python3.12/site-packages/airflow/example_dags/example_datasets.py
[2026-09-15T21:42:55.881+0000] {processor.py:840} INFO - DAG(s) 'dataset_consumes_1', 'consume_1_or_2_with_dataset_expressions', 'dataset_consumes_1_never_scheduled', 'dataset_consumes_unknown_never_scheduled', 'dataset_produces_1', 'consume_1_and_2_with_dataset_expressions', 'conditional_dataset_and_time_based_timetable', 'consume_1_or_both_2_and_3_with_dataset_expressions', 'dataset_produces_2', 'dataset_consumes_1_and_2' retrieved from /home/airflow/.local/lib/python3.12/site-packages/airflow/example_dags/example_datasets.py
[2026-09-15T21:42:55.919+0000] {logging_mixin.py:188} INFO - [2026-09-15T21:42:55.918+0000] {dag.py:3089} INFO - Sync 10 DAGs
[2026-09-15T21:42:55.937+0000] {logging_mixin.py:188} INFO - [2026-09-15T21:42:55.937+0000] {dag.py:3947} INFO - Setting next_dagrun for conditional_dataset_and_time_based_timetable to 2026-09-09 01:00:00+00:00, run_after=2026-09-09 01:00:00+00:00
[2026-09-15T21:42:55.941+0000] {logging_mixin.py:188} INFO - [2026-09-15T21:42:55.941+0000] {dag.py:3947} INFO - Setting next_dagrun for consume_1_and_2_with_dataset_expressions to None, run_after=None
[2026-09-15T21:42:55.943+0000] {logging_mixin.py:188} INFO - [2026-09-15T21:42:55.943+0000] {dag.py:3947} INFO - Setting next_dagrun for consume_1_or_2_with_dataset_expressions to None, run_after=None
[2026-09-15T21:42:55.944+0000] {logging_mixin.py:188} INFO - [2026-09-15T21:42:55.944+0000] {dag.py:3947} INFO - Setting next_dagrun for consume_1_or_both_2_and_3_with_dataset_expressions to None, run_after=None
[2026-09-15T21:42:55.945+0000] {logging_mixin.py:188} INFO - [2026-09-15T21:42:55.945+0000] {dag.py:3947} INFO - Setting next_dagrun for dataset_consumes_1 to None, run_after=None
[2026-09-15T21:42:55.947+0000] {logging_mixin.py:188} INFO - [2026-09-15T21:42:55.947+0000] {dag.py:3947} INFO - Setting next_dagrun for dataset_consumes_1_and_2 to None, run_after=None
[2026-09-15T21:42:55.949+0000] {logging_mixin.py:188} INFO - [2026-09-15T21:42:55.948+0000] {dag.py:3947} INFO - Setting next_dagrun for dataset_consumes_1_never_scheduled to None, run_after=None
[2026-09-15T21:42:55.950+0000] {logging_mixin.py:188} INFO - [2026-09-15T21:42:55.950+0000] {dag.py:3947} INFO - Setting next_dagrun for dataset_consumes_unknown_never_scheduled to None, run_after=None
[2026-09-15T21:42:55.952+0000] {logging_mixin.py:188} INFO - [2026-09-15T21:42:55.952+0000] {dag.py:3947} INFO - Setting next_dagrun for dataset_produces_1 to 2026-09-14 00:00:00+00:00, run_after=2026-09-15 00:00:00+00:00
[2026-09-15T21:42:55.954+0000] {logging_mixin.py:188} INFO - [2026-09-15T21:42:55.954+0000] {dag.py:3947} INFO - Setting next_dagrun for dataset_produces_2 to None, run_after=None
[2026-09-15T21:42:55.981+0000] {processor.py:183} INFO - Processing /home/airflow/.local/lib/python3.12/site-packages/airflow/example_dags/example_datasets.py took 0.116 seconds
[2026-09-15T21:43:26.111+0000] {processor.py:161} INFO - Started process (PID=11342) to work on /home/airflow/.local/lib/python3.12/site-packages/airflow/example_dags/example_datasets.py
[2026-09-15T21:43:26.113+0000] {processor.py:830} INFO - Processing file /home/airflow/.local/lib/python3.12/site-packages/airflow/example_dags/example_datasets.py for tasks to queue
[2026-09-15T21:43:26.116+0000] {logging_mixin.py:188} INFO - [2026-09-15T21:43:26.115+0000] {dagbag.py:545} INFO - Filling up the DagBag from /home/airflow/.local/lib/python3.12/site-packages/airflow/example_dags/example_datasets.py
[2026-09-15T21:43:26.127+0000] {processor.py:840} INFO - DAG(s) 'consume_1_or_2_with_dataset_expressions', 'dataset_produces_1', 'conditional_dataset_and_time_based_timetable', 'dataset_consumes_unknown_never_scheduled', 'dataset_consumes_1', 'consume_1_and_2_with_dataset_expressions', 'dataset_produces_2', 'dataset_consumes_1_never_scheduled', 'dataset_consumes_1_and_2', 'consume_1_or_both_2_and_3_with_dataset_expressions' retrieved from /home/airflow/.local/lib/python3.12/site-packages/airflow/example_dags/example_datasets.py
[2026-09-15T21:43:26.167+0000] {logging_mixin.py:188} INFO - [2026-09-15T21:43:26.166+0000] {dag.py:3089} INFO - Sync 10 DAGs
[2026-09-15T21:43:26.188+0000] {logging_mixin.py:188} INFO - [2026-09-15T21:43:26.188+0000] {dag.py:3947} INFO - Setting next_dagrun for conditional_dataset_and_time_based_timetable to 2026-09-09 01:00:00+00:00, run_after=2026-09-09 01:00:00+00:00
[2026-09-15T21:43:26.192+0000] {logging_mixin.py:188} INFO - [2026-09-15T21:43:26.192+0000] {dag.py:3947} INFO - Setting next_dagrun for consume_1_and_2_with_dataset_expressions to None, run_after=None
[2026-09-15T21:43:26.194+0000] {logging_mixin.py:188} INFO - [2026-09-15T21:43:26.194+0000] {dag.py:3947} INFO - Setting next_dagrun for consume_1_or_2_with_dataset_expressions to None, run_after=None
[2026-09-15T21:43:26.196+0000] {logging_mixin.py:188} INFO - [2026-09-15T21:43:26.196+0000] {dag.py:3947} INFO - Setting next_dagrun for consume_1_or_both_2_and_3_with_dataset_expressions to None, run_after=None
[2026-09-15T21:43:26.197+0000] {logging_mixin.py:188} INFO - [2026-09-15T21:43:26.197+0000] {dag.py:3947} INFO - Setting next_dagrun for dataset_consumes_1 to None, run_after=None
[2026-09-15T21:43:26.198+0000] {logging_mixin.py:188} INFO - [2026-09-15T21:43:26.198+0000] {dag.py:3947} INFO - Setting next_dagrun for dataset_consumes_1_and_2 to None, run_after=None
[2026-09-15T21:43:26.199+0000] {logging_mixin.py:188} INFO - [2026-09-15T21:43:26.199+0000] {dag.py:3947} INFO - Setting next_dagrun for dataset_consumes_1_never_scheduled to None, run_after=None
[2026-09-15T21:43:26.201+0000] {logging_mixin.py:188} INFO - [2026-09-15T21:43:26.200+0000] {dag.py:3947} INFO - Setting next_dagrun for dataset_consumes_unknown_never_scheduled to None, run_after=None
[2026-09-15T21:43:26.203+0000] {logging_mixin.py:188} INFO - [2026-09-15T21:43:26.202+0000] {dag.py:3947} INFO - Setting next_dagrun for dataset_produces_1 to 2026-09-14 00:00:00+00:00, run_after=2026-09-15 00:00:00+00:00
[2026-09-15T21:43:26.204+0000] {logging_mixin.py:188} INFO - [2026-09-15T21:43:26.204+0000] {dag.py:3947} INFO - Setting next_dagrun for dataset_produces_2 to None, run_after=None
[2026-09-15T21:43:26.233+0000] {processor.py:183} INFO - Processing /home/airflow/.local/lib/python3.12/site-packages/airflow/example_dags/example_datasets.py took 0.128 seconds
[2026-09-15T21:43:56.370+0000] {processor.py:161} INFO - Started process (PID=11609) to work on /home/airflow/.local/lib/python3.12/site-packages/airflow/example_dags/example_datasets.py
[2026-09-15T21:43:56.372+0000] {processor.py:830} INFO - Processing file /home/airflow/.local/lib/python3.12/site-packages/airflow/example_dags/example_datasets.py for tasks to queue
[2026-09-15T21:43:56.374+0000] {logging_mixin.py:188} INFO - [2026-09-15T21:43:56.374+0000] {dagbag.py:545} INFO - Filling up the DagBag from /home/airflow/.local/lib/python3.12/site-packages/airflow/example_dags/example_datasets.py
[2026-09-15T21:43:56.389+0000] {processor.py:840} INFO - DAG(s) 'consume_1_or_2_with_dataset_expressions', 'dataset_consumes_1_and_2', 'dataset_consumes_unknown_never_scheduled', 'consume_1_and_2_with_dataset_expressions', 'dataset_consumes_1_never_scheduled', 'conditional_dataset_and_time_based_timetable', 'dataset_consumes_1', 'dataset_produces_2', 'dataset_produces_1', 'consume_1_or_both_2_and_3_with_dataset_expressions' retrieved from /home/airflow/.local/lib/python3.12/site-packages/airflow/example_dags/example_datasets.py
[2026-09-15T21:43:56.429+0000] {logging_mixin.py:188} INFO - [2026-09-15T21:43:56.428+0000] {dag.py:3089} INFO - Sync 10 DAGs
[2026-09-15T21:43:56.450+0000] {logging_mixin.py:188} INFO - [2026-09-15T21:43:56.450+0000] {dag.py:3947} INFO - Setting next_dagrun for conditional_dataset_and_time_based_timetable to 2026-09-09 01:00:00+00:00, run_after=2026-09-09 01:00:00+00:00
[2026-09-15T21:43:56.454+0000] {logging_mixin.py:188} INFO - [2026-09-15T21:43:56.454+0000] {dag.py:3947} INFO - Setting next_dagrun for consume_1_and_2_with_dataset_expressions to None, run_after=None
[2026-09-15T21:43:56.456+0000] {logging_mixin.py:188} INFO - [2026-09-15T21:43:56.456+0000] {dag.py:3947} INFO - Setting next_dagrun for consume_1_or_2_with_dataset_expressions to None, run_after=None
[2026-09-15T21:43:56.458+0000] {logging_mixin.py:188} INFO - [2026-09-15T21:43:56.458+0000] {dag.py:3947} INFO - Setting next_dagrun for consume_1_or_both_2_and_3_with_dataset_expressions to None, run_after=None
[2026-09-15T21:43:56.460+0000] {logging_mixin.py:188} INFO - [2026-09-15T21:43:56.460+0000] {dag.py:3947} INFO - Setting next_dagrun for dataset_consumes_1 to None, run_after=None
[2026-09-15T21:43:56.462+0000] {logging_mixin.py:188} INFO - [2026-09-15T21:43:56.462+0000] {dag.py:3947} INFO - Setting next_dagrun for dataset_consumes_1_and_2 to None, run_after=None
[2026-09-15T21:43:56.463+0000] {logging_mixin.py:188} INFO - [2026-09-15T21:43:56.463+0000] {dag.py:3947} INFO - Setting next_dagrun for dataset_consumes_1_never_scheduled to None, run_after=None
[2026-09-15T21:43:56.465+0000] {logging_mixin.py:188} INFO - [2026-09-15T21:43:56.465+0000] {dag.py:3947} INFO - Setting next_dagrun for dataset_consumes_unknown_never_scheduled to None, run_after=None
[2026-09-15T21:43:56.467+0000] {logging_mixin.py:188} INFO - [2026-09-15T21:43:56.467+0000] {dag.py:3947} INFO - Setting next_dagrun for dataset_produces_1 to 2026-09-14 00:00:00+00:00, run_after=2026-09-15 00:00:00+00:00
[2026-09-15T21:43:56.469+0000] {logging_mixin.py:188} INFO - [2026-09-15T21:43:56.469+0000] {dag.py:3947} INFO - Setting next_dagrun for dataset_produces_2 to None, run_after=None
[2026-09-15T21:43:56.497+0000] {processor.py:183} INFO - Processing /home/airflow/.local/lib/python3.12/site-packages/airflow/example_dags/example_datasets.py took 0.133 seconds
[2026-09-15T21:44:26.594+0000] {processor.py:161} INFO - Started process (PID=11876) to work on /home/airflow/.local/lib/python3.12/site-packages/airflow/example_dags/example_datasets.py
[2026-09-15T21:44:26.595+0000] {processor.py:830} INFO - Processing file /home/airflow/.local/lib/python3.12/site-packages/airflow/example_dags/example_datasets.py for tasks to queue
[2026-09-15T21:44:26.597+0000] {logging_mixin.py:188} INFO - [2026-09-15T21:44:26.597+0000] {dagbag.py:545} INFO - Filling up the DagBag from /home/airflow/.local/lib/python3.12/site-packages/airflow/example_dags/example_datasets.py
[2026-09-15T21:44:26.608+0000] {processor.py:840} INFO - DAG(s) 'dataset_consumes_1', 'consume_1_and_2_with_dataset_expressions', 'dataset_produces_2', 'dataset_produces_1', 'consume_1_or_both_2_and_3_with_dataset_expressions', 'dataset_consumes_1_and_2', 'consume_1_or_2_with_dataset_expressions', 'dataset_consumes_1_never_scheduled', 'dataset_consumes_unknown_never_scheduled', 'conditional_dataset_and_time_based_timetable' retrieved from /home/airflow/.local/lib/python3.12/site-packages/airflow/example_dags/example_datasets.py
[2026-09-15T21:44:26.639+0000] {logging_mixin.py:188} INFO - [2026-09-15T21:44:26.639+0000] {dag.py:3089} INFO - Sync 10 DAGs
[2026-09-15T21:44:26.656+0000] {logging_mixin.py:188} INFO - [2026-09-15T21:44:26.656+0000] {dag.py:3947} INFO - Setting next_dagrun for conditional_dataset_and_time_based_timetable to 2026-09-09 01:00:00+00:00, run_after=2026-09-09 01:00:00+00:00
[2026-09-15T21:44:26.659+0000] {logging_mixin.py:188} INFO - [2026-09-15T21:44:26.659+0000] {dag.py:3947} INFO - Setting next_dagrun for consume_1_and_2_with_dataset_expressions to None, run_after=None
[2026-09-15T21:44:26.661+0000] {logging_mixin.py:188} INFO - [2026-09-15T21:44:26.661+0000] {dag.py:3947} INFO - Setting next_dagrun for consume_1_or_2_with_dataset_expressions to None, run_after=None
[2026-09-15T21:44:26.663+0000] {logging_mixin.py:188} INFO - [2026-09-15T21:44:26.663+0000] {dag.py:3947} INFO - Setting next_dagrun for consume_1_or_both_2_and_3_with_dataset_expressions to None, run_after=None
[2026-09-15T21:44:26.664+0000] {logging_mixin.py:188} INFO - [2026-09-15T21:44:26.664+0000] {dag.py:3947} INFO - Setting next_dagrun for dataset_consumes_1 to None, run_after=None
[2026-09-15T21:44:26.666+0000] {logging_mixin.py:188} INFO - [2026-09-15T21:44:26.665+0000] {dag.py:3947} INFO - Setting next_dagrun for dataset_consumes_1_and_2 to None, run_after=None
[2026-09-15T21:44:26.667+0000] {logging_mixin.py:188} INFO - [2026-09-15T21:44:26.667+0000] {dag.py:3947} INFO - Setting next_dagrun for dataset_consumes_1_never_scheduled to None, run_after=None
[2026-09-15T21:44:26.668+0000] {logging_mixin.py:188} INFO - [2026-09-15T21:44:26.668+0000] {dag.py:3947} INFO - Setting next_dagrun for dataset_consumes_unknown_never_scheduled to None, run_after=None
[2026-09-15T21:44:26.670+0000] {logging_mixin.py:188} INFO - [2026-09-15T21:44:26.670+0000] {dag.py:3947} INFO - Setting next_dagrun for dataset_produces_1 to 2026-09-14 00:00:00+00:00, run_after=2026-09-15 00:00:00+00:00
[2026-09-15T21:44:26.672+0000] {logging_mixin.py:188} INFO - [2026-09-15T21:44:26.672+0000] {dag.py:3947} INFO - Setting next_dagrun for dataset_produces_2 to None, run_after=None
[2026-09-15T21:44:26.698+0000] {processor.py:183} INFO - Processing /home/airflow/.local/lib/python3.12/site-packages/airflow/example_dags/example_datasets.py took 0.108 seconds
[2026-09-15T21:44:57.451+0000] {processor.py:161} INFO - Started process (PID=12138) to work on /home/airflow/.local/lib/python3.12/site-packages/airflow/example_dags/example_datasets.py
[2026-09-15T21:44:57.452+0000] {processor.py:830} INFO - Processing file /home/airflow/.local/lib/python3.12/site-packages/airflow/example_dags/example_datasets.py for tasks to queue
[2026-09-15T21:44:57.454+0000] {logging_mixin.py:188} INFO - [2026-09-15T21:44:57.454+0000] {dagbag.py:545} INFO - Filling up the DagBag from /home/airflow/.local/lib/python3.12/site-packages/airflow/example_dags/example_datasets.py
[2026-09-15T21:44:57.463+0000] {processor.py:840} INFO - DAG(s) 'conditional_dataset_and_time_based_timetable', 'consume_1_or_2_with_dataset_expressions', 'dataset_consumes_1_and_2', 'dataset_consumes_1', 'consume_1_or_both_2_and_3_with_dataset_expressions', 'dataset_consumes_unknown_never_scheduled', 'consume_1_and_2_with_dataset_expressions', 'dataset_consumes_1_never_scheduled', 'dataset_produces_2', 'dataset_produces_1' retrieved from /home/airflow/.local/lib/python3.12/site-packages/airflow/example_dags/example_datasets.py
[2026-09-15T21:44:57.500+0000] {logging_mixin.py:188} INFO - [2026-09-15T21:44:57.500+0000] {dag.py:3089} INFO - Sync 10 DAGs
[2026-09-15T21:44:57.522+0000] {logging_mixin.py:188} INFO - [2026-09-15T21:44:57.521+0000] {dag.py:3947} INFO - Setting next_dagrun for conditional_dataset_and_time_based_timetable to 2026-09-09 01:00:00+00:00, run_after=2026-09-09 01:00:00+00:00
[2026-09-15T21:44:57.526+0000] {logging_mixin.py:188} INFO - [2026-09-15T21:44:57.526+0000] {dag.py:3947} INFO - Setting next_dagrun for consume_1_and_2_with_dataset_expressions to None, run_after=None
[2026-09-15T21:44:57.529+0000] {logging_mixin.py:188} INFO - [2026-09-15T21:44:57.528+0000] {dag.py:3947} INFO - Setting next_dagrun for consume_1_or_2_with_dataset_expressions to None, run_after=None
[2026-09-15T21:44:57.531+0000] {logging_mixin.py:188} INFO - [2026-09-15T21:44:57.530+0000] {dag.py:3947} INFO - Setting next_dagrun for consume_1_or_both_2_and_3_with_dataset_expressions to None, run_after=None
[2026-09-15T21:44:57.533+0000] {logging_mixin.py:188} INFO - [2026-09-15T21:44:57.532+0000] {dag.py:3947} INFO - Setting next_dagrun for dataset_consumes_1 to None, run_after=None
[2026-09-15T21:44:57.535+0000] {logging_mixin.py:188} INFO - [2026-09-15T21:44:57.535+0000] {dag.py:3947} INFO - Setting next_dagrun for dataset_consumes_1_and_2 to None, run_after=None
[2026-09-15T21:44:57.537+0000] {logging_mixin.py:188} INFO - [2026-09-15T21:44:57.537+0000] {dag.py:3947} INFO - Setting next_dagrun for dataset_consumes_1_never_scheduled to None, run_after=None
[2026-09-15T21:44:57.538+0000] {logging_mixin.py:188} INFO - [2026-09-15T21:44:57.538+0000] {dag.py:3947} INFO - Setting next_dagrun for dataset_consumes_unknown_never_scheduled to None, run_after=None
[2026-09-15T21:44:57.541+0000] {logging_mixin.py:188} INFO - [2026-09-15T21:44:57.541+0000] {dag.py:3947} INFO - Setting next_dagrun for dataset_produces_1 to 2026-09-14 00:00:00+00:00, run_after=2026-09-15 00:00:00+00:00
[2026-09-15T21:44:57.543+0000] {logging_mixin.py:188} INFO - [2026-09-15T21:44:57.543+0000] {dag.py:3947} INFO - Setting next_dagrun for dataset_produces_2 to None, run_after=None
[2026-09-15T21:44:57.575+0000] {processor.py:183} INFO - Processing /home/airflow/.local/lib/python3.12/site-packages/airflow/example_dags/example_datasets.py took 0.129 seconds
