[2026-09-15T21:01:01.148+0000] {processor.py:161} INFO - Started process (PID=95) to work on /home/airflow/.local/lib/python3.12/site-packages/airflow/example_dags/example_params_trigger_ui.py
[2026-09-15T21:01:01.150+0000] {processor.py:830} INFO - Processing file /home/airflow/.local/lib/python3.12/site-packages/airflow/example_dags/example_params_trigger_ui.py for tasks to queue
[2026-09-15T21:01:01.152+0000] {logging_mixin.py:188} INFO - [2026-09-15T21:01:01.151+0000] {dagbag.py:545} INFO - Filling up the DagBag from /home/airflow/.local/lib/python3.12/site-packages/airflow/example_dags/example_params_trigger_ui.py
[2026-09-15T21:01:01.163+0000] {processor.py:840} INFO - DAG(s) 'example_params_trigger_ui' retrieved from /home/airflow/.local/lib/python3.12/site-packages/airflow/example_dags/example_params_trigger_ui.py
[2026-09-15T21:01:01.180+0000] {logging_mixin.py:188} INFO - [2026-09-15T21:01:01.180+0000] {dag.py:3089} INFO - Sync 1 DAGs
[2026-09-15T21:01:01.199+0000] {logging_mixin.py:188} INFO - [2026-09-15T21:01:01.198+0000] {dag.py:3947} INFO - Setting next_dagrun for example_params_trigger_ui to None, run_after=None
[2026-09-15T21:01:01.220+0000] {processor.py:183} INFO - Processing /home/airflow/.local/lib/python3.12/site-packages/airflow/example_dags/example_params_trigger_ui.py took 0.078 seconds
[2026-09-15T21:01:32.612+0000] {processor.py:161} INFO - Started process (PID=153) to work on /home/airflow/.local/lib/python3.12/site-packages/airflow/example_dags/example_params_trigger_ui.py
[2026-09-15T21:01:32.613+0000] {processor.py:830} INFO - Processing file /home/airflow/.local/lib/python3.12/site-packages/airflow/example_dags/example_params_trigger_ui.py for tasks to queue
[2026-09-15T21:01:32.615+0000] {logging_mixin.py:188} INFO - [2026-09-15T21:01:32.614+0000] {dagbag.py:545} INFO - Filling up the DagBag from /home/airflow/.local/lib/python3.12/site-packages/airflow/example_dags/example_params_trigger_ui.py
[2026-09-15T21:01:32.622+0000] {processor.py:840} INFO - DAG(s) 'example_params_trigger_ui' retrieved from /home/airflow/.local/lib/python3.12/site-packages/airflow/example_dags/example_params_trigger_ui.py
[2026-09-15T21:01:32.714+0000] {logging_mixin.py:188} INFO - [2026-09-15T21:01:32.714+0000] {dag.py:3089} INFO - Sync 1 DAGs
[2026-09-15T21:01:32.722+0000] {logging_mixin.py:188} INFO - [2026-09-15T21:01:32.721+0000] {dag.py:3947} INFO - Setting next_dagrun for example_params_trigger_ui to None, run_after=None
[2026-09-15T21:01:32.736+0000] {processor.py:183} INFO - Processing /home/airflow/.local/lib/python3.12/site-packages/airflow/example_dags/example_params_trigger_ui.py took 0.129 seconds
[2026-09-15T21:02:02.811+0000] {processor.py:161} INFO - Started process (PID=211) to work on /home/airflow/.local/lib/python3.12/site-packages/airflow/example_dags/example_params_trigger_ui.py
[2026-09-15T21:02:02.813+0000] {processor.py:830} INFO - Processing file /home/airflow/.local/lib/python3.12/site-packages/airflow/example_dags/example_params_trigger_ui.py for tasks to queue
[2026-09-15T21:02:02.815+0000] {logging_mixin.py:188} INFO - [2026-09-15T21:02:02.814+0000] {dagbag.py:545} INFO - Filling up the DagBag from /home/airflow/.local/lib/python3.12/site-packages/airflow/example_dags/example_params_trigger_ui.py
[2026-09-15T21:02:02.821+0000] {processor.py:840} INFO - DAG(s) 'example_params_trigger_ui' retrieved from /home/airflow/.local/lib/python3.12/site-packages/airflow/example_dags/example_params_trigger_ui.py
[2026-09-15T21:02:02.855+0000] {logging_mixin.py:188} INFO - [2026-09-15T21:02:02.854+0000] {dag.py:3089} INFO - Sync 1 DAGs
[2026-09-15T21:02:02.865+0000] {logging_mixin.py:188} INFO - [2026-09-15T21:02:02.865+0000] {dag.py:3947} INFO - Setting next_dagrun for example_params_trigger_ui to None, run_after=None
[2026-09-15T21:02:02.882+0000] {processor.py:183} INFO - Processing /home/airflow/.local/lib/python3.12/site-packages/airflow/example_dags/example_params_trigger_ui.py took 0.076 seconds
[2026-09-15T21:02:33.775+0000] {processor.py:161} INFO - Started process (PID=276) to work on /home/airflow/.local/lib/python3.12/site-packages/airflow/example_dags/example_params_trigger_ui.py
[2026-09-15T21:02:33.777+0000] {processor.py:830} INFO - Processing file /home/airflow/.local/lib/python3.12/site-packages/airflow/example_dags/example_params_trigger_ui.py for tasks to queue
[2026-09-15T21:02:33.778+0000] {logging_mixin.py:188} INFO - [2026-09-15T21:02:33.778+0000] {dagbag.py:545} INFO - Filling up the DagBag from /home/airflow/.local/lib/python3.12/site-packages/airflow/example_dags/example_params_trigger_ui.py
[2026-09-15T21:02:33.785+0000] {processor.py:840} INFO - DAG(s) 'example_params_trigger_ui' retrieved from /home/airflow/.local/lib/python3.12/site-packages/airflow/example_dags/example_params_trigger_ui.py
[2026-09-15T21:02:33.812+0000] {logging_mixin.py:188} INFO - [2026-09-15T21:02:33.812+0000] {dag.py:3089} INFO - Sync 1 DAGs
[2026-09-15T21:02:33.822+0000] {logging_mixin.py:188} INFO - [2026-09-15T21:02:33.822+0000] {dag.py:3947} INFO - Setting next_dagrun for example_params_trigger_ui to None, run_after=None
[2026-09-15T21:02:33.837+0000] {processor.py:183} INFO - Processing /home/airflow/.local/lib/python3.12/site-packages/airflow/example_dags/example_params_trigger_ui.py took 0.065 seconds
[2026-09-15T21:03:04.130+0000] {processor.py:161} INFO - Started process (PID=334) to work on /home/airflow/.local/lib/python3.12/site-packages/airflow/example_dags/example_params_trigger_ui.py
[2026-09-15T21:03:04.131+0000] {processor.py:830} INFO - Processing file /home/airflow/.local/lib/python3.12/site-packages/airflow/example_dags/example_params_trigger_ui.py for tasks to queue
[2026-09-15T21:03:04.133+0000] {logging_mixin.py:188} INFO - [2026-09-15T21:03:04.133+0000] {dagbag.py:545} INFO - Filling up the DagBag from /home/airflow/.local/lib/python3.12/site-packages/airflow/example_dags/example_params_trigger_ui.py
[2026-09-15T21:03:04.141+0000] {processor.py:840} INFO - DAG(s) 'example_params_trigger_ui' retrieved from /home/airflow/.local/lib/python3.12/site-packages/airflow/example_dags/example_params_trigger_ui.py
[2026-09-15T21:03:04.174+0000] {logging_mixin.py:188} INFO - [2026-09-15T21:03:04.174+0000] {dag.py:3089} INFO - Sync 1 DAGs
[2026-09-15T21:03:04.185+0000] {logging_mixin.py:188} INFO - [2026-09-15T21:03:04.185+0000] {dag.py:3947} INFO - Setting next_dagrun for example_params_trigger_ui to None, run_after=None
[2026-09-15T21:03:04.205+0000] {processor.py:183} INFO - Processing /home/airflow/.local/lib/python3.12/site-packages/airflow/example_dags/example_params_trigger_ui.py took 0.080 seconds
[2026-09-15T21:03:35.195+0000] {processor.py:161} INFO - Started process (PID=392) to work on /home/airflow/.local/lib/python3.12/site-packages/airflow/example_dags/example_params_trigger_ui.py
[2026-09-15T21:03:35.196+0000] {processor.py:830} INFO - Processing file /home/airflow/.local/lib/python3.12/site-packages/airflow/example_dags/example_params_trigger_ui.py for tasks to queue
[2026-09-15T21:03:35.198+0000] {logging_mixin.py:188} INFO - [2026-09-15T21:03:35.198+0000] {dagbag.py:545} INFO - Filling up the DagBag from /home/airflow/.local/lib/python3.12/site-packages/airflow/example_dags/example_params_trigger_ui.py
[2026-09-15T21:03:35.206+0000] {processor.py:840} INFO - DAG(s) 'example_params_trigger_ui' retrieved from /home/airflow/.local/lib/python3.12/site-packages/airflow/example_dags/example_params_trigger_ui.py
[2026-09-15T21:03:35.237+0000] {logging_mixin.py:188} INFO - [2026-09-15T21:03:35.237+0000] {dag.py:3089} INFO - Sync 1 DAGs
[2026-09-15T21:03:35.247+0000] {logging_mixin.py:188} INFO - [2026-09-15T21:03:35.247+0000] {dag.py:3947} INFO - Setting next_dagrun for example_params_trigger_ui to None, run_after=None
[2026-09-15T21:03:35.264+0000] {processor.py:183} INFO - Processing /home/airflow/.local/lib/python3.12/site-packages/airflow/example_dags/example_params_trigger_ui.py took 0.073 seconds
[2026-09-15T21:04:05.423+0000] {processor.py:161} INFO - Started process (PID=450) to work on /home/airflow/.local/lib/python3.12/site-packages/airflow/example_dags/example_params_trigger_ui.py
[2026-09-15T21:04:05.425+0000] {processor.py:830} INFO - Processing file /home/airflow/.local/lib/python3.12/site-packages/airflow/example_dags/example_params_trigger_ui.py for tasks to queue
[2026-09-15T21:04:05.426+0000] {logging_mixin.py:188} INFO - [2026-09-15T21:04:05.426+0000] {dagbag.py:545} INFO - Filling up the DagBag from /home/airflow/.local/lib/python3.12/site-packages/airflow/example_dags/example_params_trigger_ui.py
[2026-09-15T21:04:05.433+0000] {processor.py:840} INFO - DAG(s) 'example_params_trigger_ui' retrieved from /home/airflow/.local/lib/python3.12/site-packages/airflow/example_dags/example_params_trigger_ui.py
[2026-09-15T21:04:05.461+0000] {logging_mixin.py:188} INFO - [2026-09-15T21:04:05.461+0000] {dag.py:3089} INFO - Sync 1 DAGs
[2026-09-15T21:04:05.470+0000] {logging_mixin.py:188} INFO - [2026-09-15T21:04:05.470+0000] {dag.py:3947} INFO - Setting next_dagrun for example_params_trigger_ui to None, run_after=None
[2026-09-15T21:04:05.483+0000] {processor.py:183} INFO - Processing /home/airflow/.local/lib/python3.12/site-packages/airflow/example_dags/example_params_trigger_ui.py took 0.065 seconds
[2026-09-15T21:04:35.529+0000] {processor.py:161} INFO - Started process (PID=508) to work on /home/airflow/.local/lib/python3.12/site-packages/airflow/example_dags/example_params_trigger_ui.py
[2026-09-15T21:04:35.530+0000] {processor.py:830} INFO - Processing file /home/airflow/.local/lib/python3.12/site-packages/airflow/example_dags/example_params_trigger_ui.py for tasks to queue
[2026-09-15T21:04:35.532+0000] {logging_mixin.py:188} INFO - [2026-09-15T21:04:35.532+0000] {dagbag.py:545} INFO - Filling up the DagBag from /home/airflow/.local/lib/python3.12/site-packages/airflow/example_dags/example_params_trigger_ui.py
[2026-09-15T21:04:35.539+0000] {processor.py:840} INFO - DAG(s) 'example_params_trigger_ui' retrieved from /home/airflow/.local/lib/python3.12/site-packages/airflow/example_dags/example_params_trigger_ui.py
[2026-09-15T21:04:35.572+0000] {logging_mixin.py:188} INFO - [2026-09-15T21:04:35.572+0000] {dag.py:3089} INFO - Sync 1 DAGs
[2026-09-15T21:04:35.583+0000] {logging_mixin.py:188} INFO - [2026-09-15T21:04:35.583+0000] {dag.py:3947} INFO - Setting next_dagrun for example_params_trigger_ui to None, run_after=None
[2026-09-15T21:04:35.599+0000] {processor.py:183} INFO - Processing /home/airflow/.local/lib/python3.12/site-packages/airflow/example_dags/example_params_trigger_ui.py took 0.075 seconds
[2026-09-15T21:05:05.814+0000] {processor.py:161} INFO - Started process (PID=566) to work on /home/airflow/.local/lib/python3.12/site-packages/airflow/example_dags/example_params_trigger_ui.py
[2026-09-15T21:05:05.815+0000] {processor.py:830} INFO - Processing file /home/airflow/.local/lib/python3.12/site-packages/airflow/example_dags/example_params_trigger_ui.py for tasks to queue
[2026-09-15T21:05:05.817+0000] {logging_mixin.py:188} INFO - [2026-09-15T21:05:05.817+0000] {dagbag.py:545} INFO - Filling up the DagBag from /home/airflow/.local/lib/python3.12/site-packages/airflow/example_dags/example_params_trigger_ui.py
[2026-09-15T21:05:05.826+0000] {processor.py:840} INFO - DAG(s) 'example_params_trigger_ui' retrieved from /home/airflow/.local/lib/python3.12/site-packages/airflow/example_dags/example_params_trigger_ui.py
[2026-09-15T21:05:05.856+0000] {logging_mixin.py:188} INFO - [2026-09-15T21:05:05.856+0000] {dag.py:3089} INFO - Sync 1 DAGs
[2026-09-15T21:05:05.866+0000] {logging_mixin.py:188} INFO - [2026-09-15T21:05:05.866+0000] {dag.py:3947} INFO - Setting next_dagrun for example_params_trigger_ui to None, run_after=None
[2026-09-15T21:05:05.881+0000] {processor.py:183} INFO - Processing /home/airflow/.local/lib/python3.12/site-packages/airflow/example_dags/example_params_trigger_ui.py took 0.071 seconds
[2026-09-15T21:05:36.789+0000] {processor.py:161} INFO - Started process (PID=624) to work on /home/airflow/.local/lib/python3.12/site-packages/airflow/example_dags/example_params_trigger_ui.py
[2026-09-15T21:05:36.791+0000] {processor.py:830} INFO - Processing file /home/airflow/.local/lib/python3.12/site-packages/airflow/example_dags/example_params_trigger_ui.py for tasks to queue
[2026-09-15T21:05:36.796+0000] {logging_mixin.py:188} INFO - [2026-09-15T21:05:36.793+0000] {dagbag.py:545} INFO - Filling up the DagBag from /home/airflow/.local/lib/python3.12/site-packages/airflow/example_dags/example_params_trigger_ui.py
[2026-09-15T21:05:36.822+0000] {processor.py:840} INFO - DAG(s) 'example_params_trigger_ui' retrieved from /home/airflow/.local/lib/python3.12/site-packages/airflow/example_dags/example_params_trigger_ui.py
[2026-09-15T21:05:36.928+0000] {logging_mixin.py:188} INFO - [2026-09-15T21:05:36.927+0000] {dag.py:3089} INFO - Sync 1 DAGs
[2026-09-15T21:05:36.942+0000] {logging_mixin.py:188} INFO - [2026-09-15T21:05:36.942+0000] {dag.py:3947} INFO - Setting next_dagrun for example_params_trigger_ui to None, run_after=None
[2026-09-15T21:05:36.968+0000] {processor.py:183} INFO - Processing /home/airflow/.local/lib/python3.12/site-packages/airflow/example_dags/example_params_trigger_ui.py took 0.184 seconds
[2026-09-15T21:06:07.218+0000] {processor.py:161} INFO - Started process (PID=682) to work on /home/airflow/.local/lib/python3.12/site-packages/airflow/example_dags/example_params_trigger_ui.py
[2026-09-15T21:06:07.219+0000] {processor.py:830} INFO - Processing file /home/airflow/.local/lib/python3.12/site-packages/airflow/example_dags/example_params_trigger_ui.py for tasks to queue
[2026-09-15T21:06:07.221+0000] {logging_mixin.py:188} INFO - [2026-09-15T21:06:07.221+0000] {dagbag.py:545} INFO - Filling up the DagBag from /home/airflow/.local/lib/python3.12/site-packages/airflow/example_dags/example_params_trigger_ui.py
[2026-09-15T21:06:07.229+0000] {processor.py:840} INFO - DAG(s) 'example_params_trigger_ui' retrieved from /home/airflow/.local/lib/python3.12/site-packages/airflow/example_dags/example_params_trigger_ui.py
[2026-09-15T21:06:07.258+0000] {logging_mixin.py:188} INFO - [2026-09-15T21:06:07.258+0000] {dag.py:3089} INFO - Sync 1 DAGs
[2026-09-15T21:06:07.268+0000] {logging_mixin.py:188} INFO - [2026-09-15T21:06:07.268+0000] {dag.py:3947} INFO - Setting next_dagrun for example_params_trigger_ui to None, run_after=None
[2026-09-15T21:06:07.283+0000] {processor.py:183} INFO - Processing /home/airflow/.local/lib/python3.12/site-packages/airflow/example_dags/example_params_trigger_ui.py took 0.069 seconds
[2026-09-15T21:06:37.491+0000] {processor.py:161} INFO - Started process (PID=743) to work on /home/airflow/.local/lib/python3.12/site-packages/airflow/example_dags/example_params_trigger_ui.py
[2026-09-15T21:06:37.492+0000] {processor.py:830} INFO - Processing file /home/airflow/.local/lib/python3.12/site-packages/airflow/example_dags/example_params_trigger_ui.py for tasks to queue
[2026-09-15T21:06:37.495+0000] {logging_mixin.py:188} INFO - [2026-09-15T21:06:37.495+0000] {dagbag.py:545} INFO - Filling up the DagBag from /home/airflow/.local/lib/python3.12/site-packages/airflow/example_dags/example_params_trigger_ui.py
[2026-09-15T21:06:37.505+0000] {processor.py:840} INFO - DAG(s) 'example_params_trigger_ui' retrieved from /home/airflow/.local/lib/python3.12/site-packages/airflow/example_dags/example_params_trigger_ui.py
[2026-09-15T21:06:37.538+0000] {logging_mixin.py:188} INFO - [2026-09-15T21:06:37.538+0000] {dag.py:3089} INFO - Sync 1 DAGs
[2026-09-15T21:06:37.549+0000] {logging_mixin.py:188} INFO - [2026-09-15T21:06:37.549+0000] {dag.py:3947} INFO - Setting next_dagrun for example_params_trigger_ui to None, run_after=None
[2026-09-15T21:06:37.569+0000] {processor.py:183} INFO - Processing /home/airflow/.local/lib/python3.12/site-packages/airflow/example_dags/example_params_trigger_ui.py took 0.086 seconds
[2026-09-15T21:07:07.726+0000] {processor.py:161} INFO - Started process (PID=801) to work on /home/airflow/.local/lib/python3.12/site-packages/airflow/example_dags/example_params_trigger_ui.py
[2026-09-15T21:07:07.727+0000] {processor.py:830} INFO - Processing file /home/airflow/.local/lib/python3.12/site-packages/airflow/example_dags/example_params_trigger_ui.py for tasks to queue
[2026-09-15T21:07:07.729+0000] {logging_mixin.py:188} INFO - [2026-09-15T21:07:07.729+0000] {dagbag.py:545} INFO - Filling up the DagBag from /home/airflow/.local/lib/python3.12/site-packages/airflow/example_dags/example_params_trigger_ui.py
[2026-09-15T21:07:07.735+0000] {processor.py:840} INFO - DAG(s) 'example_params_trigger_ui' retrieved from /home/airflow/.local/lib/python3.12/site-packages/airflow/example_dags/example_params_trigger_ui.py
[2026-09-15T21:07:07.764+0000] {logging_mixin.py:188} INFO - [2026-09-15T21:07:07.763+0000] {dag.py:3089} INFO - Sync 1 DAGs
[2026-09-15T21:07:07.772+0000] {logging_mixin.py:188} INFO - [2026-09-15T21:07:07.772+0000] {dag.py:3947} INFO - Setting next_dagrun for example_params_trigger_ui to None, run_after=None
[2026-09-15T21:07:07.787+0000] {processor.py:183} INFO - Processing /home/airflow/.local/lib/python3.12/site-packages/airflow/example_dags/example_params_trigger_ui.py took 0.065 seconds
[2026-09-15T21:07:38.299+0000] {processor.py:161} INFO - Started process (PID=859) to work on /home/airflow/.local/lib/python3.12/site-packages/airflow/example_dags/example_params_trigger_ui.py
[2026-09-15T21:07:38.300+0000] {processor.py:830} INFO - Processing file /home/airflow/.local/lib/python3.12/site-packages/airflow/example_dags/example_params_trigger_ui.py for tasks to queue
[2026-09-15T21:07:38.302+0000] {logging_mixin.py:188} INFO - [2026-09-15T21:07:38.302+0000] {dagbag.py:545} INFO - Filling up the DagBag from /home/airflow/.local/lib/python3.12/site-packages/airflow/example_dags/example_params_trigger_ui.py
[2026-09-15T21:07:38.310+0000] {processor.py:840} INFO - DAG(s) 'example_params_trigger_ui' retrieved from /home/airflow/.local/lib/python3.12/site-packages/airflow/example_dags/example_params_trigger_ui.py
[2026-09-15T21:07:38.343+0000] {logging_mixin.py:188} INFO - [2026-09-15T21:07:38.342+0000] {dag.py:3089} INFO - Sync 1 DAGs
[2026-09-15T21:07:38.353+0000] {logging_mixin.py:188} INFO - [2026-09-15T21:07:38.353+0000] {dag.py:3947} INFO - Setting next_dagrun for example_params_trigger_ui to None, run_after=None
[2026-09-15T21:07:38.370+0000] {processor.py:183} INFO - Processing /home/airflow/.local/lib/python3.12/site-packages/airflow/example_dags/example_params_trigger_ui.py took 0.077 seconds
[2026-09-15T21:08:09.103+0000] {processor.py:161} INFO - Started process (PID=917) to work on /home/airflow/.local/lib/python3.12/site-packages/airflow/example_dags/example_params_trigger_ui.py
[2026-09-15T21:08:09.104+0000] {processor.py:830} INFO - Processing file /home/airflow/.local/lib/python3.12/site-packages/airflow/example_dags/example_params_trigger_ui.py for tasks to queue
[2026-09-15T21:08:09.106+0000] {logging_mixin.py:188} INFO - [2026-09-15T21:08:09.106+0000] {dagbag.py:545} INFO - Filling up the DagBag from /home/airflow/.local/lib/python3.12/site-packages/airflow/example_dags/example_params_trigger_ui.py
[2026-09-15T21:08:09.112+0000] {processor.py:840} INFO - DAG(s) 'example_params_trigger_ui' retrieved from /home/airflow/.local/lib/python3.12/site-packages/airflow/example_dags/example_params_trigger_ui.py
[2026-09-15T21:08:09.143+0000] {logging_mixin.py:188} INFO - [2026-09-15T21:08:09.142+0000] {dag.py:3089} INFO - Sync 1 DAGs
[2026-09-15T21:08:09.152+0000] {logging_mixin.py:188} INFO - [2026-09-15T21:08:09.152+0000] {dag.py:3947} INFO - Setting next_dagrun for example_params_trigger_ui to None, run_after=None
[2026-09-15T21:08:09.167+0000] {processor.py:183} INFO - Processing /home/airflow/.local/lib/python3.12/site-packages/airflow/example_dags/example_params_trigger_ui.py took 0.069 seconds
[2026-09-15T21:08:39.451+0000] {processor.py:161} INFO - Started process (PID=975) to work on /home/airflow/.local/lib/python3.12/site-packages/airflow/example_dags/example_params_trigger_ui.py
[2026-09-15T21:08:39.452+0000] {processor.py:830} INFO - Processing file /home/airflow/.local/lib/python3.12/site-packages/airflow/example_dags/example_params_trigger_ui.py for tasks to queue
[2026-09-15T21:08:39.455+0000] {logging_mixin.py:188} INFO - [2026-09-15T21:08:39.455+0000] {dagbag.py:545} INFO - Filling up the DagBag from /home/airflow/.local/lib/python3.12/site-packages/airflow/example_dags/example_params_trigger_ui.py
[2026-09-15T21:08:39.465+0000] {processor.py:840} INFO - DAG(s) 'example_params_trigger_ui' retrieved from /home/airflow/.local/lib/python3.12/site-packages/airflow/example_dags/example_params_trigger_ui.py
[2026-09-15T21:08:39.514+0000] {logging_mixin.py:188} INFO - [2026-09-15T21:08:39.514+0000] {dag.py:3089} INFO - Sync 1 DAGs
[2026-09-15T21:08:39.533+0000] {logging_mixin.py:188} INFO - [2026-09-15T21:08:39.532+0000] {dag.py:3947} INFO - Setting next_dagrun for example_params_trigger_ui to None, run_after=None
[2026-09-15T21:08:39.553+0000] {processor.py:183} INFO - Processing /home/airflow/.local/lib/python3.12/site-packages/airflow/example_dags/example_params_trigger_ui.py took 0.110 seconds
[2026-09-15T21:09:09.656+0000] {processor.py:161} INFO - Started process (PID=1033) to work on /home/airflow/.local/lib/python3.12/site-packages/airflow/example_dags/example_params_trigger_ui.py
[2026-09-15T21:09:09.657+0000] {processor.py:830} INFO - Processing file /home/airflow/.local/lib/python3.12/site-packages/airflow/example_dags/example_params_trigger_ui.py for tasks to queue
[2026-09-15T21:09:09.661+0000] {logging_mixin.py:188} INFO - [2026-09-15T21:09:09.660+0000] {dagbag.py:545} INFO - Filling up the DagBag from /home/airflow/.local/lib/python3.12/site-packages/airflow/example_dags/example_params_trigger_ui.py
[2026-09-15T21:09:09.670+0000] {processor.py:840} INFO - DAG(s) 'example_params_trigger_ui' retrieved from /home/airflow/.local/lib/python3.12/site-packages/airflow/example_dags/example_params_trigger_ui.py
[2026-09-15T21:09:09.709+0000] {logging_mixin.py:188} INFO - [2026-09-15T21:09:09.709+0000] {dag.py:3089} INFO - Sync 1 DAGs
[2026-09-15T21:09:09.720+0000] {logging_mixin.py:188} INFO - [2026-09-15T21:09:09.720+0000] {dag.py:3947} INFO - Setting next_dagrun for example_params_trigger_ui to None, run_after=None
[2026-09-15T21:09:09.737+0000] {processor.py:183} INFO - Processing /home/airflow/.local/lib/python3.12/site-packages/airflow/example_dags/example_params_trigger_ui.py took 0.089 seconds
[2026-09-15T21:09:40.014+0000] {processor.py:161} INFO - Started process (PID=1091) to work on /home/airflow/.local/lib/python3.12/site-packages/airflow/example_dags/example_params_trigger_ui.py
[2026-09-15T21:09:40.015+0000] {processor.py:830} INFO - Processing file /home/airflow/.local/lib/python3.12/site-packages/airflow/example_dags/example_params_trigger_ui.py for tasks to queue
[2026-09-15T21:09:40.017+0000] {logging_mixin.py:188} INFO - [2026-09-15T21:09:40.017+0000] {dagbag.py:545} INFO - Filling up the DagBag from /home/airflow/.local/lib/python3.12/site-packages/airflow/example_dags/example_params_trigger_ui.py
[2026-09-15T21:09:40.024+0000] {processor.py:840} INFO - DAG(s) 'example_params_trigger_ui' retrieved from /home/airflow/.local/lib/python3.12/site-packages/airflow/example_dags/example_params_trigger_ui.py
[2026-09-15T21:09:40.052+0000] {logging_mixin.py:188} INFO - [2026-09-15T21:09:40.052+0000] {dag.py:3089} INFO - Sync 1 DAGs
[2026-09-15T21:09:40.061+0000] {logging_mixin.py:188} INFO - [2026-09-15T21:09:40.061+0000] {dag.py:3947} INFO - Setting next_dagrun for example_params_trigger_ui to None, run_after=None
[2026-09-15T21:09:40.075+0000] {processor.py:183} INFO - Processing /home/airflow/.local/lib/python3.12/site-packages/airflow/example_dags/example_params_trigger_ui.py took 0.065 seconds
[2026-09-15T21:10:10.584+0000] {processor.py:161} INFO - Started process (PID=1149) to work on /home/airflow/.local/lib/python3.12/site-packages/airflow/example_dags/example_params_trigger_ui.py
[2026-09-15T21:10:10.586+0000] {processor.py:830} INFO - Processing file /home/airflow/.local/lib/python3.12/site-packages/airflow/example_dags/example_params_trigger_ui.py for tasks to queue
[2026-09-15T21:10:10.588+0000] {logging_mixin.py:188} INFO - [2026-09-15T21:10:10.588+0000] {dagbag.py:545} INFO - Filling up the DagBag from /home/airflow/.local/lib/python3.12/site-packages/airflow/example_dags/example_params_trigger_ui.py
[2026-09-15T21:10:10.596+0000] {processor.py:840} INFO - DAG(s) 'example_params_trigger_ui' retrieved from /home/airflow/.local/lib/python3.12/site-packages/airflow/example_dags/example_params_trigger_ui.py
[2026-09-15T21:10:10.609+0000] {logging_mixin.py:188} INFO - [2026-09-15T21:10:10.608+0000] {dag.py:3089} INFO - Sync 1 DAGs
[2026-09-15T21:10:10.620+0000] {logging_mixin.py:188} INFO - [2026-09-15T21:10:10.620+0000] {dag.py:3947} INFO - Setting next_dagrun for example_params_trigger_ui to None, run_after=None
[2026-09-15T21:10:10.637+0000] {processor.py:183} INFO - Processing /home/airflow/.local/lib/python3.12/site-packages/airflow/example_dags/example_params_trigger_ui.py took 0.058 seconds
[2026-09-15T21:10:40.894+0000] {processor.py:161} INFO - Started process (PID=1207) to work on /home/airflow/.local/lib/python3.12/site-packages/airflow/example_dags/example_params_trigger_ui.py
[2026-09-15T21:10:40.895+0000] {processor.py:830} INFO - Processing file /home/airflow/.local/lib/python3.12/site-packages/airflow/example_dags/example_params_trigger_ui.py for tasks to queue
[2026-09-15T21:10:40.897+0000] {logging_mixin.py:188} INFO - [2026-09-15T21:10:40.897+0000] {dagbag.py:545} INFO - Filling up the DagBag from /home/airflow/.local/lib/python3.12/site-packages/airflow/example_dags/example_params_trigger_ui.py
[2026-09-15T21:10:40.904+0000] {processor.py:840} INFO - DAG(s) 'example_params_trigger_ui' retrieved from /home/airflow/.local/lib/python3.12/site-packages/airflow/example_dags/example_params_trigger_ui.py
[2026-09-15T21:10:40.988+0000] {logging_mixin.py:188} INFO - [2026-09-15T21:10:40.987+0000] {dag.py:3089} INFO - Sync 1 DAGs
[2026-09-15T21:10:40.996+0000] {logging_mixin.py:188} INFO - [2026-09-15T21:10:40.996+0000] {dag.py:3947} INFO - Setting next_dagrun for example_params_trigger_ui to None, run_after=None
[2026-09-15T21:10:41.011+0000] {processor.py:183} INFO - Processing /home/airflow/.local/lib/python3.12/site-packages/airflow/example_dags/example_params_trigger_ui.py took 0.121 seconds
[2026-09-15T21:11:11.275+0000] {processor.py:161} INFO - Started process (PID=1265) to work on /home/airflow/.local/lib/python3.12/site-packages/airflow/example_dags/example_params_trigger_ui.py
[2026-09-15T21:11:11.276+0000] {processor.py:830} INFO - Processing file /home/airflow/.local/lib/python3.12/site-packages/airflow/example_dags/example_params_trigger_ui.py for tasks to queue
[2026-09-15T21:11:11.278+0000] {logging_mixin.py:188} INFO - [2026-09-15T21:11:11.277+0000] {dagbag.py:545} INFO - Filling up the DagBag from /home/airflow/.local/lib/python3.12/site-packages/airflow/example_dags/example_params_trigger_ui.py
[2026-09-15T21:11:11.286+0000] {processor.py:840} INFO - DAG(s) 'example_params_trigger_ui' retrieved from /home/airflow/.local/lib/python3.12/site-packages/airflow/example_dags/example_params_trigger_ui.py
[2026-09-15T21:11:11.319+0000] {logging_mixin.py:188} INFO - [2026-09-15T21:11:11.318+0000] {dag.py:3089} INFO - Sync 1 DAGs
[2026-09-15T21:11:11.328+0000] {logging_mixin.py:188} INFO - [2026-09-15T21:11:11.328+0000] {dag.py:3947} INFO - Setting next_dagrun for example_params_trigger_ui to None, run_after=None
[2026-09-15T21:11:11.343+0000] {processor.py:183} INFO - Processing /home/airflow/.local/lib/python3.12/site-packages/airflow/example_dags/example_params_trigger_ui.py took 0.073 seconds
[2026-09-15T21:11:41.550+0000] {processor.py:161} INFO - Started process (PID=1323) to work on /home/airflow/.local/lib/python3.12/site-packages/airflow/example_dags/example_params_trigger_ui.py
[2026-09-15T21:11:41.551+0000] {processor.py:830} INFO - Processing file /home/airflow/.local/lib/python3.12/site-packages/airflow/example_dags/example_params_trigger_ui.py for tasks to queue
[2026-09-15T21:11:41.553+0000] {logging_mixin.py:188} INFO - [2026-09-15T21:11:41.553+0000] {dagbag.py:545} INFO - Filling up the DagBag from /home/airflow/.local/lib/python3.12/site-packages/airflow/example_dags/example_params_trigger_ui.py
[2026-09-15T21:11:41.560+0000] {processor.py:840} INFO - DAG(s) 'example_params_trigger_ui' retrieved from /home/airflow/.local/lib/python3.12/site-packages/airflow/example_dags/example_params_trigger_ui.py
[2026-09-15T21:11:41.591+0000] {logging_mixin.py:188} INFO - [2026-09-15T21:11:41.591+0000] {dag.py:3089} INFO - Sync 1 DAGs
[2026-09-15T21:11:41.600+0000] {logging_mixin.py:188} INFO - [2026-09-15T21:11:41.600+0000] {dag.py:3947} INFO - Setting next_dagrun for example_params_trigger_ui to None, run_after=None
[2026-09-15T21:11:41.614+0000] {processor.py:183} INFO - Processing /home/airflow/.local/lib/python3.12/site-packages/airflow/example_dags/example_params_trigger_ui.py took 0.070 seconds
[2026-09-15T21:12:11.855+0000] {processor.py:161} INFO - Started process (PID=1381) to work on /home/airflow/.local/lib/python3.12/site-packages/airflow/example_dags/example_params_trigger_ui.py
[2026-09-15T21:12:11.856+0000] {processor.py:830} INFO - Processing file /home/airflow/.local/lib/python3.12/site-packages/airflow/example_dags/example_params_trigger_ui.py for tasks to queue
[2026-09-15T21:12:11.858+0000] {logging_mixin.py:188} INFO - [2026-09-15T21:12:11.858+0000] {dagbag.py:545} INFO - Filling up the DagBag from /home/airflow/.local/lib/python3.12/site-packages/airflow/example_dags/example_params_trigger_ui.py
[2026-09-15T21:12:11.865+0000] {processor.py:840} INFO - DAG(s) 'example_params_trigger_ui' retrieved from /home/airflow/.local/lib/python3.12/site-packages/airflow/example_dags/example_params_trigger_ui.py
[2026-09-15T21:12:11.894+0000] {logging_mixin.py:188} INFO - [2026-09-15T21:12:11.893+0000] {dag.py:3089} INFO - Sync 1 DAGs
[2026-09-15T21:12:11.903+0000] {logging_mixin.py:188} INFO - [2026-09-15T21:12:11.903+0000] {dag.py:3947} INFO - Setting next_dagrun for example_params_trigger_ui to None, run_after=None
[2026-09-15T21:12:11.919+0000] {processor.py:183} INFO - Processing /home/airflow/.local/lib/python3.12/site-packages/airflow/example_dags/example_params_trigger_ui.py took 0.068 seconds
[2026-09-15T21:12:42.149+0000] {processor.py:161} INFO - Started process (PID=1439) to work on /home/airflow/.local/lib/python3.12/site-packages/airflow/example_dags/example_params_trigger_ui.py
[2026-09-15T21:12:42.151+0000] {processor.py:830} INFO - Processing file /home/airflow/.local/lib/python3.12/site-packages/airflow/example_dags/example_params_trigger_ui.py for tasks to queue
[2026-09-15T21:12:42.153+0000] {logging_mixin.py:188} INFO - [2026-09-15T21:12:42.153+0000] {dagbag.py:545} INFO - Filling up the DagBag from /home/airflow/.local/lib/python3.12/site-packages/airflow/example_dags/example_params_trigger_ui.py
[2026-09-15T21:12:42.162+0000] {processor.py:840} INFO - DAG(s) 'example_params_trigger_ui' retrieved from /home/airflow/.local/lib/python3.12/site-packages/airflow/example_dags/example_params_trigger_ui.py
[2026-09-15T21:12:42.198+0000] {logging_mixin.py:188} INFO - [2026-09-15T21:12:42.197+0000] {dag.py:3089} INFO - Sync 1 DAGs
[2026-09-15T21:12:42.210+0000] {logging_mixin.py:188} INFO - [2026-09-15T21:12:42.209+0000] {dag.py:3947} INFO - Setting next_dagrun for example_params_trigger_ui to None, run_after=None
[2026-09-15T21:12:42.227+0000] {processor.py:183} INFO - Processing /home/airflow/.local/lib/python3.12/site-packages/airflow/example_dags/example_params_trigger_ui.py took 0.083 seconds
[2026-09-15T21:13:12.498+0000] {processor.py:161} INFO - Started process (PID=1497) to work on /home/airflow/.local/lib/python3.12/site-packages/airflow/example_dags/example_params_trigger_ui.py
[2026-09-15T21:13:12.499+0000] {processor.py:830} INFO - Processing file /home/airflow/.local/lib/python3.12/site-packages/airflow/example_dags/example_params_trigger_ui.py for tasks to queue
[2026-09-15T21:13:12.501+0000] {logging_mixin.py:188} INFO - [2026-09-15T21:13:12.501+0000] {dagbag.py:545} INFO - Filling up the DagBag from /home/airflow/.local/lib/python3.12/site-packages/airflow/example_dags/example_params_trigger_ui.py
[2026-09-15T21:13:12.508+0000] {processor.py:840} INFO - DAG(s) 'example_params_trigger_ui' retrieved from /home/airflow/.local/lib/python3.12/site-packages/airflow/example_dags/example_params_trigger_ui.py
[2026-09-15T21:13:12.537+0000] {logging_mixin.py:188} INFO - [2026-09-15T21:13:12.536+0000] {dag.py:3089} INFO - Sync 1 DAGs
[2026-09-15T21:13:12.546+0000] {logging_mixin.py:188} INFO - [2026-09-15T21:13:12.545+0000] {dag.py:3947} INFO - Setting next_dagrun for example_params_trigger_ui to None, run_after=None
[2026-09-15T21:13:12.562+0000] {processor.py:183} INFO - Processing /home/airflow/.local/lib/python3.12/site-packages/airflow/example_dags/example_params_trigger_ui.py took 0.068 seconds
[2026-09-15T21:13:42.759+0000] {processor.py:161} INFO - Started process (PID=1555) to work on /home/airflow/.local/lib/python3.12/site-packages/airflow/example_dags/example_params_trigger_ui.py
[2026-09-15T21:13:42.761+0000] {processor.py:830} INFO - Processing file /home/airflow/.local/lib/python3.12/site-packages/airflow/example_dags/example_params_trigger_ui.py for tasks to queue
[2026-09-15T21:13:42.762+0000] {logging_mixin.py:188} INFO - [2026-09-15T21:13:42.762+0000] {dagbag.py:545} INFO - Filling up the DagBag from /home/airflow/.local/lib/python3.12/site-packages/airflow/example_dags/example_params_trigger_ui.py
[2026-09-15T21:13:42.770+0000] {processor.py:840} INFO - DAG(s) 'example_params_trigger_ui' retrieved from /home/airflow/.local/lib/python3.12/site-packages/airflow/example_dags/example_params_trigger_ui.py
[2026-09-15T21:13:42.798+0000] {logging_mixin.py:188} INFO - [2026-09-15T21:13:42.797+0000] {dag.py:3089} INFO - Sync 1 DAGs
[2026-09-15T21:13:42.806+0000] {logging_mixin.py:188} INFO - [2026-09-15T21:13:42.806+0000] {dag.py:3947} INFO - Setting next_dagrun for example_params_trigger_ui to None, run_after=None
[2026-09-15T21:13:42.820+0000] {processor.py:183} INFO - Processing /home/airflow/.local/lib/python3.12/site-packages/airflow/example_dags/example_params_trigger_ui.py took 0.065 seconds
[2026-09-15T21:14:13.635+0000] {processor.py:161} INFO - Started process (PID=1613) to work on /home/airflow/.local/lib/python3.12/site-packages/airflow/example_dags/example_params_trigger_ui.py
[2026-09-15T21:14:13.636+0000] {processor.py:830} INFO - Processing file /home/airflow/.local/lib/python3.12/site-packages/airflow/example_dags/example_params_trigger_ui.py for tasks to queue
[2026-09-15T21:14:13.638+0000] {logging_mixin.py:188} INFO - [2026-09-15T21:14:13.638+0000] {dagbag.py:545} INFO - Filling up the DagBag from /home/airflow/.local/lib/python3.12/site-packages/airflow/example_dags/example_params_trigger_ui.py
[2026-09-15T21:14:13.646+0000] {processor.py:840} INFO - DAG(s) 'example_params_trigger_ui' retrieved from /home/airflow/.local/lib/python3.12/site-packages/airflow/example_dags/example_params_trigger_ui.py
[2026-09-15T21:14:13.674+0000] {logging_mixin.py:188} INFO - [2026-09-15T21:14:13.674+0000] {dag.py:3089} INFO - Sync 1 DAGs
[2026-09-15T21:14:13.685+0000] {logging_mixin.py:188} INFO - [2026-09-15T21:14:13.685+0000] {dag.py:3947} INFO - Setting next_dagrun for example_params_trigger_ui to None, run_after=None
[2026-09-15T21:14:13.699+0000] {processor.py:183} INFO - Processing /home/airflow/.local/lib/python3.12/site-packages/airflow/example_dags/example_params_trigger_ui.py took 0.069 seconds
[2026-09-15T21:14:43.884+0000] {processor.py:161} INFO - Started process (PID=1671) to work on /home/airflow/.local/lib/python3.12/site-packages/airflow/example_dags/example_params_trigger_ui.py
[2026-09-15T21:14:43.885+0000] {processor.py:830} INFO - Processing file /home/airflow/.local/lib/python3.12/site-packages/airflow/example_dags/example_params_trigger_ui.py for tasks to queue
[2026-09-15T21:14:43.887+0000] {logging_mixin.py:188} INFO - [2026-09-15T21:14:43.887+0000] {dagbag.py:545} INFO - Filling up the DagBag from /home/airflow/.local/lib/python3.12/site-packages/airflow/example_dags/example_params_trigger_ui.py
[2026-09-15T21:14:43.895+0000] {processor.py:840} INFO - DAG(s) 'example_params_trigger_ui' retrieved from /home/airflow/.local/lib/python3.12/site-packages/airflow/example_dags/example_params_trigger_ui.py
[2026-09-15T21:14:43.925+0000] {logging_mixin.py:188} INFO - [2026-09-15T21:14:43.925+0000] {dag.py:3089} INFO - Sync 1 DAGs
[2026-09-15T21:14:43.935+0000] {logging_mixin.py:188} INFO - [2026-09-15T21:14:43.935+0000] {dag.py:3947} INFO - Setting next_dagrun for example_params_trigger_ui to None, run_after=None
[2026-09-15T21:14:43.952+0000] {processor.py:183} INFO - Processing /home/airflow/.local/lib/python3.12/site-packages/airflow/example_dags/example_params_trigger_ui.py took 0.073 seconds
[2026-09-15T21:15:14.556+0000] {processor.py:161} INFO - Started process (PID=1729) to work on /home/airflow/.local/lib/python3.12/site-packages/airflow/example_dags/example_params_trigger_ui.py
[2026-09-15T21:15:14.557+0000] {processor.py:830} INFO - Processing file /home/airflow/.local/lib/python3.12/site-packages/airflow/example_dags/example_params_trigger_ui.py for tasks to queue
[2026-09-15T21:15:14.559+0000] {logging_mixin.py:188} INFO - [2026-09-15T21:15:14.559+0000] {dagbag.py:545} INFO - Filling up the DagBag from /home/airflow/.local/lib/python3.12/site-packages/airflow/example_dags/example_params_trigger_ui.py
[2026-09-15T21:15:14.566+0000] {processor.py:840} INFO - DAG(s) 'example_params_trigger_ui' retrieved from /home/airflow/.local/lib/python3.12/site-packages/airflow/example_dags/example_params_trigger_ui.py
[2026-09-15T21:15:14.595+0000] {logging_mixin.py:188} INFO - [2026-09-15T21:15:14.595+0000] {dag.py:3089} INFO - Sync 1 DAGs
[2026-09-15T21:15:14.604+0000] {logging_mixin.py:188} INFO - [2026-09-15T21:15:14.604+0000] {dag.py:3947} INFO - Setting next_dagrun for example_params_trigger_ui to None, run_after=None
[2026-09-15T21:15:14.620+0000] {processor.py:183} INFO - Processing /home/airflow/.local/lib/python3.12/site-packages/airflow/example_dags/example_params_trigger_ui.py took 0.069 seconds
[2026-09-15T21:15:45.374+0000] {processor.py:161} INFO - Started process (PID=1787) to work on /home/airflow/.local/lib/python3.12/site-packages/airflow/example_dags/example_params_trigger_ui.py
[2026-09-15T21:15:45.376+0000] {processor.py:830} INFO - Processing file /home/airflow/.local/lib/python3.12/site-packages/airflow/example_dags/example_params_trigger_ui.py for tasks to queue
[2026-09-15T21:15:45.378+0000] {logging_mixin.py:188} INFO - [2026-09-15T21:15:45.377+0000] {dagbag.py:545} INFO - Filling up the DagBag from /home/airflow/.local/lib/python3.12/site-packages/airflow/example_dags/example_params_trigger_ui.py
[2026-09-15T21:15:45.386+0000] {processor.py:840} INFO - DAG(s) 'example_params_trigger_ui' retrieved from /home/airflow/.local/lib/python3.12/site-packages/airflow/example_dags/example_params_trigger_ui.py
[2026-09-15T21:15:45.420+0000] {logging_mixin.py:188} INFO - [2026-09-15T21:15:45.420+0000] {dag.py:3089} INFO - Sync 1 DAGs
[2026-09-15T21:15:45.431+0000] {logging_mixin.py:188} INFO - [2026-09-15T21:15:45.431+0000] {dag.py:3947} INFO - Setting next_dagrun for example_params_trigger_ui to None, run_after=None
[2026-09-15T21:15:45.450+0000] {processor.py:183} INFO - Processing /home/airflow/.local/lib/python3.12/site-packages/airflow/example_dags/example_params_trigger_ui.py took 0.082 seconds
[2026-09-15T21:16:15.879+0000] {processor.py:161} INFO - Started process (PID=1845) to work on /home/airflow/.local/lib/python3.12/site-packages/airflow/example_dags/example_params_trigger_ui.py
[2026-09-15T21:16:15.880+0000] {processor.py:830} INFO - Processing file /home/airflow/.local/lib/python3.12/site-packages/airflow/example_dags/example_params_trigger_ui.py for tasks to queue
[2026-09-15T21:16:15.882+0000] {logging_mixin.py:188} INFO - [2026-09-15T21:16:15.882+0000] {dagbag.py:545} INFO - Filling up the DagBag from /home/airflow/.local/lib/python3.12/site-packages/airflow/example_dags/example_params_trigger_ui.py
[2026-09-15T21:16:15.890+0000] {processor.py:840} INFO - DAG(s) 'example_params_trigger_ui' retrieved from /home/airflow/.local/lib/python3.12/site-packages/airflow/example_dags/example_params_trigger_ui.py
[2026-09-15T21:16:16.065+0000] {logging_mixin.py:188} INFO - [2026-09-15T21:16:16.065+0000] {dag.py:3089} INFO - Sync 1 DAGs
[2026-09-15T21:16:16.075+0000] {logging_mixin.py:188} INFO - [2026-09-15T21:16:16.074+0000] {dag.py:3947} INFO - Setting next_dagrun for example_params_trigger_ui to None, run_after=None
[2026-09-15T21:16:16.090+0000] {processor.py:183} INFO - Processing /home/airflow/.local/lib/python3.12/site-packages/airflow/example_dags/example_params_trigger_ui.py took 0.216 seconds
[2026-09-15T21:17:36.987+0000] {processor.py:161} INFO - Started process (PID=97) to work on /home/airflow/.local/lib/python3.12/site-packages/airflow/example_dags/example_params_trigger_ui.py
[2026-09-15T21:17:36.989+0000] {processor.py:830} INFO - Processing file /home/airflow/.local/lib/python3.12/site-packages/airflow/example_dags/example_params_trigger_ui.py for tasks to queue
[2026-09-15T21:17:36.990+0000] {logging_mixin.py:188} INFO - [2026-09-15T21:17:36.990+0000] {dagbag.py:545} INFO - Filling up the DagBag from /home/airflow/.local/lib/python3.12/site-packages/airflow/example_dags/example_params_trigger_ui.py
[2026-09-15T21:17:36.998+0000] {processor.py:840} INFO - DAG(s) 'example_params_trigger_ui' retrieved from /home/airflow/.local/lib/python3.12/site-packages/airflow/example_dags/example_params_trigger_ui.py
[2026-09-15T21:17:37.010+0000] {logging_mixin.py:188} INFO - [2026-09-15T21:17:37.009+0000] {dag.py:3089} INFO - Sync 1 DAGs
[2026-09-15T21:17:37.021+0000] {logging_mixin.py:188} INFO - [2026-09-15T21:17:37.020+0000] {dag.py:3947} INFO - Setting next_dagrun for example_params_trigger_ui to None, run_after=None
[2026-09-15T21:17:37.037+0000] {processor.py:183} INFO - Processing /home/airflow/.local/lib/python3.12/site-packages/airflow/example_dags/example_params_trigger_ui.py took 0.053 seconds
[2026-09-15T21:18:08.480+0000] {processor.py:161} INFO - Started process (PID=156) to work on /home/airflow/.local/lib/python3.12/site-packages/airflow/example_dags/example_params_trigger_ui.py
[2026-09-15T21:18:08.482+0000] {processor.py:830} INFO - Processing file /home/airflow/.local/lib/python3.12/site-packages/airflow/example_dags/example_params_trigger_ui.py for tasks to queue
[2026-09-15T21:18:08.483+0000] {logging_mixin.py:188} INFO - [2026-09-15T21:18:08.483+0000] {dagbag.py:545} INFO - Filling up the DagBag from /home/airflow/.local/lib/python3.12/site-packages/airflow/example_dags/example_params_trigger_ui.py
[2026-09-15T21:18:08.491+0000] {processor.py:840} INFO - DAG(s) 'example_params_trigger_ui' retrieved from /home/airflow/.local/lib/python3.12/site-packages/airflow/example_dags/example_params_trigger_ui.py
[2026-09-15T21:18:08.583+0000] {logging_mixin.py:188} INFO - [2026-09-15T21:18:08.583+0000] {dag.py:3089} INFO - Sync 1 DAGs
[2026-09-15T21:18:08.592+0000] {logging_mixin.py:188} INFO - [2026-09-15T21:18:08.592+0000] {dag.py:3947} INFO - Setting next_dagrun for example_params_trigger_ui to None, run_after=None
[2026-09-15T21:18:08.607+0000] {processor.py:183} INFO - Processing /home/airflow/.local/lib/python3.12/site-packages/airflow/example_dags/example_params_trigger_ui.py took 0.131 seconds
[2026-09-15T21:18:38.767+0000] {processor.py:161} INFO - Started process (PID=214) to work on /home/airflow/.local/lib/python3.12/site-packages/airflow/example_dags/example_params_trigger_ui.py
[2026-09-15T21:18:38.768+0000] {processor.py:830} INFO - Processing file /home/airflow/.local/lib/python3.12/site-packages/airflow/example_dags/example_params_trigger_ui.py for tasks to queue
[2026-09-15T21:18:38.771+0000] {logging_mixin.py:188} INFO - [2026-09-15T21:18:38.770+0000] {dagbag.py:545} INFO - Filling up the DagBag from /home/airflow/.local/lib/python3.12/site-packages/airflow/example_dags/example_params_trigger_ui.py
[2026-09-15T21:18:38.779+0000] {processor.py:840} INFO - DAG(s) 'example_params_trigger_ui' retrieved from /home/airflow/.local/lib/python3.12/site-packages/airflow/example_dags/example_params_trigger_ui.py
[2026-09-15T21:18:38.812+0000] {logging_mixin.py:188} INFO - [2026-09-15T21:18:38.811+0000] {dag.py:3089} INFO - Sync 1 DAGs
[2026-09-15T21:18:38.823+0000] {logging_mixin.py:188} INFO - [2026-09-15T21:18:38.823+0000] {dag.py:3947} INFO - Setting next_dagrun for example_params_trigger_ui to None, run_after=None
[2026-09-15T21:18:38.844+0000] {processor.py:183} INFO - Processing /home/airflow/.local/lib/python3.12/site-packages/airflow/example_dags/example_params_trigger_ui.py took 0.082 seconds
[2026-09-15T21:19:09.420+0000] {processor.py:161} INFO - Started process (PID=272) to work on /home/airflow/.local/lib/python3.12/site-packages/airflow/example_dags/example_params_trigger_ui.py
[2026-09-15T21:19:09.422+0000] {processor.py:830} INFO - Processing file /home/airflow/.local/lib/python3.12/site-packages/airflow/example_dags/example_params_trigger_ui.py for tasks to queue
[2026-09-15T21:19:09.423+0000] {logging_mixin.py:188} INFO - [2026-09-15T21:19:09.423+0000] {dagbag.py:545} INFO - Filling up the DagBag from /home/airflow/.local/lib/python3.12/site-packages/airflow/example_dags/example_params_trigger_ui.py
[2026-09-15T21:19:09.431+0000] {processor.py:840} INFO - DAG(s) 'example_params_trigger_ui' retrieved from /home/airflow/.local/lib/python3.12/site-packages/airflow/example_dags/example_params_trigger_ui.py
[2026-09-15T21:19:09.461+0000] {logging_mixin.py:188} INFO - [2026-09-15T21:19:09.461+0000] {dag.py:3089} INFO - Sync 1 DAGs
[2026-09-15T21:19:09.472+0000] {logging_mixin.py:188} INFO - [2026-09-15T21:19:09.471+0000] {dag.py:3947} INFO - Setting next_dagrun for example_params_trigger_ui to None, run_after=None
[2026-09-15T21:19:09.489+0000] {processor.py:183} INFO - Processing /home/airflow/.local/lib/python3.12/site-packages/airflow/example_dags/example_params_trigger_ui.py took 0.073 seconds
[2026-09-15T21:19:40.243+0000] {processor.py:161} INFO - Started process (PID=330) to work on /home/airflow/.local/lib/python3.12/site-packages/airflow/example_dags/example_params_trigger_ui.py
[2026-09-15T21:19:40.244+0000] {processor.py:830} INFO - Processing file /home/airflow/.local/lib/python3.12/site-packages/airflow/example_dags/example_params_trigger_ui.py for tasks to queue
[2026-09-15T21:19:40.246+0000] {logging_mixin.py:188} INFO - [2026-09-15T21:19:40.246+0000] {dagbag.py:545} INFO - Filling up the DagBag from /home/airflow/.local/lib/python3.12/site-packages/airflow/example_dags/example_params_trigger_ui.py
[2026-09-15T21:19:40.253+0000] {processor.py:840} INFO - DAG(s) 'example_params_trigger_ui' retrieved from /home/airflow/.local/lib/python3.12/site-packages/airflow/example_dags/example_params_trigger_ui.py
[2026-09-15T21:19:40.286+0000] {logging_mixin.py:188} INFO - [2026-09-15T21:19:40.286+0000] {dag.py:3089} INFO - Sync 1 DAGs
[2026-09-15T21:19:40.296+0000] {logging_mixin.py:188} INFO - [2026-09-15T21:19:40.295+0000] {dag.py:3947} INFO - Setting next_dagrun for example_params_trigger_ui to None, run_after=None
[2026-09-15T21:19:40.311+0000] {processor.py:183} INFO - Processing /home/airflow/.local/lib/python3.12/site-packages/airflow/example_dags/example_params_trigger_ui.py took 0.073 seconds
[2026-09-15T21:20:10.397+0000] {processor.py:161} INFO - Started process (PID=388) to work on /home/airflow/.local/lib/python3.12/site-packages/airflow/example_dags/example_params_trigger_ui.py
[2026-09-15T21:20:10.398+0000] {processor.py:830} INFO - Processing file /home/airflow/.local/lib/python3.12/site-packages/airflow/example_dags/example_params_trigger_ui.py for tasks to queue
[2026-09-15T21:20:10.400+0000] {logging_mixin.py:188} INFO - [2026-09-15T21:20:10.399+0000] {dagbag.py:545} INFO - Filling up the DagBag from /home/airflow/.local/lib/python3.12/site-packages/airflow/example_dags/example_params_trigger_ui.py
[2026-09-15T21:20:10.406+0000] {processor.py:840} INFO - DAG(s) 'example_params_trigger_ui' retrieved from /home/airflow/.local/lib/python3.12/site-packages/airflow/example_dags/example_params_trigger_ui.py
[2026-09-15T21:20:10.434+0000] {logging_mixin.py:188} INFO - [2026-09-15T21:20:10.434+0000] {dag.py:3089} INFO - Sync 1 DAGs
[2026-09-15T21:20:10.444+0000] {logging_mixin.py:188} INFO - [2026-09-15T21:20:10.444+0000] {dag.py:3947} INFO - Setting next_dagrun for example_params_trigger_ui to None, run_after=None
[2026-09-15T21:20:10.459+0000] {processor.py:183} INFO - Processing /home/airflow/.local/lib/python3.12/site-packages/airflow/example_dags/example_params_trigger_ui.py took 0.066 seconds
[2026-09-15T21:20:40.648+0000] {processor.py:161} INFO - Started process (PID=446) to work on /home/airflow/.local/lib/python3.12/site-packages/airflow/example_dags/example_params_trigger_ui.py
[2026-09-15T21:20:40.649+0000] {processor.py:830} INFO - Processing file /home/airflow/.local/lib/python3.12/site-packages/airflow/example_dags/example_params_trigger_ui.py for tasks to queue
[2026-09-15T21:20:40.651+0000] {logging_mixin.py:188} INFO - [2026-09-15T21:20:40.651+0000] {dagbag.py:545} INFO - Filling up the DagBag from /home/airflow/.local/lib/python3.12/site-packages/airflow/example_dags/example_params_trigger_ui.py
[2026-09-15T21:20:40.659+0000] {processor.py:840} INFO - DAG(s) 'example_params_trigger_ui' retrieved from /home/airflow/.local/lib/python3.12/site-packages/airflow/example_dags/example_params_trigger_ui.py
[2026-09-15T21:20:40.692+0000] {logging_mixin.py:188} INFO - [2026-09-15T21:20:40.692+0000] {dag.py:3089} INFO - Sync 1 DAGs
[2026-09-15T21:20:40.703+0000] {logging_mixin.py:188} INFO - [2026-09-15T21:20:40.702+0000] {dag.py:3947} INFO - Setting next_dagrun for example_params_trigger_ui to None, run_after=None
[2026-09-15T21:20:40.718+0000] {processor.py:183} INFO - Processing /home/airflow/.local/lib/python3.12/site-packages/airflow/example_dags/example_params_trigger_ui.py took 0.075 seconds
[2026-09-15T21:22:09.035+0000] {processor.py:161} INFO - Started process (PID=378) to work on /home/airflow/.local/lib/python3.12/site-packages/airflow/example_dags/example_params_trigger_ui.py
[2026-09-15T21:22:09.037+0000] {processor.py:830} INFO - Processing file /home/airflow/.local/lib/python3.12/site-packages/airflow/example_dags/example_params_trigger_ui.py for tasks to queue
[2026-09-15T21:22:09.040+0000] {logging_mixin.py:188} INFO - [2026-09-15T21:22:09.039+0000] {dagbag.py:545} INFO - Filling up the DagBag from /home/airflow/.local/lib/python3.12/site-packages/airflow/example_dags/example_params_trigger_ui.py
[2026-09-15T21:22:09.051+0000] {processor.py:840} INFO - DAG(s) 'example_params_trigger_ui' retrieved from /home/airflow/.local/lib/python3.12/site-packages/airflow/example_dags/example_params_trigger_ui.py
[2026-09-15T21:22:09.067+0000] {logging_mixin.py:188} INFO - [2026-09-15T21:22:09.066+0000] {dag.py:3089} INFO - Sync 1 DAGs
[2026-09-15T21:22:09.080+0000] {logging_mixin.py:188} INFO - [2026-09-15T21:22:09.079+0000] {dag.py:3947} INFO - Setting next_dagrun for example_params_trigger_ui to None, run_after=None
[2026-09-15T21:22:09.100+0000] {processor.py:183} INFO - Processing /home/airflow/.local/lib/python3.12/site-packages/airflow/example_dags/example_params_trigger_ui.py took 0.069 seconds
[2026-09-15T21:22:40.704+0000] {processor.py:161} INFO - Started process (PID=646) to work on /home/airflow/.local/lib/python3.12/site-packages/airflow/example_dags/example_params_trigger_ui.py
[2026-09-15T21:22:40.705+0000] {processor.py:830} INFO - Processing file /home/airflow/.local/lib/python3.12/site-packages/airflow/example_dags/example_params_trigger_ui.py for tasks to queue
[2026-09-15T21:22:40.707+0000] {logging_mixin.py:188} INFO - [2026-09-15T21:22:40.707+0000] {dagbag.py:545} INFO - Filling up the DagBag from /home/airflow/.local/lib/python3.12/site-packages/airflow/example_dags/example_params_trigger_ui.py
[2026-09-15T21:22:40.714+0000] {processor.py:840} INFO - DAG(s) 'example_params_trigger_ui' retrieved from /home/airflow/.local/lib/python3.12/site-packages/airflow/example_dags/example_params_trigger_ui.py
[2026-09-15T21:22:40.802+0000] {logging_mixin.py:188} INFO - [2026-09-15T21:22:40.802+0000] {dag.py:3089} INFO - Sync 1 DAGs
[2026-09-15T21:22:40.810+0000] {logging_mixin.py:188} INFO - [2026-09-15T21:22:40.810+0000] {dag.py:3947} INFO - Setting next_dagrun for example_params_trigger_ui to None, run_after=None
[2026-09-15T21:22:40.827+0000] {processor.py:183} INFO - Processing /home/airflow/.local/lib/python3.12/site-packages/airflow/example_dags/example_params_trigger_ui.py took 0.127 seconds
[2026-09-15T21:23:11.781+0000] {processor.py:161} INFO - Started process (PID=908) to work on /home/airflow/.local/lib/python3.12/site-packages/airflow/example_dags/example_params_trigger_ui.py
[2026-09-15T21:23:11.782+0000] {processor.py:830} INFO - Processing file /home/airflow/.local/lib/python3.12/site-packages/airflow/example_dags/example_params_trigger_ui.py for tasks to queue
[2026-09-15T21:23:11.783+0000] {logging_mixin.py:188} INFO - [2026-09-15T21:23:11.783+0000] {dagbag.py:545} INFO - Filling up the DagBag from /home/airflow/.local/lib/python3.12/site-packages/airflow/example_dags/example_params_trigger_ui.py
[2026-09-15T21:23:11.789+0000] {processor.py:840} INFO - DAG(s) 'example_params_trigger_ui' retrieved from /home/airflow/.local/lib/python3.12/site-packages/airflow/example_dags/example_params_trigger_ui.py
[2026-09-15T21:23:11.819+0000] {logging_mixin.py:188} INFO - [2026-09-15T21:23:11.819+0000] {dag.py:3089} INFO - Sync 1 DAGs
[2026-09-15T21:23:11.830+0000] {logging_mixin.py:188} INFO - [2026-09-15T21:23:11.830+0000] {dag.py:3947} INFO - Setting next_dagrun for example_params_trigger_ui to None, run_after=None
[2026-09-15T21:23:11.849+0000] {processor.py:183} INFO - Processing /home/airflow/.local/lib/python3.12/site-packages/airflow/example_dags/example_params_trigger_ui.py took 0.073 seconds
[2026-09-15T21:23:41.943+0000] {processor.py:161} INFO - Started process (PID=1170) to work on /home/airflow/.local/lib/python3.12/site-packages/airflow/example_dags/example_params_trigger_ui.py
[2026-09-15T21:23:41.944+0000] {processor.py:830} INFO - Processing file /home/airflow/.local/lib/python3.12/site-packages/airflow/example_dags/example_params_trigger_ui.py for tasks to queue
[2026-09-15T21:23:41.946+0000] {logging_mixin.py:188} INFO - [2026-09-15T21:23:41.946+0000] {dagbag.py:545} INFO - Filling up the DagBag from /home/airflow/.local/lib/python3.12/site-packages/airflow/example_dags/example_params_trigger_ui.py
[2026-09-15T21:23:41.954+0000] {processor.py:840} INFO - DAG(s) 'example_params_trigger_ui' retrieved from /home/airflow/.local/lib/python3.12/site-packages/airflow/example_dags/example_params_trigger_ui.py
[2026-09-15T21:23:41.983+0000] {logging_mixin.py:188} INFO - [2026-09-15T21:23:41.983+0000] {dag.py:3089} INFO - Sync 1 DAGs
[2026-09-15T21:23:41.993+0000] {logging_mixin.py:188} INFO - [2026-09-15T21:23:41.992+0000] {dag.py:3947} INFO - Setting next_dagrun for example_params_trigger_ui to None, run_after=None
[2026-09-15T21:23:42.008+0000] {processor.py:183} INFO - Processing /home/airflow/.local/lib/python3.12/site-packages/airflow/example_dags/example_params_trigger_ui.py took 0.068 seconds
[2026-09-15T21:24:12.114+0000] {processor.py:161} INFO - Started process (PID=1432) to work on /home/airflow/.local/lib/python3.12/site-packages/airflow/example_dags/example_params_trigger_ui.py
[2026-09-15T21:24:12.115+0000] {processor.py:830} INFO - Processing file /home/airflow/.local/lib/python3.12/site-packages/airflow/example_dags/example_params_trigger_ui.py for tasks to queue
[2026-09-15T21:24:12.116+0000] {logging_mixin.py:188} INFO - [2026-09-15T21:24:12.116+0000] {dagbag.py:545} INFO - Filling up the DagBag from /home/airflow/.local/lib/python3.12/site-packages/airflow/example_dags/example_params_trigger_ui.py
[2026-09-15T21:24:12.123+0000] {processor.py:840} INFO - DAG(s) 'example_params_trigger_ui' retrieved from /home/airflow/.local/lib/python3.12/site-packages/airflow/example_dags/example_params_trigger_ui.py
[2026-09-15T21:24:12.150+0000] {logging_mixin.py:188} INFO - [2026-09-15T21:24:12.150+0000] {dag.py:3089} INFO - Sync 1 DAGs
[2026-09-15T21:24:12.158+0000] {logging_mixin.py:188} INFO - [2026-09-15T21:24:12.158+0000] {dag.py:3947} INFO - Setting next_dagrun for example_params_trigger_ui to None, run_after=None
[2026-09-15T21:24:12.173+0000] {processor.py:183} INFO - Processing /home/airflow/.local/lib/python3.12/site-packages/airflow/example_dags/example_params_trigger_ui.py took 0.063 seconds
[2026-09-15T21:24:42.326+0000] {processor.py:161} INFO - Started process (PID=1694) to work on /home/airflow/.local/lib/python3.12/site-packages/airflow/example_dags/example_params_trigger_ui.py
[2026-09-15T21:24:42.327+0000] {processor.py:830} INFO - Processing file /home/airflow/.local/lib/python3.12/site-packages/airflow/example_dags/example_params_trigger_ui.py for tasks to queue
[2026-09-15T21:24:42.329+0000] {logging_mixin.py:188} INFO - [2026-09-15T21:24:42.328+0000] {dagbag.py:545} INFO - Filling up the DagBag from /home/airflow/.local/lib/python3.12/site-packages/airflow/example_dags/example_params_trigger_ui.py
[2026-09-15T21:24:42.336+0000] {processor.py:840} INFO - DAG(s) 'example_params_trigger_ui' retrieved from /home/airflow/.local/lib/python3.12/site-packages/airflow/example_dags/example_params_trigger_ui.py
[2026-09-15T21:24:42.364+0000] {logging_mixin.py:188} INFO - [2026-09-15T21:24:42.364+0000] {dag.py:3089} INFO - Sync 1 DAGs
[2026-09-15T21:24:42.374+0000] {logging_mixin.py:188} INFO - [2026-09-15T21:24:42.374+0000] {dag.py:3947} INFO - Setting next_dagrun for example_params_trigger_ui to None, run_after=None
[2026-09-15T21:24:42.390+0000] {processor.py:183} INFO - Processing /home/airflow/.local/lib/python3.12/site-packages/airflow/example_dags/example_params_trigger_ui.py took 0.068 seconds
[2026-09-15T21:25:12.538+0000] {processor.py:161} INFO - Started process (PID=1956) to work on /home/airflow/.local/lib/python3.12/site-packages/airflow/example_dags/example_params_trigger_ui.py
[2026-09-15T21:25:12.540+0000] {processor.py:830} INFO - Processing file /home/airflow/.local/lib/python3.12/site-packages/airflow/example_dags/example_params_trigger_ui.py for tasks to queue
[2026-09-15T21:25:12.541+0000] {logging_mixin.py:188} INFO - [2026-09-15T21:25:12.541+0000] {dagbag.py:545} INFO - Filling up the DagBag from /home/airflow/.local/lib/python3.12/site-packages/airflow/example_dags/example_params_trigger_ui.py
[2026-09-15T21:25:12.547+0000] {processor.py:840} INFO - DAG(s) 'example_params_trigger_ui' retrieved from /home/airflow/.local/lib/python3.12/site-packages/airflow/example_dags/example_params_trigger_ui.py
[2026-09-15T21:25:12.574+0000] {logging_mixin.py:188} INFO - [2026-09-15T21:25:12.573+0000] {dag.py:3089} INFO - Sync 1 DAGs
[2026-09-15T21:25:12.584+0000] {logging_mixin.py:188} INFO - [2026-09-15T21:25:12.583+0000] {dag.py:3947} INFO - Setting next_dagrun for example_params_trigger_ui to None, run_after=None
[2026-09-15T21:25:12.599+0000] {processor.py:183} INFO - Processing /home/airflow/.local/lib/python3.12/site-packages/airflow/example_dags/example_params_trigger_ui.py took 0.064 seconds
[2026-09-15T21:25:42.966+0000] {processor.py:161} INFO - Started process (PID=2218) to work on /home/airflow/.local/lib/python3.12/site-packages/airflow/example_dags/example_params_trigger_ui.py
[2026-09-15T21:25:42.967+0000] {processor.py:830} INFO - Processing file /home/airflow/.local/lib/python3.12/site-packages/airflow/example_dags/example_params_trigger_ui.py for tasks to queue
[2026-09-15T21:25:42.968+0000] {logging_mixin.py:188} INFO - [2026-09-15T21:25:42.968+0000] {dagbag.py:545} INFO - Filling up the DagBag from /home/airflow/.local/lib/python3.12/site-packages/airflow/example_dags/example_params_trigger_ui.py
[2026-09-15T21:25:42.974+0000] {processor.py:840} INFO - DAG(s) 'example_params_trigger_ui' retrieved from /home/airflow/.local/lib/python3.12/site-packages/airflow/example_dags/example_params_trigger_ui.py
[2026-09-15T21:25:43.002+0000] {logging_mixin.py:188} INFO - [2026-09-15T21:25:43.001+0000] {dag.py:3089} INFO - Sync 1 DAGs
[2026-09-15T21:25:43.010+0000] {logging_mixin.py:188} INFO - [2026-09-15T21:25:43.010+0000] {dag.py:3947} INFO - Setting next_dagrun for example_params_trigger_ui to None, run_after=None
[2026-09-15T21:25:43.025+0000] {processor.py:183} INFO - Processing /home/airflow/.local/lib/python3.12/site-packages/airflow/example_dags/example_params_trigger_ui.py took 0.062 seconds
[2026-09-15T21:26:13.173+0000] {processor.py:161} INFO - Started process (PID=2480) to work on /home/airflow/.local/lib/python3.12/site-packages/airflow/example_dags/example_params_trigger_ui.py
[2026-09-15T21:26:13.174+0000] {processor.py:830} INFO - Processing file /home/airflow/.local/lib/python3.12/site-packages/airflow/example_dags/example_params_trigger_ui.py for tasks to queue
[2026-09-15T21:26:13.175+0000] {logging_mixin.py:188} INFO - [2026-09-15T21:26:13.175+0000] {dagbag.py:545} INFO - Filling up the DagBag from /home/airflow/.local/lib/python3.12/site-packages/airflow/example_dags/example_params_trigger_ui.py
[2026-09-15T21:26:13.181+0000] {processor.py:840} INFO - DAG(s) 'example_params_trigger_ui' retrieved from /home/airflow/.local/lib/python3.12/site-packages/airflow/example_dags/example_params_trigger_ui.py
[2026-09-15T21:26:13.208+0000] {logging_mixin.py:188} INFO - [2026-09-15T21:26:13.208+0000] {dag.py:3089} INFO - Sync 1 DAGs
[2026-09-15T21:26:13.217+0000] {logging_mixin.py:188} INFO - [2026-09-15T21:26:13.217+0000] {dag.py:3947} INFO - Setting next_dagrun for example_params_trigger_ui to None, run_after=None
[2026-09-15T21:26:13.231+0000] {processor.py:183} INFO - Processing /home/airflow/.local/lib/python3.12/site-packages/airflow/example_dags/example_params_trigger_ui.py took 0.062 seconds
[2026-09-15T21:26:43.291+0000] {processor.py:161} INFO - Started process (PID=2742) to work on /home/airflow/.local/lib/python3.12/site-packages/airflow/example_dags/example_params_trigger_ui.py
[2026-09-15T21:26:43.292+0000] {processor.py:830} INFO - Processing file /home/airflow/.local/lib/python3.12/site-packages/airflow/example_dags/example_params_trigger_ui.py for tasks to queue
[2026-09-15T21:26:43.294+0000] {logging_mixin.py:188} INFO - [2026-09-15T21:26:43.294+0000] {dagbag.py:545} INFO - Filling up the DagBag from /home/airflow/.local/lib/python3.12/site-packages/airflow/example_dags/example_params_trigger_ui.py
[2026-09-15T21:26:43.300+0000] {processor.py:840} INFO - DAG(s) 'example_params_trigger_ui' retrieved from /home/airflow/.local/lib/python3.12/site-packages/airflow/example_dags/example_params_trigger_ui.py
[2026-09-15T21:26:43.332+0000] {logging_mixin.py:188} INFO - [2026-09-15T21:26:43.332+0000] {dag.py:3089} INFO - Sync 1 DAGs
[2026-09-15T21:26:43.342+0000] {logging_mixin.py:188} INFO - [2026-09-15T21:26:43.341+0000] {dag.py:3947} INFO - Setting next_dagrun for example_params_trigger_ui to None, run_after=None
[2026-09-15T21:26:43.359+0000] {processor.py:183} INFO - Processing /home/airflow/.local/lib/python3.12/site-packages/airflow/example_dags/example_params_trigger_ui.py took 0.072 seconds
[2026-09-15T21:27:13.512+0000] {processor.py:161} INFO - Started process (PID=3004) to work on /home/airflow/.local/lib/python3.12/site-packages/airflow/example_dags/example_params_trigger_ui.py
[2026-09-15T21:27:13.513+0000] {processor.py:830} INFO - Processing file /home/airflow/.local/lib/python3.12/site-packages/airflow/example_dags/example_params_trigger_ui.py for tasks to queue
[2026-09-15T21:27:13.516+0000] {logging_mixin.py:188} INFO - [2026-09-15T21:27:13.515+0000] {dagbag.py:545} INFO - Filling up the DagBag from /home/airflow/.local/lib/python3.12/site-packages/airflow/example_dags/example_params_trigger_ui.py
[2026-09-15T21:27:13.524+0000] {processor.py:840} INFO - DAG(s) 'example_params_trigger_ui' retrieved from /home/airflow/.local/lib/python3.12/site-packages/airflow/example_dags/example_params_trigger_ui.py
[2026-09-15T21:27:13.562+0000] {logging_mixin.py:188} INFO - [2026-09-15T21:27:13.562+0000] {dag.py:3089} INFO - Sync 1 DAGs
[2026-09-15T21:27:13.576+0000] {logging_mixin.py:188} INFO - [2026-09-15T21:27:13.575+0000] {dag.py:3947} INFO - Setting next_dagrun for example_params_trigger_ui to None, run_after=None
[2026-09-15T21:27:13.598+0000] {processor.py:183} INFO - Processing /home/airflow/.local/lib/python3.12/site-packages/airflow/example_dags/example_params_trigger_ui.py took 0.092 seconds
[2026-09-15T21:27:43.702+0000] {processor.py:161} INFO - Started process (PID=3266) to work on /home/airflow/.local/lib/python3.12/site-packages/airflow/example_dags/example_params_trigger_ui.py
[2026-09-15T21:27:43.704+0000] {processor.py:830} INFO - Processing file /home/airflow/.local/lib/python3.12/site-packages/airflow/example_dags/example_params_trigger_ui.py for tasks to queue
[2026-09-15T21:27:43.706+0000] {logging_mixin.py:188} INFO - [2026-09-15T21:27:43.706+0000] {dagbag.py:545} INFO - Filling up the DagBag from /home/airflow/.local/lib/python3.12/site-packages/airflow/example_dags/example_params_trigger_ui.py
[2026-09-15T21:27:43.719+0000] {processor.py:840} INFO - DAG(s) 'example_params_trigger_ui' retrieved from /home/airflow/.local/lib/python3.12/site-packages/airflow/example_dags/example_params_trigger_ui.py
[2026-09-15T21:27:43.766+0000] {logging_mixin.py:188} INFO - [2026-09-15T21:27:43.766+0000] {dag.py:3089} INFO - Sync 1 DAGs
[2026-09-15T21:27:43.781+0000] {logging_mixin.py:188} INFO - [2026-09-15T21:27:43.781+0000] {dag.py:3947} INFO - Setting next_dagrun for example_params_trigger_ui to None, run_after=None
[2026-09-15T21:27:43.798+0000] {processor.py:183} INFO - Processing /home/airflow/.local/lib/python3.12/site-packages/airflow/example_dags/example_params_trigger_ui.py took 0.104 seconds
[2026-09-15T21:28:14.318+0000] {processor.py:161} INFO - Started process (PID=3528) to work on /home/airflow/.local/lib/python3.12/site-packages/airflow/example_dags/example_params_trigger_ui.py
[2026-09-15T21:28:14.319+0000] {processor.py:830} INFO - Processing file /home/airflow/.local/lib/python3.12/site-packages/airflow/example_dags/example_params_trigger_ui.py for tasks to queue
[2026-09-15T21:28:14.321+0000] {logging_mixin.py:188} INFO - [2026-09-15T21:28:14.320+0000] {dagbag.py:545} INFO - Filling up the DagBag from /home/airflow/.local/lib/python3.12/site-packages/airflow/example_dags/example_params_trigger_ui.py
[2026-09-15T21:28:14.327+0000] {processor.py:840} INFO - DAG(s) 'example_params_trigger_ui' retrieved from /home/airflow/.local/lib/python3.12/site-packages/airflow/example_dags/example_params_trigger_ui.py
[2026-09-15T21:28:14.354+0000] {logging_mixin.py:188} INFO - [2026-09-15T21:28:14.354+0000] {dag.py:3089} INFO - Sync 1 DAGs
[2026-09-15T21:28:14.364+0000] {logging_mixin.py:188} INFO - [2026-09-15T21:28:14.363+0000] {dag.py:3947} INFO - Setting next_dagrun for example_params_trigger_ui to None, run_after=None
[2026-09-15T21:28:14.377+0000] {processor.py:183} INFO - Processing /home/airflow/.local/lib/python3.12/site-packages/airflow/example_dags/example_params_trigger_ui.py took 0.063 seconds
[2026-09-15T21:28:45.247+0000] {processor.py:161} INFO - Started process (PID=3790) to work on /home/airflow/.local/lib/python3.12/site-packages/airflow/example_dags/example_params_trigger_ui.py
[2026-09-15T21:28:45.249+0000] {processor.py:830} INFO - Processing file /home/airflow/.local/lib/python3.12/site-packages/airflow/example_dags/example_params_trigger_ui.py for tasks to queue
[2026-09-15T21:28:45.250+0000] {logging_mixin.py:188} INFO - [2026-09-15T21:28:45.250+0000] {dagbag.py:545} INFO - Filling up the DagBag from /home/airflow/.local/lib/python3.12/site-packages/airflow/example_dags/example_params_trigger_ui.py
[2026-09-15T21:28:45.259+0000] {processor.py:840} INFO - DAG(s) 'example_params_trigger_ui' retrieved from /home/airflow/.local/lib/python3.12/site-packages/airflow/example_dags/example_params_trigger_ui.py
[2026-09-15T21:28:45.288+0000] {logging_mixin.py:188} INFO - [2026-09-15T21:28:45.288+0000] {dag.py:3089} INFO - Sync 1 DAGs
[2026-09-15T21:28:45.298+0000] {logging_mixin.py:188} INFO - [2026-09-15T21:28:45.297+0000] {dag.py:3947} INFO - Setting next_dagrun for example_params_trigger_ui to None, run_after=None
[2026-09-15T21:28:45.313+0000] {processor.py:183} INFO - Processing /home/airflow/.local/lib/python3.12/site-packages/airflow/example_dags/example_params_trigger_ui.py took 0.070 seconds
[2026-09-15T21:29:15.434+0000] {processor.py:161} INFO - Started process (PID=4052) to work on /home/airflow/.local/lib/python3.12/site-packages/airflow/example_dags/example_params_trigger_ui.py
[2026-09-15T21:29:15.435+0000] {processor.py:830} INFO - Processing file /home/airflow/.local/lib/python3.12/site-packages/airflow/example_dags/example_params_trigger_ui.py for tasks to queue
[2026-09-15T21:29:15.436+0000] {logging_mixin.py:188} INFO - [2026-09-15T21:29:15.436+0000] {dagbag.py:545} INFO - Filling up the DagBag from /home/airflow/.local/lib/python3.12/site-packages/airflow/example_dags/example_params_trigger_ui.py
[2026-09-15T21:29:15.442+0000] {processor.py:840} INFO - DAG(s) 'example_params_trigger_ui' retrieved from /home/airflow/.local/lib/python3.12/site-packages/airflow/example_dags/example_params_trigger_ui.py
[2026-09-15T21:29:15.469+0000] {logging_mixin.py:188} INFO - [2026-09-15T21:29:15.468+0000] {dag.py:3089} INFO - Sync 1 DAGs
[2026-09-15T21:29:15.478+0000] {logging_mixin.py:188} INFO - [2026-09-15T21:29:15.478+0000] {dag.py:3947} INFO - Setting next_dagrun for example_params_trigger_ui to None, run_after=None
[2026-09-15T21:29:15.494+0000] {processor.py:183} INFO - Processing /home/airflow/.local/lib/python3.12/site-packages/airflow/example_dags/example_params_trigger_ui.py took 0.064 seconds
[2026-09-15T21:29:45.979+0000] {processor.py:161} INFO - Started process (PID=4321) to work on /home/airflow/.local/lib/python3.12/site-packages/airflow/example_dags/example_params_trigger_ui.py
[2026-09-15T21:29:45.980+0000] {processor.py:830} INFO - Processing file /home/airflow/.local/lib/python3.12/site-packages/airflow/example_dags/example_params_trigger_ui.py for tasks to queue
[2026-09-15T21:29:45.982+0000] {logging_mixin.py:188} INFO - [2026-09-15T21:29:45.982+0000] {dagbag.py:545} INFO - Filling up the DagBag from /home/airflow/.local/lib/python3.12/site-packages/airflow/example_dags/example_params_trigger_ui.py
[2026-09-15T21:29:45.990+0000] {processor.py:840} INFO - DAG(s) 'example_params_trigger_ui' retrieved from /home/airflow/.local/lib/python3.12/site-packages/airflow/example_dags/example_params_trigger_ui.py
[2026-09-15T21:29:46.019+0000] {logging_mixin.py:188} INFO - [2026-09-15T21:29:46.019+0000] {dag.py:3089} INFO - Sync 1 DAGs
[2026-09-15T21:29:46.030+0000] {logging_mixin.py:188} INFO - [2026-09-15T21:29:46.030+0000] {dag.py:3947} INFO - Setting next_dagrun for example_params_trigger_ui to None, run_after=None
[2026-09-15T21:29:46.051+0000] {processor.py:183} INFO - Processing /home/airflow/.local/lib/python3.12/site-packages/airflow/example_dags/example_params_trigger_ui.py took 0.077 seconds
[2026-09-15T21:30:16.183+0000] {processor.py:161} INFO - Started process (PID=4586) to work on /home/airflow/.local/lib/python3.12/site-packages/airflow/example_dags/example_params_trigger_ui.py
[2026-09-15T21:30:16.185+0000] {processor.py:830} INFO - Processing file /home/airflow/.local/lib/python3.12/site-packages/airflow/example_dags/example_params_trigger_ui.py for tasks to queue
[2026-09-15T21:30:16.188+0000] {logging_mixin.py:188} INFO - [2026-09-15T21:30:16.187+0000] {dagbag.py:545} INFO - Filling up the DagBag from /home/airflow/.local/lib/python3.12/site-packages/airflow/example_dags/example_params_trigger_ui.py
[2026-09-15T21:30:16.199+0000] {processor.py:840} INFO - DAG(s) 'example_params_trigger_ui' retrieved from /home/airflow/.local/lib/python3.12/site-packages/airflow/example_dags/example_params_trigger_ui.py
[2026-09-15T21:30:16.234+0000] {logging_mixin.py:188} INFO - [2026-09-15T21:30:16.233+0000] {dag.py:3089} INFO - Sync 1 DAGs
[2026-09-15T21:30:16.245+0000] {logging_mixin.py:188} INFO - [2026-09-15T21:30:16.245+0000] {dag.py:3947} INFO - Setting next_dagrun for example_params_trigger_ui to None, run_after=None
[2026-09-15T21:30:16.261+0000] {processor.py:183} INFO - Processing /home/airflow/.local/lib/python3.12/site-packages/airflow/example_dags/example_params_trigger_ui.py took 0.085 seconds
[2026-09-15T21:30:46.833+0000] {processor.py:161} INFO - Started process (PID=4848) to work on /home/airflow/.local/lib/python3.12/site-packages/airflow/example_dags/example_params_trigger_ui.py
[2026-09-15T21:30:46.835+0000] {processor.py:830} INFO - Processing file /home/airflow/.local/lib/python3.12/site-packages/airflow/example_dags/example_params_trigger_ui.py for tasks to queue
[2026-09-15T21:30:46.836+0000] {logging_mixin.py:188} INFO - [2026-09-15T21:30:46.836+0000] {dagbag.py:545} INFO - Filling up the DagBag from /home/airflow/.local/lib/python3.12/site-packages/airflow/example_dags/example_params_trigger_ui.py
[2026-09-15T21:30:46.845+0000] {processor.py:840} INFO - DAG(s) 'example_params_trigger_ui' retrieved from /home/airflow/.local/lib/python3.12/site-packages/airflow/example_dags/example_params_trigger_ui.py
[2026-09-15T21:30:46.874+0000] {logging_mixin.py:188} INFO - [2026-09-15T21:30:46.874+0000] {dag.py:3089} INFO - Sync 1 DAGs
[2026-09-15T21:30:46.884+0000] {logging_mixin.py:188} INFO - [2026-09-15T21:30:46.883+0000] {dag.py:3947} INFO - Setting next_dagrun for example_params_trigger_ui to None, run_after=None
[2026-09-15T21:30:46.900+0000] {processor.py:183} INFO - Processing /home/airflow/.local/lib/python3.12/site-packages/airflow/example_dags/example_params_trigger_ui.py took 0.070 seconds
[2026-09-15T21:31:17.386+0000] {processor.py:161} INFO - Started process (PID=5110) to work on /home/airflow/.local/lib/python3.12/site-packages/airflow/example_dags/example_params_trigger_ui.py
[2026-09-15T21:31:17.388+0000] {processor.py:830} INFO - Processing file /home/airflow/.local/lib/python3.12/site-packages/airflow/example_dags/example_params_trigger_ui.py for tasks to queue
[2026-09-15T21:31:17.390+0000] {logging_mixin.py:188} INFO - [2026-09-15T21:31:17.389+0000] {dagbag.py:545} INFO - Filling up the DagBag from /home/airflow/.local/lib/python3.12/site-packages/airflow/example_dags/example_params_trigger_ui.py
[2026-09-15T21:31:17.399+0000] {processor.py:840} INFO - DAG(s) 'example_params_trigger_ui' retrieved from /home/airflow/.local/lib/python3.12/site-packages/airflow/example_dags/example_params_trigger_ui.py
[2026-09-15T21:31:17.436+0000] {logging_mixin.py:188} INFO - [2026-09-15T21:31:17.435+0000] {dag.py:3089} INFO - Sync 1 DAGs
[2026-09-15T21:31:17.448+0000] {logging_mixin.py:188} INFO - [2026-09-15T21:31:17.448+0000] {dag.py:3947} INFO - Setting next_dagrun for example_params_trigger_ui to None, run_after=None
[2026-09-15T21:31:17.470+0000] {processor.py:183} INFO - Processing /home/airflow/.local/lib/python3.12/site-packages/airflow/example_dags/example_params_trigger_ui.py took 0.089 seconds
[2026-09-15T21:31:48.135+0000] {processor.py:161} INFO - Started process (PID=5372) to work on /home/airflow/.local/lib/python3.12/site-packages/airflow/example_dags/example_params_trigger_ui.py
[2026-09-15T21:31:48.136+0000] {processor.py:830} INFO - Processing file /home/airflow/.local/lib/python3.12/site-packages/airflow/example_dags/example_params_trigger_ui.py for tasks to queue
[2026-09-15T21:31:48.138+0000] {logging_mixin.py:188} INFO - [2026-09-15T21:31:48.138+0000] {dagbag.py:545} INFO - Filling up the DagBag from /home/airflow/.local/lib/python3.12/site-packages/airflow/example_dags/example_params_trigger_ui.py
[2026-09-15T21:31:48.145+0000] {processor.py:840} INFO - DAG(s) 'example_params_trigger_ui' retrieved from /home/airflow/.local/lib/python3.12/site-packages/airflow/example_dags/example_params_trigger_ui.py
[2026-09-15T21:31:48.174+0000] {logging_mixin.py:188} INFO - [2026-09-15T21:31:48.174+0000] {dag.py:3089} INFO - Sync 1 DAGs
[2026-09-15T21:31:48.184+0000] {logging_mixin.py:188} INFO - [2026-09-15T21:31:48.184+0000] {dag.py:3947} INFO - Setting next_dagrun for example_params_trigger_ui to None, run_after=None
[2026-09-15T21:31:48.199+0000] {processor.py:183} INFO - Processing /home/airflow/.local/lib/python3.12/site-packages/airflow/example_dags/example_params_trigger_ui.py took 0.068 seconds
[2026-09-15T21:32:18.317+0000] {processor.py:161} INFO - Started process (PID=5634) to work on /home/airflow/.local/lib/python3.12/site-packages/airflow/example_dags/example_params_trigger_ui.py
[2026-09-15T21:32:18.318+0000] {processor.py:830} INFO - Processing file /home/airflow/.local/lib/python3.12/site-packages/airflow/example_dags/example_params_trigger_ui.py for tasks to queue
[2026-09-15T21:32:18.321+0000] {logging_mixin.py:188} INFO - [2026-09-15T21:32:18.320+0000] {dagbag.py:545} INFO - Filling up the DagBag from /home/airflow/.local/lib/python3.12/site-packages/airflow/example_dags/example_params_trigger_ui.py
[2026-09-15T21:32:18.331+0000] {processor.py:840} INFO - DAG(s) 'example_params_trigger_ui' retrieved from /home/airflow/.local/lib/python3.12/site-packages/airflow/example_dags/example_params_trigger_ui.py
[2026-09-15T21:32:18.367+0000] {logging_mixin.py:188} INFO - [2026-09-15T21:32:18.366+0000] {dag.py:3089} INFO - Sync 1 DAGs
[2026-09-15T21:32:18.381+0000] {logging_mixin.py:188} INFO - [2026-09-15T21:32:18.380+0000] {dag.py:3947} INFO - Setting next_dagrun for example_params_trigger_ui to None, run_after=None
[2026-09-15T21:32:18.403+0000] {processor.py:183} INFO - Processing /home/airflow/.local/lib/python3.12/site-packages/airflow/example_dags/example_params_trigger_ui.py took 0.090 seconds
[2026-09-15T21:32:48.511+0000] {processor.py:161} INFO - Started process (PID=5896) to work on /home/airflow/.local/lib/python3.12/site-packages/airflow/example_dags/example_params_trigger_ui.py
[2026-09-15T21:32:48.513+0000] {processor.py:830} INFO - Processing file /home/airflow/.local/lib/python3.12/site-packages/airflow/example_dags/example_params_trigger_ui.py for tasks to queue
[2026-09-15T21:32:48.514+0000] {logging_mixin.py:188} INFO - [2026-09-15T21:32:48.514+0000] {dagbag.py:545} INFO - Filling up the DagBag from /home/airflow/.local/lib/python3.12/site-packages/airflow/example_dags/example_params_trigger_ui.py
[2026-09-15T21:32:48.521+0000] {processor.py:840} INFO - DAG(s) 'example_params_trigger_ui' retrieved from /home/airflow/.local/lib/python3.12/site-packages/airflow/example_dags/example_params_trigger_ui.py
[2026-09-15T21:32:48.550+0000] {logging_mixin.py:188} INFO - [2026-09-15T21:32:48.550+0000] {dag.py:3089} INFO - Sync 1 DAGs
[2026-09-15T21:32:48.560+0000] {logging_mixin.py:188} INFO - [2026-09-15T21:32:48.560+0000] {dag.py:3947} INFO - Setting next_dagrun for example_params_trigger_ui to None, run_after=None
[2026-09-15T21:32:48.578+0000] {processor.py:183} INFO - Processing /home/airflow/.local/lib/python3.12/site-packages/airflow/example_dags/example_params_trigger_ui.py took 0.071 seconds
[2026-09-15T21:33:19.703+0000] {processor.py:161} INFO - Started process (PID=6160) to work on /home/airflow/.local/lib/python3.12/site-packages/airflow/example_dags/example_params_trigger_ui.py
[2026-09-15T21:33:19.705+0000] {processor.py:830} INFO - Processing file /home/airflow/.local/lib/python3.12/site-packages/airflow/example_dags/example_params_trigger_ui.py for tasks to queue
[2026-09-15T21:33:19.707+0000] {logging_mixin.py:188} INFO - [2026-09-15T21:33:19.707+0000] {dagbag.py:545} INFO - Filling up the DagBag from /home/airflow/.local/lib/python3.12/site-packages/airflow/example_dags/example_params_trigger_ui.py
[2026-09-15T21:33:19.715+0000] {processor.py:840} INFO - DAG(s) 'example_params_trigger_ui' retrieved from /home/airflow/.local/lib/python3.12/site-packages/airflow/example_dags/example_params_trigger_ui.py
[2026-09-15T21:33:19.748+0000] {logging_mixin.py:188} INFO - [2026-09-15T21:33:19.748+0000] {dag.py:3089} INFO - Sync 1 DAGs
[2026-09-15T21:33:19.758+0000] {logging_mixin.py:188} INFO - [2026-09-15T21:33:19.758+0000] {dag.py:3947} INFO - Setting next_dagrun for example_params_trigger_ui to None, run_after=None
[2026-09-15T21:33:19.774+0000] {processor.py:183} INFO - Processing /home/airflow/.local/lib/python3.12/site-packages/airflow/example_dags/example_params_trigger_ui.py took 0.076 seconds
[2026-09-15T21:33:50.772+0000] {processor.py:161} INFO - Started process (PID=6424) to work on /home/airflow/.local/lib/python3.12/site-packages/airflow/example_dags/example_params_trigger_ui.py
[2026-09-15T21:33:50.774+0000] {processor.py:830} INFO - Processing file /home/airflow/.local/lib/python3.12/site-packages/airflow/example_dags/example_params_trigger_ui.py for tasks to queue
[2026-09-15T21:33:50.776+0000] {logging_mixin.py:188} INFO - [2026-09-15T21:33:50.776+0000] {dagbag.py:545} INFO - Filling up the DagBag from /home/airflow/.local/lib/python3.12/site-packages/airflow/example_dags/example_params_trigger_ui.py
[2026-09-15T21:33:50.783+0000] {processor.py:840} INFO - DAG(s) 'example_params_trigger_ui' retrieved from /home/airflow/.local/lib/python3.12/site-packages/airflow/example_dags/example_params_trigger_ui.py
[2026-09-15T21:33:50.816+0000] {logging_mixin.py:188} INFO - [2026-09-15T21:33:50.816+0000] {dag.py:3089} INFO - Sync 1 DAGs
[2026-09-15T21:33:50.828+0000] {logging_mixin.py:188} INFO - [2026-09-15T21:33:50.827+0000] {dag.py:3947} INFO - Setting next_dagrun for example_params_trigger_ui to None, run_after=None
[2026-09-15T21:33:50.846+0000] {processor.py:183} INFO - Processing /home/airflow/.local/lib/python3.12/site-packages/airflow/example_dags/example_params_trigger_ui.py took 0.079 seconds
[2026-09-15T21:34:21.086+0000] {processor.py:161} INFO - Started process (PID=6686) to work on /home/airflow/.local/lib/python3.12/site-packages/airflow/example_dags/example_params_trigger_ui.py
[2026-09-15T21:34:21.087+0000] {processor.py:830} INFO - Processing file /home/airflow/.local/lib/python3.12/site-packages/airflow/example_dags/example_params_trigger_ui.py for tasks to queue
[2026-09-15T21:34:21.088+0000] {logging_mixin.py:188} INFO - [2026-09-15T21:34:21.088+0000] {dagbag.py:545} INFO - Filling up the DagBag from /home/airflow/.local/lib/python3.12/site-packages/airflow/example_dags/example_params_trigger_ui.py
[2026-09-15T21:34:21.094+0000] {processor.py:840} INFO - DAG(s) 'example_params_trigger_ui' retrieved from /home/airflow/.local/lib/python3.12/site-packages/airflow/example_dags/example_params_trigger_ui.py
[2026-09-15T21:34:21.124+0000] {logging_mixin.py:188} INFO - [2026-09-15T21:34:21.124+0000] {dag.py:3089} INFO - Sync 1 DAGs
[2026-09-15T21:34:21.133+0000] {logging_mixin.py:188} INFO - [2026-09-15T21:34:21.133+0000] {dag.py:3947} INFO - Setting next_dagrun for example_params_trigger_ui to None, run_after=None
[2026-09-15T21:34:21.149+0000] {processor.py:183} INFO - Processing /home/airflow/.local/lib/python3.12/site-packages/airflow/example_dags/example_params_trigger_ui.py took 0.068 seconds
[2026-09-15T21:34:51.549+0000] {processor.py:161} INFO - Started process (PID=6950) to work on /home/airflow/.local/lib/python3.12/site-packages/airflow/example_dags/example_params_trigger_ui.py
[2026-09-15T21:34:51.550+0000] {processor.py:830} INFO - Processing file /home/airflow/.local/lib/python3.12/site-packages/airflow/example_dags/example_params_trigger_ui.py for tasks to queue
[2026-09-15T21:34:51.552+0000] {logging_mixin.py:188} INFO - [2026-09-15T21:34:51.552+0000] {dagbag.py:545} INFO - Filling up the DagBag from /home/airflow/.local/lib/python3.12/site-packages/airflow/example_dags/example_params_trigger_ui.py
[2026-09-15T21:34:51.559+0000] {processor.py:840} INFO - DAG(s) 'example_params_trigger_ui' retrieved from /home/airflow/.local/lib/python3.12/site-packages/airflow/example_dags/example_params_trigger_ui.py
[2026-09-15T21:34:51.588+0000] {logging_mixin.py:188} INFO - [2026-09-15T21:34:51.588+0000] {dag.py:3089} INFO - Sync 1 DAGs
[2026-09-15T21:34:51.598+0000] {logging_mixin.py:188} INFO - [2026-09-15T21:34:51.598+0000] {dag.py:3947} INFO - Setting next_dagrun for example_params_trigger_ui to None, run_after=None
[2026-09-15T21:34:51.613+0000] {processor.py:183} INFO - Processing /home/airflow/.local/lib/python3.12/site-packages/airflow/example_dags/example_params_trigger_ui.py took 0.069 seconds
[2026-09-15T21:35:21.894+0000] {processor.py:161} INFO - Started process (PID=7216) to work on /home/airflow/.local/lib/python3.12/site-packages/airflow/example_dags/example_params_trigger_ui.py
[2026-09-15T21:35:21.895+0000] {processor.py:830} INFO - Processing file /home/airflow/.local/lib/python3.12/site-packages/airflow/example_dags/example_params_trigger_ui.py for tasks to queue
[2026-09-15T21:35:21.897+0000] {logging_mixin.py:188} INFO - [2026-09-15T21:35:21.897+0000] {dagbag.py:545} INFO - Filling up the DagBag from /home/airflow/.local/lib/python3.12/site-packages/airflow/example_dags/example_params_trigger_ui.py
[2026-09-15T21:35:21.905+0000] {processor.py:840} INFO - DAG(s) 'example_params_trigger_ui' retrieved from /home/airflow/.local/lib/python3.12/site-packages/airflow/example_dags/example_params_trigger_ui.py
[2026-09-15T21:35:21.938+0000] {logging_mixin.py:188} INFO - [2026-09-15T21:35:21.938+0000] {dag.py:3089} INFO - Sync 1 DAGs
[2026-09-15T21:35:21.949+0000] {logging_mixin.py:188} INFO - [2026-09-15T21:35:21.949+0000] {dag.py:3947} INFO - Setting next_dagrun for example_params_trigger_ui to None, run_after=None
[2026-09-15T21:35:21.964+0000] {processor.py:183} INFO - Processing /home/airflow/.local/lib/python3.12/site-packages/airflow/example_dags/example_params_trigger_ui.py took 0.076 seconds
[2026-09-15T21:35:52.102+0000] {processor.py:161} INFO - Started process (PID=7478) to work on /home/airflow/.local/lib/python3.12/site-packages/airflow/example_dags/example_params_trigger_ui.py
[2026-09-15T21:35:52.103+0000] {processor.py:830} INFO - Processing file /home/airflow/.local/lib/python3.12/site-packages/airflow/example_dags/example_params_trigger_ui.py for tasks to queue
[2026-09-15T21:35:52.105+0000] {logging_mixin.py:188} INFO - [2026-09-15T21:35:52.104+0000] {dagbag.py:545} INFO - Filling up the DagBag from /home/airflow/.local/lib/python3.12/site-packages/airflow/example_dags/example_params_trigger_ui.py
[2026-09-15T21:35:52.111+0000] {processor.py:840} INFO - DAG(s) 'example_params_trigger_ui' retrieved from /home/airflow/.local/lib/python3.12/site-packages/airflow/example_dags/example_params_trigger_ui.py
[2026-09-15T21:35:52.142+0000] {logging_mixin.py:188} INFO - [2026-09-15T21:35:52.142+0000] {dag.py:3089} INFO - Sync 1 DAGs
[2026-09-15T21:35:52.154+0000] {logging_mixin.py:188} INFO - [2026-09-15T21:35:52.154+0000] {dag.py:3947} INFO - Setting next_dagrun for example_params_trigger_ui to None, run_after=None
[2026-09-15T21:35:52.169+0000] {processor.py:183} INFO - Processing /home/airflow/.local/lib/python3.12/site-packages/airflow/example_dags/example_params_trigger_ui.py took 0.071 seconds
[2026-09-15T21:36:22.358+0000] {processor.py:161} INFO - Started process (PID=7740) to work on /home/airflow/.local/lib/python3.12/site-packages/airflow/example_dags/example_params_trigger_ui.py
[2026-09-15T21:36:22.359+0000] {processor.py:830} INFO - Processing file /home/airflow/.local/lib/python3.12/site-packages/airflow/example_dags/example_params_trigger_ui.py for tasks to queue
[2026-09-15T21:36:22.360+0000] {logging_mixin.py:188} INFO - [2026-09-15T21:36:22.360+0000] {dagbag.py:545} INFO - Filling up the DagBag from /home/airflow/.local/lib/python3.12/site-packages/airflow/example_dags/example_params_trigger_ui.py
[2026-09-15T21:36:22.367+0000] {processor.py:840} INFO - DAG(s) 'example_params_trigger_ui' retrieved from /home/airflow/.local/lib/python3.12/site-packages/airflow/example_dags/example_params_trigger_ui.py
[2026-09-15T21:36:22.399+0000] {logging_mixin.py:188} INFO - [2026-09-15T21:36:22.399+0000] {dag.py:3089} INFO - Sync 1 DAGs
[2026-09-15T21:36:22.410+0000] {logging_mixin.py:188} INFO - [2026-09-15T21:36:22.409+0000] {dag.py:3947} INFO - Setting next_dagrun for example_params_trigger_ui to None, run_after=None
[2026-09-15T21:36:22.426+0000] {processor.py:183} INFO - Processing /home/airflow/.local/lib/python3.12/site-packages/airflow/example_dags/example_params_trigger_ui.py took 0.072 seconds
[2026-09-15T21:36:52.731+0000] {processor.py:161} INFO - Started process (PID=8002) to work on /home/airflow/.local/lib/python3.12/site-packages/airflow/example_dags/example_params_trigger_ui.py
[2026-09-15T21:36:52.732+0000] {processor.py:830} INFO - Processing file /home/airflow/.local/lib/python3.12/site-packages/airflow/example_dags/example_params_trigger_ui.py for tasks to queue
[2026-09-15T21:36:52.734+0000] {logging_mixin.py:188} INFO - [2026-09-15T21:36:52.734+0000] {dagbag.py:545} INFO - Filling up the DagBag from /home/airflow/.local/lib/python3.12/site-packages/airflow/example_dags/example_params_trigger_ui.py
[2026-09-15T21:36:52.740+0000] {processor.py:840} INFO - DAG(s) 'example_params_trigger_ui' retrieved from /home/airflow/.local/lib/python3.12/site-packages/airflow/example_dags/example_params_trigger_ui.py
[2026-09-15T21:36:52.769+0000] {logging_mixin.py:188} INFO - [2026-09-15T21:36:52.769+0000] {dag.py:3089} INFO - Sync 1 DAGs
[2026-09-15T21:36:52.779+0000] {logging_mixin.py:188} INFO - [2026-09-15T21:36:52.779+0000] {dag.py:3947} INFO - Setting next_dagrun for example_params_trigger_ui to None, run_after=None
[2026-09-15T21:36:52.794+0000] {processor.py:183} INFO - Processing /home/airflow/.local/lib/python3.12/site-packages/airflow/example_dags/example_params_trigger_ui.py took 0.067 seconds
[2026-09-15T21:37:23.850+0000] {processor.py:161} INFO - Started process (PID=8264) to work on /home/airflow/.local/lib/python3.12/site-packages/airflow/example_dags/example_params_trigger_ui.py
[2026-09-15T21:37:23.852+0000] {processor.py:830} INFO - Processing file /home/airflow/.local/lib/python3.12/site-packages/airflow/example_dags/example_params_trigger_ui.py for tasks to queue
[2026-09-15T21:37:23.854+0000] {logging_mixin.py:188} INFO - [2026-09-15T21:37:23.854+0000] {dagbag.py:545} INFO - Filling up the DagBag from /home/airflow/.local/lib/python3.12/site-packages/airflow/example_dags/example_params_trigger_ui.py
[2026-09-15T21:37:23.862+0000] {processor.py:840} INFO - DAG(s) 'example_params_trigger_ui' retrieved from /home/airflow/.local/lib/python3.12/site-packages/airflow/example_dags/example_params_trigger_ui.py
[2026-09-15T21:37:23.893+0000] {logging_mixin.py:188} INFO - [2026-09-15T21:37:23.893+0000] {dag.py:3089} INFO - Sync 1 DAGs
[2026-09-15T21:37:23.904+0000] {logging_mixin.py:188} INFO - [2026-09-15T21:37:23.904+0000] {dag.py:3947} INFO - Setting next_dagrun for example_params_trigger_ui to None, run_after=None
[2026-09-15T21:37:23.920+0000] {processor.py:183} INFO - Processing /home/airflow/.local/lib/python3.12/site-packages/airflow/example_dags/example_params_trigger_ui.py took 0.075 seconds
[2026-09-15T21:37:54.389+0000] {processor.py:161} INFO - Started process (PID=8524) to work on /home/airflow/.local/lib/python3.12/site-packages/airflow/example_dags/example_params_trigger_ui.py
[2026-09-15T21:37:54.391+0000] {processor.py:830} INFO - Processing file /home/airflow/.local/lib/python3.12/site-packages/airflow/example_dags/example_params_trigger_ui.py for tasks to queue
[2026-09-15T21:37:54.393+0000] {logging_mixin.py:188} INFO - [2026-09-15T21:37:54.392+0000] {dagbag.py:545} INFO - Filling up the DagBag from /home/airflow/.local/lib/python3.12/site-packages/airflow/example_dags/example_params_trigger_ui.py
[2026-09-15T21:37:54.400+0000] {processor.py:840} INFO - DAG(s) 'example_params_trigger_ui' retrieved from /home/airflow/.local/lib/python3.12/site-packages/airflow/example_dags/example_params_trigger_ui.py
[2026-09-15T21:37:54.430+0000] {logging_mixin.py:188} INFO - [2026-09-15T21:37:54.430+0000] {dag.py:3089} INFO - Sync 1 DAGs
[2026-09-15T21:37:54.441+0000] {logging_mixin.py:188} INFO - [2026-09-15T21:37:54.441+0000] {dag.py:3947} INFO - Setting next_dagrun for example_params_trigger_ui to None, run_after=None
[2026-09-15T21:37:54.458+0000] {processor.py:183} INFO - Processing /home/airflow/.local/lib/python3.12/site-packages/airflow/example_dags/example_params_trigger_ui.py took 0.074 seconds
[2026-09-15T21:38:24.863+0000] {processor.py:161} INFO - Started process (PID=8788) to work on /home/airflow/.local/lib/python3.12/site-packages/airflow/example_dags/example_params_trigger_ui.py
[2026-09-15T21:38:24.864+0000] {processor.py:830} INFO - Processing file /home/airflow/.local/lib/python3.12/site-packages/airflow/example_dags/example_params_trigger_ui.py for tasks to queue
[2026-09-15T21:38:24.866+0000] {logging_mixin.py:188} INFO - [2026-09-15T21:38:24.865+0000] {dagbag.py:545} INFO - Filling up the DagBag from /home/airflow/.local/lib/python3.12/site-packages/airflow/example_dags/example_params_trigger_ui.py
[2026-09-15T21:38:24.873+0000] {processor.py:840} INFO - DAG(s) 'example_params_trigger_ui' retrieved from /home/airflow/.local/lib/python3.12/site-packages/airflow/example_dags/example_params_trigger_ui.py
[2026-09-15T21:38:24.906+0000] {logging_mixin.py:188} INFO - [2026-09-15T21:38:24.906+0000] {dag.py:3089} INFO - Sync 1 DAGs
[2026-09-15T21:38:24.920+0000] {logging_mixin.py:188} INFO - [2026-09-15T21:38:24.920+0000] {dag.py:3947} INFO - Setting next_dagrun for example_params_trigger_ui to None, run_after=None
[2026-09-15T21:38:24.938+0000] {processor.py:183} INFO - Processing /home/airflow/.local/lib/python3.12/site-packages/airflow/example_dags/example_params_trigger_ui.py took 0.080 seconds
[2026-09-15T21:38:55.828+0000] {processor.py:161} INFO - Started process (PID=9077) to work on /home/airflow/.local/lib/python3.12/site-packages/airflow/example_dags/example_params_trigger_ui.py
[2026-09-15T21:38:55.830+0000] {processor.py:830} INFO - Processing file /home/airflow/.local/lib/python3.12/site-packages/airflow/example_dags/example_params_trigger_ui.py for tasks to queue
[2026-09-15T21:38:55.832+0000] {logging_mixin.py:188} INFO - [2026-09-15T21:38:55.831+0000] {dagbag.py:545} INFO - Filling up the DagBag from /home/airflow/.local/lib/python3.12/site-packages/airflow/example_dags/example_params_trigger_ui.py
[2026-09-15T21:38:55.839+0000] {processor.py:840} INFO - DAG(s) 'example_params_trigger_ui' retrieved from /home/airflow/.local/lib/python3.12/site-packages/airflow/example_dags/example_params_trigger_ui.py
[2026-09-15T21:38:55.874+0000] {logging_mixin.py:188} INFO - [2026-09-15T21:38:55.874+0000] {dag.py:3089} INFO - Sync 1 DAGs
[2026-09-15T21:38:55.884+0000] {logging_mixin.py:188} INFO - [2026-09-15T21:38:55.884+0000] {dag.py:3947} INFO - Setting next_dagrun for example_params_trigger_ui to None, run_after=None
[2026-09-15T21:38:55.901+0000] {processor.py:183} INFO - Processing /home/airflow/.local/lib/python3.12/site-packages/airflow/example_dags/example_params_trigger_ui.py took 0.079 seconds
[2026-09-15T21:39:26.088+0000] {processor.py:161} INFO - Started process (PID=9339) to work on /home/airflow/.local/lib/python3.12/site-packages/airflow/example_dags/example_params_trigger_ui.py
[2026-09-15T21:39:26.089+0000] {processor.py:830} INFO - Processing file /home/airflow/.local/lib/python3.12/site-packages/airflow/example_dags/example_params_trigger_ui.py for tasks to queue
[2026-09-15T21:39:26.092+0000] {logging_mixin.py:188} INFO - [2026-09-15T21:39:26.091+0000] {dagbag.py:545} INFO - Filling up the DagBag from /home/airflow/.local/lib/python3.12/site-packages/airflow/example_dags/example_params_trigger_ui.py
[2026-09-15T21:39:26.103+0000] {processor.py:840} INFO - DAG(s) 'example_params_trigger_ui' retrieved from /home/airflow/.local/lib/python3.12/site-packages/airflow/example_dags/example_params_trigger_ui.py
[2026-09-15T21:39:26.156+0000] {logging_mixin.py:188} INFO - [2026-09-15T21:39:26.156+0000] {dag.py:3089} INFO - Sync 1 DAGs
[2026-09-15T21:39:26.171+0000] {logging_mixin.py:188} INFO - [2026-09-15T21:39:26.171+0000] {dag.py:3947} INFO - Setting next_dagrun for example_params_trigger_ui to None, run_after=None
[2026-09-15T21:39:26.200+0000] {processor.py:183} INFO - Processing /home/airflow/.local/lib/python3.12/site-packages/airflow/example_dags/example_params_trigger_ui.py took 0.119 seconds
[2026-09-15T21:39:57.203+0000] {processor.py:161} INFO - Started process (PID=9601) to work on /home/airflow/.local/lib/python3.12/site-packages/airflow/example_dags/example_params_trigger_ui.py
[2026-09-15T21:39:57.204+0000] {processor.py:830} INFO - Processing file /home/airflow/.local/lib/python3.12/site-packages/airflow/example_dags/example_params_trigger_ui.py for tasks to queue
[2026-09-15T21:39:57.206+0000] {logging_mixin.py:188} INFO - [2026-09-15T21:39:57.206+0000] {dagbag.py:545} INFO - Filling up the DagBag from /home/airflow/.local/lib/python3.12/site-packages/airflow/example_dags/example_params_trigger_ui.py
[2026-09-15T21:39:57.213+0000] {processor.py:840} INFO - DAG(s) 'example_params_trigger_ui' retrieved from /home/airflow/.local/lib/python3.12/site-packages/airflow/example_dags/example_params_trigger_ui.py
[2026-09-15T21:39:57.241+0000] {logging_mixin.py:188} INFO - [2026-09-15T21:39:57.241+0000] {dag.py:3089} INFO - Sync 1 DAGs
[2026-09-15T21:39:57.251+0000] {logging_mixin.py:188} INFO - [2026-09-15T21:39:57.251+0000] {dag.py:3947} INFO - Setting next_dagrun for example_params_trigger_ui to None, run_after=None
[2026-09-15T21:39:57.267+0000] {processor.py:183} INFO - Processing /home/airflow/.local/lib/python3.12/site-packages/airflow/example_dags/example_params_trigger_ui.py took 0.067 seconds
[2026-09-15T21:40:27.429+0000] {processor.py:161} INFO - Started process (PID=9860) to work on /home/airflow/.local/lib/python3.12/site-packages/airflow/example_dags/example_params_trigger_ui.py
[2026-09-15T21:40:27.430+0000] {processor.py:830} INFO - Processing file /home/airflow/.local/lib/python3.12/site-packages/airflow/example_dags/example_params_trigger_ui.py for tasks to queue
[2026-09-15T21:40:27.431+0000] {logging_mixin.py:188} INFO - [2026-09-15T21:40:27.431+0000] {dagbag.py:545} INFO - Filling up the DagBag from /home/airflow/.local/lib/python3.12/site-packages/airflow/example_dags/example_params_trigger_ui.py
[2026-09-15T21:40:27.438+0000] {processor.py:840} INFO - DAG(s) 'example_params_trigger_ui' retrieved from /home/airflow/.local/lib/python3.12/site-packages/airflow/example_dags/example_params_trigger_ui.py
[2026-09-15T21:40:27.468+0000] {logging_mixin.py:188} INFO - [2026-09-15T21:40:27.468+0000] {dag.py:3089} INFO - Sync 1 DAGs
[2026-09-15T21:40:27.478+0000] {logging_mixin.py:188} INFO - [2026-09-15T21:40:27.478+0000] {dag.py:3947} INFO - Setting next_dagrun for example_params_trigger_ui to None, run_after=None
[2026-09-15T21:40:27.493+0000] {processor.py:183} INFO - Processing /home/airflow/.local/lib/python3.12/site-packages/airflow/example_dags/example_params_trigger_ui.py took 0.069 seconds
[2026-09-15T21:40:58.014+0000] {processor.py:161} INFO - Started process (PID=10125) to work on /home/airflow/.local/lib/python3.12/site-packages/airflow/example_dags/example_params_trigger_ui.py
[2026-09-15T21:40:58.015+0000] {processor.py:830} INFO - Processing file /home/airflow/.local/lib/python3.12/site-packages/airflow/example_dags/example_params_trigger_ui.py for tasks to queue
[2026-09-15T21:40:58.017+0000] {logging_mixin.py:188} INFO - [2026-09-15T21:40:58.017+0000] {dagbag.py:545} INFO - Filling up the DagBag from /home/airflow/.local/lib/python3.12/site-packages/airflow/example_dags/example_params_trigger_ui.py
[2026-09-15T21:40:58.024+0000] {processor.py:840} INFO - DAG(s) 'example_params_trigger_ui' retrieved from /home/airflow/.local/lib/python3.12/site-packages/airflow/example_dags/example_params_trigger_ui.py
[2026-09-15T21:40:58.057+0000] {logging_mixin.py:188} INFO - [2026-09-15T21:40:58.057+0000] {dag.py:3089} INFO - Sync 1 DAGs
[2026-09-15T21:40:58.068+0000] {logging_mixin.py:188} INFO - [2026-09-15T21:40:58.068+0000] {dag.py:3947} INFO - Setting next_dagrun for example_params_trigger_ui to None, run_after=None
[2026-09-15T21:40:58.085+0000] {processor.py:183} INFO - Processing /home/airflow/.local/lib/python3.12/site-packages/airflow/example_dags/example_params_trigger_ui.py took 0.076 seconds
[2026-09-15T21:41:28.987+0000] {processor.py:161} INFO - Started process (PID=10387) to work on /home/airflow/.local/lib/python3.12/site-packages/airflow/example_dags/example_params_trigger_ui.py
[2026-09-15T21:41:28.988+0000] {processor.py:830} INFO - Processing file /home/airflow/.local/lib/python3.12/site-packages/airflow/example_dags/example_params_trigger_ui.py for tasks to queue
[2026-09-15T21:41:28.990+0000] {logging_mixin.py:188} INFO - [2026-09-15T21:41:28.990+0000] {dagbag.py:545} INFO - Filling up the DagBag from /home/airflow/.local/lib/python3.12/site-packages/airflow/example_dags/example_params_trigger_ui.py
[2026-09-15T21:41:28.997+0000] {processor.py:840} INFO - DAG(s) 'example_params_trigger_ui' retrieved from /home/airflow/.local/lib/python3.12/site-packages/airflow/example_dags/example_params_trigger_ui.py
[2026-09-15T21:41:29.031+0000] {logging_mixin.py:188} INFO - [2026-09-15T21:41:29.031+0000] {dag.py:3089} INFO - Sync 1 DAGs
[2026-09-15T21:41:29.043+0000] {logging_mixin.py:188} INFO - [2026-09-15T21:41:29.042+0000] {dag.py:3947} INFO - Setting next_dagrun for example_params_trigger_ui to None, run_after=None
[2026-09-15T21:41:29.060+0000] {processor.py:183} INFO - Processing /home/airflow/.local/lib/python3.12/site-packages/airflow/example_dags/example_params_trigger_ui.py took 0.077 seconds
[2026-09-15T21:41:59.845+0000] {processor.py:161} INFO - Started process (PID=10649) to work on /home/airflow/.local/lib/python3.12/site-packages/airflow/example_dags/example_params_trigger_ui.py
[2026-09-15T21:41:59.846+0000] {processor.py:830} INFO - Processing file /home/airflow/.local/lib/python3.12/site-packages/airflow/example_dags/example_params_trigger_ui.py for tasks to queue
[2026-09-15T21:41:59.848+0000] {logging_mixin.py:188} INFO - [2026-09-15T21:41:59.848+0000] {dagbag.py:545} INFO - Filling up the DagBag from /home/airflow/.local/lib/python3.12/site-packages/airflow/example_dags/example_params_trigger_ui.py
[2026-09-15T21:41:59.855+0000] {processor.py:840} INFO - DAG(s) 'example_params_trigger_ui' retrieved from /home/airflow/.local/lib/python3.12/site-packages/airflow/example_dags/example_params_trigger_ui.py
[2026-09-15T21:41:59.885+0000] {logging_mixin.py:188} INFO - [2026-09-15T21:41:59.885+0000] {dag.py:3089} INFO - Sync 1 DAGs
[2026-09-15T21:41:59.897+0000] {logging_mixin.py:188} INFO - [2026-09-15T21:41:59.896+0000] {dag.py:3947} INFO - Setting next_dagrun for example_params_trigger_ui to None, run_after=None
[2026-09-15T21:41:59.914+0000] {processor.py:183} INFO - Processing /home/airflow/.local/lib/python3.12/site-packages/airflow/example_dags/example_params_trigger_ui.py took 0.073 seconds
[2026-09-15T21:42:30.496+0000] {processor.py:161} INFO - Started process (PID=10911) to work on /home/airflow/.local/lib/python3.12/site-packages/airflow/example_dags/example_params_trigger_ui.py
[2026-09-15T21:42:30.497+0000] {processor.py:830} INFO - Processing file /home/airflow/.local/lib/python3.12/site-packages/airflow/example_dags/example_params_trigger_ui.py for tasks to queue
[2026-09-15T21:42:30.499+0000] {logging_mixin.py:188} INFO - [2026-09-15T21:42:30.499+0000] {dagbag.py:545} INFO - Filling up the DagBag from /home/airflow/.local/lib/python3.12/site-packages/airflow/example_dags/example_params_trigger_ui.py
[2026-09-15T21:42:30.507+0000] {processor.py:840} INFO - DAG(s) 'example_params_trigger_ui' retrieved from /home/airflow/.local/lib/python3.12/site-packages/airflow/example_dags/example_params_trigger_ui.py
[2026-09-15T21:42:30.698+0000] {logging_mixin.py:188} INFO - [2026-09-15T21:42:30.697+0000] {dag.py:3089} INFO - Sync 1 DAGs
[2026-09-15T21:42:30.706+0000] {logging_mixin.py:188} INFO - [2026-09-15T21:42:30.706+0000] {dag.py:3947} INFO - Setting next_dagrun for example_params_trigger_ui to None, run_after=None
[2026-09-15T21:42:30.722+0000] {processor.py:183} INFO - Processing /home/airflow/.local/lib/python3.12/site-packages/airflow/example_dags/example_params_trigger_ui.py took 0.231 seconds
[2026-09-15T21:43:00.854+0000] {processor.py:161} INFO - Started process (PID=11173) to work on /home/airflow/.local/lib/python3.12/site-packages/airflow/example_dags/example_params_trigger_ui.py
[2026-09-15T21:43:00.855+0000] {processor.py:830} INFO - Processing file /home/airflow/.local/lib/python3.12/site-packages/airflow/example_dags/example_params_trigger_ui.py for tasks to queue
[2026-09-15T21:43:00.857+0000] {logging_mixin.py:188} INFO - [2026-09-15T21:43:00.857+0000] {dagbag.py:545} INFO - Filling up the DagBag from /home/airflow/.local/lib/python3.12/site-packages/airflow/example_dags/example_params_trigger_ui.py
[2026-09-15T21:43:00.864+0000] {processor.py:840} INFO - DAG(s) 'example_params_trigger_ui' retrieved from /home/airflow/.local/lib/python3.12/site-packages/airflow/example_dags/example_params_trigger_ui.py
[2026-09-15T21:43:00.897+0000] {logging_mixin.py:188} INFO - [2026-09-15T21:43:00.896+0000] {dag.py:3089} INFO - Sync 1 DAGs
[2026-09-15T21:43:00.906+0000] {logging_mixin.py:188} INFO - [2026-09-15T21:43:00.906+0000] {dag.py:3947} INFO - Setting next_dagrun for example_params_trigger_ui to None, run_after=None
[2026-09-15T21:43:00.922+0000] {processor.py:183} INFO - Processing /home/airflow/.local/lib/python3.12/site-packages/airflow/example_dags/example_params_trigger_ui.py took 0.072 seconds
[2026-09-15T21:43:31.130+0000] {processor.py:161} INFO - Started process (PID=11435) to work on /home/airflow/.local/lib/python3.12/site-packages/airflow/example_dags/example_params_trigger_ui.py
[2026-09-15T21:43:31.131+0000] {processor.py:830} INFO - Processing file /home/airflow/.local/lib/python3.12/site-packages/airflow/example_dags/example_params_trigger_ui.py for tasks to queue
[2026-09-15T21:43:31.133+0000] {logging_mixin.py:188} INFO - [2026-09-15T21:43:31.133+0000] {dagbag.py:545} INFO - Filling up the DagBag from /home/airflow/.local/lib/python3.12/site-packages/airflow/example_dags/example_params_trigger_ui.py
[2026-09-15T21:43:31.142+0000] {processor.py:840} INFO - DAG(s) 'example_params_trigger_ui' retrieved from /home/airflow/.local/lib/python3.12/site-packages/airflow/example_dags/example_params_trigger_ui.py
[2026-09-15T21:43:31.175+0000] {logging_mixin.py:188} INFO - [2026-09-15T21:43:31.175+0000] {dag.py:3089} INFO - Sync 1 DAGs
[2026-09-15T21:43:31.185+0000] {logging_mixin.py:188} INFO - [2026-09-15T21:43:31.185+0000] {dag.py:3947} INFO - Setting next_dagrun for example_params_trigger_ui to None, run_after=None
[2026-09-15T21:43:31.201+0000] {processor.py:183} INFO - Processing /home/airflow/.local/lib/python3.12/site-packages/airflow/example_dags/example_params_trigger_ui.py took 0.077 seconds
[2026-09-15T21:44:01.296+0000] {processor.py:161} INFO - Started process (PID=11694) to work on /home/airflow/.local/lib/python3.12/site-packages/airflow/example_dags/example_params_trigger_ui.py
[2026-09-15T21:44:01.298+0000] {processor.py:830} INFO - Processing file /home/airflow/.local/lib/python3.12/site-packages/airflow/example_dags/example_params_trigger_ui.py for tasks to queue
[2026-09-15T21:44:01.299+0000] {logging_mixin.py:188} INFO - [2026-09-15T21:44:01.299+0000] {dagbag.py:545} INFO - Filling up the DagBag from /home/airflow/.local/lib/python3.12/site-packages/airflow/example_dags/example_params_trigger_ui.py
[2026-09-15T21:44:01.306+0000] {processor.py:840} INFO - DAG(s) 'example_params_trigger_ui' retrieved from /home/airflow/.local/lib/python3.12/site-packages/airflow/example_dags/example_params_trigger_ui.py
[2026-09-15T21:44:01.335+0000] {logging_mixin.py:188} INFO - [2026-09-15T21:44:01.335+0000] {dag.py:3089} INFO - Sync 1 DAGs
[2026-09-15T21:44:01.345+0000] {logging_mixin.py:188} INFO - [2026-09-15T21:44:01.345+0000] {dag.py:3947} INFO - Setting next_dagrun for example_params_trigger_ui to None, run_after=None
[2026-09-15T21:44:01.362+0000] {processor.py:183} INFO - Processing /home/airflow/.local/lib/python3.12/site-packages/airflow/example_dags/example_params_trigger_ui.py took 0.070 seconds
[2026-09-15T21:44:31.468+0000] {processor.py:161} INFO - Started process (PID=11956) to work on /home/airflow/.local/lib/python3.12/site-packages/airflow/example_dags/example_params_trigger_ui.py
[2026-09-15T21:44:31.470+0000] {processor.py:830} INFO - Processing file /home/airflow/.local/lib/python3.12/site-packages/airflow/example_dags/example_params_trigger_ui.py for tasks to queue
[2026-09-15T21:44:31.471+0000] {logging_mixin.py:188} INFO - [2026-09-15T21:44:31.471+0000] {dagbag.py:545} INFO - Filling up the DagBag from /home/airflow/.local/lib/python3.12/site-packages/airflow/example_dags/example_params_trigger_ui.py
[2026-09-15T21:44:31.478+0000] {processor.py:840} INFO - DAG(s) 'example_params_trigger_ui' retrieved from /home/airflow/.local/lib/python3.12/site-packages/airflow/example_dags/example_params_trigger_ui.py
[2026-09-15T21:44:31.515+0000] {logging_mixin.py:188} INFO - [2026-09-15T21:44:31.514+0000] {dag.py:3089} INFO - Sync 1 DAGs
[2026-09-15T21:44:31.525+0000] {logging_mixin.py:188} INFO - [2026-09-15T21:44:31.525+0000] {dag.py:3947} INFO - Setting next_dagrun for example_params_trigger_ui to None, run_after=None
[2026-09-15T21:44:31.541+0000] {processor.py:183} INFO - Processing /home/airflow/.local/lib/python3.12/site-packages/airflow/example_dags/example_params_trigger_ui.py took 0.077 seconds
