[2026-09-15T21:01:01.264+0000] {processor.py:161} INFO - Started process (PID=96) to work on /home/airflow/.local/lib/python3.12/site-packages/airflow/example_dags/example_params_ui_tutorial.py
[2026-09-15T21:01:01.266+0000] {processor.py:830} INFO - Processing file /home/airflow/.local/lib/python3.12/site-packages/airflow/example_dags/example_params_ui_tutorial.py for tasks to queue
[2026-09-15T21:01:01.268+0000] {logging_mixin.py:188} INFO - [2026-09-15T21:01:01.268+0000] {dagbag.py:545} INFO - Filling up the DagBag from /home/airflow/.local/lib/python3.12/site-packages/airflow/example_dags/example_params_ui_tutorial.py
[2026-09-15T21:01:01.277+0000] {processor.py:840} INFO - DAG(s) 'example_params_ui_tutorial' retrieved from /home/airflow/.local/lib/python3.12/site-packages/airflow/example_dags/example_params_ui_tutorial.py
[2026-09-15T21:01:01.290+0000] {logging_mixin.py:188} INFO - [2026-09-15T21:01:01.290+0000] {dag.py:3089} INFO - Sync 1 DAGs
[2026-09-15T21:01:01.313+0000] {logging_mixin.py:188} INFO - [2026-09-15T21:01:01.313+0000] {dag.py:3947} INFO - Setting next_dagrun for example_params_ui_tutorial to None, run_after=None
[2026-09-15T21:01:01.341+0000] {processor.py:183} INFO - Processing /home/airflow/.local/lib/python3.12/site-packages/airflow/example_dags/example_params_ui_tutorial.py took 0.083 seconds
[2026-09-15T21:01:32.667+0000] {processor.py:161} INFO - Started process (PID=154) to work on /home/airflow/.local/lib/python3.12/site-packages/airflow/example_dags/example_params_ui_tutorial.py
[2026-09-15T21:01:32.668+0000] {processor.py:830} INFO - Processing file /home/airflow/.local/lib/python3.12/site-packages/airflow/example_dags/example_params_ui_tutorial.py for tasks to queue
[2026-09-15T21:01:32.670+0000] {logging_mixin.py:188} INFO - [2026-09-15T21:01:32.670+0000] {dagbag.py:545} INFO - Filling up the DagBag from /home/airflow/.local/lib/python3.12/site-packages/airflow/example_dags/example_params_ui_tutorial.py
[2026-09-15T21:01:32.675+0000] {processor.py:840} INFO - DAG(s) 'example_params_ui_tutorial' retrieved from /home/airflow/.local/lib/python3.12/site-packages/airflow/example_dags/example_params_ui_tutorial.py
[2026-09-15T21:01:32.765+0000] {logging_mixin.py:188} INFO - [2026-09-15T21:01:32.765+0000] {dag.py:3089} INFO - Sync 1 DAGs
[2026-09-15T21:01:32.774+0000] {logging_mixin.py:188} INFO - [2026-09-15T21:01:32.773+0000] {dag.py:3947} INFO - Setting next_dagrun for example_params_ui_tutorial to None, run_after=None
[2026-09-15T21:01:32.790+0000] {processor.py:183} INFO - Processing /home/airflow/.local/lib/python3.12/site-packages/airflow/example_dags/example_params_ui_tutorial.py took 0.128 seconds
[2026-09-15T21:02:02.922+0000] {processor.py:161} INFO - Started process (PID=212) to work on /home/airflow/.local/lib/python3.12/site-packages/airflow/example_dags/example_params_ui_tutorial.py
[2026-09-15T21:02:02.924+0000] {processor.py:830} INFO - Processing file /home/airflow/.local/lib/python3.12/site-packages/airflow/example_dags/example_params_ui_tutorial.py for tasks to queue
[2026-09-15T21:02:02.926+0000] {logging_mixin.py:188} INFO - [2026-09-15T21:02:02.926+0000] {dagbag.py:545} INFO - Filling up the DagBag from /home/airflow/.local/lib/python3.12/site-packages/airflow/example_dags/example_params_ui_tutorial.py
[2026-09-15T21:02:02.932+0000] {processor.py:840} INFO - DAG(s) 'example_params_ui_tutorial' retrieved from /home/airflow/.local/lib/python3.12/site-packages/airflow/example_dags/example_params_ui_tutorial.py
[2026-09-15T21:02:02.966+0000] {logging_mixin.py:188} INFO - [2026-09-15T21:02:02.966+0000] {dag.py:3089} INFO - Sync 1 DAGs
[2026-09-15T21:02:02.976+0000] {logging_mixin.py:188} INFO - [2026-09-15T21:02:02.976+0000] {dag.py:3947} INFO - Setting next_dagrun for example_params_ui_tutorial to None, run_after=None
[2026-09-15T21:02:02.991+0000] {processor.py:183} INFO - Processing /home/airflow/.local/lib/python3.12/site-packages/airflow/example_dags/example_params_ui_tutorial.py took 0.075 seconds
[2026-09-15T21:02:33.777+0000] {processor.py:161} INFO - Started process (PID=277) to work on /home/airflow/.local/lib/python3.12/site-packages/airflow/example_dags/example_params_ui_tutorial.py
[2026-09-15T21:02:33.778+0000] {processor.py:830} INFO - Processing file /home/airflow/.local/lib/python3.12/site-packages/airflow/example_dags/example_params_ui_tutorial.py for tasks to queue
[2026-09-15T21:02:33.780+0000] {logging_mixin.py:188} INFO - [2026-09-15T21:02:33.779+0000] {dagbag.py:545} INFO - Filling up the DagBag from /home/airflow/.local/lib/python3.12/site-packages/airflow/example_dags/example_params_ui_tutorial.py
[2026-09-15T21:02:33.784+0000] {processor.py:840} INFO - DAG(s) 'example_params_ui_tutorial' retrieved from /home/airflow/.local/lib/python3.12/site-packages/airflow/example_dags/example_params_ui_tutorial.py
[2026-09-15T21:02:33.816+0000] {logging_mixin.py:188} INFO - [2026-09-15T21:02:33.816+0000] {dag.py:3089} INFO - Sync 1 DAGs
[2026-09-15T21:02:33.825+0000] {logging_mixin.py:188} INFO - [2026-09-15T21:02:33.825+0000] {dag.py:3947} INFO - Setting next_dagrun for example_params_ui_tutorial to None, run_after=None
[2026-09-15T21:02:33.839+0000] {processor.py:183} INFO - Processing /home/airflow/.local/lib/python3.12/site-packages/airflow/example_dags/example_params_ui_tutorial.py took 0.066 seconds
[2026-09-15T21:03:04.238+0000] {processor.py:161} INFO - Started process (PID=335) to work on /home/airflow/.local/lib/python3.12/site-packages/airflow/example_dags/example_params_ui_tutorial.py
[2026-09-15T21:03:04.240+0000] {processor.py:830} INFO - Processing file /home/airflow/.local/lib/python3.12/site-packages/airflow/example_dags/example_params_ui_tutorial.py for tasks to queue
[2026-09-15T21:03:04.244+0000] {logging_mixin.py:188} INFO - [2026-09-15T21:03:04.244+0000] {dagbag.py:545} INFO - Filling up the DagBag from /home/airflow/.local/lib/python3.12/site-packages/airflow/example_dags/example_params_ui_tutorial.py
[2026-09-15T21:03:04.250+0000] {processor.py:840} INFO - DAG(s) 'example_params_ui_tutorial' retrieved from /home/airflow/.local/lib/python3.12/site-packages/airflow/example_dags/example_params_ui_tutorial.py
[2026-09-15T21:03:04.288+0000] {logging_mixin.py:188} INFO - [2026-09-15T21:03:04.287+0000] {dag.py:3089} INFO - Sync 1 DAGs
[2026-09-15T21:03:04.300+0000] {logging_mixin.py:188} INFO - [2026-09-15T21:03:04.299+0000] {dag.py:3947} INFO - Setting next_dagrun for example_params_ui_tutorial to None, run_after=None
[2026-09-15T21:03:04.319+0000] {processor.py:183} INFO - Processing /home/airflow/.local/lib/python3.12/site-packages/airflow/example_dags/example_params_ui_tutorial.py took 0.085 seconds
[2026-09-15T21:03:35.203+0000] {processor.py:161} INFO - Started process (PID=393) to work on /home/airflow/.local/lib/python3.12/site-packages/airflow/example_dags/example_params_ui_tutorial.py
[2026-09-15T21:03:35.204+0000] {processor.py:830} INFO - Processing file /home/airflow/.local/lib/python3.12/site-packages/airflow/example_dags/example_params_ui_tutorial.py for tasks to queue
[2026-09-15T21:03:35.206+0000] {logging_mixin.py:188} INFO - [2026-09-15T21:03:35.206+0000] {dagbag.py:545} INFO - Filling up the DagBag from /home/airflow/.local/lib/python3.12/site-packages/airflow/example_dags/example_params_ui_tutorial.py
[2026-09-15T21:03:35.212+0000] {processor.py:840} INFO - DAG(s) 'example_params_ui_tutorial' retrieved from /home/airflow/.local/lib/python3.12/site-packages/airflow/example_dags/example_params_ui_tutorial.py
[2026-09-15T21:03:35.248+0000] {logging_mixin.py:188} INFO - [2026-09-15T21:03:35.248+0000] {dag.py:3089} INFO - Sync 1 DAGs
[2026-09-15T21:03:35.258+0000] {logging_mixin.py:188} INFO - [2026-09-15T21:03:35.258+0000] {dag.py:3947} INFO - Setting next_dagrun for example_params_ui_tutorial to None, run_after=None
[2026-09-15T21:03:35.275+0000] {processor.py:183} INFO - Processing /home/airflow/.local/lib/python3.12/site-packages/airflow/example_dags/example_params_ui_tutorial.py took 0.076 seconds
[2026-09-15T21:04:05.448+0000] {processor.py:161} INFO - Started process (PID=451) to work on /home/airflow/.local/lib/python3.12/site-packages/airflow/example_dags/example_params_ui_tutorial.py
[2026-09-15T21:04:05.449+0000] {processor.py:830} INFO - Processing file /home/airflow/.local/lib/python3.12/site-packages/airflow/example_dags/example_params_ui_tutorial.py for tasks to queue
[2026-09-15T21:04:05.451+0000] {logging_mixin.py:188} INFO - [2026-09-15T21:04:05.451+0000] {dagbag.py:545} INFO - Filling up the DagBag from /home/airflow/.local/lib/python3.12/site-packages/airflow/example_dags/example_params_ui_tutorial.py
[2026-09-15T21:04:05.456+0000] {processor.py:840} INFO - DAG(s) 'example_params_ui_tutorial' retrieved from /home/airflow/.local/lib/python3.12/site-packages/airflow/example_dags/example_params_ui_tutorial.py
[2026-09-15T21:04:05.489+0000] {logging_mixin.py:188} INFO - [2026-09-15T21:04:05.489+0000] {dag.py:3089} INFO - Sync 1 DAGs
[2026-09-15T21:04:05.499+0000] {logging_mixin.py:188} INFO - [2026-09-15T21:04:05.499+0000] {dag.py:3947} INFO - Setting next_dagrun for example_params_ui_tutorial to None, run_after=None
[2026-09-15T21:04:05.515+0000] {processor.py:183} INFO - Processing /home/airflow/.local/lib/python3.12/site-packages/airflow/example_dags/example_params_ui_tutorial.py took 0.071 seconds
[2026-09-15T21:04:35.566+0000] {processor.py:161} INFO - Started process (PID=509) to work on /home/airflow/.local/lib/python3.12/site-packages/airflow/example_dags/example_params_ui_tutorial.py
[2026-09-15T21:04:35.567+0000] {processor.py:830} INFO - Processing file /home/airflow/.local/lib/python3.12/site-packages/airflow/example_dags/example_params_ui_tutorial.py for tasks to queue
[2026-09-15T21:04:35.569+0000] {logging_mixin.py:188} INFO - [2026-09-15T21:04:35.569+0000] {dagbag.py:545} INFO - Filling up the DagBag from /home/airflow/.local/lib/python3.12/site-packages/airflow/example_dags/example_params_ui_tutorial.py
[2026-09-15T21:04:35.576+0000] {processor.py:840} INFO - DAG(s) 'example_params_ui_tutorial' retrieved from /home/airflow/.local/lib/python3.12/site-packages/airflow/example_dags/example_params_ui_tutorial.py
[2026-09-15T21:04:35.612+0000] {logging_mixin.py:188} INFO - [2026-09-15T21:04:35.612+0000] {dag.py:3089} INFO - Sync 1 DAGs
[2026-09-15T21:04:35.622+0000] {logging_mixin.py:188} INFO - [2026-09-15T21:04:35.622+0000] {dag.py:3947} INFO - Setting next_dagrun for example_params_ui_tutorial to None, run_after=None
[2026-09-15T21:04:35.637+0000] {processor.py:183} INFO - Processing /home/airflow/.local/lib/python3.12/site-packages/airflow/example_dags/example_params_ui_tutorial.py took 0.077 seconds
[2026-09-15T21:05:05.834+0000] {processor.py:161} INFO - Started process (PID=567) to work on /home/airflow/.local/lib/python3.12/site-packages/airflow/example_dags/example_params_ui_tutorial.py
[2026-09-15T21:05:05.835+0000] {processor.py:830} INFO - Processing file /home/airflow/.local/lib/python3.12/site-packages/airflow/example_dags/example_params_ui_tutorial.py for tasks to queue
[2026-09-15T21:05:05.837+0000] {logging_mixin.py:188} INFO - [2026-09-15T21:05:05.837+0000] {dagbag.py:545} INFO - Filling up the DagBag from /home/airflow/.local/lib/python3.12/site-packages/airflow/example_dags/example_params_ui_tutorial.py
[2026-09-15T21:05:05.843+0000] {processor.py:840} INFO - DAG(s) 'example_params_ui_tutorial' retrieved from /home/airflow/.local/lib/python3.12/site-packages/airflow/example_dags/example_params_ui_tutorial.py
[2026-09-15T21:05:05.875+0000] {logging_mixin.py:188} INFO - [2026-09-15T21:05:05.875+0000] {dag.py:3089} INFO - Sync 1 DAGs
[2026-09-15T21:05:05.885+0000] {logging_mixin.py:188} INFO - [2026-09-15T21:05:05.885+0000] {dag.py:3947} INFO - Setting next_dagrun for example_params_ui_tutorial to None, run_after=None
[2026-09-15T21:05:05.899+0000] {processor.py:183} INFO - Processing /home/airflow/.local/lib/python3.12/site-packages/airflow/example_dags/example_params_ui_tutorial.py took 0.070 seconds
[2026-09-15T21:05:36.853+0000] {processor.py:161} INFO - Started process (PID=625) to work on /home/airflow/.local/lib/python3.12/site-packages/airflow/example_dags/example_params_ui_tutorial.py
[2026-09-15T21:05:36.861+0000] {processor.py:830} INFO - Processing file /home/airflow/.local/lib/python3.12/site-packages/airflow/example_dags/example_params_ui_tutorial.py for tasks to queue
[2026-09-15T21:05:36.873+0000] {logging_mixin.py:188} INFO - [2026-09-15T21:05:36.872+0000] {dagbag.py:545} INFO - Filling up the DagBag from /home/airflow/.local/lib/python3.12/site-packages/airflow/example_dags/example_params_ui_tutorial.py
[2026-09-15T21:05:36.900+0000] {processor.py:840} INFO - DAG(s) 'example_params_ui_tutorial' retrieved from /home/airflow/.local/lib/python3.12/site-packages/airflow/example_dags/example_params_ui_tutorial.py
[2026-09-15T21:05:36.967+0000] {logging_mixin.py:188} INFO - [2026-09-15T21:05:36.967+0000] {dag.py:3089} INFO - Sync 1 DAGs
[2026-09-15T21:05:36.979+0000] {logging_mixin.py:188} INFO - [2026-09-15T21:05:36.979+0000] {dag.py:3947} INFO - Setting next_dagrun for example_params_ui_tutorial to None, run_after=None
[2026-09-15T21:05:36.999+0000] {processor.py:183} INFO - Processing /home/airflow/.local/lib/python3.12/site-packages/airflow/example_dags/example_params_ui_tutorial.py took 0.163 seconds
[2026-09-15T21:06:07.240+0000] {processor.py:161} INFO - Started process (PID=683) to work on /home/airflow/.local/lib/python3.12/site-packages/airflow/example_dags/example_params_ui_tutorial.py
[2026-09-15T21:06:07.241+0000] {processor.py:830} INFO - Processing file /home/airflow/.local/lib/python3.12/site-packages/airflow/example_dags/example_params_ui_tutorial.py for tasks to queue
[2026-09-15T21:06:07.243+0000] {logging_mixin.py:188} INFO - [2026-09-15T21:06:07.243+0000] {dagbag.py:545} INFO - Filling up the DagBag from /home/airflow/.local/lib/python3.12/site-packages/airflow/example_dags/example_params_ui_tutorial.py
[2026-09-15T21:06:07.248+0000] {processor.py:840} INFO - DAG(s) 'example_params_ui_tutorial' retrieved from /home/airflow/.local/lib/python3.12/site-packages/airflow/example_dags/example_params_ui_tutorial.py
[2026-09-15T21:06:07.283+0000] {logging_mixin.py:188} INFO - [2026-09-15T21:06:07.283+0000] {dag.py:3089} INFO - Sync 1 DAGs
[2026-09-15T21:06:07.295+0000] {logging_mixin.py:188} INFO - [2026-09-15T21:06:07.295+0000] {dag.py:3947} INFO - Setting next_dagrun for example_params_ui_tutorial to None, run_after=None
[2026-09-15T21:06:07.311+0000] {processor.py:183} INFO - Processing /home/airflow/.local/lib/python3.12/site-packages/airflow/example_dags/example_params_ui_tutorial.py took 0.075 seconds
[2026-09-15T21:06:37.516+0000] {processor.py:161} INFO - Started process (PID=744) to work on /home/airflow/.local/lib/python3.12/site-packages/airflow/example_dags/example_params_ui_tutorial.py
[2026-09-15T21:06:37.518+0000] {processor.py:830} INFO - Processing file /home/airflow/.local/lib/python3.12/site-packages/airflow/example_dags/example_params_ui_tutorial.py for tasks to queue
[2026-09-15T21:06:37.520+0000] {logging_mixin.py:188} INFO - [2026-09-15T21:06:37.520+0000] {dagbag.py:545} INFO - Filling up the DagBag from /home/airflow/.local/lib/python3.12/site-packages/airflow/example_dags/example_params_ui_tutorial.py
[2026-09-15T21:06:37.527+0000] {processor.py:840} INFO - DAG(s) 'example_params_ui_tutorial' retrieved from /home/airflow/.local/lib/python3.12/site-packages/airflow/example_dags/example_params_ui_tutorial.py
[2026-09-15T21:06:37.566+0000] {logging_mixin.py:188} INFO - [2026-09-15T21:06:37.565+0000] {dag.py:3089} INFO - Sync 1 DAGs
[2026-09-15T21:06:37.579+0000] {logging_mixin.py:188} INFO - [2026-09-15T21:06:37.579+0000] {dag.py:3947} INFO - Setting next_dagrun for example_params_ui_tutorial to None, run_after=None
[2026-09-15T21:06:37.599+0000] {processor.py:183} INFO - Processing /home/airflow/.local/lib/python3.12/site-packages/airflow/example_dags/example_params_ui_tutorial.py took 0.087 seconds
[2026-09-15T21:07:07.826+0000] {processor.py:161} INFO - Started process (PID=802) to work on /home/airflow/.local/lib/python3.12/site-packages/airflow/example_dags/example_params_ui_tutorial.py
[2026-09-15T21:07:07.827+0000] {processor.py:830} INFO - Processing file /home/airflow/.local/lib/python3.12/site-packages/airflow/example_dags/example_params_ui_tutorial.py for tasks to queue
[2026-09-15T21:07:07.829+0000] {logging_mixin.py:188} INFO - [2026-09-15T21:07:07.828+0000] {dagbag.py:545} INFO - Filling up the DagBag from /home/airflow/.local/lib/python3.12/site-packages/airflow/example_dags/example_params_ui_tutorial.py
[2026-09-15T21:07:07.834+0000] {processor.py:840} INFO - DAG(s) 'example_params_ui_tutorial' retrieved from /home/airflow/.local/lib/python3.12/site-packages/airflow/example_dags/example_params_ui_tutorial.py
[2026-09-15T21:07:07.869+0000] {logging_mixin.py:188} INFO - [2026-09-15T21:07:07.869+0000] {dag.py:3089} INFO - Sync 1 DAGs
[2026-09-15T21:07:07.878+0000] {logging_mixin.py:188} INFO - [2026-09-15T21:07:07.878+0000] {dag.py:3947} INFO - Setting next_dagrun for example_params_ui_tutorial to None, run_after=None
[2026-09-15T21:07:07.893+0000] {processor.py:183} INFO - Processing /home/airflow/.local/lib/python3.12/site-packages/airflow/example_dags/example_params_ui_tutorial.py took 0.071 seconds
[2026-09-15T21:07:38.405+0000] {processor.py:161} INFO - Started process (PID=860) to work on /home/airflow/.local/lib/python3.12/site-packages/airflow/example_dags/example_params_ui_tutorial.py
[2026-09-15T21:07:38.406+0000] {processor.py:830} INFO - Processing file /home/airflow/.local/lib/python3.12/site-packages/airflow/example_dags/example_params_ui_tutorial.py for tasks to queue
[2026-09-15T21:07:38.408+0000] {logging_mixin.py:188} INFO - [2026-09-15T21:07:38.407+0000] {dagbag.py:545} INFO - Filling up the DagBag from /home/airflow/.local/lib/python3.12/site-packages/airflow/example_dags/example_params_ui_tutorial.py
[2026-09-15T21:07:38.413+0000] {processor.py:840} INFO - DAG(s) 'example_params_ui_tutorial' retrieved from /home/airflow/.local/lib/python3.12/site-packages/airflow/example_dags/example_params_ui_tutorial.py
[2026-09-15T21:07:38.447+0000] {logging_mixin.py:188} INFO - [2026-09-15T21:07:38.447+0000] {dag.py:3089} INFO - Sync 1 DAGs
[2026-09-15T21:07:38.456+0000] {logging_mixin.py:188} INFO - [2026-09-15T21:07:38.456+0000] {dag.py:3947} INFO - Setting next_dagrun for example_params_ui_tutorial to None, run_after=None
[2026-09-15T21:07:38.471+0000] {processor.py:183} INFO - Processing /home/airflow/.local/lib/python3.12/site-packages/airflow/example_dags/example_params_ui_tutorial.py took 0.071 seconds
[2026-09-15T21:08:09.206+0000] {processor.py:161} INFO - Started process (PID=918) to work on /home/airflow/.local/lib/python3.12/site-packages/airflow/example_dags/example_params_ui_tutorial.py
[2026-09-15T21:08:09.207+0000] {processor.py:830} INFO - Processing file /home/airflow/.local/lib/python3.12/site-packages/airflow/example_dags/example_params_ui_tutorial.py for tasks to queue
[2026-09-15T21:08:09.209+0000] {logging_mixin.py:188} INFO - [2026-09-15T21:08:09.209+0000] {dagbag.py:545} INFO - Filling up the DagBag from /home/airflow/.local/lib/python3.12/site-packages/airflow/example_dags/example_params_ui_tutorial.py
[2026-09-15T21:08:09.214+0000] {processor.py:840} INFO - DAG(s) 'example_params_ui_tutorial' retrieved from /home/airflow/.local/lib/python3.12/site-packages/airflow/example_dags/example_params_ui_tutorial.py
[2026-09-15T21:08:09.248+0000] {logging_mixin.py:188} INFO - [2026-09-15T21:08:09.248+0000] {dag.py:3089} INFO - Sync 1 DAGs
[2026-09-15T21:08:09.258+0000] {logging_mixin.py:188} INFO - [2026-09-15T21:08:09.258+0000] {dag.py:3947} INFO - Setting next_dagrun for example_params_ui_tutorial to None, run_after=None
[2026-09-15T21:08:09.273+0000] {processor.py:183} INFO - Processing /home/airflow/.local/lib/python3.12/site-packages/airflow/example_dags/example_params_ui_tutorial.py took 0.072 seconds
[2026-09-15T21:08:39.482+0000] {processor.py:161} INFO - Started process (PID=976) to work on /home/airflow/.local/lib/python3.12/site-packages/airflow/example_dags/example_params_ui_tutorial.py
[2026-09-15T21:08:39.484+0000] {processor.py:830} INFO - Processing file /home/airflow/.local/lib/python3.12/site-packages/airflow/example_dags/example_params_ui_tutorial.py for tasks to queue
[2026-09-15T21:08:39.487+0000] {logging_mixin.py:188} INFO - [2026-09-15T21:08:39.486+0000] {dagbag.py:545} INFO - Filling up the DagBag from /home/airflow/.local/lib/python3.12/site-packages/airflow/example_dags/example_params_ui_tutorial.py
[2026-09-15T21:08:39.497+0000] {processor.py:840} INFO - DAG(s) 'example_params_ui_tutorial' retrieved from /home/airflow/.local/lib/python3.12/site-packages/airflow/example_dags/example_params_ui_tutorial.py
[2026-09-15T21:08:39.544+0000] {logging_mixin.py:188} INFO - [2026-09-15T21:08:39.543+0000] {dag.py:3089} INFO - Sync 1 DAGs
[2026-09-15T21:08:39.555+0000] {logging_mixin.py:188} INFO - [2026-09-15T21:08:39.554+0000] {dag.py:3947} INFO - Setting next_dagrun for example_params_ui_tutorial to None, run_after=None
[2026-09-15T21:08:39.573+0000] {processor.py:183} INFO - Processing /home/airflow/.local/lib/python3.12/site-packages/airflow/example_dags/example_params_ui_tutorial.py took 0.099 seconds
[2026-09-15T21:09:09.683+0000] {processor.py:161} INFO - Started process (PID=1034) to work on /home/airflow/.local/lib/python3.12/site-packages/airflow/example_dags/example_params_ui_tutorial.py
[2026-09-15T21:09:09.684+0000] {processor.py:830} INFO - Processing file /home/airflow/.local/lib/python3.12/site-packages/airflow/example_dags/example_params_ui_tutorial.py for tasks to queue
[2026-09-15T21:09:09.687+0000] {logging_mixin.py:188} INFO - [2026-09-15T21:09:09.686+0000] {dagbag.py:545} INFO - Filling up the DagBag from /home/airflow/.local/lib/python3.12/site-packages/airflow/example_dags/example_params_ui_tutorial.py
[2026-09-15T21:09:09.694+0000] {processor.py:840} INFO - DAG(s) 'example_params_ui_tutorial' retrieved from /home/airflow/.local/lib/python3.12/site-packages/airflow/example_dags/example_params_ui_tutorial.py
[2026-09-15T21:09:09.731+0000] {logging_mixin.py:188} INFO - [2026-09-15T21:09:09.731+0000] {dag.py:3089} INFO - Sync 1 DAGs
[2026-09-15T21:09:09.741+0000] {logging_mixin.py:188} INFO - [2026-09-15T21:09:09.741+0000] {dag.py:3947} INFO - Setting next_dagrun for example_params_ui_tutorial to None, run_after=None
[2026-09-15T21:09:09.756+0000] {processor.py:183} INFO - Processing /home/airflow/.local/lib/python3.12/site-packages/airflow/example_dags/example_params_ui_tutorial.py took 0.079 seconds
[2026-09-15T21:09:40.112+0000] {processor.py:161} INFO - Started process (PID=1092) to work on /home/airflow/.local/lib/python3.12/site-packages/airflow/example_dags/example_params_ui_tutorial.py
[2026-09-15T21:09:40.113+0000] {processor.py:830} INFO - Processing file /home/airflow/.local/lib/python3.12/site-packages/airflow/example_dags/example_params_ui_tutorial.py for tasks to queue
[2026-09-15T21:09:40.115+0000] {logging_mixin.py:188} INFO - [2026-09-15T21:09:40.115+0000] {dagbag.py:545} INFO - Filling up the DagBag from /home/airflow/.local/lib/python3.12/site-packages/airflow/example_dags/example_params_ui_tutorial.py
[2026-09-15T21:09:40.121+0000] {processor.py:840} INFO - DAG(s) 'example_params_ui_tutorial' retrieved from /home/airflow/.local/lib/python3.12/site-packages/airflow/example_dags/example_params_ui_tutorial.py
[2026-09-15T21:09:40.155+0000] {logging_mixin.py:188} INFO - [2026-09-15T21:09:40.154+0000] {dag.py:3089} INFO - Sync 1 DAGs
[2026-09-15T21:09:40.165+0000] {logging_mixin.py:188} INFO - [2026-09-15T21:09:40.165+0000] {dag.py:3947} INFO - Setting next_dagrun for example_params_ui_tutorial to None, run_after=None
[2026-09-15T21:09:40.180+0000] {processor.py:183} INFO - Processing /home/airflow/.local/lib/python3.12/site-packages/airflow/example_dags/example_params_ui_tutorial.py took 0.072 seconds
[2026-09-15T21:10:10.677+0000] {processor.py:161} INFO - Started process (PID=1150) to work on /home/airflow/.local/lib/python3.12/site-packages/airflow/example_dags/example_params_ui_tutorial.py
[2026-09-15T21:10:10.679+0000] {processor.py:830} INFO - Processing file /home/airflow/.local/lib/python3.12/site-packages/airflow/example_dags/example_params_ui_tutorial.py for tasks to queue
[2026-09-15T21:10:10.681+0000] {logging_mixin.py:188} INFO - [2026-09-15T21:10:10.680+0000] {dagbag.py:545} INFO - Filling up the DagBag from /home/airflow/.local/lib/python3.12/site-packages/airflow/example_dags/example_params_ui_tutorial.py
[2026-09-15T21:10:10.688+0000] {processor.py:840} INFO - DAG(s) 'example_params_ui_tutorial' retrieved from /home/airflow/.local/lib/python3.12/site-packages/airflow/example_dags/example_params_ui_tutorial.py
[2026-09-15T21:10:10.700+0000] {logging_mixin.py:188} INFO - [2026-09-15T21:10:10.699+0000] {dag.py:3089} INFO - Sync 1 DAGs
[2026-09-15T21:10:10.710+0000] {logging_mixin.py:188} INFO - [2026-09-15T21:10:10.710+0000] {dag.py:3947} INFO - Setting next_dagrun for example_params_ui_tutorial to None, run_after=None
[2026-09-15T21:10:10.729+0000] {processor.py:183} INFO - Processing /home/airflow/.local/lib/python3.12/site-packages/airflow/example_dags/example_params_ui_tutorial.py took 0.056 seconds
[2026-09-15T21:10:41.050+0000] {processor.py:161} INFO - Started process (PID=1208) to work on /home/airflow/.local/lib/python3.12/site-packages/airflow/example_dags/example_params_ui_tutorial.py
[2026-09-15T21:10:41.052+0000] {processor.py:830} INFO - Processing file /home/airflow/.local/lib/python3.12/site-packages/airflow/example_dags/example_params_ui_tutorial.py for tasks to queue
[2026-09-15T21:10:41.053+0000] {logging_mixin.py:188} INFO - [2026-09-15T21:10:41.053+0000] {dagbag.py:545} INFO - Filling up the DagBag from /home/airflow/.local/lib/python3.12/site-packages/airflow/example_dags/example_params_ui_tutorial.py
[2026-09-15T21:10:41.059+0000] {processor.py:840} INFO - DAG(s) 'example_params_ui_tutorial' retrieved from /home/airflow/.local/lib/python3.12/site-packages/airflow/example_dags/example_params_ui_tutorial.py
[2026-09-15T21:10:41.157+0000] {logging_mixin.py:188} INFO - [2026-09-15T21:10:41.157+0000] {dag.py:3089} INFO - Sync 1 DAGs
[2026-09-15T21:10:41.165+0000] {logging_mixin.py:188} INFO - [2026-09-15T21:10:41.165+0000] {dag.py:3947} INFO - Setting next_dagrun for example_params_ui_tutorial to None, run_after=None
[2026-09-15T21:10:41.182+0000] {processor.py:183} INFO - Processing /home/airflow/.local/lib/python3.12/site-packages/airflow/example_dags/example_params_ui_tutorial.py took 0.136 seconds
[2026-09-15T21:11:11.336+0000] {processor.py:161} INFO - Started process (PID=1266) to work on /home/airflow/.local/lib/python3.12/site-packages/airflow/example_dags/example_params_ui_tutorial.py
[2026-09-15T21:11:11.337+0000] {processor.py:830} INFO - Processing file /home/airflow/.local/lib/python3.12/site-packages/airflow/example_dags/example_params_ui_tutorial.py for tasks to queue
[2026-09-15T21:11:11.339+0000] {logging_mixin.py:188} INFO - [2026-09-15T21:11:11.339+0000] {dagbag.py:545} INFO - Filling up the DagBag from /home/airflow/.local/lib/python3.12/site-packages/airflow/example_dags/example_params_ui_tutorial.py
[2026-09-15T21:11:11.345+0000] {processor.py:840} INFO - DAG(s) 'example_params_ui_tutorial' retrieved from /home/airflow/.local/lib/python3.12/site-packages/airflow/example_dags/example_params_ui_tutorial.py
[2026-09-15T21:11:11.379+0000] {logging_mixin.py:188} INFO - [2026-09-15T21:11:11.379+0000] {dag.py:3089} INFO - Sync 1 DAGs
[2026-09-15T21:11:11.389+0000] {logging_mixin.py:188} INFO - [2026-09-15T21:11:11.388+0000] {dag.py:3947} INFO - Setting next_dagrun for example_params_ui_tutorial to None, run_after=None
[2026-09-15T21:11:11.404+0000] {processor.py:183} INFO - Processing /home/airflow/.local/lib/python3.12/site-packages/airflow/example_dags/example_params_ui_tutorial.py took 0.072 seconds
[2026-09-15T21:11:41.652+0000] {processor.py:161} INFO - Started process (PID=1324) to work on /home/airflow/.local/lib/python3.12/site-packages/airflow/example_dags/example_params_ui_tutorial.py
[2026-09-15T21:11:41.654+0000] {processor.py:830} INFO - Processing file /home/airflow/.local/lib/python3.12/site-packages/airflow/example_dags/example_params_ui_tutorial.py for tasks to queue
[2026-09-15T21:11:41.656+0000] {logging_mixin.py:188} INFO - [2026-09-15T21:11:41.655+0000] {dagbag.py:545} INFO - Filling up the DagBag from /home/airflow/.local/lib/python3.12/site-packages/airflow/example_dags/example_params_ui_tutorial.py
[2026-09-15T21:11:41.661+0000] {processor.py:840} INFO - DAG(s) 'example_params_ui_tutorial' retrieved from /home/airflow/.local/lib/python3.12/site-packages/airflow/example_dags/example_params_ui_tutorial.py
[2026-09-15T21:11:41.697+0000] {logging_mixin.py:188} INFO - [2026-09-15T21:11:41.697+0000] {dag.py:3089} INFO - Sync 1 DAGs
[2026-09-15T21:11:41.707+0000] {logging_mixin.py:188} INFO - [2026-09-15T21:11:41.706+0000] {dag.py:3947} INFO - Setting next_dagrun for example_params_ui_tutorial to None, run_after=None
[2026-09-15T21:11:41.722+0000] {processor.py:183} INFO - Processing /home/airflow/.local/lib/python3.12/site-packages/airflow/example_dags/example_params_ui_tutorial.py took 0.074 seconds
[2026-09-15T21:12:11.959+0000] {processor.py:161} INFO - Started process (PID=1382) to work on /home/airflow/.local/lib/python3.12/site-packages/airflow/example_dags/example_params_ui_tutorial.py
[2026-09-15T21:12:11.960+0000] {processor.py:830} INFO - Processing file /home/airflow/.local/lib/python3.12/site-packages/airflow/example_dags/example_params_ui_tutorial.py for tasks to queue
[2026-09-15T21:12:11.962+0000] {logging_mixin.py:188} INFO - [2026-09-15T21:12:11.962+0000] {dagbag.py:545} INFO - Filling up the DagBag from /home/airflow/.local/lib/python3.12/site-packages/airflow/example_dags/example_params_ui_tutorial.py
[2026-09-15T21:12:11.967+0000] {processor.py:840} INFO - DAG(s) 'example_params_ui_tutorial' retrieved from /home/airflow/.local/lib/python3.12/site-packages/airflow/example_dags/example_params_ui_tutorial.py
[2026-09-15T21:12:12.000+0000] {logging_mixin.py:188} INFO - [2026-09-15T21:12:12.000+0000] {dag.py:3089} INFO - Sync 1 DAGs
[2026-09-15T21:12:12.009+0000] {logging_mixin.py:188} INFO - [2026-09-15T21:12:12.009+0000] {dag.py:3947} INFO - Setting next_dagrun for example_params_ui_tutorial to None, run_after=None
[2026-09-15T21:12:12.024+0000] {processor.py:183} INFO - Processing /home/airflow/.local/lib/python3.12/site-packages/airflow/example_dags/example_params_ui_tutorial.py took 0.070 seconds
[2026-09-15T21:12:42.203+0000] {processor.py:161} INFO - Started process (PID=1440) to work on /home/airflow/.local/lib/python3.12/site-packages/airflow/example_dags/example_params_ui_tutorial.py
[2026-09-15T21:12:42.205+0000] {processor.py:830} INFO - Processing file /home/airflow/.local/lib/python3.12/site-packages/airflow/example_dags/example_params_ui_tutorial.py for tasks to queue
[2026-09-15T21:12:42.207+0000] {logging_mixin.py:188} INFO - [2026-09-15T21:12:42.207+0000] {dagbag.py:545} INFO - Filling up the DagBag from /home/airflow/.local/lib/python3.12/site-packages/airflow/example_dags/example_params_ui_tutorial.py
[2026-09-15T21:12:42.215+0000] {processor.py:840} INFO - DAG(s) 'example_params_ui_tutorial' retrieved from /home/airflow/.local/lib/python3.12/site-packages/airflow/example_dags/example_params_ui_tutorial.py
[2026-09-15T21:12:42.251+0000] {logging_mixin.py:188} INFO - [2026-09-15T21:12:42.251+0000] {dag.py:3089} INFO - Sync 1 DAGs
[2026-09-15T21:12:42.261+0000] {logging_mixin.py:188} INFO - [2026-09-15T21:12:42.261+0000] {dag.py:3947} INFO - Setting next_dagrun for example_params_ui_tutorial to None, run_after=None
[2026-09-15T21:12:42.277+0000] {processor.py:183} INFO - Processing /home/airflow/.local/lib/python3.12/site-packages/airflow/example_dags/example_params_ui_tutorial.py took 0.079 seconds
[2026-09-15T21:13:12.591+0000] {processor.py:161} INFO - Started process (PID=1498) to work on /home/airflow/.local/lib/python3.12/site-packages/airflow/example_dags/example_params_ui_tutorial.py
[2026-09-15T21:13:12.592+0000] {processor.py:830} INFO - Processing file /home/airflow/.local/lib/python3.12/site-packages/airflow/example_dags/example_params_ui_tutorial.py for tasks to queue
[2026-09-15T21:13:12.594+0000] {logging_mixin.py:188} INFO - [2026-09-15T21:13:12.594+0000] {dagbag.py:545} INFO - Filling up the DagBag from /home/airflow/.local/lib/python3.12/site-packages/airflow/example_dags/example_params_ui_tutorial.py
[2026-09-15T21:13:12.599+0000] {processor.py:840} INFO - DAG(s) 'example_params_ui_tutorial' retrieved from /home/airflow/.local/lib/python3.12/site-packages/airflow/example_dags/example_params_ui_tutorial.py
[2026-09-15T21:13:12.634+0000] {logging_mixin.py:188} INFO - [2026-09-15T21:13:12.634+0000] {dag.py:3089} INFO - Sync 1 DAGs
[2026-09-15T21:13:12.644+0000] {logging_mixin.py:188} INFO - [2026-09-15T21:13:12.643+0000] {dag.py:3947} INFO - Setting next_dagrun for example_params_ui_tutorial to None, run_after=None
[2026-09-15T21:13:12.668+0000] {processor.py:183} INFO - Processing /home/airflow/.local/lib/python3.12/site-packages/airflow/example_dags/example_params_ui_tutorial.py took 0.082 seconds
[2026-09-15T21:13:42.780+0000] {processor.py:161} INFO - Started process (PID=1556) to work on /home/airflow/.local/lib/python3.12/site-packages/airflow/example_dags/example_params_ui_tutorial.py
[2026-09-15T21:13:42.782+0000] {processor.py:830} INFO - Processing file /home/airflow/.local/lib/python3.12/site-packages/airflow/example_dags/example_params_ui_tutorial.py for tasks to queue
[2026-09-15T21:13:42.783+0000] {logging_mixin.py:188} INFO - [2026-09-15T21:13:42.783+0000] {dagbag.py:545} INFO - Filling up the DagBag from /home/airflow/.local/lib/python3.12/site-packages/airflow/example_dags/example_params_ui_tutorial.py
[2026-09-15T21:13:42.789+0000] {processor.py:840} INFO - DAG(s) 'example_params_ui_tutorial' retrieved from /home/airflow/.local/lib/python3.12/site-packages/airflow/example_dags/example_params_ui_tutorial.py
[2026-09-15T21:13:42.822+0000] {logging_mixin.py:188} INFO - [2026-09-15T21:13:42.822+0000] {dag.py:3089} INFO - Sync 1 DAGs
[2026-09-15T21:13:42.831+0000] {logging_mixin.py:188} INFO - [2026-09-15T21:13:42.831+0000] {dag.py:3947} INFO - Setting next_dagrun for example_params_ui_tutorial to None, run_after=None
[2026-09-15T21:13:42.846+0000] {processor.py:183} INFO - Processing /home/airflow/.local/lib/python3.12/site-packages/airflow/example_dags/example_params_ui_tutorial.py took 0.070 seconds
[2026-09-15T21:14:13.656+0000] {processor.py:161} INFO - Started process (PID=1614) to work on /home/airflow/.local/lib/python3.12/site-packages/airflow/example_dags/example_params_ui_tutorial.py
[2026-09-15T21:14:13.657+0000] {processor.py:830} INFO - Processing file /home/airflow/.local/lib/python3.12/site-packages/airflow/example_dags/example_params_ui_tutorial.py for tasks to queue
[2026-09-15T21:14:13.659+0000] {logging_mixin.py:188} INFO - [2026-09-15T21:14:13.659+0000] {dagbag.py:545} INFO - Filling up the DagBag from /home/airflow/.local/lib/python3.12/site-packages/airflow/example_dags/example_params_ui_tutorial.py
[2026-09-15T21:14:13.664+0000] {processor.py:840} INFO - DAG(s) 'example_params_ui_tutorial' retrieved from /home/airflow/.local/lib/python3.12/site-packages/airflow/example_dags/example_params_ui_tutorial.py
[2026-09-15T21:14:13.697+0000] {logging_mixin.py:188} INFO - [2026-09-15T21:14:13.696+0000] {dag.py:3089} INFO - Sync 1 DAGs
[2026-09-15T21:14:13.705+0000] {logging_mixin.py:188} INFO - [2026-09-15T21:14:13.705+0000] {dag.py:3947} INFO - Setting next_dagrun for example_params_ui_tutorial to None, run_after=None
[2026-09-15T21:14:13.719+0000] {processor.py:183} INFO - Processing /home/airflow/.local/lib/python3.12/site-packages/airflow/example_dags/example_params_ui_tutorial.py took 0.067 seconds
[2026-09-15T21:14:43.996+0000] {processor.py:161} INFO - Started process (PID=1672) to work on /home/airflow/.local/lib/python3.12/site-packages/airflow/example_dags/example_params_ui_tutorial.py
[2026-09-15T21:14:43.997+0000] {processor.py:830} INFO - Processing file /home/airflow/.local/lib/python3.12/site-packages/airflow/example_dags/example_params_ui_tutorial.py for tasks to queue
[2026-09-15T21:14:44.000+0000] {logging_mixin.py:188} INFO - [2026-09-15T21:14:43.999+0000] {dagbag.py:545} INFO - Filling up the DagBag from /home/airflow/.local/lib/python3.12/site-packages/airflow/example_dags/example_params_ui_tutorial.py
[2026-09-15T21:14:44.006+0000] {processor.py:840} INFO - DAG(s) 'example_params_ui_tutorial' retrieved from /home/airflow/.local/lib/python3.12/site-packages/airflow/example_dags/example_params_ui_tutorial.py
[2026-09-15T21:14:44.043+0000] {logging_mixin.py:188} INFO - [2026-09-15T21:14:44.043+0000] {dag.py:3089} INFO - Sync 1 DAGs
[2026-09-15T21:14:44.053+0000] {logging_mixin.py:188} INFO - [2026-09-15T21:14:44.053+0000] {dag.py:3947} INFO - Setting next_dagrun for example_params_ui_tutorial to None, run_after=None
[2026-09-15T21:14:44.072+0000] {processor.py:183} INFO - Processing /home/airflow/.local/lib/python3.12/site-packages/airflow/example_dags/example_params_ui_tutorial.py took 0.080 seconds
[2026-09-15T21:15:14.623+0000] {processor.py:161} INFO - Started process (PID=1730) to work on /home/airflow/.local/lib/python3.12/site-packages/airflow/example_dags/example_params_ui_tutorial.py
[2026-09-15T21:15:14.625+0000] {processor.py:830} INFO - Processing file /home/airflow/.local/lib/python3.12/site-packages/airflow/example_dags/example_params_ui_tutorial.py for tasks to queue
[2026-09-15T21:15:14.627+0000] {logging_mixin.py:188} INFO - [2026-09-15T21:15:14.626+0000] {dagbag.py:545} INFO - Filling up the DagBag from /home/airflow/.local/lib/python3.12/site-packages/airflow/example_dags/example_params_ui_tutorial.py
[2026-09-15T21:15:14.632+0000] {processor.py:840} INFO - DAG(s) 'example_params_ui_tutorial' retrieved from /home/airflow/.local/lib/python3.12/site-packages/airflow/example_dags/example_params_ui_tutorial.py
[2026-09-15T21:15:14.666+0000] {logging_mixin.py:188} INFO - [2026-09-15T21:15:14.666+0000] {dag.py:3089} INFO - Sync 1 DAGs
[2026-09-15T21:15:14.677+0000] {logging_mixin.py:188} INFO - [2026-09-15T21:15:14.676+0000] {dag.py:3947} INFO - Setting next_dagrun for example_params_ui_tutorial to None, run_after=None
[2026-09-15T21:15:14.692+0000] {processor.py:183} INFO - Processing /home/airflow/.local/lib/python3.12/site-packages/airflow/example_dags/example_params_ui_tutorial.py took 0.073 seconds
[2026-09-15T21:15:45.471+0000] {processor.py:161} INFO - Started process (PID=1788) to work on /home/airflow/.local/lib/python3.12/site-packages/airflow/example_dags/example_params_ui_tutorial.py
[2026-09-15T21:15:45.473+0000] {processor.py:830} INFO - Processing file /home/airflow/.local/lib/python3.12/site-packages/airflow/example_dags/example_params_ui_tutorial.py for tasks to queue
[2026-09-15T21:15:45.475+0000] {logging_mixin.py:188} INFO - [2026-09-15T21:15:45.475+0000] {dagbag.py:545} INFO - Filling up the DagBag from /home/airflow/.local/lib/python3.12/site-packages/airflow/example_dags/example_params_ui_tutorial.py
[2026-09-15T21:15:45.482+0000] {processor.py:840} INFO - DAG(s) 'example_params_ui_tutorial' retrieved from /home/airflow/.local/lib/python3.12/site-packages/airflow/example_dags/example_params_ui_tutorial.py
[2026-09-15T21:15:45.521+0000] {logging_mixin.py:188} INFO - [2026-09-15T21:15:45.521+0000] {dag.py:3089} INFO - Sync 1 DAGs
[2026-09-15T21:15:45.532+0000] {logging_mixin.py:188} INFO - [2026-09-15T21:15:45.532+0000] {dag.py:3947} INFO - Setting next_dagrun for example_params_ui_tutorial to None, run_after=None
[2026-09-15T21:15:45.550+0000] {processor.py:183} INFO - Processing /home/airflow/.local/lib/python3.12/site-packages/airflow/example_dags/example_params_ui_tutorial.py took 0.085 seconds
[2026-09-15T21:16:16.130+0000] {processor.py:161} INFO - Started process (PID=1846) to work on /home/airflow/.local/lib/python3.12/site-packages/airflow/example_dags/example_params_ui_tutorial.py
[2026-09-15T21:16:16.132+0000] {processor.py:830} INFO - Processing file /home/airflow/.local/lib/python3.12/site-packages/airflow/example_dags/example_params_ui_tutorial.py for tasks to queue
[2026-09-15T21:16:16.134+0000] {logging_mixin.py:188} INFO - [2026-09-15T21:16:16.134+0000] {dagbag.py:545} INFO - Filling up the DagBag from /home/airflow/.local/lib/python3.12/site-packages/airflow/example_dags/example_params_ui_tutorial.py
[2026-09-15T21:16:16.140+0000] {processor.py:840} INFO - DAG(s) 'example_params_ui_tutorial' retrieved from /home/airflow/.local/lib/python3.12/site-packages/airflow/example_dags/example_params_ui_tutorial.py
[2026-09-15T21:16:16.177+0000] {logging_mixin.py:188} INFO - [2026-09-15T21:16:16.177+0000] {dag.py:3089} INFO - Sync 1 DAGs
[2026-09-15T21:16:16.187+0000] {logging_mixin.py:188} INFO - [2026-09-15T21:16:16.187+0000] {dag.py:3947} INFO - Setting next_dagrun for example_params_ui_tutorial to None, run_after=None
[2026-09-15T21:16:16.203+0000] {processor.py:183} INFO - Processing /home/airflow/.local/lib/python3.12/site-packages/airflow/example_dags/example_params_ui_tutorial.py took 0.078 seconds
[2026-09-15T21:17:37.074+0000] {processor.py:161} INFO - Started process (PID=98) to work on /home/airflow/.local/lib/python3.12/site-packages/airflow/example_dags/example_params_ui_tutorial.py
[2026-09-15T21:17:37.076+0000] {processor.py:830} INFO - Processing file /home/airflow/.local/lib/python3.12/site-packages/airflow/example_dags/example_params_ui_tutorial.py for tasks to queue
[2026-09-15T21:17:37.077+0000] {logging_mixin.py:188} INFO - [2026-09-15T21:17:37.077+0000] {dagbag.py:545} INFO - Filling up the DagBag from /home/airflow/.local/lib/python3.12/site-packages/airflow/example_dags/example_params_ui_tutorial.py
[2026-09-15T21:17:37.084+0000] {processor.py:840} INFO - DAG(s) 'example_params_ui_tutorial' retrieved from /home/airflow/.local/lib/python3.12/site-packages/airflow/example_dags/example_params_ui_tutorial.py
[2026-09-15T21:17:37.096+0000] {logging_mixin.py:188} INFO - [2026-09-15T21:17:37.096+0000] {dag.py:3089} INFO - Sync 1 DAGs
[2026-09-15T21:17:37.109+0000] {logging_mixin.py:188} INFO - [2026-09-15T21:17:37.109+0000] {dag.py:3947} INFO - Setting next_dagrun for example_params_ui_tutorial to None, run_after=None
[2026-09-15T21:17:37.127+0000] {processor.py:183} INFO - Processing /home/airflow/.local/lib/python3.12/site-packages/airflow/example_dags/example_params_ui_tutorial.py took 0.058 seconds
[2026-09-15T21:18:08.499+0000] {processor.py:161} INFO - Started process (PID=157) to work on /home/airflow/.local/lib/python3.12/site-packages/airflow/example_dags/example_params_ui_tutorial.py
[2026-09-15T21:18:08.500+0000] {processor.py:830} INFO - Processing file /home/airflow/.local/lib/python3.12/site-packages/airflow/example_dags/example_params_ui_tutorial.py for tasks to queue
[2026-09-15T21:18:08.502+0000] {logging_mixin.py:188} INFO - [2026-09-15T21:18:08.502+0000] {dagbag.py:545} INFO - Filling up the DagBag from /home/airflow/.local/lib/python3.12/site-packages/airflow/example_dags/example_params_ui_tutorial.py
[2026-09-15T21:18:08.508+0000] {processor.py:840} INFO - DAG(s) 'example_params_ui_tutorial' retrieved from /home/airflow/.local/lib/python3.12/site-packages/airflow/example_dags/example_params_ui_tutorial.py
[2026-09-15T21:18:08.603+0000] {logging_mixin.py:188} INFO - [2026-09-15T21:18:08.602+0000] {dag.py:3089} INFO - Sync 1 DAGs
[2026-09-15T21:18:08.611+0000] {logging_mixin.py:188} INFO - [2026-09-15T21:18:08.611+0000] {dag.py:3947} INFO - Setting next_dagrun for example_params_ui_tutorial to None, run_after=None
[2026-09-15T21:18:08.627+0000] {processor.py:183} INFO - Processing /home/airflow/.local/lib/python3.12/site-packages/airflow/example_dags/example_params_ui_tutorial.py took 0.132 seconds
[2026-09-15T21:18:38.799+0000] {processor.py:161} INFO - Started process (PID=215) to work on /home/airflow/.local/lib/python3.12/site-packages/airflow/example_dags/example_params_ui_tutorial.py
[2026-09-15T21:18:38.801+0000] {processor.py:830} INFO - Processing file /home/airflow/.local/lib/python3.12/site-packages/airflow/example_dags/example_params_ui_tutorial.py for tasks to queue
[2026-09-15T21:18:38.804+0000] {logging_mixin.py:188} INFO - [2026-09-15T21:18:38.803+0000] {dagbag.py:545} INFO - Filling up the DagBag from /home/airflow/.local/lib/python3.12/site-packages/airflow/example_dags/example_params_ui_tutorial.py
[2026-09-15T21:18:38.811+0000] {processor.py:840} INFO - DAG(s) 'example_params_ui_tutorial' retrieved from /home/airflow/.local/lib/python3.12/site-packages/airflow/example_dags/example_params_ui_tutorial.py
[2026-09-15T21:18:38.849+0000] {logging_mixin.py:188} INFO - [2026-09-15T21:18:38.849+0000] {dag.py:3089} INFO - Sync 1 DAGs
[2026-09-15T21:18:38.861+0000] {logging_mixin.py:188} INFO - [2026-09-15T21:18:38.861+0000] {dag.py:3947} INFO - Setting next_dagrun for example_params_ui_tutorial to None, run_after=None
[2026-09-15T21:18:38.880+0000] {processor.py:183} INFO - Processing /home/airflow/.local/lib/python3.12/site-packages/airflow/example_dags/example_params_ui_tutorial.py took 0.087 seconds
[2026-09-15T21:19:09.500+0000] {processor.py:161} INFO - Started process (PID=273) to work on /home/airflow/.local/lib/python3.12/site-packages/airflow/example_dags/example_params_ui_tutorial.py
[2026-09-15T21:19:09.502+0000] {processor.py:830} INFO - Processing file /home/airflow/.local/lib/python3.12/site-packages/airflow/example_dags/example_params_ui_tutorial.py for tasks to queue
[2026-09-15T21:19:09.503+0000] {logging_mixin.py:188} INFO - [2026-09-15T21:19:09.503+0000] {dagbag.py:545} INFO - Filling up the DagBag from /home/airflow/.local/lib/python3.12/site-packages/airflow/example_dags/example_params_ui_tutorial.py
[2026-09-15T21:19:09.508+0000] {processor.py:840} INFO - DAG(s) 'example_params_ui_tutorial' retrieved from /home/airflow/.local/lib/python3.12/site-packages/airflow/example_dags/example_params_ui_tutorial.py
[2026-09-15T21:19:09.545+0000] {logging_mixin.py:188} INFO - [2026-09-15T21:19:09.544+0000] {dag.py:3089} INFO - Sync 1 DAGs
[2026-09-15T21:19:09.555+0000] {logging_mixin.py:188} INFO - [2026-09-15T21:19:09.555+0000] {dag.py:3947} INFO - Setting next_dagrun for example_params_ui_tutorial to None, run_after=None
[2026-09-15T21:19:09.571+0000] {processor.py:183} INFO - Processing /home/airflow/.local/lib/python3.12/site-packages/airflow/example_dags/example_params_ui_tutorial.py took 0.076 seconds
[2026-09-15T21:19:40.244+0000] {processor.py:161} INFO - Started process (PID=331) to work on /home/airflow/.local/lib/python3.12/site-packages/airflow/example_dags/example_params_ui_tutorial.py
[2026-09-15T21:19:40.245+0000] {processor.py:830} INFO - Processing file /home/airflow/.local/lib/python3.12/site-packages/airflow/example_dags/example_params_ui_tutorial.py for tasks to queue
[2026-09-15T21:19:40.247+0000] {logging_mixin.py:188} INFO - [2026-09-15T21:19:40.247+0000] {dagbag.py:545} INFO - Filling up the DagBag from /home/airflow/.local/lib/python3.12/site-packages/airflow/example_dags/example_params_ui_tutorial.py
[2026-09-15T21:19:40.252+0000] {processor.py:840} INFO - DAG(s) 'example_params_ui_tutorial' retrieved from /home/airflow/.local/lib/python3.12/site-packages/airflow/example_dags/example_params_ui_tutorial.py
[2026-09-15T21:19:40.284+0000] {logging_mixin.py:188} INFO - [2026-09-15T21:19:40.284+0000] {dag.py:3089} INFO - Sync 1 DAGs
[2026-09-15T21:19:40.295+0000] {logging_mixin.py:188} INFO - [2026-09-15T21:19:40.294+0000] {dag.py:3947} INFO - Setting next_dagrun for example_params_ui_tutorial to None, run_after=None
[2026-09-15T21:19:40.310+0000] {processor.py:183} INFO - Processing /home/airflow/.local/lib/python3.12/site-packages/airflow/example_dags/example_params_ui_tutorial.py took 0.069 seconds
[2026-09-15T21:20:10.410+0000] {processor.py:161} INFO - Started process (PID=389) to work on /home/airflow/.local/lib/python3.12/site-packages/airflow/example_dags/example_params_ui_tutorial.py
[2026-09-15T21:20:10.411+0000] {processor.py:830} INFO - Processing file /home/airflow/.local/lib/python3.12/site-packages/airflow/example_dags/example_params_ui_tutorial.py for tasks to queue
[2026-09-15T21:20:10.412+0000] {logging_mixin.py:188} INFO - [2026-09-15T21:20:10.412+0000] {dagbag.py:545} INFO - Filling up the DagBag from /home/airflow/.local/lib/python3.12/site-packages/airflow/example_dags/example_params_ui_tutorial.py
[2026-09-15T21:20:10.419+0000] {processor.py:840} INFO - DAG(s) 'example_params_ui_tutorial' retrieved from /home/airflow/.local/lib/python3.12/site-packages/airflow/example_dags/example_params_ui_tutorial.py
[2026-09-15T21:20:10.454+0000] {logging_mixin.py:188} INFO - [2026-09-15T21:20:10.454+0000] {dag.py:3089} INFO - Sync 1 DAGs
[2026-09-15T21:20:10.465+0000] {logging_mixin.py:188} INFO - [2026-09-15T21:20:10.464+0000] {dag.py:3947} INFO - Setting next_dagrun for example_params_ui_tutorial to None, run_after=None
[2026-09-15T21:20:10.480+0000] {processor.py:183} INFO - Processing /home/airflow/.local/lib/python3.12/site-packages/airflow/example_dags/example_params_ui_tutorial.py took 0.075 seconds
[2026-09-15T21:20:40.666+0000] {processor.py:161} INFO - Started process (PID=447) to work on /home/airflow/.local/lib/python3.12/site-packages/airflow/example_dags/example_params_ui_tutorial.py
[2026-09-15T21:20:40.668+0000] {processor.py:830} INFO - Processing file /home/airflow/.local/lib/python3.12/site-packages/airflow/example_dags/example_params_ui_tutorial.py for tasks to queue
[2026-09-15T21:20:40.670+0000] {logging_mixin.py:188} INFO - [2026-09-15T21:20:40.670+0000] {dagbag.py:545} INFO - Filling up the DagBag from /home/airflow/.local/lib/python3.12/site-packages/airflow/example_dags/example_params_ui_tutorial.py
[2026-09-15T21:20:40.676+0000] {processor.py:840} INFO - DAG(s) 'example_params_ui_tutorial' retrieved from /home/airflow/.local/lib/python3.12/site-packages/airflow/example_dags/example_params_ui_tutorial.py
[2026-09-15T21:20:40.711+0000] {logging_mixin.py:188} INFO - [2026-09-15T21:20:40.711+0000] {dag.py:3089} INFO - Sync 1 DAGs
[2026-09-15T21:20:40.721+0000] {logging_mixin.py:188} INFO - [2026-09-15T21:20:40.720+0000] {dag.py:3947} INFO - Setting next_dagrun for example_params_ui_tutorial to None, run_after=None
[2026-09-15T21:20:40.736+0000] {processor.py:183} INFO - Processing /home/airflow/.local/lib/python3.12/site-packages/airflow/example_dags/example_params_ui_tutorial.py took 0.075 seconds
[2026-09-15T21:22:09.146+0000] {processor.py:161} INFO - Started process (PID=385) to work on /home/airflow/.local/lib/python3.12/site-packages/airflow/example_dags/example_params_ui_tutorial.py
[2026-09-15T21:22:09.148+0000] {processor.py:830} INFO - Processing file /home/airflow/.local/lib/python3.12/site-packages/airflow/example_dags/example_params_ui_tutorial.py for tasks to queue
[2026-09-15T21:22:09.150+0000] {logging_mixin.py:188} INFO - [2026-09-15T21:22:09.150+0000] {dagbag.py:545} INFO - Filling up the DagBag from /home/airflow/.local/lib/python3.12/site-packages/airflow/example_dags/example_params_ui_tutorial.py
[2026-09-15T21:22:09.158+0000] {processor.py:840} INFO - DAG(s) 'example_params_ui_tutorial' retrieved from /home/airflow/.local/lib/python3.12/site-packages/airflow/example_dags/example_params_ui_tutorial.py
[2026-09-15T21:22:09.173+0000] {logging_mixin.py:188} INFO - [2026-09-15T21:22:09.172+0000] {dag.py:3089} INFO - Sync 1 DAGs
[2026-09-15T21:22:09.185+0000] {logging_mixin.py:188} INFO - [2026-09-15T21:22:09.185+0000] {dag.py:3947} INFO - Setting next_dagrun for example_params_ui_tutorial to None, run_after=None
[2026-09-15T21:22:09.204+0000] {processor.py:183} INFO - Processing /home/airflow/.local/lib/python3.12/site-packages/airflow/example_dags/example_params_ui_tutorial.py took 0.063 seconds
[2026-09-15T21:22:40.873+0000] {processor.py:161} INFO - Started process (PID=653) to work on /home/airflow/.local/lib/python3.12/site-packages/airflow/example_dags/example_params_ui_tutorial.py
[2026-09-15T21:22:40.874+0000] {processor.py:830} INFO - Processing file /home/airflow/.local/lib/python3.12/site-packages/airflow/example_dags/example_params_ui_tutorial.py for tasks to queue
[2026-09-15T21:22:40.876+0000] {logging_mixin.py:188} INFO - [2026-09-15T21:22:40.876+0000] {dagbag.py:545} INFO - Filling up the DagBag from /home/airflow/.local/lib/python3.12/site-packages/airflow/example_dags/example_params_ui_tutorial.py
[2026-09-15T21:22:40.881+0000] {processor.py:840} INFO - DAG(s) 'example_params_ui_tutorial' retrieved from /home/airflow/.local/lib/python3.12/site-packages/airflow/example_dags/example_params_ui_tutorial.py
[2026-09-15T21:22:40.983+0000] {logging_mixin.py:188} INFO - [2026-09-15T21:22:40.983+0000] {dag.py:3089} INFO - Sync 1 DAGs
[2026-09-15T21:22:40.992+0000] {logging_mixin.py:188} INFO - [2026-09-15T21:22:40.992+0000] {dag.py:3947} INFO - Setting next_dagrun for example_params_ui_tutorial to None, run_after=None
[2026-09-15T21:22:41.008+0000] {processor.py:183} INFO - Processing /home/airflow/.local/lib/python3.12/site-packages/airflow/example_dags/example_params_ui_tutorial.py took 0.139 seconds
[2026-09-15T21:23:11.885+0000] {processor.py:161} INFO - Started process (PID=915) to work on /home/airflow/.local/lib/python3.12/site-packages/airflow/example_dags/example_params_ui_tutorial.py
[2026-09-15T21:23:11.887+0000] {processor.py:830} INFO - Processing file /home/airflow/.local/lib/python3.12/site-packages/airflow/example_dags/example_params_ui_tutorial.py for tasks to queue
[2026-09-15T21:23:11.889+0000] {logging_mixin.py:188} INFO - [2026-09-15T21:23:11.889+0000] {dagbag.py:545} INFO - Filling up the DagBag from /home/airflow/.local/lib/python3.12/site-packages/airflow/example_dags/example_params_ui_tutorial.py
[2026-09-15T21:23:11.894+0000] {processor.py:840} INFO - DAG(s) 'example_params_ui_tutorial' retrieved from /home/airflow/.local/lib/python3.12/site-packages/airflow/example_dags/example_params_ui_tutorial.py
[2026-09-15T21:23:11.931+0000] {logging_mixin.py:188} INFO - [2026-09-15T21:23:11.931+0000] {dag.py:3089} INFO - Sync 1 DAGs
[2026-09-15T21:23:11.944+0000] {logging_mixin.py:188} INFO - [2026-09-15T21:23:11.944+0000] {dag.py:3947} INFO - Setting next_dagrun for example_params_ui_tutorial to None, run_after=None
[2026-09-15T21:23:11.961+0000] {processor.py:183} INFO - Processing /home/airflow/.local/lib/python3.12/site-packages/airflow/example_dags/example_params_ui_tutorial.py took 0.080 seconds
[2026-09-15T21:23:42.041+0000] {processor.py:161} INFO - Started process (PID=1177) to work on /home/airflow/.local/lib/python3.12/site-packages/airflow/example_dags/example_params_ui_tutorial.py
[2026-09-15T21:23:42.042+0000] {processor.py:830} INFO - Processing file /home/airflow/.local/lib/python3.12/site-packages/airflow/example_dags/example_params_ui_tutorial.py for tasks to queue
[2026-09-15T21:23:42.044+0000] {logging_mixin.py:188} INFO - [2026-09-15T21:23:42.044+0000] {dagbag.py:545} INFO - Filling up the DagBag from /home/airflow/.local/lib/python3.12/site-packages/airflow/example_dags/example_params_ui_tutorial.py
[2026-09-15T21:23:42.049+0000] {processor.py:840} INFO - DAG(s) 'example_params_ui_tutorial' retrieved from /home/airflow/.local/lib/python3.12/site-packages/airflow/example_dags/example_params_ui_tutorial.py
[2026-09-15T21:23:42.081+0000] {logging_mixin.py:188} INFO - [2026-09-15T21:23:42.080+0000] {dag.py:3089} INFO - Sync 1 DAGs
[2026-09-15T21:23:42.090+0000] {logging_mixin.py:188} INFO - [2026-09-15T21:23:42.090+0000] {dag.py:3947} INFO - Setting next_dagrun for example_params_ui_tutorial to None, run_after=None
[2026-09-15T21:23:42.104+0000] {processor.py:183} INFO - Processing /home/airflow/.local/lib/python3.12/site-packages/airflow/example_dags/example_params_ui_tutorial.py took 0.068 seconds
[2026-09-15T21:24:12.203+0000] {processor.py:161} INFO - Started process (PID=1439) to work on /home/airflow/.local/lib/python3.12/site-packages/airflow/example_dags/example_params_ui_tutorial.py
[2026-09-15T21:24:12.205+0000] {processor.py:830} INFO - Processing file /home/airflow/.local/lib/python3.12/site-packages/airflow/example_dags/example_params_ui_tutorial.py for tasks to queue
[2026-09-15T21:24:12.206+0000] {logging_mixin.py:188} INFO - [2026-09-15T21:24:12.206+0000] {dagbag.py:545} INFO - Filling up the DagBag from /home/airflow/.local/lib/python3.12/site-packages/airflow/example_dags/example_params_ui_tutorial.py
[2026-09-15T21:24:12.211+0000] {processor.py:840} INFO - DAG(s) 'example_params_ui_tutorial' retrieved from /home/airflow/.local/lib/python3.12/site-packages/airflow/example_dags/example_params_ui_tutorial.py
[2026-09-15T21:24:12.243+0000] {logging_mixin.py:188} INFO - [2026-09-15T21:24:12.243+0000] {dag.py:3089} INFO - Sync 1 DAGs
[2026-09-15T21:24:12.253+0000] {logging_mixin.py:188} INFO - [2026-09-15T21:24:12.252+0000] {dag.py:3947} INFO - Setting next_dagrun for example_params_ui_tutorial to None, run_after=None
[2026-09-15T21:24:12.267+0000] {processor.py:183} INFO - Processing /home/airflow/.local/lib/python3.12/site-packages/airflow/example_dags/example_params_ui_tutorial.py took 0.067 seconds
[2026-09-15T21:24:42.423+0000] {processor.py:161} INFO - Started process (PID=1701) to work on /home/airflow/.local/lib/python3.12/site-packages/airflow/example_dags/example_params_ui_tutorial.py
[2026-09-15T21:24:42.425+0000] {processor.py:830} INFO - Processing file /home/airflow/.local/lib/python3.12/site-packages/airflow/example_dags/example_params_ui_tutorial.py for tasks to queue
[2026-09-15T21:24:42.426+0000] {logging_mixin.py:188} INFO - [2026-09-15T21:24:42.426+0000] {dagbag.py:545} INFO - Filling up the DagBag from /home/airflow/.local/lib/python3.12/site-packages/airflow/example_dags/example_params_ui_tutorial.py
[2026-09-15T21:24:42.432+0000] {processor.py:840} INFO - DAG(s) 'example_params_ui_tutorial' retrieved from /home/airflow/.local/lib/python3.12/site-packages/airflow/example_dags/example_params_ui_tutorial.py
[2026-09-15T21:24:42.463+0000] {logging_mixin.py:188} INFO - [2026-09-15T21:24:42.463+0000] {dag.py:3089} INFO - Sync 1 DAGs
[2026-09-15T21:24:42.473+0000] {logging_mixin.py:188} INFO - [2026-09-15T21:24:42.472+0000] {dag.py:3947} INFO - Setting next_dagrun for example_params_ui_tutorial to None, run_after=None
[2026-09-15T21:24:42.486+0000] {processor.py:183} INFO - Processing /home/airflow/.local/lib/python3.12/site-packages/airflow/example_dags/example_params_ui_tutorial.py took 0.067 seconds
[2026-09-15T21:25:12.631+0000] {processor.py:161} INFO - Started process (PID=1963) to work on /home/airflow/.local/lib/python3.12/site-packages/airflow/example_dags/example_params_ui_tutorial.py
[2026-09-15T21:25:12.632+0000] {processor.py:830} INFO - Processing file /home/airflow/.local/lib/python3.12/site-packages/airflow/example_dags/example_params_ui_tutorial.py for tasks to queue
[2026-09-15T21:25:12.633+0000] {logging_mixin.py:188} INFO - [2026-09-15T21:25:12.633+0000] {dagbag.py:545} INFO - Filling up the DagBag from /home/airflow/.local/lib/python3.12/site-packages/airflow/example_dags/example_params_ui_tutorial.py
[2026-09-15T21:25:12.638+0000] {processor.py:840} INFO - DAG(s) 'example_params_ui_tutorial' retrieved from /home/airflow/.local/lib/python3.12/site-packages/airflow/example_dags/example_params_ui_tutorial.py
[2026-09-15T21:25:12.671+0000] {logging_mixin.py:188} INFO - [2026-09-15T21:25:12.671+0000] {dag.py:3089} INFO - Sync 1 DAGs
[2026-09-15T21:25:12.680+0000] {logging_mixin.py:188} INFO - [2026-09-15T21:25:12.680+0000] {dag.py:3947} INFO - Setting next_dagrun for example_params_ui_tutorial to None, run_after=None
[2026-09-15T21:25:12.694+0000] {processor.py:183} INFO - Processing /home/airflow/.local/lib/python3.12/site-packages/airflow/example_dags/example_params_ui_tutorial.py took 0.067 seconds
[2026-09-15T21:25:43.060+0000] {processor.py:161} INFO - Started process (PID=2225) to work on /home/airflow/.local/lib/python3.12/site-packages/airflow/example_dags/example_params_ui_tutorial.py
[2026-09-15T21:25:43.061+0000] {processor.py:830} INFO - Processing file /home/airflow/.local/lib/python3.12/site-packages/airflow/example_dags/example_params_ui_tutorial.py for tasks to queue
[2026-09-15T21:25:43.063+0000] {logging_mixin.py:188} INFO - [2026-09-15T21:25:43.063+0000] {dagbag.py:545} INFO - Filling up the DagBag from /home/airflow/.local/lib/python3.12/site-packages/airflow/example_dags/example_params_ui_tutorial.py
[2026-09-15T21:25:43.068+0000] {processor.py:840} INFO - DAG(s) 'example_params_ui_tutorial' retrieved from /home/airflow/.local/lib/python3.12/site-packages/airflow/example_dags/example_params_ui_tutorial.py
[2026-09-15T21:25:43.101+0000] {logging_mixin.py:188} INFO - [2026-09-15T21:25:43.101+0000] {dag.py:3089} INFO - Sync 1 DAGs
[2026-09-15T21:25:43.111+0000] {logging_mixin.py:188} INFO - [2026-09-15T21:25:43.111+0000] {dag.py:3947} INFO - Setting next_dagrun for example_params_ui_tutorial to None, run_after=None
[2026-09-15T21:25:43.126+0000] {processor.py:183} INFO - Processing /home/airflow/.local/lib/python3.12/site-packages/airflow/example_dags/example_params_ui_tutorial.py took 0.071 seconds
[2026-09-15T21:26:13.266+0000] {processor.py:161} INFO - Started process (PID=2487) to work on /home/airflow/.local/lib/python3.12/site-packages/airflow/example_dags/example_params_ui_tutorial.py
[2026-09-15T21:26:13.268+0000] {processor.py:830} INFO - Processing file /home/airflow/.local/lib/python3.12/site-packages/airflow/example_dags/example_params_ui_tutorial.py for tasks to queue
[2026-09-15T21:26:13.269+0000] {logging_mixin.py:188} INFO - [2026-09-15T21:26:13.269+0000] {dagbag.py:545} INFO - Filling up the DagBag from /home/airflow/.local/lib/python3.12/site-packages/airflow/example_dags/example_params_ui_tutorial.py
[2026-09-15T21:26:13.275+0000] {processor.py:840} INFO - DAG(s) 'example_params_ui_tutorial' retrieved from /home/airflow/.local/lib/python3.12/site-packages/airflow/example_dags/example_params_ui_tutorial.py
[2026-09-15T21:26:13.308+0000] {logging_mixin.py:188} INFO - [2026-09-15T21:26:13.308+0000] {dag.py:3089} INFO - Sync 1 DAGs
[2026-09-15T21:26:13.317+0000] {logging_mixin.py:188} INFO - [2026-09-15T21:26:13.317+0000] {dag.py:3947} INFO - Setting next_dagrun for example_params_ui_tutorial to None, run_after=None
[2026-09-15T21:26:13.331+0000] {processor.py:183} INFO - Processing /home/airflow/.local/lib/python3.12/site-packages/airflow/example_dags/example_params_ui_tutorial.py took 0.069 seconds
[2026-09-15T21:26:43.381+0000] {processor.py:161} INFO - Started process (PID=2749) to work on /home/airflow/.local/lib/python3.12/site-packages/airflow/example_dags/example_params_ui_tutorial.py
[2026-09-15T21:26:43.382+0000] {processor.py:830} INFO - Processing file /home/airflow/.local/lib/python3.12/site-packages/airflow/example_dags/example_params_ui_tutorial.py for tasks to queue
[2026-09-15T21:26:43.384+0000] {logging_mixin.py:188} INFO - [2026-09-15T21:26:43.384+0000] {dagbag.py:545} INFO - Filling up the DagBag from /home/airflow/.local/lib/python3.12/site-packages/airflow/example_dags/example_params_ui_tutorial.py
[2026-09-15T21:26:43.389+0000] {processor.py:840} INFO - DAG(s) 'example_params_ui_tutorial' retrieved from /home/airflow/.local/lib/python3.12/site-packages/airflow/example_dags/example_params_ui_tutorial.py
[2026-09-15T21:26:43.422+0000] {logging_mixin.py:188} INFO - [2026-09-15T21:26:43.422+0000] {dag.py:3089} INFO - Sync 1 DAGs
[2026-09-15T21:26:43.431+0000] {logging_mixin.py:188} INFO - [2026-09-15T21:26:43.430+0000] {dag.py:3947} INFO - Setting next_dagrun for example_params_ui_tutorial to None, run_after=None
[2026-09-15T21:26:43.446+0000] {processor.py:183} INFO - Processing /home/airflow/.local/lib/python3.12/site-packages/airflow/example_dags/example_params_ui_tutorial.py took 0.069 seconds
[2026-09-15T21:27:13.627+0000] {processor.py:161} INFO - Started process (PID=3011) to work on /home/airflow/.local/lib/python3.12/site-packages/airflow/example_dags/example_params_ui_tutorial.py
[2026-09-15T21:27:13.629+0000] {processor.py:830} INFO - Processing file /home/airflow/.local/lib/python3.12/site-packages/airflow/example_dags/example_params_ui_tutorial.py for tasks to queue
[2026-09-15T21:27:13.632+0000] {logging_mixin.py:188} INFO - [2026-09-15T21:27:13.632+0000] {dagbag.py:545} INFO - Filling up the DagBag from /home/airflow/.local/lib/python3.12/site-packages/airflow/example_dags/example_params_ui_tutorial.py
[2026-09-15T21:27:13.641+0000] {processor.py:840} INFO - DAG(s) 'example_params_ui_tutorial' retrieved from /home/airflow/.local/lib/python3.12/site-packages/airflow/example_dags/example_params_ui_tutorial.py
[2026-09-15T21:27:13.707+0000] {logging_mixin.py:188} INFO - [2026-09-15T21:27:13.707+0000] {dag.py:3089} INFO - Sync 1 DAGs
[2026-09-15T21:27:13.720+0000] {logging_mixin.py:188} INFO - [2026-09-15T21:27:13.719+0000] {dag.py:3947} INFO - Setting next_dagrun for example_params_ui_tutorial to None, run_after=None
[2026-09-15T21:27:13.740+0000] {processor.py:183} INFO - Processing /home/airflow/.local/lib/python3.12/site-packages/airflow/example_dags/example_params_ui_tutorial.py took 0.120 seconds
[2026-09-15T21:27:43.822+0000] {processor.py:161} INFO - Started process (PID=3273) to work on /home/airflow/.local/lib/python3.12/site-packages/airflow/example_dags/example_params_ui_tutorial.py
[2026-09-15T21:27:43.824+0000] {processor.py:830} INFO - Processing file /home/airflow/.local/lib/python3.12/site-packages/airflow/example_dags/example_params_ui_tutorial.py for tasks to queue
[2026-09-15T21:27:43.826+0000] {logging_mixin.py:188} INFO - [2026-09-15T21:27:43.825+0000] {dagbag.py:545} INFO - Filling up the DagBag from /home/airflow/.local/lib/python3.12/site-packages/airflow/example_dags/example_params_ui_tutorial.py
[2026-09-15T21:27:43.831+0000] {processor.py:840} INFO - DAG(s) 'example_params_ui_tutorial' retrieved from /home/airflow/.local/lib/python3.12/site-packages/airflow/example_dags/example_params_ui_tutorial.py
[2026-09-15T21:27:43.863+0000] {logging_mixin.py:188} INFO - [2026-09-15T21:27:43.863+0000] {dag.py:3089} INFO - Sync 1 DAGs
[2026-09-15T21:27:43.873+0000] {logging_mixin.py:188} INFO - [2026-09-15T21:27:43.872+0000] {dag.py:3947} INFO - Setting next_dagrun for example_params_ui_tutorial to None, run_after=None
[2026-09-15T21:27:43.887+0000] {processor.py:183} INFO - Processing /home/airflow/.local/lib/python3.12/site-packages/airflow/example_dags/example_params_ui_tutorial.py took 0.069 seconds
[2026-09-15T21:28:14.410+0000] {processor.py:161} INFO - Started process (PID=3535) to work on /home/airflow/.local/lib/python3.12/site-packages/airflow/example_dags/example_params_ui_tutorial.py
[2026-09-15T21:28:14.411+0000] {processor.py:830} INFO - Processing file /home/airflow/.local/lib/python3.12/site-packages/airflow/example_dags/example_params_ui_tutorial.py for tasks to queue
[2026-09-15T21:28:14.413+0000] {logging_mixin.py:188} INFO - [2026-09-15T21:28:14.413+0000] {dagbag.py:545} INFO - Filling up the DagBag from /home/airflow/.local/lib/python3.12/site-packages/airflow/example_dags/example_params_ui_tutorial.py
[2026-09-15T21:28:14.418+0000] {processor.py:840} INFO - DAG(s) 'example_params_ui_tutorial' retrieved from /home/airflow/.local/lib/python3.12/site-packages/airflow/example_dags/example_params_ui_tutorial.py
[2026-09-15T21:28:14.450+0000] {logging_mixin.py:188} INFO - [2026-09-15T21:28:14.450+0000] {dag.py:3089} INFO - Sync 1 DAGs
[2026-09-15T21:28:14.460+0000] {logging_mixin.py:188} INFO - [2026-09-15T21:28:14.460+0000] {dag.py:3947} INFO - Setting next_dagrun for example_params_ui_tutorial to None, run_after=None
[2026-09-15T21:28:14.475+0000] {processor.py:183} INFO - Processing /home/airflow/.local/lib/python3.12/site-packages/airflow/example_dags/example_params_ui_tutorial.py took 0.069 seconds
[2026-09-15T21:28:45.329+0000] {processor.py:161} INFO - Started process (PID=3795) to work on /home/airflow/.local/lib/python3.12/site-packages/airflow/example_dags/example_params_ui_tutorial.py
[2026-09-15T21:28:45.331+0000] {processor.py:830} INFO - Processing file /home/airflow/.local/lib/python3.12/site-packages/airflow/example_dags/example_params_ui_tutorial.py for tasks to queue
[2026-09-15T21:28:45.333+0000] {logging_mixin.py:188} INFO - [2026-09-15T21:28:45.332+0000] {dagbag.py:545} INFO - Filling up the DagBag from /home/airflow/.local/lib/python3.12/site-packages/airflow/example_dags/example_params_ui_tutorial.py
[2026-09-15T21:28:45.338+0000] {processor.py:840} INFO - DAG(s) 'example_params_ui_tutorial' retrieved from /home/airflow/.local/lib/python3.12/site-packages/airflow/example_dags/example_params_ui_tutorial.py
[2026-09-15T21:28:45.369+0000] {logging_mixin.py:188} INFO - [2026-09-15T21:28:45.369+0000] {dag.py:3089} INFO - Sync 1 DAGs
[2026-09-15T21:28:45.378+0000] {logging_mixin.py:188} INFO - [2026-09-15T21:28:45.378+0000] {dag.py:3947} INFO - Setting next_dagrun for example_params_ui_tutorial to None, run_after=None
[2026-09-15T21:28:45.392+0000] {processor.py:183} INFO - Processing /home/airflow/.local/lib/python3.12/site-packages/airflow/example_dags/example_params_ui_tutorial.py took 0.068 seconds
[2026-09-15T21:29:15.525+0000] {processor.py:161} INFO - Started process (PID=4059) to work on /home/airflow/.local/lib/python3.12/site-packages/airflow/example_dags/example_params_ui_tutorial.py
[2026-09-15T21:29:15.526+0000] {processor.py:830} INFO - Processing file /home/airflow/.local/lib/python3.12/site-packages/airflow/example_dags/example_params_ui_tutorial.py for tasks to queue
[2026-09-15T21:29:15.528+0000] {logging_mixin.py:188} INFO - [2026-09-15T21:29:15.528+0000] {dagbag.py:545} INFO - Filling up the DagBag from /home/airflow/.local/lib/python3.12/site-packages/airflow/example_dags/example_params_ui_tutorial.py
[2026-09-15T21:29:15.533+0000] {processor.py:840} INFO - DAG(s) 'example_params_ui_tutorial' retrieved from /home/airflow/.local/lib/python3.12/site-packages/airflow/example_dags/example_params_ui_tutorial.py
[2026-09-15T21:29:15.565+0000] {logging_mixin.py:188} INFO - [2026-09-15T21:29:15.565+0000] {dag.py:3089} INFO - Sync 1 DAGs
[2026-09-15T21:29:15.575+0000] {logging_mixin.py:188} INFO - [2026-09-15T21:29:15.575+0000] {dag.py:3947} INFO - Setting next_dagrun for example_params_ui_tutorial to None, run_after=None
[2026-09-15T21:29:15.590+0000] {processor.py:183} INFO - Processing /home/airflow/.local/lib/python3.12/site-packages/airflow/example_dags/example_params_ui_tutorial.py took 0.070 seconds
[2026-09-15T21:29:46.073+0000] {processor.py:161} INFO - Started process (PID=4326) to work on /home/airflow/.local/lib/python3.12/site-packages/airflow/example_dags/example_params_ui_tutorial.py
[2026-09-15T21:29:46.076+0000] {processor.py:830} INFO - Processing file /home/airflow/.local/lib/python3.12/site-packages/airflow/example_dags/example_params_ui_tutorial.py for tasks to queue
[2026-09-15T21:29:46.081+0000] {logging_mixin.py:188} INFO - [2026-09-15T21:29:46.078+0000] {dagbag.py:545} INFO - Filling up the DagBag from /home/airflow/.local/lib/python3.12/site-packages/airflow/example_dags/example_params_ui_tutorial.py
[2026-09-15T21:29:46.101+0000] {processor.py:840} INFO - DAG(s) 'example_params_ui_tutorial' retrieved from /home/airflow/.local/lib/python3.12/site-packages/airflow/example_dags/example_params_ui_tutorial.py
[2026-09-15T21:29:46.146+0000] {logging_mixin.py:188} INFO - [2026-09-15T21:29:46.146+0000] {dag.py:3089} INFO - Sync 1 DAGs
[2026-09-15T21:29:46.157+0000] {logging_mixin.py:188} INFO - [2026-09-15T21:29:46.157+0000] {dag.py:3947} INFO - Setting next_dagrun for example_params_ui_tutorial to None, run_after=None
[2026-09-15T21:29:46.174+0000] {processor.py:183} INFO - Processing /home/airflow/.local/lib/python3.12/site-packages/airflow/example_dags/example_params_ui_tutorial.py took 0.108 seconds
[2026-09-15T21:30:16.292+0000] {processor.py:161} INFO - Started process (PID=4593) to work on /home/airflow/.local/lib/python3.12/site-packages/airflow/example_dags/example_params_ui_tutorial.py
[2026-09-15T21:30:16.294+0000] {processor.py:830} INFO - Processing file /home/airflow/.local/lib/python3.12/site-packages/airflow/example_dags/example_params_ui_tutorial.py for tasks to queue
[2026-09-15T21:30:16.295+0000] {logging_mixin.py:188} INFO - [2026-09-15T21:30:16.295+0000] {dagbag.py:545} INFO - Filling up the DagBag from /home/airflow/.local/lib/python3.12/site-packages/airflow/example_dags/example_params_ui_tutorial.py
[2026-09-15T21:30:16.301+0000] {processor.py:840} INFO - DAG(s) 'example_params_ui_tutorial' retrieved from /home/airflow/.local/lib/python3.12/site-packages/airflow/example_dags/example_params_ui_tutorial.py
[2026-09-15T21:30:16.338+0000] {logging_mixin.py:188} INFO - [2026-09-15T21:30:16.337+0000] {dag.py:3089} INFO - Sync 1 DAGs
[2026-09-15T21:30:16.349+0000] {logging_mixin.py:188} INFO - [2026-09-15T21:30:16.349+0000] {dag.py:3947} INFO - Setting next_dagrun for example_params_ui_tutorial to None, run_after=None
[2026-09-15T21:30:16.365+0000] {processor.py:183} INFO - Processing /home/airflow/.local/lib/python3.12/site-packages/airflow/example_dags/example_params_ui_tutorial.py took 0.076 seconds
[2026-09-15T21:30:46.919+0000] {processor.py:161} INFO - Started process (PID=4855) to work on /home/airflow/.local/lib/python3.12/site-packages/airflow/example_dags/example_params_ui_tutorial.py
[2026-09-15T21:30:46.921+0000] {processor.py:830} INFO - Processing file /home/airflow/.local/lib/python3.12/site-packages/airflow/example_dags/example_params_ui_tutorial.py for tasks to queue
[2026-09-15T21:30:46.923+0000] {logging_mixin.py:188} INFO - [2026-09-15T21:30:46.922+0000] {dagbag.py:545} INFO - Filling up the DagBag from /home/airflow/.local/lib/python3.12/site-packages/airflow/example_dags/example_params_ui_tutorial.py
[2026-09-15T21:30:46.929+0000] {processor.py:840} INFO - DAG(s) 'example_params_ui_tutorial' retrieved from /home/airflow/.local/lib/python3.12/site-packages/airflow/example_dags/example_params_ui_tutorial.py
[2026-09-15T21:30:46.963+0000] {logging_mixin.py:188} INFO - [2026-09-15T21:30:46.963+0000] {dag.py:3089} INFO - Sync 1 DAGs
[2026-09-15T21:30:46.973+0000] {logging_mixin.py:188} INFO - [2026-09-15T21:30:46.973+0000] {dag.py:3947} INFO - Setting next_dagrun for example_params_ui_tutorial to None, run_after=None
[2026-09-15T21:30:46.987+0000] {processor.py:183} INFO - Processing /home/airflow/.local/lib/python3.12/site-packages/airflow/example_dags/example_params_ui_tutorial.py took 0.073 seconds
[2026-09-15T21:31:17.487+0000] {processor.py:161} INFO - Started process (PID=5115) to work on /home/airflow/.local/lib/python3.12/site-packages/airflow/example_dags/example_params_ui_tutorial.py
[2026-09-15T21:31:17.488+0000] {processor.py:830} INFO - Processing file /home/airflow/.local/lib/python3.12/site-packages/airflow/example_dags/example_params_ui_tutorial.py for tasks to queue
[2026-09-15T21:31:17.490+0000] {logging_mixin.py:188} INFO - [2026-09-15T21:31:17.490+0000] {dagbag.py:545} INFO - Filling up the DagBag from /home/airflow/.local/lib/python3.12/site-packages/airflow/example_dags/example_params_ui_tutorial.py
[2026-09-15T21:31:17.496+0000] {processor.py:840} INFO - DAG(s) 'example_params_ui_tutorial' retrieved from /home/airflow/.local/lib/python3.12/site-packages/airflow/example_dags/example_params_ui_tutorial.py
[2026-09-15T21:31:17.539+0000] {logging_mixin.py:188} INFO - [2026-09-15T21:31:17.539+0000] {dag.py:3089} INFO - Sync 1 DAGs
[2026-09-15T21:31:17.550+0000] {logging_mixin.py:188} INFO - [2026-09-15T21:31:17.550+0000] {dag.py:3947} INFO - Setting next_dagrun for example_params_ui_tutorial to None, run_after=None
[2026-09-15T21:31:17.568+0000] {processor.py:183} INFO - Processing /home/airflow/.local/lib/python3.12/site-packages/airflow/example_dags/example_params_ui_tutorial.py took 0.086 seconds
[2026-09-15T21:31:48.230+0000] {processor.py:161} INFO - Started process (PID=5379) to work on /home/airflow/.local/lib/python3.12/site-packages/airflow/example_dags/example_params_ui_tutorial.py
[2026-09-15T21:31:48.232+0000] {processor.py:830} INFO - Processing file /home/airflow/.local/lib/python3.12/site-packages/airflow/example_dags/example_params_ui_tutorial.py for tasks to queue
[2026-09-15T21:31:48.233+0000] {logging_mixin.py:188} INFO - [2026-09-15T21:31:48.233+0000] {dagbag.py:545} INFO - Filling up the DagBag from /home/airflow/.local/lib/python3.12/site-packages/airflow/example_dags/example_params_ui_tutorial.py
[2026-09-15T21:31:48.238+0000] {processor.py:840} INFO - DAG(s) 'example_params_ui_tutorial' retrieved from /home/airflow/.local/lib/python3.12/site-packages/airflow/example_dags/example_params_ui_tutorial.py
[2026-09-15T21:31:48.272+0000] {logging_mixin.py:188} INFO - [2026-09-15T21:31:48.272+0000] {dag.py:3089} INFO - Sync 1 DAGs
[2026-09-15T21:31:48.282+0000] {logging_mixin.py:188} INFO - [2026-09-15T21:31:48.282+0000] {dag.py:3947} INFO - Setting next_dagrun for example_params_ui_tutorial to None, run_after=None
[2026-09-15T21:31:48.296+0000] {processor.py:183} INFO - Processing /home/airflow/.local/lib/python3.12/site-packages/airflow/example_dags/example_params_ui_tutorial.py took 0.070 seconds
[2026-09-15T21:32:18.454+0000] {processor.py:161} INFO - Started process (PID=5641) to work on /home/airflow/.local/lib/python3.12/site-packages/airflow/example_dags/example_params_ui_tutorial.py
[2026-09-15T21:32:18.455+0000] {processor.py:830} INFO - Processing file /home/airflow/.local/lib/python3.12/site-packages/airflow/example_dags/example_params_ui_tutorial.py for tasks to queue
[2026-09-15T21:32:18.457+0000] {logging_mixin.py:188} INFO - [2026-09-15T21:32:18.457+0000] {dagbag.py:545} INFO - Filling up the DagBag from /home/airflow/.local/lib/python3.12/site-packages/airflow/example_dags/example_params_ui_tutorial.py
[2026-09-15T21:32:18.463+0000] {processor.py:840} INFO - DAG(s) 'example_params_ui_tutorial' retrieved from /home/airflow/.local/lib/python3.12/site-packages/airflow/example_dags/example_params_ui_tutorial.py
[2026-09-15T21:32:18.500+0000] {logging_mixin.py:188} INFO - [2026-09-15T21:32:18.499+0000] {dag.py:3089} INFO - Sync 1 DAGs
[2026-09-15T21:32:18.510+0000] {logging_mixin.py:188} INFO - [2026-09-15T21:32:18.510+0000] {dag.py:3947} INFO - Setting next_dagrun for example_params_ui_tutorial to None, run_after=None
[2026-09-15T21:32:18.526+0000] {processor.py:183} INFO - Processing /home/airflow/.local/lib/python3.12/site-packages/airflow/example_dags/example_params_ui_tutorial.py took 0.077 seconds
[2026-09-15T21:32:48.623+0000] {processor.py:161} INFO - Started process (PID=5903) to work on /home/airflow/.local/lib/python3.12/site-packages/airflow/example_dags/example_params_ui_tutorial.py
[2026-09-15T21:32:48.625+0000] {processor.py:830} INFO - Processing file /home/airflow/.local/lib/python3.12/site-packages/airflow/example_dags/example_params_ui_tutorial.py for tasks to queue
[2026-09-15T21:32:48.627+0000] {logging_mixin.py:188} INFO - [2026-09-15T21:32:48.627+0000] {dagbag.py:545} INFO - Filling up the DagBag from /home/airflow/.local/lib/python3.12/site-packages/airflow/example_dags/example_params_ui_tutorial.py
[2026-09-15T21:32:48.633+0000] {processor.py:840} INFO - DAG(s) 'example_params_ui_tutorial' retrieved from /home/airflow/.local/lib/python3.12/site-packages/airflow/example_dags/example_params_ui_tutorial.py
[2026-09-15T21:32:48.673+0000] {logging_mixin.py:188} INFO - [2026-09-15T21:32:48.673+0000] {dag.py:3089} INFO - Sync 1 DAGs
[2026-09-15T21:32:48.684+0000] {logging_mixin.py:188} INFO - [2026-09-15T21:32:48.684+0000] {dag.py:3947} INFO - Setting next_dagrun for example_params_ui_tutorial to None, run_after=None
[2026-09-15T21:32:48.702+0000] {processor.py:183} INFO - Processing /home/airflow/.local/lib/python3.12/site-packages/airflow/example_dags/example_params_ui_tutorial.py took 0.084 seconds
[2026-09-15T21:33:19.703+0000] {processor.py:161} INFO - Started process (PID=6163) to work on /home/airflow/.local/lib/python3.12/site-packages/airflow/example_dags/example_params_ui_tutorial.py
[2026-09-15T21:33:19.704+0000] {processor.py:830} INFO - Processing file /home/airflow/.local/lib/python3.12/site-packages/airflow/example_dags/example_params_ui_tutorial.py for tasks to queue
[2026-09-15T21:33:19.706+0000] {logging_mixin.py:188} INFO - [2026-09-15T21:33:19.705+0000] {dagbag.py:545} INFO - Filling up the DagBag from /home/airflow/.local/lib/python3.12/site-packages/airflow/example_dags/example_params_ui_tutorial.py
[2026-09-15T21:33:19.712+0000] {processor.py:840} INFO - DAG(s) 'example_params_ui_tutorial' retrieved from /home/airflow/.local/lib/python3.12/site-packages/airflow/example_dags/example_params_ui_tutorial.py
[2026-09-15T21:33:19.749+0000] {logging_mixin.py:188} INFO - [2026-09-15T21:33:19.749+0000] {dag.py:3089} INFO - Sync 1 DAGs
[2026-09-15T21:33:19.759+0000] {logging_mixin.py:188} INFO - [2026-09-15T21:33:19.759+0000] {dag.py:3947} INFO - Setting next_dagrun for example_params_ui_tutorial to None, run_after=None
[2026-09-15T21:33:19.774+0000] {processor.py:183} INFO - Processing /home/airflow/.local/lib/python3.12/site-packages/airflow/example_dags/example_params_ui_tutorial.py took 0.076 seconds
[2026-09-15T21:33:50.838+0000] {processor.py:161} INFO - Started process (PID=6429) to work on /home/airflow/.local/lib/python3.12/site-packages/airflow/example_dags/example_params_ui_tutorial.py
[2026-09-15T21:33:50.839+0000] {processor.py:830} INFO - Processing file /home/airflow/.local/lib/python3.12/site-packages/airflow/example_dags/example_params_ui_tutorial.py for tasks to queue
[2026-09-15T21:33:50.841+0000] {logging_mixin.py:188} INFO - [2026-09-15T21:33:50.841+0000] {dagbag.py:545} INFO - Filling up the DagBag from /home/airflow/.local/lib/python3.12/site-packages/airflow/example_dags/example_params_ui_tutorial.py
[2026-09-15T21:33:50.846+0000] {processor.py:840} INFO - DAG(s) 'example_params_ui_tutorial' retrieved from /home/airflow/.local/lib/python3.12/site-packages/airflow/example_dags/example_params_ui_tutorial.py
[2026-09-15T21:33:50.886+0000] {logging_mixin.py:188} INFO - [2026-09-15T21:33:50.885+0000] {dag.py:3089} INFO - Sync 1 DAGs
[2026-09-15T21:33:50.898+0000] {logging_mixin.py:188} INFO - [2026-09-15T21:33:50.898+0000] {dag.py:3947} INFO - Setting next_dagrun for example_params_ui_tutorial to None, run_after=None
[2026-09-15T21:33:50.916+0000] {processor.py:183} INFO - Processing /home/airflow/.local/lib/python3.12/site-packages/airflow/example_dags/example_params_ui_tutorial.py took 0.083 seconds
[2026-09-15T21:34:21.185+0000] {processor.py:161} INFO - Started process (PID=6693) to work on /home/airflow/.local/lib/python3.12/site-packages/airflow/example_dags/example_params_ui_tutorial.py
[2026-09-15T21:34:21.186+0000] {processor.py:830} INFO - Processing file /home/airflow/.local/lib/python3.12/site-packages/airflow/example_dags/example_params_ui_tutorial.py for tasks to queue
[2026-09-15T21:34:21.188+0000] {logging_mixin.py:188} INFO - [2026-09-15T21:34:21.188+0000] {dagbag.py:545} INFO - Filling up the DagBag from /home/airflow/.local/lib/python3.12/site-packages/airflow/example_dags/example_params_ui_tutorial.py
[2026-09-15T21:34:21.193+0000] {processor.py:840} INFO - DAG(s) 'example_params_ui_tutorial' retrieved from /home/airflow/.local/lib/python3.12/site-packages/airflow/example_dags/example_params_ui_tutorial.py
[2026-09-15T21:34:21.226+0000] {logging_mixin.py:188} INFO - [2026-09-15T21:34:21.226+0000] {dag.py:3089} INFO - Sync 1 DAGs
[2026-09-15T21:34:21.236+0000] {logging_mixin.py:188} INFO - [2026-09-15T21:34:21.236+0000] {dag.py:3947} INFO - Setting next_dagrun for example_params_ui_tutorial to None, run_after=None
[2026-09-15T21:34:21.252+0000] {processor.py:183} INFO - Processing /home/airflow/.local/lib/python3.12/site-packages/airflow/example_dags/example_params_ui_tutorial.py took 0.071 seconds
[2026-09-15T21:34:51.662+0000] {processor.py:161} INFO - Started process (PID=6955) to work on /home/airflow/.local/lib/python3.12/site-packages/airflow/example_dags/example_params_ui_tutorial.py
[2026-09-15T21:34:51.663+0000] {processor.py:830} INFO - Processing file /home/airflow/.local/lib/python3.12/site-packages/airflow/example_dags/example_params_ui_tutorial.py for tasks to queue
[2026-09-15T21:34:51.665+0000] {logging_mixin.py:188} INFO - [2026-09-15T21:34:51.665+0000] {dagbag.py:545} INFO - Filling up the DagBag from /home/airflow/.local/lib/python3.12/site-packages/airflow/example_dags/example_params_ui_tutorial.py
[2026-09-15T21:34:51.670+0000] {processor.py:840} INFO - DAG(s) 'example_params_ui_tutorial' retrieved from /home/airflow/.local/lib/python3.12/site-packages/airflow/example_dags/example_params_ui_tutorial.py
[2026-09-15T21:34:51.712+0000] {logging_mixin.py:188} INFO - [2026-09-15T21:34:51.712+0000] {dag.py:3089} INFO - Sync 1 DAGs
[2026-09-15T21:34:51.722+0000] {logging_mixin.py:188} INFO - [2026-09-15T21:34:51.722+0000] {dag.py:3947} INFO - Setting next_dagrun for example_params_ui_tutorial to None, run_after=None
[2026-09-15T21:34:51.740+0000] {processor.py:183} INFO - Processing /home/airflow/.local/lib/python3.12/site-packages/airflow/example_dags/example_params_ui_tutorial.py took 0.083 seconds
[2026-09-15T21:35:22.008+0000] {processor.py:161} INFO - Started process (PID=7221) to work on /home/airflow/.local/lib/python3.12/site-packages/airflow/example_dags/example_params_ui_tutorial.py
[2026-09-15T21:35:22.009+0000] {processor.py:830} INFO - Processing file /home/airflow/.local/lib/python3.12/site-packages/airflow/example_dags/example_params_ui_tutorial.py for tasks to queue
[2026-09-15T21:35:22.012+0000] {logging_mixin.py:188} INFO - [2026-09-15T21:35:22.011+0000] {dagbag.py:545} INFO - Filling up the DagBag from /home/airflow/.local/lib/python3.12/site-packages/airflow/example_dags/example_params_ui_tutorial.py
[2026-09-15T21:35:22.017+0000] {processor.py:840} INFO - DAG(s) 'example_params_ui_tutorial' retrieved from /home/airflow/.local/lib/python3.12/site-packages/airflow/example_dags/example_params_ui_tutorial.py
[2026-09-15T21:35:22.050+0000] {logging_mixin.py:188} INFO - [2026-09-15T21:35:22.050+0000] {dag.py:3089} INFO - Sync 1 DAGs
[2026-09-15T21:35:22.060+0000] {logging_mixin.py:188} INFO - [2026-09-15T21:35:22.059+0000] {dag.py:3947} INFO - Setting next_dagrun for example_params_ui_tutorial to None, run_after=None
[2026-09-15T21:35:22.074+0000] {processor.py:183} INFO - Processing /home/airflow/.local/lib/python3.12/site-packages/airflow/example_dags/example_params_ui_tutorial.py took 0.070 seconds
[2026-09-15T21:35:52.212+0000] {processor.py:161} INFO - Started process (PID=7483) to work on /home/airflow/.local/lib/python3.12/site-packages/airflow/example_dags/example_params_ui_tutorial.py
[2026-09-15T21:35:52.213+0000] {processor.py:830} INFO - Processing file /home/airflow/.local/lib/python3.12/site-packages/airflow/example_dags/example_params_ui_tutorial.py for tasks to queue
[2026-09-15T21:35:52.214+0000] {logging_mixin.py:188} INFO - [2026-09-15T21:35:52.214+0000] {dagbag.py:545} INFO - Filling up the DagBag from /home/airflow/.local/lib/python3.12/site-packages/airflow/example_dags/example_params_ui_tutorial.py
[2026-09-15T21:35:52.220+0000] {processor.py:840} INFO - DAG(s) 'example_params_ui_tutorial' retrieved from /home/airflow/.local/lib/python3.12/site-packages/airflow/example_dags/example_params_ui_tutorial.py
[2026-09-15T21:35:52.252+0000] {logging_mixin.py:188} INFO - [2026-09-15T21:35:52.252+0000] {dag.py:3089} INFO - Sync 1 DAGs
[2026-09-15T21:35:52.261+0000] {logging_mixin.py:188} INFO - [2026-09-15T21:35:52.261+0000] {dag.py:3947} INFO - Setting next_dagrun for example_params_ui_tutorial to None, run_after=None
[2026-09-15T21:35:52.275+0000] {processor.py:183} INFO - Processing /home/airflow/.local/lib/python3.12/site-packages/airflow/example_dags/example_params_ui_tutorial.py took 0.067 seconds
[2026-09-15T21:36:22.366+0000] {processor.py:161} INFO - Started process (PID=7743) to work on /home/airflow/.local/lib/python3.12/site-packages/airflow/example_dags/example_params_ui_tutorial.py
[2026-09-15T21:36:22.367+0000] {processor.py:830} INFO - Processing file /home/airflow/.local/lib/python3.12/site-packages/airflow/example_dags/example_params_ui_tutorial.py for tasks to queue
[2026-09-15T21:36:22.369+0000] {logging_mixin.py:188} INFO - [2026-09-15T21:36:22.369+0000] {dagbag.py:545} INFO - Filling up the DagBag from /home/airflow/.local/lib/python3.12/site-packages/airflow/example_dags/example_params_ui_tutorial.py
[2026-09-15T21:36:22.376+0000] {processor.py:840} INFO - DAG(s) 'example_params_ui_tutorial' retrieved from /home/airflow/.local/lib/python3.12/site-packages/airflow/example_dags/example_params_ui_tutorial.py
[2026-09-15T21:36:22.410+0000] {logging_mixin.py:188} INFO - [2026-09-15T21:36:22.409+0000] {dag.py:3089} INFO - Sync 1 DAGs
[2026-09-15T21:36:22.418+0000] {logging_mixin.py:188} INFO - [2026-09-15T21:36:22.418+0000] {dag.py:3947} INFO - Setting next_dagrun for example_params_ui_tutorial to None, run_after=None
[2026-09-15T21:36:22.433+0000] {processor.py:183} INFO - Processing /home/airflow/.local/lib/python3.12/site-packages/airflow/example_dags/example_params_ui_tutorial.py took 0.071 seconds
[2026-09-15T21:36:52.836+0000] {processor.py:161} INFO - Started process (PID=8007) to work on /home/airflow/.local/lib/python3.12/site-packages/airflow/example_dags/example_params_ui_tutorial.py
[2026-09-15T21:36:52.838+0000] {processor.py:830} INFO - Processing file /home/airflow/.local/lib/python3.12/site-packages/airflow/example_dags/example_params_ui_tutorial.py for tasks to queue
[2026-09-15T21:36:52.840+0000] {logging_mixin.py:188} INFO - [2026-09-15T21:36:52.839+0000] {dagbag.py:545} INFO - Filling up the DagBag from /home/airflow/.local/lib/python3.12/site-packages/airflow/example_dags/example_params_ui_tutorial.py
[2026-09-15T21:36:52.844+0000] {processor.py:840} INFO - DAG(s) 'example_params_ui_tutorial' retrieved from /home/airflow/.local/lib/python3.12/site-packages/airflow/example_dags/example_params_ui_tutorial.py
[2026-09-15T21:36:52.875+0000] {logging_mixin.py:188} INFO - [2026-09-15T21:36:52.875+0000] {dag.py:3089} INFO - Sync 1 DAGs
[2026-09-15T21:36:52.884+0000] {logging_mixin.py:188} INFO - [2026-09-15T21:36:52.883+0000] {dag.py:3947} INFO - Setting next_dagrun for example_params_ui_tutorial to None, run_after=None
[2026-09-15T21:36:52.897+0000] {processor.py:183} INFO - Processing /home/airflow/.local/lib/python3.12/site-packages/airflow/example_dags/example_params_ui_tutorial.py took 0.064 seconds
[2026-09-15T21:37:23.851+0000] {processor.py:161} INFO - Started process (PID=8267) to work on /home/airflow/.local/lib/python3.12/site-packages/airflow/example_dags/example_params_ui_tutorial.py
[2026-09-15T21:37:23.852+0000] {processor.py:830} INFO - Processing file /home/airflow/.local/lib/python3.12/site-packages/airflow/example_dags/example_params_ui_tutorial.py for tasks to queue
[2026-09-15T21:37:23.853+0000] {logging_mixin.py:188} INFO - [2026-09-15T21:37:23.853+0000] {dagbag.py:545} INFO - Filling up the DagBag from /home/airflow/.local/lib/python3.12/site-packages/airflow/example_dags/example_params_ui_tutorial.py
[2026-09-15T21:37:23.859+0000] {processor.py:840} INFO - DAG(s) 'example_params_ui_tutorial' retrieved from /home/airflow/.local/lib/python3.12/site-packages/airflow/example_dags/example_params_ui_tutorial.py
[2026-09-15T21:37:23.893+0000] {logging_mixin.py:188} INFO - [2026-09-15T21:37:23.893+0000] {dag.py:3089} INFO - Sync 1 DAGs
[2026-09-15T21:37:23.903+0000] {logging_mixin.py:188} INFO - [2026-09-15T21:37:23.903+0000] {dag.py:3947} INFO - Setting next_dagrun for example_params_ui_tutorial to None, run_after=None
[2026-09-15T21:37:23.918+0000] {processor.py:183} INFO - Processing /home/airflow/.local/lib/python3.12/site-packages/airflow/example_dags/example_params_ui_tutorial.py took 0.072 seconds
[2026-09-15T21:37:54.416+0000] {processor.py:161} INFO - Started process (PID=8529) to work on /home/airflow/.local/lib/python3.12/site-packages/airflow/example_dags/example_params_ui_tutorial.py
[2026-09-15T21:37:54.417+0000] {processor.py:830} INFO - Processing file /home/airflow/.local/lib/python3.12/site-packages/airflow/example_dags/example_params_ui_tutorial.py for tasks to queue
[2026-09-15T21:37:54.420+0000] {logging_mixin.py:188} INFO - [2026-09-15T21:37:54.419+0000] {dagbag.py:545} INFO - Filling up the DagBag from /home/airflow/.local/lib/python3.12/site-packages/airflow/example_dags/example_params_ui_tutorial.py
[2026-09-15T21:37:54.426+0000] {processor.py:840} INFO - DAG(s) 'example_params_ui_tutorial' retrieved from /home/airflow/.local/lib/python3.12/site-packages/airflow/example_dags/example_params_ui_tutorial.py
[2026-09-15T21:37:54.461+0000] {logging_mixin.py:188} INFO - [2026-09-15T21:37:54.461+0000] {dag.py:3089} INFO - Sync 1 DAGs
[2026-09-15T21:37:54.472+0000] {logging_mixin.py:188} INFO - [2026-09-15T21:37:54.472+0000] {dag.py:3947} INFO - Setting next_dagrun for example_params_ui_tutorial to None, run_after=None
[2026-09-15T21:37:54.489+0000] {processor.py:183} INFO - Processing /home/airflow/.local/lib/python3.12/site-packages/airflow/example_dags/example_params_ui_tutorial.py took 0.077 seconds
[2026-09-15T21:38:24.872+0000] {processor.py:161} INFO - Started process (PID=8791) to work on /home/airflow/.local/lib/python3.12/site-packages/airflow/example_dags/example_params_ui_tutorial.py
[2026-09-15T21:38:24.873+0000] {processor.py:830} INFO - Processing file /home/airflow/.local/lib/python3.12/site-packages/airflow/example_dags/example_params_ui_tutorial.py for tasks to queue
[2026-09-15T21:38:24.875+0000] {logging_mixin.py:188} INFO - [2026-09-15T21:38:24.875+0000] {dagbag.py:545} INFO - Filling up the DagBag from /home/airflow/.local/lib/python3.12/site-packages/airflow/example_dags/example_params_ui_tutorial.py
[2026-09-15T21:38:24.882+0000] {processor.py:840} INFO - DAG(s) 'example_params_ui_tutorial' retrieved from /home/airflow/.local/lib/python3.12/site-packages/airflow/example_dags/example_params_ui_tutorial.py
[2026-09-15T21:38:24.922+0000] {logging_mixin.py:188} INFO - [2026-09-15T21:38:24.922+0000] {dag.py:3089} INFO - Sync 1 DAGs
[2026-09-15T21:38:24.934+0000] {logging_mixin.py:188} INFO - [2026-09-15T21:38:24.934+0000] {dag.py:3947} INFO - Setting next_dagrun for example_params_ui_tutorial to None, run_after=None
[2026-09-15T21:38:24.951+0000] {processor.py:183} INFO - Processing /home/airflow/.local/lib/python3.12/site-packages/airflow/example_dags/example_params_ui_tutorial.py took 0.084 seconds
[2026-09-15T21:38:55.936+0000] {processor.py:161} INFO - Started process (PID=9082) to work on /home/airflow/.local/lib/python3.12/site-packages/airflow/example_dags/example_params_ui_tutorial.py
[2026-09-15T21:38:55.938+0000] {processor.py:830} INFO - Processing file /home/airflow/.local/lib/python3.12/site-packages/airflow/example_dags/example_params_ui_tutorial.py for tasks to queue
[2026-09-15T21:38:55.939+0000] {logging_mixin.py:188} INFO - [2026-09-15T21:38:55.939+0000] {dagbag.py:545} INFO - Filling up the DagBag from /home/airflow/.local/lib/python3.12/site-packages/airflow/example_dags/example_params_ui_tutorial.py
[2026-09-15T21:38:55.945+0000] {processor.py:840} INFO - DAG(s) 'example_params_ui_tutorial' retrieved from /home/airflow/.local/lib/python3.12/site-packages/airflow/example_dags/example_params_ui_tutorial.py
[2026-09-15T21:38:55.979+0000] {logging_mixin.py:188} INFO - [2026-09-15T21:38:55.979+0000] {dag.py:3089} INFO - Sync 1 DAGs
[2026-09-15T21:38:55.990+0000] {logging_mixin.py:188} INFO - [2026-09-15T21:38:55.989+0000] {dag.py:3947} INFO - Setting next_dagrun for example_params_ui_tutorial to None, run_after=None
[2026-09-15T21:38:56.005+0000] {processor.py:183} INFO - Processing /home/airflow/.local/lib/python3.12/site-packages/airflow/example_dags/example_params_ui_tutorial.py took 0.073 seconds
[2026-09-15T21:39:26.265+0000] {processor.py:161} INFO - Started process (PID=9344) to work on /home/airflow/.local/lib/python3.12/site-packages/airflow/example_dags/example_params_ui_tutorial.py
[2026-09-15T21:39:26.267+0000] {processor.py:830} INFO - Processing file /home/airflow/.local/lib/python3.12/site-packages/airflow/example_dags/example_params_ui_tutorial.py for tasks to queue
[2026-09-15T21:39:26.270+0000] {logging_mixin.py:188} INFO - [2026-09-15T21:39:26.269+0000] {dagbag.py:545} INFO - Filling up the DagBag from /home/airflow/.local/lib/python3.12/site-packages/airflow/example_dags/example_params_ui_tutorial.py
[2026-09-15T21:39:26.278+0000] {processor.py:840} INFO - DAG(s) 'example_params_ui_tutorial' retrieved from /home/airflow/.local/lib/python3.12/site-packages/airflow/example_dags/example_params_ui_tutorial.py
[2026-09-15T21:39:26.319+0000] {logging_mixin.py:188} INFO - [2026-09-15T21:39:26.318+0000] {dag.py:3089} INFO - Sync 1 DAGs
[2026-09-15T21:39:26.333+0000] {logging_mixin.py:188} INFO - [2026-09-15T21:39:26.333+0000] {dag.py:3947} INFO - Setting next_dagrun for example_params_ui_tutorial to None, run_after=None
[2026-09-15T21:39:26.357+0000] {processor.py:183} INFO - Processing /home/airflow/.local/lib/python3.12/site-packages/airflow/example_dags/example_params_ui_tutorial.py took 0.099 seconds
[2026-09-15T21:39:57.308+0000] {processor.py:161} INFO - Started process (PID=9606) to work on /home/airflow/.local/lib/python3.12/site-packages/airflow/example_dags/example_params_ui_tutorial.py
[2026-09-15T21:39:57.309+0000] {processor.py:830} INFO - Processing file /home/airflow/.local/lib/python3.12/site-packages/airflow/example_dags/example_params_ui_tutorial.py for tasks to queue
[2026-09-15T21:39:57.311+0000] {logging_mixin.py:188} INFO - [2026-09-15T21:39:57.311+0000] {dagbag.py:545} INFO - Filling up the DagBag from /home/airflow/.local/lib/python3.12/site-packages/airflow/example_dags/example_params_ui_tutorial.py
[2026-09-15T21:39:57.319+0000] {processor.py:840} INFO - DAG(s) 'example_params_ui_tutorial' retrieved from /home/airflow/.local/lib/python3.12/site-packages/airflow/example_dags/example_params_ui_tutorial.py
[2026-09-15T21:39:57.359+0000] {logging_mixin.py:188} INFO - [2026-09-15T21:39:57.358+0000] {dag.py:3089} INFO - Sync 1 DAGs
[2026-09-15T21:39:57.371+0000] {logging_mixin.py:188} INFO - [2026-09-15T21:39:57.371+0000] {dag.py:3947} INFO - Setting next_dagrun for example_params_ui_tutorial to None, run_after=None
[2026-09-15T21:39:57.389+0000] {processor.py:183} INFO - Processing /home/airflow/.local/lib/python3.12/site-packages/airflow/example_dags/example_params_ui_tutorial.py took 0.088 seconds
[2026-09-15T21:40:27.438+0000] {processor.py:161} INFO - Started process (PID=9863) to work on /home/airflow/.local/lib/python3.12/site-packages/airflow/example_dags/example_params_ui_tutorial.py
[2026-09-15T21:40:27.439+0000] {processor.py:830} INFO - Processing file /home/airflow/.local/lib/python3.12/site-packages/airflow/example_dags/example_params_ui_tutorial.py for tasks to queue
[2026-09-15T21:40:27.441+0000] {logging_mixin.py:188} INFO - [2026-09-15T21:40:27.440+0000] {dagbag.py:545} INFO - Filling up the DagBag from /home/airflow/.local/lib/python3.12/site-packages/airflow/example_dags/example_params_ui_tutorial.py
[2026-09-15T21:40:27.447+0000] {processor.py:840} INFO - DAG(s) 'example_params_ui_tutorial' retrieved from /home/airflow/.local/lib/python3.12/site-packages/airflow/example_dags/example_params_ui_tutorial.py
[2026-09-15T21:40:27.479+0000] {logging_mixin.py:188} INFO - [2026-09-15T21:40:27.479+0000] {dag.py:3089} INFO - Sync 1 DAGs
[2026-09-15T21:40:27.487+0000] {logging_mixin.py:188} INFO - [2026-09-15T21:40:27.487+0000] {dag.py:3947} INFO - Setting next_dagrun for example_params_ui_tutorial to None, run_after=None
[2026-09-15T21:40:27.501+0000] {processor.py:183} INFO - Processing /home/airflow/.local/lib/python3.12/site-packages/airflow/example_dags/example_params_ui_tutorial.py took 0.067 seconds
[2026-09-15T21:40:58.127+0000] {processor.py:161} INFO - Started process (PID=10130) to work on /home/airflow/.local/lib/python3.12/site-packages/airflow/example_dags/example_params_ui_tutorial.py
[2026-09-15T21:40:58.129+0000] {processor.py:830} INFO - Processing file /home/airflow/.local/lib/python3.12/site-packages/airflow/example_dags/example_params_ui_tutorial.py for tasks to queue
[2026-09-15T21:40:58.132+0000] {logging_mixin.py:188} INFO - [2026-09-15T21:40:58.131+0000] {dagbag.py:545} INFO - Filling up the DagBag from /home/airflow/.local/lib/python3.12/site-packages/airflow/example_dags/example_params_ui_tutorial.py
[2026-09-15T21:40:58.137+0000] {processor.py:840} INFO - DAG(s) 'example_params_ui_tutorial' retrieved from /home/airflow/.local/lib/python3.12/site-packages/airflow/example_dags/example_params_ui_tutorial.py
[2026-09-15T21:40:58.175+0000] {logging_mixin.py:188} INFO - [2026-09-15T21:40:58.175+0000] {dag.py:3089} INFO - Sync 1 DAGs
[2026-09-15T21:40:58.184+0000] {logging_mixin.py:188} INFO - [2026-09-15T21:40:58.184+0000] {dag.py:3947} INFO - Setting next_dagrun for example_params_ui_tutorial to None, run_after=None
[2026-09-15T21:40:58.199+0000] {processor.py:183} INFO - Processing /home/airflow/.local/lib/python3.12/site-packages/airflow/example_dags/example_params_ui_tutorial.py took 0.078 seconds
[2026-09-15T21:41:29.098+0000] {processor.py:161} INFO - Started process (PID=10392) to work on /home/airflow/.local/lib/python3.12/site-packages/airflow/example_dags/example_params_ui_tutorial.py
[2026-09-15T21:41:29.099+0000] {processor.py:830} INFO - Processing file /home/airflow/.local/lib/python3.12/site-packages/airflow/example_dags/example_params_ui_tutorial.py for tasks to queue
[2026-09-15T21:41:29.101+0000] {logging_mixin.py:188} INFO - [2026-09-15T21:41:29.101+0000] {dagbag.py:545} INFO - Filling up the DagBag from /home/airflow/.local/lib/python3.12/site-packages/airflow/example_dags/example_params_ui_tutorial.py
[2026-09-15T21:41:29.107+0000] {processor.py:840} INFO - DAG(s) 'example_params_ui_tutorial' retrieved from /home/airflow/.local/lib/python3.12/site-packages/airflow/example_dags/example_params_ui_tutorial.py
[2026-09-15T21:41:29.142+0000] {logging_mixin.py:188} INFO - [2026-09-15T21:41:29.142+0000] {dag.py:3089} INFO - Sync 1 DAGs
[2026-09-15T21:41:29.152+0000] {logging_mixin.py:188} INFO - [2026-09-15T21:41:29.151+0000] {dag.py:3947} INFO - Setting next_dagrun for example_params_ui_tutorial to None, run_after=None
[2026-09-15T21:41:29.166+0000] {processor.py:183} INFO - Processing /home/airflow/.local/lib/python3.12/site-packages/airflow/example_dags/example_params_ui_tutorial.py took 0.073 seconds
[2026-09-15T21:41:59.951+0000] {processor.py:161} INFO - Started process (PID=10654) to work on /home/airflow/.local/lib/python3.12/site-packages/airflow/example_dags/example_params_ui_tutorial.py
[2026-09-15T21:41:59.952+0000] {processor.py:830} INFO - Processing file /home/airflow/.local/lib/python3.12/site-packages/airflow/example_dags/example_params_ui_tutorial.py for tasks to queue
[2026-09-15T21:41:59.954+0000] {logging_mixin.py:188} INFO - [2026-09-15T21:41:59.954+0000] {dagbag.py:545} INFO - Filling up the DagBag from /home/airflow/.local/lib/python3.12/site-packages/airflow/example_dags/example_params_ui_tutorial.py
[2026-09-15T21:41:59.959+0000] {processor.py:840} INFO - DAG(s) 'example_params_ui_tutorial' retrieved from /home/airflow/.local/lib/python3.12/site-packages/airflow/example_dags/example_params_ui_tutorial.py
[2026-09-15T21:41:59.994+0000] {logging_mixin.py:188} INFO - [2026-09-15T21:41:59.994+0000] {dag.py:3089} INFO - Sync 1 DAGs
[2026-09-15T21:42:00.005+0000] {logging_mixin.py:188} INFO - [2026-09-15T21:42:00.005+0000] {dag.py:3947} INFO - Setting next_dagrun for example_params_ui_tutorial to None, run_after=None
[2026-09-15T21:42:00.021+0000] {processor.py:183} INFO - Processing /home/airflow/.local/lib/python3.12/site-packages/airflow/example_dags/example_params_ui_tutorial.py took 0.074 seconds
[2026-09-15T21:42:30.763+0000] {processor.py:161} INFO - Started process (PID=10916) to work on /home/airflow/.local/lib/python3.12/site-packages/airflow/example_dags/example_params_ui_tutorial.py
[2026-09-15T21:42:30.765+0000] {processor.py:830} INFO - Processing file /home/airflow/.local/lib/python3.12/site-packages/airflow/example_dags/example_params_ui_tutorial.py for tasks to queue
[2026-09-15T21:42:30.767+0000] {logging_mixin.py:188} INFO - [2026-09-15T21:42:30.766+0000] {dagbag.py:545} INFO - Filling up the DagBag from /home/airflow/.local/lib/python3.12/site-packages/airflow/example_dags/example_params_ui_tutorial.py
[2026-09-15T21:42:30.772+0000] {processor.py:840} INFO - DAG(s) 'example_params_ui_tutorial' retrieved from /home/airflow/.local/lib/python3.12/site-packages/airflow/example_dags/example_params_ui_tutorial.py
[2026-09-15T21:42:30.944+0000] {logging_mixin.py:188} INFO - [2026-09-15T21:42:30.944+0000] {dag.py:3089} INFO - Sync 1 DAGs
[2026-09-15T21:42:30.953+0000] {logging_mixin.py:188} INFO - [2026-09-15T21:42:30.952+0000] {dag.py:3947} INFO - Setting next_dagrun for example_params_ui_tutorial to None, run_after=None
[2026-09-15T21:42:30.965+0000] {processor.py:183} INFO - Processing /home/airflow/.local/lib/python3.12/site-packages/airflow/example_dags/example_params_ui_tutorial.py took 0.206 seconds
[2026-09-15T21:43:01.081+0000] {processor.py:161} INFO - Started process (PID=11180) to work on /home/airflow/.local/lib/python3.12/site-packages/airflow/example_dags/example_params_ui_tutorial.py
[2026-09-15T21:43:01.083+0000] {processor.py:830} INFO - Processing file /home/airflow/.local/lib/python3.12/site-packages/airflow/example_dags/example_params_ui_tutorial.py for tasks to queue
[2026-09-15T21:43:01.085+0000] {logging_mixin.py:188} INFO - [2026-09-15T21:43:01.084+0000] {dagbag.py:545} INFO - Filling up the DagBag from /home/airflow/.local/lib/python3.12/site-packages/airflow/example_dags/example_params_ui_tutorial.py
[2026-09-15T21:43:01.091+0000] {processor.py:840} INFO - DAG(s) 'example_params_ui_tutorial' retrieved from /home/airflow/.local/lib/python3.12/site-packages/airflow/example_dags/example_params_ui_tutorial.py
[2026-09-15T21:43:01.128+0000] {logging_mixin.py:188} INFO - [2026-09-15T21:43:01.127+0000] {dag.py:3089} INFO - Sync 1 DAGs
[2026-09-15T21:43:01.138+0000] {logging_mixin.py:188} INFO - [2026-09-15T21:43:01.138+0000] {dag.py:3947} INFO - Setting next_dagrun for example_params_ui_tutorial to None, run_after=None
[2026-09-15T21:43:01.155+0000] {processor.py:183} INFO - Processing /home/airflow/.local/lib/python3.12/site-packages/airflow/example_dags/example_params_ui_tutorial.py took 0.079 seconds
[2026-09-15T21:43:31.236+0000] {processor.py:161} INFO - Started process (PID=11440) to work on /home/airflow/.local/lib/python3.12/site-packages/airflow/example_dags/example_params_ui_tutorial.py
[2026-09-15T21:43:31.237+0000] {processor.py:830} INFO - Processing file /home/airflow/.local/lib/python3.12/site-packages/airflow/example_dags/example_params_ui_tutorial.py for tasks to queue
[2026-09-15T21:43:31.239+0000] {logging_mixin.py:188} INFO - [2026-09-15T21:43:31.239+0000] {dagbag.py:545} INFO - Filling up the DagBag from /home/airflow/.local/lib/python3.12/site-packages/airflow/example_dags/example_params_ui_tutorial.py
[2026-09-15T21:43:31.246+0000] {processor.py:840} INFO - DAG(s) 'example_params_ui_tutorial' retrieved from /home/airflow/.local/lib/python3.12/site-packages/airflow/example_dags/example_params_ui_tutorial.py
[2026-09-15T21:43:31.281+0000] {logging_mixin.py:188} INFO - [2026-09-15T21:43:31.280+0000] {dag.py:3089} INFO - Sync 1 DAGs
[2026-09-15T21:43:31.290+0000] {logging_mixin.py:188} INFO - [2026-09-15T21:43:31.290+0000] {dag.py:3947} INFO - Setting next_dagrun for example_params_ui_tutorial to None, run_after=None
[2026-09-15T21:43:31.305+0000] {processor.py:183} INFO - Processing /home/airflow/.local/lib/python3.12/site-packages/airflow/example_dags/example_params_ui_tutorial.py took 0.074 seconds
[2026-09-15T21:44:01.409+0000] {processor.py:161} INFO - Started process (PID=11702) to work on /home/airflow/.local/lib/python3.12/site-packages/airflow/example_dags/example_params_ui_tutorial.py
[2026-09-15T21:44:01.410+0000] {processor.py:830} INFO - Processing file /home/airflow/.local/lib/python3.12/site-packages/airflow/example_dags/example_params_ui_tutorial.py for tasks to queue
[2026-09-15T21:44:01.412+0000] {logging_mixin.py:188} INFO - [2026-09-15T21:44:01.411+0000] {dagbag.py:545} INFO - Filling up the DagBag from /home/airflow/.local/lib/python3.12/site-packages/airflow/example_dags/example_params_ui_tutorial.py
[2026-09-15T21:44:01.417+0000] {processor.py:840} INFO - DAG(s) 'example_params_ui_tutorial' retrieved from /home/airflow/.local/lib/python3.12/site-packages/airflow/example_dags/example_params_ui_tutorial.py
[2026-09-15T21:44:01.454+0000] {logging_mixin.py:188} INFO - [2026-09-15T21:44:01.454+0000] {dag.py:3089} INFO - Sync 1 DAGs
[2026-09-15T21:44:01.466+0000] {logging_mixin.py:188} INFO - [2026-09-15T21:44:01.466+0000] {dag.py:3947} INFO - Setting next_dagrun for example_params_ui_tutorial to None, run_after=None
[2026-09-15T21:44:01.485+0000] {processor.py:183} INFO - Processing /home/airflow/.local/lib/python3.12/site-packages/airflow/example_dags/example_params_ui_tutorial.py took 0.080 seconds
[2026-09-15T21:44:31.554+0000] {processor.py:161} INFO - Started process (PID=11959) to work on /home/airflow/.local/lib/python3.12/site-packages/airflow/example_dags/example_params_ui_tutorial.py
[2026-09-15T21:44:31.556+0000] {processor.py:830} INFO - Processing file /home/airflow/.local/lib/python3.12/site-packages/airflow/example_dags/example_params_ui_tutorial.py for tasks to queue
[2026-09-15T21:44:31.557+0000] {logging_mixin.py:188} INFO - [2026-09-15T21:44:31.557+0000] {dagbag.py:545} INFO - Filling up the DagBag from /home/airflow/.local/lib/python3.12/site-packages/airflow/example_dags/example_params_ui_tutorial.py
[2026-09-15T21:44:31.562+0000] {processor.py:840} INFO - DAG(s) 'example_params_ui_tutorial' retrieved from /home/airflow/.local/lib/python3.12/site-packages/airflow/example_dags/example_params_ui_tutorial.py
[2026-09-15T21:44:31.593+0000] {logging_mixin.py:188} INFO - [2026-09-15T21:44:31.593+0000] {dag.py:3089} INFO - Sync 1 DAGs
[2026-09-15T21:44:31.603+0000] {logging_mixin.py:188} INFO - [2026-09-15T21:44:31.603+0000] {dag.py:3947} INFO - Setting next_dagrun for example_params_ui_tutorial to None, run_after=None
[2026-09-15T21:44:31.619+0000] {processor.py:183} INFO - Processing /home/airflow/.local/lib/python3.12/site-packages/airflow/example_dags/example_params_ui_tutorial.py took 0.069 seconds
