[2026-09-15T21:01:01.018+0000] {processor.py:161} INFO - Started process (PID=93) to work on /home/airflow/.local/lib/python3.12/site-packages/airflow/example_dags/example_branch_operator_decorator.py
[2026-09-15T21:01:01.020+0000] {processor.py:830} INFO - Processing file /home/airflow/.local/lib/python3.12/site-packages/airflow/example_dags/example_branch_operator_decorator.py for tasks to queue
[2026-09-15T21:01:01.022+0000] {logging_mixin.py:188} INFO - [2026-09-15T21:01:01.022+0000] {dagbag.py:545} INFO - Filling up the DagBag from /home/airflow/.local/lib/python3.12/site-packages/airflow/example_dags/example_branch_operator_decorator.py
[2026-09-15T21:01:01.039+0000] {processor.py:840} INFO - DAG(s) 'example_branch_python_operator_decorator' retrieved from /home/airflow/.local/lib/python3.12/site-packages/airflow/example_dags/example_branch_operator_decorator.py
[2026-09-15T21:01:01.052+0000] {logging_mixin.py:188} INFO - [2026-09-15T21:01:01.052+0000] {dag.py:3089} INFO - Sync 1 DAGs
[2026-09-15T21:01:01.075+0000] {logging_mixin.py:188} INFO - [2026-09-15T21:01:01.075+0000] {dag.py:3947} INFO - Setting next_dagrun for example_branch_python_operator_decorator to 2026-09-14 00:00:00+00:00, run_after=2026-09-15 00:00:00+00:00
[2026-09-15T21:01:01.093+0000] {processor.py:183} INFO - Processing /home/airflow/.local/lib/python3.12/site-packages/airflow/example_dags/example_branch_operator_decorator.py took 0.079 seconds
[2026-09-15T21:01:32.453+0000] {processor.py:161} INFO - Started process (PID=151) to work on /home/airflow/.local/lib/python3.12/site-packages/airflow/example_dags/example_branch_operator_decorator.py
[2026-09-15T21:01:32.454+0000] {processor.py:830} INFO - Processing file /home/airflow/.local/lib/python3.12/site-packages/airflow/example_dags/example_branch_operator_decorator.py for tasks to queue
[2026-09-15T21:01:32.456+0000] {logging_mixin.py:188} INFO - [2026-09-15T21:01:32.456+0000] {dagbag.py:545} INFO - Filling up the DagBag from /home/airflow/.local/lib/python3.12/site-packages/airflow/example_dags/example_branch_operator_decorator.py
[2026-09-15T21:01:32.469+0000] {processor.py:840} INFO - DAG(s) 'example_branch_python_operator_decorator' retrieved from /home/airflow/.local/lib/python3.12/site-packages/airflow/example_dags/example_branch_operator_decorator.py
[2026-09-15T21:01:32.548+0000] {logging_mixin.py:188} INFO - [2026-09-15T21:01:32.548+0000] {dag.py:3089} INFO - Sync 1 DAGs
[2026-09-15T21:01:32.562+0000] {logging_mixin.py:188} INFO - [2026-09-15T21:01:32.562+0000] {dag.py:3947} INFO - Setting next_dagrun for example_branch_python_operator_decorator to 2026-09-14 00:00:00+00:00, run_after=2026-09-15 00:00:00+00:00
[2026-09-15T21:01:32.579+0000] {processor.py:183} INFO - Processing /home/airflow/.local/lib/python3.12/site-packages/airflow/example_dags/example_branch_operator_decorator.py took 0.130 seconds
[2026-09-15T21:02:02.688+0000] {processor.py:161} INFO - Started process (PID=209) to work on /home/airflow/.local/lib/python3.12/site-packages/airflow/example_dags/example_branch_operator_decorator.py
[2026-09-15T21:02:02.689+0000] {processor.py:830} INFO - Processing file /home/airflow/.local/lib/python3.12/site-packages/airflow/example_dags/example_branch_operator_decorator.py for tasks to queue
[2026-09-15T21:02:02.692+0000] {logging_mixin.py:188} INFO - [2026-09-15T21:02:02.692+0000] {dagbag.py:545} INFO - Filling up the DagBag from /home/airflow/.local/lib/python3.12/site-packages/airflow/example_dags/example_branch_operator_decorator.py
[2026-09-15T21:02:02.713+0000] {processor.py:840} INFO - DAG(s) 'example_branch_python_operator_decorator' retrieved from /home/airflow/.local/lib/python3.12/site-packages/airflow/example_dags/example_branch_operator_decorator.py
[2026-09-15T21:02:02.737+0000] {logging_mixin.py:188} INFO - [2026-09-15T21:02:02.736+0000] {dag.py:3089} INFO - Sync 1 DAGs
[2026-09-15T21:02:02.755+0000] {logging_mixin.py:188} INFO - [2026-09-15T21:02:02.755+0000] {dag.py:3947} INFO - Setting next_dagrun for example_branch_python_operator_decorator to 2026-09-14 00:00:00+00:00, run_after=2026-09-15 00:00:00+00:00
[2026-09-15T21:02:02.772+0000] {processor.py:183} INFO - Processing /home/airflow/.local/lib/python3.12/site-packages/airflow/example_dags/example_branch_operator_decorator.py took 0.088 seconds
[2026-09-15T21:02:33.661+0000] {processor.py:161} INFO - Started process (PID=274) to work on /home/airflow/.local/lib/python3.12/site-packages/airflow/example_dags/example_branch_operator_decorator.py
[2026-09-15T21:02:33.662+0000] {processor.py:830} INFO - Processing file /home/airflow/.local/lib/python3.12/site-packages/airflow/example_dags/example_branch_operator_decorator.py for tasks to queue
[2026-09-15T21:02:33.664+0000] {logging_mixin.py:188} INFO - [2026-09-15T21:02:33.664+0000] {dagbag.py:545} INFO - Filling up the DagBag from /home/airflow/.local/lib/python3.12/site-packages/airflow/example_dags/example_branch_operator_decorator.py
[2026-09-15T21:02:33.680+0000] {processor.py:840} INFO - DAG(s) 'example_branch_python_operator_decorator' retrieved from /home/airflow/.local/lib/python3.12/site-packages/airflow/example_dags/example_branch_operator_decorator.py
[2026-09-15T21:02:33.703+0000] {logging_mixin.py:188} INFO - [2026-09-15T21:02:33.702+0000] {dag.py:3089} INFO - Sync 1 DAGs
[2026-09-15T21:02:33.721+0000] {logging_mixin.py:188} INFO - [2026-09-15T21:02:33.721+0000] {dag.py:3947} INFO - Setting next_dagrun for example_branch_python_operator_decorator to 2026-09-14 00:00:00+00:00, run_after=2026-09-15 00:00:00+00:00
[2026-09-15T21:02:33.737+0000] {processor.py:183} INFO - Processing /home/airflow/.local/lib/python3.12/site-packages/airflow/example_dags/example_branch_operator_decorator.py took 0.082 seconds
[2026-09-15T21:03:04.003+0000] {processor.py:161} INFO - Started process (PID=332) to work on /home/airflow/.local/lib/python3.12/site-packages/airflow/example_dags/example_branch_operator_decorator.py
[2026-09-15T21:03:04.005+0000] {processor.py:830} INFO - Processing file /home/airflow/.local/lib/python3.12/site-packages/airflow/example_dags/example_branch_operator_decorator.py for tasks to queue
[2026-09-15T21:03:04.008+0000] {logging_mixin.py:188} INFO - [2026-09-15T21:03:04.007+0000] {dagbag.py:545} INFO - Filling up the DagBag from /home/airflow/.local/lib/python3.12/site-packages/airflow/example_dags/example_branch_operator_decorator.py
[2026-09-15T21:03:04.025+0000] {processor.py:840} INFO - DAG(s) 'example_branch_python_operator_decorator' retrieved from /home/airflow/.local/lib/python3.12/site-packages/airflow/example_dags/example_branch_operator_decorator.py
[2026-09-15T21:03:04.051+0000] {logging_mixin.py:188} INFO - [2026-09-15T21:03:04.051+0000] {dag.py:3089} INFO - Sync 1 DAGs
[2026-09-15T21:03:04.069+0000] {logging_mixin.py:188} INFO - [2026-09-15T21:03:04.068+0000] {dag.py:3947} INFO - Setting next_dagrun for example_branch_python_operator_decorator to 2026-09-14 00:00:00+00:00, run_after=2026-09-15 00:00:00+00:00
[2026-09-15T21:03:04.086+0000] {processor.py:183} INFO - Processing /home/airflow/.local/lib/python3.12/site-packages/airflow/example_dags/example_branch_operator_decorator.py took 0.089 seconds
[2026-09-15T21:03:35.104+0000] {processor.py:161} INFO - Started process (PID=390) to work on /home/airflow/.local/lib/python3.12/site-packages/airflow/example_dags/example_branch_operator_decorator.py
[2026-09-15T21:03:35.105+0000] {processor.py:830} INFO - Processing file /home/airflow/.local/lib/python3.12/site-packages/airflow/example_dags/example_branch_operator_decorator.py for tasks to queue
[2026-09-15T21:03:35.107+0000] {logging_mixin.py:188} INFO - [2026-09-15T21:03:35.107+0000] {dagbag.py:545} INFO - Filling up the DagBag from /home/airflow/.local/lib/python3.12/site-packages/airflow/example_dags/example_branch_operator_decorator.py
[2026-09-15T21:03:35.119+0000] {processor.py:840} INFO - DAG(s) 'example_branch_python_operator_decorator' retrieved from /home/airflow/.local/lib/python3.12/site-packages/airflow/example_dags/example_branch_operator_decorator.py
[2026-09-15T21:03:35.139+0000] {logging_mixin.py:188} INFO - [2026-09-15T21:03:35.138+0000] {dag.py:3089} INFO - Sync 1 DAGs
[2026-09-15T21:03:35.154+0000] {logging_mixin.py:188} INFO - [2026-09-15T21:03:35.154+0000] {dag.py:3947} INFO - Setting next_dagrun for example_branch_python_operator_decorator to 2026-09-14 00:00:00+00:00, run_after=2026-09-15 00:00:00+00:00
[2026-09-15T21:03:35.168+0000] {processor.py:183} INFO - Processing /home/airflow/.local/lib/python3.12/site-packages/airflow/example_dags/example_branch_operator_decorator.py took 0.068 seconds
[2026-09-15T21:04:05.343+0000] {processor.py:161} INFO - Started process (PID=448) to work on /home/airflow/.local/lib/python3.12/site-packages/airflow/example_dags/example_branch_operator_decorator.py
[2026-09-15T21:04:05.345+0000] {processor.py:830} INFO - Processing file /home/airflow/.local/lib/python3.12/site-packages/airflow/example_dags/example_branch_operator_decorator.py for tasks to queue
[2026-09-15T21:04:05.347+0000] {logging_mixin.py:188} INFO - [2026-09-15T21:04:05.347+0000] {dagbag.py:545} INFO - Filling up the DagBag from /home/airflow/.local/lib/python3.12/site-packages/airflow/example_dags/example_branch_operator_decorator.py
[2026-09-15T21:04:05.361+0000] {processor.py:840} INFO - DAG(s) 'example_branch_python_operator_decorator' retrieved from /home/airflow/.local/lib/python3.12/site-packages/airflow/example_dags/example_branch_operator_decorator.py
[2026-09-15T21:04:05.383+0000] {logging_mixin.py:188} INFO - [2026-09-15T21:04:05.383+0000] {dag.py:3089} INFO - Sync 1 DAGs
[2026-09-15T21:04:05.399+0000] {logging_mixin.py:188} INFO - [2026-09-15T21:04:05.399+0000] {dag.py:3947} INFO - Setting next_dagrun for example_branch_python_operator_decorator to 2026-09-14 00:00:00+00:00, run_after=2026-09-15 00:00:00+00:00
[2026-09-15T21:04:05.415+0000] {processor.py:183} INFO - Processing /home/airflow/.local/lib/python3.12/site-packages/airflow/example_dags/example_branch_operator_decorator.py took 0.076 seconds
[2026-09-15T21:04:35.457+0000] {processor.py:161} INFO - Started process (PID=507) to work on /home/airflow/.local/lib/python3.12/site-packages/airflow/example_dags/example_branch_operator_decorator.py
[2026-09-15T21:04:35.459+0000] {processor.py:830} INFO - Processing file /home/airflow/.local/lib/python3.12/site-packages/airflow/example_dags/example_branch_operator_decorator.py for tasks to queue
[2026-09-15T21:04:35.461+0000] {logging_mixin.py:188} INFO - [2026-09-15T21:04:35.460+0000] {dagbag.py:545} INFO - Filling up the DagBag from /home/airflow/.local/lib/python3.12/site-packages/airflow/example_dags/example_branch_operator_decorator.py
[2026-09-15T21:04:35.474+0000] {processor.py:840} INFO - DAG(s) 'example_branch_python_operator_decorator' retrieved from /home/airflow/.local/lib/python3.12/site-packages/airflow/example_dags/example_branch_operator_decorator.py
[2026-09-15T21:04:35.496+0000] {logging_mixin.py:188} INFO - [2026-09-15T21:04:35.495+0000] {dag.py:3089} INFO - Sync 1 DAGs
[2026-09-15T21:04:35.512+0000] {logging_mixin.py:188} INFO - [2026-09-15T21:04:35.512+0000] {dag.py:3947} INFO - Setting next_dagrun for example_branch_python_operator_decorator to 2026-09-14 00:00:00+00:00, run_after=2026-09-15 00:00:00+00:00
[2026-09-15T21:04:35.527+0000] {processor.py:183} INFO - Processing /home/airflow/.local/lib/python3.12/site-packages/airflow/example_dags/example_branch_operator_decorator.py took 0.074 seconds
[2026-09-15T21:05:05.732+0000] {processor.py:161} INFO - Started process (PID=564) to work on /home/airflow/.local/lib/python3.12/site-packages/airflow/example_dags/example_branch_operator_decorator.py
[2026-09-15T21:05:05.733+0000] {processor.py:830} INFO - Processing file /home/airflow/.local/lib/python3.12/site-packages/airflow/example_dags/example_branch_operator_decorator.py for tasks to queue
[2026-09-15T21:05:05.735+0000] {logging_mixin.py:188} INFO - [2026-09-15T21:05:05.735+0000] {dagbag.py:545} INFO - Filling up the DagBag from /home/airflow/.local/lib/python3.12/site-packages/airflow/example_dags/example_branch_operator_decorator.py
[2026-09-15T21:05:05.750+0000] {processor.py:840} INFO - DAG(s) 'example_branch_python_operator_decorator' retrieved from /home/airflow/.local/lib/python3.12/site-packages/airflow/example_dags/example_branch_operator_decorator.py
[2026-09-15T21:05:05.772+0000] {logging_mixin.py:188} INFO - [2026-09-15T21:05:05.771+0000] {dag.py:3089} INFO - Sync 1 DAGs
[2026-09-15T21:05:05.787+0000] {logging_mixin.py:188} INFO - [2026-09-15T21:05:05.787+0000] {dag.py:3947} INFO - Setting next_dagrun for example_branch_python_operator_decorator to 2026-09-14 00:00:00+00:00, run_after=2026-09-15 00:00:00+00:00
[2026-09-15T21:05:05.801+0000] {processor.py:183} INFO - Processing /home/airflow/.local/lib/python3.12/site-packages/airflow/example_dags/example_branch_operator_decorator.py took 0.073 seconds
[2026-09-15T21:05:36.677+0000] {processor.py:161} INFO - Started process (PID=622) to work on /home/airflow/.local/lib/python3.12/site-packages/airflow/example_dags/example_branch_operator_decorator.py
[2026-09-15T21:05:36.679+0000] {processor.py:830} INFO - Processing file /home/airflow/.local/lib/python3.12/site-packages/airflow/example_dags/example_branch_operator_decorator.py for tasks to queue
[2026-09-15T21:05:36.681+0000] {logging_mixin.py:188} INFO - [2026-09-15T21:05:36.681+0000] {dagbag.py:545} INFO - Filling up the DagBag from /home/airflow/.local/lib/python3.12/site-packages/airflow/example_dags/example_branch_operator_decorator.py
[2026-09-15T21:05:36.698+0000] {processor.py:840} INFO - DAG(s) 'example_branch_python_operator_decorator' retrieved from /home/airflow/.local/lib/python3.12/site-packages/airflow/example_dags/example_branch_operator_decorator.py
[2026-09-15T21:05:36.725+0000] {logging_mixin.py:188} INFO - [2026-09-15T21:05:36.724+0000] {dag.py:3089} INFO - Sync 1 DAGs
[2026-09-15T21:05:36.750+0000] {logging_mixin.py:188} INFO - [2026-09-15T21:05:36.749+0000] {dag.py:3947} INFO - Setting next_dagrun for example_branch_python_operator_decorator to 2026-09-14 00:00:00+00:00, run_after=2026-09-15 00:00:00+00:00
[2026-09-15T21:05:36.768+0000] {processor.py:183} INFO - Processing /home/airflow/.local/lib/python3.12/site-packages/airflow/example_dags/example_branch_operator_decorator.py took 0.096 seconds
[2026-09-15T21:06:07.137+0000] {processor.py:161} INFO - Started process (PID=680) to work on /home/airflow/.local/lib/python3.12/site-packages/airflow/example_dags/example_branch_operator_decorator.py
[2026-09-15T21:06:07.139+0000] {processor.py:830} INFO - Processing file /home/airflow/.local/lib/python3.12/site-packages/airflow/example_dags/example_branch_operator_decorator.py for tasks to queue
[2026-09-15T21:06:07.140+0000] {logging_mixin.py:188} INFO - [2026-09-15T21:06:07.140+0000] {dagbag.py:545} INFO - Filling up the DagBag from /home/airflow/.local/lib/python3.12/site-packages/airflow/example_dags/example_branch_operator_decorator.py
[2026-09-15T21:06:07.154+0000] {processor.py:840} INFO - DAG(s) 'example_branch_python_operator_decorator' retrieved from /home/airflow/.local/lib/python3.12/site-packages/airflow/example_dags/example_branch_operator_decorator.py
[2026-09-15T21:06:07.174+0000] {logging_mixin.py:188} INFO - [2026-09-15T21:06:07.174+0000] {dag.py:3089} INFO - Sync 1 DAGs
[2026-09-15T21:06:07.189+0000] {logging_mixin.py:188} INFO - [2026-09-15T21:06:07.189+0000] {dag.py:3947} INFO - Setting next_dagrun for example_branch_python_operator_decorator to 2026-09-14 00:00:00+00:00, run_after=2026-09-15 00:00:00+00:00
[2026-09-15T21:06:07.205+0000] {processor.py:183} INFO - Processing /home/airflow/.local/lib/python3.12/site-packages/airflow/example_dags/example_branch_operator_decorator.py took 0.072 seconds
[2026-09-15T21:06:37.373+0000] {processor.py:161} INFO - Started process (PID=741) to work on /home/airflow/.local/lib/python3.12/site-packages/airflow/example_dags/example_branch_operator_decorator.py
[2026-09-15T21:06:37.374+0000] {processor.py:830} INFO - Processing file /home/airflow/.local/lib/python3.12/site-packages/airflow/example_dags/example_branch_operator_decorator.py for tasks to queue
[2026-09-15T21:06:37.376+0000] {logging_mixin.py:188} INFO - [2026-09-15T21:06:37.376+0000] {dagbag.py:545} INFO - Filling up the DagBag from /home/airflow/.local/lib/python3.12/site-packages/airflow/example_dags/example_branch_operator_decorator.py
[2026-09-15T21:06:37.390+0000] {processor.py:840} INFO - DAG(s) 'example_branch_python_operator_decorator' retrieved from /home/airflow/.local/lib/python3.12/site-packages/airflow/example_dags/example_branch_operator_decorator.py
[2026-09-15T21:06:37.417+0000] {logging_mixin.py:188} INFO - [2026-09-15T21:06:37.416+0000] {dag.py:3089} INFO - Sync 1 DAGs
[2026-09-15T21:06:37.440+0000] {logging_mixin.py:188} INFO - [2026-09-15T21:06:37.439+0000] {dag.py:3947} INFO - Setting next_dagrun for example_branch_python_operator_decorator to 2026-09-14 00:00:00+00:00, run_after=2026-09-15 00:00:00+00:00
[2026-09-15T21:06:37.469+0000] {processor.py:183} INFO - Processing /home/airflow/.local/lib/python3.12/site-packages/airflow/example_dags/example_branch_operator_decorator.py took 0.101 seconds
[2026-09-15T21:07:07.632+0000] {processor.py:161} INFO - Started process (PID=799) to work on /home/airflow/.local/lib/python3.12/site-packages/airflow/example_dags/example_branch_operator_decorator.py
[2026-09-15T21:07:07.634+0000] {processor.py:830} INFO - Processing file /home/airflow/.local/lib/python3.12/site-packages/airflow/example_dags/example_branch_operator_decorator.py for tasks to queue
[2026-09-15T21:07:07.635+0000] {logging_mixin.py:188} INFO - [2026-09-15T21:07:07.635+0000] {dagbag.py:545} INFO - Filling up the DagBag from /home/airflow/.local/lib/python3.12/site-packages/airflow/example_dags/example_branch_operator_decorator.py
[2026-09-15T21:07:07.648+0000] {processor.py:840} INFO - DAG(s) 'example_branch_python_operator_decorator' retrieved from /home/airflow/.local/lib/python3.12/site-packages/airflow/example_dags/example_branch_operator_decorator.py
[2026-09-15T21:07:07.668+0000] {logging_mixin.py:188} INFO - [2026-09-15T21:07:07.668+0000] {dag.py:3089} INFO - Sync 1 DAGs
[2026-09-15T21:07:07.682+0000] {logging_mixin.py:188} INFO - [2026-09-15T21:07:07.682+0000] {dag.py:3947} INFO - Setting next_dagrun for example_branch_python_operator_decorator to 2026-09-14 00:00:00+00:00, run_after=2026-09-15 00:00:00+00:00
[2026-09-15T21:07:07.696+0000] {processor.py:183} INFO - Processing /home/airflow/.local/lib/python3.12/site-packages/airflow/example_dags/example_branch_operator_decorator.py took 0.068 seconds
[2026-09-15T21:07:38.200+0000] {processor.py:161} INFO - Started process (PID=857) to work on /home/airflow/.local/lib/python3.12/site-packages/airflow/example_dags/example_branch_operator_decorator.py
[2026-09-15T21:07:38.201+0000] {processor.py:830} INFO - Processing file /home/airflow/.local/lib/python3.12/site-packages/airflow/example_dags/example_branch_operator_decorator.py for tasks to queue
[2026-09-15T21:07:38.202+0000] {logging_mixin.py:188} INFO - [2026-09-15T21:07:38.202+0000] {dagbag.py:545} INFO - Filling up the DagBag from /home/airflow/.local/lib/python3.12/site-packages/airflow/example_dags/example_branch_operator_decorator.py
[2026-09-15T21:07:38.216+0000] {processor.py:840} INFO - DAG(s) 'example_branch_python_operator_decorator' retrieved from /home/airflow/.local/lib/python3.12/site-packages/airflow/example_dags/example_branch_operator_decorator.py
[2026-09-15T21:07:38.236+0000] {logging_mixin.py:188} INFO - [2026-09-15T21:07:38.236+0000] {dag.py:3089} INFO - Sync 1 DAGs
[2026-09-15T21:07:38.250+0000] {logging_mixin.py:188} INFO - [2026-09-15T21:07:38.250+0000] {dag.py:3947} INFO - Setting next_dagrun for example_branch_python_operator_decorator to 2026-09-14 00:00:00+00:00, run_after=2026-09-15 00:00:00+00:00
[2026-09-15T21:07:38.263+0000] {processor.py:183} INFO - Processing /home/airflow/.local/lib/python3.12/site-packages/airflow/example_dags/example_branch_operator_decorator.py took 0.068 seconds
[2026-09-15T21:08:09.001+0000] {processor.py:161} INFO - Started process (PID=915) to work on /home/airflow/.local/lib/python3.12/site-packages/airflow/example_dags/example_branch_operator_decorator.py
[2026-09-15T21:08:09.002+0000] {processor.py:830} INFO - Processing file /home/airflow/.local/lib/python3.12/site-packages/airflow/example_dags/example_branch_operator_decorator.py for tasks to queue
[2026-09-15T21:08:09.004+0000] {logging_mixin.py:188} INFO - [2026-09-15T21:08:09.004+0000] {dagbag.py:545} INFO - Filling up the DagBag from /home/airflow/.local/lib/python3.12/site-packages/airflow/example_dags/example_branch_operator_decorator.py
[2026-09-15T21:08:09.017+0000] {processor.py:840} INFO - DAG(s) 'example_branch_python_operator_decorator' retrieved from /home/airflow/.local/lib/python3.12/site-packages/airflow/example_dags/example_branch_operator_decorator.py
[2026-09-15T21:08:09.038+0000] {logging_mixin.py:188} INFO - [2026-09-15T21:08:09.038+0000] {dag.py:3089} INFO - Sync 1 DAGs
[2026-09-15T21:08:09.056+0000] {logging_mixin.py:188} INFO - [2026-09-15T21:08:09.056+0000] {dag.py:3947} INFO - Setting next_dagrun for example_branch_python_operator_decorator to 2026-09-14 00:00:00+00:00, run_after=2026-09-15 00:00:00+00:00
[2026-09-15T21:08:09.072+0000] {processor.py:183} INFO - Processing /home/airflow/.local/lib/python3.12/site-packages/airflow/example_dags/example_branch_operator_decorator.py took 0.076 seconds
[2026-09-15T21:08:39.356+0000] {processor.py:161} INFO - Started process (PID=973) to work on /home/airflow/.local/lib/python3.12/site-packages/airflow/example_dags/example_branch_operator_decorator.py
[2026-09-15T21:08:39.357+0000] {processor.py:830} INFO - Processing file /home/airflow/.local/lib/python3.12/site-packages/airflow/example_dags/example_branch_operator_decorator.py for tasks to queue
[2026-09-15T21:08:39.359+0000] {logging_mixin.py:188} INFO - [2026-09-15T21:08:39.359+0000] {dagbag.py:545} INFO - Filling up the DagBag from /home/airflow/.local/lib/python3.12/site-packages/airflow/example_dags/example_branch_operator_decorator.py
[2026-09-15T21:08:39.373+0000] {processor.py:840} INFO - DAG(s) 'example_branch_python_operator_decorator' retrieved from /home/airflow/.local/lib/python3.12/site-packages/airflow/example_dags/example_branch_operator_decorator.py
[2026-09-15T21:08:39.395+0000] {logging_mixin.py:188} INFO - [2026-09-15T21:08:39.394+0000] {dag.py:3089} INFO - Sync 1 DAGs
[2026-09-15T21:08:39.413+0000] {logging_mixin.py:188} INFO - [2026-09-15T21:08:39.413+0000] {dag.py:3947} INFO - Setting next_dagrun for example_branch_python_operator_decorator to 2026-09-14 00:00:00+00:00, run_after=2026-09-15 00:00:00+00:00
[2026-09-15T21:08:39.434+0000] {processor.py:183} INFO - Processing /home/airflow/.local/lib/python3.12/site-packages/airflow/example_dags/example_branch_operator_decorator.py took 0.083 seconds
[2026-09-15T21:09:09.536+0000] {processor.py:161} INFO - Started process (PID=1031) to work on /home/airflow/.local/lib/python3.12/site-packages/airflow/example_dags/example_branch_operator_decorator.py
[2026-09-15T21:09:09.539+0000] {processor.py:830} INFO - Processing file /home/airflow/.local/lib/python3.12/site-packages/airflow/example_dags/example_branch_operator_decorator.py for tasks to queue
[2026-09-15T21:09:09.543+0000] {logging_mixin.py:188} INFO - [2026-09-15T21:09:09.542+0000] {dagbag.py:545} INFO - Filling up the DagBag from /home/airflow/.local/lib/python3.12/site-packages/airflow/example_dags/example_branch_operator_decorator.py
[2026-09-15T21:09:09.570+0000] {processor.py:840} INFO - DAG(s) 'example_branch_python_operator_decorator' retrieved from /home/airflow/.local/lib/python3.12/site-packages/airflow/example_dags/example_branch_operator_decorator.py
[2026-09-15T21:09:09.598+0000] {logging_mixin.py:188} INFO - [2026-09-15T21:09:09.598+0000] {dag.py:3089} INFO - Sync 1 DAGs
[2026-09-15T21:09:09.618+0000] {logging_mixin.py:188} INFO - [2026-09-15T21:09:09.618+0000] {dag.py:3947} INFO - Setting next_dagrun for example_branch_python_operator_decorator to 2026-09-14 00:00:00+00:00, run_after=2026-09-15 00:00:00+00:00
[2026-09-15T21:09:09.639+0000] {processor.py:183} INFO - Processing /home/airflow/.local/lib/python3.12/site-packages/airflow/example_dags/example_branch_operator_decorator.py took 0.113 seconds
[2026-09-15T21:09:39.914+0000] {processor.py:161} INFO - Started process (PID=1089) to work on /home/airflow/.local/lib/python3.12/site-packages/airflow/example_dags/example_branch_operator_decorator.py
[2026-09-15T21:09:39.915+0000] {processor.py:830} INFO - Processing file /home/airflow/.local/lib/python3.12/site-packages/airflow/example_dags/example_branch_operator_decorator.py for tasks to queue
[2026-09-15T21:09:39.917+0000] {logging_mixin.py:188} INFO - [2026-09-15T21:09:39.917+0000] {dagbag.py:545} INFO - Filling up the DagBag from /home/airflow/.local/lib/python3.12/site-packages/airflow/example_dags/example_branch_operator_decorator.py
[2026-09-15T21:09:39.930+0000] {processor.py:840} INFO - DAG(s) 'example_branch_python_operator_decorator' retrieved from /home/airflow/.local/lib/python3.12/site-packages/airflow/example_dags/example_branch_operator_decorator.py
[2026-09-15T21:09:39.954+0000] {logging_mixin.py:188} INFO - [2026-09-15T21:09:39.954+0000] {dag.py:3089} INFO - Sync 1 DAGs
[2026-09-15T21:09:39.970+0000] {logging_mixin.py:188} INFO - [2026-09-15T21:09:39.969+0000] {dag.py:3947} INFO - Setting next_dagrun for example_branch_python_operator_decorator to 2026-09-14 00:00:00+00:00, run_after=2026-09-15 00:00:00+00:00
[2026-09-15T21:09:39.984+0000] {processor.py:183} INFO - Processing /home/airflow/.local/lib/python3.12/site-packages/airflow/example_dags/example_branch_operator_decorator.py took 0.074 seconds
[2026-09-15T21:10:10.485+0000] {processor.py:161} INFO - Started process (PID=1147) to work on /home/airflow/.local/lib/python3.12/site-packages/airflow/example_dags/example_branch_operator_decorator.py
[2026-09-15T21:10:10.486+0000] {processor.py:830} INFO - Processing file /home/airflow/.local/lib/python3.12/site-packages/airflow/example_dags/example_branch_operator_decorator.py for tasks to queue
[2026-09-15T21:10:10.488+0000] {logging_mixin.py:188} INFO - [2026-09-15T21:10:10.488+0000] {dagbag.py:545} INFO - Filling up the DagBag from /home/airflow/.local/lib/python3.12/site-packages/airflow/example_dags/example_branch_operator_decorator.py
[2026-09-15T21:10:10.503+0000] {processor.py:840} INFO - DAG(s) 'example_branch_python_operator_decorator' retrieved from /home/airflow/.local/lib/python3.12/site-packages/airflow/example_dags/example_branch_operator_decorator.py
[2026-09-15T21:10:10.514+0000] {logging_mixin.py:188} INFO - [2026-09-15T21:10:10.514+0000] {dag.py:3089} INFO - Sync 1 DAGs
[2026-09-15T21:10:10.533+0000] {logging_mixin.py:188} INFO - [2026-09-15T21:10:10.533+0000] {dag.py:3947} INFO - Setting next_dagrun for example_branch_python_operator_decorator to 2026-09-14 00:00:00+00:00, run_after=2026-09-15 00:00:00+00:00
[2026-09-15T21:10:10.551+0000] {processor.py:183} INFO - Processing /home/airflow/.local/lib/python3.12/site-packages/airflow/example_dags/example_branch_operator_decorator.py took 0.072 seconds
[2026-09-15T21:10:40.735+0000] {processor.py:161} INFO - Started process (PID=1205) to work on /home/airflow/.local/lib/python3.12/site-packages/airflow/example_dags/example_branch_operator_decorator.py
[2026-09-15T21:10:40.737+0000] {processor.py:830} INFO - Processing file /home/airflow/.local/lib/python3.12/site-packages/airflow/example_dags/example_branch_operator_decorator.py for tasks to queue
[2026-09-15T21:10:40.738+0000] {logging_mixin.py:188} INFO - [2026-09-15T21:10:40.738+0000] {dagbag.py:545} INFO - Filling up the DagBag from /home/airflow/.local/lib/python3.12/site-packages/airflow/example_dags/example_branch_operator_decorator.py
[2026-09-15T21:10:40.751+0000] {processor.py:840} INFO - DAG(s) 'example_branch_python_operator_decorator' retrieved from /home/airflow/.local/lib/python3.12/site-packages/airflow/example_dags/example_branch_operator_decorator.py
[2026-09-15T21:10:40.825+0000] {logging_mixin.py:188} INFO - [2026-09-15T21:10:40.825+0000] {dag.py:3089} INFO - Sync 1 DAGs
[2026-09-15T21:10:40.839+0000] {logging_mixin.py:188} INFO - [2026-09-15T21:10:40.838+0000] {dag.py:3947} INFO - Setting next_dagrun for example_branch_python_operator_decorator to 2026-09-14 00:00:00+00:00, run_after=2026-09-15 00:00:00+00:00
[2026-09-15T21:10:40.855+0000] {processor.py:183} INFO - Processing /home/airflow/.local/lib/python3.12/site-packages/airflow/example_dags/example_branch_operator_decorator.py took 0.124 seconds
[2026-09-15T21:11:11.170+0000] {processor.py:161} INFO - Started process (PID=1263) to work on /home/airflow/.local/lib/python3.12/site-packages/airflow/example_dags/example_branch_operator_decorator.py
[2026-09-15T21:11:11.171+0000] {processor.py:830} INFO - Processing file /home/airflow/.local/lib/python3.12/site-packages/airflow/example_dags/example_branch_operator_decorator.py for tasks to queue
[2026-09-15T21:11:11.173+0000] {logging_mixin.py:188} INFO - [2026-09-15T21:11:11.173+0000] {dagbag.py:545} INFO - Filling up the DagBag from /home/airflow/.local/lib/python3.12/site-packages/airflow/example_dags/example_branch_operator_decorator.py
[2026-09-15T21:11:11.185+0000] {processor.py:840} INFO - DAG(s) 'example_branch_python_operator_decorator' retrieved from /home/airflow/.local/lib/python3.12/site-packages/airflow/example_dags/example_branch_operator_decorator.py
[2026-09-15T21:11:11.207+0000] {logging_mixin.py:188} INFO - [2026-09-15T21:11:11.207+0000] {dag.py:3089} INFO - Sync 1 DAGs
[2026-09-15T21:11:11.225+0000] {logging_mixin.py:188} INFO - [2026-09-15T21:11:11.225+0000] {dag.py:3947} INFO - Setting next_dagrun for example_branch_python_operator_decorator to 2026-09-14 00:00:00+00:00, run_after=2026-09-15 00:00:00+00:00
[2026-09-15T21:11:11.241+0000] {processor.py:183} INFO - Processing /home/airflow/.local/lib/python3.12/site-packages/airflow/example_dags/example_branch_operator_decorator.py took 0.075 seconds
[2026-09-15T21:11:41.452+0000] {processor.py:161} INFO - Started process (PID=1321) to work on /home/airflow/.local/lib/python3.12/site-packages/airflow/example_dags/example_branch_operator_decorator.py
[2026-09-15T21:11:41.453+0000] {processor.py:830} INFO - Processing file /home/airflow/.local/lib/python3.12/site-packages/airflow/example_dags/example_branch_operator_decorator.py for tasks to queue
[2026-09-15T21:11:41.455+0000] {logging_mixin.py:188} INFO - [2026-09-15T21:11:41.455+0000] {dagbag.py:545} INFO - Filling up the DagBag from /home/airflow/.local/lib/python3.12/site-packages/airflow/example_dags/example_branch_operator_decorator.py
[2026-09-15T21:11:41.468+0000] {processor.py:840} INFO - DAG(s) 'example_branch_python_operator_decorator' retrieved from /home/airflow/.local/lib/python3.12/site-packages/airflow/example_dags/example_branch_operator_decorator.py
[2026-09-15T21:11:41.488+0000] {logging_mixin.py:188} INFO - [2026-09-15T21:11:41.488+0000] {dag.py:3089} INFO - Sync 1 DAGs
[2026-09-15T21:11:41.502+0000] {logging_mixin.py:188} INFO - [2026-09-15T21:11:41.502+0000] {dag.py:3947} INFO - Setting next_dagrun for example_branch_python_operator_decorator to 2026-09-14 00:00:00+00:00, run_after=2026-09-15 00:00:00+00:00
[2026-09-15T21:11:41.516+0000] {processor.py:183} INFO - Processing /home/airflow/.local/lib/python3.12/site-packages/airflow/example_dags/example_branch_operator_decorator.py took 0.068 seconds
[2026-09-15T21:12:11.747+0000] {processor.py:161} INFO - Started process (PID=1379) to work on /home/airflow/.local/lib/python3.12/site-packages/airflow/example_dags/example_branch_operator_decorator.py
[2026-09-15T21:12:11.748+0000] {processor.py:830} INFO - Processing file /home/airflow/.local/lib/python3.12/site-packages/airflow/example_dags/example_branch_operator_decorator.py for tasks to queue
[2026-09-15T21:12:11.751+0000] {logging_mixin.py:188} INFO - [2026-09-15T21:12:11.750+0000] {dagbag.py:545} INFO - Filling up the DagBag from /home/airflow/.local/lib/python3.12/site-packages/airflow/example_dags/example_branch_operator_decorator.py
[2026-09-15T21:12:11.764+0000] {processor.py:840} INFO - DAG(s) 'example_branch_python_operator_decorator' retrieved from /home/airflow/.local/lib/python3.12/site-packages/airflow/example_dags/example_branch_operator_decorator.py
[2026-09-15T21:12:11.786+0000] {logging_mixin.py:188} INFO - [2026-09-15T21:12:11.786+0000] {dag.py:3089} INFO - Sync 1 DAGs
[2026-09-15T21:12:11.803+0000] {logging_mixin.py:188} INFO - [2026-09-15T21:12:11.802+0000] {dag.py:3947} INFO - Setting next_dagrun for example_branch_python_operator_decorator to 2026-09-14 00:00:00+00:00, run_after=2026-09-15 00:00:00+00:00
[2026-09-15T21:12:11.819+0000] {processor.py:183} INFO - Processing /home/airflow/.local/lib/python3.12/site-packages/airflow/example_dags/example_branch_operator_decorator.py took 0.076 seconds
[2026-09-15T21:12:42.039+0000] {processor.py:161} INFO - Started process (PID=1437) to work on /home/airflow/.local/lib/python3.12/site-packages/airflow/example_dags/example_branch_operator_decorator.py
[2026-09-15T21:12:42.041+0000] {processor.py:830} INFO - Processing file /home/airflow/.local/lib/python3.12/site-packages/airflow/example_dags/example_branch_operator_decorator.py for tasks to queue
[2026-09-15T21:12:42.042+0000] {logging_mixin.py:188} INFO - [2026-09-15T21:12:42.042+0000] {dagbag.py:545} INFO - Filling up the DagBag from /home/airflow/.local/lib/python3.12/site-packages/airflow/example_dags/example_branch_operator_decorator.py
[2026-09-15T21:12:42.058+0000] {processor.py:840} INFO - DAG(s) 'example_branch_python_operator_decorator' retrieved from /home/airflow/.local/lib/python3.12/site-packages/airflow/example_dags/example_branch_operator_decorator.py
[2026-09-15T21:12:42.080+0000] {logging_mixin.py:188} INFO - [2026-09-15T21:12:42.080+0000] {dag.py:3089} INFO - Sync 1 DAGs
[2026-09-15T21:12:42.098+0000] {logging_mixin.py:188} INFO - [2026-09-15T21:12:42.098+0000] {dag.py:3947} INFO - Setting next_dagrun for example_branch_python_operator_decorator to 2026-09-14 00:00:00+00:00, run_after=2026-09-15 00:00:00+00:00
[2026-09-15T21:12:42.113+0000] {processor.py:183} INFO - Processing /home/airflow/.local/lib/python3.12/site-packages/airflow/example_dags/example_branch_operator_decorator.py took 0.079 seconds
[2026-09-15T21:13:12.384+0000] {processor.py:161} INFO - Started process (PID=1495) to work on /home/airflow/.local/lib/python3.12/site-packages/airflow/example_dags/example_branch_operator_decorator.py
[2026-09-15T21:13:12.386+0000] {processor.py:830} INFO - Processing file /home/airflow/.local/lib/python3.12/site-packages/airflow/example_dags/example_branch_operator_decorator.py for tasks to queue
[2026-09-15T21:13:12.388+0000] {logging_mixin.py:188} INFO - [2026-09-15T21:13:12.388+0000] {dagbag.py:545} INFO - Filling up the DagBag from /home/airflow/.local/lib/python3.12/site-packages/airflow/example_dags/example_branch_operator_decorator.py
[2026-09-15T21:13:12.402+0000] {processor.py:840} INFO - DAG(s) 'example_branch_python_operator_decorator' retrieved from /home/airflow/.local/lib/python3.12/site-packages/airflow/example_dags/example_branch_operator_decorator.py
[2026-09-15T21:13:12.425+0000] {logging_mixin.py:188} INFO - [2026-09-15T21:13:12.425+0000] {dag.py:3089} INFO - Sync 1 DAGs
[2026-09-15T21:13:12.441+0000] {logging_mixin.py:188} INFO - [2026-09-15T21:13:12.441+0000] {dag.py:3947} INFO - Setting next_dagrun for example_branch_python_operator_decorator to 2026-09-14 00:00:00+00:00, run_after=2026-09-15 00:00:00+00:00
[2026-09-15T21:13:12.458+0000] {processor.py:183} INFO - Processing /home/airflow/.local/lib/python3.12/site-packages/airflow/example_dags/example_branch_operator_decorator.py took 0.078 seconds
[2026-09-15T21:13:42.676+0000] {processor.py:161} INFO - Started process (PID=1553) to work on /home/airflow/.local/lib/python3.12/site-packages/airflow/example_dags/example_branch_operator_decorator.py
[2026-09-15T21:13:42.677+0000] {processor.py:830} INFO - Processing file /home/airflow/.local/lib/python3.12/site-packages/airflow/example_dags/example_branch_operator_decorator.py for tasks to queue
[2026-09-15T21:13:42.679+0000] {logging_mixin.py:188} INFO - [2026-09-15T21:13:42.679+0000] {dagbag.py:545} INFO - Filling up the DagBag from /home/airflow/.local/lib/python3.12/site-packages/airflow/example_dags/example_branch_operator_decorator.py
[2026-09-15T21:13:42.692+0000] {processor.py:840} INFO - DAG(s) 'example_branch_python_operator_decorator' retrieved from /home/airflow/.local/lib/python3.12/site-packages/airflow/example_dags/example_branch_operator_decorator.py
[2026-09-15T21:13:42.714+0000] {logging_mixin.py:188} INFO - [2026-09-15T21:13:42.714+0000] {dag.py:3089} INFO - Sync 1 DAGs
[2026-09-15T21:13:42.730+0000] {logging_mixin.py:188} INFO - [2026-09-15T21:13:42.730+0000] {dag.py:3947} INFO - Setting next_dagrun for example_branch_python_operator_decorator to 2026-09-14 00:00:00+00:00, run_after=2026-09-15 00:00:00+00:00
[2026-09-15T21:13:42.746+0000] {processor.py:183} INFO - Processing /home/airflow/.local/lib/python3.12/site-packages/airflow/example_dags/example_branch_operator_decorator.py took 0.074 seconds
[2026-09-15T21:14:13.552+0000] {processor.py:161} INFO - Started process (PID=1611) to work on /home/airflow/.local/lib/python3.12/site-packages/airflow/example_dags/example_branch_operator_decorator.py
[2026-09-15T21:14:13.554+0000] {processor.py:830} INFO - Processing file /home/airflow/.local/lib/python3.12/site-packages/airflow/example_dags/example_branch_operator_decorator.py for tasks to queue
[2026-09-15T21:14:13.556+0000] {logging_mixin.py:188} INFO - [2026-09-15T21:14:13.555+0000] {dagbag.py:545} INFO - Filling up the DagBag from /home/airflow/.local/lib/python3.12/site-packages/airflow/example_dags/example_branch_operator_decorator.py
[2026-09-15T21:14:13.570+0000] {processor.py:840} INFO - DAG(s) 'example_branch_python_operator_decorator' retrieved from /home/airflow/.local/lib/python3.12/site-packages/airflow/example_dags/example_branch_operator_decorator.py
[2026-09-15T21:14:13.592+0000] {logging_mixin.py:188} INFO - [2026-09-15T21:14:13.592+0000] {dag.py:3089} INFO - Sync 1 DAGs
[2026-09-15T21:14:13.608+0000] {logging_mixin.py:188} INFO - [2026-09-15T21:14:13.608+0000] {dag.py:3947} INFO - Setting next_dagrun for example_branch_python_operator_decorator to 2026-09-14 00:00:00+00:00, run_after=2026-09-15 00:00:00+00:00
[2026-09-15T21:14:13.625+0000] {processor.py:183} INFO - Processing /home/airflow/.local/lib/python3.12/site-packages/airflow/example_dags/example_branch_operator_decorator.py took 0.077 seconds
[2026-09-15T21:14:43.766+0000] {processor.py:161} INFO - Started process (PID=1669) to work on /home/airflow/.local/lib/python3.12/site-packages/airflow/example_dags/example_branch_operator_decorator.py
[2026-09-15T21:14:43.767+0000] {processor.py:830} INFO - Processing file /home/airflow/.local/lib/python3.12/site-packages/airflow/example_dags/example_branch_operator_decorator.py for tasks to queue
[2026-09-15T21:14:43.769+0000] {logging_mixin.py:188} INFO - [2026-09-15T21:14:43.769+0000] {dagbag.py:545} INFO - Filling up the DagBag from /home/airflow/.local/lib/python3.12/site-packages/airflow/example_dags/example_branch_operator_decorator.py
[2026-09-15T21:14:43.783+0000] {processor.py:840} INFO - DAG(s) 'example_branch_python_operator_decorator' retrieved from /home/airflow/.local/lib/python3.12/site-packages/airflow/example_dags/example_branch_operator_decorator.py
[2026-09-15T21:14:43.805+0000] {logging_mixin.py:188} INFO - [2026-09-15T21:14:43.805+0000] {dag.py:3089} INFO - Sync 1 DAGs
[2026-09-15T21:14:43.825+0000] {logging_mixin.py:188} INFO - [2026-09-15T21:14:43.825+0000] {dag.py:3947} INFO - Setting next_dagrun for example_branch_python_operator_decorator to 2026-09-14 00:00:00+00:00, run_after=2026-09-15 00:00:00+00:00
[2026-09-15T21:14:43.844+0000] {processor.py:183} INFO - Processing /home/airflow/.local/lib/python3.12/site-packages/airflow/example_dags/example_branch_operator_decorator.py took 0.083 seconds
[2026-09-15T21:15:14.453+0000] {processor.py:161} INFO - Started process (PID=1727) to work on /home/airflow/.local/lib/python3.12/site-packages/airflow/example_dags/example_branch_operator_decorator.py
[2026-09-15T21:15:14.454+0000] {processor.py:830} INFO - Processing file /home/airflow/.local/lib/python3.12/site-packages/airflow/example_dags/example_branch_operator_decorator.py for tasks to queue
[2026-09-15T21:15:14.456+0000] {logging_mixin.py:188} INFO - [2026-09-15T21:15:14.456+0000] {dagbag.py:545} INFO - Filling up the DagBag from /home/airflow/.local/lib/python3.12/site-packages/airflow/example_dags/example_branch_operator_decorator.py
[2026-09-15T21:15:14.469+0000] {processor.py:840} INFO - DAG(s) 'example_branch_python_operator_decorator' retrieved from /home/airflow/.local/lib/python3.12/site-packages/airflow/example_dags/example_branch_operator_decorator.py
[2026-09-15T21:15:14.490+0000] {logging_mixin.py:188} INFO - [2026-09-15T21:15:14.489+0000] {dag.py:3089} INFO - Sync 1 DAGs
[2026-09-15T21:15:14.504+0000] {logging_mixin.py:188} INFO - [2026-09-15T21:15:14.504+0000] {dag.py:3947} INFO - Setting next_dagrun for example_branch_python_operator_decorator to 2026-09-14 00:00:00+00:00, run_after=2026-09-15 00:00:00+00:00
[2026-09-15T21:15:14.519+0000] {processor.py:183} INFO - Processing /home/airflow/.local/lib/python3.12/site-packages/airflow/example_dags/example_branch_operator_decorator.py took 0.070 seconds
[2026-09-15T21:15:45.114+0000] {processor.py:161} INFO - Started process (PID=1785) to work on /home/airflow/.local/lib/python3.12/site-packages/airflow/example_dags/example_branch_operator_decorator.py
[2026-09-15T21:15:45.116+0000] {processor.py:830} INFO - Processing file /home/airflow/.local/lib/python3.12/site-packages/airflow/example_dags/example_branch_operator_decorator.py for tasks to queue
[2026-09-15T21:15:45.118+0000] {logging_mixin.py:188} INFO - [2026-09-15T21:15:45.117+0000] {dagbag.py:545} INFO - Filling up the DagBag from /home/airflow/.local/lib/python3.12/site-packages/airflow/example_dags/example_branch_operator_decorator.py
[2026-09-15T21:15:45.134+0000] {processor.py:840} INFO - DAG(s) 'example_branch_python_operator_decorator' retrieved from /home/airflow/.local/lib/python3.12/site-packages/airflow/example_dags/example_branch_operator_decorator.py
[2026-09-15T21:15:45.166+0000] {logging_mixin.py:188} INFO - [2026-09-15T21:15:45.166+0000] {dag.py:3089} INFO - Sync 1 DAGs
[2026-09-15T21:15:45.188+0000] {logging_mixin.py:188} INFO - [2026-09-15T21:15:45.187+0000] {dag.py:3947} INFO - Setting next_dagrun for example_branch_python_operator_decorator to 2026-09-14 00:00:00+00:00, run_after=2026-09-15 00:00:00+00:00
[2026-09-15T21:15:45.215+0000] {processor.py:183} INFO - Processing /home/airflow/.local/lib/python3.12/site-packages/airflow/example_dags/example_branch_operator_decorator.py took 0.108 seconds
[2026-09-15T21:16:15.560+0000] {processor.py:161} INFO - Started process (PID=1842) to work on /home/airflow/.local/lib/python3.12/site-packages/airflow/example_dags/example_branch_operator_decorator.py
[2026-09-15T21:16:15.562+0000] {processor.py:830} INFO - Processing file /home/airflow/.local/lib/python3.12/site-packages/airflow/example_dags/example_branch_operator_decorator.py for tasks to queue
[2026-09-15T21:16:15.564+0000] {logging_mixin.py:188} INFO - [2026-09-15T21:16:15.564+0000] {dagbag.py:545} INFO - Filling up the DagBag from /home/airflow/.local/lib/python3.12/site-packages/airflow/example_dags/example_branch_operator_decorator.py
[2026-09-15T21:16:15.578+0000] {processor.py:840} INFO - DAG(s) 'example_branch_python_operator_decorator' retrieved from /home/airflow/.local/lib/python3.12/site-packages/airflow/example_dags/example_branch_operator_decorator.py
[2026-09-15T21:16:15.605+0000] {logging_mixin.py:188} INFO - [2026-09-15T21:16:15.605+0000] {dag.py:3089} INFO - Sync 1 DAGs
[2026-09-15T21:16:15.804+0000] {logging_mixin.py:188} INFO - [2026-09-15T21:16:15.804+0000] {dag.py:3947} INFO - Setting next_dagrun for example_branch_python_operator_decorator to 2026-09-14 00:00:00+00:00, run_after=2026-09-15 00:00:00+00:00
[2026-09-15T21:16:15.819+0000] {processor.py:183} INFO - Processing /home/airflow/.local/lib/python3.12/site-packages/airflow/example_dags/example_branch_operator_decorator.py took 0.263 seconds
[2026-09-15T21:17:36.877+0000] {processor.py:161} INFO - Started process (PID=95) to work on /home/airflow/.local/lib/python3.12/site-packages/airflow/example_dags/example_branch_operator_decorator.py
[2026-09-15T21:17:36.878+0000] {processor.py:830} INFO - Processing file /home/airflow/.local/lib/python3.12/site-packages/airflow/example_dags/example_branch_operator_decorator.py for tasks to queue
[2026-09-15T21:17:36.880+0000] {logging_mixin.py:188} INFO - [2026-09-15T21:17:36.880+0000] {dagbag.py:545} INFO - Filling up the DagBag from /home/airflow/.local/lib/python3.12/site-packages/airflow/example_dags/example_branch_operator_decorator.py
[2026-09-15T21:17:36.900+0000] {processor.py:840} INFO - DAG(s) 'example_branch_python_operator_decorator' retrieved from /home/airflow/.local/lib/python3.12/site-packages/airflow/example_dags/example_branch_operator_decorator.py
[2026-09-15T21:17:36.911+0000] {logging_mixin.py:188} INFO - [2026-09-15T21:17:36.911+0000] {dag.py:3089} INFO - Sync 1 DAGs
[2026-09-15T21:17:36.928+0000] {logging_mixin.py:188} INFO - [2026-09-15T21:17:36.928+0000] {dag.py:3947} INFO - Setting next_dagrun for example_branch_python_operator_decorator to 2026-09-14 00:00:00+00:00, run_after=2026-09-15 00:00:00+00:00
[2026-09-15T21:17:36.945+0000] {processor.py:183} INFO - Processing /home/airflow/.local/lib/python3.12/site-packages/airflow/example_dags/example_branch_operator_decorator.py took 0.073 seconds
[2026-09-15T21:18:08.305+0000] {processor.py:161} INFO - Started process (PID=154) to work on /home/airflow/.local/lib/python3.12/site-packages/airflow/example_dags/example_branch_operator_decorator.py
[2026-09-15T21:18:08.307+0000] {processor.py:830} INFO - Processing file /home/airflow/.local/lib/python3.12/site-packages/airflow/example_dags/example_branch_operator_decorator.py for tasks to queue
[2026-09-15T21:18:08.309+0000] {logging_mixin.py:188} INFO - [2026-09-15T21:18:08.309+0000] {dagbag.py:545} INFO - Filling up the DagBag from /home/airflow/.local/lib/python3.12/site-packages/airflow/example_dags/example_branch_operator_decorator.py
[2026-09-15T21:18:08.323+0000] {processor.py:840} INFO - DAG(s) 'example_branch_python_operator_decorator' retrieved from /home/airflow/.local/lib/python3.12/site-packages/airflow/example_dags/example_branch_operator_decorator.py
[2026-09-15T21:18:08.411+0000] {logging_mixin.py:188} INFO - [2026-09-15T21:18:08.411+0000] {dag.py:3089} INFO - Sync 1 DAGs
[2026-09-15T21:18:08.429+0000] {logging_mixin.py:188} INFO - [2026-09-15T21:18:08.429+0000] {dag.py:3947} INFO - Setting next_dagrun for example_branch_python_operator_decorator to 2026-09-14 00:00:00+00:00, run_after=2026-09-15 00:00:00+00:00
[2026-09-15T21:18:08.447+0000] {processor.py:183} INFO - Processing /home/airflow/.local/lib/python3.12/site-packages/airflow/example_dags/example_branch_operator_decorator.py took 0.146 seconds
[2026-09-15T21:18:38.667+0000] {processor.py:161} INFO - Started process (PID=212) to work on /home/airflow/.local/lib/python3.12/site-packages/airflow/example_dags/example_branch_operator_decorator.py
[2026-09-15T21:18:38.668+0000] {processor.py:830} INFO - Processing file /home/airflow/.local/lib/python3.12/site-packages/airflow/example_dags/example_branch_operator_decorator.py for tasks to queue
[2026-09-15T21:18:38.670+0000] {logging_mixin.py:188} INFO - [2026-09-15T21:18:38.670+0000] {dagbag.py:545} INFO - Filling up the DagBag from /home/airflow/.local/lib/python3.12/site-packages/airflow/example_dags/example_branch_operator_decorator.py
[2026-09-15T21:18:38.688+0000] {processor.py:840} INFO - DAG(s) 'example_branch_python_operator_decorator' retrieved from /home/airflow/.local/lib/python3.12/site-packages/airflow/example_dags/example_branch_operator_decorator.py
[2026-09-15T21:18:38.713+0000] {logging_mixin.py:188} INFO - [2026-09-15T21:18:38.713+0000] {dag.py:3089} INFO - Sync 1 DAGs
[2026-09-15T21:18:38.734+0000] {logging_mixin.py:188} INFO - [2026-09-15T21:18:38.734+0000] {dag.py:3947} INFO - Setting next_dagrun for example_branch_python_operator_decorator to 2026-09-14 00:00:00+00:00, run_after=2026-09-15 00:00:00+00:00
[2026-09-15T21:18:38.755+0000] {processor.py:183} INFO - Processing /home/airflow/.local/lib/python3.12/site-packages/airflow/example_dags/example_branch_operator_decorator.py took 0.094 seconds
[2026-09-15T21:19:09.311+0000] {processor.py:161} INFO - Started process (PID=270) to work on /home/airflow/.local/lib/python3.12/site-packages/airflow/example_dags/example_branch_operator_decorator.py
[2026-09-15T21:19:09.312+0000] {processor.py:830} INFO - Processing file /home/airflow/.local/lib/python3.12/site-packages/airflow/example_dags/example_branch_operator_decorator.py for tasks to queue
[2026-09-15T21:19:09.314+0000] {logging_mixin.py:188} INFO - [2026-09-15T21:19:09.313+0000] {dagbag.py:545} INFO - Filling up the DagBag from /home/airflow/.local/lib/python3.12/site-packages/airflow/example_dags/example_branch_operator_decorator.py
[2026-09-15T21:19:09.327+0000] {processor.py:840} INFO - DAG(s) 'example_branch_python_operator_decorator' retrieved from /home/airflow/.local/lib/python3.12/site-packages/airflow/example_dags/example_branch_operator_decorator.py
[2026-09-15T21:19:09.350+0000] {logging_mixin.py:188} INFO - [2026-09-15T21:19:09.349+0000] {dag.py:3089} INFO - Sync 1 DAGs
[2026-09-15T21:19:09.367+0000] {logging_mixin.py:188} INFO - [2026-09-15T21:19:09.366+0000] {dag.py:3947} INFO - Setting next_dagrun for example_branch_python_operator_decorator to 2026-09-14 00:00:00+00:00, run_after=2026-09-15 00:00:00+00:00
[2026-09-15T21:19:09.384+0000] {processor.py:183} INFO - Processing /home/airflow/.local/lib/python3.12/site-packages/airflow/example_dags/example_branch_operator_decorator.py took 0.078 seconds
[2026-09-15T21:19:40.050+0000] {processor.py:161} INFO - Started process (PID=328) to work on /home/airflow/.local/lib/python3.12/site-packages/airflow/example_dags/example_branch_operator_decorator.py
[2026-09-15T21:19:40.051+0000] {processor.py:830} INFO - Processing file /home/airflow/.local/lib/python3.12/site-packages/airflow/example_dags/example_branch_operator_decorator.py for tasks to queue
[2026-09-15T21:19:40.053+0000] {logging_mixin.py:188} INFO - [2026-09-15T21:19:40.052+0000] {dagbag.py:545} INFO - Filling up the DagBag from /home/airflow/.local/lib/python3.12/site-packages/airflow/example_dags/example_branch_operator_decorator.py
[2026-09-15T21:19:40.066+0000] {processor.py:840} INFO - DAG(s) 'example_branch_python_operator_decorator' retrieved from /home/airflow/.local/lib/python3.12/site-packages/airflow/example_dags/example_branch_operator_decorator.py
[2026-09-15T21:19:40.087+0000] {logging_mixin.py:188} INFO - [2026-09-15T21:19:40.086+0000] {dag.py:3089} INFO - Sync 1 DAGs
[2026-09-15T21:19:40.102+0000] {logging_mixin.py:188} INFO - [2026-09-15T21:19:40.102+0000] {dag.py:3947} INFO - Setting next_dagrun for example_branch_python_operator_decorator to 2026-09-14 00:00:00+00:00, run_after=2026-09-15 00:00:00+00:00
[2026-09-15T21:19:40.117+0000] {processor.py:183} INFO - Processing /home/airflow/.local/lib/python3.12/site-packages/airflow/example_dags/example_branch_operator_decorator.py took 0.072 seconds
[2026-09-15T21:20:10.308+0000] {processor.py:161} INFO - Started process (PID=386) to work on /home/airflow/.local/lib/python3.12/site-packages/airflow/example_dags/example_branch_operator_decorator.py
[2026-09-15T21:20:10.309+0000] {processor.py:830} INFO - Processing file /home/airflow/.local/lib/python3.12/site-packages/airflow/example_dags/example_branch_operator_decorator.py for tasks to queue
[2026-09-15T21:20:10.311+0000] {logging_mixin.py:188} INFO - [2026-09-15T21:20:10.311+0000] {dagbag.py:545} INFO - Filling up the DagBag from /home/airflow/.local/lib/python3.12/site-packages/airflow/example_dags/example_branch_operator_decorator.py
[2026-09-15T21:20:10.325+0000] {processor.py:840} INFO - DAG(s) 'example_branch_python_operator_decorator' retrieved from /home/airflow/.local/lib/python3.12/site-packages/airflow/example_dags/example_branch_operator_decorator.py
[2026-09-15T21:20:10.345+0000] {logging_mixin.py:188} INFO - [2026-09-15T21:20:10.345+0000] {dag.py:3089} INFO - Sync 1 DAGs
[2026-09-15T21:20:10.361+0000] {logging_mixin.py:188} INFO - [2026-09-15T21:20:10.361+0000] {dag.py:3947} INFO - Setting next_dagrun for example_branch_python_operator_decorator to 2026-09-14 00:00:00+00:00, run_after=2026-09-15 00:00:00+00:00
[2026-09-15T21:20:10.376+0000] {processor.py:183} INFO - Processing /home/airflow/.local/lib/python3.12/site-packages/airflow/example_dags/example_branch_operator_decorator.py took 0.073 seconds
[2026-09-15T21:20:40.557+0000] {processor.py:161} INFO - Started process (PID=444) to work on /home/airflow/.local/lib/python3.12/site-packages/airflow/example_dags/example_branch_operator_decorator.py
[2026-09-15T21:20:40.559+0000] {processor.py:830} INFO - Processing file /home/airflow/.local/lib/python3.12/site-packages/airflow/example_dags/example_branch_operator_decorator.py for tasks to queue
[2026-09-15T21:20:40.561+0000] {logging_mixin.py:188} INFO - [2026-09-15T21:20:40.560+0000] {dagbag.py:545} INFO - Filling up the DagBag from /home/airflow/.local/lib/python3.12/site-packages/airflow/example_dags/example_branch_operator_decorator.py
[2026-09-15T21:20:40.575+0000] {processor.py:840} INFO - DAG(s) 'example_branch_python_operator_decorator' retrieved from /home/airflow/.local/lib/python3.12/site-packages/airflow/example_dags/example_branch_operator_decorator.py
[2026-09-15T21:20:40.598+0000] {logging_mixin.py:188} INFO - [2026-09-15T21:20:40.597+0000] {dag.py:3089} INFO - Sync 1 DAGs
[2026-09-15T21:20:40.614+0000] {logging_mixin.py:188} INFO - [2026-09-15T21:20:40.614+0000] {dag.py:3947} INFO - Setting next_dagrun for example_branch_python_operator_decorator to 2026-09-14 00:00:00+00:00, run_after=2026-09-15 00:00:00+00:00
[2026-09-15T21:20:40.630+0000] {processor.py:183} INFO - Processing /home/airflow/.local/lib/python3.12/site-packages/airflow/example_dags/example_branch_operator_decorator.py took 0.077 seconds
[2026-09-15T21:22:08.892+0000] {processor.py:161} INFO - Started process (PID=370) to work on /home/airflow/.local/lib/python3.12/site-packages/airflow/example_dags/example_branch_operator_decorator.py
[2026-09-15T21:22:08.893+0000] {processor.py:830} INFO - Processing file /home/airflow/.local/lib/python3.12/site-packages/airflow/example_dags/example_branch_operator_decorator.py for tasks to queue
[2026-09-15T21:22:08.896+0000] {logging_mixin.py:188} INFO - [2026-09-15T21:22:08.896+0000] {dagbag.py:545} INFO - Filling up the DagBag from /home/airflow/.local/lib/python3.12/site-packages/airflow/example_dags/example_branch_operator_decorator.py
[2026-09-15T21:22:08.918+0000] {processor.py:840} INFO - DAG(s) 'example_branch_python_operator_decorator' retrieved from /home/airflow/.local/lib/python3.12/site-packages/airflow/example_dags/example_branch_operator_decorator.py
[2026-09-15T21:22:08.933+0000] {logging_mixin.py:188} INFO - [2026-09-15T21:22:08.933+0000] {dag.py:3089} INFO - Sync 1 DAGs
[2026-09-15T21:22:08.956+0000] {logging_mixin.py:188} INFO - [2026-09-15T21:22:08.955+0000] {dag.py:3947} INFO - Setting next_dagrun for example_branch_python_operator_decorator to 2026-09-14 00:00:00+00:00, run_after=2026-09-15 00:00:00+00:00
[2026-09-15T21:22:08.976+0000] {processor.py:183} INFO - Processing /home/airflow/.local/lib/python3.12/site-packages/airflow/example_dags/example_branch_operator_decorator.py took 0.093 seconds
[2026-09-15T21:22:40.529+0000] {processor.py:161} INFO - Started process (PID=638) to work on /home/airflow/.local/lib/python3.12/site-packages/airflow/example_dags/example_branch_operator_decorator.py
[2026-09-15T21:22:40.530+0000] {processor.py:830} INFO - Processing file /home/airflow/.local/lib/python3.12/site-packages/airflow/example_dags/example_branch_operator_decorator.py for tasks to queue
[2026-09-15T21:22:40.533+0000] {logging_mixin.py:188} INFO - [2026-09-15T21:22:40.532+0000] {dagbag.py:545} INFO - Filling up the DagBag from /home/airflow/.local/lib/python3.12/site-packages/airflow/example_dags/example_branch_operator_decorator.py
[2026-09-15T21:22:40.546+0000] {processor.py:840} INFO - DAG(s) 'example_branch_python_operator_decorator' retrieved from /home/airflow/.local/lib/python3.12/site-packages/airflow/example_dags/example_branch_operator_decorator.py
[2026-09-15T21:22:40.621+0000] {logging_mixin.py:188} INFO - [2026-09-15T21:22:40.620+0000] {dag.py:3089} INFO - Sync 1 DAGs
[2026-09-15T21:22:40.636+0000] {logging_mixin.py:188} INFO - [2026-09-15T21:22:40.636+0000] {dag.py:3947} INFO - Setting next_dagrun for example_branch_python_operator_decorator to 2026-09-14 00:00:00+00:00, run_after=2026-09-15 00:00:00+00:00
[2026-09-15T21:22:40.651+0000] {processor.py:183} INFO - Processing /home/airflow/.local/lib/python3.12/site-packages/airflow/example_dags/example_branch_operator_decorator.py took 0.127 seconds
[2026-09-15T21:23:10.698+0000] {processor.py:161} INFO - Started process (PID=898) to work on /home/airflow/.local/lib/python3.12/site-packages/airflow/example_dags/example_branch_operator_decorator.py
[2026-09-15T21:23:10.700+0000] {processor.py:830} INFO - Processing file /home/airflow/.local/lib/python3.12/site-packages/airflow/example_dags/example_branch_operator_decorator.py for tasks to queue
[2026-09-15T21:23:10.702+0000] {logging_mixin.py:188} INFO - [2026-09-15T21:23:10.702+0000] {dagbag.py:545} INFO - Filling up the DagBag from /home/airflow/.local/lib/python3.12/site-packages/airflow/example_dags/example_branch_operator_decorator.py
[2026-09-15T21:23:10.717+0000] {processor.py:840} INFO - DAG(s) 'example_branch_python_operator_decorator' retrieved from /home/airflow/.local/lib/python3.12/site-packages/airflow/example_dags/example_branch_operator_decorator.py
[2026-09-15T21:23:10.742+0000] {logging_mixin.py:188} INFO - [2026-09-15T21:23:10.742+0000] {dag.py:3089} INFO - Sync 1 DAGs
[2026-09-15T21:23:10.759+0000] {logging_mixin.py:188} INFO - [2026-09-15T21:23:10.759+0000] {dag.py:3947} INFO - Setting next_dagrun for example_branch_python_operator_decorator to 2026-09-14 00:00:00+00:00, run_after=2026-09-15 00:00:00+00:00
[2026-09-15T21:23:10.777+0000] {processor.py:183} INFO - Processing /home/airflow/.local/lib/python3.12/site-packages/airflow/example_dags/example_branch_operator_decorator.py took 0.084 seconds
[2026-09-15T21:23:40.861+0000] {processor.py:161} INFO - Started process (PID=1160) to work on /home/airflow/.local/lib/python3.12/site-packages/airflow/example_dags/example_branch_operator_decorator.py
[2026-09-15T21:23:40.862+0000] {processor.py:830} INFO - Processing file /home/airflow/.local/lib/python3.12/site-packages/airflow/example_dags/example_branch_operator_decorator.py for tasks to queue
[2026-09-15T21:23:40.864+0000] {logging_mixin.py:188} INFO - [2026-09-15T21:23:40.864+0000] {dagbag.py:545} INFO - Filling up the DagBag from /home/airflow/.local/lib/python3.12/site-packages/airflow/example_dags/example_branch_operator_decorator.py
[2026-09-15T21:23:40.878+0000] {processor.py:840} INFO - DAG(s) 'example_branch_python_operator_decorator' retrieved from /home/airflow/.local/lib/python3.12/site-packages/airflow/example_dags/example_branch_operator_decorator.py
[2026-09-15T21:23:40.900+0000] {logging_mixin.py:188} INFO - [2026-09-15T21:23:40.900+0000] {dag.py:3089} INFO - Sync 1 DAGs
[2026-09-15T21:23:40.917+0000] {logging_mixin.py:188} INFO - [2026-09-15T21:23:40.917+0000] {dag.py:3947} INFO - Setting next_dagrun for example_branch_python_operator_decorator to 2026-09-14 00:00:00+00:00, run_after=2026-09-15 00:00:00+00:00
[2026-09-15T21:23:40.933+0000] {processor.py:183} INFO - Processing /home/airflow/.local/lib/python3.12/site-packages/airflow/example_dags/example_branch_operator_decorator.py took 0.076 seconds
[2026-09-15T21:24:11.046+0000] {processor.py:161} INFO - Started process (PID=1422) to work on /home/airflow/.local/lib/python3.12/site-packages/airflow/example_dags/example_branch_operator_decorator.py
[2026-09-15T21:24:11.047+0000] {processor.py:830} INFO - Processing file /home/airflow/.local/lib/python3.12/site-packages/airflow/example_dags/example_branch_operator_decorator.py for tasks to queue
[2026-09-15T21:24:11.049+0000] {logging_mixin.py:188} INFO - [2026-09-15T21:24:11.049+0000] {dagbag.py:545} INFO - Filling up the DagBag from /home/airflow/.local/lib/python3.12/site-packages/airflow/example_dags/example_branch_operator_decorator.py
[2026-09-15T21:24:11.062+0000] {processor.py:840} INFO - DAG(s) 'example_branch_python_operator_decorator' retrieved from /home/airflow/.local/lib/python3.12/site-packages/airflow/example_dags/example_branch_operator_decorator.py
[2026-09-15T21:24:11.083+0000] {logging_mixin.py:188} INFO - [2026-09-15T21:24:11.083+0000] {dag.py:3089} INFO - Sync 1 DAGs
[2026-09-15T21:24:11.100+0000] {logging_mixin.py:188} INFO - [2026-09-15T21:24:11.100+0000] {dag.py:3947} INFO - Setting next_dagrun for example_branch_python_operator_decorator to 2026-09-14 00:00:00+00:00, run_after=2026-09-15 00:00:00+00:00
[2026-09-15T21:24:11.115+0000] {processor.py:183} INFO - Processing /home/airflow/.local/lib/python3.12/site-packages/airflow/example_dags/example_branch_operator_decorator.py took 0.073 seconds
[2026-09-15T21:24:41.260+0000] {processor.py:161} INFO - Started process (PID=1684) to work on /home/airflow/.local/lib/python3.12/site-packages/airflow/example_dags/example_branch_operator_decorator.py
[2026-09-15T21:24:41.261+0000] {processor.py:830} INFO - Processing file /home/airflow/.local/lib/python3.12/site-packages/airflow/example_dags/example_branch_operator_decorator.py for tasks to queue
[2026-09-15T21:24:41.263+0000] {logging_mixin.py:188} INFO - [2026-09-15T21:24:41.262+0000] {dagbag.py:545} INFO - Filling up the DagBag from /home/airflow/.local/lib/python3.12/site-packages/airflow/example_dags/example_branch_operator_decorator.py
[2026-09-15T21:24:41.275+0000] {processor.py:840} INFO - DAG(s) 'example_branch_python_operator_decorator' retrieved from /home/airflow/.local/lib/python3.12/site-packages/airflow/example_dags/example_branch_operator_decorator.py
[2026-09-15T21:24:41.297+0000] {logging_mixin.py:188} INFO - [2026-09-15T21:24:41.296+0000] {dag.py:3089} INFO - Sync 1 DAGs
[2026-09-15T21:24:41.311+0000] {logging_mixin.py:188} INFO - [2026-09-15T21:24:41.311+0000] {dag.py:3947} INFO - Setting next_dagrun for example_branch_python_operator_decorator to 2026-09-14 00:00:00+00:00, run_after=2026-09-15 00:00:00+00:00
[2026-09-15T21:24:41.325+0000] {processor.py:183} INFO - Processing /home/airflow/.local/lib/python3.12/site-packages/airflow/example_dags/example_branch_operator_decorator.py took 0.069 seconds
[2026-09-15T21:25:11.478+0000] {processor.py:161} INFO - Started process (PID=1946) to work on /home/airflow/.local/lib/python3.12/site-packages/airflow/example_dags/example_branch_operator_decorator.py
[2026-09-15T21:25:11.479+0000] {processor.py:830} INFO - Processing file /home/airflow/.local/lib/python3.12/site-packages/airflow/example_dags/example_branch_operator_decorator.py for tasks to queue
[2026-09-15T21:25:11.480+0000] {logging_mixin.py:188} INFO - [2026-09-15T21:25:11.480+0000] {dagbag.py:545} INFO - Filling up the DagBag from /home/airflow/.local/lib/python3.12/site-packages/airflow/example_dags/example_branch_operator_decorator.py
[2026-09-15T21:25:11.493+0000] {processor.py:840} INFO - DAG(s) 'example_branch_python_operator_decorator' retrieved from /home/airflow/.local/lib/python3.12/site-packages/airflow/example_dags/example_branch_operator_decorator.py
[2026-09-15T21:25:11.516+0000] {logging_mixin.py:188} INFO - [2026-09-15T21:25:11.516+0000] {dag.py:3089} INFO - Sync 1 DAGs
[2026-09-15T21:25:11.533+0000] {logging_mixin.py:188} INFO - [2026-09-15T21:25:11.533+0000] {dag.py:3947} INFO - Setting next_dagrun for example_branch_python_operator_decorator to 2026-09-14 00:00:00+00:00, run_after=2026-09-15 00:00:00+00:00
[2026-09-15T21:25:11.548+0000] {processor.py:183} INFO - Processing /home/airflow/.local/lib/python3.12/site-packages/airflow/example_dags/example_branch_operator_decorator.py took 0.074 seconds
[2026-09-15T21:25:41.949+0000] {processor.py:161} INFO - Started process (PID=2210) to work on /home/airflow/.local/lib/python3.12/site-packages/airflow/example_dags/example_branch_operator_decorator.py
[2026-09-15T21:25:41.950+0000] {processor.py:830} INFO - Processing file /home/airflow/.local/lib/python3.12/site-packages/airflow/example_dags/example_branch_operator_decorator.py for tasks to queue
[2026-09-15T21:25:41.952+0000] {logging_mixin.py:188} INFO - [2026-09-15T21:25:41.952+0000] {dagbag.py:545} INFO - Filling up the DagBag from /home/airflow/.local/lib/python3.12/site-packages/airflow/example_dags/example_branch_operator_decorator.py
[2026-09-15T21:25:41.966+0000] {processor.py:840} INFO - DAG(s) 'example_branch_python_operator_decorator' retrieved from /home/airflow/.local/lib/python3.12/site-packages/airflow/example_dags/example_branch_operator_decorator.py
[2026-09-15T21:25:41.989+0000] {logging_mixin.py:188} INFO - [2026-09-15T21:25:41.989+0000] {dag.py:3089} INFO - Sync 1 DAGs
[2026-09-15T21:25:42.007+0000] {logging_mixin.py:188} INFO - [2026-09-15T21:25:42.006+0000] {dag.py:3947} INFO - Setting next_dagrun for example_branch_python_operator_decorator to 2026-09-14 00:00:00+00:00, run_after=2026-09-15 00:00:00+00:00
[2026-09-15T21:25:42.022+0000] {processor.py:183} INFO - Processing /home/airflow/.local/lib/python3.12/site-packages/airflow/example_dags/example_branch_operator_decorator.py took 0.077 seconds
[2026-09-15T21:26:12.156+0000] {processor.py:161} INFO - Started process (PID=2472) to work on /home/airflow/.local/lib/python3.12/site-packages/airflow/example_dags/example_branch_operator_decorator.py
[2026-09-15T21:26:12.158+0000] {processor.py:830} INFO - Processing file /home/airflow/.local/lib/python3.12/site-packages/airflow/example_dags/example_branch_operator_decorator.py for tasks to queue
[2026-09-15T21:26:12.160+0000] {logging_mixin.py:188} INFO - [2026-09-15T21:26:12.160+0000] {dagbag.py:545} INFO - Filling up the DagBag from /home/airflow/.local/lib/python3.12/site-packages/airflow/example_dags/example_branch_operator_decorator.py
[2026-09-15T21:26:12.173+0000] {processor.py:840} INFO - DAG(s) 'example_branch_python_operator_decorator' retrieved from /home/airflow/.local/lib/python3.12/site-packages/airflow/example_dags/example_branch_operator_decorator.py
[2026-09-15T21:26:12.194+0000] {logging_mixin.py:188} INFO - [2026-09-15T21:26:12.194+0000] {dag.py:3089} INFO - Sync 1 DAGs
[2026-09-15T21:26:12.210+0000] {logging_mixin.py:188} INFO - [2026-09-15T21:26:12.210+0000] {dag.py:3947} INFO - Setting next_dagrun for example_branch_python_operator_decorator to 2026-09-14 00:00:00+00:00, run_after=2026-09-15 00:00:00+00:00
[2026-09-15T21:26:12.223+0000] {processor.py:183} INFO - Processing /home/airflow/.local/lib/python3.12/site-packages/airflow/example_dags/example_branch_operator_decorator.py took 0.071 seconds
[2026-09-15T21:26:42.274+0000] {processor.py:161} INFO - Started process (PID=2734) to work on /home/airflow/.local/lib/python3.12/site-packages/airflow/example_dags/example_branch_operator_decorator.py
[2026-09-15T21:26:42.275+0000] {processor.py:830} INFO - Processing file /home/airflow/.local/lib/python3.12/site-packages/airflow/example_dags/example_branch_operator_decorator.py for tasks to queue
[2026-09-15T21:26:42.276+0000] {logging_mixin.py:188} INFO - [2026-09-15T21:26:42.276+0000] {dagbag.py:545} INFO - Filling up the DagBag from /home/airflow/.local/lib/python3.12/site-packages/airflow/example_dags/example_branch_operator_decorator.py
[2026-09-15T21:26:42.289+0000] {processor.py:840} INFO - DAG(s) 'example_branch_python_operator_decorator' retrieved from /home/airflow/.local/lib/python3.12/site-packages/airflow/example_dags/example_branch_operator_decorator.py
[2026-09-15T21:26:42.312+0000] {logging_mixin.py:188} INFO - [2026-09-15T21:26:42.312+0000] {dag.py:3089} INFO - Sync 1 DAGs
[2026-09-15T21:26:42.330+0000] {logging_mixin.py:188} INFO - [2026-09-15T21:26:42.330+0000] {dag.py:3947} INFO - Setting next_dagrun for example_branch_python_operator_decorator to 2026-09-14 00:00:00+00:00, run_after=2026-09-15 00:00:00+00:00
[2026-09-15T21:26:42.345+0000] {processor.py:183} INFO - Processing /home/airflow/.local/lib/python3.12/site-packages/airflow/example_dags/example_branch_operator_decorator.py took 0.075 seconds
[2026-09-15T21:27:12.486+0000] {processor.py:161} INFO - Started process (PID=2996) to work on /home/airflow/.local/lib/python3.12/site-packages/airflow/example_dags/example_branch_operator_decorator.py
[2026-09-15T21:27:12.487+0000] {processor.py:830} INFO - Processing file /home/airflow/.local/lib/python3.12/site-packages/airflow/example_dags/example_branch_operator_decorator.py for tasks to queue
[2026-09-15T21:27:12.489+0000] {logging_mixin.py:188} INFO - [2026-09-15T21:27:12.489+0000] {dagbag.py:545} INFO - Filling up the DagBag from /home/airflow/.local/lib/python3.12/site-packages/airflow/example_dags/example_branch_operator_decorator.py
[2026-09-15T21:27:12.504+0000] {processor.py:840} INFO - DAG(s) 'example_branch_python_operator_decorator' retrieved from /home/airflow/.local/lib/python3.12/site-packages/airflow/example_dags/example_branch_operator_decorator.py
[2026-09-15T21:27:12.525+0000] {logging_mixin.py:188} INFO - [2026-09-15T21:27:12.525+0000] {dag.py:3089} INFO - Sync 1 DAGs
[2026-09-15T21:27:12.540+0000] {logging_mixin.py:188} INFO - [2026-09-15T21:27:12.540+0000] {dag.py:3947} INFO - Setting next_dagrun for example_branch_python_operator_decorator to 2026-09-14 00:00:00+00:00, run_after=2026-09-15 00:00:00+00:00
[2026-09-15T21:27:12.554+0000] {processor.py:183} INFO - Processing /home/airflow/.local/lib/python3.12/site-packages/airflow/example_dags/example_branch_operator_decorator.py took 0.072 seconds
[2026-09-15T21:27:42.611+0000] {processor.py:161} INFO - Started process (PID=3256) to work on /home/airflow/.local/lib/python3.12/site-packages/airflow/example_dags/example_branch_operator_decorator.py
[2026-09-15T21:27:42.612+0000] {processor.py:830} INFO - Processing file /home/airflow/.local/lib/python3.12/site-packages/airflow/example_dags/example_branch_operator_decorator.py for tasks to queue
[2026-09-15T21:27:42.614+0000] {logging_mixin.py:188} INFO - [2026-09-15T21:27:42.614+0000] {dagbag.py:545} INFO - Filling up the DagBag from /home/airflow/.local/lib/python3.12/site-packages/airflow/example_dags/example_branch_operator_decorator.py
[2026-09-15T21:27:42.627+0000] {processor.py:840} INFO - DAG(s) 'example_branch_python_operator_decorator' retrieved from /home/airflow/.local/lib/python3.12/site-packages/airflow/example_dags/example_branch_operator_decorator.py
[2026-09-15T21:27:42.649+0000] {logging_mixin.py:188} INFO - [2026-09-15T21:27:42.649+0000] {dag.py:3089} INFO - Sync 1 DAGs
[2026-09-15T21:27:42.664+0000] {logging_mixin.py:188} INFO - [2026-09-15T21:27:42.664+0000] {dag.py:3947} INFO - Setting next_dagrun for example_branch_python_operator_decorator to 2026-09-14 00:00:00+00:00, run_after=2026-09-15 00:00:00+00:00
[2026-09-15T21:27:42.677+0000] {processor.py:183} INFO - Processing /home/airflow/.local/lib/python3.12/site-packages/airflow/example_dags/example_branch_operator_decorator.py took 0.070 seconds
[2026-09-15T21:28:13.245+0000] {processor.py:161} INFO - Started process (PID=3518) to work on /home/airflow/.local/lib/python3.12/site-packages/airflow/example_dags/example_branch_operator_decorator.py
[2026-09-15T21:28:13.246+0000] {processor.py:830} INFO - Processing file /home/airflow/.local/lib/python3.12/site-packages/airflow/example_dags/example_branch_operator_decorator.py for tasks to queue
[2026-09-15T21:28:13.248+0000] {logging_mixin.py:188} INFO - [2026-09-15T21:28:13.248+0000] {dagbag.py:545} INFO - Filling up the DagBag from /home/airflow/.local/lib/python3.12/site-packages/airflow/example_dags/example_branch_operator_decorator.py
[2026-09-15T21:28:13.262+0000] {processor.py:840} INFO - DAG(s) 'example_branch_python_operator_decorator' retrieved from /home/airflow/.local/lib/python3.12/site-packages/airflow/example_dags/example_branch_operator_decorator.py
[2026-09-15T21:28:13.285+0000] {logging_mixin.py:188} INFO - [2026-09-15T21:28:13.285+0000] {dag.py:3089} INFO - Sync 1 DAGs
[2026-09-15T21:28:13.302+0000] {logging_mixin.py:188} INFO - [2026-09-15T21:28:13.302+0000] {dag.py:3947} INFO - Setting next_dagrun for example_branch_python_operator_decorator to 2026-09-14 00:00:00+00:00, run_after=2026-09-15 00:00:00+00:00
[2026-09-15T21:28:13.316+0000] {processor.py:183} INFO - Processing /home/airflow/.local/lib/python3.12/site-packages/airflow/example_dags/example_branch_operator_decorator.py took 0.075 seconds
[2026-09-15T21:28:44.169+0000] {processor.py:161} INFO - Started process (PID=3780) to work on /home/airflow/.local/lib/python3.12/site-packages/airflow/example_dags/example_branch_operator_decorator.py
[2026-09-15T21:28:44.171+0000] {processor.py:830} INFO - Processing file /home/airflow/.local/lib/python3.12/site-packages/airflow/example_dags/example_branch_operator_decorator.py for tasks to queue
[2026-09-15T21:28:44.173+0000] {logging_mixin.py:188} INFO - [2026-09-15T21:28:44.173+0000] {dagbag.py:545} INFO - Filling up the DagBag from /home/airflow/.local/lib/python3.12/site-packages/airflow/example_dags/example_branch_operator_decorator.py
[2026-09-15T21:28:44.190+0000] {processor.py:840} INFO - DAG(s) 'example_branch_python_operator_decorator' retrieved from /home/airflow/.local/lib/python3.12/site-packages/airflow/example_dags/example_branch_operator_decorator.py
[2026-09-15T21:28:44.213+0000] {logging_mixin.py:188} INFO - [2026-09-15T21:28:44.213+0000] {dag.py:3089} INFO - Sync 1 DAGs
[2026-09-15T21:28:44.228+0000] {logging_mixin.py:188} INFO - [2026-09-15T21:28:44.228+0000] {dag.py:3947} INFO - Setting next_dagrun for example_branch_python_operator_decorator to 2026-09-14 00:00:00+00:00, run_after=2026-09-15 00:00:00+00:00
[2026-09-15T21:28:44.245+0000] {processor.py:183} INFO - Processing /home/airflow/.local/lib/python3.12/site-packages/airflow/example_dags/example_branch_operator_decorator.py took 0.081 seconds
[2026-09-15T21:29:14.352+0000] {processor.py:161} INFO - Started process (PID=4042) to work on /home/airflow/.local/lib/python3.12/site-packages/airflow/example_dags/example_branch_operator_decorator.py
[2026-09-15T21:29:14.354+0000] {processor.py:830} INFO - Processing file /home/airflow/.local/lib/python3.12/site-packages/airflow/example_dags/example_branch_operator_decorator.py for tasks to queue
[2026-09-15T21:29:14.356+0000] {logging_mixin.py:188} INFO - [2026-09-15T21:29:14.356+0000] {dagbag.py:545} INFO - Filling up the DagBag from /home/airflow/.local/lib/python3.12/site-packages/airflow/example_dags/example_branch_operator_decorator.py
[2026-09-15T21:29:14.372+0000] {processor.py:840} INFO - DAG(s) 'example_branch_python_operator_decorator' retrieved from /home/airflow/.local/lib/python3.12/site-packages/airflow/example_dags/example_branch_operator_decorator.py
[2026-09-15T21:29:14.397+0000] {logging_mixin.py:188} INFO - [2026-09-15T21:29:14.396+0000] {dag.py:3089} INFO - Sync 1 DAGs
[2026-09-15T21:29:14.413+0000] {logging_mixin.py:188} INFO - [2026-09-15T21:29:14.413+0000] {dag.py:3947} INFO - Setting next_dagrun for example_branch_python_operator_decorator to 2026-09-14 00:00:00+00:00, run_after=2026-09-15 00:00:00+00:00
[2026-09-15T21:29:14.429+0000] {processor.py:183} INFO - Processing /home/airflow/.local/lib/python3.12/site-packages/airflow/example_dags/example_branch_operator_decorator.py took 0.083 seconds
[2026-09-15T21:29:44.892+0000] {processor.py:161} INFO - Started process (PID=4311) to work on /home/airflow/.local/lib/python3.12/site-packages/airflow/example_dags/example_branch_operator_decorator.py
[2026-09-15T21:29:44.893+0000] {processor.py:830} INFO - Processing file /home/airflow/.local/lib/python3.12/site-packages/airflow/example_dags/example_branch_operator_decorator.py for tasks to queue
[2026-09-15T21:29:44.895+0000] {logging_mixin.py:188} INFO - [2026-09-15T21:29:44.894+0000] {dagbag.py:545} INFO - Filling up the DagBag from /home/airflow/.local/lib/python3.12/site-packages/airflow/example_dags/example_branch_operator_decorator.py
[2026-09-15T21:29:44.908+0000] {processor.py:840} INFO - DAG(s) 'example_branch_python_operator_decorator' retrieved from /home/airflow/.local/lib/python3.12/site-packages/airflow/example_dags/example_branch_operator_decorator.py
[2026-09-15T21:29:44.930+0000] {logging_mixin.py:188} INFO - [2026-09-15T21:29:44.930+0000] {dag.py:3089} INFO - Sync 1 DAGs
[2026-09-15T21:29:44.946+0000] {logging_mixin.py:188} INFO - [2026-09-15T21:29:44.946+0000] {dag.py:3947} INFO - Setting next_dagrun for example_branch_python_operator_decorator to 2026-09-14 00:00:00+00:00, run_after=2026-09-15 00:00:00+00:00
[2026-09-15T21:29:44.962+0000] {processor.py:183} INFO - Processing /home/airflow/.local/lib/python3.12/site-packages/airflow/example_dags/example_branch_operator_decorator.py took 0.074 seconds
[2026-09-15T21:30:15.104+0000] {processor.py:161} INFO - Started process (PID=4576) to work on /home/airflow/.local/lib/python3.12/site-packages/airflow/example_dags/example_branch_operator_decorator.py
[2026-09-15T21:30:15.105+0000] {processor.py:830} INFO - Processing file /home/airflow/.local/lib/python3.12/site-packages/airflow/example_dags/example_branch_operator_decorator.py for tasks to queue
[2026-09-15T21:30:15.107+0000] {logging_mixin.py:188} INFO - [2026-09-15T21:30:15.107+0000] {dagbag.py:545} INFO - Filling up the DagBag from /home/airflow/.local/lib/python3.12/site-packages/airflow/example_dags/example_branch_operator_decorator.py
[2026-09-15T21:30:15.129+0000] {processor.py:840} INFO - DAG(s) 'example_branch_python_operator_decorator' retrieved from /home/airflow/.local/lib/python3.12/site-packages/airflow/example_dags/example_branch_operator_decorator.py
[2026-09-15T21:30:15.157+0000] {logging_mixin.py:188} INFO - [2026-09-15T21:30:15.157+0000] {dag.py:3089} INFO - Sync 1 DAGs
[2026-09-15T21:30:15.178+0000] {logging_mixin.py:188} INFO - [2026-09-15T21:30:15.177+0000] {dag.py:3947} INFO - Setting next_dagrun for example_branch_python_operator_decorator to 2026-09-14 00:00:00+00:00, run_after=2026-09-15 00:00:00+00:00
[2026-09-15T21:30:15.196+0000] {processor.py:183} INFO - Processing /home/airflow/.local/lib/python3.12/site-packages/airflow/example_dags/example_branch_operator_decorator.py took 0.098 seconds
[2026-09-15T21:30:45.760+0000] {processor.py:161} INFO - Started process (PID=4838) to work on /home/airflow/.local/lib/python3.12/site-packages/airflow/example_dags/example_branch_operator_decorator.py
[2026-09-15T21:30:45.761+0000] {processor.py:830} INFO - Processing file /home/airflow/.local/lib/python3.12/site-packages/airflow/example_dags/example_branch_operator_decorator.py for tasks to queue
[2026-09-15T21:30:45.763+0000] {logging_mixin.py:188} INFO - [2026-09-15T21:30:45.763+0000] {dagbag.py:545} INFO - Filling up the DagBag from /home/airflow/.local/lib/python3.12/site-packages/airflow/example_dags/example_branch_operator_decorator.py
[2026-09-15T21:30:45.776+0000] {processor.py:840} INFO - DAG(s) 'example_branch_python_operator_decorator' retrieved from /home/airflow/.local/lib/python3.12/site-packages/airflow/example_dags/example_branch_operator_decorator.py
[2026-09-15T21:30:45.796+0000] {logging_mixin.py:188} INFO - [2026-09-15T21:30:45.796+0000] {dag.py:3089} INFO - Sync 1 DAGs
[2026-09-15T21:30:45.811+0000] {logging_mixin.py:188} INFO - [2026-09-15T21:30:45.811+0000] {dag.py:3947} INFO - Setting next_dagrun for example_branch_python_operator_decorator to 2026-09-14 00:00:00+00:00, run_after=2026-09-15 00:00:00+00:00
[2026-09-15T21:30:45.832+0000] {processor.py:183} INFO - Processing /home/airflow/.local/lib/python3.12/site-packages/airflow/example_dags/example_branch_operator_decorator.py took 0.076 seconds
[2026-09-15T21:31:16.334+0000] {processor.py:161} INFO - Started process (PID=5100) to work on /home/airflow/.local/lib/python3.12/site-packages/airflow/example_dags/example_branch_operator_decorator.py
[2026-09-15T21:31:16.337+0000] {processor.py:830} INFO - Processing file /home/airflow/.local/lib/python3.12/site-packages/airflow/example_dags/example_branch_operator_decorator.py for tasks to queue
[2026-09-15T21:31:16.341+0000] {logging_mixin.py:188} INFO - [2026-09-15T21:31:16.341+0000] {dagbag.py:545} INFO - Filling up the DagBag from /home/airflow/.local/lib/python3.12/site-packages/airflow/example_dags/example_branch_operator_decorator.py
[2026-09-15T21:31:16.362+0000] {processor.py:840} INFO - DAG(s) 'example_branch_python_operator_decorator' retrieved from /home/airflow/.local/lib/python3.12/site-packages/airflow/example_dags/example_branch_operator_decorator.py
[2026-09-15T21:31:16.385+0000] {logging_mixin.py:188} INFO - [2026-09-15T21:31:16.385+0000] {dag.py:3089} INFO - Sync 1 DAGs
[2026-09-15T21:31:16.405+0000] {logging_mixin.py:188} INFO - [2026-09-15T21:31:16.405+0000] {dag.py:3947} INFO - Setting next_dagrun for example_branch_python_operator_decorator to 2026-09-14 00:00:00+00:00, run_after=2026-09-15 00:00:00+00:00
[2026-09-15T21:31:16.421+0000] {processor.py:183} INFO - Processing /home/airflow/.local/lib/python3.12/site-packages/airflow/example_dags/example_branch_operator_decorator.py took 0.095 seconds
[2026-09-15T21:31:47.068+0000] {processor.py:161} INFO - Started process (PID=5362) to work on /home/airflow/.local/lib/python3.12/site-packages/airflow/example_dags/example_branch_operator_decorator.py
[2026-09-15T21:31:47.069+0000] {processor.py:830} INFO - Processing file /home/airflow/.local/lib/python3.12/site-packages/airflow/example_dags/example_branch_operator_decorator.py for tasks to queue
[2026-09-15T21:31:47.071+0000] {logging_mixin.py:188} INFO - [2026-09-15T21:31:47.070+0000] {dagbag.py:545} INFO - Filling up the DagBag from /home/airflow/.local/lib/python3.12/site-packages/airflow/example_dags/example_branch_operator_decorator.py
[2026-09-15T21:31:47.086+0000] {processor.py:840} INFO - DAG(s) 'example_branch_python_operator_decorator' retrieved from /home/airflow/.local/lib/python3.12/site-packages/airflow/example_dags/example_branch_operator_decorator.py
[2026-09-15T21:31:47.109+0000] {logging_mixin.py:188} INFO - [2026-09-15T21:31:47.109+0000] {dag.py:3089} INFO - Sync 1 DAGs
[2026-09-15T21:31:47.129+0000] {logging_mixin.py:188} INFO - [2026-09-15T21:31:47.129+0000] {dag.py:3947} INFO - Setting next_dagrun for example_branch_python_operator_decorator to 2026-09-14 00:00:00+00:00, run_after=2026-09-15 00:00:00+00:00
[2026-09-15T21:31:47.145+0000] {processor.py:183} INFO - Processing /home/airflow/.local/lib/python3.12/site-packages/airflow/example_dags/example_branch_operator_decorator.py took 0.082 seconds
[2026-09-15T21:32:18.178+0000] {processor.py:161} INFO - Started process (PID=5626) to work on /home/airflow/.local/lib/python3.12/site-packages/airflow/example_dags/example_branch_operator_decorator.py
[2026-09-15T21:32:18.180+0000] {processor.py:830} INFO - Processing file /home/airflow/.local/lib/python3.12/site-packages/airflow/example_dags/example_branch_operator_decorator.py for tasks to queue
[2026-09-15T21:32:18.182+0000] {logging_mixin.py:188} INFO - [2026-09-15T21:32:18.182+0000] {dagbag.py:545} INFO - Filling up the DagBag from /home/airflow/.local/lib/python3.12/site-packages/airflow/example_dags/example_branch_operator_decorator.py
[2026-09-15T21:32:18.197+0000] {processor.py:840} INFO - DAG(s) 'example_branch_python_operator_decorator' retrieved from /home/airflow/.local/lib/python3.12/site-packages/airflow/example_dags/example_branch_operator_decorator.py
[2026-09-15T21:32:18.222+0000] {logging_mixin.py:188} INFO - [2026-09-15T21:32:18.222+0000] {dag.py:3089} INFO - Sync 1 DAGs
[2026-09-15T21:32:18.240+0000] {logging_mixin.py:188} INFO - [2026-09-15T21:32:18.239+0000] {dag.py:3947} INFO - Setting next_dagrun for example_branch_python_operator_decorator to 2026-09-14 00:00:00+00:00, run_after=2026-09-15 00:00:00+00:00
[2026-09-15T21:32:18.258+0000] {processor.py:183} INFO - Processing /home/airflow/.local/lib/python3.12/site-packages/airflow/example_dags/example_branch_operator_decorator.py took 0.085 seconds
[2026-09-15T21:32:48.394+0000] {processor.py:161} INFO - Started process (PID=5886) to work on /home/airflow/.local/lib/python3.12/site-packages/airflow/example_dags/example_branch_operator_decorator.py
[2026-09-15T21:32:48.396+0000] {processor.py:830} INFO - Processing file /home/airflow/.local/lib/python3.12/site-packages/airflow/example_dags/example_branch_operator_decorator.py for tasks to queue
[2026-09-15T21:32:48.397+0000] {logging_mixin.py:188} INFO - [2026-09-15T21:32:48.397+0000] {dagbag.py:545} INFO - Filling up the DagBag from /home/airflow/.local/lib/python3.12/site-packages/airflow/example_dags/example_branch_operator_decorator.py
[2026-09-15T21:32:48.412+0000] {processor.py:840} INFO - DAG(s) 'example_branch_python_operator_decorator' retrieved from /home/airflow/.local/lib/python3.12/site-packages/airflow/example_dags/example_branch_operator_decorator.py
[2026-09-15T21:32:48.436+0000] {logging_mixin.py:188} INFO - [2026-09-15T21:32:48.436+0000] {dag.py:3089} INFO - Sync 1 DAGs
[2026-09-15T21:32:48.454+0000] {logging_mixin.py:188} INFO - [2026-09-15T21:32:48.453+0000] {dag.py:3947} INFO - Setting next_dagrun for example_branch_python_operator_decorator to 2026-09-14 00:00:00+00:00, run_after=2026-09-15 00:00:00+00:00
[2026-09-15T21:32:48.470+0000] {processor.py:183} INFO - Processing /home/airflow/.local/lib/python3.12/site-packages/airflow/example_dags/example_branch_operator_decorator.py took 0.080 seconds
[2026-09-15T21:33:19.585+0000] {processor.py:161} INFO - Started process (PID=6150) to work on /home/airflow/.local/lib/python3.12/site-packages/airflow/example_dags/example_branch_operator_decorator.py
[2026-09-15T21:33:19.586+0000] {processor.py:830} INFO - Processing file /home/airflow/.local/lib/python3.12/site-packages/airflow/example_dags/example_branch_operator_decorator.py for tasks to queue
[2026-09-15T21:33:19.588+0000] {logging_mixin.py:188} INFO - [2026-09-15T21:33:19.587+0000] {dagbag.py:545} INFO - Filling up the DagBag from /home/airflow/.local/lib/python3.12/site-packages/airflow/example_dags/example_branch_operator_decorator.py
[2026-09-15T21:33:19.600+0000] {processor.py:840} INFO - DAG(s) 'example_branch_python_operator_decorator' retrieved from /home/airflow/.local/lib/python3.12/site-packages/airflow/example_dags/example_branch_operator_decorator.py
[2026-09-15T21:33:19.621+0000] {logging_mixin.py:188} INFO - [2026-09-15T21:33:19.621+0000] {dag.py:3089} INFO - Sync 1 DAGs
[2026-09-15T21:33:19.637+0000] {logging_mixin.py:188} INFO - [2026-09-15T21:33:19.637+0000] {dag.py:3947} INFO - Setting next_dagrun for example_branch_python_operator_decorator to 2026-09-14 00:00:00+00:00, run_after=2026-09-15 00:00:00+00:00
[2026-09-15T21:33:19.652+0000] {processor.py:183} INFO - Processing /home/airflow/.local/lib/python3.12/site-packages/airflow/example_dags/example_branch_operator_decorator.py took 0.071 seconds
[2026-09-15T21:33:50.665+0000] {processor.py:161} INFO - Started process (PID=6414) to work on /home/airflow/.local/lib/python3.12/site-packages/airflow/example_dags/example_branch_operator_decorator.py
[2026-09-15T21:33:50.666+0000] {processor.py:830} INFO - Processing file /home/airflow/.local/lib/python3.12/site-packages/airflow/example_dags/example_branch_operator_decorator.py for tasks to queue
[2026-09-15T21:33:50.668+0000] {logging_mixin.py:188} INFO - [2026-09-15T21:33:50.667+0000] {dagbag.py:545} INFO - Filling up the DagBag from /home/airflow/.local/lib/python3.12/site-packages/airflow/example_dags/example_branch_operator_decorator.py
[2026-09-15T21:33:50.681+0000] {processor.py:840} INFO - DAG(s) 'example_branch_python_operator_decorator' retrieved from /home/airflow/.local/lib/python3.12/site-packages/airflow/example_dags/example_branch_operator_decorator.py
[2026-09-15T21:33:50.702+0000] {logging_mixin.py:188} INFO - [2026-09-15T21:33:50.701+0000] {dag.py:3089} INFO - Sync 1 DAGs
[2026-09-15T21:33:50.718+0000] {logging_mixin.py:188} INFO - [2026-09-15T21:33:50.718+0000] {dag.py:3947} INFO - Setting next_dagrun for example_branch_python_operator_decorator to 2026-09-14 00:00:00+00:00, run_after=2026-09-15 00:00:00+00:00
[2026-09-15T21:33:50.735+0000] {processor.py:183} INFO - Processing /home/airflow/.local/lib/python3.12/site-packages/airflow/example_dags/example_branch_operator_decorator.py took 0.075 seconds
[2026-09-15T21:34:20.967+0000] {processor.py:161} INFO - Started process (PID=6678) to work on /home/airflow/.local/lib/python3.12/site-packages/airflow/example_dags/example_branch_operator_decorator.py
[2026-09-15T21:34:20.969+0000] {processor.py:830} INFO - Processing file /home/airflow/.local/lib/python3.12/site-packages/airflow/example_dags/example_branch_operator_decorator.py for tasks to queue
[2026-09-15T21:34:20.971+0000] {logging_mixin.py:188} INFO - [2026-09-15T21:34:20.971+0000] {dagbag.py:545} INFO - Filling up the DagBag from /home/airflow/.local/lib/python3.12/site-packages/airflow/example_dags/example_branch_operator_decorator.py
[2026-09-15T21:34:20.985+0000] {processor.py:840} INFO - DAG(s) 'example_branch_python_operator_decorator' retrieved from /home/airflow/.local/lib/python3.12/site-packages/airflow/example_dags/example_branch_operator_decorator.py
[2026-09-15T21:34:21.010+0000] {logging_mixin.py:188} INFO - [2026-09-15T21:34:21.009+0000] {dag.py:3089} INFO - Sync 1 DAGs
[2026-09-15T21:34:21.026+0000] {logging_mixin.py:188} INFO - [2026-09-15T21:34:21.026+0000] {dag.py:3947} INFO - Setting next_dagrun for example_branch_python_operator_decorator to 2026-09-14 00:00:00+00:00, run_after=2026-09-15 00:00:00+00:00
[2026-09-15T21:34:21.041+0000] {processor.py:183} INFO - Processing /home/airflow/.local/lib/python3.12/site-packages/airflow/example_dags/example_branch_operator_decorator.py took 0.079 seconds
[2026-09-15T21:34:51.438+0000] {processor.py:161} INFO - Started process (PID=6940) to work on /home/airflow/.local/lib/python3.12/site-packages/airflow/example_dags/example_branch_operator_decorator.py
[2026-09-15T21:34:51.439+0000] {processor.py:830} INFO - Processing file /home/airflow/.local/lib/python3.12/site-packages/airflow/example_dags/example_branch_operator_decorator.py for tasks to queue
[2026-09-15T21:34:51.441+0000] {logging_mixin.py:188} INFO - [2026-09-15T21:34:51.441+0000] {dagbag.py:545} INFO - Filling up the DagBag from /home/airflow/.local/lib/python3.12/site-packages/airflow/example_dags/example_branch_operator_decorator.py
[2026-09-15T21:34:51.457+0000] {processor.py:840} INFO - DAG(s) 'example_branch_python_operator_decorator' retrieved from /home/airflow/.local/lib/python3.12/site-packages/airflow/example_dags/example_branch_operator_decorator.py
[2026-09-15T21:34:51.482+0000] {logging_mixin.py:188} INFO - [2026-09-15T21:34:51.482+0000] {dag.py:3089} INFO - Sync 1 DAGs
[2026-09-15T21:34:51.498+0000] {logging_mixin.py:188} INFO - [2026-09-15T21:34:51.498+0000] {dag.py:3947} INFO - Setting next_dagrun for example_branch_python_operator_decorator to 2026-09-14 00:00:00+00:00, run_after=2026-09-15 00:00:00+00:00
[2026-09-15T21:34:51.514+0000] {processor.py:183} INFO - Processing /home/airflow/.local/lib/python3.12/site-packages/airflow/example_dags/example_branch_operator_decorator.py took 0.081 seconds
[2026-09-15T21:35:21.783+0000] {processor.py:161} INFO - Started process (PID=7206) to work on /home/airflow/.local/lib/python3.12/site-packages/airflow/example_dags/example_branch_operator_decorator.py
[2026-09-15T21:35:21.784+0000] {processor.py:830} INFO - Processing file /home/airflow/.local/lib/python3.12/site-packages/airflow/example_dags/example_branch_operator_decorator.py for tasks to queue
[2026-09-15T21:35:21.786+0000] {logging_mixin.py:188} INFO - [2026-09-15T21:35:21.786+0000] {dagbag.py:545} INFO - Filling up the DagBag from /home/airflow/.local/lib/python3.12/site-packages/airflow/example_dags/example_branch_operator_decorator.py
[2026-09-15T21:35:21.799+0000] {processor.py:840} INFO - DAG(s) 'example_branch_python_operator_decorator' retrieved from /home/airflow/.local/lib/python3.12/site-packages/airflow/example_dags/example_branch_operator_decorator.py
[2026-09-15T21:35:21.821+0000] {logging_mixin.py:188} INFO - [2026-09-15T21:35:21.821+0000] {dag.py:3089} INFO - Sync 1 DAGs
[2026-09-15T21:35:21.840+0000] {logging_mixin.py:188} INFO - [2026-09-15T21:35:21.839+0000] {dag.py:3947} INFO - Setting next_dagrun for example_branch_python_operator_decorator to 2026-09-14 00:00:00+00:00, run_after=2026-09-15 00:00:00+00:00
[2026-09-15T21:35:21.858+0000] {processor.py:183} INFO - Processing /home/airflow/.local/lib/python3.12/site-packages/airflow/example_dags/example_branch_operator_decorator.py took 0.079 seconds
[2026-09-15T21:35:51.993+0000] {processor.py:161} INFO - Started process (PID=7468) to work on /home/airflow/.local/lib/python3.12/site-packages/airflow/example_dags/example_branch_operator_decorator.py
[2026-09-15T21:35:51.994+0000] {processor.py:830} INFO - Processing file /home/airflow/.local/lib/python3.12/site-packages/airflow/example_dags/example_branch_operator_decorator.py for tasks to queue
[2026-09-15T21:35:51.996+0000] {logging_mixin.py:188} INFO - [2026-09-15T21:35:51.996+0000] {dagbag.py:545} INFO - Filling up the DagBag from /home/airflow/.local/lib/python3.12/site-packages/airflow/example_dags/example_branch_operator_decorator.py
[2026-09-15T21:35:52.010+0000] {processor.py:840} INFO - DAG(s) 'example_branch_python_operator_decorator' retrieved from /home/airflow/.local/lib/python3.12/site-packages/airflow/example_dags/example_branch_operator_decorator.py
[2026-09-15T21:35:52.033+0000] {logging_mixin.py:188} INFO - [2026-09-15T21:35:52.033+0000] {dag.py:3089} INFO - Sync 1 DAGs
[2026-09-15T21:35:52.052+0000] {logging_mixin.py:188} INFO - [2026-09-15T21:35:52.052+0000] {dag.py:3947} INFO - Setting next_dagrun for example_branch_python_operator_decorator to 2026-09-14 00:00:00+00:00, run_after=2026-09-15 00:00:00+00:00
[2026-09-15T21:35:52.068+0000] {processor.py:183} INFO - Processing /home/airflow/.local/lib/python3.12/site-packages/airflow/example_dags/example_branch_operator_decorator.py took 0.080 seconds
[2026-09-15T21:36:22.215+0000] {processor.py:161} INFO - Started process (PID=7728) to work on /home/airflow/.local/lib/python3.12/site-packages/airflow/example_dags/example_branch_operator_decorator.py
[2026-09-15T21:36:22.217+0000] {processor.py:830} INFO - Processing file /home/airflow/.local/lib/python3.12/site-packages/airflow/example_dags/example_branch_operator_decorator.py for tasks to queue
[2026-09-15T21:36:22.220+0000] {logging_mixin.py:188} INFO - [2026-09-15T21:36:22.219+0000] {dagbag.py:545} INFO - Filling up the DagBag from /home/airflow/.local/lib/python3.12/site-packages/airflow/example_dags/example_branch_operator_decorator.py
[2026-09-15T21:36:22.248+0000] {processor.py:840} INFO - DAG(s) 'example_branch_python_operator_decorator' retrieved from /home/airflow/.local/lib/python3.12/site-packages/airflow/example_dags/example_branch_operator_decorator.py
[2026-09-15T21:36:22.279+0000] {logging_mixin.py:188} INFO - [2026-09-15T21:36:22.279+0000] {dag.py:3089} INFO - Sync 1 DAGs
[2026-09-15T21:36:22.297+0000] {logging_mixin.py:188} INFO - [2026-09-15T21:36:22.297+0000] {dag.py:3947} INFO - Setting next_dagrun for example_branch_python_operator_decorator to 2026-09-14 00:00:00+00:00, run_after=2026-09-15 00:00:00+00:00
[2026-09-15T21:36:22.313+0000] {processor.py:183} INFO - Processing /home/airflow/.local/lib/python3.12/site-packages/airflow/example_dags/example_branch_operator_decorator.py took 0.106 seconds
[2026-09-15T21:36:52.635+0000] {processor.py:161} INFO - Started process (PID=7992) to work on /home/airflow/.local/lib/python3.12/site-packages/airflow/example_dags/example_branch_operator_decorator.py
[2026-09-15T21:36:52.636+0000] {processor.py:830} INFO - Processing file /home/airflow/.local/lib/python3.12/site-packages/airflow/example_dags/example_branch_operator_decorator.py for tasks to queue
[2026-09-15T21:36:52.637+0000] {logging_mixin.py:188} INFO - [2026-09-15T21:36:52.637+0000] {dagbag.py:545} INFO - Filling up the DagBag from /home/airflow/.local/lib/python3.12/site-packages/airflow/example_dags/example_branch_operator_decorator.py
[2026-09-15T21:36:52.650+0000] {processor.py:840} INFO - DAG(s) 'example_branch_python_operator_decorator' retrieved from /home/airflow/.local/lib/python3.12/site-packages/airflow/example_dags/example_branch_operator_decorator.py
[2026-09-15T21:36:52.669+0000] {logging_mixin.py:188} INFO - [2026-09-15T21:36:52.669+0000] {dag.py:3089} INFO - Sync 1 DAGs
[2026-09-15T21:36:52.684+0000] {logging_mixin.py:188} INFO - [2026-09-15T21:36:52.684+0000] {dag.py:3947} INFO - Setting next_dagrun for example_branch_python_operator_decorator to 2026-09-14 00:00:00+00:00, run_after=2026-09-15 00:00:00+00:00
[2026-09-15T21:36:52.698+0000] {processor.py:183} INFO - Processing /home/airflow/.local/lib/python3.12/site-packages/airflow/example_dags/example_branch_operator_decorator.py took 0.067 seconds
[2026-09-15T21:37:23.646+0000] {processor.py:161} INFO - Started process (PID=8252) to work on /home/airflow/.local/lib/python3.12/site-packages/airflow/example_dags/example_branch_operator_decorator.py
[2026-09-15T21:37:23.648+0000] {processor.py:830} INFO - Processing file /home/airflow/.local/lib/python3.12/site-packages/airflow/example_dags/example_branch_operator_decorator.py for tasks to queue
[2026-09-15T21:37:23.649+0000] {logging_mixin.py:188} INFO - [2026-09-15T21:37:23.649+0000] {dagbag.py:545} INFO - Filling up the DagBag from /home/airflow/.local/lib/python3.12/site-packages/airflow/example_dags/example_branch_operator_decorator.py
[2026-09-15T21:37:23.663+0000] {processor.py:840} INFO - DAG(s) 'example_branch_python_operator_decorator' retrieved from /home/airflow/.local/lib/python3.12/site-packages/airflow/example_dags/example_branch_operator_decorator.py
[2026-09-15T21:37:23.684+0000] {logging_mixin.py:188} INFO - [2026-09-15T21:37:23.684+0000] {dag.py:3089} INFO - Sync 1 DAGs
[2026-09-15T21:37:23.702+0000] {logging_mixin.py:188} INFO - [2026-09-15T21:37:23.702+0000] {dag.py:3947} INFO - Setting next_dagrun for example_branch_python_operator_decorator to 2026-09-14 00:00:00+00:00, run_after=2026-09-15 00:00:00+00:00
[2026-09-15T21:37:23.717+0000] {processor.py:183} INFO - Processing /home/airflow/.local/lib/python3.12/site-packages/airflow/example_dags/example_branch_operator_decorator.py took 0.076 seconds
[2026-09-15T21:37:54.261+0000] {processor.py:161} INFO - Started process (PID=8514) to work on /home/airflow/.local/lib/python3.12/site-packages/airflow/example_dags/example_branch_operator_decorator.py
[2026-09-15T21:37:54.263+0000] {processor.py:830} INFO - Processing file /home/airflow/.local/lib/python3.12/site-packages/airflow/example_dags/example_branch_operator_decorator.py for tasks to queue
[2026-09-15T21:37:54.267+0000] {logging_mixin.py:188} INFO - [2026-09-15T21:37:54.266+0000] {dagbag.py:545} INFO - Filling up the DagBag from /home/airflow/.local/lib/python3.12/site-packages/airflow/example_dags/example_branch_operator_decorator.py
[2026-09-15T21:37:54.287+0000] {processor.py:840} INFO - DAG(s) 'example_branch_python_operator_decorator' retrieved from /home/airflow/.local/lib/python3.12/site-packages/airflow/example_dags/example_branch_operator_decorator.py
[2026-09-15T21:37:54.314+0000] {logging_mixin.py:188} INFO - [2026-09-15T21:37:54.313+0000] {dag.py:3089} INFO - Sync 1 DAGs
[2026-09-15T21:37:54.332+0000] {logging_mixin.py:188} INFO - [2026-09-15T21:37:54.332+0000] {dag.py:3947} INFO - Setting next_dagrun for example_branch_python_operator_decorator to 2026-09-14 00:00:00+00:00, run_after=2026-09-15 00:00:00+00:00
[2026-09-15T21:37:54.349+0000] {processor.py:183} INFO - Processing /home/airflow/.local/lib/python3.12/site-packages/airflow/example_dags/example_branch_operator_decorator.py took 0.095 seconds
[2026-09-15T21:38:24.758+0000] {processor.py:161} INFO - Started process (PID=8778) to work on /home/airflow/.local/lib/python3.12/site-packages/airflow/example_dags/example_branch_operator_decorator.py
[2026-09-15T21:38:24.759+0000] {processor.py:830} INFO - Processing file /home/airflow/.local/lib/python3.12/site-packages/airflow/example_dags/example_branch_operator_decorator.py for tasks to queue
[2026-09-15T21:38:24.760+0000] {logging_mixin.py:188} INFO - [2026-09-15T21:38:24.760+0000] {dagbag.py:545} INFO - Filling up the DagBag from /home/airflow/.local/lib/python3.12/site-packages/airflow/example_dags/example_branch_operator_decorator.py
[2026-09-15T21:38:24.774+0000] {processor.py:840} INFO - DAG(s) 'example_branch_python_operator_decorator' retrieved from /home/airflow/.local/lib/python3.12/site-packages/airflow/example_dags/example_branch_operator_decorator.py
[2026-09-15T21:38:24.795+0000] {logging_mixin.py:188} INFO - [2026-09-15T21:38:24.794+0000] {dag.py:3089} INFO - Sync 1 DAGs
[2026-09-15T21:38:24.815+0000] {logging_mixin.py:188} INFO - [2026-09-15T21:38:24.815+0000] {dag.py:3947} INFO - Setting next_dagrun for example_branch_python_operator_decorator to 2026-09-14 00:00:00+00:00, run_after=2026-09-15 00:00:00+00:00
[2026-09-15T21:38:24.831+0000] {processor.py:183} INFO - Processing /home/airflow/.local/lib/python3.12/site-packages/airflow/example_dags/example_branch_operator_decorator.py took 0.077 seconds
[2026-09-15T21:38:55.594+0000] {processor.py:161} INFO - Started process (PID=9067) to work on /home/airflow/.local/lib/python3.12/site-packages/airflow/example_dags/example_branch_operator_decorator.py
[2026-09-15T21:38:55.595+0000] {processor.py:830} INFO - Processing file /home/airflow/.local/lib/python3.12/site-packages/airflow/example_dags/example_branch_operator_decorator.py for tasks to queue
[2026-09-15T21:38:55.596+0000] {logging_mixin.py:188} INFO - [2026-09-15T21:38:55.596+0000] {dagbag.py:545} INFO - Filling up the DagBag from /home/airflow/.local/lib/python3.12/site-packages/airflow/example_dags/example_branch_operator_decorator.py
[2026-09-15T21:38:55.609+0000] {processor.py:840} INFO - DAG(s) 'example_branch_python_operator_decorator' retrieved from /home/airflow/.local/lib/python3.12/site-packages/airflow/example_dags/example_branch_operator_decorator.py
[2026-09-15T21:38:55.632+0000] {logging_mixin.py:188} INFO - [2026-09-15T21:38:55.632+0000] {dag.py:3089} INFO - Sync 1 DAGs
[2026-09-15T21:38:55.652+0000] {logging_mixin.py:188} INFO - [2026-09-15T21:38:55.652+0000] {dag.py:3947} INFO - Setting next_dagrun for example_branch_python_operator_decorator to 2026-09-14 00:00:00+00:00, run_after=2026-09-15 00:00:00+00:00
[2026-09-15T21:38:55.671+0000] {processor.py:183} INFO - Processing /home/airflow/.local/lib/python3.12/site-packages/airflow/example_dags/example_branch_operator_decorator.py took 0.081 seconds
[2026-09-15T21:39:25.907+0000] {processor.py:161} INFO - Started process (PID=9326) to work on /home/airflow/.local/lib/python3.12/site-packages/airflow/example_dags/example_branch_operator_decorator.py
[2026-09-15T21:39:25.909+0000] {processor.py:830} INFO - Processing file /home/airflow/.local/lib/python3.12/site-packages/airflow/example_dags/example_branch_operator_decorator.py for tasks to queue
[2026-09-15T21:39:25.912+0000] {logging_mixin.py:188} INFO - [2026-09-15T21:39:25.911+0000] {dagbag.py:545} INFO - Filling up the DagBag from /home/airflow/.local/lib/python3.12/site-packages/airflow/example_dags/example_branch_operator_decorator.py
[2026-09-15T21:39:25.936+0000] {processor.py:840} INFO - DAG(s) 'example_branch_python_operator_decorator' retrieved from /home/airflow/.local/lib/python3.12/site-packages/airflow/example_dags/example_branch_operator_decorator.py
[2026-09-15T21:39:25.973+0000] {logging_mixin.py:188} INFO - [2026-09-15T21:39:25.973+0000] {dag.py:3089} INFO - Sync 1 DAGs
[2026-09-15T21:39:26.004+0000] {logging_mixin.py:188} INFO - [2026-09-15T21:39:26.003+0000] {dag.py:3947} INFO - Setting next_dagrun for example_branch_python_operator_decorator to 2026-09-14 00:00:00+00:00, run_after=2026-09-15 00:00:00+00:00
[2026-09-15T21:39:26.029+0000] {processor.py:183} INFO - Processing /home/airflow/.local/lib/python3.12/site-packages/airflow/example_dags/example_branch_operator_decorator.py took 0.128 seconds
[2026-09-15T21:39:56.094+0000] {processor.py:161} INFO - Started process (PID=9588) to work on /home/airflow/.local/lib/python3.12/site-packages/airflow/example_dags/example_branch_operator_decorator.py
[2026-09-15T21:39:56.095+0000] {processor.py:830} INFO - Processing file /home/airflow/.local/lib/python3.12/site-packages/airflow/example_dags/example_branch_operator_decorator.py for tasks to queue
[2026-09-15T21:39:56.097+0000] {logging_mixin.py:188} INFO - [2026-09-15T21:39:56.097+0000] {dagbag.py:545} INFO - Filling up the DagBag from /home/airflow/.local/lib/python3.12/site-packages/airflow/example_dags/example_branch_operator_decorator.py
[2026-09-15T21:39:56.110+0000] {processor.py:840} INFO - DAG(s) 'example_branch_python_operator_decorator' retrieved from /home/airflow/.local/lib/python3.12/site-packages/airflow/example_dags/example_branch_operator_decorator.py
[2026-09-15T21:39:56.132+0000] {logging_mixin.py:188} INFO - [2026-09-15T21:39:56.132+0000] {dag.py:3089} INFO - Sync 1 DAGs
[2026-09-15T21:39:56.153+0000] {logging_mixin.py:188} INFO - [2026-09-15T21:39:56.153+0000] {dag.py:3947} INFO - Setting next_dagrun for example_branch_python_operator_decorator to 2026-09-14 00:00:00+00:00, run_after=2026-09-15 00:00:00+00:00
[2026-09-15T21:39:56.172+0000] {processor.py:183} INFO - Processing /home/airflow/.local/lib/python3.12/site-packages/airflow/example_dags/example_branch_operator_decorator.py took 0.083 seconds
[2026-09-15T21:40:26.313+0000] {processor.py:161} INFO - Started process (PID=9850) to work on /home/airflow/.local/lib/python3.12/site-packages/airflow/example_dags/example_branch_operator_decorator.py
[2026-09-15T21:40:26.315+0000] {processor.py:830} INFO - Processing file /home/airflow/.local/lib/python3.12/site-packages/airflow/example_dags/example_branch_operator_decorator.py for tasks to queue
[2026-09-15T21:40:26.317+0000] {logging_mixin.py:188} INFO - [2026-09-15T21:40:26.316+0000] {dagbag.py:545} INFO - Filling up the DagBag from /home/airflow/.local/lib/python3.12/site-packages/airflow/example_dags/example_branch_operator_decorator.py
[2026-09-15T21:40:26.332+0000] {processor.py:840} INFO - DAG(s) 'example_branch_python_operator_decorator' retrieved from /home/airflow/.local/lib/python3.12/site-packages/airflow/example_dags/example_branch_operator_decorator.py
[2026-09-15T21:40:26.359+0000] {logging_mixin.py:188} INFO - [2026-09-15T21:40:26.359+0000] {dag.py:3089} INFO - Sync 1 DAGs
[2026-09-15T21:40:26.378+0000] {logging_mixin.py:188} INFO - [2026-09-15T21:40:26.377+0000] {dag.py:3947} INFO - Setting next_dagrun for example_branch_python_operator_decorator to 2026-09-14 00:00:00+00:00, run_after=2026-09-15 00:00:00+00:00
[2026-09-15T21:40:26.394+0000] {processor.py:183} INFO - Processing /home/airflow/.local/lib/python3.12/site-packages/airflow/example_dags/example_branch_operator_decorator.py took 0.085 seconds
[2026-09-15T21:40:56.877+0000] {processor.py:161} INFO - Started process (PID=10110) to work on /home/airflow/.local/lib/python3.12/site-packages/airflow/example_dags/example_branch_operator_decorator.py
[2026-09-15T21:40:56.878+0000] {processor.py:830} INFO - Processing file /home/airflow/.local/lib/python3.12/site-packages/airflow/example_dags/example_branch_operator_decorator.py for tasks to queue
[2026-09-15T21:40:56.880+0000] {logging_mixin.py:188} INFO - [2026-09-15T21:40:56.880+0000] {dagbag.py:545} INFO - Filling up the DagBag from /home/airflow/.local/lib/python3.12/site-packages/airflow/example_dags/example_branch_operator_decorator.py
[2026-09-15T21:40:56.895+0000] {processor.py:840} INFO - DAG(s) 'example_branch_python_operator_decorator' retrieved from /home/airflow/.local/lib/python3.12/site-packages/airflow/example_dags/example_branch_operator_decorator.py
[2026-09-15T21:40:56.918+0000] {logging_mixin.py:188} INFO - [2026-09-15T21:40:56.917+0000] {dag.py:3089} INFO - Sync 1 DAGs
[2026-09-15T21:40:56.934+0000] {logging_mixin.py:188} INFO - [2026-09-15T21:40:56.934+0000] {dag.py:3947} INFO - Setting next_dagrun for example_branch_python_operator_decorator to 2026-09-14 00:00:00+00:00, run_after=2026-09-15 00:00:00+00:00
[2026-09-15T21:40:56.951+0000] {processor.py:183} INFO - Processing /home/airflow/.local/lib/python3.12/site-packages/airflow/example_dags/example_branch_operator_decorator.py took 0.078 seconds
[2026-09-15T21:41:27.865+0000] {processor.py:161} INFO - Started process (PID=10372) to work on /home/airflow/.local/lib/python3.12/site-packages/airflow/example_dags/example_branch_operator_decorator.py
[2026-09-15T21:41:27.866+0000] {processor.py:830} INFO - Processing file /home/airflow/.local/lib/python3.12/site-packages/airflow/example_dags/example_branch_operator_decorator.py for tasks to queue
[2026-09-15T21:41:27.868+0000] {logging_mixin.py:188} INFO - [2026-09-15T21:41:27.867+0000] {dagbag.py:545} INFO - Filling up the DagBag from /home/airflow/.local/lib/python3.12/site-packages/airflow/example_dags/example_branch_operator_decorator.py
[2026-09-15T21:41:27.881+0000] {processor.py:840} INFO - DAG(s) 'example_branch_python_operator_decorator' retrieved from /home/airflow/.local/lib/python3.12/site-packages/airflow/example_dags/example_branch_operator_decorator.py
[2026-09-15T21:41:27.902+0000] {logging_mixin.py:188} INFO - [2026-09-15T21:41:27.902+0000] {dag.py:3089} INFO - Sync 1 DAGs
[2026-09-15T21:41:27.919+0000] {logging_mixin.py:188} INFO - [2026-09-15T21:41:27.919+0000] {dag.py:3947} INFO - Setting next_dagrun for example_branch_python_operator_decorator to 2026-09-14 00:00:00+00:00, run_after=2026-09-15 00:00:00+00:00
[2026-09-15T21:41:27.935+0000] {processor.py:183} INFO - Processing /home/airflow/.local/lib/python3.12/site-packages/airflow/example_dags/example_branch_operator_decorator.py took 0.074 seconds
[2026-09-15T21:41:58.561+0000] {processor.py:161} INFO - Started process (PID=10634) to work on /home/airflow/.local/lib/python3.12/site-packages/airflow/example_dags/example_branch_operator_decorator.py
[2026-09-15T21:41:58.563+0000] {processor.py:830} INFO - Processing file /home/airflow/.local/lib/python3.12/site-packages/airflow/example_dags/example_branch_operator_decorator.py for tasks to queue
[2026-09-15T21:41:58.565+0000] {logging_mixin.py:188} INFO - [2026-09-15T21:41:58.565+0000] {dagbag.py:545} INFO - Filling up the DagBag from /home/airflow/.local/lib/python3.12/site-packages/airflow/example_dags/example_branch_operator_decorator.py
[2026-09-15T21:41:58.581+0000] {processor.py:840} INFO - DAG(s) 'example_branch_python_operator_decorator' retrieved from /home/airflow/.local/lib/python3.12/site-packages/airflow/example_dags/example_branch_operator_decorator.py
[2026-09-15T21:41:58.745+0000] {logging_mixin.py:188} INFO - [2026-09-15T21:41:58.744+0000] {dag.py:3089} INFO - Sync 1 DAGs
[2026-09-15T21:41:58.759+0000] {logging_mixin.py:188} INFO - [2026-09-15T21:41:58.759+0000] {dag.py:3947} INFO - Setting next_dagrun for example_branch_python_operator_decorator to 2026-09-14 00:00:00+00:00, run_after=2026-09-15 00:00:00+00:00
[2026-09-15T21:41:58.773+0000] {processor.py:183} INFO - Processing /home/airflow/.local/lib/python3.12/site-packages/airflow/example_dags/example_branch_operator_decorator.py took 0.216 seconds
[2026-09-15T21:42:29.205+0000] {processor.py:161} INFO - Started process (PID=10896) to work on /home/airflow/.local/lib/python3.12/site-packages/airflow/example_dags/example_branch_operator_decorator.py
[2026-09-15T21:42:29.206+0000] {processor.py:830} INFO - Processing file /home/airflow/.local/lib/python3.12/site-packages/airflow/example_dags/example_branch_operator_decorator.py for tasks to queue
[2026-09-15T21:42:29.208+0000] {logging_mixin.py:188} INFO - [2026-09-15T21:42:29.207+0000] {dagbag.py:545} INFO - Filling up the DagBag from /home/airflow/.local/lib/python3.12/site-packages/airflow/example_dags/example_branch_operator_decorator.py
[2026-09-15T21:42:29.222+0000] {processor.py:840} INFO - DAG(s) 'example_branch_python_operator_decorator' retrieved from /home/airflow/.local/lib/python3.12/site-packages/airflow/example_dags/example_branch_operator_decorator.py
[2026-09-15T21:42:29.245+0000] {logging_mixin.py:188} INFO - [2026-09-15T21:42:29.245+0000] {dag.py:3089} INFO - Sync 1 DAGs
[2026-09-15T21:42:29.424+0000] {logging_mixin.py:188} INFO - [2026-09-15T21:42:29.424+0000] {dag.py:3947} INFO - Setting next_dagrun for example_branch_python_operator_decorator to 2026-09-14 00:00:00+00:00, run_after=2026-09-15 00:00:00+00:00
[2026-09-15T21:42:29.440+0000] {processor.py:183} INFO - Processing /home/airflow/.local/lib/python3.12/site-packages/airflow/example_dags/example_branch_operator_decorator.py took 0.239 seconds
[2026-09-15T21:42:59.731+0000] {processor.py:161} INFO - Started process (PID=11158) to work on /home/airflow/.local/lib/python3.12/site-packages/airflow/example_dags/example_branch_operator_decorator.py
[2026-09-15T21:42:59.732+0000] {processor.py:830} INFO - Processing file /home/airflow/.local/lib/python3.12/site-packages/airflow/example_dags/example_branch_operator_decorator.py for tasks to queue
[2026-09-15T21:42:59.734+0000] {logging_mixin.py:188} INFO - [2026-09-15T21:42:59.734+0000] {dagbag.py:545} INFO - Filling up the DagBag from /home/airflow/.local/lib/python3.12/site-packages/airflow/example_dags/example_branch_operator_decorator.py
[2026-09-15T21:42:59.747+0000] {processor.py:840} INFO - DAG(s) 'example_branch_python_operator_decorator' retrieved from /home/airflow/.local/lib/python3.12/site-packages/airflow/example_dags/example_branch_operator_decorator.py
[2026-09-15T21:42:59.768+0000] {logging_mixin.py:188} INFO - [2026-09-15T21:42:59.768+0000] {dag.py:3089} INFO - Sync 1 DAGs
[2026-09-15T21:42:59.783+0000] {logging_mixin.py:188} INFO - [2026-09-15T21:42:59.783+0000] {dag.py:3947} INFO - Setting next_dagrun for example_branch_python_operator_decorator to 2026-09-14 00:00:00+00:00, run_after=2026-09-15 00:00:00+00:00
[2026-09-15T21:42:59.799+0000] {processor.py:183} INFO - Processing /home/airflow/.local/lib/python3.12/site-packages/airflow/example_dags/example_branch_operator_decorator.py took 0.071 seconds
[2026-09-15T21:43:29.999+0000] {processor.py:161} INFO - Started process (PID=11420) to work on /home/airflow/.local/lib/python3.12/site-packages/airflow/example_dags/example_branch_operator_decorator.py
[2026-09-15T21:43:30.000+0000] {processor.py:830} INFO - Processing file /home/airflow/.local/lib/python3.12/site-packages/airflow/example_dags/example_branch_operator_decorator.py for tasks to queue
[2026-09-15T21:43:30.001+0000] {logging_mixin.py:188} INFO - [2026-09-15T21:43:30.001+0000] {dagbag.py:545} INFO - Filling up the DagBag from /home/airflow/.local/lib/python3.12/site-packages/airflow/example_dags/example_branch_operator_decorator.py
[2026-09-15T21:43:30.014+0000] {processor.py:840} INFO - DAG(s) 'example_branch_python_operator_decorator' retrieved from /home/airflow/.local/lib/python3.12/site-packages/airflow/example_dags/example_branch_operator_decorator.py
[2026-09-15T21:43:30.036+0000] {logging_mixin.py:188} INFO - [2026-09-15T21:43:30.036+0000] {dag.py:3089} INFO - Sync 1 DAGs
[2026-09-15T21:43:30.053+0000] {logging_mixin.py:188} INFO - [2026-09-15T21:43:30.052+0000] {dag.py:3947} INFO - Setting next_dagrun for example_branch_python_operator_decorator to 2026-09-14 00:00:00+00:00, run_after=2026-09-15 00:00:00+00:00
[2026-09-15T21:43:30.067+0000] {processor.py:183} INFO - Processing /home/airflow/.local/lib/python3.12/site-packages/airflow/example_dags/example_branch_operator_decorator.py took 0.072 seconds
[2026-09-15T21:44:00.112+0000] {processor.py:161} INFO - Started process (PID=11682) to work on /home/airflow/.local/lib/python3.12/site-packages/airflow/example_dags/example_branch_operator_decorator.py
[2026-09-15T21:44:00.113+0000] {processor.py:830} INFO - Processing file /home/airflow/.local/lib/python3.12/site-packages/airflow/example_dags/example_branch_operator_decorator.py for tasks to queue
[2026-09-15T21:44:00.114+0000] {logging_mixin.py:188} INFO - [2026-09-15T21:44:00.114+0000] {dagbag.py:545} INFO - Filling up the DagBag from /home/airflow/.local/lib/python3.12/site-packages/airflow/example_dags/example_branch_operator_decorator.py
[2026-09-15T21:44:00.127+0000] {processor.py:840} INFO - DAG(s) 'example_branch_python_operator_decorator' retrieved from /home/airflow/.local/lib/python3.12/site-packages/airflow/example_dags/example_branch_operator_decorator.py
[2026-09-15T21:44:00.148+0000] {logging_mixin.py:188} INFO - [2026-09-15T21:44:00.148+0000] {dag.py:3089} INFO - Sync 1 DAGs
[2026-09-15T21:44:00.164+0000] {logging_mixin.py:188} INFO - [2026-09-15T21:44:00.164+0000] {dag.py:3947} INFO - Setting next_dagrun for example_branch_python_operator_decorator to 2026-09-14 00:00:00+00:00, run_after=2026-09-15 00:00:00+00:00
[2026-09-15T21:44:00.178+0000] {processor.py:183} INFO - Processing /home/airflow/.local/lib/python3.12/site-packages/airflow/example_dags/example_branch_operator_decorator.py took 0.071 seconds
[2026-09-15T21:44:30.327+0000] {processor.py:161} INFO - Started process (PID=11944) to work on /home/airflow/.local/lib/python3.12/site-packages/airflow/example_dags/example_branch_operator_decorator.py
[2026-09-15T21:44:30.329+0000] {processor.py:830} INFO - Processing file /home/airflow/.local/lib/python3.12/site-packages/airflow/example_dags/example_branch_operator_decorator.py for tasks to queue
[2026-09-15T21:44:30.331+0000] {logging_mixin.py:188} INFO - [2026-09-15T21:44:30.331+0000] {dagbag.py:545} INFO - Filling up the DagBag from /home/airflow/.local/lib/python3.12/site-packages/airflow/example_dags/example_branch_operator_decorator.py
[2026-09-15T21:44:30.348+0000] {processor.py:840} INFO - DAG(s) 'example_branch_python_operator_decorator' retrieved from /home/airflow/.local/lib/python3.12/site-packages/airflow/example_dags/example_branch_operator_decorator.py
[2026-09-15T21:44:30.373+0000] {logging_mixin.py:188} INFO - [2026-09-15T21:44:30.373+0000] {dag.py:3089} INFO - Sync 1 DAGs
[2026-09-15T21:44:30.392+0000] {logging_mixin.py:188} INFO - [2026-09-15T21:44:30.391+0000] {dag.py:3947} INFO - Setting next_dagrun for example_branch_python_operator_decorator to 2026-09-14 00:00:00+00:00, run_after=2026-09-15 00:00:00+00:00
[2026-09-15T21:44:30.412+0000] {processor.py:183} INFO - Processing /home/airflow/.local/lib/python3.12/site-packages/airflow/example_dags/example_branch_operator_decorator.py took 0.089 seconds
