[2026-09-15T21:00:59.352+0000] {processor.py:161} INFO - Started process (PID=71) to work on /home/airflow/.local/lib/python3.12/site-packages/airflow/example_dags/example_trigger_target_dag.py
[2026-09-15T21:00:59.353+0000] {processor.py:830} INFO - Processing file /home/airflow/.local/lib/python3.12/site-packages/airflow/example_dags/example_trigger_target_dag.py for tasks to queue
[2026-09-15T21:00:59.356+0000] {logging_mixin.py:188} INFO - [2026-09-15T21:00:59.355+0000] {dagbag.py:545} INFO - Filling up the DagBag from /home/airflow/.local/lib/python3.12/site-packages/airflow/example_dags/example_trigger_target_dag.py
[2026-09-15T21:00:59.361+0000] {processor.py:840} INFO - DAG(s) 'example_trigger_target_dag' retrieved from /home/airflow/.local/lib/python3.12/site-packages/airflow/example_dags/example_trigger_target_dag.py
[2026-09-15T21:00:59.374+0000] {logging_mixin.py:188} INFO - [2026-09-15T21:00:59.374+0000] {dag.py:3089} INFO - Sync 1 DAGs
[2026-09-15T21:00:59.385+0000] {logging_mixin.py:188} INFO - [2026-09-15T21:00:59.385+0000] {dag.py:3947} INFO - Setting next_dagrun for example_trigger_target_dag to None, run_after=None
[2026-09-15T21:00:59.406+0000] {processor.py:183} INFO - Processing /home/airflow/.local/lib/python3.12/site-packages/airflow/example_dags/example_trigger_target_dag.py took 0.059 seconds
[2026-09-15T21:01:30.718+0000] {processor.py:161} INFO - Started process (PID=129) to work on /home/airflow/.local/lib/python3.12/site-packages/airflow/example_dags/example_trigger_target_dag.py
[2026-09-15T21:01:30.719+0000] {processor.py:830} INFO - Processing file /home/airflow/.local/lib/python3.12/site-packages/airflow/example_dags/example_trigger_target_dag.py for tasks to queue
[2026-09-15T21:01:30.721+0000] {logging_mixin.py:188} INFO - [2026-09-15T21:01:30.721+0000] {dagbag.py:545} INFO - Filling up the DagBag from /home/airflow/.local/lib/python3.12/site-packages/airflow/example_dags/example_trigger_target_dag.py
[2026-09-15T21:01:30.728+0000] {processor.py:840} INFO - DAG(s) 'example_trigger_target_dag' retrieved from /home/airflow/.local/lib/python3.12/site-packages/airflow/example_dags/example_trigger_target_dag.py
[2026-09-15T21:01:30.823+0000] {logging_mixin.py:188} INFO - [2026-09-15T21:01:30.823+0000] {dag.py:3089} INFO - Sync 1 DAGs
[2026-09-15T21:01:30.832+0000] {logging_mixin.py:188} INFO - [2026-09-15T21:01:30.832+0000] {dag.py:3947} INFO - Setting next_dagrun for example_trigger_target_dag to None, run_after=None
[2026-09-15T21:01:30.851+0000] {processor.py:183} INFO - Processing /home/airflow/.local/lib/python3.12/site-packages/airflow/example_dags/example_trigger_target_dag.py took 0.139 seconds
[2026-09-15T21:02:00.937+0000] {processor.py:161} INFO - Started process (PID=187) to work on /home/airflow/.local/lib/python3.12/site-packages/airflow/example_dags/example_trigger_target_dag.py
[2026-09-15T21:02:00.939+0000] {processor.py:830} INFO - Processing file /home/airflow/.local/lib/python3.12/site-packages/airflow/example_dags/example_trigger_target_dag.py for tasks to queue
[2026-09-15T21:02:00.941+0000] {logging_mixin.py:188} INFO - [2026-09-15T21:02:00.941+0000] {dagbag.py:545} INFO - Filling up the DagBag from /home/airflow/.local/lib/python3.12/site-packages/airflow/example_dags/example_trigger_target_dag.py
[2026-09-15T21:02:00.947+0000] {processor.py:840} INFO - DAG(s) 'example_trigger_target_dag' retrieved from /home/airflow/.local/lib/python3.12/site-packages/airflow/example_dags/example_trigger_target_dag.py
[2026-09-15T21:02:00.966+0000] {logging_mixin.py:188} INFO - [2026-09-15T21:02:00.966+0000] {dag.py:3089} INFO - Sync 1 DAGs
[2026-09-15T21:02:00.979+0000] {logging_mixin.py:188} INFO - [2026-09-15T21:02:00.978+0000] {dag.py:3947} INFO - Setting next_dagrun for example_trigger_target_dag to None, run_after=None
[2026-09-15T21:02:00.994+0000] {processor.py:183} INFO - Processing /home/airflow/.local/lib/python3.12/site-packages/airflow/example_dags/example_trigger_target_dag.py took 0.064 seconds
[2026-09-15T21:02:31.451+0000] {processor.py:161} INFO - Started process (PID=252) to work on /home/airflow/.local/lib/python3.12/site-packages/airflow/example_dags/example_trigger_target_dag.py
[2026-09-15T21:02:31.453+0000] {processor.py:830} INFO - Processing file /home/airflow/.local/lib/python3.12/site-packages/airflow/example_dags/example_trigger_target_dag.py for tasks to queue
[2026-09-15T21:02:31.454+0000] {logging_mixin.py:188} INFO - [2026-09-15T21:02:31.454+0000] {dagbag.py:545} INFO - Filling up the DagBag from /home/airflow/.local/lib/python3.12/site-packages/airflow/example_dags/example_trigger_target_dag.py
[2026-09-15T21:02:31.459+0000] {processor.py:840} INFO - DAG(s) 'example_trigger_target_dag' retrieved from /home/airflow/.local/lib/python3.12/site-packages/airflow/example_dags/example_trigger_target_dag.py
[2026-09-15T21:02:31.478+0000] {logging_mixin.py:188} INFO - [2026-09-15T21:02:31.477+0000] {dag.py:3089} INFO - Sync 1 DAGs
[2026-09-15T21:02:31.490+0000] {logging_mixin.py:188} INFO - [2026-09-15T21:02:31.490+0000] {dag.py:3947} INFO - Setting next_dagrun for example_trigger_target_dag to None, run_after=None
[2026-09-15T21:02:31.505+0000] {processor.py:183} INFO - Processing /home/airflow/.local/lib/python3.12/site-packages/airflow/example_dags/example_trigger_target_dag.py took 0.057 seconds
[2026-09-15T21:03:01.721+0000] {processor.py:161} INFO - Started process (PID=310) to work on /home/airflow/.local/lib/python3.12/site-packages/airflow/example_dags/example_trigger_target_dag.py
[2026-09-15T21:03:01.722+0000] {processor.py:830} INFO - Processing file /home/airflow/.local/lib/python3.12/site-packages/airflow/example_dags/example_trigger_target_dag.py for tasks to queue
[2026-09-15T21:03:01.724+0000] {logging_mixin.py:188} INFO - [2026-09-15T21:03:01.723+0000] {dagbag.py:545} INFO - Filling up the DagBag from /home/airflow/.local/lib/python3.12/site-packages/airflow/example_dags/example_trigger_target_dag.py
[2026-09-15T21:03:01.728+0000] {processor.py:840} INFO - DAG(s) 'example_trigger_target_dag' retrieved from /home/airflow/.local/lib/python3.12/site-packages/airflow/example_dags/example_trigger_target_dag.py
[2026-09-15T21:03:01.744+0000] {logging_mixin.py:188} INFO - [2026-09-15T21:03:01.744+0000] {dag.py:3089} INFO - Sync 1 DAGs
[2026-09-15T21:03:01.753+0000] {logging_mixin.py:188} INFO - [2026-09-15T21:03:01.752+0000] {dag.py:3947} INFO - Setting next_dagrun for example_trigger_target_dag to None, run_after=None
[2026-09-15T21:03:01.768+0000] {processor.py:183} INFO - Processing /home/airflow/.local/lib/python3.12/site-packages/airflow/example_dags/example_trigger_target_dag.py took 0.051 seconds
[2026-09-15T21:03:31.854+0000] {processor.py:161} INFO - Started process (PID=368) to work on /home/airflow/.local/lib/python3.12/site-packages/airflow/example_dags/example_trigger_target_dag.py
[2026-09-15T21:03:31.856+0000] {processor.py:830} INFO - Processing file /home/airflow/.local/lib/python3.12/site-packages/airflow/example_dags/example_trigger_target_dag.py for tasks to queue
[2026-09-15T21:03:31.858+0000] {logging_mixin.py:188} INFO - [2026-09-15T21:03:31.857+0000] {dagbag.py:545} INFO - Filling up the DagBag from /home/airflow/.local/lib/python3.12/site-packages/airflow/example_dags/example_trigger_target_dag.py
[2026-09-15T21:03:31.863+0000] {processor.py:840} INFO - DAG(s) 'example_trigger_target_dag' retrieved from /home/airflow/.local/lib/python3.12/site-packages/airflow/example_dags/example_trigger_target_dag.py
[2026-09-15T21:03:31.880+0000] {logging_mixin.py:188} INFO - [2026-09-15T21:03:31.880+0000] {dag.py:3089} INFO - Sync 1 DAGs
[2026-09-15T21:03:31.889+0000] {logging_mixin.py:188} INFO - [2026-09-15T21:03:31.889+0000] {dag.py:3947} INFO - Setting next_dagrun for example_trigger_target_dag to None, run_after=None
[2026-09-15T21:03:31.905+0000] {processor.py:183} INFO - Processing /home/airflow/.local/lib/python3.12/site-packages/airflow/example_dags/example_trigger_target_dag.py took 0.055 seconds
[2026-09-15T21:04:02.120+0000] {processor.py:161} INFO - Started process (PID=426) to work on /home/airflow/.local/lib/python3.12/site-packages/airflow/example_dags/example_trigger_target_dag.py
[2026-09-15T21:04:02.121+0000] {processor.py:830} INFO - Processing file /home/airflow/.local/lib/python3.12/site-packages/airflow/example_dags/example_trigger_target_dag.py for tasks to queue
[2026-09-15T21:04:02.123+0000] {logging_mixin.py:188} INFO - [2026-09-15T21:04:02.123+0000] {dagbag.py:545} INFO - Filling up the DagBag from /home/airflow/.local/lib/python3.12/site-packages/airflow/example_dags/example_trigger_target_dag.py
[2026-09-15T21:04:02.128+0000] {processor.py:840} INFO - DAG(s) 'example_trigger_target_dag' retrieved from /home/airflow/.local/lib/python3.12/site-packages/airflow/example_dags/example_trigger_target_dag.py
[2026-09-15T21:04:02.144+0000] {logging_mixin.py:188} INFO - [2026-09-15T21:04:02.144+0000] {dag.py:3089} INFO - Sync 1 DAGs
[2026-09-15T21:04:02.153+0000] {logging_mixin.py:188} INFO - [2026-09-15T21:04:02.153+0000] {dag.py:3947} INFO - Setting next_dagrun for example_trigger_target_dag to None, run_after=None
[2026-09-15T21:04:02.169+0000] {processor.py:183} INFO - Processing /home/airflow/.local/lib/python3.12/site-packages/airflow/example_dags/example_trigger_target_dag.py took 0.053 seconds
[2026-09-15T21:04:32.294+0000] {processor.py:161} INFO - Started process (PID=484) to work on /home/airflow/.local/lib/python3.12/site-packages/airflow/example_dags/example_trigger_target_dag.py
[2026-09-15T21:04:32.295+0000] {processor.py:830} INFO - Processing file /home/airflow/.local/lib/python3.12/site-packages/airflow/example_dags/example_trigger_target_dag.py for tasks to queue
[2026-09-15T21:04:32.297+0000] {logging_mixin.py:188} INFO - [2026-09-15T21:04:32.297+0000] {dagbag.py:545} INFO - Filling up the DagBag from /home/airflow/.local/lib/python3.12/site-packages/airflow/example_dags/example_trigger_target_dag.py
[2026-09-15T21:04:32.302+0000] {processor.py:840} INFO - DAG(s) 'example_trigger_target_dag' retrieved from /home/airflow/.local/lib/python3.12/site-packages/airflow/example_dags/example_trigger_target_dag.py
[2026-09-15T21:04:32.319+0000] {logging_mixin.py:188} INFO - [2026-09-15T21:04:32.318+0000] {dag.py:3089} INFO - Sync 1 DAGs
[2026-09-15T21:04:32.329+0000] {logging_mixin.py:188} INFO - [2026-09-15T21:04:32.329+0000] {dag.py:3947} INFO - Setting next_dagrun for example_trigger_target_dag to None, run_after=None
[2026-09-15T21:04:32.343+0000] {processor.py:183} INFO - Processing /home/airflow/.local/lib/python3.12/site-packages/airflow/example_dags/example_trigger_target_dag.py took 0.054 seconds
[2026-09-15T21:05:02.499+0000] {processor.py:161} INFO - Started process (PID=542) to work on /home/airflow/.local/lib/python3.12/site-packages/airflow/example_dags/example_trigger_target_dag.py
[2026-09-15T21:05:02.500+0000] {processor.py:830} INFO - Processing file /home/airflow/.local/lib/python3.12/site-packages/airflow/example_dags/example_trigger_target_dag.py for tasks to queue
[2026-09-15T21:05:02.501+0000] {logging_mixin.py:188} INFO - [2026-09-15T21:05:02.501+0000] {dagbag.py:545} INFO - Filling up the DagBag from /home/airflow/.local/lib/python3.12/site-packages/airflow/example_dags/example_trigger_target_dag.py
[2026-09-15T21:05:02.506+0000] {processor.py:840} INFO - DAG(s) 'example_trigger_target_dag' retrieved from /home/airflow/.local/lib/python3.12/site-packages/airflow/example_dags/example_trigger_target_dag.py
[2026-09-15T21:05:02.522+0000] {logging_mixin.py:188} INFO - [2026-09-15T21:05:02.522+0000] {dag.py:3089} INFO - Sync 1 DAGs
[2026-09-15T21:05:02.532+0000] {logging_mixin.py:188} INFO - [2026-09-15T21:05:02.532+0000] {dag.py:3947} INFO - Setting next_dagrun for example_trigger_target_dag to None, run_after=None
[2026-09-15T21:05:02.546+0000] {processor.py:183} INFO - Processing /home/airflow/.local/lib/python3.12/site-packages/airflow/example_dags/example_trigger_target_dag.py took 0.052 seconds
[2026-09-15T21:05:33.509+0000] {processor.py:161} INFO - Started process (PID=600) to work on /home/airflow/.local/lib/python3.12/site-packages/airflow/example_dags/example_trigger_target_dag.py
[2026-09-15T21:05:33.510+0000] {processor.py:830} INFO - Processing file /home/airflow/.local/lib/python3.12/site-packages/airflow/example_dags/example_trigger_target_dag.py for tasks to queue
[2026-09-15T21:05:33.511+0000] {logging_mixin.py:188} INFO - [2026-09-15T21:05:33.511+0000] {dagbag.py:545} INFO - Filling up the DagBag from /home/airflow/.local/lib/python3.12/site-packages/airflow/example_dags/example_trigger_target_dag.py
[2026-09-15T21:05:33.516+0000] {processor.py:840} INFO - DAG(s) 'example_trigger_target_dag' retrieved from /home/airflow/.local/lib/python3.12/site-packages/airflow/example_dags/example_trigger_target_dag.py
[2026-09-15T21:05:33.532+0000] {logging_mixin.py:188} INFO - [2026-09-15T21:05:33.531+0000] {dag.py:3089} INFO - Sync 1 DAGs
[2026-09-15T21:05:33.542+0000] {logging_mixin.py:188} INFO - [2026-09-15T21:05:33.541+0000] {dag.py:3947} INFO - Setting next_dagrun for example_trigger_target_dag to None, run_after=None
[2026-09-15T21:05:33.556+0000] {processor.py:183} INFO - Processing /home/airflow/.local/lib/python3.12/site-packages/airflow/example_dags/example_trigger_target_dag.py took 0.052 seconds
[2026-09-15T21:06:03.852+0000] {processor.py:161} INFO - Started process (PID=658) to work on /home/airflow/.local/lib/python3.12/site-packages/airflow/example_dags/example_trigger_target_dag.py
[2026-09-15T21:06:03.853+0000] {processor.py:830} INFO - Processing file /home/airflow/.local/lib/python3.12/site-packages/airflow/example_dags/example_trigger_target_dag.py for tasks to queue
[2026-09-15T21:06:03.855+0000] {logging_mixin.py:188} INFO - [2026-09-15T21:06:03.855+0000] {dagbag.py:545} INFO - Filling up the DagBag from /home/airflow/.local/lib/python3.12/site-packages/airflow/example_dags/example_trigger_target_dag.py
[2026-09-15T21:06:03.860+0000] {processor.py:840} INFO - DAG(s) 'example_trigger_target_dag' retrieved from /home/airflow/.local/lib/python3.12/site-packages/airflow/example_dags/example_trigger_target_dag.py
[2026-09-15T21:06:03.878+0000] {logging_mixin.py:188} INFO - [2026-09-15T21:06:03.878+0000] {dag.py:3089} INFO - Sync 1 DAGs
[2026-09-15T21:06:03.891+0000] {logging_mixin.py:188} INFO - [2026-09-15T21:06:03.891+0000] {dag.py:3947} INFO - Setting next_dagrun for example_trigger_target_dag to None, run_after=None
[2026-09-15T21:06:03.911+0000] {processor.py:183} INFO - Processing /home/airflow/.local/lib/python3.12/site-packages/airflow/example_dags/example_trigger_target_dag.py took 0.062 seconds
[2026-09-15T21:06:34.072+0000] {processor.py:161} INFO - Started process (PID=719) to work on /home/airflow/.local/lib/python3.12/site-packages/airflow/example_dags/example_trigger_target_dag.py
[2026-09-15T21:06:34.073+0000] {processor.py:830} INFO - Processing file /home/airflow/.local/lib/python3.12/site-packages/airflow/example_dags/example_trigger_target_dag.py for tasks to queue
[2026-09-15T21:06:34.076+0000] {logging_mixin.py:188} INFO - [2026-09-15T21:06:34.075+0000] {dagbag.py:545} INFO - Filling up the DagBag from /home/airflow/.local/lib/python3.12/site-packages/airflow/example_dags/example_trigger_target_dag.py
[2026-09-15T21:06:34.081+0000] {processor.py:840} INFO - DAG(s) 'example_trigger_target_dag' retrieved from /home/airflow/.local/lib/python3.12/site-packages/airflow/example_dags/example_trigger_target_dag.py
[2026-09-15T21:06:34.097+0000] {logging_mixin.py:188} INFO - [2026-09-15T21:06:34.097+0000] {dag.py:3089} INFO - Sync 1 DAGs
[2026-09-15T21:06:34.106+0000] {logging_mixin.py:188} INFO - [2026-09-15T21:06:34.106+0000] {dag.py:3947} INFO - Setting next_dagrun for example_trigger_target_dag to None, run_after=None
[2026-09-15T21:06:34.123+0000] {processor.py:183} INFO - Processing /home/airflow/.local/lib/python3.12/site-packages/airflow/example_dags/example_trigger_target_dag.py took 0.055 seconds
[2026-09-15T21:07:04.439+0000] {processor.py:161} INFO - Started process (PID=777) to work on /home/airflow/.local/lib/python3.12/site-packages/airflow/example_dags/example_trigger_target_dag.py
[2026-09-15T21:07:04.440+0000] {processor.py:830} INFO - Processing file /home/airflow/.local/lib/python3.12/site-packages/airflow/example_dags/example_trigger_target_dag.py for tasks to queue
[2026-09-15T21:07:04.442+0000] {logging_mixin.py:188} INFO - [2026-09-15T21:07:04.442+0000] {dagbag.py:545} INFO - Filling up the DagBag from /home/airflow/.local/lib/python3.12/site-packages/airflow/example_dags/example_trigger_target_dag.py
[2026-09-15T21:07:04.448+0000] {processor.py:840} INFO - DAG(s) 'example_trigger_target_dag' retrieved from /home/airflow/.local/lib/python3.12/site-packages/airflow/example_dags/example_trigger_target_dag.py
[2026-09-15T21:07:04.465+0000] {logging_mixin.py:188} INFO - [2026-09-15T21:07:04.465+0000] {dag.py:3089} INFO - Sync 1 DAGs
[2026-09-15T21:07:04.477+0000] {logging_mixin.py:188} INFO - [2026-09-15T21:07:04.477+0000] {dag.py:3947} INFO - Setting next_dagrun for example_trigger_target_dag to None, run_after=None
[2026-09-15T21:07:04.495+0000] {processor.py:183} INFO - Processing /home/airflow/.local/lib/python3.12/site-packages/airflow/example_dags/example_trigger_target_dag.py took 0.061 seconds
[2026-09-15T21:07:34.976+0000] {processor.py:161} INFO - Started process (PID=835) to work on /home/airflow/.local/lib/python3.12/site-packages/airflow/example_dags/example_trigger_target_dag.py
[2026-09-15T21:07:34.977+0000] {processor.py:830} INFO - Processing file /home/airflow/.local/lib/python3.12/site-packages/airflow/example_dags/example_trigger_target_dag.py for tasks to queue
[2026-09-15T21:07:34.979+0000] {logging_mixin.py:188} INFO - [2026-09-15T21:07:34.978+0000] {dagbag.py:545} INFO - Filling up the DagBag from /home/airflow/.local/lib/python3.12/site-packages/airflow/example_dags/example_trigger_target_dag.py
[2026-09-15T21:07:34.984+0000] {processor.py:840} INFO - DAG(s) 'example_trigger_target_dag' retrieved from /home/airflow/.local/lib/python3.12/site-packages/airflow/example_dags/example_trigger_target_dag.py
[2026-09-15T21:07:35.002+0000] {logging_mixin.py:188} INFO - [2026-09-15T21:07:35.001+0000] {dag.py:3089} INFO - Sync 1 DAGs
[2026-09-15T21:07:35.012+0000] {logging_mixin.py:188} INFO - [2026-09-15T21:07:35.011+0000] {dag.py:3947} INFO - Setting next_dagrun for example_trigger_target_dag to None, run_after=None
[2026-09-15T21:07:35.027+0000] {processor.py:183} INFO - Processing /home/airflow/.local/lib/python3.12/site-packages/airflow/example_dags/example_trigger_target_dag.py took 0.057 seconds
[2026-09-15T21:08:05.766+0000] {processor.py:161} INFO - Started process (PID=893) to work on /home/airflow/.local/lib/python3.12/site-packages/airflow/example_dags/example_trigger_target_dag.py
[2026-09-15T21:08:05.767+0000] {processor.py:830} INFO - Processing file /home/airflow/.local/lib/python3.12/site-packages/airflow/example_dags/example_trigger_target_dag.py for tasks to queue
[2026-09-15T21:08:05.769+0000] {logging_mixin.py:188} INFO - [2026-09-15T21:08:05.768+0000] {dagbag.py:545} INFO - Filling up the DagBag from /home/airflow/.local/lib/python3.12/site-packages/airflow/example_dags/example_trigger_target_dag.py
[2026-09-15T21:08:05.774+0000] {processor.py:840} INFO - DAG(s) 'example_trigger_target_dag' retrieved from /home/airflow/.local/lib/python3.12/site-packages/airflow/example_dags/example_trigger_target_dag.py
[2026-09-15T21:08:05.793+0000] {logging_mixin.py:188} INFO - [2026-09-15T21:08:05.792+0000] {dag.py:3089} INFO - Sync 1 DAGs
[2026-09-15T21:08:05.803+0000] {logging_mixin.py:188} INFO - [2026-09-15T21:08:05.803+0000] {dag.py:3947} INFO - Setting next_dagrun for example_trigger_target_dag to None, run_after=None
[2026-09-15T21:08:05.821+0000] {processor.py:183} INFO - Processing /home/airflow/.local/lib/python3.12/site-packages/airflow/example_dags/example_trigger_target_dag.py took 0.060 seconds
[2026-09-15T21:08:36.002+0000] {processor.py:161} INFO - Started process (PID=951) to work on /home/airflow/.local/lib/python3.12/site-packages/airflow/example_dags/example_trigger_target_dag.py
[2026-09-15T21:08:36.003+0000] {processor.py:830} INFO - Processing file /home/airflow/.local/lib/python3.12/site-packages/airflow/example_dags/example_trigger_target_dag.py for tasks to queue
[2026-09-15T21:08:36.005+0000] {logging_mixin.py:188} INFO - [2026-09-15T21:08:36.005+0000] {dagbag.py:545} INFO - Filling up the DagBag from /home/airflow/.local/lib/python3.12/site-packages/airflow/example_dags/example_trigger_target_dag.py
[2026-09-15T21:08:36.010+0000] {processor.py:840} INFO - DAG(s) 'example_trigger_target_dag' retrieved from /home/airflow/.local/lib/python3.12/site-packages/airflow/example_dags/example_trigger_target_dag.py
[2026-09-15T21:08:36.027+0000] {logging_mixin.py:188} INFO - [2026-09-15T21:08:36.027+0000] {dag.py:3089} INFO - Sync 1 DAGs
[2026-09-15T21:08:36.036+0000] {logging_mixin.py:188} INFO - [2026-09-15T21:08:36.036+0000] {dag.py:3947} INFO - Setting next_dagrun for example_trigger_target_dag to None, run_after=None
[2026-09-15T21:08:36.051+0000] {processor.py:183} INFO - Processing /home/airflow/.local/lib/python3.12/site-packages/airflow/example_dags/example_trigger_target_dag.py took 0.053 seconds
[2026-09-15T21:09:06.127+0000] {processor.py:161} INFO - Started process (PID=1008) to work on /home/airflow/.local/lib/python3.12/site-packages/airflow/example_dags/example_trigger_target_dag.py
[2026-09-15T21:09:06.128+0000] {processor.py:830} INFO - Processing file /home/airflow/.local/lib/python3.12/site-packages/airflow/example_dags/example_trigger_target_dag.py for tasks to queue
[2026-09-15T21:09:06.130+0000] {logging_mixin.py:188} INFO - [2026-09-15T21:09:06.129+0000] {dagbag.py:545} INFO - Filling up the DagBag from /home/airflow/.local/lib/python3.12/site-packages/airflow/example_dags/example_trigger_target_dag.py
[2026-09-15T21:09:06.134+0000] {processor.py:840} INFO - DAG(s) 'example_trigger_target_dag' retrieved from /home/airflow/.local/lib/python3.12/site-packages/airflow/example_dags/example_trigger_target_dag.py
[2026-09-15T21:09:06.151+0000] {logging_mixin.py:188} INFO - [2026-09-15T21:09:06.151+0000] {dag.py:3089} INFO - Sync 1 DAGs
[2026-09-15T21:09:06.160+0000] {logging_mixin.py:188} INFO - [2026-09-15T21:09:06.160+0000] {dag.py:3947} INFO - Setting next_dagrun for example_trigger_target_dag to None, run_after=None
[2026-09-15T21:09:06.175+0000] {processor.py:183} INFO - Processing /home/airflow/.local/lib/python3.12/site-packages/airflow/example_dags/example_trigger_target_dag.py took 0.053 seconds
[2026-09-15T21:09:36.281+0000] {processor.py:161} INFO - Started process (PID=1066) to work on /home/airflow/.local/lib/python3.12/site-packages/airflow/example_dags/example_trigger_target_dag.py
[2026-09-15T21:09:36.282+0000] {processor.py:830} INFO - Processing file /home/airflow/.local/lib/python3.12/site-packages/airflow/example_dags/example_trigger_target_dag.py for tasks to queue
[2026-09-15T21:09:36.284+0000] {logging_mixin.py:188} INFO - [2026-09-15T21:09:36.284+0000] {dagbag.py:545} INFO - Filling up the DagBag from /home/airflow/.local/lib/python3.12/site-packages/airflow/example_dags/example_trigger_target_dag.py
[2026-09-15T21:09:36.289+0000] {processor.py:840} INFO - DAG(s) 'example_trigger_target_dag' retrieved from /home/airflow/.local/lib/python3.12/site-packages/airflow/example_dags/example_trigger_target_dag.py
[2026-09-15T21:09:36.304+0000] {logging_mixin.py:188} INFO - [2026-09-15T21:09:36.304+0000] {dag.py:3089} INFO - Sync 1 DAGs
[2026-09-15T21:09:36.314+0000] {logging_mixin.py:188} INFO - [2026-09-15T21:09:36.314+0000] {dag.py:3947} INFO - Setting next_dagrun for example_trigger_target_dag to None, run_after=None
[2026-09-15T21:09:36.327+0000] {processor.py:183} INFO - Processing /home/airflow/.local/lib/python3.12/site-packages/airflow/example_dags/example_trigger_target_dag.py took 0.051 seconds
[2026-09-15T21:10:06.663+0000] {processor.py:161} INFO - Started process (PID=1124) to work on /home/airflow/.local/lib/python3.12/site-packages/airflow/example_dags/example_trigger_target_dag.py
[2026-09-15T21:10:06.665+0000] {processor.py:830} INFO - Processing file /home/airflow/.local/lib/python3.12/site-packages/airflow/example_dags/example_trigger_target_dag.py for tasks to queue
[2026-09-15T21:10:06.668+0000] {logging_mixin.py:188} INFO - [2026-09-15T21:10:06.668+0000] {dagbag.py:545} INFO - Filling up the DagBag from /home/airflow/.local/lib/python3.12/site-packages/airflow/example_dags/example_trigger_target_dag.py
[2026-09-15T21:10:06.673+0000] {processor.py:840} INFO - DAG(s) 'example_trigger_target_dag' retrieved from /home/airflow/.local/lib/python3.12/site-packages/airflow/example_dags/example_trigger_target_dag.py
[2026-09-15T21:10:06.693+0000] {logging_mixin.py:188} INFO - [2026-09-15T21:10:06.693+0000] {dag.py:3089} INFO - Sync 1 DAGs
[2026-09-15T21:10:06.705+0000] {logging_mixin.py:188} INFO - [2026-09-15T21:10:06.705+0000] {dag.py:3947} INFO - Setting next_dagrun for example_trigger_target_dag to None, run_after=None
[2026-09-15T21:10:06.722+0000] {processor.py:183} INFO - Processing /home/airflow/.local/lib/python3.12/site-packages/airflow/example_dags/example_trigger_target_dag.py took 0.064 seconds
[2026-09-15T21:10:36.903+0000] {processor.py:161} INFO - Started process (PID=1182) to work on /home/airflow/.local/lib/python3.12/site-packages/airflow/example_dags/example_trigger_target_dag.py
[2026-09-15T21:10:36.904+0000] {processor.py:830} INFO - Processing file /home/airflow/.local/lib/python3.12/site-packages/airflow/example_dags/example_trigger_target_dag.py for tasks to queue
[2026-09-15T21:10:36.907+0000] {logging_mixin.py:188} INFO - [2026-09-15T21:10:36.907+0000] {dagbag.py:545} INFO - Filling up the DagBag from /home/airflow/.local/lib/python3.12/site-packages/airflow/example_dags/example_trigger_target_dag.py
[2026-09-15T21:10:36.912+0000] {processor.py:840} INFO - DAG(s) 'example_trigger_target_dag' retrieved from /home/airflow/.local/lib/python3.12/site-packages/airflow/example_dags/example_trigger_target_dag.py
[2026-09-15T21:10:36.921+0000] {logging_mixin.py:188} INFO - [2026-09-15T21:10:36.921+0000] {dag.py:3089} INFO - Sync 1 DAGs
[2026-09-15T21:10:36.931+0000] {logging_mixin.py:188} INFO - [2026-09-15T21:10:36.931+0000] {dag.py:3947} INFO - Setting next_dagrun for example_trigger_target_dag to None, run_after=None
[2026-09-15T21:10:36.946+0000] {processor.py:183} INFO - Processing /home/airflow/.local/lib/python3.12/site-packages/airflow/example_dags/example_trigger_target_dag.py took 0.047 seconds
[2026-09-15T21:11:08.064+0000] {processor.py:161} INFO - Started process (PID=1240) to work on /home/airflow/.local/lib/python3.12/site-packages/airflow/example_dags/example_trigger_target_dag.py
[2026-09-15T21:11:08.065+0000] {processor.py:830} INFO - Processing file /home/airflow/.local/lib/python3.12/site-packages/airflow/example_dags/example_trigger_target_dag.py for tasks to queue
[2026-09-15T21:11:08.067+0000] {logging_mixin.py:188} INFO - [2026-09-15T21:11:08.067+0000] {dagbag.py:545} INFO - Filling up the DagBag from /home/airflow/.local/lib/python3.12/site-packages/airflow/example_dags/example_trigger_target_dag.py
[2026-09-15T21:11:08.071+0000] {processor.py:840} INFO - DAG(s) 'example_trigger_target_dag' retrieved from /home/airflow/.local/lib/python3.12/site-packages/airflow/example_dags/example_trigger_target_dag.py
[2026-09-15T21:11:08.139+0000] {logging_mixin.py:188} INFO - [2026-09-15T21:11:08.139+0000] {dag.py:3089} INFO - Sync 1 DAGs
[2026-09-15T21:11:08.147+0000] {logging_mixin.py:188} INFO - [2026-09-15T21:11:08.147+0000] {dag.py:3947} INFO - Setting next_dagrun for example_trigger_target_dag to None, run_after=None
[2026-09-15T21:11:08.162+0000] {processor.py:183} INFO - Processing /home/airflow/.local/lib/python3.12/site-packages/airflow/example_dags/example_trigger_target_dag.py took 0.102 seconds
[2026-09-15T21:11:39.009+0000] {processor.py:161} INFO - Started process (PID=1298) to work on /home/airflow/.local/lib/python3.12/site-packages/airflow/example_dags/example_trigger_target_dag.py
[2026-09-15T21:11:39.010+0000] {processor.py:830} INFO - Processing file /home/airflow/.local/lib/python3.12/site-packages/airflow/example_dags/example_trigger_target_dag.py for tasks to queue
[2026-09-15T21:11:39.012+0000] {logging_mixin.py:188} INFO - [2026-09-15T21:11:39.012+0000] {dagbag.py:545} INFO - Filling up the DagBag from /home/airflow/.local/lib/python3.12/site-packages/airflow/example_dags/example_trigger_target_dag.py
[2026-09-15T21:11:39.017+0000] {processor.py:840} INFO - DAG(s) 'example_trigger_target_dag' retrieved from /home/airflow/.local/lib/python3.12/site-packages/airflow/example_dags/example_trigger_target_dag.py
[2026-09-15T21:11:39.032+0000] {logging_mixin.py:188} INFO - [2026-09-15T21:11:39.032+0000] {dag.py:3089} INFO - Sync 1 DAGs
[2026-09-15T21:11:39.041+0000] {logging_mixin.py:188} INFO - [2026-09-15T21:11:39.040+0000] {dag.py:3947} INFO - Setting next_dagrun for example_trigger_target_dag to None, run_after=None
[2026-09-15T21:11:39.055+0000] {processor.py:183} INFO - Processing /home/airflow/.local/lib/python3.12/site-packages/airflow/example_dags/example_trigger_target_dag.py took 0.051 seconds
[2026-09-15T21:12:09.178+0000] {processor.py:161} INFO - Started process (PID=1356) to work on /home/airflow/.local/lib/python3.12/site-packages/airflow/example_dags/example_trigger_target_dag.py
[2026-09-15T21:12:09.179+0000] {processor.py:830} INFO - Processing file /home/airflow/.local/lib/python3.12/site-packages/airflow/example_dags/example_trigger_target_dag.py for tasks to queue
[2026-09-15T21:12:09.181+0000] {logging_mixin.py:188} INFO - [2026-09-15T21:12:09.181+0000] {dagbag.py:545} INFO - Filling up the DagBag from /home/airflow/.local/lib/python3.12/site-packages/airflow/example_dags/example_trigger_target_dag.py
[2026-09-15T21:12:09.185+0000] {processor.py:840} INFO - DAG(s) 'example_trigger_target_dag' retrieved from /home/airflow/.local/lib/python3.12/site-packages/airflow/example_dags/example_trigger_target_dag.py
[2026-09-15T21:12:09.201+0000] {logging_mixin.py:188} INFO - [2026-09-15T21:12:09.201+0000] {dag.py:3089} INFO - Sync 1 DAGs
[2026-09-15T21:12:09.211+0000] {logging_mixin.py:188} INFO - [2026-09-15T21:12:09.211+0000] {dag.py:3947} INFO - Setting next_dagrun for example_trigger_target_dag to None, run_after=None
[2026-09-15T21:12:09.227+0000] {processor.py:183} INFO - Processing /home/airflow/.local/lib/python3.12/site-packages/airflow/example_dags/example_trigger_target_dag.py took 0.054 seconds
[2026-09-15T21:12:39.682+0000] {processor.py:161} INFO - Started process (PID=1414) to work on /home/airflow/.local/lib/python3.12/site-packages/airflow/example_dags/example_trigger_target_dag.py
[2026-09-15T21:12:39.683+0000] {processor.py:830} INFO - Processing file /home/airflow/.local/lib/python3.12/site-packages/airflow/example_dags/example_trigger_target_dag.py for tasks to queue
[2026-09-15T21:12:39.685+0000] {logging_mixin.py:188} INFO - [2026-09-15T21:12:39.685+0000] {dagbag.py:545} INFO - Filling up the DagBag from /home/airflow/.local/lib/python3.12/site-packages/airflow/example_dags/example_trigger_target_dag.py
[2026-09-15T21:12:39.690+0000] {processor.py:840} INFO - DAG(s) 'example_trigger_target_dag' retrieved from /home/airflow/.local/lib/python3.12/site-packages/airflow/example_dags/example_trigger_target_dag.py
[2026-09-15T21:12:39.706+0000] {logging_mixin.py:188} INFO - [2026-09-15T21:12:39.706+0000] {dag.py:3089} INFO - Sync 1 DAGs
[2026-09-15T21:12:39.715+0000] {logging_mixin.py:188} INFO - [2026-09-15T21:12:39.715+0000] {dag.py:3947} INFO - Setting next_dagrun for example_trigger_target_dag to None, run_after=None
[2026-09-15T21:12:39.730+0000] {processor.py:183} INFO - Processing /home/airflow/.local/lib/python3.12/site-packages/airflow/example_dags/example_trigger_target_dag.py took 0.052 seconds
[2026-09-15T21:13:09.855+0000] {processor.py:161} INFO - Started process (PID=1472) to work on /home/airflow/.local/lib/python3.12/site-packages/airflow/example_dags/example_trigger_target_dag.py
[2026-09-15T21:13:09.857+0000] {processor.py:830} INFO - Processing file /home/airflow/.local/lib/python3.12/site-packages/airflow/example_dags/example_trigger_target_dag.py for tasks to queue
[2026-09-15T21:13:09.858+0000] {logging_mixin.py:188} INFO - [2026-09-15T21:13:09.858+0000] {dagbag.py:545} INFO - Filling up the DagBag from /home/airflow/.local/lib/python3.12/site-packages/airflow/example_dags/example_trigger_target_dag.py
[2026-09-15T21:13:09.862+0000] {processor.py:840} INFO - DAG(s) 'example_trigger_target_dag' retrieved from /home/airflow/.local/lib/python3.12/site-packages/airflow/example_dags/example_trigger_target_dag.py
[2026-09-15T21:13:09.880+0000] {logging_mixin.py:188} INFO - [2026-09-15T21:13:09.880+0000] {dag.py:3089} INFO - Sync 1 DAGs
[2026-09-15T21:13:09.889+0000] {logging_mixin.py:188} INFO - [2026-09-15T21:13:09.889+0000] {dag.py:3947} INFO - Setting next_dagrun for example_trigger_target_dag to None, run_after=None
[2026-09-15T21:13:09.905+0000] {processor.py:183} INFO - Processing /home/airflow/.local/lib/python3.12/site-packages/airflow/example_dags/example_trigger_target_dag.py took 0.053 seconds
[2026-09-15T21:13:40.322+0000] {processor.py:161} INFO - Started process (PID=1530) to work on /home/airflow/.local/lib/python3.12/site-packages/airflow/example_dags/example_trigger_target_dag.py
[2026-09-15T21:13:40.324+0000] {processor.py:830} INFO - Processing file /home/airflow/.local/lib/python3.12/site-packages/airflow/example_dags/example_trigger_target_dag.py for tasks to queue
[2026-09-15T21:13:40.325+0000] {logging_mixin.py:188} INFO - [2026-09-15T21:13:40.325+0000] {dagbag.py:545} INFO - Filling up the DagBag from /home/airflow/.local/lib/python3.12/site-packages/airflow/example_dags/example_trigger_target_dag.py
[2026-09-15T21:13:40.329+0000] {processor.py:840} INFO - DAG(s) 'example_trigger_target_dag' retrieved from /home/airflow/.local/lib/python3.12/site-packages/airflow/example_dags/example_trigger_target_dag.py
[2026-09-15T21:13:40.347+0000] {logging_mixin.py:188} INFO - [2026-09-15T21:13:40.347+0000] {dag.py:3089} INFO - Sync 1 DAGs
[2026-09-15T21:13:40.356+0000] {logging_mixin.py:188} INFO - [2026-09-15T21:13:40.356+0000] {dag.py:3947} INFO - Setting next_dagrun for example_trigger_target_dag to None, run_after=None
[2026-09-15T21:13:40.370+0000] {processor.py:183} INFO - Processing /home/airflow/.local/lib/python3.12/site-packages/airflow/example_dags/example_trigger_target_dag.py took 0.051 seconds
[2026-09-15T21:14:10.980+0000] {processor.py:161} INFO - Started process (PID=1588) to work on /home/airflow/.local/lib/python3.12/site-packages/airflow/example_dags/example_trigger_target_dag.py
[2026-09-15T21:14:10.981+0000] {processor.py:830} INFO - Processing file /home/airflow/.local/lib/python3.12/site-packages/airflow/example_dags/example_trigger_target_dag.py for tasks to queue
[2026-09-15T21:14:10.983+0000] {logging_mixin.py:188} INFO - [2026-09-15T21:14:10.982+0000] {dagbag.py:545} INFO - Filling up the DagBag from /home/airflow/.local/lib/python3.12/site-packages/airflow/example_dags/example_trigger_target_dag.py
[2026-09-15T21:14:10.987+0000] {processor.py:840} INFO - DAG(s) 'example_trigger_target_dag' retrieved from /home/airflow/.local/lib/python3.12/site-packages/airflow/example_dags/example_trigger_target_dag.py
[2026-09-15T21:14:11.002+0000] {logging_mixin.py:188} INFO - [2026-09-15T21:14:11.002+0000] {dag.py:3089} INFO - Sync 1 DAGs
[2026-09-15T21:14:11.012+0000] {logging_mixin.py:188} INFO - [2026-09-15T21:14:11.011+0000] {dag.py:3947} INFO - Setting next_dagrun for example_trigger_target_dag to None, run_after=None
[2026-09-15T21:14:11.027+0000] {processor.py:183} INFO - Processing /home/airflow/.local/lib/python3.12/site-packages/airflow/example_dags/example_trigger_target_dag.py took 0.051 seconds
[2026-09-15T21:14:41.223+0000] {processor.py:161} INFO - Started process (PID=1646) to work on /home/airflow/.local/lib/python3.12/site-packages/airflow/example_dags/example_trigger_target_dag.py
[2026-09-15T21:14:41.224+0000] {processor.py:830} INFO - Processing file /home/airflow/.local/lib/python3.12/site-packages/airflow/example_dags/example_trigger_target_dag.py for tasks to queue
[2026-09-15T21:14:41.226+0000] {logging_mixin.py:188} INFO - [2026-09-15T21:14:41.225+0000] {dagbag.py:545} INFO - Filling up the DagBag from /home/airflow/.local/lib/python3.12/site-packages/airflow/example_dags/example_trigger_target_dag.py
[2026-09-15T21:14:41.231+0000] {processor.py:840} INFO - DAG(s) 'example_trigger_target_dag' retrieved from /home/airflow/.local/lib/python3.12/site-packages/airflow/example_dags/example_trigger_target_dag.py
[2026-09-15T21:14:41.249+0000] {logging_mixin.py:188} INFO - [2026-09-15T21:14:41.249+0000] {dag.py:3089} INFO - Sync 1 DAGs
[2026-09-15T21:14:41.260+0000] {logging_mixin.py:188} INFO - [2026-09-15T21:14:41.260+0000] {dag.py:3947} INFO - Setting next_dagrun for example_trigger_target_dag to None, run_after=None
[2026-09-15T21:14:41.280+0000] {processor.py:183} INFO - Processing /home/airflow/.local/lib/python3.12/site-packages/airflow/example_dags/example_trigger_target_dag.py took 0.062 seconds
[2026-09-15T21:15:11.871+0000] {processor.py:161} INFO - Started process (PID=1704) to work on /home/airflow/.local/lib/python3.12/site-packages/airflow/example_dags/example_trigger_target_dag.py
[2026-09-15T21:15:11.873+0000] {processor.py:830} INFO - Processing file /home/airflow/.local/lib/python3.12/site-packages/airflow/example_dags/example_trigger_target_dag.py for tasks to queue
[2026-09-15T21:15:11.874+0000] {logging_mixin.py:188} INFO - [2026-09-15T21:15:11.874+0000] {dagbag.py:545} INFO - Filling up the DagBag from /home/airflow/.local/lib/python3.12/site-packages/airflow/example_dags/example_trigger_target_dag.py
[2026-09-15T21:15:11.879+0000] {processor.py:840} INFO - DAG(s) 'example_trigger_target_dag' retrieved from /home/airflow/.local/lib/python3.12/site-packages/airflow/example_dags/example_trigger_target_dag.py
[2026-09-15T21:15:11.896+0000] {logging_mixin.py:188} INFO - [2026-09-15T21:15:11.896+0000] {dag.py:3089} INFO - Sync 1 DAGs
[2026-09-15T21:15:11.907+0000] {logging_mixin.py:188} INFO - [2026-09-15T21:15:11.907+0000] {dag.py:3947} INFO - Setting next_dagrun for example_trigger_target_dag to None, run_after=None
[2026-09-15T21:15:11.923+0000] {processor.py:183} INFO - Processing /home/airflow/.local/lib/python3.12/site-packages/airflow/example_dags/example_trigger_target_dag.py took 0.057 seconds
[2026-09-15T21:15:42.238+0000] {processor.py:161} INFO - Started process (PID=1762) to work on /home/airflow/.local/lib/python3.12/site-packages/airflow/example_dags/example_trigger_target_dag.py
[2026-09-15T21:15:42.239+0000] {processor.py:830} INFO - Processing file /home/airflow/.local/lib/python3.12/site-packages/airflow/example_dags/example_trigger_target_dag.py for tasks to queue
[2026-09-15T21:15:42.241+0000] {logging_mixin.py:188} INFO - [2026-09-15T21:15:42.241+0000] {dagbag.py:545} INFO - Filling up the DagBag from /home/airflow/.local/lib/python3.12/site-packages/airflow/example_dags/example_trigger_target_dag.py
[2026-09-15T21:15:42.246+0000] {processor.py:840} INFO - DAG(s) 'example_trigger_target_dag' retrieved from /home/airflow/.local/lib/python3.12/site-packages/airflow/example_dags/example_trigger_target_dag.py
[2026-09-15T21:15:42.265+0000] {logging_mixin.py:188} INFO - [2026-09-15T21:15:42.265+0000] {dag.py:3089} INFO - Sync 1 DAGs
[2026-09-15T21:15:42.276+0000] {logging_mixin.py:188} INFO - [2026-09-15T21:15:42.276+0000] {dag.py:3947} INFO - Setting next_dagrun for example_trigger_target_dag to None, run_after=None
[2026-09-15T21:15:42.292+0000] {processor.py:183} INFO - Processing /home/airflow/.local/lib/python3.12/site-packages/airflow/example_dags/example_trigger_target_dag.py took 0.059 seconds
[2026-09-15T21:16:12.830+0000] {processor.py:161} INFO - Started process (PID=1820) to work on /home/airflow/.local/lib/python3.12/site-packages/airflow/example_dags/example_trigger_target_dag.py
[2026-09-15T21:16:12.832+0000] {processor.py:830} INFO - Processing file /home/airflow/.local/lib/python3.12/site-packages/airflow/example_dags/example_trigger_target_dag.py for tasks to queue
[2026-09-15T21:16:12.835+0000] {logging_mixin.py:188} INFO - [2026-09-15T21:16:12.835+0000] {dagbag.py:545} INFO - Filling up the DagBag from /home/airflow/.local/lib/python3.12/site-packages/airflow/example_dags/example_trigger_target_dag.py
[2026-09-15T21:16:12.843+0000] {processor.py:840} INFO - DAG(s) 'example_trigger_target_dag' retrieved from /home/airflow/.local/lib/python3.12/site-packages/airflow/example_dags/example_trigger_target_dag.py
[2026-09-15T21:16:12.863+0000] {logging_mixin.py:188} INFO - [2026-09-15T21:16:12.863+0000] {dag.py:3089} INFO - Sync 1 DAGs
[2026-09-15T21:16:12.876+0000] {logging_mixin.py:188} INFO - [2026-09-15T21:16:12.875+0000] {dag.py:3947} INFO - Setting next_dagrun for example_trigger_target_dag to None, run_after=None
[2026-09-15T21:16:12.892+0000] {processor.py:183} INFO - Processing /home/airflow/.local/lib/python3.12/site-packages/airflow/example_dags/example_trigger_target_dag.py took 0.066 seconds
[2026-09-15T21:17:35.285+0000] {processor.py:161} INFO - Started process (PID=73) to work on /home/airflow/.local/lib/python3.12/site-packages/airflow/example_dags/example_trigger_target_dag.py
[2026-09-15T21:17:35.287+0000] {processor.py:830} INFO - Processing file /home/airflow/.local/lib/python3.12/site-packages/airflow/example_dags/example_trigger_target_dag.py for tasks to queue
[2026-09-15T21:17:35.290+0000] {logging_mixin.py:188} INFO - [2026-09-15T21:17:35.290+0000] {dagbag.py:545} INFO - Filling up the DagBag from /home/airflow/.local/lib/python3.12/site-packages/airflow/example_dags/example_trigger_target_dag.py
[2026-09-15T21:17:35.299+0000] {processor.py:840} INFO - DAG(s) 'example_trigger_target_dag' retrieved from /home/airflow/.local/lib/python3.12/site-packages/airflow/example_dags/example_trigger_target_dag.py
[2026-09-15T21:17:35.313+0000] {logging_mixin.py:188} INFO - [2026-09-15T21:17:35.312+0000] {dag.py:3089} INFO - Sync 1 DAGs
[2026-09-15T21:17:35.327+0000] {logging_mixin.py:188} INFO - [2026-09-15T21:17:35.327+0000] {dag.py:3947} INFO - Setting next_dagrun for example_trigger_target_dag to None, run_after=None
[2026-09-15T21:17:35.352+0000] {processor.py:183} INFO - Processing /home/airflow/.local/lib/python3.12/site-packages/airflow/example_dags/example_trigger_target_dag.py took 0.073 seconds
[2026-09-15T21:18:06.226+0000] {processor.py:161} INFO - Started process (PID=132) to work on /home/airflow/.local/lib/python3.12/site-packages/airflow/example_dags/example_trigger_target_dag.py
[2026-09-15T21:18:06.228+0000] {processor.py:830} INFO - Processing file /home/airflow/.local/lib/python3.12/site-packages/airflow/example_dags/example_trigger_target_dag.py for tasks to queue
[2026-09-15T21:18:06.229+0000] {logging_mixin.py:188} INFO - [2026-09-15T21:18:06.229+0000] {dagbag.py:545} INFO - Filling up the DagBag from /home/airflow/.local/lib/python3.12/site-packages/airflow/example_dags/example_trigger_target_dag.py
[2026-09-15T21:18:06.235+0000] {processor.py:840} INFO - DAG(s) 'example_trigger_target_dag' retrieved from /home/airflow/.local/lib/python3.12/site-packages/airflow/example_dags/example_trigger_target_dag.py
[2026-09-15T21:18:06.311+0000] {logging_mixin.py:188} INFO - [2026-09-15T21:18:06.310+0000] {dag.py:3089} INFO - Sync 1 DAGs
[2026-09-15T21:18:06.320+0000] {logging_mixin.py:188} INFO - [2026-09-15T21:18:06.319+0000] {dag.py:3947} INFO - Setting next_dagrun for example_trigger_target_dag to None, run_after=None
[2026-09-15T21:18:06.336+0000] {processor.py:183} INFO - Processing /home/airflow/.local/lib/python3.12/site-packages/airflow/example_dags/example_trigger_target_dag.py took 0.115 seconds
[2026-09-15T21:18:36.487+0000] {processor.py:161} INFO - Started process (PID=190) to work on /home/airflow/.local/lib/python3.12/site-packages/airflow/example_dags/example_trigger_target_dag.py
[2026-09-15T21:18:36.488+0000] {processor.py:830} INFO - Processing file /home/airflow/.local/lib/python3.12/site-packages/airflow/example_dags/example_trigger_target_dag.py for tasks to queue
[2026-09-15T21:18:36.490+0000] {logging_mixin.py:188} INFO - [2026-09-15T21:18:36.490+0000] {dagbag.py:545} INFO - Filling up the DagBag from /home/airflow/.local/lib/python3.12/site-packages/airflow/example_dags/example_trigger_target_dag.py
[2026-09-15T21:18:36.495+0000] {processor.py:840} INFO - DAG(s) 'example_trigger_target_dag' retrieved from /home/airflow/.local/lib/python3.12/site-packages/airflow/example_dags/example_trigger_target_dag.py
[2026-09-15T21:18:36.511+0000] {logging_mixin.py:188} INFO - [2026-09-15T21:18:36.511+0000] {dag.py:3089} INFO - Sync 1 DAGs
[2026-09-15T21:18:36.521+0000] {logging_mixin.py:188} INFO - [2026-09-15T21:18:36.520+0000] {dag.py:3947} INFO - Setting next_dagrun for example_trigger_target_dag to None, run_after=None
[2026-09-15T21:18:36.535+0000] {processor.py:183} INFO - Processing /home/airflow/.local/lib/python3.12/site-packages/airflow/example_dags/example_trigger_target_dag.py took 0.053 seconds
[2026-09-15T21:19:07.231+0000] {processor.py:161} INFO - Started process (PID=248) to work on /home/airflow/.local/lib/python3.12/site-packages/airflow/example_dags/example_trigger_target_dag.py
[2026-09-15T21:19:07.232+0000] {processor.py:830} INFO - Processing file /home/airflow/.local/lib/python3.12/site-packages/airflow/example_dags/example_trigger_target_dag.py for tasks to queue
[2026-09-15T21:19:07.235+0000] {logging_mixin.py:188} INFO - [2026-09-15T21:19:07.234+0000] {dagbag.py:545} INFO - Filling up the DagBag from /home/airflow/.local/lib/python3.12/site-packages/airflow/example_dags/example_trigger_target_dag.py
[2026-09-15T21:19:07.241+0000] {processor.py:840} INFO - DAG(s) 'example_trigger_target_dag' retrieved from /home/airflow/.local/lib/python3.12/site-packages/airflow/example_dags/example_trigger_target_dag.py
[2026-09-15T21:19:07.261+0000] {logging_mixin.py:188} INFO - [2026-09-15T21:19:07.261+0000] {dag.py:3089} INFO - Sync 1 DAGs
[2026-09-15T21:19:07.272+0000] {logging_mixin.py:188} INFO - [2026-09-15T21:19:07.272+0000] {dag.py:3947} INFO - Setting next_dagrun for example_trigger_target_dag to None, run_after=None
[2026-09-15T21:19:07.291+0000] {processor.py:183} INFO - Processing /home/airflow/.local/lib/python3.12/site-packages/airflow/example_dags/example_trigger_target_dag.py took 0.067 seconds
[2026-09-15T21:19:37.843+0000] {processor.py:161} INFO - Started process (PID=306) to work on /home/airflow/.local/lib/python3.12/site-packages/airflow/example_dags/example_trigger_target_dag.py
[2026-09-15T21:19:37.844+0000] {processor.py:830} INFO - Processing file /home/airflow/.local/lib/python3.12/site-packages/airflow/example_dags/example_trigger_target_dag.py for tasks to queue
[2026-09-15T21:19:37.845+0000] {logging_mixin.py:188} INFO - [2026-09-15T21:19:37.845+0000] {dagbag.py:545} INFO - Filling up the DagBag from /home/airflow/.local/lib/python3.12/site-packages/airflow/example_dags/example_trigger_target_dag.py
[2026-09-15T21:19:37.850+0000] {processor.py:840} INFO - DAG(s) 'example_trigger_target_dag' retrieved from /home/airflow/.local/lib/python3.12/site-packages/airflow/example_dags/example_trigger_target_dag.py
[2026-09-15T21:19:37.866+0000] {logging_mixin.py:188} INFO - [2026-09-15T21:19:37.866+0000] {dag.py:3089} INFO - Sync 1 DAGs
[2026-09-15T21:19:37.876+0000] {logging_mixin.py:188} INFO - [2026-09-15T21:19:37.875+0000] {dag.py:3947} INFO - Setting next_dagrun for example_trigger_target_dag to None, run_after=None
[2026-09-15T21:19:37.891+0000] {processor.py:183} INFO - Processing /home/airflow/.local/lib/python3.12/site-packages/airflow/example_dags/example_trigger_target_dag.py took 0.053 seconds
[2026-09-15T21:20:08.221+0000] {processor.py:161} INFO - Started process (PID=364) to work on /home/airflow/.local/lib/python3.12/site-packages/airflow/example_dags/example_trigger_target_dag.py
[2026-09-15T21:20:08.223+0000] {processor.py:830} INFO - Processing file /home/airflow/.local/lib/python3.12/site-packages/airflow/example_dags/example_trigger_target_dag.py for tasks to queue
[2026-09-15T21:20:08.225+0000] {logging_mixin.py:188} INFO - [2026-09-15T21:20:08.225+0000] {dagbag.py:545} INFO - Filling up the DagBag from /home/airflow/.local/lib/python3.12/site-packages/airflow/example_dags/example_trigger_target_dag.py
[2026-09-15T21:20:08.231+0000] {processor.py:840} INFO - DAG(s) 'example_trigger_target_dag' retrieved from /home/airflow/.local/lib/python3.12/site-packages/airflow/example_dags/example_trigger_target_dag.py
[2026-09-15T21:20:08.247+0000] {logging_mixin.py:188} INFO - [2026-09-15T21:20:08.247+0000] {dag.py:3089} INFO - Sync 1 DAGs
[2026-09-15T21:20:08.257+0000] {logging_mixin.py:188} INFO - [2026-09-15T21:20:08.257+0000] {dag.py:3947} INFO - Setting next_dagrun for example_trigger_target_dag to None, run_after=None
[2026-09-15T21:20:08.271+0000] {processor.py:183} INFO - Processing /home/airflow/.local/lib/python3.12/site-packages/airflow/example_dags/example_trigger_target_dag.py took 0.056 seconds
[2026-09-15T21:20:38.326+0000] {processor.py:161} INFO - Started process (PID=422) to work on /home/airflow/.local/lib/python3.12/site-packages/airflow/example_dags/example_trigger_target_dag.py
[2026-09-15T21:20:38.327+0000] {processor.py:830} INFO - Processing file /home/airflow/.local/lib/python3.12/site-packages/airflow/example_dags/example_trigger_target_dag.py for tasks to queue
[2026-09-15T21:20:38.329+0000] {logging_mixin.py:188} INFO - [2026-09-15T21:20:38.328+0000] {dagbag.py:545} INFO - Filling up the DagBag from /home/airflow/.local/lib/python3.12/site-packages/airflow/example_dags/example_trigger_target_dag.py
[2026-09-15T21:20:38.334+0000] {processor.py:840} INFO - DAG(s) 'example_trigger_target_dag' retrieved from /home/airflow/.local/lib/python3.12/site-packages/airflow/example_dags/example_trigger_target_dag.py
[2026-09-15T21:20:38.349+0000] {logging_mixin.py:188} INFO - [2026-09-15T21:20:38.349+0000] {dag.py:3089} INFO - Sync 1 DAGs
[2026-09-15T21:20:38.359+0000] {logging_mixin.py:188} INFO - [2026-09-15T21:20:38.359+0000] {dag.py:3947} INFO - Setting next_dagrun for example_trigger_target_dag to None, run_after=None
[2026-09-15T21:20:38.374+0000] {processor.py:183} INFO - Processing /home/airflow/.local/lib/python3.12/site-packages/airflow/example_dags/example_trigger_target_dag.py took 0.053 seconds
[2026-09-15T21:22:07.092+0000] {processor.py:161} INFO - Started process (PID=258) to work on /home/airflow/.local/lib/python3.12/site-packages/airflow/example_dags/example_trigger_target_dag.py
[2026-09-15T21:22:07.093+0000] {processor.py:830} INFO - Processing file /home/airflow/.local/lib/python3.12/site-packages/airflow/example_dags/example_trigger_target_dag.py for tasks to queue
[2026-09-15T21:22:07.095+0000] {logging_mixin.py:188} INFO - [2026-09-15T21:22:07.095+0000] {dagbag.py:545} INFO - Filling up the DagBag from /home/airflow/.local/lib/python3.12/site-packages/airflow/example_dags/example_trigger_target_dag.py
[2026-09-15T21:22:07.101+0000] {processor.py:840} INFO - DAG(s) 'example_trigger_target_dag' retrieved from /home/airflow/.local/lib/python3.12/site-packages/airflow/example_dags/example_trigger_target_dag.py
[2026-09-15T21:22:07.115+0000] {logging_mixin.py:188} INFO - [2026-09-15T21:22:07.115+0000] {dag.py:3089} INFO - Sync 1 DAGs
[2026-09-15T21:22:07.128+0000] {logging_mixin.py:188} INFO - [2026-09-15T21:22:07.127+0000] {dag.py:3947} INFO - Setting next_dagrun for example_trigger_target_dag to None, run_after=None
[2026-09-15T21:22:07.147+0000] {processor.py:183} INFO - Processing /home/airflow/.local/lib/python3.12/site-packages/airflow/example_dags/example_trigger_target_dag.py took 0.060 seconds
[2026-09-15T21:22:38.216+0000] {processor.py:161} INFO - Started process (PID=520) to work on /home/airflow/.local/lib/python3.12/site-packages/airflow/example_dags/example_trigger_target_dag.py
[2026-09-15T21:22:38.217+0000] {processor.py:830} INFO - Processing file /home/airflow/.local/lib/python3.12/site-packages/airflow/example_dags/example_trigger_target_dag.py for tasks to queue
[2026-09-15T21:22:38.219+0000] {logging_mixin.py:188} INFO - [2026-09-15T21:22:38.219+0000] {dagbag.py:545} INFO - Filling up the DagBag from /home/airflow/.local/lib/python3.12/site-packages/airflow/example_dags/example_trigger_target_dag.py
[2026-09-15T21:22:38.224+0000] {processor.py:840} INFO - DAG(s) 'example_trigger_target_dag' retrieved from /home/airflow/.local/lib/python3.12/site-packages/airflow/example_dags/example_trigger_target_dag.py
[2026-09-15T21:22:38.299+0000] {logging_mixin.py:188} INFO - [2026-09-15T21:22:38.299+0000] {dag.py:3089} INFO - Sync 1 DAGs
[2026-09-15T21:22:38.307+0000] {logging_mixin.py:188} INFO - [2026-09-15T21:22:38.307+0000] {dag.py:3947} INFO - Setting next_dagrun for example_trigger_target_dag to None, run_after=None
[2026-09-15T21:22:38.323+0000] {processor.py:183} INFO - Processing /home/airflow/.local/lib/python3.12/site-packages/airflow/example_dags/example_trigger_target_dag.py took 0.111 seconds
[2026-09-15T21:23:08.647+0000] {processor.py:161} INFO - Started process (PID=782) to work on /home/airflow/.local/lib/python3.12/site-packages/airflow/example_dags/example_trigger_target_dag.py
[2026-09-15T21:23:08.649+0000] {processor.py:830} INFO - Processing file /home/airflow/.local/lib/python3.12/site-packages/airflow/example_dags/example_trigger_target_dag.py for tasks to queue
[2026-09-15T21:23:08.651+0000] {logging_mixin.py:188} INFO - [2026-09-15T21:23:08.651+0000] {dagbag.py:545} INFO - Filling up the DagBag from /home/airflow/.local/lib/python3.12/site-packages/airflow/example_dags/example_trigger_target_dag.py
[2026-09-15T21:23:08.657+0000] {processor.py:840} INFO - DAG(s) 'example_trigger_target_dag' retrieved from /home/airflow/.local/lib/python3.12/site-packages/airflow/example_dags/example_trigger_target_dag.py
[2026-09-15T21:23:08.674+0000] {logging_mixin.py:188} INFO - [2026-09-15T21:23:08.674+0000] {dag.py:3089} INFO - Sync 1 DAGs
[2026-09-15T21:23:08.683+0000] {logging_mixin.py:188} INFO - [2026-09-15T21:23:08.683+0000] {dag.py:3947} INFO - Setting next_dagrun for example_trigger_target_dag to None, run_after=None
[2026-09-15T21:23:08.698+0000] {processor.py:183} INFO - Processing /home/airflow/.local/lib/python3.12/site-packages/airflow/example_dags/example_trigger_target_dag.py took 0.055 seconds
[2026-09-15T21:23:38.849+0000] {processor.py:161} INFO - Started process (PID=1044) to work on /home/airflow/.local/lib/python3.12/site-packages/airflow/example_dags/example_trigger_target_dag.py
[2026-09-15T21:23:38.851+0000] {processor.py:830} INFO - Processing file /home/airflow/.local/lib/python3.12/site-packages/airflow/example_dags/example_trigger_target_dag.py for tasks to queue
[2026-09-15T21:23:38.854+0000] {logging_mixin.py:188} INFO - [2026-09-15T21:23:38.853+0000] {dagbag.py:545} INFO - Filling up the DagBag from /home/airflow/.local/lib/python3.12/site-packages/airflow/example_dags/example_trigger_target_dag.py
[2026-09-15T21:23:38.859+0000] {processor.py:840} INFO - DAG(s) 'example_trigger_target_dag' retrieved from /home/airflow/.local/lib/python3.12/site-packages/airflow/example_dags/example_trigger_target_dag.py
[2026-09-15T21:23:38.875+0000] {logging_mixin.py:188} INFO - [2026-09-15T21:23:38.875+0000] {dag.py:3089} INFO - Sync 1 DAGs
[2026-09-15T21:23:38.885+0000] {logging_mixin.py:188} INFO - [2026-09-15T21:23:38.885+0000] {dag.py:3947} INFO - Setting next_dagrun for example_trigger_target_dag to None, run_after=None
[2026-09-15T21:23:38.899+0000] {processor.py:183} INFO - Processing /home/airflow/.local/lib/python3.12/site-packages/airflow/example_dags/example_trigger_target_dag.py took 0.059 seconds
[2026-09-15T21:24:09.036+0000] {processor.py:161} INFO - Started process (PID=1306) to work on /home/airflow/.local/lib/python3.12/site-packages/airflow/example_dags/example_trigger_target_dag.py
[2026-09-15T21:24:09.037+0000] {processor.py:830} INFO - Processing file /home/airflow/.local/lib/python3.12/site-packages/airflow/example_dags/example_trigger_target_dag.py for tasks to queue
[2026-09-15T21:24:09.039+0000] {logging_mixin.py:188} INFO - [2026-09-15T21:24:09.039+0000] {dagbag.py:545} INFO - Filling up the DagBag from /home/airflow/.local/lib/python3.12/site-packages/airflow/example_dags/example_trigger_target_dag.py
[2026-09-15T21:24:09.044+0000] {processor.py:840} INFO - DAG(s) 'example_trigger_target_dag' retrieved from /home/airflow/.local/lib/python3.12/site-packages/airflow/example_dags/example_trigger_target_dag.py
[2026-09-15T21:24:09.061+0000] {logging_mixin.py:188} INFO - [2026-09-15T21:24:09.061+0000] {dag.py:3089} INFO - Sync 1 DAGs
[2026-09-15T21:24:09.071+0000] {logging_mixin.py:188} INFO - [2026-09-15T21:24:09.071+0000] {dag.py:3947} INFO - Setting next_dagrun for example_trigger_target_dag to None, run_after=None
[2026-09-15T21:24:09.086+0000] {processor.py:183} INFO - Processing /home/airflow/.local/lib/python3.12/site-packages/airflow/example_dags/example_trigger_target_dag.py took 0.054 seconds
[2026-09-15T21:24:39.227+0000] {processor.py:161} INFO - Started process (PID=1568) to work on /home/airflow/.local/lib/python3.12/site-packages/airflow/example_dags/example_trigger_target_dag.py
[2026-09-15T21:24:39.229+0000] {processor.py:830} INFO - Processing file /home/airflow/.local/lib/python3.12/site-packages/airflow/example_dags/example_trigger_target_dag.py for tasks to queue
[2026-09-15T21:24:39.230+0000] {logging_mixin.py:188} INFO - [2026-09-15T21:24:39.230+0000] {dagbag.py:545} INFO - Filling up the DagBag from /home/airflow/.local/lib/python3.12/site-packages/airflow/example_dags/example_trigger_target_dag.py
[2026-09-15T21:24:39.236+0000] {processor.py:840} INFO - DAG(s) 'example_trigger_target_dag' retrieved from /home/airflow/.local/lib/python3.12/site-packages/airflow/example_dags/example_trigger_target_dag.py
[2026-09-15T21:24:39.253+0000] {logging_mixin.py:188} INFO - [2026-09-15T21:24:39.253+0000] {dag.py:3089} INFO - Sync 1 DAGs
[2026-09-15T21:24:39.265+0000] {logging_mixin.py:188} INFO - [2026-09-15T21:24:39.265+0000] {dag.py:3947} INFO - Setting next_dagrun for example_trigger_target_dag to None, run_after=None
[2026-09-15T21:24:39.279+0000] {processor.py:183} INFO - Processing /home/airflow/.local/lib/python3.12/site-packages/airflow/example_dags/example_trigger_target_dag.py took 0.057 seconds
[2026-09-15T21:25:09.357+0000] {processor.py:161} INFO - Started process (PID=1830) to work on /home/airflow/.local/lib/python3.12/site-packages/airflow/example_dags/example_trigger_target_dag.py
[2026-09-15T21:25:09.358+0000] {processor.py:830} INFO - Processing file /home/airflow/.local/lib/python3.12/site-packages/airflow/example_dags/example_trigger_target_dag.py for tasks to queue
[2026-09-15T21:25:09.360+0000] {logging_mixin.py:188} INFO - [2026-09-15T21:25:09.360+0000] {dagbag.py:545} INFO - Filling up the DagBag from /home/airflow/.local/lib/python3.12/site-packages/airflow/example_dags/example_trigger_target_dag.py
[2026-09-15T21:25:09.365+0000] {processor.py:840} INFO - DAG(s) 'example_trigger_target_dag' retrieved from /home/airflow/.local/lib/python3.12/site-packages/airflow/example_dags/example_trigger_target_dag.py
[2026-09-15T21:25:09.383+0000] {logging_mixin.py:188} INFO - [2026-09-15T21:25:09.383+0000] {dag.py:3089} INFO - Sync 1 DAGs
[2026-09-15T21:25:09.392+0000] {logging_mixin.py:188} INFO - [2026-09-15T21:25:09.392+0000] {dag.py:3947} INFO - Setting next_dagrun for example_trigger_target_dag to None, run_after=None
[2026-09-15T21:25:09.407+0000] {processor.py:183} INFO - Processing /home/airflow/.local/lib/python3.12/site-packages/airflow/example_dags/example_trigger_target_dag.py took 0.054 seconds
[2026-09-15T21:25:39.455+0000] {processor.py:161} INFO - Started process (PID=2089) to work on /home/airflow/.local/lib/python3.12/site-packages/airflow/example_dags/example_trigger_target_dag.py
[2026-09-15T21:25:39.457+0000] {processor.py:830} INFO - Processing file /home/airflow/.local/lib/python3.12/site-packages/airflow/example_dags/example_trigger_target_dag.py for tasks to queue
[2026-09-15T21:25:39.458+0000] {logging_mixin.py:188} INFO - [2026-09-15T21:25:39.458+0000] {dagbag.py:545} INFO - Filling up the DagBag from /home/airflow/.local/lib/python3.12/site-packages/airflow/example_dags/example_trigger_target_dag.py
[2026-09-15T21:25:39.463+0000] {processor.py:840} INFO - DAG(s) 'example_trigger_target_dag' retrieved from /home/airflow/.local/lib/python3.12/site-packages/airflow/example_dags/example_trigger_target_dag.py
[2026-09-15T21:25:39.479+0000] {logging_mixin.py:188} INFO - [2026-09-15T21:25:39.479+0000] {dag.py:3089} INFO - Sync 1 DAGs
[2026-09-15T21:25:39.489+0000] {logging_mixin.py:188} INFO - [2026-09-15T21:25:39.489+0000] {dag.py:3947} INFO - Setting next_dagrun for example_trigger_target_dag to None, run_after=None
[2026-09-15T21:25:39.504+0000] {processor.py:183} INFO - Processing /home/airflow/.local/lib/python3.12/site-packages/airflow/example_dags/example_trigger_target_dag.py took 0.052 seconds
[2026-09-15T21:26:09.694+0000] {processor.py:161} INFO - Started process (PID=2357) to work on /home/airflow/.local/lib/python3.12/site-packages/airflow/example_dags/example_trigger_target_dag.py
[2026-09-15T21:26:09.695+0000] {processor.py:830} INFO - Processing file /home/airflow/.local/lib/python3.12/site-packages/airflow/example_dags/example_trigger_target_dag.py for tasks to queue
[2026-09-15T21:26:09.697+0000] {logging_mixin.py:188} INFO - [2026-09-15T21:26:09.697+0000] {dagbag.py:545} INFO - Filling up the DagBag from /home/airflow/.local/lib/python3.12/site-packages/airflow/example_dags/example_trigger_target_dag.py
[2026-09-15T21:26:09.703+0000] {processor.py:840} INFO - DAG(s) 'example_trigger_target_dag' retrieved from /home/airflow/.local/lib/python3.12/site-packages/airflow/example_dags/example_trigger_target_dag.py
[2026-09-15T21:26:09.721+0000] {logging_mixin.py:188} INFO - [2026-09-15T21:26:09.721+0000] {dag.py:3089} INFO - Sync 1 DAGs
[2026-09-15T21:26:09.731+0000] {logging_mixin.py:188} INFO - [2026-09-15T21:26:09.730+0000] {dag.py:3947} INFO - Setting next_dagrun for example_trigger_target_dag to None, run_after=None
[2026-09-15T21:26:09.747+0000] {processor.py:183} INFO - Processing /home/airflow/.local/lib/python3.12/site-packages/airflow/example_dags/example_trigger_target_dag.py took 0.058 seconds
[2026-09-15T21:26:39.955+0000] {processor.py:161} INFO - Started process (PID=2622) to work on /home/airflow/.local/lib/python3.12/site-packages/airflow/example_dags/example_trigger_target_dag.py
[2026-09-15T21:26:39.956+0000] {processor.py:830} INFO - Processing file /home/airflow/.local/lib/python3.12/site-packages/airflow/example_dags/example_trigger_target_dag.py for tasks to queue
[2026-09-15T21:26:39.958+0000] {logging_mixin.py:188} INFO - [2026-09-15T21:26:39.957+0000] {dagbag.py:545} INFO - Filling up the DagBag from /home/airflow/.local/lib/python3.12/site-packages/airflow/example_dags/example_trigger_target_dag.py
[2026-09-15T21:26:39.962+0000] {processor.py:840} INFO - DAG(s) 'example_trigger_target_dag' retrieved from /home/airflow/.local/lib/python3.12/site-packages/airflow/example_dags/example_trigger_target_dag.py
[2026-09-15T21:26:39.978+0000] {logging_mixin.py:188} INFO - [2026-09-15T21:26:39.978+0000] {dag.py:3089} INFO - Sync 1 DAGs
[2026-09-15T21:26:39.988+0000] {logging_mixin.py:188} INFO - [2026-09-15T21:26:39.988+0000] {dag.py:3947} INFO - Setting next_dagrun for example_trigger_target_dag to None, run_after=None
[2026-09-15T21:26:40.002+0000] {processor.py:183} INFO - Processing /home/airflow/.local/lib/python3.12/site-packages/airflow/example_dags/example_trigger_target_dag.py took 0.051 seconds
[2026-09-15T21:27:10.114+0000] {processor.py:161} INFO - Started process (PID=2879) to work on /home/airflow/.local/lib/python3.12/site-packages/airflow/example_dags/example_trigger_target_dag.py
[2026-09-15T21:27:10.116+0000] {processor.py:830} INFO - Processing file /home/airflow/.local/lib/python3.12/site-packages/airflow/example_dags/example_trigger_target_dag.py for tasks to queue
[2026-09-15T21:27:10.118+0000] {logging_mixin.py:188} INFO - [2026-09-15T21:27:10.117+0000] {dagbag.py:545} INFO - Filling up the DagBag from /home/airflow/.local/lib/python3.12/site-packages/airflow/example_dags/example_trigger_target_dag.py
[2026-09-15T21:27:10.123+0000] {processor.py:840} INFO - DAG(s) 'example_trigger_target_dag' retrieved from /home/airflow/.local/lib/python3.12/site-packages/airflow/example_dags/example_trigger_target_dag.py
[2026-09-15T21:27:10.140+0000] {logging_mixin.py:188} INFO - [2026-09-15T21:27:10.140+0000] {dag.py:3089} INFO - Sync 1 DAGs
[2026-09-15T21:27:10.149+0000] {logging_mixin.py:188} INFO - [2026-09-15T21:27:10.148+0000] {dag.py:3947} INFO - Setting next_dagrun for example_trigger_target_dag to None, run_after=None
[2026-09-15T21:27:10.163+0000] {processor.py:183} INFO - Processing /home/airflow/.local/lib/python3.12/site-packages/airflow/example_dags/example_trigger_target_dag.py took 0.053 seconds
[2026-09-15T21:27:40.402+0000] {processor.py:161} INFO - Started process (PID=3143) to work on /home/airflow/.local/lib/python3.12/site-packages/airflow/example_dags/example_trigger_target_dag.py
[2026-09-15T21:27:40.404+0000] {processor.py:830} INFO - Processing file /home/airflow/.local/lib/python3.12/site-packages/airflow/example_dags/example_trigger_target_dag.py for tasks to queue
[2026-09-15T21:27:40.405+0000] {logging_mixin.py:188} INFO - [2026-09-15T21:27:40.405+0000] {dagbag.py:545} INFO - Filling up the DagBag from /home/airflow/.local/lib/python3.12/site-packages/airflow/example_dags/example_trigger_target_dag.py
[2026-09-15T21:27:40.410+0000] {processor.py:840} INFO - DAG(s) 'example_trigger_target_dag' retrieved from /home/airflow/.local/lib/python3.12/site-packages/airflow/example_dags/example_trigger_target_dag.py
[2026-09-15T21:27:40.427+0000] {logging_mixin.py:188} INFO - [2026-09-15T21:27:40.426+0000] {dag.py:3089} INFO - Sync 1 DAGs
[2026-09-15T21:27:40.436+0000] {logging_mixin.py:188} INFO - [2026-09-15T21:27:40.436+0000] {dag.py:3947} INFO - Setting next_dagrun for example_trigger_target_dag to None, run_after=None
[2026-09-15T21:27:40.451+0000] {processor.py:183} INFO - Processing /home/airflow/.local/lib/python3.12/site-packages/airflow/example_dags/example_trigger_target_dag.py took 0.053 seconds
[2026-09-15T21:28:11.124+0000] {processor.py:161} INFO - Started process (PID=3408) to work on /home/airflow/.local/lib/python3.12/site-packages/airflow/example_dags/example_trigger_target_dag.py
[2026-09-15T21:28:11.125+0000] {processor.py:830} INFO - Processing file /home/airflow/.local/lib/python3.12/site-packages/airflow/example_dags/example_trigger_target_dag.py for tasks to queue
[2026-09-15T21:28:11.127+0000] {logging_mixin.py:188} INFO - [2026-09-15T21:28:11.127+0000] {dagbag.py:545} INFO - Filling up the DagBag from /home/airflow/.local/lib/python3.12/site-packages/airflow/example_dags/example_trigger_target_dag.py
[2026-09-15T21:28:11.131+0000] {processor.py:840} INFO - DAG(s) 'example_trigger_target_dag' retrieved from /home/airflow/.local/lib/python3.12/site-packages/airflow/example_dags/example_trigger_target_dag.py
[2026-09-15T21:28:11.148+0000] {logging_mixin.py:188} INFO - [2026-09-15T21:28:11.148+0000] {dag.py:3089} INFO - Sync 1 DAGs
[2026-09-15T21:28:11.159+0000] {logging_mixin.py:188} INFO - [2026-09-15T21:28:11.159+0000] {dag.py:3947} INFO - Setting next_dagrun for example_trigger_target_dag to None, run_after=None
[2026-09-15T21:28:11.174+0000] {processor.py:183} INFO - Processing /home/airflow/.local/lib/python3.12/site-packages/airflow/example_dags/example_trigger_target_dag.py took 0.054 seconds
[2026-09-15T21:28:42.049+0000] {processor.py:161} INFO - Started process (PID=3672) to work on /home/airflow/.local/lib/python3.12/site-packages/airflow/example_dags/example_trigger_target_dag.py
[2026-09-15T21:28:42.050+0000] {processor.py:830} INFO - Processing file /home/airflow/.local/lib/python3.12/site-packages/airflow/example_dags/example_trigger_target_dag.py for tasks to queue
[2026-09-15T21:28:42.052+0000] {logging_mixin.py:188} INFO - [2026-09-15T21:28:42.052+0000] {dagbag.py:545} INFO - Filling up the DagBag from /home/airflow/.local/lib/python3.12/site-packages/airflow/example_dags/example_trigger_target_dag.py
[2026-09-15T21:28:42.057+0000] {processor.py:840} INFO - DAG(s) 'example_trigger_target_dag' retrieved from /home/airflow/.local/lib/python3.12/site-packages/airflow/example_dags/example_trigger_target_dag.py
[2026-09-15T21:28:42.073+0000] {logging_mixin.py:188} INFO - [2026-09-15T21:28:42.073+0000] {dag.py:3089} INFO - Sync 1 DAGs
[2026-09-15T21:28:42.082+0000] {logging_mixin.py:188} INFO - [2026-09-15T21:28:42.082+0000] {dag.py:3947} INFO - Setting next_dagrun for example_trigger_target_dag to None, run_after=None
[2026-09-15T21:28:42.097+0000] {processor.py:183} INFO - Processing /home/airflow/.local/lib/python3.12/site-packages/airflow/example_dags/example_trigger_target_dag.py took 0.052 seconds
[2026-09-15T21:29:13.039+0000] {processor.py:161} INFO - Started process (PID=3932) to work on /home/airflow/.local/lib/python3.12/site-packages/airflow/example_dags/example_trigger_target_dag.py
[2026-09-15T21:29:13.041+0000] {processor.py:830} INFO - Processing file /home/airflow/.local/lib/python3.12/site-packages/airflow/example_dags/example_trigger_target_dag.py for tasks to queue
[2026-09-15T21:29:13.043+0000] {logging_mixin.py:188} INFO - [2026-09-15T21:29:13.042+0000] {dagbag.py:545} INFO - Filling up the DagBag from /home/airflow/.local/lib/python3.12/site-packages/airflow/example_dags/example_trigger_target_dag.py
[2026-09-15T21:29:13.048+0000] {processor.py:840} INFO - DAG(s) 'example_trigger_target_dag' retrieved from /home/airflow/.local/lib/python3.12/site-packages/airflow/example_dags/example_trigger_target_dag.py
[2026-09-15T21:29:13.068+0000] {logging_mixin.py:188} INFO - [2026-09-15T21:29:13.067+0000] {dag.py:3089} INFO - Sync 1 DAGs
[2026-09-15T21:29:13.079+0000] {logging_mixin.py:188} INFO - [2026-09-15T21:29:13.079+0000] {dag.py:3947} INFO - Setting next_dagrun for example_trigger_target_dag to None, run_after=None
[2026-09-15T21:29:13.095+0000] {processor.py:183} INFO - Processing /home/airflow/.local/lib/python3.12/site-packages/airflow/example_dags/example_trigger_target_dag.py took 0.062 seconds
[2026-09-15T21:29:43.340+0000] {processor.py:161} INFO - Started process (PID=4198) to work on /home/airflow/.local/lib/python3.12/site-packages/airflow/example_dags/example_trigger_target_dag.py
[2026-09-15T21:29:43.341+0000] {processor.py:830} INFO - Processing file /home/airflow/.local/lib/python3.12/site-packages/airflow/example_dags/example_trigger_target_dag.py for tasks to queue
[2026-09-15T21:29:43.343+0000] {logging_mixin.py:188} INFO - [2026-09-15T21:29:43.342+0000] {dagbag.py:545} INFO - Filling up the DagBag from /home/airflow/.local/lib/python3.12/site-packages/airflow/example_dags/example_trigger_target_dag.py
[2026-09-15T21:29:43.347+0000] {processor.py:840} INFO - DAG(s) 'example_trigger_target_dag' retrieved from /home/airflow/.local/lib/python3.12/site-packages/airflow/example_dags/example_trigger_target_dag.py
[2026-09-15T21:29:43.364+0000] {logging_mixin.py:188} INFO - [2026-09-15T21:29:43.364+0000] {dag.py:3089} INFO - Sync 1 DAGs
[2026-09-15T21:29:43.375+0000] {logging_mixin.py:188} INFO - [2026-09-15T21:29:43.375+0000] {dag.py:3947} INFO - Setting next_dagrun for example_trigger_target_dag to None, run_after=None
[2026-09-15T21:29:43.390+0000] {processor.py:183} INFO - Processing /home/airflow/.local/lib/python3.12/site-packages/airflow/example_dags/example_trigger_target_dag.py took 0.054 seconds
[2026-09-15T21:30:13.515+0000] {processor.py:161} INFO - Started process (PID=4463) to work on /home/airflow/.local/lib/python3.12/site-packages/airflow/example_dags/example_trigger_target_dag.py
[2026-09-15T21:30:13.517+0000] {processor.py:830} INFO - Processing file /home/airflow/.local/lib/python3.12/site-packages/airflow/example_dags/example_trigger_target_dag.py for tasks to queue
[2026-09-15T21:30:13.519+0000] {logging_mixin.py:188} INFO - [2026-09-15T21:30:13.518+0000] {dagbag.py:545} INFO - Filling up the DagBag from /home/airflow/.local/lib/python3.12/site-packages/airflow/example_dags/example_trigger_target_dag.py
[2026-09-15T21:30:13.524+0000] {processor.py:840} INFO - DAG(s) 'example_trigger_target_dag' retrieved from /home/airflow/.local/lib/python3.12/site-packages/airflow/example_dags/example_trigger_target_dag.py
[2026-09-15T21:30:13.543+0000] {logging_mixin.py:188} INFO - [2026-09-15T21:30:13.542+0000] {dag.py:3089} INFO - Sync 1 DAGs
[2026-09-15T21:30:13.553+0000] {logging_mixin.py:188} INFO - [2026-09-15T21:30:13.553+0000] {dag.py:3947} INFO - Setting next_dagrun for example_trigger_target_dag to None, run_after=None
[2026-09-15T21:30:13.571+0000] {processor.py:183} INFO - Processing /home/airflow/.local/lib/python3.12/site-packages/airflow/example_dags/example_trigger_target_dag.py took 0.061 seconds
[2026-09-15T21:30:43.650+0000] {processor.py:161} INFO - Started process (PID=4725) to work on /home/airflow/.local/lib/python3.12/site-packages/airflow/example_dags/example_trigger_target_dag.py
[2026-09-15T21:30:43.651+0000] {processor.py:830} INFO - Processing file /home/airflow/.local/lib/python3.12/site-packages/airflow/example_dags/example_trigger_target_dag.py for tasks to queue
[2026-09-15T21:30:43.653+0000] {logging_mixin.py:188} INFO - [2026-09-15T21:30:43.653+0000] {dagbag.py:545} INFO - Filling up the DagBag from /home/airflow/.local/lib/python3.12/site-packages/airflow/example_dags/example_trigger_target_dag.py
[2026-09-15T21:30:43.658+0000] {processor.py:840} INFO - DAG(s) 'example_trigger_target_dag' retrieved from /home/airflow/.local/lib/python3.12/site-packages/airflow/example_dags/example_trigger_target_dag.py
[2026-09-15T21:30:43.675+0000] {logging_mixin.py:188} INFO - [2026-09-15T21:30:43.675+0000] {dag.py:3089} INFO - Sync 1 DAGs
[2026-09-15T21:30:43.686+0000] {logging_mixin.py:188} INFO - [2026-09-15T21:30:43.686+0000] {dag.py:3947} INFO - Setting next_dagrun for example_trigger_target_dag to None, run_after=None
[2026-09-15T21:30:43.704+0000] {processor.py:183} INFO - Processing /home/airflow/.local/lib/python3.12/site-packages/airflow/example_dags/example_trigger_target_dag.py took 0.059 seconds
[2026-09-15T21:31:14.199+0000] {processor.py:161} INFO - Started process (PID=4987) to work on /home/airflow/.local/lib/python3.12/site-packages/airflow/example_dags/example_trigger_target_dag.py
[2026-09-15T21:31:14.200+0000] {processor.py:830} INFO - Processing file /home/airflow/.local/lib/python3.12/site-packages/airflow/example_dags/example_trigger_target_dag.py for tasks to queue
[2026-09-15T21:31:14.202+0000] {logging_mixin.py:188} INFO - [2026-09-15T21:31:14.201+0000] {dagbag.py:545} INFO - Filling up the DagBag from /home/airflow/.local/lib/python3.12/site-packages/airflow/example_dags/example_trigger_target_dag.py
[2026-09-15T21:31:14.206+0000] {processor.py:840} INFO - DAG(s) 'example_trigger_target_dag' retrieved from /home/airflow/.local/lib/python3.12/site-packages/airflow/example_dags/example_trigger_target_dag.py
[2026-09-15T21:31:14.222+0000] {logging_mixin.py:188} INFO - [2026-09-15T21:31:14.222+0000] {dag.py:3089} INFO - Sync 1 DAGs
[2026-09-15T21:31:14.232+0000] {logging_mixin.py:188} INFO - [2026-09-15T21:31:14.232+0000] {dag.py:3947} INFO - Setting next_dagrun for example_trigger_target_dag to None, run_after=None
[2026-09-15T21:31:14.247+0000] {processor.py:183} INFO - Processing /home/airflow/.local/lib/python3.12/site-packages/airflow/example_dags/example_trigger_target_dag.py took 0.052 seconds
[2026-09-15T21:31:44.970+0000] {processor.py:161} INFO - Started process (PID=5249) to work on /home/airflow/.local/lib/python3.12/site-packages/airflow/example_dags/example_trigger_target_dag.py
[2026-09-15T21:31:44.971+0000] {processor.py:830} INFO - Processing file /home/airflow/.local/lib/python3.12/site-packages/airflow/example_dags/example_trigger_target_dag.py for tasks to queue
[2026-09-15T21:31:44.974+0000] {logging_mixin.py:188} INFO - [2026-09-15T21:31:44.973+0000] {dagbag.py:545} INFO - Filling up the DagBag from /home/airflow/.local/lib/python3.12/site-packages/airflow/example_dags/example_trigger_target_dag.py
[2026-09-15T21:31:44.980+0000] {processor.py:840} INFO - DAG(s) 'example_trigger_target_dag' retrieved from /home/airflow/.local/lib/python3.12/site-packages/airflow/example_dags/example_trigger_target_dag.py
[2026-09-15T21:31:44.998+0000] {logging_mixin.py:188} INFO - [2026-09-15T21:31:44.998+0000] {dag.py:3089} INFO - Sync 1 DAGs
[2026-09-15T21:31:45.007+0000] {logging_mixin.py:188} INFO - [2026-09-15T21:31:45.007+0000] {dag.py:3947} INFO - Setting next_dagrun for example_trigger_target_dag to None, run_after=None
[2026-09-15T21:31:45.022+0000] {processor.py:183} INFO - Processing /home/airflow/.local/lib/python3.12/site-packages/airflow/example_dags/example_trigger_target_dag.py took 0.057 seconds
[2026-09-15T21:32:15.542+0000] {processor.py:161} INFO - Started process (PID=5511) to work on /home/airflow/.local/lib/python3.12/site-packages/airflow/example_dags/example_trigger_target_dag.py
[2026-09-15T21:32:15.543+0000] {processor.py:830} INFO - Processing file /home/airflow/.local/lib/python3.12/site-packages/airflow/example_dags/example_trigger_target_dag.py for tasks to queue
[2026-09-15T21:32:15.545+0000] {logging_mixin.py:188} INFO - [2026-09-15T21:32:15.545+0000] {dagbag.py:545} INFO - Filling up the DagBag from /home/airflow/.local/lib/python3.12/site-packages/airflow/example_dags/example_trigger_target_dag.py
[2026-09-15T21:32:15.550+0000] {processor.py:840} INFO - DAG(s) 'example_trigger_target_dag' retrieved from /home/airflow/.local/lib/python3.12/site-packages/airflow/example_dags/example_trigger_target_dag.py
[2026-09-15T21:32:15.566+0000] {logging_mixin.py:188} INFO - [2026-09-15T21:32:15.566+0000] {dag.py:3089} INFO - Sync 1 DAGs
[2026-09-15T21:32:15.575+0000] {logging_mixin.py:188} INFO - [2026-09-15T21:32:15.575+0000] {dag.py:3947} INFO - Setting next_dagrun for example_trigger_target_dag to None, run_after=None
[2026-09-15T21:32:15.590+0000] {processor.py:183} INFO - Processing /home/airflow/.local/lib/python3.12/site-packages/airflow/example_dags/example_trigger_target_dag.py took 0.052 seconds
[2026-09-15T21:32:45.776+0000] {processor.py:161} INFO - Started process (PID=5773) to work on /home/airflow/.local/lib/python3.12/site-packages/airflow/example_dags/example_trigger_target_dag.py
[2026-09-15T21:32:45.777+0000] {processor.py:830} INFO - Processing file /home/airflow/.local/lib/python3.12/site-packages/airflow/example_dags/example_trigger_target_dag.py for tasks to queue
[2026-09-15T21:32:45.779+0000] {logging_mixin.py:188} INFO - [2026-09-15T21:32:45.778+0000] {dagbag.py:545} INFO - Filling up the DagBag from /home/airflow/.local/lib/python3.12/site-packages/airflow/example_dags/example_trigger_target_dag.py
[2026-09-15T21:32:45.784+0000] {processor.py:840} INFO - DAG(s) 'example_trigger_target_dag' retrieved from /home/airflow/.local/lib/python3.12/site-packages/airflow/example_dags/example_trigger_target_dag.py
[2026-09-15T21:32:45.803+0000] {logging_mixin.py:188} INFO - [2026-09-15T21:32:45.803+0000] {dag.py:3089} INFO - Sync 1 DAGs
[2026-09-15T21:32:45.814+0000] {logging_mixin.py:188} INFO - [2026-09-15T21:32:45.814+0000] {dag.py:3947} INFO - Setting next_dagrun for example_trigger_target_dag to None, run_after=None
[2026-09-15T21:32:45.831+0000] {processor.py:183} INFO - Processing /home/airflow/.local/lib/python3.12/site-packages/airflow/example_dags/example_trigger_target_dag.py took 0.060 seconds
[2026-09-15T21:33:16.097+0000] {processor.py:161} INFO - Started process (PID=6035) to work on /home/airflow/.local/lib/python3.12/site-packages/airflow/example_dags/example_trigger_target_dag.py
[2026-09-15T21:33:16.099+0000] {processor.py:830} INFO - Processing file /home/airflow/.local/lib/python3.12/site-packages/airflow/example_dags/example_trigger_target_dag.py for tasks to queue
[2026-09-15T21:33:16.100+0000] {logging_mixin.py:188} INFO - [2026-09-15T21:33:16.100+0000] {dagbag.py:545} INFO - Filling up the DagBag from /home/airflow/.local/lib/python3.12/site-packages/airflow/example_dags/example_trigger_target_dag.py
[2026-09-15T21:33:16.106+0000] {processor.py:840} INFO - DAG(s) 'example_trigger_target_dag' retrieved from /home/airflow/.local/lib/python3.12/site-packages/airflow/example_dags/example_trigger_target_dag.py
[2026-09-15T21:33:16.126+0000] {logging_mixin.py:188} INFO - [2026-09-15T21:33:16.126+0000] {dag.py:3089} INFO - Sync 1 DAGs
[2026-09-15T21:33:16.137+0000] {logging_mixin.py:188} INFO - [2026-09-15T21:33:16.136+0000] {dag.py:3947} INFO - Setting next_dagrun for example_trigger_target_dag to None, run_after=None
[2026-09-15T21:33:16.152+0000] {processor.py:183} INFO - Processing /home/airflow/.local/lib/python3.12/site-packages/airflow/example_dags/example_trigger_target_dag.py took 0.059 seconds
[2026-09-15T21:33:46.317+0000] {processor.py:161} INFO - Started process (PID=6301) to work on /home/airflow/.local/lib/python3.12/site-packages/airflow/example_dags/example_trigger_target_dag.py
[2026-09-15T21:33:46.318+0000] {processor.py:830} INFO - Processing file /home/airflow/.local/lib/python3.12/site-packages/airflow/example_dags/example_trigger_target_dag.py for tasks to queue
[2026-09-15T21:33:46.320+0000] {logging_mixin.py:188} INFO - [2026-09-15T21:33:46.319+0000] {dagbag.py:545} INFO - Filling up the DagBag from /home/airflow/.local/lib/python3.12/site-packages/airflow/example_dags/example_trigger_target_dag.py
[2026-09-15T21:33:46.324+0000] {processor.py:840} INFO - DAG(s) 'example_trigger_target_dag' retrieved from /home/airflow/.local/lib/python3.12/site-packages/airflow/example_dags/example_trigger_target_dag.py
[2026-09-15T21:33:46.340+0000] {logging_mixin.py:188} INFO - [2026-09-15T21:33:46.340+0000] {dag.py:3089} INFO - Sync 1 DAGs
[2026-09-15T21:33:46.349+0000] {logging_mixin.py:188} INFO - [2026-09-15T21:33:46.349+0000] {dag.py:3947} INFO - Setting next_dagrun for example_trigger_target_dag to None, run_after=None
[2026-09-15T21:33:46.363+0000] {processor.py:183} INFO - Processing /home/airflow/.local/lib/python3.12/site-packages/airflow/example_dags/example_trigger_target_dag.py took 0.051 seconds
[2026-09-15T21:34:16.572+0000] {processor.py:161} INFO - Started process (PID=6563) to work on /home/airflow/.local/lib/python3.12/site-packages/airflow/example_dags/example_trigger_target_dag.py
[2026-09-15T21:34:16.573+0000] {processor.py:830} INFO - Processing file /home/airflow/.local/lib/python3.12/site-packages/airflow/example_dags/example_trigger_target_dag.py for tasks to queue
[2026-09-15T21:34:16.575+0000] {logging_mixin.py:188} INFO - [2026-09-15T21:34:16.574+0000] {dagbag.py:545} INFO - Filling up the DagBag from /home/airflow/.local/lib/python3.12/site-packages/airflow/example_dags/example_trigger_target_dag.py
[2026-09-15T21:34:16.579+0000] {processor.py:840} INFO - DAG(s) 'example_trigger_target_dag' retrieved from /home/airflow/.local/lib/python3.12/site-packages/airflow/example_dags/example_trigger_target_dag.py
[2026-09-15T21:34:16.596+0000] {logging_mixin.py:188} INFO - [2026-09-15T21:34:16.596+0000] {dag.py:3089} INFO - Sync 1 DAGs
[2026-09-15T21:34:16.605+0000] {logging_mixin.py:188} INFO - [2026-09-15T21:34:16.605+0000] {dag.py:3947} INFO - Setting next_dagrun for example_trigger_target_dag to None, run_after=None
[2026-09-15T21:34:16.620+0000] {processor.py:183} INFO - Processing /home/airflow/.local/lib/python3.12/site-packages/airflow/example_dags/example_trigger_target_dag.py took 0.052 seconds
[2026-09-15T21:34:47.139+0000] {processor.py:161} INFO - Started process (PID=6825) to work on /home/airflow/.local/lib/python3.12/site-packages/airflow/example_dags/example_trigger_target_dag.py
[2026-09-15T21:34:47.140+0000] {processor.py:830} INFO - Processing file /home/airflow/.local/lib/python3.12/site-packages/airflow/example_dags/example_trigger_target_dag.py for tasks to queue
[2026-09-15T21:34:47.142+0000] {logging_mixin.py:188} INFO - [2026-09-15T21:34:47.142+0000] {dagbag.py:545} INFO - Filling up the DagBag from /home/airflow/.local/lib/python3.12/site-packages/airflow/example_dags/example_trigger_target_dag.py
[2026-09-15T21:34:47.147+0000] {processor.py:840} INFO - DAG(s) 'example_trigger_target_dag' retrieved from /home/airflow/.local/lib/python3.12/site-packages/airflow/example_dags/example_trigger_target_dag.py
[2026-09-15T21:34:47.166+0000] {logging_mixin.py:188} INFO - [2026-09-15T21:34:47.166+0000] {dag.py:3089} INFO - Sync 1 DAGs
[2026-09-15T21:34:47.176+0000] {logging_mixin.py:188} INFO - [2026-09-15T21:34:47.176+0000] {dag.py:3947} INFO - Setting next_dagrun for example_trigger_target_dag to None, run_after=None
[2026-09-15T21:34:47.191+0000] {processor.py:183} INFO - Processing /home/airflow/.local/lib/python3.12/site-packages/airflow/example_dags/example_trigger_target_dag.py took 0.057 seconds
[2026-09-15T21:35:17.396+0000] {processor.py:161} INFO - Started process (PID=7091) to work on /home/airflow/.local/lib/python3.12/site-packages/airflow/example_dags/example_trigger_target_dag.py
[2026-09-15T21:35:17.398+0000] {processor.py:830} INFO - Processing file /home/airflow/.local/lib/python3.12/site-packages/airflow/example_dags/example_trigger_target_dag.py for tasks to queue
[2026-09-15T21:35:17.399+0000] {logging_mixin.py:188} INFO - [2026-09-15T21:35:17.399+0000] {dagbag.py:545} INFO - Filling up the DagBag from /home/airflow/.local/lib/python3.12/site-packages/airflow/example_dags/example_trigger_target_dag.py
[2026-09-15T21:35:17.404+0000] {processor.py:840} INFO - DAG(s) 'example_trigger_target_dag' retrieved from /home/airflow/.local/lib/python3.12/site-packages/airflow/example_dags/example_trigger_target_dag.py
[2026-09-15T21:35:17.420+0000] {logging_mixin.py:188} INFO - [2026-09-15T21:35:17.420+0000] {dag.py:3089} INFO - Sync 1 DAGs
[2026-09-15T21:35:17.430+0000] {logging_mixin.py:188} INFO - [2026-09-15T21:35:17.429+0000] {dag.py:3947} INFO - Setting next_dagrun for example_trigger_target_dag to None, run_after=None
[2026-09-15T21:35:17.443+0000] {processor.py:183} INFO - Processing /home/airflow/.local/lib/python3.12/site-packages/airflow/example_dags/example_trigger_target_dag.py took 0.051 seconds
[2026-09-15T21:35:47.830+0000] {processor.py:161} INFO - Started process (PID=7353) to work on /home/airflow/.local/lib/python3.12/site-packages/airflow/example_dags/example_trigger_target_dag.py
[2026-09-15T21:35:47.832+0000] {processor.py:830} INFO - Processing file /home/airflow/.local/lib/python3.12/site-packages/airflow/example_dags/example_trigger_target_dag.py for tasks to queue
[2026-09-15T21:35:47.833+0000] {logging_mixin.py:188} INFO - [2026-09-15T21:35:47.833+0000] {dagbag.py:545} INFO - Filling up the DagBag from /home/airflow/.local/lib/python3.12/site-packages/airflow/example_dags/example_trigger_target_dag.py
[2026-09-15T21:35:47.838+0000] {processor.py:840} INFO - DAG(s) 'example_trigger_target_dag' retrieved from /home/airflow/.local/lib/python3.12/site-packages/airflow/example_dags/example_trigger_target_dag.py
[2026-09-15T21:35:47.855+0000] {logging_mixin.py:188} INFO - [2026-09-15T21:35:47.854+0000] {dag.py:3089} INFO - Sync 1 DAGs
[2026-09-15T21:35:47.865+0000] {logging_mixin.py:188} INFO - [2026-09-15T21:35:47.865+0000] {dag.py:3947} INFO - Setting next_dagrun for example_trigger_target_dag to None, run_after=None
[2026-09-15T21:35:47.881+0000] {processor.py:183} INFO - Processing /home/airflow/.local/lib/python3.12/site-packages/airflow/example_dags/example_trigger_target_dag.py took 0.055 seconds
[2026-09-15T21:36:18.001+0000] {processor.py:161} INFO - Started process (PID=7615) to work on /home/airflow/.local/lib/python3.12/site-packages/airflow/example_dags/example_trigger_target_dag.py
[2026-09-15T21:36:18.002+0000] {processor.py:830} INFO - Processing file /home/airflow/.local/lib/python3.12/site-packages/airflow/example_dags/example_trigger_target_dag.py for tasks to queue
[2026-09-15T21:36:18.004+0000] {logging_mixin.py:188} INFO - [2026-09-15T21:36:18.004+0000] {dagbag.py:545} INFO - Filling up the DagBag from /home/airflow/.local/lib/python3.12/site-packages/airflow/example_dags/example_trigger_target_dag.py
[2026-09-15T21:36:18.009+0000] {processor.py:840} INFO - DAG(s) 'example_trigger_target_dag' retrieved from /home/airflow/.local/lib/python3.12/site-packages/airflow/example_dags/example_trigger_target_dag.py
[2026-09-15T21:36:18.026+0000] {logging_mixin.py:188} INFO - [2026-09-15T21:36:18.026+0000] {dag.py:3089} INFO - Sync 1 DAGs
[2026-09-15T21:36:18.037+0000] {logging_mixin.py:188} INFO - [2026-09-15T21:36:18.037+0000] {dag.py:3947} INFO - Setting next_dagrun for example_trigger_target_dag to None, run_after=None
[2026-09-15T21:36:18.052+0000] {processor.py:183} INFO - Processing /home/airflow/.local/lib/python3.12/site-packages/airflow/example_dags/example_trigger_target_dag.py took 0.055 seconds
[2026-09-15T21:36:48.123+0000] {processor.py:161} INFO - Started process (PID=7877) to work on /home/airflow/.local/lib/python3.12/site-packages/airflow/example_dags/example_trigger_target_dag.py
[2026-09-15T21:36:48.124+0000] {processor.py:830} INFO - Processing file /home/airflow/.local/lib/python3.12/site-packages/airflow/example_dags/example_trigger_target_dag.py for tasks to queue
[2026-09-15T21:36:48.126+0000] {logging_mixin.py:188} INFO - [2026-09-15T21:36:48.126+0000] {dagbag.py:545} INFO - Filling up the DagBag from /home/airflow/.local/lib/python3.12/site-packages/airflow/example_dags/example_trigger_target_dag.py
[2026-09-15T21:36:48.130+0000] {processor.py:840} INFO - DAG(s) 'example_trigger_target_dag' retrieved from /home/airflow/.local/lib/python3.12/site-packages/airflow/example_dags/example_trigger_target_dag.py
[2026-09-15T21:36:48.147+0000] {logging_mixin.py:188} INFO - [2026-09-15T21:36:48.146+0000] {dag.py:3089} INFO - Sync 1 DAGs
[2026-09-15T21:36:48.156+0000] {logging_mixin.py:188} INFO - [2026-09-15T21:36:48.155+0000] {dag.py:3947} INFO - Setting next_dagrun for example_trigger_target_dag to None, run_after=None
[2026-09-15T21:36:48.170+0000] {processor.py:183} INFO - Processing /home/airflow/.local/lib/python3.12/site-packages/airflow/example_dags/example_trigger_target_dag.py took 0.051 seconds
[2026-09-15T21:37:18.542+0000] {processor.py:161} INFO - Started process (PID=8139) to work on /home/airflow/.local/lib/python3.12/site-packages/airflow/example_dags/example_trigger_target_dag.py
[2026-09-15T21:37:18.543+0000] {processor.py:830} INFO - Processing file /home/airflow/.local/lib/python3.12/site-packages/airflow/example_dags/example_trigger_target_dag.py for tasks to queue
[2026-09-15T21:37:18.545+0000] {logging_mixin.py:188} INFO - [2026-09-15T21:37:18.545+0000] {dagbag.py:545} INFO - Filling up the DagBag from /home/airflow/.local/lib/python3.12/site-packages/airflow/example_dags/example_trigger_target_dag.py
[2026-09-15T21:37:18.549+0000] {processor.py:840} INFO - DAG(s) 'example_trigger_target_dag' retrieved from /home/airflow/.local/lib/python3.12/site-packages/airflow/example_dags/example_trigger_target_dag.py
[2026-09-15T21:37:18.565+0000] {logging_mixin.py:188} INFO - [2026-09-15T21:37:18.565+0000] {dag.py:3089} INFO - Sync 1 DAGs
[2026-09-15T21:37:18.574+0000] {logging_mixin.py:188} INFO - [2026-09-15T21:37:18.574+0000] {dag.py:3947} INFO - Setting next_dagrun for example_trigger_target_dag to None, run_after=None
[2026-09-15T21:37:18.588+0000] {processor.py:183} INFO - Processing /home/airflow/.local/lib/python3.12/site-packages/airflow/example_dags/example_trigger_target_dag.py took 0.050 seconds
[2026-09-15T21:37:48.807+0000] {processor.py:161} INFO - Started process (PID=8401) to work on /home/airflow/.local/lib/python3.12/site-packages/airflow/example_dags/example_trigger_target_dag.py
[2026-09-15T21:37:48.808+0000] {processor.py:830} INFO - Processing file /home/airflow/.local/lib/python3.12/site-packages/airflow/example_dags/example_trigger_target_dag.py for tasks to queue
[2026-09-15T21:37:48.810+0000] {logging_mixin.py:188} INFO - [2026-09-15T21:37:48.810+0000] {dagbag.py:545} INFO - Filling up the DagBag from /home/airflow/.local/lib/python3.12/site-packages/airflow/example_dags/example_trigger_target_dag.py
[2026-09-15T21:37:48.815+0000] {processor.py:840} INFO - DAG(s) 'example_trigger_target_dag' retrieved from /home/airflow/.local/lib/python3.12/site-packages/airflow/example_dags/example_trigger_target_dag.py
[2026-09-15T21:37:48.834+0000] {logging_mixin.py:188} INFO - [2026-09-15T21:37:48.834+0000] {dag.py:3089} INFO - Sync 1 DAGs
[2026-09-15T21:37:48.845+0000] {logging_mixin.py:188} INFO - [2026-09-15T21:37:48.845+0000] {dag.py:3947} INFO - Setting next_dagrun for example_trigger_target_dag to None, run_after=None
[2026-09-15T21:37:48.860+0000] {processor.py:183} INFO - Processing /home/airflow/.local/lib/python3.12/site-packages/airflow/example_dags/example_trigger_target_dag.py took 0.058 seconds
[2026-09-15T21:38:19.122+0000] {processor.py:161} INFO - Started process (PID=8663) to work on /home/airflow/.local/lib/python3.12/site-packages/airflow/example_dags/example_trigger_target_dag.py
[2026-09-15T21:38:19.124+0000] {processor.py:830} INFO - Processing file /home/airflow/.local/lib/python3.12/site-packages/airflow/example_dags/example_trigger_target_dag.py for tasks to queue
[2026-09-15T21:38:19.126+0000] {logging_mixin.py:188} INFO - [2026-09-15T21:38:19.126+0000] {dagbag.py:545} INFO - Filling up the DagBag from /home/airflow/.local/lib/python3.12/site-packages/airflow/example_dags/example_trigger_target_dag.py
[2026-09-15T21:38:19.133+0000] {processor.py:840} INFO - DAG(s) 'example_trigger_target_dag' retrieved from /home/airflow/.local/lib/python3.12/site-packages/airflow/example_dags/example_trigger_target_dag.py
[2026-09-15T21:38:19.154+0000] {logging_mixin.py:188} INFO - [2026-09-15T21:38:19.154+0000] {dag.py:3089} INFO - Sync 1 DAGs
[2026-09-15T21:38:19.165+0000] {logging_mixin.py:188} INFO - [2026-09-15T21:38:19.165+0000] {dag.py:3947} INFO - Setting next_dagrun for example_trigger_target_dag to None, run_after=None
[2026-09-15T21:38:19.180+0000] {processor.py:183} INFO - Processing /home/airflow/.local/lib/python3.12/site-packages/airflow/example_dags/example_trigger_target_dag.py took 0.064 seconds
[2026-09-15T21:38:49.291+0000] {processor.py:161} INFO - Started process (PID=8954) to work on /home/airflow/.local/lib/python3.12/site-packages/airflow/example_dags/example_trigger_target_dag.py
[2026-09-15T21:38:49.292+0000] {processor.py:830} INFO - Processing file /home/airflow/.local/lib/python3.12/site-packages/airflow/example_dags/example_trigger_target_dag.py for tasks to queue
[2026-09-15T21:38:49.294+0000] {logging_mixin.py:188} INFO - [2026-09-15T21:38:49.294+0000] {dagbag.py:545} INFO - Filling up the DagBag from /home/airflow/.local/lib/python3.12/site-packages/airflow/example_dags/example_trigger_target_dag.py
[2026-09-15T21:38:49.298+0000] {processor.py:840} INFO - DAG(s) 'example_trigger_target_dag' retrieved from /home/airflow/.local/lib/python3.12/site-packages/airflow/example_dags/example_trigger_target_dag.py
[2026-09-15T21:38:49.315+0000] {logging_mixin.py:188} INFO - [2026-09-15T21:38:49.315+0000] {dag.py:3089} INFO - Sync 1 DAGs
[2026-09-15T21:38:49.325+0000] {logging_mixin.py:188} INFO - [2026-09-15T21:38:49.325+0000] {dag.py:3947} INFO - Setting next_dagrun for example_trigger_target_dag to None, run_after=None
[2026-09-15T21:38:49.340+0000] {processor.py:183} INFO - Processing /home/airflow/.local/lib/python3.12/site-packages/airflow/example_dags/example_trigger_target_dag.py took 0.053 seconds
[2026-09-15T21:39:19.733+0000] {processor.py:161} INFO - Started process (PID=9216) to work on /home/airflow/.local/lib/python3.12/site-packages/airflow/example_dags/example_trigger_target_dag.py
[2026-09-15T21:39:19.735+0000] {processor.py:830} INFO - Processing file /home/airflow/.local/lib/python3.12/site-packages/airflow/example_dags/example_trigger_target_dag.py for tasks to queue
[2026-09-15T21:39:19.737+0000] {logging_mixin.py:188} INFO - [2026-09-15T21:39:19.736+0000] {dagbag.py:545} INFO - Filling up the DagBag from /home/airflow/.local/lib/python3.12/site-packages/airflow/example_dags/example_trigger_target_dag.py
[2026-09-15T21:39:19.742+0000] {processor.py:840} INFO - DAG(s) 'example_trigger_target_dag' retrieved from /home/airflow/.local/lib/python3.12/site-packages/airflow/example_dags/example_trigger_target_dag.py
[2026-09-15T21:39:19.760+0000] {logging_mixin.py:188} INFO - [2026-09-15T21:39:19.760+0000] {dag.py:3089} INFO - Sync 1 DAGs
[2026-09-15T21:39:19.771+0000] {logging_mixin.py:188} INFO - [2026-09-15T21:39:19.770+0000] {dag.py:3947} INFO - Setting next_dagrun for example_trigger_target_dag to None, run_after=None
[2026-09-15T21:39:19.788+0000] {processor.py:183} INFO - Processing /home/airflow/.local/lib/python3.12/site-packages/airflow/example_dags/example_trigger_target_dag.py took 0.059 seconds
[2026-09-15T21:39:49.940+0000] {processor.py:161} INFO - Started process (PID=9478) to work on /home/airflow/.local/lib/python3.12/site-packages/airflow/example_dags/example_trigger_target_dag.py
[2026-09-15T21:39:49.942+0000] {processor.py:830} INFO - Processing file /home/airflow/.local/lib/python3.12/site-packages/airflow/example_dags/example_trigger_target_dag.py for tasks to queue
[2026-09-15T21:39:49.943+0000] {logging_mixin.py:188} INFO - [2026-09-15T21:39:49.943+0000] {dagbag.py:545} INFO - Filling up the DagBag from /home/airflow/.local/lib/python3.12/site-packages/airflow/example_dags/example_trigger_target_dag.py
[2026-09-15T21:39:49.948+0000] {processor.py:840} INFO - DAG(s) 'example_trigger_target_dag' retrieved from /home/airflow/.local/lib/python3.12/site-packages/airflow/example_dags/example_trigger_target_dag.py
[2026-09-15T21:39:49.965+0000] {logging_mixin.py:188} INFO - [2026-09-15T21:39:49.965+0000] {dag.py:3089} INFO - Sync 1 DAGs
[2026-09-15T21:39:49.975+0000] {logging_mixin.py:188} INFO - [2026-09-15T21:39:49.975+0000] {dag.py:3947} INFO - Setting next_dagrun for example_trigger_target_dag to None, run_after=None
[2026-09-15T21:39:49.988+0000] {processor.py:183} INFO - Processing /home/airflow/.local/lib/python3.12/site-packages/airflow/example_dags/example_trigger_target_dag.py took 0.052 seconds
[2026-09-15T21:40:20.112+0000] {processor.py:161} INFO - Started process (PID=9740) to work on /home/airflow/.local/lib/python3.12/site-packages/airflow/example_dags/example_trigger_target_dag.py
[2026-09-15T21:40:20.113+0000] {processor.py:830} INFO - Processing file /home/airflow/.local/lib/python3.12/site-packages/airflow/example_dags/example_trigger_target_dag.py for tasks to queue
[2026-09-15T21:40:20.115+0000] {logging_mixin.py:188} INFO - [2026-09-15T21:40:20.115+0000] {dagbag.py:545} INFO - Filling up the DagBag from /home/airflow/.local/lib/python3.12/site-packages/airflow/example_dags/example_trigger_target_dag.py
[2026-09-15T21:40:20.120+0000] {processor.py:840} INFO - DAG(s) 'example_trigger_target_dag' retrieved from /home/airflow/.local/lib/python3.12/site-packages/airflow/example_dags/example_trigger_target_dag.py
[2026-09-15T21:40:20.138+0000] {logging_mixin.py:188} INFO - [2026-09-15T21:40:20.138+0000] {dag.py:3089} INFO - Sync 1 DAGs
[2026-09-15T21:40:20.148+0000] {logging_mixin.py:188} INFO - [2026-09-15T21:40:20.148+0000] {dag.py:3947} INFO - Setting next_dagrun for example_trigger_target_dag to None, run_after=None
[2026-09-15T21:40:20.162+0000] {processor.py:183} INFO - Processing /home/airflow/.local/lib/python3.12/site-packages/airflow/example_dags/example_trigger_target_dag.py took 0.054 seconds
[2026-09-15T21:40:50.784+0000] {processor.py:161} INFO - Started process (PID=10002) to work on /home/airflow/.local/lib/python3.12/site-packages/airflow/example_dags/example_trigger_target_dag.py
[2026-09-15T21:40:50.785+0000] {processor.py:830} INFO - Processing file /home/airflow/.local/lib/python3.12/site-packages/airflow/example_dags/example_trigger_target_dag.py for tasks to queue
[2026-09-15T21:40:50.787+0000] {logging_mixin.py:188} INFO - [2026-09-15T21:40:50.787+0000] {dagbag.py:545} INFO - Filling up the DagBag from /home/airflow/.local/lib/python3.12/site-packages/airflow/example_dags/example_trigger_target_dag.py
[2026-09-15T21:40:50.793+0000] {processor.py:840} INFO - DAG(s) 'example_trigger_target_dag' retrieved from /home/airflow/.local/lib/python3.12/site-packages/airflow/example_dags/example_trigger_target_dag.py
[2026-09-15T21:40:50.812+0000] {logging_mixin.py:188} INFO - [2026-09-15T21:40:50.812+0000] {dag.py:3089} INFO - Sync 1 DAGs
[2026-09-15T21:40:50.978+0000] {logging_mixin.py:188} INFO - [2026-09-15T21:40:50.978+0000] {dag.py:3947} INFO - Setting next_dagrun for example_trigger_target_dag to None, run_after=None
[2026-09-15T21:40:50.993+0000] {processor.py:183} INFO - Processing /home/airflow/.local/lib/python3.12/site-packages/airflow/example_dags/example_trigger_target_dag.py took 0.215 seconds
[2026-09-15T21:41:21.130+0000] {processor.py:161} INFO - Started process (PID=10262) to work on /home/airflow/.local/lib/python3.12/site-packages/airflow/example_dags/example_trigger_target_dag.py
[2026-09-15T21:41:21.131+0000] {processor.py:830} INFO - Processing file /home/airflow/.local/lib/python3.12/site-packages/airflow/example_dags/example_trigger_target_dag.py for tasks to queue
[2026-09-15T21:41:21.134+0000] {logging_mixin.py:188} INFO - [2026-09-15T21:41:21.133+0000] {dagbag.py:545} INFO - Filling up the DagBag from /home/airflow/.local/lib/python3.12/site-packages/airflow/example_dags/example_trigger_target_dag.py
[2026-09-15T21:41:21.138+0000] {processor.py:840} INFO - DAG(s) 'example_trigger_target_dag' retrieved from /home/airflow/.local/lib/python3.12/site-packages/airflow/example_dags/example_trigger_target_dag.py
[2026-09-15T21:41:21.156+0000] {logging_mixin.py:188} INFO - [2026-09-15T21:41:21.156+0000] {dag.py:3089} INFO - Sync 1 DAGs
[2026-09-15T21:41:21.168+0000] {logging_mixin.py:188} INFO - [2026-09-15T21:41:21.168+0000] {dag.py:3947} INFO - Setting next_dagrun for example_trigger_target_dag to None, run_after=None
[2026-09-15T21:41:21.352+0000] {processor.py:183} INFO - Processing /home/airflow/.local/lib/python3.12/site-packages/airflow/example_dags/example_trigger_target_dag.py took 0.226 seconds
[2026-09-15T21:41:52.069+0000] {processor.py:161} INFO - Started process (PID=10526) to work on /home/airflow/.local/lib/python3.12/site-packages/airflow/example_dags/example_trigger_target_dag.py
[2026-09-15T21:41:52.070+0000] {processor.py:830} INFO - Processing file /home/airflow/.local/lib/python3.12/site-packages/airflow/example_dags/example_trigger_target_dag.py for tasks to queue
[2026-09-15T21:41:52.072+0000] {logging_mixin.py:188} INFO - [2026-09-15T21:41:52.072+0000] {dagbag.py:545} INFO - Filling up the DagBag from /home/airflow/.local/lib/python3.12/site-packages/airflow/example_dags/example_trigger_target_dag.py
[2026-09-15T21:41:52.077+0000] {processor.py:840} INFO - DAG(s) 'example_trigger_target_dag' retrieved from /home/airflow/.local/lib/python3.12/site-packages/airflow/example_dags/example_trigger_target_dag.py
[2026-09-15T21:41:52.097+0000] {logging_mixin.py:188} INFO - [2026-09-15T21:41:52.097+0000] {dag.py:3089} INFO - Sync 1 DAGs
[2026-09-15T21:41:52.109+0000] {logging_mixin.py:188} INFO - [2026-09-15T21:41:52.109+0000] {dag.py:3947} INFO - Setting next_dagrun for example_trigger_target_dag to None, run_after=None
[2026-09-15T21:41:52.133+0000] {processor.py:183} INFO - Processing /home/airflow/.local/lib/python3.12/site-packages/airflow/example_dags/example_trigger_target_dag.py took 0.068 seconds
[2026-09-15T21:42:22.807+0000] {processor.py:161} INFO - Started process (PID=10788) to work on /home/airflow/.local/lib/python3.12/site-packages/airflow/example_dags/example_trigger_target_dag.py
[2026-09-15T21:42:22.808+0000] {processor.py:830} INFO - Processing file /home/airflow/.local/lib/python3.12/site-packages/airflow/example_dags/example_trigger_target_dag.py for tasks to queue
[2026-09-15T21:42:22.810+0000] {logging_mixin.py:188} INFO - [2026-09-15T21:42:22.810+0000] {dagbag.py:545} INFO - Filling up the DagBag from /home/airflow/.local/lib/python3.12/site-packages/airflow/example_dags/example_trigger_target_dag.py
[2026-09-15T21:42:22.815+0000] {processor.py:840} INFO - DAG(s) 'example_trigger_target_dag' retrieved from /home/airflow/.local/lib/python3.12/site-packages/airflow/example_dags/example_trigger_target_dag.py
[2026-09-15T21:42:22.832+0000] {logging_mixin.py:188} INFO - [2026-09-15T21:42:22.832+0000] {dag.py:3089} INFO - Sync 1 DAGs
[2026-09-15T21:42:22.842+0000] {logging_mixin.py:188} INFO - [2026-09-15T21:42:22.842+0000] {dag.py:3947} INFO - Setting next_dagrun for example_trigger_target_dag to None, run_after=None
[2026-09-15T21:42:22.858+0000] {processor.py:183} INFO - Processing /home/airflow/.local/lib/python3.12/site-packages/airflow/example_dags/example_trigger_target_dag.py took 0.056 seconds
[2026-09-15T21:42:53.636+0000] {processor.py:161} INFO - Started process (PID=11048) to work on /home/airflow/.local/lib/python3.12/site-packages/airflow/example_dags/example_trigger_target_dag.py
[2026-09-15T21:42:53.637+0000] {processor.py:830} INFO - Processing file /home/airflow/.local/lib/python3.12/site-packages/airflow/example_dags/example_trigger_target_dag.py for tasks to queue
[2026-09-15T21:42:53.639+0000] {logging_mixin.py:188} INFO - [2026-09-15T21:42:53.638+0000] {dagbag.py:545} INFO - Filling up the DagBag from /home/airflow/.local/lib/python3.12/site-packages/airflow/example_dags/example_trigger_target_dag.py
[2026-09-15T21:42:53.643+0000] {processor.py:840} INFO - DAG(s) 'example_trigger_target_dag' retrieved from /home/airflow/.local/lib/python3.12/site-packages/airflow/example_dags/example_trigger_target_dag.py
[2026-09-15T21:42:53.661+0000] {logging_mixin.py:188} INFO - [2026-09-15T21:42:53.660+0000] {dag.py:3089} INFO - Sync 1 DAGs
[2026-09-15T21:42:53.670+0000] {logging_mixin.py:188} INFO - [2026-09-15T21:42:53.670+0000] {dag.py:3947} INFO - Setting next_dagrun for example_trigger_target_dag to None, run_after=None
[2026-09-15T21:42:53.686+0000] {processor.py:183} INFO - Processing /home/airflow/.local/lib/python3.12/site-packages/airflow/example_dags/example_trigger_target_dag.py took 0.054 seconds
[2026-09-15T21:43:24.646+0000] {processor.py:161} INFO - Started process (PID=11312) to work on /home/airflow/.local/lib/python3.12/site-packages/airflow/example_dags/example_trigger_target_dag.py
[2026-09-15T21:43:24.648+0000] {processor.py:830} INFO - Processing file /home/airflow/.local/lib/python3.12/site-packages/airflow/example_dags/example_trigger_target_dag.py for tasks to queue
[2026-09-15T21:43:24.651+0000] {logging_mixin.py:188} INFO - [2026-09-15T21:43:24.651+0000] {dagbag.py:545} INFO - Filling up the DagBag from /home/airflow/.local/lib/python3.12/site-packages/airflow/example_dags/example_trigger_target_dag.py
[2026-09-15T21:43:24.659+0000] {processor.py:840} INFO - DAG(s) 'example_trigger_target_dag' retrieved from /home/airflow/.local/lib/python3.12/site-packages/airflow/example_dags/example_trigger_target_dag.py
[2026-09-15T21:43:24.681+0000] {logging_mixin.py:188} INFO - [2026-09-15T21:43:24.680+0000] {dag.py:3089} INFO - Sync 1 DAGs
[2026-09-15T21:43:24.694+0000] {logging_mixin.py:188} INFO - [2026-09-15T21:43:24.694+0000] {dag.py:3947} INFO - Setting next_dagrun for example_trigger_target_dag to None, run_after=None
[2026-09-15T21:43:24.715+0000] {processor.py:183} INFO - Processing /home/airflow/.local/lib/python3.12/site-packages/airflow/example_dags/example_trigger_target_dag.py took 0.075 seconds
[2026-09-15T21:43:54.852+0000] {processor.py:161} INFO - Started process (PID=11574) to work on /home/airflow/.local/lib/python3.12/site-packages/airflow/example_dags/example_trigger_target_dag.py
[2026-09-15T21:43:54.853+0000] {processor.py:830} INFO - Processing file /home/airflow/.local/lib/python3.12/site-packages/airflow/example_dags/example_trigger_target_dag.py for tasks to queue
[2026-09-15T21:43:54.855+0000] {logging_mixin.py:188} INFO - [2026-09-15T21:43:54.855+0000] {dagbag.py:545} INFO - Filling up the DagBag from /home/airflow/.local/lib/python3.12/site-packages/airflow/example_dags/example_trigger_target_dag.py
[2026-09-15T21:43:54.860+0000] {processor.py:840} INFO - DAG(s) 'example_trigger_target_dag' retrieved from /home/airflow/.local/lib/python3.12/site-packages/airflow/example_dags/example_trigger_target_dag.py
[2026-09-15T21:43:54.878+0000] {logging_mixin.py:188} INFO - [2026-09-15T21:43:54.878+0000] {dag.py:3089} INFO - Sync 1 DAGs
[2026-09-15T21:43:54.888+0000] {logging_mixin.py:188} INFO - [2026-09-15T21:43:54.887+0000] {dag.py:3947} INFO - Setting next_dagrun for example_trigger_target_dag to None, run_after=None
[2026-09-15T21:43:54.904+0000] {processor.py:183} INFO - Processing /home/airflow/.local/lib/python3.12/site-packages/airflow/example_dags/example_trigger_target_dag.py took 0.057 seconds
[2026-09-15T21:44:25.012+0000] {processor.py:161} INFO - Started process (PID=11836) to work on /home/airflow/.local/lib/python3.12/site-packages/airflow/example_dags/example_trigger_target_dag.py
[2026-09-15T21:44:25.014+0000] {processor.py:830} INFO - Processing file /home/airflow/.local/lib/python3.12/site-packages/airflow/example_dags/example_trigger_target_dag.py for tasks to queue
[2026-09-15T21:44:25.016+0000] {logging_mixin.py:188} INFO - [2026-09-15T21:44:25.016+0000] {dagbag.py:545} INFO - Filling up the DagBag from /home/airflow/.local/lib/python3.12/site-packages/airflow/example_dags/example_trigger_target_dag.py
[2026-09-15T21:44:25.022+0000] {processor.py:840} INFO - DAG(s) 'example_trigger_target_dag' retrieved from /home/airflow/.local/lib/python3.12/site-packages/airflow/example_dags/example_trigger_target_dag.py
[2026-09-15T21:44:25.043+0000] {logging_mixin.py:188} INFO - [2026-09-15T21:44:25.043+0000] {dag.py:3089} INFO - Sync 1 DAGs
[2026-09-15T21:44:25.056+0000] {logging_mixin.py:188} INFO - [2026-09-15T21:44:25.056+0000] {dag.py:3947} INFO - Setting next_dagrun for example_trigger_target_dag to None, run_after=None
[2026-09-15T21:44:25.074+0000] {processor.py:183} INFO - Processing /home/airflow/.local/lib/python3.12/site-packages/airflow/example_dags/example_trigger_target_dag.py took 0.067 seconds
[2026-09-15T21:44:55.116+0000] {processor.py:161} INFO - Started process (PID=12108) to work on /home/airflow/.local/lib/python3.12/site-packages/airflow/example_dags/example_trigger_target_dag.py
[2026-09-15T21:44:55.118+0000] {processor.py:830} INFO - Processing file /home/airflow/.local/lib/python3.12/site-packages/airflow/example_dags/example_trigger_target_dag.py for tasks to queue
[2026-09-15T21:44:55.120+0000] {logging_mixin.py:188} INFO - [2026-09-15T21:44:55.119+0000] {dagbag.py:545} INFO - Filling up the DagBag from /home/airflow/.local/lib/python3.12/site-packages/airflow/example_dags/example_trigger_target_dag.py
[2026-09-15T21:44:55.124+0000] {processor.py:840} INFO - DAG(s) 'example_trigger_target_dag' retrieved from /home/airflow/.local/lib/python3.12/site-packages/airflow/example_dags/example_trigger_target_dag.py
[2026-09-15T21:44:55.141+0000] {logging_mixin.py:188} INFO - [2026-09-15T21:44:55.141+0000] {dag.py:3089} INFO - Sync 1 DAGs
[2026-09-15T21:44:55.152+0000] {logging_mixin.py:188} INFO - [2026-09-15T21:44:55.151+0000] {dag.py:3947} INFO - Setting next_dagrun for example_trigger_target_dag to None, run_after=None
[2026-09-15T21:44:55.168+0000] {processor.py:183} INFO - Processing /home/airflow/.local/lib/python3.12/site-packages/airflow/example_dags/example_trigger_target_dag.py took 0.057 seconds
