[2026-09-15T21:00:59.223+0000] {processor.py:161} INFO - Started process (PID=70) to work on /home/airflow/.local/lib/python3.12/site-packages/airflow/example_dags/example_skip_dag.py
[2026-09-15T21:00:59.225+0000] {processor.py:830} INFO - Processing file /home/airflow/.local/lib/python3.12/site-packages/airflow/example_dags/example_skip_dag.py for tasks to queue
[2026-09-15T21:00:59.229+0000] {logging_mixin.py:188} INFO - [2026-09-15T21:00:59.228+0000] {dagbag.py:545} INFO - Filling up the DagBag from /home/airflow/.local/lib/python3.12/site-packages/airflow/example_dags/example_skip_dag.py
[2026-09-15T21:00:59.239+0000] {processor.py:840} INFO - DAG(s) 'example_skip_dag' retrieved from /home/airflow/.local/lib/python3.12/site-packages/airflow/example_dags/example_skip_dag.py
[2026-09-15T21:00:59.257+0000] {logging_mixin.py:188} INFO - [2026-09-15T21:00:59.257+0000] {dag.py:3089} INFO - Sync 1 DAGs
[2026-09-15T21:00:59.282+0000] {logging_mixin.py:188} INFO - [2026-09-15T21:00:59.282+0000] {dag.py:3947} INFO - Setting next_dagrun for example_skip_dag to 2026-09-14 00:00:00+00:00, run_after=2026-09-15 00:00:00+00:00
[2026-09-15T21:00:59.303+0000] {processor.py:183} INFO - Processing /home/airflow/.local/lib/python3.12/site-packages/airflow/example_dags/example_skip_dag.py took 0.089 seconds
[2026-09-15T21:01:30.590+0000] {processor.py:161} INFO - Started process (PID=128) to work on /home/airflow/.local/lib/python3.12/site-packages/airflow/example_dags/example_skip_dag.py
[2026-09-15T21:01:30.592+0000] {processor.py:830} INFO - Processing file /home/airflow/.local/lib/python3.12/site-packages/airflow/example_dags/example_skip_dag.py for tasks to queue
[2026-09-15T21:01:30.594+0000] {logging_mixin.py:188} INFO - [2026-09-15T21:01:30.594+0000] {dagbag.py:545} INFO - Filling up the DagBag from /home/airflow/.local/lib/python3.12/site-packages/airflow/example_dags/example_skip_dag.py
[2026-09-15T21:01:30.601+0000] {processor.py:840} INFO - DAG(s) 'example_skip_dag' retrieved from /home/airflow/.local/lib/python3.12/site-packages/airflow/example_dags/example_skip_dag.py
[2026-09-15T21:01:30.681+0000] {logging_mixin.py:188} INFO - [2026-09-15T21:01:30.680+0000] {dag.py:3089} INFO - Sync 1 DAGs
[2026-09-15T21:01:30.697+0000] {logging_mixin.py:188} INFO - [2026-09-15T21:01:30.696+0000] {dag.py:3947} INFO - Setting next_dagrun for example_skip_dag to 2026-09-14 00:00:00+00:00, run_after=2026-09-15 00:00:00+00:00
[2026-09-15T21:01:30.714+0000] {processor.py:183} INFO - Processing /home/airflow/.local/lib/python3.12/site-packages/airflow/example_dags/example_skip_dag.py took 0.129 seconds
[2026-09-15T21:02:00.830+0000] {processor.py:161} INFO - Started process (PID=186) to work on /home/airflow/.local/lib/python3.12/site-packages/airflow/example_dags/example_skip_dag.py
[2026-09-15T21:02:00.831+0000] {processor.py:830} INFO - Processing file /home/airflow/.local/lib/python3.12/site-packages/airflow/example_dags/example_skip_dag.py for tasks to queue
[2026-09-15T21:02:00.833+0000] {logging_mixin.py:188} INFO - [2026-09-15T21:02:00.832+0000] {dagbag.py:545} INFO - Filling up the DagBag from /home/airflow/.local/lib/python3.12/site-packages/airflow/example_dags/example_skip_dag.py
[2026-09-15T21:02:00.839+0000] {processor.py:840} INFO - DAG(s) 'example_skip_dag' retrieved from /home/airflow/.local/lib/python3.12/site-packages/airflow/example_dags/example_skip_dag.py
[2026-09-15T21:02:00.858+0000] {logging_mixin.py:188} INFO - [2026-09-15T21:02:00.858+0000] {dag.py:3089} INFO - Sync 1 DAGs
[2026-09-15T21:02:00.876+0000] {logging_mixin.py:188} INFO - [2026-09-15T21:02:00.876+0000] {dag.py:3947} INFO - Setting next_dagrun for example_skip_dag to 2026-09-14 00:00:00+00:00, run_after=2026-09-15 00:00:00+00:00
[2026-09-15T21:02:00.892+0000] {processor.py:183} INFO - Processing /home/airflow/.local/lib/python3.12/site-packages/airflow/example_dags/example_skip_dag.py took 0.067 seconds
[2026-09-15T21:02:31.362+0000] {processor.py:161} INFO - Started process (PID=251) to work on /home/airflow/.local/lib/python3.12/site-packages/airflow/example_dags/example_skip_dag.py
[2026-09-15T21:02:31.364+0000] {processor.py:830} INFO - Processing file /home/airflow/.local/lib/python3.12/site-packages/airflow/example_dags/example_skip_dag.py for tasks to queue
[2026-09-15T21:02:31.365+0000] {logging_mixin.py:188} INFO - [2026-09-15T21:02:31.365+0000] {dagbag.py:545} INFO - Filling up the DagBag from /home/airflow/.local/lib/python3.12/site-packages/airflow/example_dags/example_skip_dag.py
[2026-09-15T21:02:31.370+0000] {processor.py:840} INFO - DAG(s) 'example_skip_dag' retrieved from /home/airflow/.local/lib/python3.12/site-packages/airflow/example_dags/example_skip_dag.py
[2026-09-15T21:02:31.386+0000] {logging_mixin.py:188} INFO - [2026-09-15T21:02:31.386+0000] {dag.py:3089} INFO - Sync 1 DAGs
[2026-09-15T21:02:31.400+0000] {logging_mixin.py:188} INFO - [2026-09-15T21:02:31.400+0000] {dag.py:3947} INFO - Setting next_dagrun for example_skip_dag to 2026-09-14 00:00:00+00:00, run_after=2026-09-15 00:00:00+00:00
[2026-09-15T21:02:31.414+0000] {processor.py:183} INFO - Processing /home/airflow/.local/lib/python3.12/site-packages/airflow/example_dags/example_skip_dag.py took 0.056 seconds
[2026-09-15T21:03:01.631+0000] {processor.py:161} INFO - Started process (PID=309) to work on /home/airflow/.local/lib/python3.12/site-packages/airflow/example_dags/example_skip_dag.py
[2026-09-15T21:03:01.632+0000] {processor.py:830} INFO - Processing file /home/airflow/.local/lib/python3.12/site-packages/airflow/example_dags/example_skip_dag.py for tasks to queue
[2026-09-15T21:03:01.635+0000] {logging_mixin.py:188} INFO - [2026-09-15T21:03:01.634+0000] {dagbag.py:545} INFO - Filling up the DagBag from /home/airflow/.local/lib/python3.12/site-packages/airflow/example_dags/example_skip_dag.py
[2026-09-15T21:03:01.641+0000] {processor.py:840} INFO - DAG(s) 'example_skip_dag' retrieved from /home/airflow/.local/lib/python3.12/site-packages/airflow/example_dags/example_skip_dag.py
[2026-09-15T21:03:01.660+0000] {logging_mixin.py:188} INFO - [2026-09-15T21:03:01.660+0000] {dag.py:3089} INFO - Sync 1 DAGs
[2026-09-15T21:03:01.677+0000] {logging_mixin.py:188} INFO - [2026-09-15T21:03:01.677+0000] {dag.py:3947} INFO - Setting next_dagrun for example_skip_dag to 2026-09-14 00:00:00+00:00, run_after=2026-09-15 00:00:00+00:00
[2026-09-15T21:03:01.692+0000] {processor.py:183} INFO - Processing /home/airflow/.local/lib/python3.12/site-packages/airflow/example_dags/example_skip_dag.py took 0.068 seconds
[2026-09-15T21:03:31.814+0000] {processor.py:161} INFO - Started process (PID=367) to work on /home/airflow/.local/lib/python3.12/site-packages/airflow/example_dags/example_skip_dag.py
[2026-09-15T21:03:31.815+0000] {processor.py:830} INFO - Processing file /home/airflow/.local/lib/python3.12/site-packages/airflow/example_dags/example_skip_dag.py for tasks to queue
[2026-09-15T21:03:31.817+0000] {logging_mixin.py:188} INFO - [2026-09-15T21:03:31.817+0000] {dagbag.py:545} INFO - Filling up the DagBag from /home/airflow/.local/lib/python3.12/site-packages/airflow/example_dags/example_skip_dag.py
[2026-09-15T21:03:31.822+0000] {processor.py:840} INFO - DAG(s) 'example_skip_dag' retrieved from /home/airflow/.local/lib/python3.12/site-packages/airflow/example_dags/example_skip_dag.py
[2026-09-15T21:03:31.840+0000] {logging_mixin.py:188} INFO - [2026-09-15T21:03:31.840+0000] {dag.py:3089} INFO - Sync 1 DAGs
[2026-09-15T21:03:31.857+0000] {logging_mixin.py:188} INFO - [2026-09-15T21:03:31.857+0000] {dag.py:3947} INFO - Setting next_dagrun for example_skip_dag to 2026-09-14 00:00:00+00:00, run_after=2026-09-15 00:00:00+00:00
[2026-09-15T21:03:31.873+0000] {processor.py:183} INFO - Processing /home/airflow/.local/lib/python3.12/site-packages/airflow/example_dags/example_skip_dag.py took 0.065 seconds
[2026-09-15T21:04:02.066+0000] {processor.py:161} INFO - Started process (PID=425) to work on /home/airflow/.local/lib/python3.12/site-packages/airflow/example_dags/example_skip_dag.py
[2026-09-15T21:04:02.068+0000] {processor.py:830} INFO - Processing file /home/airflow/.local/lib/python3.12/site-packages/airflow/example_dags/example_skip_dag.py for tasks to queue
[2026-09-15T21:04:02.069+0000] {logging_mixin.py:188} INFO - [2026-09-15T21:04:02.069+0000] {dagbag.py:545} INFO - Filling up the DagBag from /home/airflow/.local/lib/python3.12/site-packages/airflow/example_dags/example_skip_dag.py
[2026-09-15T21:04:02.075+0000] {processor.py:840} INFO - DAG(s) 'example_skip_dag' retrieved from /home/airflow/.local/lib/python3.12/site-packages/airflow/example_dags/example_skip_dag.py
[2026-09-15T21:04:02.092+0000] {logging_mixin.py:188} INFO - [2026-09-15T21:04:02.092+0000] {dag.py:3089} INFO - Sync 1 DAGs
[2026-09-15T21:04:02.108+0000] {logging_mixin.py:188} INFO - [2026-09-15T21:04:02.107+0000] {dag.py:3947} INFO - Setting next_dagrun for example_skip_dag to 2026-09-14 00:00:00+00:00, run_after=2026-09-15 00:00:00+00:00
[2026-09-15T21:04:02.123+0000] {processor.py:183} INFO - Processing /home/airflow/.local/lib/python3.12/site-packages/airflow/example_dags/example_skip_dag.py took 0.061 seconds
[2026-09-15T21:04:32.261+0000] {processor.py:161} INFO - Started process (PID=483) to work on /home/airflow/.local/lib/python3.12/site-packages/airflow/example_dags/example_skip_dag.py
[2026-09-15T21:04:32.262+0000] {processor.py:830} INFO - Processing file /home/airflow/.local/lib/python3.12/site-packages/airflow/example_dags/example_skip_dag.py for tasks to queue
[2026-09-15T21:04:32.264+0000] {logging_mixin.py:188} INFO - [2026-09-15T21:04:32.264+0000] {dagbag.py:545} INFO - Filling up the DagBag from /home/airflow/.local/lib/python3.12/site-packages/airflow/example_dags/example_skip_dag.py
[2026-09-15T21:04:32.270+0000] {processor.py:840} INFO - DAG(s) 'example_skip_dag' retrieved from /home/airflow/.local/lib/python3.12/site-packages/airflow/example_dags/example_skip_dag.py
[2026-09-15T21:04:32.287+0000] {logging_mixin.py:188} INFO - [2026-09-15T21:04:32.287+0000] {dag.py:3089} INFO - Sync 1 DAGs
[2026-09-15T21:04:32.303+0000] {logging_mixin.py:188} INFO - [2026-09-15T21:04:32.303+0000] {dag.py:3947} INFO - Setting next_dagrun for example_skip_dag to 2026-09-14 00:00:00+00:00, run_after=2026-09-15 00:00:00+00:00
[2026-09-15T21:04:32.317+0000] {processor.py:183} INFO - Processing /home/airflow/.local/lib/python3.12/site-packages/airflow/example_dags/example_skip_dag.py took 0.060 seconds
[2026-09-15T21:05:02.454+0000] {processor.py:161} INFO - Started process (PID=541) to work on /home/airflow/.local/lib/python3.12/site-packages/airflow/example_dags/example_skip_dag.py
[2026-09-15T21:05:02.455+0000] {processor.py:830} INFO - Processing file /home/airflow/.local/lib/python3.12/site-packages/airflow/example_dags/example_skip_dag.py for tasks to queue
[2026-09-15T21:05:02.457+0000] {logging_mixin.py:188} INFO - [2026-09-15T21:05:02.457+0000] {dagbag.py:545} INFO - Filling up the DagBag from /home/airflow/.local/lib/python3.12/site-packages/airflow/example_dags/example_skip_dag.py
[2026-09-15T21:05:02.462+0000] {processor.py:840} INFO - DAG(s) 'example_skip_dag' retrieved from /home/airflow/.local/lib/python3.12/site-packages/airflow/example_dags/example_skip_dag.py
[2026-09-15T21:05:02.482+0000] {logging_mixin.py:188} INFO - [2026-09-15T21:05:02.482+0000] {dag.py:3089} INFO - Sync 1 DAGs
[2026-09-15T21:05:02.501+0000] {logging_mixin.py:188} INFO - [2026-09-15T21:05:02.501+0000] {dag.py:3947} INFO - Setting next_dagrun for example_skip_dag to 2026-09-14 00:00:00+00:00, run_after=2026-09-15 00:00:00+00:00
[2026-09-15T21:05:02.517+0000] {processor.py:183} INFO - Processing /home/airflow/.local/lib/python3.12/site-packages/airflow/example_dags/example_skip_dag.py took 0.067 seconds
[2026-09-15T21:05:33.458+0000] {processor.py:161} INFO - Started process (PID=599) to work on /home/airflow/.local/lib/python3.12/site-packages/airflow/example_dags/example_skip_dag.py
[2026-09-15T21:05:33.459+0000] {processor.py:830} INFO - Processing file /home/airflow/.local/lib/python3.12/site-packages/airflow/example_dags/example_skip_dag.py for tasks to queue
[2026-09-15T21:05:33.461+0000] {logging_mixin.py:188} INFO - [2026-09-15T21:05:33.461+0000] {dagbag.py:545} INFO - Filling up the DagBag from /home/airflow/.local/lib/python3.12/site-packages/airflow/example_dags/example_skip_dag.py
[2026-09-15T21:05:33.466+0000] {processor.py:840} INFO - DAG(s) 'example_skip_dag' retrieved from /home/airflow/.local/lib/python3.12/site-packages/airflow/example_dags/example_skip_dag.py
[2026-09-15T21:05:33.483+0000] {logging_mixin.py:188} INFO - [2026-09-15T21:05:33.483+0000] {dag.py:3089} INFO - Sync 1 DAGs
[2026-09-15T21:05:33.500+0000] {logging_mixin.py:188} INFO - [2026-09-15T21:05:33.500+0000] {dag.py:3947} INFO - Setting next_dagrun for example_skip_dag to 2026-09-14 00:00:00+00:00, run_after=2026-09-15 00:00:00+00:00
[2026-09-15T21:05:33.515+0000] {processor.py:183} INFO - Processing /home/airflow/.local/lib/python3.12/site-packages/airflow/example_dags/example_skip_dag.py took 0.061 seconds
[2026-09-15T21:06:03.812+0000] {processor.py:161} INFO - Started process (PID=657) to work on /home/airflow/.local/lib/python3.12/site-packages/airflow/example_dags/example_skip_dag.py
[2026-09-15T21:06:03.813+0000] {processor.py:830} INFO - Processing file /home/airflow/.local/lib/python3.12/site-packages/airflow/example_dags/example_skip_dag.py for tasks to queue
[2026-09-15T21:06:03.814+0000] {logging_mixin.py:188} INFO - [2026-09-15T21:06:03.814+0000] {dagbag.py:545} INFO - Filling up the DagBag from /home/airflow/.local/lib/python3.12/site-packages/airflow/example_dags/example_skip_dag.py
[2026-09-15T21:06:03.820+0000] {processor.py:840} INFO - DAG(s) 'example_skip_dag' retrieved from /home/airflow/.local/lib/python3.12/site-packages/airflow/example_dags/example_skip_dag.py
[2026-09-15T21:06:03.836+0000] {logging_mixin.py:188} INFO - [2026-09-15T21:06:03.836+0000] {dag.py:3089} INFO - Sync 1 DAGs
[2026-09-15T21:06:03.851+0000] {logging_mixin.py:188} INFO - [2026-09-15T21:06:03.851+0000] {dag.py:3947} INFO - Setting next_dagrun for example_skip_dag to 2026-09-14 00:00:00+00:00, run_after=2026-09-15 00:00:00+00:00
[2026-09-15T21:06:03.866+0000] {processor.py:183} INFO - Processing /home/airflow/.local/lib/python3.12/site-packages/airflow/example_dags/example_skip_dag.py took 0.058 seconds
[2026-09-15T21:06:34.049+0000] {processor.py:161} INFO - Started process (PID=718) to work on /home/airflow/.local/lib/python3.12/site-packages/airflow/example_dags/example_skip_dag.py
[2026-09-15T21:06:34.051+0000] {processor.py:830} INFO - Processing file /home/airflow/.local/lib/python3.12/site-packages/airflow/example_dags/example_skip_dag.py for tasks to queue
[2026-09-15T21:06:34.054+0000] {logging_mixin.py:188} INFO - [2026-09-15T21:06:34.053+0000] {dagbag.py:545} INFO - Filling up the DagBag from /home/airflow/.local/lib/python3.12/site-packages/airflow/example_dags/example_skip_dag.py
[2026-09-15T21:06:34.061+0000] {processor.py:840} INFO - DAG(s) 'example_skip_dag' retrieved from /home/airflow/.local/lib/python3.12/site-packages/airflow/example_dags/example_skip_dag.py
[2026-09-15T21:06:34.079+0000] {logging_mixin.py:188} INFO - [2026-09-15T21:06:34.079+0000] {dag.py:3089} INFO - Sync 1 DAGs
[2026-09-15T21:06:34.096+0000] {logging_mixin.py:188} INFO - [2026-09-15T21:06:34.095+0000] {dag.py:3947} INFO - Setting next_dagrun for example_skip_dag to 2026-09-14 00:00:00+00:00, run_after=2026-09-15 00:00:00+00:00
[2026-09-15T21:06:34.111+0000] {processor.py:183} INFO - Processing /home/airflow/.local/lib/python3.12/site-packages/airflow/example_dags/example_skip_dag.py took 0.067 seconds
[2026-09-15T21:07:04.393+0000] {processor.py:161} INFO - Started process (PID=776) to work on /home/airflow/.local/lib/python3.12/site-packages/airflow/example_dags/example_skip_dag.py
[2026-09-15T21:07:04.394+0000] {processor.py:830} INFO - Processing file /home/airflow/.local/lib/python3.12/site-packages/airflow/example_dags/example_skip_dag.py for tasks to queue
[2026-09-15T21:07:04.396+0000] {logging_mixin.py:188} INFO - [2026-09-15T21:07:04.396+0000] {dagbag.py:545} INFO - Filling up the DagBag from /home/airflow/.local/lib/python3.12/site-packages/airflow/example_dags/example_skip_dag.py
[2026-09-15T21:07:04.402+0000] {processor.py:840} INFO - DAG(s) 'example_skip_dag' retrieved from /home/airflow/.local/lib/python3.12/site-packages/airflow/example_dags/example_skip_dag.py
[2026-09-15T21:07:04.421+0000] {logging_mixin.py:188} INFO - [2026-09-15T21:07:04.421+0000] {dag.py:3089} INFO - Sync 1 DAGs
[2026-09-15T21:07:04.439+0000] {logging_mixin.py:188} INFO - [2026-09-15T21:07:04.438+0000] {dag.py:3947} INFO - Setting next_dagrun for example_skip_dag to 2026-09-14 00:00:00+00:00, run_after=2026-09-15 00:00:00+00:00
[2026-09-15T21:07:04.456+0000] {processor.py:183} INFO - Processing /home/airflow/.local/lib/python3.12/site-packages/airflow/example_dags/example_skip_dag.py took 0.067 seconds
[2026-09-15T21:07:34.887+0000] {processor.py:161} INFO - Started process (PID=834) to work on /home/airflow/.local/lib/python3.12/site-packages/airflow/example_dags/example_skip_dag.py
[2026-09-15T21:07:34.888+0000] {processor.py:830} INFO - Processing file /home/airflow/.local/lib/python3.12/site-packages/airflow/example_dags/example_skip_dag.py for tasks to queue
[2026-09-15T21:07:34.890+0000] {logging_mixin.py:188} INFO - [2026-09-15T21:07:34.890+0000] {dagbag.py:545} INFO - Filling up the DagBag from /home/airflow/.local/lib/python3.12/site-packages/airflow/example_dags/example_skip_dag.py
[2026-09-15T21:07:34.895+0000] {processor.py:840} INFO - DAG(s) 'example_skip_dag' retrieved from /home/airflow/.local/lib/python3.12/site-packages/airflow/example_dags/example_skip_dag.py
[2026-09-15T21:07:34.911+0000] {logging_mixin.py:188} INFO - [2026-09-15T21:07:34.911+0000] {dag.py:3089} INFO - Sync 1 DAGs
[2026-09-15T21:07:34.925+0000] {logging_mixin.py:188} INFO - [2026-09-15T21:07:34.925+0000] {dag.py:3947} INFO - Setting next_dagrun for example_skip_dag to 2026-09-14 00:00:00+00:00, run_after=2026-09-15 00:00:00+00:00
[2026-09-15T21:07:34.938+0000] {processor.py:183} INFO - Processing /home/airflow/.local/lib/python3.12/site-packages/airflow/example_dags/example_skip_dag.py took 0.055 seconds
[2026-09-15T21:08:05.669+0000] {processor.py:161} INFO - Started process (PID=892) to work on /home/airflow/.local/lib/python3.12/site-packages/airflow/example_dags/example_skip_dag.py
[2026-09-15T21:08:05.671+0000] {processor.py:830} INFO - Processing file /home/airflow/.local/lib/python3.12/site-packages/airflow/example_dags/example_skip_dag.py for tasks to queue
[2026-09-15T21:08:05.673+0000] {logging_mixin.py:188} INFO - [2026-09-15T21:08:05.673+0000] {dagbag.py:545} INFO - Filling up the DagBag from /home/airflow/.local/lib/python3.12/site-packages/airflow/example_dags/example_skip_dag.py
[2026-09-15T21:08:05.679+0000] {processor.py:840} INFO - DAG(s) 'example_skip_dag' retrieved from /home/airflow/.local/lib/python3.12/site-packages/airflow/example_dags/example_skip_dag.py
[2026-09-15T21:08:05.700+0000] {logging_mixin.py:188} INFO - [2026-09-15T21:08:05.700+0000] {dag.py:3089} INFO - Sync 1 DAGs
[2026-09-15T21:08:05.720+0000] {logging_mixin.py:188} INFO - [2026-09-15T21:08:05.720+0000] {dag.py:3947} INFO - Setting next_dagrun for example_skip_dag to 2026-09-14 00:00:00+00:00, run_after=2026-09-15 00:00:00+00:00
[2026-09-15T21:08:05.735+0000] {processor.py:183} INFO - Processing /home/airflow/.local/lib/python3.12/site-packages/airflow/example_dags/example_skip_dag.py took 0.071 seconds
[2026-09-15T21:08:35.905+0000] {processor.py:161} INFO - Started process (PID=949) to work on /home/airflow/.local/lib/python3.12/site-packages/airflow/example_dags/example_skip_dag.py
[2026-09-15T21:08:35.906+0000] {processor.py:830} INFO - Processing file /home/airflow/.local/lib/python3.12/site-packages/airflow/example_dags/example_skip_dag.py for tasks to queue
[2026-09-15T21:08:35.909+0000] {logging_mixin.py:188} INFO - [2026-09-15T21:08:35.908+0000] {dagbag.py:545} INFO - Filling up the DagBag from /home/airflow/.local/lib/python3.12/site-packages/airflow/example_dags/example_skip_dag.py
[2026-09-15T21:08:35.914+0000] {processor.py:840} INFO - DAG(s) 'example_skip_dag' retrieved from /home/airflow/.local/lib/python3.12/site-packages/airflow/example_dags/example_skip_dag.py
[2026-09-15T21:08:35.932+0000] {logging_mixin.py:188} INFO - [2026-09-15T21:08:35.932+0000] {dag.py:3089} INFO - Sync 1 DAGs
[2026-09-15T21:08:35.949+0000] {logging_mixin.py:188} INFO - [2026-09-15T21:08:35.949+0000] {dag.py:3947} INFO - Setting next_dagrun for example_skip_dag to 2026-09-14 00:00:00+00:00, run_after=2026-09-15 00:00:00+00:00
[2026-09-15T21:08:35.963+0000] {processor.py:183} INFO - Processing /home/airflow/.local/lib/python3.12/site-packages/airflow/example_dags/example_skip_dag.py took 0.063 seconds
[2026-09-15T21:09:06.037+0000] {processor.py:161} INFO - Started process (PID=1007) to work on /home/airflow/.local/lib/python3.12/site-packages/airflow/example_dags/example_skip_dag.py
[2026-09-15T21:09:06.038+0000] {processor.py:830} INFO - Processing file /home/airflow/.local/lib/python3.12/site-packages/airflow/example_dags/example_skip_dag.py for tasks to queue
[2026-09-15T21:09:06.040+0000] {logging_mixin.py:188} INFO - [2026-09-15T21:09:06.040+0000] {dagbag.py:545} INFO - Filling up the DagBag from /home/airflow/.local/lib/python3.12/site-packages/airflow/example_dags/example_skip_dag.py
[2026-09-15T21:09:06.045+0000] {processor.py:840} INFO - DAG(s) 'example_skip_dag' retrieved from /home/airflow/.local/lib/python3.12/site-packages/airflow/example_dags/example_skip_dag.py
[2026-09-15T21:09:06.061+0000] {logging_mixin.py:188} INFO - [2026-09-15T21:09:06.061+0000] {dag.py:3089} INFO - Sync 1 DAGs
[2026-09-15T21:09:06.075+0000] {logging_mixin.py:188} INFO - [2026-09-15T21:09:06.075+0000] {dag.py:3947} INFO - Setting next_dagrun for example_skip_dag to 2026-09-14 00:00:00+00:00, run_after=2026-09-15 00:00:00+00:00
[2026-09-15T21:09:06.090+0000] {processor.py:183} INFO - Processing /home/airflow/.local/lib/python3.12/site-packages/airflow/example_dags/example_skip_dag.py took 0.058 seconds
[2026-09-15T21:09:36.184+0000] {processor.py:161} INFO - Started process (PID=1065) to work on /home/airflow/.local/lib/python3.12/site-packages/airflow/example_dags/example_skip_dag.py
[2026-09-15T21:09:36.186+0000] {processor.py:830} INFO - Processing file /home/airflow/.local/lib/python3.12/site-packages/airflow/example_dags/example_skip_dag.py for tasks to queue
[2026-09-15T21:09:36.187+0000] {logging_mixin.py:188} INFO - [2026-09-15T21:09:36.187+0000] {dagbag.py:545} INFO - Filling up the DagBag from /home/airflow/.local/lib/python3.12/site-packages/airflow/example_dags/example_skip_dag.py
[2026-09-15T21:09:36.193+0000] {processor.py:840} INFO - DAG(s) 'example_skip_dag' retrieved from /home/airflow/.local/lib/python3.12/site-packages/airflow/example_dags/example_skip_dag.py
[2026-09-15T21:09:36.209+0000] {logging_mixin.py:188} INFO - [2026-09-15T21:09:36.208+0000] {dag.py:3089} INFO - Sync 1 DAGs
[2026-09-15T21:09:36.228+0000] {logging_mixin.py:188} INFO - [2026-09-15T21:09:36.227+0000] {dag.py:3947} INFO - Setting next_dagrun for example_skip_dag to 2026-09-14 00:00:00+00:00, run_after=2026-09-15 00:00:00+00:00
[2026-09-15T21:09:36.243+0000] {processor.py:183} INFO - Processing /home/airflow/.local/lib/python3.12/site-packages/airflow/example_dags/example_skip_dag.py took 0.062 seconds
[2026-09-15T21:10:06.633+0000] {processor.py:161} INFO - Started process (PID=1123) to work on /home/airflow/.local/lib/python3.12/site-packages/airflow/example_dags/example_skip_dag.py
[2026-09-15T21:10:06.635+0000] {processor.py:830} INFO - Processing file /home/airflow/.local/lib/python3.12/site-packages/airflow/example_dags/example_skip_dag.py for tasks to queue
[2026-09-15T21:10:06.638+0000] {logging_mixin.py:188} INFO - [2026-09-15T21:10:06.637+0000] {dagbag.py:545} INFO - Filling up the DagBag from /home/airflow/.local/lib/python3.12/site-packages/airflow/example_dags/example_skip_dag.py
[2026-09-15T21:10:06.644+0000] {processor.py:840} INFO - DAG(s) 'example_skip_dag' retrieved from /home/airflow/.local/lib/python3.12/site-packages/airflow/example_dags/example_skip_dag.py
[2026-09-15T21:10:06.666+0000] {logging_mixin.py:188} INFO - [2026-09-15T21:10:06.666+0000] {dag.py:3089} INFO - Sync 1 DAGs
[2026-09-15T21:10:06.685+0000] {logging_mixin.py:188} INFO - [2026-09-15T21:10:06.685+0000] {dag.py:3947} INFO - Setting next_dagrun for example_skip_dag to 2026-09-14 00:00:00+00:00, run_after=2026-09-15 00:00:00+00:00
[2026-09-15T21:10:06.704+0000] {processor.py:183} INFO - Processing /home/airflow/.local/lib/python3.12/site-packages/airflow/example_dags/example_skip_dag.py took 0.079 seconds
[2026-09-15T21:10:36.897+0000] {processor.py:161} INFO - Started process (PID=1181) to work on /home/airflow/.local/lib/python3.12/site-packages/airflow/example_dags/example_skip_dag.py
[2026-09-15T21:10:36.898+0000] {processor.py:830} INFO - Processing file /home/airflow/.local/lib/python3.12/site-packages/airflow/example_dags/example_skip_dag.py for tasks to queue
[2026-09-15T21:10:36.900+0000] {logging_mixin.py:188} INFO - [2026-09-15T21:10:36.900+0000] {dagbag.py:545} INFO - Filling up the DagBag from /home/airflow/.local/lib/python3.12/site-packages/airflow/example_dags/example_skip_dag.py
[2026-09-15T21:10:36.905+0000] {processor.py:840} INFO - DAG(s) 'example_skip_dag' retrieved from /home/airflow/.local/lib/python3.12/site-packages/airflow/example_dags/example_skip_dag.py
[2026-09-15T21:10:36.915+0000] {logging_mixin.py:188} INFO - [2026-09-15T21:10:36.915+0000] {dag.py:3089} INFO - Sync 1 DAGs
[2026-09-15T21:10:36.930+0000] {logging_mixin.py:188} INFO - [2026-09-15T21:10:36.930+0000] {dag.py:3947} INFO - Setting next_dagrun for example_skip_dag to 2026-09-14 00:00:00+00:00, run_after=2026-09-15 00:00:00+00:00
[2026-09-15T21:10:36.944+0000] {processor.py:183} INFO - Processing /home/airflow/.local/lib/python3.12/site-packages/airflow/example_dags/example_skip_dag.py took 0.052 seconds
[2026-09-15T21:11:07.899+0000] {processor.py:161} INFO - Started process (PID=1239) to work on /home/airflow/.local/lib/python3.12/site-packages/airflow/example_dags/example_skip_dag.py
[2026-09-15T21:11:07.900+0000] {processor.py:830} INFO - Processing file /home/airflow/.local/lib/python3.12/site-packages/airflow/example_dags/example_skip_dag.py for tasks to queue
[2026-09-15T21:11:07.902+0000] {logging_mixin.py:188} INFO - [2026-09-15T21:11:07.902+0000] {dagbag.py:545} INFO - Filling up the DagBag from /home/airflow/.local/lib/python3.12/site-packages/airflow/example_dags/example_skip_dag.py
[2026-09-15T21:11:07.908+0000] {processor.py:840} INFO - DAG(s) 'example_skip_dag' retrieved from /home/airflow/.local/lib/python3.12/site-packages/airflow/example_dags/example_skip_dag.py
[2026-09-15T21:11:07.993+0000] {logging_mixin.py:188} INFO - [2026-09-15T21:11:07.993+0000] {dag.py:3089} INFO - Sync 1 DAGs
[2026-09-15T21:11:08.009+0000] {logging_mixin.py:188} INFO - [2026-09-15T21:11:08.009+0000] {dag.py:3947} INFO - Setting next_dagrun for example_skip_dag to 2026-09-14 00:00:00+00:00, run_after=2026-09-15 00:00:00+00:00
[2026-09-15T21:11:08.025+0000] {processor.py:183} INFO - Processing /home/airflow/.local/lib/python3.12/site-packages/airflow/example_dags/example_skip_dag.py took 0.131 seconds
[2026-09-15T21:11:39.006+0000] {processor.py:161} INFO - Started process (PID=1297) to work on /home/airflow/.local/lib/python3.12/site-packages/airflow/example_dags/example_skip_dag.py
[2026-09-15T21:11:39.008+0000] {processor.py:830} INFO - Processing file /home/airflow/.local/lib/python3.12/site-packages/airflow/example_dags/example_skip_dag.py for tasks to queue
[2026-09-15T21:11:39.010+0000] {logging_mixin.py:188} INFO - [2026-09-15T21:11:39.009+0000] {dagbag.py:545} INFO - Filling up the DagBag from /home/airflow/.local/lib/python3.12/site-packages/airflow/example_dags/example_skip_dag.py
[2026-09-15T21:11:39.014+0000] {processor.py:840} INFO - DAG(s) 'example_skip_dag' retrieved from /home/airflow/.local/lib/python3.12/site-packages/airflow/example_dags/example_skip_dag.py
[2026-09-15T21:11:39.031+0000] {logging_mixin.py:188} INFO - [2026-09-15T21:11:39.031+0000] {dag.py:3089} INFO - Sync 1 DAGs
[2026-09-15T21:11:39.046+0000] {logging_mixin.py:188} INFO - [2026-09-15T21:11:39.046+0000] {dag.py:3947} INFO - Setting next_dagrun for example_skip_dag to 2026-09-14 00:00:00+00:00, run_after=2026-09-15 00:00:00+00:00
[2026-09-15T21:11:39.060+0000] {processor.py:183} INFO - Processing /home/airflow/.local/lib/python3.12/site-packages/airflow/example_dags/example_skip_dag.py took 0.058 seconds
[2026-09-15T21:12:09.179+0000] {processor.py:161} INFO - Started process (PID=1355) to work on /home/airflow/.local/lib/python3.12/site-packages/airflow/example_dags/example_skip_dag.py
[2026-09-15T21:12:09.180+0000] {processor.py:830} INFO - Processing file /home/airflow/.local/lib/python3.12/site-packages/airflow/example_dags/example_skip_dag.py for tasks to queue
[2026-09-15T21:12:09.181+0000] {logging_mixin.py:188} INFO - [2026-09-15T21:12:09.181+0000] {dagbag.py:545} INFO - Filling up the DagBag from /home/airflow/.local/lib/python3.12/site-packages/airflow/example_dags/example_skip_dag.py
[2026-09-15T21:12:09.186+0000] {processor.py:840} INFO - DAG(s) 'example_skip_dag' retrieved from /home/airflow/.local/lib/python3.12/site-packages/airflow/example_dags/example_skip_dag.py
[2026-09-15T21:12:09.203+0000] {logging_mixin.py:188} INFO - [2026-09-15T21:12:09.202+0000] {dag.py:3089} INFO - Sync 1 DAGs
[2026-09-15T21:12:09.218+0000] {logging_mixin.py:188} INFO - [2026-09-15T21:12:09.218+0000] {dag.py:3947} INFO - Setting next_dagrun for example_skip_dag to 2026-09-14 00:00:00+00:00, run_after=2026-09-15 00:00:00+00:00
[2026-09-15T21:12:09.233+0000] {processor.py:183} INFO - Processing /home/airflow/.local/lib/python3.12/site-packages/airflow/example_dags/example_skip_dag.py took 0.058 seconds
[2026-09-15T21:12:39.682+0000] {processor.py:161} INFO - Started process (PID=1413) to work on /home/airflow/.local/lib/python3.12/site-packages/airflow/example_dags/example_skip_dag.py
[2026-09-15T21:12:39.683+0000] {processor.py:830} INFO - Processing file /home/airflow/.local/lib/python3.12/site-packages/airflow/example_dags/example_skip_dag.py for tasks to queue
[2026-09-15T21:12:39.685+0000] {logging_mixin.py:188} INFO - [2026-09-15T21:12:39.685+0000] {dagbag.py:545} INFO - Filling up the DagBag from /home/airflow/.local/lib/python3.12/site-packages/airflow/example_dags/example_skip_dag.py
[2026-09-15T21:12:39.691+0000] {processor.py:840} INFO - DAG(s) 'example_skip_dag' retrieved from /home/airflow/.local/lib/python3.12/site-packages/airflow/example_dags/example_skip_dag.py
[2026-09-15T21:12:39.707+0000] {logging_mixin.py:188} INFO - [2026-09-15T21:12:39.707+0000] {dag.py:3089} INFO - Sync 1 DAGs
[2026-09-15T21:12:39.722+0000] {logging_mixin.py:188} INFO - [2026-09-15T21:12:39.721+0000] {dag.py:3947} INFO - Setting next_dagrun for example_skip_dag to 2026-09-14 00:00:00+00:00, run_after=2026-09-15 00:00:00+00:00
[2026-09-15T21:12:39.735+0000] {processor.py:183} INFO - Processing /home/airflow/.local/lib/python3.12/site-packages/airflow/example_dags/example_skip_dag.py took 0.057 seconds
[2026-09-15T21:13:09.854+0000] {processor.py:161} INFO - Started process (PID=1471) to work on /home/airflow/.local/lib/python3.12/site-packages/airflow/example_dags/example_skip_dag.py
[2026-09-15T21:13:09.856+0000] {processor.py:830} INFO - Processing file /home/airflow/.local/lib/python3.12/site-packages/airflow/example_dags/example_skip_dag.py for tasks to queue
[2026-09-15T21:13:09.857+0000] {logging_mixin.py:188} INFO - [2026-09-15T21:13:09.857+0000] {dagbag.py:545} INFO - Filling up the DagBag from /home/airflow/.local/lib/python3.12/site-packages/airflow/example_dags/example_skip_dag.py
[2026-09-15T21:13:09.862+0000] {processor.py:840} INFO - DAG(s) 'example_skip_dag' retrieved from /home/airflow/.local/lib/python3.12/site-packages/airflow/example_dags/example_skip_dag.py
[2026-09-15T21:13:09.881+0000] {logging_mixin.py:188} INFO - [2026-09-15T21:13:09.881+0000] {dag.py:3089} INFO - Sync 1 DAGs
[2026-09-15T21:13:09.895+0000] {logging_mixin.py:188} INFO - [2026-09-15T21:13:09.895+0000] {dag.py:3947} INFO - Setting next_dagrun for example_skip_dag to 2026-09-14 00:00:00+00:00, run_after=2026-09-15 00:00:00+00:00
[2026-09-15T21:13:09.910+0000] {processor.py:183} INFO - Processing /home/airflow/.local/lib/python3.12/site-packages/airflow/example_dags/example_skip_dag.py took 0.059 seconds
[2026-09-15T21:13:40.321+0000] {processor.py:161} INFO - Started process (PID=1529) to work on /home/airflow/.local/lib/python3.12/site-packages/airflow/example_dags/example_skip_dag.py
[2026-09-15T21:13:40.322+0000] {processor.py:830} INFO - Processing file /home/airflow/.local/lib/python3.12/site-packages/airflow/example_dags/example_skip_dag.py for tasks to queue
[2026-09-15T21:13:40.324+0000] {logging_mixin.py:188} INFO - [2026-09-15T21:13:40.323+0000] {dagbag.py:545} INFO - Filling up the DagBag from /home/airflow/.local/lib/python3.12/site-packages/airflow/example_dags/example_skip_dag.py
[2026-09-15T21:13:40.329+0000] {processor.py:840} INFO - DAG(s) 'example_skip_dag' retrieved from /home/airflow/.local/lib/python3.12/site-packages/airflow/example_dags/example_skip_dag.py
[2026-09-15T21:13:40.347+0000] {logging_mixin.py:188} INFO - [2026-09-15T21:13:40.347+0000] {dag.py:3089} INFO - Sync 1 DAGs
[2026-09-15T21:13:40.362+0000] {logging_mixin.py:188} INFO - [2026-09-15T21:13:40.362+0000] {dag.py:3947} INFO - Setting next_dagrun for example_skip_dag to 2026-09-14 00:00:00+00:00, run_after=2026-09-15 00:00:00+00:00
[2026-09-15T21:13:40.376+0000] {processor.py:183} INFO - Processing /home/airflow/.local/lib/python3.12/site-packages/airflow/example_dags/example_skip_dag.py took 0.059 seconds
[2026-09-15T21:14:10.977+0000] {processor.py:161} INFO - Started process (PID=1587) to work on /home/airflow/.local/lib/python3.12/site-packages/airflow/example_dags/example_skip_dag.py
[2026-09-15T21:14:10.978+0000] {processor.py:830} INFO - Processing file /home/airflow/.local/lib/python3.12/site-packages/airflow/example_dags/example_skip_dag.py for tasks to queue
[2026-09-15T21:14:10.980+0000] {logging_mixin.py:188} INFO - [2026-09-15T21:14:10.979+0000] {dagbag.py:545} INFO - Filling up the DagBag from /home/airflow/.local/lib/python3.12/site-packages/airflow/example_dags/example_skip_dag.py
[2026-09-15T21:14:10.985+0000] {processor.py:840} INFO - DAG(s) 'example_skip_dag' retrieved from /home/airflow/.local/lib/python3.12/site-packages/airflow/example_dags/example_skip_dag.py
[2026-09-15T21:14:11.003+0000] {logging_mixin.py:188} INFO - [2026-09-15T21:14:11.003+0000] {dag.py:3089} INFO - Sync 1 DAGs
[2026-09-15T21:14:11.018+0000] {logging_mixin.py:188} INFO - [2026-09-15T21:14:11.018+0000] {dag.py:3947} INFO - Setting next_dagrun for example_skip_dag to 2026-09-14 00:00:00+00:00, run_after=2026-09-15 00:00:00+00:00
[2026-09-15T21:14:11.034+0000] {processor.py:183} INFO - Processing /home/airflow/.local/lib/python3.12/site-packages/airflow/example_dags/example_skip_dag.py took 0.062 seconds
[2026-09-15T21:14:41.222+0000] {processor.py:161} INFO - Started process (PID=1645) to work on /home/airflow/.local/lib/python3.12/site-packages/airflow/example_dags/example_skip_dag.py
[2026-09-15T21:14:41.223+0000] {processor.py:830} INFO - Processing file /home/airflow/.local/lib/python3.12/site-packages/airflow/example_dags/example_skip_dag.py for tasks to queue
[2026-09-15T21:14:41.225+0000] {logging_mixin.py:188} INFO - [2026-09-15T21:14:41.225+0000] {dagbag.py:545} INFO - Filling up the DagBag from /home/airflow/.local/lib/python3.12/site-packages/airflow/example_dags/example_skip_dag.py
[2026-09-15T21:14:41.230+0000] {processor.py:840} INFO - DAG(s) 'example_skip_dag' retrieved from /home/airflow/.local/lib/python3.12/site-packages/airflow/example_dags/example_skip_dag.py
[2026-09-15T21:14:41.249+0000] {logging_mixin.py:188} INFO - [2026-09-15T21:14:41.249+0000] {dag.py:3089} INFO - Sync 1 DAGs
[2026-09-15T21:14:41.267+0000] {logging_mixin.py:188} INFO - [2026-09-15T21:14:41.267+0000] {dag.py:3947} INFO - Setting next_dagrun for example_skip_dag to 2026-09-14 00:00:00+00:00, run_after=2026-09-15 00:00:00+00:00
[2026-09-15T21:14:41.285+0000] {processor.py:183} INFO - Processing /home/airflow/.local/lib/python3.12/site-packages/airflow/example_dags/example_skip_dag.py took 0.068 seconds
[2026-09-15T21:15:11.871+0000] {processor.py:161} INFO - Started process (PID=1703) to work on /home/airflow/.local/lib/python3.12/site-packages/airflow/example_dags/example_skip_dag.py
[2026-09-15T21:15:11.872+0000] {processor.py:830} INFO - Processing file /home/airflow/.local/lib/python3.12/site-packages/airflow/example_dags/example_skip_dag.py for tasks to queue
[2026-09-15T21:15:11.874+0000] {logging_mixin.py:188} INFO - [2026-09-15T21:15:11.874+0000] {dagbag.py:545} INFO - Filling up the DagBag from /home/airflow/.local/lib/python3.12/site-packages/airflow/example_dags/example_skip_dag.py
[2026-09-15T21:15:11.879+0000] {processor.py:840} INFO - DAG(s) 'example_skip_dag' retrieved from /home/airflow/.local/lib/python3.12/site-packages/airflow/example_dags/example_skip_dag.py
[2026-09-15T21:15:11.897+0000] {logging_mixin.py:188} INFO - [2026-09-15T21:15:11.897+0000] {dag.py:3089} INFO - Sync 1 DAGs
[2026-09-15T21:15:11.914+0000] {logging_mixin.py:188} INFO - [2026-09-15T21:15:11.914+0000] {dag.py:3947} INFO - Setting next_dagrun for example_skip_dag to 2026-09-14 00:00:00+00:00, run_after=2026-09-15 00:00:00+00:00
[2026-09-15T21:15:12.098+0000] {processor.py:183} INFO - Processing /home/airflow/.local/lib/python3.12/site-packages/airflow/example_dags/example_skip_dag.py took 0.232 seconds
[2026-09-15T21:15:42.237+0000] {processor.py:161} INFO - Started process (PID=1761) to work on /home/airflow/.local/lib/python3.12/site-packages/airflow/example_dags/example_skip_dag.py
[2026-09-15T21:15:42.239+0000] {processor.py:830} INFO - Processing file /home/airflow/.local/lib/python3.12/site-packages/airflow/example_dags/example_skip_dag.py for tasks to queue
[2026-09-15T21:15:42.241+0000] {logging_mixin.py:188} INFO - [2026-09-15T21:15:42.241+0000] {dagbag.py:545} INFO - Filling up the DagBag from /home/airflow/.local/lib/python3.12/site-packages/airflow/example_dags/example_skip_dag.py
[2026-09-15T21:15:42.246+0000] {processor.py:840} INFO - DAG(s) 'example_skip_dag' retrieved from /home/airflow/.local/lib/python3.12/site-packages/airflow/example_dags/example_skip_dag.py
[2026-09-15T21:15:42.265+0000] {logging_mixin.py:188} INFO - [2026-09-15T21:15:42.265+0000] {dag.py:3089} INFO - Sync 1 DAGs
[2026-09-15T21:15:42.282+0000] {logging_mixin.py:188} INFO - [2026-09-15T21:15:42.282+0000] {dag.py:3947} INFO - Setting next_dagrun for example_skip_dag to 2026-09-14 00:00:00+00:00, run_after=2026-09-15 00:00:00+00:00
[2026-09-15T21:15:42.297+0000] {processor.py:183} INFO - Processing /home/airflow/.local/lib/python3.12/site-packages/airflow/example_dags/example_skip_dag.py took 0.065 seconds
[2026-09-15T21:16:12.830+0000] {processor.py:161} INFO - Started process (PID=1819) to work on /home/airflow/.local/lib/python3.12/site-packages/airflow/example_dags/example_skip_dag.py
[2026-09-15T21:16:12.832+0000] {processor.py:830} INFO - Processing file /home/airflow/.local/lib/python3.12/site-packages/airflow/example_dags/example_skip_dag.py for tasks to queue
[2026-09-15T21:16:12.835+0000] {logging_mixin.py:188} INFO - [2026-09-15T21:16:12.835+0000] {dagbag.py:545} INFO - Filling up the DagBag from /home/airflow/.local/lib/python3.12/site-packages/airflow/example_dags/example_skip_dag.py
[2026-09-15T21:16:12.841+0000] {processor.py:840} INFO - DAG(s) 'example_skip_dag' retrieved from /home/airflow/.local/lib/python3.12/site-packages/airflow/example_dags/example_skip_dag.py
[2026-09-15T21:16:12.863+0000] {logging_mixin.py:188} INFO - [2026-09-15T21:16:12.863+0000] {dag.py:3089} INFO - Sync 1 DAGs
[2026-09-15T21:16:12.883+0000] {logging_mixin.py:188} INFO - [2026-09-15T21:16:12.883+0000] {dag.py:3947} INFO - Setting next_dagrun for example_skip_dag to 2026-09-14 00:00:00+00:00, run_after=2026-09-15 00:00:00+00:00
[2026-09-15T21:16:12.898+0000] {processor.py:183} INFO - Processing /home/airflow/.local/lib/python3.12/site-packages/airflow/example_dags/example_skip_dag.py took 0.073 seconds
[2026-09-15T21:17:35.202+0000] {processor.py:161} INFO - Started process (PID=72) to work on /home/airflow/.local/lib/python3.12/site-packages/airflow/example_dags/example_skip_dag.py
[2026-09-15T21:17:35.204+0000] {processor.py:830} INFO - Processing file /home/airflow/.local/lib/python3.12/site-packages/airflow/example_dags/example_skip_dag.py for tasks to queue
[2026-09-15T21:17:35.208+0000] {logging_mixin.py:188} INFO - [2026-09-15T21:17:35.207+0000] {dagbag.py:545} INFO - Filling up the DagBag from /home/airflow/.local/lib/python3.12/site-packages/airflow/example_dags/example_skip_dag.py
[2026-09-15T21:17:35.221+0000] {processor.py:840} INFO - DAG(s) 'example_skip_dag' retrieved from /home/airflow/.local/lib/python3.12/site-packages/airflow/example_dags/example_skip_dag.py
[2026-09-15T21:17:35.237+0000] {logging_mixin.py:188} INFO - [2026-09-15T21:17:35.236+0000] {dag.py:3089} INFO - Sync 1 DAGs
[2026-09-15T21:17:35.265+0000] {logging_mixin.py:188} INFO - [2026-09-15T21:17:35.264+0000] {dag.py:3947} INFO - Setting next_dagrun for example_skip_dag to 2026-09-14 00:00:00+00:00, run_after=2026-09-15 00:00:00+00:00
[2026-09-15T21:17:35.288+0000] {processor.py:183} INFO - Processing /home/airflow/.local/lib/python3.12/site-packages/airflow/example_dags/example_skip_dag.py took 0.092 seconds
[2026-09-15T21:18:06.225+0000] {processor.py:161} INFO - Started process (PID=131) to work on /home/airflow/.local/lib/python3.12/site-packages/airflow/example_dags/example_skip_dag.py
[2026-09-15T21:18:06.226+0000] {processor.py:830} INFO - Processing file /home/airflow/.local/lib/python3.12/site-packages/airflow/example_dags/example_skip_dag.py for tasks to queue
[2026-09-15T21:18:06.229+0000] {logging_mixin.py:188} INFO - [2026-09-15T21:18:06.228+0000] {dagbag.py:545} INFO - Filling up the DagBag from /home/airflow/.local/lib/python3.12/site-packages/airflow/example_dags/example_skip_dag.py
[2026-09-15T21:18:06.234+0000] {processor.py:840} INFO - DAG(s) 'example_skip_dag' retrieved from /home/airflow/.local/lib/python3.12/site-packages/airflow/example_dags/example_skip_dag.py
[2026-09-15T21:18:06.313+0000] {logging_mixin.py:188} INFO - [2026-09-15T21:18:06.312+0000] {dag.py:3089} INFO - Sync 1 DAGs
[2026-09-15T21:18:06.328+0000] {logging_mixin.py:188} INFO - [2026-09-15T21:18:06.328+0000] {dag.py:3947} INFO - Setting next_dagrun for example_skip_dag to 2026-09-14 00:00:00+00:00, run_after=2026-09-15 00:00:00+00:00
[2026-09-15T21:18:06.346+0000] {processor.py:183} INFO - Processing /home/airflow/.local/lib/python3.12/site-packages/airflow/example_dags/example_skip_dag.py took 0.126 seconds
[2026-09-15T21:18:36.443+0000] {processor.py:161} INFO - Started process (PID=189) to work on /home/airflow/.local/lib/python3.12/site-packages/airflow/example_dags/example_skip_dag.py
[2026-09-15T21:18:36.445+0000] {processor.py:830} INFO - Processing file /home/airflow/.local/lib/python3.12/site-packages/airflow/example_dags/example_skip_dag.py for tasks to queue
[2026-09-15T21:18:36.447+0000] {logging_mixin.py:188} INFO - [2026-09-15T21:18:36.447+0000] {dagbag.py:545} INFO - Filling up the DagBag from /home/airflow/.local/lib/python3.12/site-packages/airflow/example_dags/example_skip_dag.py
[2026-09-15T21:18:36.452+0000] {processor.py:840} INFO - DAG(s) 'example_skip_dag' retrieved from /home/airflow/.local/lib/python3.12/site-packages/airflow/example_dags/example_skip_dag.py
[2026-09-15T21:18:36.469+0000] {logging_mixin.py:188} INFO - [2026-09-15T21:18:36.468+0000] {dag.py:3089} INFO - Sync 1 DAGs
[2026-09-15T21:18:36.484+0000] {logging_mixin.py:188} INFO - [2026-09-15T21:18:36.484+0000] {dag.py:3947} INFO - Setting next_dagrun for example_skip_dag to 2026-09-14 00:00:00+00:00, run_after=2026-09-15 00:00:00+00:00
[2026-09-15T21:18:36.499+0000] {processor.py:183} INFO - Processing /home/airflow/.local/lib/python3.12/site-packages/airflow/example_dags/example_skip_dag.py took 0.060 seconds
[2026-09-15T21:19:07.168+0000] {processor.py:161} INFO - Started process (PID=247) to work on /home/airflow/.local/lib/python3.12/site-packages/airflow/example_dags/example_skip_dag.py
[2026-09-15T21:19:07.169+0000] {processor.py:830} INFO - Processing file /home/airflow/.local/lib/python3.12/site-packages/airflow/example_dags/example_skip_dag.py for tasks to queue
[2026-09-15T21:19:07.171+0000] {logging_mixin.py:188} INFO - [2026-09-15T21:19:07.171+0000] {dagbag.py:545} INFO - Filling up the DagBag from /home/airflow/.local/lib/python3.12/site-packages/airflow/example_dags/example_skip_dag.py
[2026-09-15T21:19:07.176+0000] {processor.py:840} INFO - DAG(s) 'example_skip_dag' retrieved from /home/airflow/.local/lib/python3.12/site-packages/airflow/example_dags/example_skip_dag.py
[2026-09-15T21:19:07.193+0000] {logging_mixin.py:188} INFO - [2026-09-15T21:19:07.193+0000] {dag.py:3089} INFO - Sync 1 DAGs
[2026-09-15T21:19:07.208+0000] {logging_mixin.py:188} INFO - [2026-09-15T21:19:07.208+0000] {dag.py:3947} INFO - Setting next_dagrun for example_skip_dag to 2026-09-14 00:00:00+00:00, run_after=2026-09-15 00:00:00+00:00
[2026-09-15T21:19:07.224+0000] {processor.py:183} INFO - Processing /home/airflow/.local/lib/python3.12/site-packages/airflow/example_dags/example_skip_dag.py took 0.060 seconds
[2026-09-15T21:19:37.804+0000] {processor.py:161} INFO - Started process (PID=305) to work on /home/airflow/.local/lib/python3.12/site-packages/airflow/example_dags/example_skip_dag.py
[2026-09-15T21:19:37.806+0000] {processor.py:830} INFO - Processing file /home/airflow/.local/lib/python3.12/site-packages/airflow/example_dags/example_skip_dag.py for tasks to queue
[2026-09-15T21:19:37.807+0000] {logging_mixin.py:188} INFO - [2026-09-15T21:19:37.807+0000] {dagbag.py:545} INFO - Filling up the DagBag from /home/airflow/.local/lib/python3.12/site-packages/airflow/example_dags/example_skip_dag.py
[2026-09-15T21:19:37.813+0000] {processor.py:840} INFO - DAG(s) 'example_skip_dag' retrieved from /home/airflow/.local/lib/python3.12/site-packages/airflow/example_dags/example_skip_dag.py
[2026-09-15T21:19:37.829+0000] {logging_mixin.py:188} INFO - [2026-09-15T21:19:37.829+0000] {dag.py:3089} INFO - Sync 1 DAGs
[2026-09-15T21:19:37.845+0000] {logging_mixin.py:188} INFO - [2026-09-15T21:19:37.845+0000] {dag.py:3947} INFO - Setting next_dagrun for example_skip_dag to 2026-09-14 00:00:00+00:00, run_after=2026-09-15 00:00:00+00:00
[2026-09-15T21:19:37.858+0000] {processor.py:183} INFO - Processing /home/airflow/.local/lib/python3.12/site-packages/airflow/example_dags/example_skip_dag.py took 0.059 seconds
[2026-09-15T21:20:08.217+0000] {processor.py:161} INFO - Started process (PID=363) to work on /home/airflow/.local/lib/python3.12/site-packages/airflow/example_dags/example_skip_dag.py
[2026-09-15T21:20:08.218+0000] {processor.py:830} INFO - Processing file /home/airflow/.local/lib/python3.12/site-packages/airflow/example_dags/example_skip_dag.py for tasks to queue
[2026-09-15T21:20:08.220+0000] {logging_mixin.py:188} INFO - [2026-09-15T21:20:08.220+0000] {dagbag.py:545} INFO - Filling up the DagBag from /home/airflow/.local/lib/python3.12/site-packages/airflow/example_dags/example_skip_dag.py
[2026-09-15T21:20:08.225+0000] {processor.py:840} INFO - DAG(s) 'example_skip_dag' retrieved from /home/airflow/.local/lib/python3.12/site-packages/airflow/example_dags/example_skip_dag.py
[2026-09-15T21:20:08.241+0000] {logging_mixin.py:188} INFO - [2026-09-15T21:20:08.241+0000] {dag.py:3089} INFO - Sync 1 DAGs
[2026-09-15T21:20:08.256+0000] {logging_mixin.py:188} INFO - [2026-09-15T21:20:08.256+0000] {dag.py:3947} INFO - Setting next_dagrun for example_skip_dag to 2026-09-14 00:00:00+00:00, run_after=2026-09-15 00:00:00+00:00
[2026-09-15T21:20:08.270+0000] {processor.py:183} INFO - Processing /home/airflow/.local/lib/python3.12/site-packages/airflow/example_dags/example_skip_dag.py took 0.058 seconds
[2026-09-15T21:20:38.323+0000] {processor.py:161} INFO - Started process (PID=421) to work on /home/airflow/.local/lib/python3.12/site-packages/airflow/example_dags/example_skip_dag.py
[2026-09-15T21:20:38.324+0000] {processor.py:830} INFO - Processing file /home/airflow/.local/lib/python3.12/site-packages/airflow/example_dags/example_skip_dag.py for tasks to queue
[2026-09-15T21:20:38.326+0000] {logging_mixin.py:188} INFO - [2026-09-15T21:20:38.326+0000] {dagbag.py:545} INFO - Filling up the DagBag from /home/airflow/.local/lib/python3.12/site-packages/airflow/example_dags/example_skip_dag.py
[2026-09-15T21:20:38.331+0000] {processor.py:840} INFO - DAG(s) 'example_skip_dag' retrieved from /home/airflow/.local/lib/python3.12/site-packages/airflow/example_dags/example_skip_dag.py
[2026-09-15T21:20:38.347+0000] {logging_mixin.py:188} INFO - [2026-09-15T21:20:38.347+0000] {dag.py:3089} INFO - Sync 1 DAGs
[2026-09-15T21:20:38.362+0000] {logging_mixin.py:188} INFO - [2026-09-15T21:20:38.362+0000] {dag.py:3947} INFO - Setting next_dagrun for example_skip_dag to 2026-09-14 00:00:00+00:00, run_after=2026-09-15 00:00:00+00:00
[2026-09-15T21:20:38.376+0000] {processor.py:183} INFO - Processing /home/airflow/.local/lib/python3.12/site-packages/airflow/example_dags/example_skip_dag.py took 0.058 seconds
[2026-09-15T21:22:07.015+0000] {processor.py:161} INFO - Started process (PID=253) to work on /home/airflow/.local/lib/python3.12/site-packages/airflow/example_dags/example_skip_dag.py
[2026-09-15T21:22:07.017+0000] {processor.py:830} INFO - Processing file /home/airflow/.local/lib/python3.12/site-packages/airflow/example_dags/example_skip_dag.py for tasks to queue
[2026-09-15T21:22:07.020+0000] {logging_mixin.py:188} INFO - [2026-09-15T21:22:07.019+0000] {dagbag.py:545} INFO - Filling up the DagBag from /home/airflow/.local/lib/python3.12/site-packages/airflow/example_dags/example_skip_dag.py
[2026-09-15T21:22:07.029+0000] {processor.py:840} INFO - DAG(s) 'example_skip_dag' retrieved from /home/airflow/.local/lib/python3.12/site-packages/airflow/example_dags/example_skip_dag.py
[2026-09-15T21:22:07.044+0000] {logging_mixin.py:188} INFO - [2026-09-15T21:22:07.043+0000] {dag.py:3089} INFO - Sync 1 DAGs
[2026-09-15T21:22:07.068+0000] {logging_mixin.py:188} INFO - [2026-09-15T21:22:07.068+0000] {dag.py:3947} INFO - Setting next_dagrun for example_skip_dag to 2026-09-14 00:00:00+00:00, run_after=2026-09-15 00:00:00+00:00
[2026-09-15T21:22:07.092+0000] {processor.py:183} INFO - Processing /home/airflow/.local/lib/python3.12/site-packages/airflow/example_dags/example_skip_dag.py took 0.084 seconds
[2026-09-15T21:22:38.171+0000] {processor.py:161} INFO - Started process (PID=515) to work on /home/airflow/.local/lib/python3.12/site-packages/airflow/example_dags/example_skip_dag.py
[2026-09-15T21:22:38.172+0000] {processor.py:830} INFO - Processing file /home/airflow/.local/lib/python3.12/site-packages/airflow/example_dags/example_skip_dag.py for tasks to queue
[2026-09-15T21:22:38.174+0000] {logging_mixin.py:188} INFO - [2026-09-15T21:22:38.174+0000] {dagbag.py:545} INFO - Filling up the DagBag from /home/airflow/.local/lib/python3.12/site-packages/airflow/example_dags/example_skip_dag.py
[2026-09-15T21:22:38.180+0000] {processor.py:840} INFO - DAG(s) 'example_skip_dag' retrieved from /home/airflow/.local/lib/python3.12/site-packages/airflow/example_dags/example_skip_dag.py
[2026-09-15T21:22:38.261+0000] {logging_mixin.py:188} INFO - [2026-09-15T21:22:38.260+0000] {dag.py:3089} INFO - Sync 1 DAGs
[2026-09-15T21:22:38.276+0000] {logging_mixin.py:188} INFO - [2026-09-15T21:22:38.275+0000] {dag.py:3947} INFO - Setting next_dagrun for example_skip_dag to 2026-09-14 00:00:00+00:00, run_after=2026-09-15 00:00:00+00:00
[2026-09-15T21:22:38.292+0000] {processor.py:183} INFO - Processing /home/airflow/.local/lib/python3.12/site-packages/airflow/example_dags/example_skip_dag.py took 0.126 seconds
[2026-09-15T21:23:08.578+0000] {processor.py:161} INFO - Started process (PID=777) to work on /home/airflow/.local/lib/python3.12/site-packages/airflow/example_dags/example_skip_dag.py
[2026-09-15T21:23:08.579+0000] {processor.py:830} INFO - Processing file /home/airflow/.local/lib/python3.12/site-packages/airflow/example_dags/example_skip_dag.py for tasks to queue
[2026-09-15T21:23:08.581+0000] {logging_mixin.py:188} INFO - [2026-09-15T21:23:08.581+0000] {dagbag.py:545} INFO - Filling up the DagBag from /home/airflow/.local/lib/python3.12/site-packages/airflow/example_dags/example_skip_dag.py
[2026-09-15T21:23:08.586+0000] {processor.py:840} INFO - DAG(s) 'example_skip_dag' retrieved from /home/airflow/.local/lib/python3.12/site-packages/airflow/example_dags/example_skip_dag.py
[2026-09-15T21:23:08.603+0000] {logging_mixin.py:188} INFO - [2026-09-15T21:23:08.603+0000] {dag.py:3089} INFO - Sync 1 DAGs
[2026-09-15T21:23:08.620+0000] {logging_mixin.py:188} INFO - [2026-09-15T21:23:08.620+0000] {dag.py:3947} INFO - Setting next_dagrun for example_skip_dag to 2026-09-14 00:00:00+00:00, run_after=2026-09-15 00:00:00+00:00
[2026-09-15T21:23:08.636+0000] {processor.py:183} INFO - Processing /home/airflow/.local/lib/python3.12/site-packages/airflow/example_dags/example_skip_dag.py took 0.062 seconds
[2026-09-15T21:23:38.805+0000] {processor.py:161} INFO - Started process (PID=1039) to work on /home/airflow/.local/lib/python3.12/site-packages/airflow/example_dags/example_skip_dag.py
[2026-09-15T21:23:38.807+0000] {processor.py:830} INFO - Processing file /home/airflow/.local/lib/python3.12/site-packages/airflow/example_dags/example_skip_dag.py for tasks to queue
[2026-09-15T21:23:38.809+0000] {logging_mixin.py:188} INFO - [2026-09-15T21:23:38.808+0000] {dagbag.py:545} INFO - Filling up the DagBag from /home/airflow/.local/lib/python3.12/site-packages/airflow/example_dags/example_skip_dag.py
[2026-09-15T21:23:38.813+0000] {processor.py:840} INFO - DAG(s) 'example_skip_dag' retrieved from /home/airflow/.local/lib/python3.12/site-packages/airflow/example_dags/example_skip_dag.py
[2026-09-15T21:23:38.832+0000] {logging_mixin.py:188} INFO - [2026-09-15T21:23:38.832+0000] {dag.py:3089} INFO - Sync 1 DAGs
[2026-09-15T21:23:38.854+0000] {logging_mixin.py:188} INFO - [2026-09-15T21:23:38.854+0000] {dag.py:3947} INFO - Setting next_dagrun for example_skip_dag to 2026-09-14 00:00:00+00:00, run_after=2026-09-15 00:00:00+00:00
[2026-09-15T21:23:38.870+0000] {processor.py:183} INFO - Processing /home/airflow/.local/lib/python3.12/site-packages/airflow/example_dags/example_skip_dag.py took 0.069 seconds
[2026-09-15T21:24:09.001+0000] {processor.py:161} INFO - Started process (PID=1301) to work on /home/airflow/.local/lib/python3.12/site-packages/airflow/example_dags/example_skip_dag.py
[2026-09-15T21:24:09.003+0000] {processor.py:830} INFO - Processing file /home/airflow/.local/lib/python3.12/site-packages/airflow/example_dags/example_skip_dag.py for tasks to queue
[2026-09-15T21:24:09.004+0000] {logging_mixin.py:188} INFO - [2026-09-15T21:24:09.004+0000] {dagbag.py:545} INFO - Filling up the DagBag from /home/airflow/.local/lib/python3.12/site-packages/airflow/example_dags/example_skip_dag.py
[2026-09-15T21:24:09.009+0000] {processor.py:840} INFO - DAG(s) 'example_skip_dag' retrieved from /home/airflow/.local/lib/python3.12/site-packages/airflow/example_dags/example_skip_dag.py
[2026-09-15T21:24:09.026+0000] {logging_mixin.py:188} INFO - [2026-09-15T21:24:09.026+0000] {dag.py:3089} INFO - Sync 1 DAGs
[2026-09-15T21:24:09.041+0000] {logging_mixin.py:188} INFO - [2026-09-15T21:24:09.040+0000] {dag.py:3947} INFO - Setting next_dagrun for example_skip_dag to 2026-09-14 00:00:00+00:00, run_after=2026-09-15 00:00:00+00:00
[2026-09-15T21:24:09.055+0000] {processor.py:183} INFO - Processing /home/airflow/.local/lib/python3.12/site-packages/airflow/example_dags/example_skip_dag.py took 0.058 seconds
[2026-09-15T21:24:39.130+0000] {processor.py:161} INFO - Started process (PID=1563) to work on /home/airflow/.local/lib/python3.12/site-packages/airflow/example_dags/example_skip_dag.py
[2026-09-15T21:24:39.131+0000] {processor.py:830} INFO - Processing file /home/airflow/.local/lib/python3.12/site-packages/airflow/example_dags/example_skip_dag.py for tasks to queue
[2026-09-15T21:24:39.133+0000] {logging_mixin.py:188} INFO - [2026-09-15T21:24:39.133+0000] {dagbag.py:545} INFO - Filling up the DagBag from /home/airflow/.local/lib/python3.12/site-packages/airflow/example_dags/example_skip_dag.py
[2026-09-15T21:24:39.139+0000] {processor.py:840} INFO - DAG(s) 'example_skip_dag' retrieved from /home/airflow/.local/lib/python3.12/site-packages/airflow/example_dags/example_skip_dag.py
[2026-09-15T21:24:39.158+0000] {logging_mixin.py:188} INFO - [2026-09-15T21:24:39.158+0000] {dag.py:3089} INFO - Sync 1 DAGs
[2026-09-15T21:24:39.175+0000] {logging_mixin.py:188} INFO - [2026-09-15T21:24:39.174+0000] {dag.py:3947} INFO - Setting next_dagrun for example_skip_dag to 2026-09-14 00:00:00+00:00, run_after=2026-09-15 00:00:00+00:00
[2026-09-15T21:24:39.190+0000] {processor.py:183} INFO - Processing /home/airflow/.local/lib/python3.12/site-packages/airflow/example_dags/example_skip_dag.py took 0.065 seconds
[2026-09-15T21:25:09.257+0000] {processor.py:161} INFO - Started process (PID=1822) to work on /home/airflow/.local/lib/python3.12/site-packages/airflow/example_dags/example_skip_dag.py
[2026-09-15T21:25:09.258+0000] {processor.py:830} INFO - Processing file /home/airflow/.local/lib/python3.12/site-packages/airflow/example_dags/example_skip_dag.py for tasks to queue
[2026-09-15T21:25:09.260+0000] {logging_mixin.py:188} INFO - [2026-09-15T21:25:09.260+0000] {dagbag.py:545} INFO - Filling up the DagBag from /home/airflow/.local/lib/python3.12/site-packages/airflow/example_dags/example_skip_dag.py
[2026-09-15T21:25:09.265+0000] {processor.py:840} INFO - DAG(s) 'example_skip_dag' retrieved from /home/airflow/.local/lib/python3.12/site-packages/airflow/example_dags/example_skip_dag.py
[2026-09-15T21:25:09.281+0000] {logging_mixin.py:188} INFO - [2026-09-15T21:25:09.281+0000] {dag.py:3089} INFO - Sync 1 DAGs
[2026-09-15T21:25:09.297+0000] {logging_mixin.py:188} INFO - [2026-09-15T21:25:09.297+0000] {dag.py:3947} INFO - Setting next_dagrun for example_skip_dag to 2026-09-14 00:00:00+00:00, run_after=2026-09-15 00:00:00+00:00
[2026-09-15T21:25:09.311+0000] {processor.py:183} INFO - Processing /home/airflow/.local/lib/python3.12/site-packages/airflow/example_dags/example_skip_dag.py took 0.058 seconds
[2026-09-15T21:25:39.360+0000] {processor.py:161} INFO - Started process (PID=2084) to work on /home/airflow/.local/lib/python3.12/site-packages/airflow/example_dags/example_skip_dag.py
[2026-09-15T21:25:39.361+0000] {processor.py:830} INFO - Processing file /home/airflow/.local/lib/python3.12/site-packages/airflow/example_dags/example_skip_dag.py for tasks to queue
[2026-09-15T21:25:39.363+0000] {logging_mixin.py:188} INFO - [2026-09-15T21:25:39.363+0000] {dagbag.py:545} INFO - Filling up the DagBag from /home/airflow/.local/lib/python3.12/site-packages/airflow/example_dags/example_skip_dag.py
[2026-09-15T21:25:39.368+0000] {processor.py:840} INFO - DAG(s) 'example_skip_dag' retrieved from /home/airflow/.local/lib/python3.12/site-packages/airflow/example_dags/example_skip_dag.py
[2026-09-15T21:25:39.384+0000] {logging_mixin.py:188} INFO - [2026-09-15T21:25:39.383+0000] {dag.py:3089} INFO - Sync 1 DAGs
[2026-09-15T21:25:39.400+0000] {logging_mixin.py:188} INFO - [2026-09-15T21:25:39.400+0000] {dag.py:3947} INFO - Setting next_dagrun for example_skip_dag to 2026-09-14 00:00:00+00:00, run_after=2026-09-15 00:00:00+00:00
[2026-09-15T21:25:39.414+0000] {processor.py:183} INFO - Processing /home/airflow/.local/lib/python3.12/site-packages/airflow/example_dags/example_skip_dag.py took 0.058 seconds
[2026-09-15T21:26:09.593+0000] {processor.py:161} INFO - Started process (PID=2344) to work on /home/airflow/.local/lib/python3.12/site-packages/airflow/example_dags/example_skip_dag.py
[2026-09-15T21:26:09.594+0000] {processor.py:830} INFO - Processing file /home/airflow/.local/lib/python3.12/site-packages/airflow/example_dags/example_skip_dag.py for tasks to queue
[2026-09-15T21:26:09.596+0000] {logging_mixin.py:188} INFO - [2026-09-15T21:26:09.596+0000] {dagbag.py:545} INFO - Filling up the DagBag from /home/airflow/.local/lib/python3.12/site-packages/airflow/example_dags/example_skip_dag.py
[2026-09-15T21:26:09.601+0000] {processor.py:840} INFO - DAG(s) 'example_skip_dag' retrieved from /home/airflow/.local/lib/python3.12/site-packages/airflow/example_dags/example_skip_dag.py
[2026-09-15T21:26:09.621+0000] {logging_mixin.py:188} INFO - [2026-09-15T21:26:09.621+0000] {dag.py:3089} INFO - Sync 1 DAGs
[2026-09-15T21:26:09.640+0000] {logging_mixin.py:188} INFO - [2026-09-15T21:26:09.640+0000] {dag.py:3947} INFO - Setting next_dagrun for example_skip_dag to 2026-09-14 00:00:00+00:00, run_after=2026-09-15 00:00:00+00:00
[2026-09-15T21:26:09.656+0000] {processor.py:183} INFO - Processing /home/airflow/.local/lib/python3.12/site-packages/airflow/example_dags/example_skip_dag.py took 0.067 seconds
[2026-09-15T21:26:39.853+0000] {processor.py:161} INFO - Started process (PID=2614) to work on /home/airflow/.local/lib/python3.12/site-packages/airflow/example_dags/example_skip_dag.py
[2026-09-15T21:26:39.854+0000] {processor.py:830} INFO - Processing file /home/airflow/.local/lib/python3.12/site-packages/airflow/example_dags/example_skip_dag.py for tasks to queue
[2026-09-15T21:26:39.856+0000] {logging_mixin.py:188} INFO - [2026-09-15T21:26:39.856+0000] {dagbag.py:545} INFO - Filling up the DagBag from /home/airflow/.local/lib/python3.12/site-packages/airflow/example_dags/example_skip_dag.py
[2026-09-15T21:26:39.861+0000] {processor.py:840} INFO - DAG(s) 'example_skip_dag' retrieved from /home/airflow/.local/lib/python3.12/site-packages/airflow/example_dags/example_skip_dag.py
[2026-09-15T21:26:39.881+0000] {logging_mixin.py:188} INFO - [2026-09-15T21:26:39.881+0000] {dag.py:3089} INFO - Sync 1 DAGs
[2026-09-15T21:26:39.896+0000] {logging_mixin.py:188} INFO - [2026-09-15T21:26:39.895+0000] {dag.py:3947} INFO - Setting next_dagrun for example_skip_dag to 2026-09-14 00:00:00+00:00, run_after=2026-09-15 00:00:00+00:00
[2026-09-15T21:26:39.910+0000] {processor.py:183} INFO - Processing /home/airflow/.local/lib/python3.12/site-packages/airflow/example_dags/example_skip_dag.py took 0.061 seconds
[2026-09-15T21:27:10.084+0000] {processor.py:161} INFO - Started process (PID=2874) to work on /home/airflow/.local/lib/python3.12/site-packages/airflow/example_dags/example_skip_dag.py
[2026-09-15T21:27:10.086+0000] {processor.py:830} INFO - Processing file /home/airflow/.local/lib/python3.12/site-packages/airflow/example_dags/example_skip_dag.py for tasks to queue
[2026-09-15T21:27:10.088+0000] {logging_mixin.py:188} INFO - [2026-09-15T21:27:10.088+0000] {dagbag.py:545} INFO - Filling up the DagBag from /home/airflow/.local/lib/python3.12/site-packages/airflow/example_dags/example_skip_dag.py
[2026-09-15T21:27:10.095+0000] {processor.py:840} INFO - DAG(s) 'example_skip_dag' retrieved from /home/airflow/.local/lib/python3.12/site-packages/airflow/example_dags/example_skip_dag.py
[2026-09-15T21:27:10.115+0000] {logging_mixin.py:188} INFO - [2026-09-15T21:27:10.114+0000] {dag.py:3089} INFO - Sync 1 DAGs
[2026-09-15T21:27:10.134+0000] {logging_mixin.py:188} INFO - [2026-09-15T21:27:10.134+0000] {dag.py:3947} INFO - Setting next_dagrun for example_skip_dag to 2026-09-14 00:00:00+00:00, run_after=2026-09-15 00:00:00+00:00
[2026-09-15T21:27:10.150+0000] {processor.py:183} INFO - Processing /home/airflow/.local/lib/python3.12/site-packages/airflow/example_dags/example_skip_dag.py took 0.071 seconds
[2026-09-15T21:27:40.318+0000] {processor.py:161} INFO - Started process (PID=3136) to work on /home/airflow/.local/lib/python3.12/site-packages/airflow/example_dags/example_skip_dag.py
[2026-09-15T21:27:40.319+0000] {processor.py:830} INFO - Processing file /home/airflow/.local/lib/python3.12/site-packages/airflow/example_dags/example_skip_dag.py for tasks to queue
[2026-09-15T21:27:40.321+0000] {logging_mixin.py:188} INFO - [2026-09-15T21:27:40.321+0000] {dagbag.py:545} INFO - Filling up the DagBag from /home/airflow/.local/lib/python3.12/site-packages/airflow/example_dags/example_skip_dag.py
[2026-09-15T21:27:40.325+0000] {processor.py:840} INFO - DAG(s) 'example_skip_dag' retrieved from /home/airflow/.local/lib/python3.12/site-packages/airflow/example_dags/example_skip_dag.py
[2026-09-15T21:27:40.342+0000] {logging_mixin.py:188} INFO - [2026-09-15T21:27:40.342+0000] {dag.py:3089} INFO - Sync 1 DAGs
[2026-09-15T21:27:40.356+0000] {logging_mixin.py:188} INFO - [2026-09-15T21:27:40.356+0000] {dag.py:3947} INFO - Setting next_dagrun for example_skip_dag to 2026-09-14 00:00:00+00:00, run_after=2026-09-15 00:00:00+00:00
[2026-09-15T21:27:40.371+0000] {processor.py:183} INFO - Processing /home/airflow/.local/lib/python3.12/site-packages/airflow/example_dags/example_skip_dag.py took 0.057 seconds
[2026-09-15T21:28:11.034+0000] {processor.py:161} INFO - Started process (PID=3398) to work on /home/airflow/.local/lib/python3.12/site-packages/airflow/example_dags/example_skip_dag.py
[2026-09-15T21:28:11.035+0000] {processor.py:830} INFO - Processing file /home/airflow/.local/lib/python3.12/site-packages/airflow/example_dags/example_skip_dag.py for tasks to queue
[2026-09-15T21:28:11.037+0000] {logging_mixin.py:188} INFO - [2026-09-15T21:28:11.037+0000] {dagbag.py:545} INFO - Filling up the DagBag from /home/airflow/.local/lib/python3.12/site-packages/airflow/example_dags/example_skip_dag.py
[2026-09-15T21:28:11.042+0000] {processor.py:840} INFO - DAG(s) 'example_skip_dag' retrieved from /home/airflow/.local/lib/python3.12/site-packages/airflow/example_dags/example_skip_dag.py
[2026-09-15T21:28:11.059+0000] {logging_mixin.py:188} INFO - [2026-09-15T21:28:11.058+0000] {dag.py:3089} INFO - Sync 1 DAGs
[2026-09-15T21:28:11.074+0000] {logging_mixin.py:188} INFO - [2026-09-15T21:28:11.073+0000] {dag.py:3947} INFO - Setting next_dagrun for example_skip_dag to 2026-09-14 00:00:00+00:00, run_after=2026-09-15 00:00:00+00:00
[2026-09-15T21:28:11.087+0000] {processor.py:183} INFO - Processing /home/airflow/.local/lib/python3.12/site-packages/airflow/example_dags/example_skip_dag.py took 0.058 seconds
[2026-09-15T21:28:41.948+0000] {processor.py:161} INFO - Started process (PID=3665) to work on /home/airflow/.local/lib/python3.12/site-packages/airflow/example_dags/example_skip_dag.py
[2026-09-15T21:28:41.950+0000] {processor.py:830} INFO - Processing file /home/airflow/.local/lib/python3.12/site-packages/airflow/example_dags/example_skip_dag.py for tasks to queue
[2026-09-15T21:28:41.951+0000] {logging_mixin.py:188} INFO - [2026-09-15T21:28:41.951+0000] {dagbag.py:545} INFO - Filling up the DagBag from /home/airflow/.local/lib/python3.12/site-packages/airflow/example_dags/example_skip_dag.py
[2026-09-15T21:28:41.956+0000] {processor.py:840} INFO - DAG(s) 'example_skip_dag' retrieved from /home/airflow/.local/lib/python3.12/site-packages/airflow/example_dags/example_skip_dag.py
[2026-09-15T21:28:41.975+0000] {logging_mixin.py:188} INFO - [2026-09-15T21:28:41.975+0000] {dag.py:3089} INFO - Sync 1 DAGs
[2026-09-15T21:28:41.991+0000] {logging_mixin.py:188} INFO - [2026-09-15T21:28:41.991+0000] {dag.py:3947} INFO - Setting next_dagrun for example_skip_dag to 2026-09-14 00:00:00+00:00, run_after=2026-09-15 00:00:00+00:00
[2026-09-15T21:28:42.006+0000] {processor.py:183} INFO - Processing /home/airflow/.local/lib/python3.12/site-packages/airflow/example_dags/example_skip_dag.py took 0.062 seconds
[2026-09-15T21:29:12.953+0000] {processor.py:161} INFO - Started process (PID=3927) to work on /home/airflow/.local/lib/python3.12/site-packages/airflow/example_dags/example_skip_dag.py
[2026-09-15T21:29:12.954+0000] {processor.py:830} INFO - Processing file /home/airflow/.local/lib/python3.12/site-packages/airflow/example_dags/example_skip_dag.py for tasks to queue
[2026-09-15T21:29:12.956+0000] {logging_mixin.py:188} INFO - [2026-09-15T21:29:12.956+0000] {dagbag.py:545} INFO - Filling up the DagBag from /home/airflow/.local/lib/python3.12/site-packages/airflow/example_dags/example_skip_dag.py
[2026-09-15T21:29:12.960+0000] {processor.py:840} INFO - DAG(s) 'example_skip_dag' retrieved from /home/airflow/.local/lib/python3.12/site-packages/airflow/example_dags/example_skip_dag.py
[2026-09-15T21:29:12.977+0000] {logging_mixin.py:188} INFO - [2026-09-15T21:29:12.977+0000] {dag.py:3089} INFO - Sync 1 DAGs
[2026-09-15T21:29:12.991+0000] {logging_mixin.py:188} INFO - [2026-09-15T21:29:12.991+0000] {dag.py:3947} INFO - Setting next_dagrun for example_skip_dag to 2026-09-14 00:00:00+00:00, run_after=2026-09-15 00:00:00+00:00
[2026-09-15T21:29:13.004+0000] {processor.py:183} INFO - Processing /home/airflow/.local/lib/python3.12/site-packages/airflow/example_dags/example_skip_dag.py took 0.055 seconds
[2026-09-15T21:29:43.240+0000] {processor.py:161} INFO - Started process (PID=4191) to work on /home/airflow/.local/lib/python3.12/site-packages/airflow/example_dags/example_skip_dag.py
[2026-09-15T21:29:43.241+0000] {processor.py:830} INFO - Processing file /home/airflow/.local/lib/python3.12/site-packages/airflow/example_dags/example_skip_dag.py for tasks to queue
[2026-09-15T21:29:43.242+0000] {logging_mixin.py:188} INFO - [2026-09-15T21:29:43.242+0000] {dagbag.py:545} INFO - Filling up the DagBag from /home/airflow/.local/lib/python3.12/site-packages/airflow/example_dags/example_skip_dag.py
[2026-09-15T21:29:43.247+0000] {processor.py:840} INFO - DAG(s) 'example_skip_dag' retrieved from /home/airflow/.local/lib/python3.12/site-packages/airflow/example_dags/example_skip_dag.py
[2026-09-15T21:29:43.264+0000] {logging_mixin.py:188} INFO - [2026-09-15T21:29:43.264+0000] {dag.py:3089} INFO - Sync 1 DAGs
[2026-09-15T21:29:43.279+0000] {logging_mixin.py:188} INFO - [2026-09-15T21:29:43.279+0000] {dag.py:3947} INFO - Setting next_dagrun for example_skip_dag to 2026-09-14 00:00:00+00:00, run_after=2026-09-15 00:00:00+00:00
[2026-09-15T21:29:43.296+0000] {processor.py:183} INFO - Processing /home/airflow/.local/lib/python3.12/site-packages/airflow/example_dags/example_skip_dag.py took 0.060 seconds
[2026-09-15T21:30:13.397+0000] {processor.py:161} INFO - Started process (PID=4456) to work on /home/airflow/.local/lib/python3.12/site-packages/airflow/example_dags/example_skip_dag.py
[2026-09-15T21:30:13.398+0000] {processor.py:830} INFO - Processing file /home/airflow/.local/lib/python3.12/site-packages/airflow/example_dags/example_skip_dag.py for tasks to queue
[2026-09-15T21:30:13.401+0000] {logging_mixin.py:188} INFO - [2026-09-15T21:30:13.400+0000] {dagbag.py:545} INFO - Filling up the DagBag from /home/airflow/.local/lib/python3.12/site-packages/airflow/example_dags/example_skip_dag.py
[2026-09-15T21:30:13.406+0000] {processor.py:840} INFO - DAG(s) 'example_skip_dag' retrieved from /home/airflow/.local/lib/python3.12/site-packages/airflow/example_dags/example_skip_dag.py
[2026-09-15T21:30:13.429+0000] {logging_mixin.py:188} INFO - [2026-09-15T21:30:13.428+0000] {dag.py:3089} INFO - Sync 1 DAGs
[2026-09-15T21:30:13.448+0000] {logging_mixin.py:188} INFO - [2026-09-15T21:30:13.448+0000] {dag.py:3947} INFO - Setting next_dagrun for example_skip_dag to 2026-09-14 00:00:00+00:00, run_after=2026-09-15 00:00:00+00:00
[2026-09-15T21:30:13.468+0000] {processor.py:183} INFO - Processing /home/airflow/.local/lib/python3.12/site-packages/airflow/example_dags/example_skip_dag.py took 0.076 seconds
[2026-09-15T21:30:43.549+0000] {processor.py:161} INFO - Started process (PID=4718) to work on /home/airflow/.local/lib/python3.12/site-packages/airflow/example_dags/example_skip_dag.py
[2026-09-15T21:30:43.550+0000] {processor.py:830} INFO - Processing file /home/airflow/.local/lib/python3.12/site-packages/airflow/example_dags/example_skip_dag.py for tasks to queue
[2026-09-15T21:30:43.552+0000] {logging_mixin.py:188} INFO - [2026-09-15T21:30:43.552+0000] {dagbag.py:545} INFO - Filling up the DagBag from /home/airflow/.local/lib/python3.12/site-packages/airflow/example_dags/example_skip_dag.py
[2026-09-15T21:30:43.556+0000] {processor.py:840} INFO - DAG(s) 'example_skip_dag' retrieved from /home/airflow/.local/lib/python3.12/site-packages/airflow/example_dags/example_skip_dag.py
[2026-09-15T21:30:43.574+0000] {logging_mixin.py:188} INFO - [2026-09-15T21:30:43.574+0000] {dag.py:3089} INFO - Sync 1 DAGs
[2026-09-15T21:30:43.590+0000] {logging_mixin.py:188} INFO - [2026-09-15T21:30:43.590+0000] {dag.py:3947} INFO - Setting next_dagrun for example_skip_dag to 2026-09-14 00:00:00+00:00, run_after=2026-09-15 00:00:00+00:00
[2026-09-15T21:30:43.605+0000] {processor.py:183} INFO - Processing /home/airflow/.local/lib/python3.12/site-packages/airflow/example_dags/example_skip_dag.py took 0.059 seconds
[2026-09-15T21:31:14.101+0000] {processor.py:161} INFO - Started process (PID=4980) to work on /home/airflow/.local/lib/python3.12/site-packages/airflow/example_dags/example_skip_dag.py
[2026-09-15T21:31:14.102+0000] {processor.py:830} INFO - Processing file /home/airflow/.local/lib/python3.12/site-packages/airflow/example_dags/example_skip_dag.py for tasks to queue
[2026-09-15T21:31:14.104+0000] {logging_mixin.py:188} INFO - [2026-09-15T21:31:14.104+0000] {dagbag.py:545} INFO - Filling up the DagBag from /home/airflow/.local/lib/python3.12/site-packages/airflow/example_dags/example_skip_dag.py
[2026-09-15T21:31:14.109+0000] {processor.py:840} INFO - DAG(s) 'example_skip_dag' retrieved from /home/airflow/.local/lib/python3.12/site-packages/airflow/example_dags/example_skip_dag.py
[2026-09-15T21:31:14.126+0000] {logging_mixin.py:188} INFO - [2026-09-15T21:31:14.126+0000] {dag.py:3089} INFO - Sync 1 DAGs
[2026-09-15T21:31:14.141+0000] {logging_mixin.py:188} INFO - [2026-09-15T21:31:14.141+0000] {dag.py:3947} INFO - Setting next_dagrun for example_skip_dag to 2026-09-14 00:00:00+00:00, run_after=2026-09-15 00:00:00+00:00
[2026-09-15T21:31:14.156+0000] {processor.py:183} INFO - Processing /home/airflow/.local/lib/python3.12/site-packages/airflow/example_dags/example_skip_dag.py took 0.059 seconds
[2026-09-15T21:31:44.866+0000] {processor.py:161} INFO - Started process (PID=5242) to work on /home/airflow/.local/lib/python3.12/site-packages/airflow/example_dags/example_skip_dag.py
[2026-09-15T21:31:44.867+0000] {processor.py:830} INFO - Processing file /home/airflow/.local/lib/python3.12/site-packages/airflow/example_dags/example_skip_dag.py for tasks to queue
[2026-09-15T21:31:44.869+0000] {logging_mixin.py:188} INFO - [2026-09-15T21:31:44.868+0000] {dagbag.py:545} INFO - Filling up the DagBag from /home/airflow/.local/lib/python3.12/site-packages/airflow/example_dags/example_skip_dag.py
[2026-09-15T21:31:44.873+0000] {processor.py:840} INFO - DAG(s) 'example_skip_dag' retrieved from /home/airflow/.local/lib/python3.12/site-packages/airflow/example_dags/example_skip_dag.py
[2026-09-15T21:31:44.890+0000] {logging_mixin.py:188} INFO - [2026-09-15T21:31:44.889+0000] {dag.py:3089} INFO - Sync 1 DAGs
[2026-09-15T21:31:44.905+0000] {logging_mixin.py:188} INFO - [2026-09-15T21:31:44.905+0000] {dag.py:3947} INFO - Setting next_dagrun for example_skip_dag to 2026-09-14 00:00:00+00:00, run_after=2026-09-15 00:00:00+00:00
[2026-09-15T21:31:44.921+0000] {processor.py:183} INFO - Processing /home/airflow/.local/lib/python3.12/site-packages/airflow/example_dags/example_skip_dag.py took 0.058 seconds
[2026-09-15T21:32:15.439+0000] {processor.py:161} INFO - Started process (PID=5504) to work on /home/airflow/.local/lib/python3.12/site-packages/airflow/example_dags/example_skip_dag.py
[2026-09-15T21:32:15.440+0000] {processor.py:830} INFO - Processing file /home/airflow/.local/lib/python3.12/site-packages/airflow/example_dags/example_skip_dag.py for tasks to queue
[2026-09-15T21:32:15.442+0000] {logging_mixin.py:188} INFO - [2026-09-15T21:32:15.442+0000] {dagbag.py:545} INFO - Filling up the DagBag from /home/airflow/.local/lib/python3.12/site-packages/airflow/example_dags/example_skip_dag.py
[2026-09-15T21:32:15.446+0000] {processor.py:840} INFO - DAG(s) 'example_skip_dag' retrieved from /home/airflow/.local/lib/python3.12/site-packages/airflow/example_dags/example_skip_dag.py
[2026-09-15T21:32:15.465+0000] {logging_mixin.py:188} INFO - [2026-09-15T21:32:15.465+0000] {dag.py:3089} INFO - Sync 1 DAGs
[2026-09-15T21:32:15.482+0000] {logging_mixin.py:188} INFO - [2026-09-15T21:32:15.482+0000] {dag.py:3947} INFO - Setting next_dagrun for example_skip_dag to 2026-09-14 00:00:00+00:00, run_after=2026-09-15 00:00:00+00:00
[2026-09-15T21:32:15.499+0000] {processor.py:183} INFO - Processing /home/airflow/.local/lib/python3.12/site-packages/airflow/example_dags/example_skip_dag.py took 0.065 seconds
[2026-09-15T21:32:45.655+0000] {processor.py:161} INFO - Started process (PID=5766) to work on /home/airflow/.local/lib/python3.12/site-packages/airflow/example_dags/example_skip_dag.py
[2026-09-15T21:32:45.657+0000] {processor.py:830} INFO - Processing file /home/airflow/.local/lib/python3.12/site-packages/airflow/example_dags/example_skip_dag.py for tasks to queue
[2026-09-15T21:32:45.659+0000] {logging_mixin.py:188} INFO - [2026-09-15T21:32:45.659+0000] {dagbag.py:545} INFO - Filling up the DagBag from /home/airflow/.local/lib/python3.12/site-packages/airflow/example_dags/example_skip_dag.py
[2026-09-15T21:32:45.664+0000] {processor.py:840} INFO - DAG(s) 'example_skip_dag' retrieved from /home/airflow/.local/lib/python3.12/site-packages/airflow/example_dags/example_skip_dag.py
[2026-09-15T21:32:45.685+0000] {logging_mixin.py:188} INFO - [2026-09-15T21:32:45.685+0000] {dag.py:3089} INFO - Sync 1 DAGs
[2026-09-15T21:32:45.701+0000] {logging_mixin.py:188} INFO - [2026-09-15T21:32:45.701+0000] {dag.py:3947} INFO - Setting next_dagrun for example_skip_dag to 2026-09-14 00:00:00+00:00, run_after=2026-09-15 00:00:00+00:00
[2026-09-15T21:32:45.732+0000] {processor.py:183} INFO - Processing /home/airflow/.local/lib/python3.12/site-packages/airflow/example_dags/example_skip_dag.py took 0.081 seconds
[2026-09-15T21:33:15.992+0000] {processor.py:161} INFO - Started process (PID=6028) to work on /home/airflow/.local/lib/python3.12/site-packages/airflow/example_dags/example_skip_dag.py
[2026-09-15T21:33:15.993+0000] {processor.py:830} INFO - Processing file /home/airflow/.local/lib/python3.12/site-packages/airflow/example_dags/example_skip_dag.py for tasks to queue
[2026-09-15T21:33:15.995+0000] {logging_mixin.py:188} INFO - [2026-09-15T21:33:15.995+0000] {dagbag.py:545} INFO - Filling up the DagBag from /home/airflow/.local/lib/python3.12/site-packages/airflow/example_dags/example_skip_dag.py
[2026-09-15T21:33:16.000+0000] {processor.py:840} INFO - DAG(s) 'example_skip_dag' retrieved from /home/airflow/.local/lib/python3.12/site-packages/airflow/example_dags/example_skip_dag.py
[2026-09-15T21:33:16.019+0000] {logging_mixin.py:188} INFO - [2026-09-15T21:33:16.019+0000] {dag.py:3089} INFO - Sync 1 DAGs
[2026-09-15T21:33:16.036+0000] {logging_mixin.py:188} INFO - [2026-09-15T21:33:16.036+0000] {dag.py:3947} INFO - Setting next_dagrun for example_skip_dag to 2026-09-14 00:00:00+00:00, run_after=2026-09-15 00:00:00+00:00
[2026-09-15T21:33:16.054+0000] {processor.py:183} INFO - Processing /home/airflow/.local/lib/python3.12/site-packages/airflow/example_dags/example_skip_dag.py took 0.066 seconds
[2026-09-15T21:33:46.219+0000] {processor.py:161} INFO - Started process (PID=6294) to work on /home/airflow/.local/lib/python3.12/site-packages/airflow/example_dags/example_skip_dag.py
[2026-09-15T21:33:46.220+0000] {processor.py:830} INFO - Processing file /home/airflow/.local/lib/python3.12/site-packages/airflow/example_dags/example_skip_dag.py for tasks to queue
[2026-09-15T21:33:46.222+0000] {logging_mixin.py:188} INFO - [2026-09-15T21:33:46.221+0000] {dagbag.py:545} INFO - Filling up the DagBag from /home/airflow/.local/lib/python3.12/site-packages/airflow/example_dags/example_skip_dag.py
[2026-09-15T21:33:46.226+0000] {processor.py:840} INFO - DAG(s) 'example_skip_dag' retrieved from /home/airflow/.local/lib/python3.12/site-packages/airflow/example_dags/example_skip_dag.py
[2026-09-15T21:33:46.243+0000] {logging_mixin.py:188} INFO - [2026-09-15T21:33:46.243+0000] {dag.py:3089} INFO - Sync 1 DAGs
[2026-09-15T21:33:46.259+0000] {logging_mixin.py:188} INFO - [2026-09-15T21:33:46.259+0000] {dag.py:3947} INFO - Setting next_dagrun for example_skip_dag to 2026-09-14 00:00:00+00:00, run_after=2026-09-15 00:00:00+00:00
[2026-09-15T21:33:46.275+0000] {processor.py:183} INFO - Processing /home/airflow/.local/lib/python3.12/site-packages/airflow/example_dags/example_skip_dag.py took 0.060 seconds
[2026-09-15T21:34:16.468+0000] {processor.py:161} INFO - Started process (PID=6556) to work on /home/airflow/.local/lib/python3.12/site-packages/airflow/example_dags/example_skip_dag.py
[2026-09-15T21:34:16.470+0000] {processor.py:830} INFO - Processing file /home/airflow/.local/lib/python3.12/site-packages/airflow/example_dags/example_skip_dag.py for tasks to queue
[2026-09-15T21:34:16.472+0000] {logging_mixin.py:188} INFO - [2026-09-15T21:34:16.472+0000] {dagbag.py:545} INFO - Filling up the DagBag from /home/airflow/.local/lib/python3.12/site-packages/airflow/example_dags/example_skip_dag.py
[2026-09-15T21:34:16.478+0000] {processor.py:840} INFO - DAG(s) 'example_skip_dag' retrieved from /home/airflow/.local/lib/python3.12/site-packages/airflow/example_dags/example_skip_dag.py
[2026-09-15T21:34:16.495+0000] {logging_mixin.py:188} INFO - [2026-09-15T21:34:16.495+0000] {dag.py:3089} INFO - Sync 1 DAGs
[2026-09-15T21:34:16.512+0000] {logging_mixin.py:188} INFO - [2026-09-15T21:34:16.512+0000] {dag.py:3947} INFO - Setting next_dagrun for example_skip_dag to 2026-09-14 00:00:00+00:00, run_after=2026-09-15 00:00:00+00:00
[2026-09-15T21:34:16.529+0000] {processor.py:183} INFO - Processing /home/airflow/.local/lib/python3.12/site-packages/airflow/example_dags/example_skip_dag.py took 0.066 seconds
[2026-09-15T21:34:47.032+0000] {processor.py:161} INFO - Started process (PID=6818) to work on /home/airflow/.local/lib/python3.12/site-packages/airflow/example_dags/example_skip_dag.py
[2026-09-15T21:34:47.033+0000] {processor.py:830} INFO - Processing file /home/airflow/.local/lib/python3.12/site-packages/airflow/example_dags/example_skip_dag.py for tasks to queue
[2026-09-15T21:34:47.035+0000] {logging_mixin.py:188} INFO - [2026-09-15T21:34:47.035+0000] {dagbag.py:545} INFO - Filling up the DagBag from /home/airflow/.local/lib/python3.12/site-packages/airflow/example_dags/example_skip_dag.py
[2026-09-15T21:34:47.040+0000] {processor.py:840} INFO - DAG(s) 'example_skip_dag' retrieved from /home/airflow/.local/lib/python3.12/site-packages/airflow/example_dags/example_skip_dag.py
[2026-09-15T21:34:47.059+0000] {logging_mixin.py:188} INFO - [2026-09-15T21:34:47.059+0000] {dag.py:3089} INFO - Sync 1 DAGs
[2026-09-15T21:34:47.075+0000] {logging_mixin.py:188} INFO - [2026-09-15T21:34:47.075+0000] {dag.py:3947} INFO - Setting next_dagrun for example_skip_dag to 2026-09-14 00:00:00+00:00, run_after=2026-09-15 00:00:00+00:00
[2026-09-15T21:34:47.094+0000] {processor.py:183} INFO - Processing /home/airflow/.local/lib/python3.12/site-packages/airflow/example_dags/example_skip_dag.py took 0.066 seconds
[2026-09-15T21:35:17.297+0000] {processor.py:161} INFO - Started process (PID=7084) to work on /home/airflow/.local/lib/python3.12/site-packages/airflow/example_dags/example_skip_dag.py
[2026-09-15T21:35:17.298+0000] {processor.py:830} INFO - Processing file /home/airflow/.local/lib/python3.12/site-packages/airflow/example_dags/example_skip_dag.py for tasks to queue
[2026-09-15T21:35:17.300+0000] {logging_mixin.py:188} INFO - [2026-09-15T21:35:17.300+0000] {dagbag.py:545} INFO - Filling up the DagBag from /home/airflow/.local/lib/python3.12/site-packages/airflow/example_dags/example_skip_dag.py
[2026-09-15T21:35:17.304+0000] {processor.py:840} INFO - DAG(s) 'example_skip_dag' retrieved from /home/airflow/.local/lib/python3.12/site-packages/airflow/example_dags/example_skip_dag.py
[2026-09-15T21:35:17.322+0000] {logging_mixin.py:188} INFO - [2026-09-15T21:35:17.321+0000] {dag.py:3089} INFO - Sync 1 DAGs
[2026-09-15T21:35:17.339+0000] {logging_mixin.py:188} INFO - [2026-09-15T21:35:17.339+0000] {dag.py:3947} INFO - Setting next_dagrun for example_skip_dag to 2026-09-14 00:00:00+00:00, run_after=2026-09-15 00:00:00+00:00
[2026-09-15T21:35:17.354+0000] {processor.py:183} INFO - Processing /home/airflow/.local/lib/python3.12/site-packages/airflow/example_dags/example_skip_dag.py took 0.061 seconds
[2026-09-15T21:35:47.736+0000] {processor.py:161} INFO - Started process (PID=7346) to work on /home/airflow/.local/lib/python3.12/site-packages/airflow/example_dags/example_skip_dag.py
[2026-09-15T21:35:47.737+0000] {processor.py:830} INFO - Processing file /home/airflow/.local/lib/python3.12/site-packages/airflow/example_dags/example_skip_dag.py for tasks to queue
[2026-09-15T21:35:47.738+0000] {logging_mixin.py:188} INFO - [2026-09-15T21:35:47.738+0000] {dagbag.py:545} INFO - Filling up the DagBag from /home/airflow/.local/lib/python3.12/site-packages/airflow/example_dags/example_skip_dag.py
[2026-09-15T21:35:47.742+0000] {processor.py:840} INFO - DAG(s) 'example_skip_dag' retrieved from /home/airflow/.local/lib/python3.12/site-packages/airflow/example_dags/example_skip_dag.py
[2026-09-15T21:35:47.759+0000] {logging_mixin.py:188} INFO - [2026-09-15T21:35:47.758+0000] {dag.py:3089} INFO - Sync 1 DAGs
[2026-09-15T21:35:47.773+0000] {logging_mixin.py:188} INFO - [2026-09-15T21:35:47.773+0000] {dag.py:3947} INFO - Setting next_dagrun for example_skip_dag to 2026-09-14 00:00:00+00:00, run_after=2026-09-15 00:00:00+00:00
[2026-09-15T21:35:47.787+0000] {processor.py:183} INFO - Processing /home/airflow/.local/lib/python3.12/site-packages/airflow/example_dags/example_skip_dag.py took 0.056 seconds
[2026-09-15T21:36:17.902+0000] {processor.py:161} INFO - Started process (PID=7608) to work on /home/airflow/.local/lib/python3.12/site-packages/airflow/example_dags/example_skip_dag.py
[2026-09-15T21:36:17.903+0000] {processor.py:830} INFO - Processing file /home/airflow/.local/lib/python3.12/site-packages/airflow/example_dags/example_skip_dag.py for tasks to queue
[2026-09-15T21:36:17.905+0000] {logging_mixin.py:188} INFO - [2026-09-15T21:36:17.905+0000] {dagbag.py:545} INFO - Filling up the DagBag from /home/airflow/.local/lib/python3.12/site-packages/airflow/example_dags/example_skip_dag.py
[2026-09-15T21:36:17.910+0000] {processor.py:840} INFO - DAG(s) 'example_skip_dag' retrieved from /home/airflow/.local/lib/python3.12/site-packages/airflow/example_dags/example_skip_dag.py
[2026-09-15T21:36:17.927+0000] {logging_mixin.py:188} INFO - [2026-09-15T21:36:17.927+0000] {dag.py:3089} INFO - Sync 1 DAGs
[2026-09-15T21:36:17.942+0000] {logging_mixin.py:188} INFO - [2026-09-15T21:36:17.942+0000] {dag.py:3947} INFO - Setting next_dagrun for example_skip_dag to 2026-09-14 00:00:00+00:00, run_after=2026-09-15 00:00:00+00:00
[2026-09-15T21:36:17.960+0000] {processor.py:183} INFO - Processing /home/airflow/.local/lib/python3.12/site-packages/airflow/example_dags/example_skip_dag.py took 0.062 seconds
[2026-09-15T21:36:48.022+0000] {processor.py:161} INFO - Started process (PID=7870) to work on /home/airflow/.local/lib/python3.12/site-packages/airflow/example_dags/example_skip_dag.py
[2026-09-15T21:36:48.024+0000] {processor.py:830} INFO - Processing file /home/airflow/.local/lib/python3.12/site-packages/airflow/example_dags/example_skip_dag.py for tasks to queue
[2026-09-15T21:36:48.025+0000] {logging_mixin.py:188} INFO - [2026-09-15T21:36:48.025+0000] {dagbag.py:545} INFO - Filling up the DagBag from /home/airflow/.local/lib/python3.12/site-packages/airflow/example_dags/example_skip_dag.py
[2026-09-15T21:36:48.030+0000] {processor.py:840} INFO - DAG(s) 'example_skip_dag' retrieved from /home/airflow/.local/lib/python3.12/site-packages/airflow/example_dags/example_skip_dag.py
[2026-09-15T21:36:48.047+0000] {logging_mixin.py:188} INFO - [2026-09-15T21:36:48.047+0000] {dag.py:3089} INFO - Sync 1 DAGs
[2026-09-15T21:36:48.063+0000] {logging_mixin.py:188} INFO - [2026-09-15T21:36:48.063+0000] {dag.py:3947} INFO - Setting next_dagrun for example_skip_dag to 2026-09-14 00:00:00+00:00, run_after=2026-09-15 00:00:00+00:00
[2026-09-15T21:36:48.080+0000] {processor.py:183} INFO - Processing /home/airflow/.local/lib/python3.12/site-packages/airflow/example_dags/example_skip_dag.py took 0.062 seconds
[2026-09-15T21:37:18.445+0000] {processor.py:161} INFO - Started process (PID=8132) to work on /home/airflow/.local/lib/python3.12/site-packages/airflow/example_dags/example_skip_dag.py
[2026-09-15T21:37:18.446+0000] {processor.py:830} INFO - Processing file /home/airflow/.local/lib/python3.12/site-packages/airflow/example_dags/example_skip_dag.py for tasks to queue
[2026-09-15T21:37:18.447+0000] {logging_mixin.py:188} INFO - [2026-09-15T21:37:18.447+0000] {dagbag.py:545} INFO - Filling up the DagBag from /home/airflow/.local/lib/python3.12/site-packages/airflow/example_dags/example_skip_dag.py
[2026-09-15T21:37:18.452+0000] {processor.py:840} INFO - DAG(s) 'example_skip_dag' retrieved from /home/airflow/.local/lib/python3.12/site-packages/airflow/example_dags/example_skip_dag.py
[2026-09-15T21:37:18.469+0000] {logging_mixin.py:188} INFO - [2026-09-15T21:37:18.469+0000] {dag.py:3089} INFO - Sync 1 DAGs
[2026-09-15T21:37:18.485+0000] {logging_mixin.py:188} INFO - [2026-09-15T21:37:18.484+0000] {dag.py:3947} INFO - Setting next_dagrun for example_skip_dag to 2026-09-14 00:00:00+00:00, run_after=2026-09-15 00:00:00+00:00
[2026-09-15T21:37:18.500+0000] {processor.py:183} INFO - Processing /home/airflow/.local/lib/python3.12/site-packages/airflow/example_dags/example_skip_dag.py took 0.058 seconds
[2026-09-15T21:37:48.708+0000] {processor.py:161} INFO - Started process (PID=8394) to work on /home/airflow/.local/lib/python3.12/site-packages/airflow/example_dags/example_skip_dag.py
[2026-09-15T21:37:48.709+0000] {processor.py:830} INFO - Processing file /home/airflow/.local/lib/python3.12/site-packages/airflow/example_dags/example_skip_dag.py for tasks to queue
[2026-09-15T21:37:48.711+0000] {logging_mixin.py:188} INFO - [2026-09-15T21:37:48.711+0000] {dagbag.py:545} INFO - Filling up the DagBag from /home/airflow/.local/lib/python3.12/site-packages/airflow/example_dags/example_skip_dag.py
[2026-09-15T21:37:48.715+0000] {processor.py:840} INFO - DAG(s) 'example_skip_dag' retrieved from /home/airflow/.local/lib/python3.12/site-packages/airflow/example_dags/example_skip_dag.py
[2026-09-15T21:37:48.731+0000] {logging_mixin.py:188} INFO - [2026-09-15T21:37:48.731+0000] {dag.py:3089} INFO - Sync 1 DAGs
[2026-09-15T21:37:48.748+0000] {logging_mixin.py:188} INFO - [2026-09-15T21:37:48.748+0000] {dag.py:3947} INFO - Setting next_dagrun for example_skip_dag to 2026-09-14 00:00:00+00:00, run_after=2026-09-15 00:00:00+00:00
[2026-09-15T21:37:48.763+0000] {processor.py:183} INFO - Processing /home/airflow/.local/lib/python3.12/site-packages/airflow/example_dags/example_skip_dag.py took 0.058 seconds
[2026-09-15T21:38:19.023+0000] {processor.py:161} INFO - Started process (PID=8656) to work on /home/airflow/.local/lib/python3.12/site-packages/airflow/example_dags/example_skip_dag.py
[2026-09-15T21:38:19.025+0000] {processor.py:830} INFO - Processing file /home/airflow/.local/lib/python3.12/site-packages/airflow/example_dags/example_skip_dag.py for tasks to queue
[2026-09-15T21:38:19.026+0000] {logging_mixin.py:188} INFO - [2026-09-15T21:38:19.026+0000] {dagbag.py:545} INFO - Filling up the DagBag from /home/airflow/.local/lib/python3.12/site-packages/airflow/example_dags/example_skip_dag.py
[2026-09-15T21:38:19.034+0000] {processor.py:840} INFO - DAG(s) 'example_skip_dag' retrieved from /home/airflow/.local/lib/python3.12/site-packages/airflow/example_dags/example_skip_dag.py
[2026-09-15T21:38:19.050+0000] {logging_mixin.py:188} INFO - [2026-09-15T21:38:19.050+0000] {dag.py:3089} INFO - Sync 1 DAGs
[2026-09-15T21:38:19.066+0000] {logging_mixin.py:188} INFO - [2026-09-15T21:38:19.066+0000] {dag.py:3947} INFO - Setting next_dagrun for example_skip_dag to 2026-09-14 00:00:00+00:00, run_after=2026-09-15 00:00:00+00:00
[2026-09-15T21:38:19.080+0000] {processor.py:183} INFO - Processing /home/airflow/.local/lib/python3.12/site-packages/airflow/example_dags/example_skip_dag.py took 0.062 seconds
[2026-09-15T21:38:49.195+0000] {processor.py:161} INFO - Started process (PID=8947) to work on /home/airflow/.local/lib/python3.12/site-packages/airflow/example_dags/example_skip_dag.py
[2026-09-15T21:38:49.196+0000] {processor.py:830} INFO - Processing file /home/airflow/.local/lib/python3.12/site-packages/airflow/example_dags/example_skip_dag.py for tasks to queue
[2026-09-15T21:38:49.198+0000] {logging_mixin.py:188} INFO - [2026-09-15T21:38:49.198+0000] {dagbag.py:545} INFO - Filling up the DagBag from /home/airflow/.local/lib/python3.12/site-packages/airflow/example_dags/example_skip_dag.py
[2026-09-15T21:38:49.202+0000] {processor.py:840} INFO - DAG(s) 'example_skip_dag' retrieved from /home/airflow/.local/lib/python3.12/site-packages/airflow/example_dags/example_skip_dag.py
[2026-09-15T21:38:49.219+0000] {logging_mixin.py:188} INFO - [2026-09-15T21:38:49.219+0000] {dag.py:3089} INFO - Sync 1 DAGs
[2026-09-15T21:38:49.234+0000] {logging_mixin.py:188} INFO - [2026-09-15T21:38:49.234+0000] {dag.py:3947} INFO - Setting next_dagrun for example_skip_dag to 2026-09-14 00:00:00+00:00, run_after=2026-09-15 00:00:00+00:00
[2026-09-15T21:38:49.250+0000] {processor.py:183} INFO - Processing /home/airflow/.local/lib/python3.12/site-packages/airflow/example_dags/example_skip_dag.py took 0.059 seconds
[2026-09-15T21:39:19.620+0000] {processor.py:161} INFO - Started process (PID=9209) to work on /home/airflow/.local/lib/python3.12/site-packages/airflow/example_dags/example_skip_dag.py
[2026-09-15T21:39:19.621+0000] {processor.py:830} INFO - Processing file /home/airflow/.local/lib/python3.12/site-packages/airflow/example_dags/example_skip_dag.py for tasks to queue
[2026-09-15T21:39:19.623+0000] {logging_mixin.py:188} INFO - [2026-09-15T21:39:19.623+0000] {dagbag.py:545} INFO - Filling up the DagBag from /home/airflow/.local/lib/python3.12/site-packages/airflow/example_dags/example_skip_dag.py
[2026-09-15T21:39:19.629+0000] {processor.py:840} INFO - DAG(s) 'example_skip_dag' retrieved from /home/airflow/.local/lib/python3.12/site-packages/airflow/example_dags/example_skip_dag.py
[2026-09-15T21:39:19.649+0000] {logging_mixin.py:188} INFO - [2026-09-15T21:39:19.649+0000] {dag.py:3089} INFO - Sync 1 DAGs
[2026-09-15T21:39:19.668+0000] {logging_mixin.py:188} INFO - [2026-09-15T21:39:19.668+0000] {dag.py:3947} INFO - Setting next_dagrun for example_skip_dag to 2026-09-14 00:00:00+00:00, run_after=2026-09-15 00:00:00+00:00
[2026-09-15T21:39:19.684+0000] {processor.py:183} INFO - Processing /home/airflow/.local/lib/python3.12/site-packages/airflow/example_dags/example_skip_dag.py took 0.069 seconds
[2026-09-15T21:39:49.837+0000] {processor.py:161} INFO - Started process (PID=9471) to work on /home/airflow/.local/lib/python3.12/site-packages/airflow/example_dags/example_skip_dag.py
[2026-09-15T21:39:49.838+0000] {processor.py:830} INFO - Processing file /home/airflow/.local/lib/python3.12/site-packages/airflow/example_dags/example_skip_dag.py for tasks to queue
[2026-09-15T21:39:49.840+0000] {logging_mixin.py:188} INFO - [2026-09-15T21:39:49.840+0000] {dagbag.py:545} INFO - Filling up the DagBag from /home/airflow/.local/lib/python3.12/site-packages/airflow/example_dags/example_skip_dag.py
[2026-09-15T21:39:49.844+0000] {processor.py:840} INFO - DAG(s) 'example_skip_dag' retrieved from /home/airflow/.local/lib/python3.12/site-packages/airflow/example_dags/example_skip_dag.py
[2026-09-15T21:39:49.863+0000] {logging_mixin.py:188} INFO - [2026-09-15T21:39:49.863+0000] {dag.py:3089} INFO - Sync 1 DAGs
[2026-09-15T21:39:49.879+0000] {logging_mixin.py:188} INFO - [2026-09-15T21:39:49.879+0000] {dag.py:3947} INFO - Setting next_dagrun for example_skip_dag to 2026-09-14 00:00:00+00:00, run_after=2026-09-15 00:00:00+00:00
[2026-09-15T21:39:49.894+0000] {processor.py:183} INFO - Processing /home/airflow/.local/lib/python3.12/site-packages/airflow/example_dags/example_skip_dag.py took 0.060 seconds
[2026-09-15T21:40:20.014+0000] {processor.py:161} INFO - Started process (PID=9733) to work on /home/airflow/.local/lib/python3.12/site-packages/airflow/example_dags/example_skip_dag.py
[2026-09-15T21:40:20.015+0000] {processor.py:830} INFO - Processing file /home/airflow/.local/lib/python3.12/site-packages/airflow/example_dags/example_skip_dag.py for tasks to queue
[2026-09-15T21:40:20.017+0000] {logging_mixin.py:188} INFO - [2026-09-15T21:40:20.016+0000] {dagbag.py:545} INFO - Filling up the DagBag from /home/airflow/.local/lib/python3.12/site-packages/airflow/example_dags/example_skip_dag.py
[2026-09-15T21:40:20.021+0000] {processor.py:840} INFO - DAG(s) 'example_skip_dag' retrieved from /home/airflow/.local/lib/python3.12/site-packages/airflow/example_dags/example_skip_dag.py
[2026-09-15T21:40:20.039+0000] {logging_mixin.py:188} INFO - [2026-09-15T21:40:20.039+0000] {dag.py:3089} INFO - Sync 1 DAGs
[2026-09-15T21:40:20.054+0000] {logging_mixin.py:188} INFO - [2026-09-15T21:40:20.054+0000] {dag.py:3947} INFO - Setting next_dagrun for example_skip_dag to 2026-09-14 00:00:00+00:00, run_after=2026-09-15 00:00:00+00:00
[2026-09-15T21:40:20.068+0000] {processor.py:183} INFO - Processing /home/airflow/.local/lib/python3.12/site-packages/airflow/example_dags/example_skip_dag.py took 0.059 seconds
[2026-09-15T21:40:50.492+0000] {processor.py:161} INFO - Started process (PID=9995) to work on /home/airflow/.local/lib/python3.12/site-packages/airflow/example_dags/example_skip_dag.py
[2026-09-15T21:40:50.493+0000] {processor.py:830} INFO - Processing file /home/airflow/.local/lib/python3.12/site-packages/airflow/example_dags/example_skip_dag.py for tasks to queue
[2026-09-15T21:40:50.495+0000] {logging_mixin.py:188} INFO - [2026-09-15T21:40:50.495+0000] {dagbag.py:545} INFO - Filling up the DagBag from /home/airflow/.local/lib/python3.12/site-packages/airflow/example_dags/example_skip_dag.py
[2026-09-15T21:40:50.501+0000] {processor.py:840} INFO - DAG(s) 'example_skip_dag' retrieved from /home/airflow/.local/lib/python3.12/site-packages/airflow/example_dags/example_skip_dag.py
[2026-09-15T21:40:50.525+0000] {logging_mixin.py:188} INFO - [2026-09-15T21:40:50.524+0000] {dag.py:3089} INFO - Sync 1 DAGs
[2026-09-15T21:40:50.733+0000] {logging_mixin.py:188} INFO - [2026-09-15T21:40:50.733+0000] {dag.py:3947} INFO - Setting next_dagrun for example_skip_dag to 2026-09-14 00:00:00+00:00, run_after=2026-09-15 00:00:00+00:00
[2026-09-15T21:40:50.750+0000] {processor.py:183} INFO - Processing /home/airflow/.local/lib/python3.12/site-packages/airflow/example_dags/example_skip_dag.py took 0.263 seconds
[2026-09-15T21:41:21.046+0000] {processor.py:161} INFO - Started process (PID=10257) to work on /home/airflow/.local/lib/python3.12/site-packages/airflow/example_dags/example_skip_dag.py
[2026-09-15T21:41:21.047+0000] {processor.py:830} INFO - Processing file /home/airflow/.local/lib/python3.12/site-packages/airflow/example_dags/example_skip_dag.py for tasks to queue
[2026-09-15T21:41:21.049+0000] {logging_mixin.py:188} INFO - [2026-09-15T21:41:21.049+0000] {dagbag.py:545} INFO - Filling up the DagBag from /home/airflow/.local/lib/python3.12/site-packages/airflow/example_dags/example_skip_dag.py
[2026-09-15T21:41:21.054+0000] {processor.py:840} INFO - DAG(s) 'example_skip_dag' retrieved from /home/airflow/.local/lib/python3.12/site-packages/airflow/example_dags/example_skip_dag.py
[2026-09-15T21:41:21.073+0000] {logging_mixin.py:188} INFO - [2026-09-15T21:41:21.073+0000] {dag.py:3089} INFO - Sync 1 DAGs
[2026-09-15T21:41:21.090+0000] {logging_mixin.py:188} INFO - [2026-09-15T21:41:21.090+0000] {dag.py:3947} INFO - Setting next_dagrun for example_skip_dag to 2026-09-14 00:00:00+00:00, run_after=2026-09-15 00:00:00+00:00
[2026-09-15T21:41:21.262+0000] {processor.py:183} INFO - Processing /home/airflow/.local/lib/python3.12/site-packages/airflow/example_dags/example_skip_dag.py took 0.220 seconds
[2026-09-15T21:41:51.816+0000] {processor.py:161} INFO - Started process (PID=10519) to work on /home/airflow/.local/lib/python3.12/site-packages/airflow/example_dags/example_skip_dag.py
[2026-09-15T21:41:51.817+0000] {processor.py:830} INFO - Processing file /home/airflow/.local/lib/python3.12/site-packages/airflow/example_dags/example_skip_dag.py for tasks to queue
[2026-09-15T21:41:51.819+0000] {logging_mixin.py:188} INFO - [2026-09-15T21:41:51.818+0000] {dagbag.py:545} INFO - Filling up the DagBag from /home/airflow/.local/lib/python3.12/site-packages/airflow/example_dags/example_skip_dag.py
[2026-09-15T21:41:51.824+0000] {processor.py:840} INFO - DAG(s) 'example_skip_dag' retrieved from /home/airflow/.local/lib/python3.12/site-packages/airflow/example_dags/example_skip_dag.py
[2026-09-15T21:41:51.842+0000] {logging_mixin.py:188} INFO - [2026-09-15T21:41:51.841+0000] {dag.py:3089} INFO - Sync 1 DAGs
[2026-09-15T21:41:51.858+0000] {logging_mixin.py:188} INFO - [2026-09-15T21:41:51.857+0000] {dag.py:3947} INFO - Setting next_dagrun for example_skip_dag to 2026-09-14 00:00:00+00:00, run_after=2026-09-15 00:00:00+00:00
[2026-09-15T21:41:52.026+0000] {processor.py:183} INFO - Processing /home/airflow/.local/lib/python3.12/site-packages/airflow/example_dags/example_skip_dag.py took 0.215 seconds
[2026-09-15T21:42:22.704+0000] {processor.py:161} INFO - Started process (PID=10783) to work on /home/airflow/.local/lib/python3.12/site-packages/airflow/example_dags/example_skip_dag.py
[2026-09-15T21:42:22.706+0000] {processor.py:830} INFO - Processing file /home/airflow/.local/lib/python3.12/site-packages/airflow/example_dags/example_skip_dag.py for tasks to queue
[2026-09-15T21:42:22.708+0000] {logging_mixin.py:188} INFO - [2026-09-15T21:42:22.708+0000] {dagbag.py:545} INFO - Filling up the DagBag from /home/airflow/.local/lib/python3.12/site-packages/airflow/example_dags/example_skip_dag.py
[2026-09-15T21:42:22.713+0000] {processor.py:840} INFO - DAG(s) 'example_skip_dag' retrieved from /home/airflow/.local/lib/python3.12/site-packages/airflow/example_dags/example_skip_dag.py
[2026-09-15T21:42:22.729+0000] {logging_mixin.py:188} INFO - [2026-09-15T21:42:22.729+0000] {dag.py:3089} INFO - Sync 1 DAGs
[2026-09-15T21:42:22.745+0000] {logging_mixin.py:188} INFO - [2026-09-15T21:42:22.745+0000] {dag.py:3947} INFO - Setting next_dagrun for example_skip_dag to 2026-09-14 00:00:00+00:00, run_after=2026-09-15 00:00:00+00:00
[2026-09-15T21:42:22.761+0000] {processor.py:183} INFO - Processing /home/airflow/.local/lib/python3.12/site-packages/airflow/example_dags/example_skip_dag.py took 0.061 seconds
[2026-09-15T21:42:53.635+0000] {processor.py:161} INFO - Started process (PID=11045) to work on /home/airflow/.local/lib/python3.12/site-packages/airflow/example_dags/example_skip_dag.py
[2026-09-15T21:42:53.637+0000] {processor.py:830} INFO - Processing file /home/airflow/.local/lib/python3.12/site-packages/airflow/example_dags/example_skip_dag.py for tasks to queue
[2026-09-15T21:42:53.638+0000] {logging_mixin.py:188} INFO - [2026-09-15T21:42:53.638+0000] {dagbag.py:545} INFO - Filling up the DagBag from /home/airflow/.local/lib/python3.12/site-packages/airflow/example_dags/example_skip_dag.py
[2026-09-15T21:42:53.643+0000] {processor.py:840} INFO - DAG(s) 'example_skip_dag' retrieved from /home/airflow/.local/lib/python3.12/site-packages/airflow/example_dags/example_skip_dag.py
[2026-09-15T21:42:53.661+0000] {logging_mixin.py:188} INFO - [2026-09-15T21:42:53.660+0000] {dag.py:3089} INFO - Sync 1 DAGs
[2026-09-15T21:42:53.676+0000] {logging_mixin.py:188} INFO - [2026-09-15T21:42:53.676+0000] {dag.py:3947} INFO - Setting next_dagrun for example_skip_dag to 2026-09-14 00:00:00+00:00, run_after=2026-09-15 00:00:00+00:00
[2026-09-15T21:42:53.693+0000] {processor.py:183} INFO - Processing /home/airflow/.local/lib/python3.12/site-packages/airflow/example_dags/example_skip_dag.py took 0.062 seconds
[2026-09-15T21:43:24.501+0000] {processor.py:161} INFO - Started process (PID=11305) to work on /home/airflow/.local/lib/python3.12/site-packages/airflow/example_dags/example_skip_dag.py
[2026-09-15T21:43:24.504+0000] {processor.py:830} INFO - Processing file /home/airflow/.local/lib/python3.12/site-packages/airflow/example_dags/example_skip_dag.py for tasks to queue
[2026-09-15T21:43:24.508+0000] {logging_mixin.py:188} INFO - [2026-09-15T21:43:24.508+0000] {dagbag.py:545} INFO - Filling up the DagBag from /home/airflow/.local/lib/python3.12/site-packages/airflow/example_dags/example_skip_dag.py
[2026-09-15T21:43:24.519+0000] {processor.py:840} INFO - DAG(s) 'example_skip_dag' retrieved from /home/airflow/.local/lib/python3.12/site-packages/airflow/example_dags/example_skip_dag.py
[2026-09-15T21:43:24.547+0000] {logging_mixin.py:188} INFO - [2026-09-15T21:43:24.546+0000] {dag.py:3089} INFO - Sync 1 DAGs
[2026-09-15T21:43:24.569+0000] {logging_mixin.py:188} INFO - [2026-09-15T21:43:24.568+0000] {dag.py:3947} INFO - Setting next_dagrun for example_skip_dag to 2026-09-14 00:00:00+00:00, run_after=2026-09-15 00:00:00+00:00
[2026-09-15T21:43:24.594+0000] {processor.py:183} INFO - Processing /home/airflow/.local/lib/python3.12/site-packages/airflow/example_dags/example_skip_dag.py took 0.103 seconds
[2026-09-15T21:43:54.748+0000] {processor.py:161} INFO - Started process (PID=11569) to work on /home/airflow/.local/lib/python3.12/site-packages/airflow/example_dags/example_skip_dag.py
[2026-09-15T21:43:54.749+0000] {processor.py:830} INFO - Processing file /home/airflow/.local/lib/python3.12/site-packages/airflow/example_dags/example_skip_dag.py for tasks to queue
[2026-09-15T21:43:54.751+0000] {logging_mixin.py:188} INFO - [2026-09-15T21:43:54.751+0000] {dagbag.py:545} INFO - Filling up the DagBag from /home/airflow/.local/lib/python3.12/site-packages/airflow/example_dags/example_skip_dag.py
[2026-09-15T21:43:54.756+0000] {processor.py:840} INFO - DAG(s) 'example_skip_dag' retrieved from /home/airflow/.local/lib/python3.12/site-packages/airflow/example_dags/example_skip_dag.py
[2026-09-15T21:43:54.775+0000] {logging_mixin.py:188} INFO - [2026-09-15T21:43:54.775+0000] {dag.py:3089} INFO - Sync 1 DAGs
[2026-09-15T21:43:54.792+0000] {logging_mixin.py:188} INFO - [2026-09-15T21:43:54.792+0000] {dag.py:3947} INFO - Setting next_dagrun for example_skip_dag to 2026-09-14 00:00:00+00:00, run_after=2026-09-15 00:00:00+00:00
[2026-09-15T21:43:54.807+0000] {processor.py:183} INFO - Processing /home/airflow/.local/lib/python3.12/site-packages/airflow/example_dags/example_skip_dag.py took 0.064 seconds
[2026-09-15T21:44:24.906+0000] {processor.py:161} INFO - Started process (PID=11831) to work on /home/airflow/.local/lib/python3.12/site-packages/airflow/example_dags/example_skip_dag.py
[2026-09-15T21:44:24.908+0000] {processor.py:830} INFO - Processing file /home/airflow/.local/lib/python3.12/site-packages/airflow/example_dags/example_skip_dag.py for tasks to queue
[2026-09-15T21:44:24.910+0000] {logging_mixin.py:188} INFO - [2026-09-15T21:44:24.909+0000] {dagbag.py:545} INFO - Filling up the DagBag from /home/airflow/.local/lib/python3.12/site-packages/airflow/example_dags/example_skip_dag.py
[2026-09-15T21:44:24.915+0000] {processor.py:840} INFO - DAG(s) 'example_skip_dag' retrieved from /home/airflow/.local/lib/python3.12/site-packages/airflow/example_dags/example_skip_dag.py
[2026-09-15T21:44:24.934+0000] {logging_mixin.py:188} INFO - [2026-09-15T21:44:24.934+0000] {dag.py:3089} INFO - Sync 1 DAGs
[2026-09-15T21:44:24.951+0000] {logging_mixin.py:188} INFO - [2026-09-15T21:44:24.950+0000] {dag.py:3947} INFO - Setting next_dagrun for example_skip_dag to 2026-09-14 00:00:00+00:00, run_after=2026-09-15 00:00:00+00:00
[2026-09-15T21:44:24.965+0000] {processor.py:183} INFO - Processing /home/airflow/.local/lib/python3.12/site-packages/airflow/example_dags/example_skip_dag.py took 0.063 seconds
[2026-09-15T21:44:55.012+0000] {processor.py:161} INFO - Started process (PID=12101) to work on /home/airflow/.local/lib/python3.12/site-packages/airflow/example_dags/example_skip_dag.py
[2026-09-15T21:44:55.014+0000] {processor.py:830} INFO - Processing file /home/airflow/.local/lib/python3.12/site-packages/airflow/example_dags/example_skip_dag.py for tasks to queue
[2026-09-15T21:44:55.016+0000] {logging_mixin.py:188} INFO - [2026-09-15T21:44:55.016+0000] {dagbag.py:545} INFO - Filling up the DagBag from /home/airflow/.local/lib/python3.12/site-packages/airflow/example_dags/example_skip_dag.py
[2026-09-15T21:44:55.021+0000] {processor.py:840} INFO - DAG(s) 'example_skip_dag' retrieved from /home/airflow/.local/lib/python3.12/site-packages/airflow/example_dags/example_skip_dag.py
[2026-09-15T21:44:55.040+0000] {logging_mixin.py:188} INFO - [2026-09-15T21:44:55.039+0000] {dag.py:3089} INFO - Sync 1 DAGs
[2026-09-15T21:44:55.057+0000] {logging_mixin.py:188} INFO - [2026-09-15T21:44:55.056+0000] {dag.py:3947} INFO - Setting next_dagrun for example_skip_dag to 2026-09-14 00:00:00+00:00, run_after=2026-09-15 00:00:00+00:00
[2026-09-15T21:44:55.071+0000] {processor.py:183} INFO - Processing /home/airflow/.local/lib/python3.12/site-packages/airflow/example_dags/example_skip_dag.py took 0.063 seconds
