[2026-09-15T21:01:00.069+0000] {processor.py:161} INFO - Started process (PID=83) to work on /home/airflow/.local/lib/python3.12/site-packages/airflow/example_dags/example_bash_decorator.py
[2026-09-15T21:01:00.071+0000] {processor.py:830} INFO - Processing file /home/airflow/.local/lib/python3.12/site-packages/airflow/example_dags/example_bash_decorator.py for tasks to queue
[2026-09-15T21:01:00.074+0000] {logging_mixin.py:188} INFO - [2026-09-15T21:01:00.074+0000] {dagbag.py:545} INFO - Filling up the DagBag from /home/airflow/.local/lib/python3.12/site-packages/airflow/example_dags/example_bash_decorator.py
[2026-09-15T21:01:00.092+0000] {processor.py:840} INFO - DAG(s) 'example_bash_decorator' retrieved from /home/airflow/.local/lib/python3.12/site-packages/airflow/example_dags/example_bash_decorator.py
[2026-09-15T21:01:00.106+0000] {logging_mixin.py:188} INFO - [2026-09-15T21:01:00.105+0000] {dag.py:3089} INFO - Sync 1 DAGs
[2026-09-15T21:01:00.118+0000] {logging_mixin.py:188} INFO - [2026-09-15T21:01:00.118+0000] {dag.py:3947} INFO - Setting next_dagrun for example_bash_decorator to None, run_after=None
[2026-09-15T21:01:00.139+0000] {processor.py:183} INFO - Processing /home/airflow/.local/lib/python3.12/site-packages/airflow/example_dags/example_bash_decorator.py took 0.076 seconds
[2026-09-15T21:01:31.724+0000] {processor.py:161} INFO - Started process (PID=141) to work on /home/airflow/.local/lib/python3.12/site-packages/airflow/example_dags/example_bash_decorator.py
[2026-09-15T21:01:31.725+0000] {processor.py:830} INFO - Processing file /home/airflow/.local/lib/python3.12/site-packages/airflow/example_dags/example_bash_decorator.py for tasks to queue
[2026-09-15T21:01:31.727+0000] {logging_mixin.py:188} INFO - [2026-09-15T21:01:31.727+0000] {dagbag.py:545} INFO - Filling up the DagBag from /home/airflow/.local/lib/python3.12/site-packages/airflow/example_dags/example_bash_decorator.py
[2026-09-15T21:01:31.736+0000] {processor.py:840} INFO - DAG(s) 'example_bash_decorator' retrieved from /home/airflow/.local/lib/python3.12/site-packages/airflow/example_dags/example_bash_decorator.py
[2026-09-15T21:01:31.812+0000] {logging_mixin.py:188} INFO - [2026-09-15T21:01:31.812+0000] {dag.py:3089} INFO - Sync 1 DAGs
[2026-09-15T21:01:31.822+0000] {logging_mixin.py:188} INFO - [2026-09-15T21:01:31.821+0000] {dag.py:3947} INFO - Setting next_dagrun for example_bash_decorator to None, run_after=None
[2026-09-15T21:01:31.836+0000] {processor.py:183} INFO - Processing /home/airflow/.local/lib/python3.12/site-packages/airflow/example_dags/example_bash_decorator.py took 0.116 seconds
[2026-09-15T21:02:02.031+0000] {processor.py:161} INFO - Started process (PID=199) to work on /home/airflow/.local/lib/python3.12/site-packages/airflow/example_dags/example_bash_decorator.py
[2026-09-15T21:02:02.033+0000] {processor.py:830} INFO - Processing file /home/airflow/.local/lib/python3.12/site-packages/airflow/example_dags/example_bash_decorator.py for tasks to queue
[2026-09-15T21:02:02.034+0000] {logging_mixin.py:188} INFO - [2026-09-15T21:02:02.034+0000] {dagbag.py:545} INFO - Filling up the DagBag from /home/airflow/.local/lib/python3.12/site-packages/airflow/example_dags/example_bash_decorator.py
[2026-09-15T21:02:02.044+0000] {processor.py:840} INFO - DAG(s) 'example_bash_decorator' retrieved from /home/airflow/.local/lib/python3.12/site-packages/airflow/example_dags/example_bash_decorator.py
[2026-09-15T21:02:02.071+0000] {logging_mixin.py:188} INFO - [2026-09-15T21:02:02.070+0000] {dag.py:3089} INFO - Sync 1 DAGs
[2026-09-15T21:02:02.087+0000] {logging_mixin.py:188} INFO - [2026-09-15T21:02:02.087+0000] {dag.py:3947} INFO - Setting next_dagrun for example_bash_decorator to None, run_after=None
[2026-09-15T21:02:02.110+0000] {processor.py:183} INFO - Processing /home/airflow/.local/lib/python3.12/site-packages/airflow/example_dags/example_bash_decorator.py took 0.083 seconds
[2026-09-15T21:02:33.089+0000] {processor.py:161} INFO - Started process (PID=264) to work on /home/airflow/.local/lib/python3.12/site-packages/airflow/example_dags/example_bash_decorator.py
[2026-09-15T21:02:33.090+0000] {processor.py:830} INFO - Processing file /home/airflow/.local/lib/python3.12/site-packages/airflow/example_dags/example_bash_decorator.py for tasks to queue
[2026-09-15T21:02:33.092+0000] {logging_mixin.py:188} INFO - [2026-09-15T21:02:33.091+0000] {dagbag.py:545} INFO - Filling up the DagBag from /home/airflow/.local/lib/python3.12/site-packages/airflow/example_dags/example_bash_decorator.py
[2026-09-15T21:02:33.100+0000] {processor.py:840} INFO - DAG(s) 'example_bash_decorator' retrieved from /home/airflow/.local/lib/python3.12/site-packages/airflow/example_dags/example_bash_decorator.py
[2026-09-15T21:02:33.118+0000] {logging_mixin.py:188} INFO - [2026-09-15T21:02:33.117+0000] {dag.py:3089} INFO - Sync 1 DAGs
[2026-09-15T21:02:33.128+0000] {logging_mixin.py:188} INFO - [2026-09-15T21:02:33.128+0000] {dag.py:3947} INFO - Setting next_dagrun for example_bash_decorator to None, run_after=None
[2026-09-15T21:02:33.142+0000] {processor.py:183} INFO - Processing /home/airflow/.local/lib/python3.12/site-packages/airflow/example_dags/example_bash_decorator.py took 0.057 seconds
[2026-09-15T21:03:03.363+0000] {processor.py:161} INFO - Started process (PID=322) to work on /home/airflow/.local/lib/python3.12/site-packages/airflow/example_dags/example_bash_decorator.py
[2026-09-15T21:03:03.364+0000] {processor.py:830} INFO - Processing file /home/airflow/.local/lib/python3.12/site-packages/airflow/example_dags/example_bash_decorator.py for tasks to queue
[2026-09-15T21:03:03.366+0000] {logging_mixin.py:188} INFO - [2026-09-15T21:03:03.366+0000] {dagbag.py:545} INFO - Filling up the DagBag from /home/airflow/.local/lib/python3.12/site-packages/airflow/example_dags/example_bash_decorator.py
[2026-09-15T21:03:03.375+0000] {processor.py:840} INFO - DAG(s) 'example_bash_decorator' retrieved from /home/airflow/.local/lib/python3.12/site-packages/airflow/example_dags/example_bash_decorator.py
[2026-09-15T21:03:03.393+0000] {logging_mixin.py:188} INFO - [2026-09-15T21:03:03.393+0000] {dag.py:3089} INFO - Sync 1 DAGs
[2026-09-15T21:03:03.403+0000] {logging_mixin.py:188} INFO - [2026-09-15T21:03:03.403+0000] {dag.py:3947} INFO - Setting next_dagrun for example_bash_decorator to None, run_after=None
[2026-09-15T21:03:03.419+0000] {processor.py:183} INFO - Processing /home/airflow/.local/lib/python3.12/site-packages/airflow/example_dags/example_bash_decorator.py took 0.060 seconds
[2026-09-15T21:03:33.572+0000] {processor.py:161} INFO - Started process (PID=380) to work on /home/airflow/.local/lib/python3.12/site-packages/airflow/example_dags/example_bash_decorator.py
[2026-09-15T21:03:33.573+0000] {processor.py:830} INFO - Processing file /home/airflow/.local/lib/python3.12/site-packages/airflow/example_dags/example_bash_decorator.py for tasks to queue
[2026-09-15T21:03:33.575+0000] {logging_mixin.py:188} INFO - [2026-09-15T21:03:33.574+0000] {dagbag.py:545} INFO - Filling up the DagBag from /home/airflow/.local/lib/python3.12/site-packages/airflow/example_dags/example_bash_decorator.py
[2026-09-15T21:03:33.583+0000] {processor.py:840} INFO - DAG(s) 'example_bash_decorator' retrieved from /home/airflow/.local/lib/python3.12/site-packages/airflow/example_dags/example_bash_decorator.py
[2026-09-15T21:03:33.601+0000] {logging_mixin.py:188} INFO - [2026-09-15T21:03:33.601+0000] {dag.py:3089} INFO - Sync 1 DAGs
[2026-09-15T21:03:33.610+0000] {logging_mixin.py:188} INFO - [2026-09-15T21:03:33.609+0000] {dag.py:3947} INFO - Setting next_dagrun for example_bash_decorator to None, run_after=None
[2026-09-15T21:03:33.623+0000] {processor.py:183} INFO - Processing /home/airflow/.local/lib/python3.12/site-packages/airflow/example_dags/example_bash_decorator.py took 0.055 seconds
[2026-09-15T21:04:03.710+0000] {processor.py:161} INFO - Started process (PID=438) to work on /home/airflow/.local/lib/python3.12/site-packages/airflow/example_dags/example_bash_decorator.py
[2026-09-15T21:04:03.711+0000] {processor.py:830} INFO - Processing file /home/airflow/.local/lib/python3.12/site-packages/airflow/example_dags/example_bash_decorator.py for tasks to queue
[2026-09-15T21:04:03.713+0000] {logging_mixin.py:188} INFO - [2026-09-15T21:04:03.713+0000] {dagbag.py:545} INFO - Filling up the DagBag from /home/airflow/.local/lib/python3.12/site-packages/airflow/example_dags/example_bash_decorator.py
[2026-09-15T21:04:03.722+0000] {processor.py:840} INFO - DAG(s) 'example_bash_decorator' retrieved from /home/airflow/.local/lib/python3.12/site-packages/airflow/example_dags/example_bash_decorator.py
[2026-09-15T21:04:03.738+0000] {logging_mixin.py:188} INFO - [2026-09-15T21:04:03.738+0000] {dag.py:3089} INFO - Sync 1 DAGs
[2026-09-15T21:04:03.747+0000] {logging_mixin.py:188} INFO - [2026-09-15T21:04:03.747+0000] {dag.py:3947} INFO - Setting next_dagrun for example_bash_decorator to None, run_after=None
[2026-09-15T21:04:03.762+0000] {processor.py:183} INFO - Processing /home/airflow/.local/lib/python3.12/site-packages/airflow/example_dags/example_bash_decorator.py took 0.056 seconds
[2026-09-15T21:04:33.905+0000] {processor.py:161} INFO - Started process (PID=496) to work on /home/airflow/.local/lib/python3.12/site-packages/airflow/example_dags/example_bash_decorator.py
[2026-09-15T21:04:33.906+0000] {processor.py:830} INFO - Processing file /home/airflow/.local/lib/python3.12/site-packages/airflow/example_dags/example_bash_decorator.py for tasks to queue
[2026-09-15T21:04:33.907+0000] {logging_mixin.py:188} INFO - [2026-09-15T21:04:33.907+0000] {dagbag.py:545} INFO - Filling up the DagBag from /home/airflow/.local/lib/python3.12/site-packages/airflow/example_dags/example_bash_decorator.py
[2026-09-15T21:04:33.916+0000] {processor.py:840} INFO - DAG(s) 'example_bash_decorator' retrieved from /home/airflow/.local/lib/python3.12/site-packages/airflow/example_dags/example_bash_decorator.py
[2026-09-15T21:04:33.935+0000] {logging_mixin.py:188} INFO - [2026-09-15T21:04:33.935+0000] {dag.py:3089} INFO - Sync 1 DAGs
[2026-09-15T21:04:33.945+0000] {logging_mixin.py:188} INFO - [2026-09-15T21:04:33.944+0000] {dag.py:3947} INFO - Setting next_dagrun for example_bash_decorator to None, run_after=None
[2026-09-15T21:04:33.960+0000] {processor.py:183} INFO - Processing /home/airflow/.local/lib/python3.12/site-packages/airflow/example_dags/example_bash_decorator.py took 0.059 seconds
[2026-09-15T21:05:04.127+0000] {processor.py:161} INFO - Started process (PID=554) to work on /home/airflow/.local/lib/python3.12/site-packages/airflow/example_dags/example_bash_decorator.py
[2026-09-15T21:05:04.128+0000] {processor.py:830} INFO - Processing file /home/airflow/.local/lib/python3.12/site-packages/airflow/example_dags/example_bash_decorator.py for tasks to queue
[2026-09-15T21:05:04.131+0000] {logging_mixin.py:188} INFO - [2026-09-15T21:05:04.130+0000] {dagbag.py:545} INFO - Filling up the DagBag from /home/airflow/.local/lib/python3.12/site-packages/airflow/example_dags/example_bash_decorator.py
[2026-09-15T21:05:04.140+0000] {processor.py:840} INFO - DAG(s) 'example_bash_decorator' retrieved from /home/airflow/.local/lib/python3.12/site-packages/airflow/example_dags/example_bash_decorator.py
[2026-09-15T21:05:04.159+0000] {logging_mixin.py:188} INFO - [2026-09-15T21:05:04.158+0000] {dag.py:3089} INFO - Sync 1 DAGs
[2026-09-15T21:05:04.168+0000] {logging_mixin.py:188} INFO - [2026-09-15T21:05:04.168+0000] {dag.py:3947} INFO - Setting next_dagrun for example_bash_decorator to None, run_after=None
[2026-09-15T21:05:04.185+0000] {processor.py:183} INFO - Processing /home/airflow/.local/lib/python3.12/site-packages/airflow/example_dags/example_bash_decorator.py took 0.063 seconds
[2026-09-15T21:05:35.124+0000] {processor.py:161} INFO - Started process (PID=612) to work on /home/airflow/.local/lib/python3.12/site-packages/airflow/example_dags/example_bash_decorator.py
[2026-09-15T21:05:35.125+0000] {processor.py:830} INFO - Processing file /home/airflow/.local/lib/python3.12/site-packages/airflow/example_dags/example_bash_decorator.py for tasks to queue
[2026-09-15T21:05:35.127+0000] {logging_mixin.py:188} INFO - [2026-09-15T21:05:35.127+0000] {dagbag.py:545} INFO - Filling up the DagBag from /home/airflow/.local/lib/python3.12/site-packages/airflow/example_dags/example_bash_decorator.py
[2026-09-15T21:05:35.136+0000] {processor.py:840} INFO - DAG(s) 'example_bash_decorator' retrieved from /home/airflow/.local/lib/python3.12/site-packages/airflow/example_dags/example_bash_decorator.py
[2026-09-15T21:05:35.155+0000] {logging_mixin.py:188} INFO - [2026-09-15T21:05:35.155+0000] {dag.py:3089} INFO - Sync 1 DAGs
[2026-09-15T21:05:35.166+0000] {logging_mixin.py:188} INFO - [2026-09-15T21:05:35.166+0000] {dag.py:3947} INFO - Setting next_dagrun for example_bash_decorator to None, run_after=None
[2026-09-15T21:05:35.182+0000] {processor.py:183} INFO - Processing /home/airflow/.local/lib/python3.12/site-packages/airflow/example_dags/example_bash_decorator.py took 0.062 seconds
[2026-09-15T21:06:05.647+0000] {processor.py:161} INFO - Started process (PID=670) to work on /home/airflow/.local/lib/python3.12/site-packages/airflow/example_dags/example_bash_decorator.py
[2026-09-15T21:06:05.648+0000] {processor.py:830} INFO - Processing file /home/airflow/.local/lib/python3.12/site-packages/airflow/example_dags/example_bash_decorator.py for tasks to queue
[2026-09-15T21:06:05.651+0000] {logging_mixin.py:188} INFO - [2026-09-15T21:06:05.650+0000] {dagbag.py:545} INFO - Filling up the DagBag from /home/airflow/.local/lib/python3.12/site-packages/airflow/example_dags/example_bash_decorator.py
[2026-09-15T21:06:05.662+0000] {processor.py:840} INFO - DAG(s) 'example_bash_decorator' retrieved from /home/airflow/.local/lib/python3.12/site-packages/airflow/example_dags/example_bash_decorator.py
[2026-09-15T21:06:05.682+0000] {logging_mixin.py:188} INFO - [2026-09-15T21:06:05.682+0000] {dag.py:3089} INFO - Sync 1 DAGs
[2026-09-15T21:06:05.693+0000] {logging_mixin.py:188} INFO - [2026-09-15T21:06:05.692+0000] {dag.py:3947} INFO - Setting next_dagrun for example_bash_decorator to None, run_after=None
[2026-09-15T21:06:05.708+0000] {processor.py:183} INFO - Processing /home/airflow/.local/lib/python3.12/site-packages/airflow/example_dags/example_bash_decorator.py took 0.066 seconds
[2026-09-15T21:06:35.786+0000] {processor.py:161} INFO - Started process (PID=731) to work on /home/airflow/.local/lib/python3.12/site-packages/airflow/example_dags/example_bash_decorator.py
[2026-09-15T21:06:35.787+0000] {processor.py:830} INFO - Processing file /home/airflow/.local/lib/python3.12/site-packages/airflow/example_dags/example_bash_decorator.py for tasks to queue
[2026-09-15T21:06:35.789+0000] {logging_mixin.py:188} INFO - [2026-09-15T21:06:35.789+0000] {dagbag.py:545} INFO - Filling up the DagBag from /home/airflow/.local/lib/python3.12/site-packages/airflow/example_dags/example_bash_decorator.py
[2026-09-15T21:06:35.798+0000] {processor.py:840} INFO - DAG(s) 'example_bash_decorator' retrieved from /home/airflow/.local/lib/python3.12/site-packages/airflow/example_dags/example_bash_decorator.py
[2026-09-15T21:06:35.817+0000] {logging_mixin.py:188} INFO - [2026-09-15T21:06:35.817+0000] {dag.py:3089} INFO - Sync 1 DAGs
[2026-09-15T21:06:35.827+0000] {logging_mixin.py:188} INFO - [2026-09-15T21:06:35.827+0000] {dag.py:3947} INFO - Setting next_dagrun for example_bash_decorator to None, run_after=None
[2026-09-15T21:06:35.843+0000] {processor.py:183} INFO - Processing /home/airflow/.local/lib/python3.12/site-packages/airflow/example_dags/example_bash_decorator.py took 0.061 seconds
[2026-09-15T21:07:06.140+0000] {processor.py:161} INFO - Started process (PID=789) to work on /home/airflow/.local/lib/python3.12/site-packages/airflow/example_dags/example_bash_decorator.py
[2026-09-15T21:07:06.142+0000] {processor.py:830} INFO - Processing file /home/airflow/.local/lib/python3.12/site-packages/airflow/example_dags/example_bash_decorator.py for tasks to queue
[2026-09-15T21:07:06.144+0000] {logging_mixin.py:188} INFO - [2026-09-15T21:07:06.144+0000] {dagbag.py:545} INFO - Filling up the DagBag from /home/airflow/.local/lib/python3.12/site-packages/airflow/example_dags/example_bash_decorator.py
[2026-09-15T21:07:06.154+0000] {processor.py:840} INFO - DAG(s) 'example_bash_decorator' retrieved from /home/airflow/.local/lib/python3.12/site-packages/airflow/example_dags/example_bash_decorator.py
[2026-09-15T21:07:06.174+0000] {logging_mixin.py:188} INFO - [2026-09-15T21:07:06.174+0000] {dag.py:3089} INFO - Sync 1 DAGs
[2026-09-15T21:07:06.183+0000] {logging_mixin.py:188} INFO - [2026-09-15T21:07:06.183+0000] {dag.py:3947} INFO - Setting next_dagrun for example_bash_decorator to None, run_after=None
[2026-09-15T21:07:06.199+0000] {processor.py:183} INFO - Processing /home/airflow/.local/lib/python3.12/site-packages/airflow/example_dags/example_bash_decorator.py took 0.064 seconds
[2026-09-15T21:07:36.637+0000] {processor.py:161} INFO - Started process (PID=847) to work on /home/airflow/.local/lib/python3.12/site-packages/airflow/example_dags/example_bash_decorator.py
[2026-09-15T21:07:36.638+0000] {processor.py:830} INFO - Processing file /home/airflow/.local/lib/python3.12/site-packages/airflow/example_dags/example_bash_decorator.py for tasks to queue
[2026-09-15T21:07:36.640+0000] {logging_mixin.py:188} INFO - [2026-09-15T21:07:36.640+0000] {dagbag.py:545} INFO - Filling up the DagBag from /home/airflow/.local/lib/python3.12/site-packages/airflow/example_dags/example_bash_decorator.py
[2026-09-15T21:07:36.650+0000] {processor.py:840} INFO - DAG(s) 'example_bash_decorator' retrieved from /home/airflow/.local/lib/python3.12/site-packages/airflow/example_dags/example_bash_decorator.py
[2026-09-15T21:07:36.669+0000] {logging_mixin.py:188} INFO - [2026-09-15T21:07:36.669+0000] {dag.py:3089} INFO - Sync 1 DAGs
[2026-09-15T21:07:36.680+0000] {logging_mixin.py:188} INFO - [2026-09-15T21:07:36.679+0000] {dag.py:3947} INFO - Setting next_dagrun for example_bash_decorator to None, run_after=None
[2026-09-15T21:07:36.698+0000] {processor.py:183} INFO - Processing /home/airflow/.local/lib/python3.12/site-packages/airflow/example_dags/example_bash_decorator.py took 0.065 seconds
[2026-09-15T21:08:07.437+0000] {processor.py:161} INFO - Started process (PID=905) to work on /home/airflow/.local/lib/python3.12/site-packages/airflow/example_dags/example_bash_decorator.py
[2026-09-15T21:08:07.438+0000] {processor.py:830} INFO - Processing file /home/airflow/.local/lib/python3.12/site-packages/airflow/example_dags/example_bash_decorator.py for tasks to queue
[2026-09-15T21:08:07.440+0000] {logging_mixin.py:188} INFO - [2026-09-15T21:08:07.440+0000] {dagbag.py:545} INFO - Filling up the DagBag from /home/airflow/.local/lib/python3.12/site-packages/airflow/example_dags/example_bash_decorator.py
[2026-09-15T21:08:07.449+0000] {processor.py:840} INFO - DAG(s) 'example_bash_decorator' retrieved from /home/airflow/.local/lib/python3.12/site-packages/airflow/example_dags/example_bash_decorator.py
[2026-09-15T21:08:07.468+0000] {logging_mixin.py:188} INFO - [2026-09-15T21:08:07.467+0000] {dag.py:3089} INFO - Sync 1 DAGs
[2026-09-15T21:08:07.478+0000] {logging_mixin.py:188} INFO - [2026-09-15T21:08:07.477+0000] {dag.py:3947} INFO - Setting next_dagrun for example_bash_decorator to None, run_after=None
[2026-09-15T21:08:07.496+0000] {processor.py:183} INFO - Processing /home/airflow/.local/lib/python3.12/site-packages/airflow/example_dags/example_bash_decorator.py took 0.063 seconds
[2026-09-15T21:08:37.784+0000] {processor.py:161} INFO - Started process (PID=963) to work on /home/airflow/.local/lib/python3.12/site-packages/airflow/example_dags/example_bash_decorator.py
[2026-09-15T21:08:37.785+0000] {processor.py:830} INFO - Processing file /home/airflow/.local/lib/python3.12/site-packages/airflow/example_dags/example_bash_decorator.py for tasks to queue
[2026-09-15T21:08:37.787+0000] {logging_mixin.py:188} INFO - [2026-09-15T21:08:37.787+0000] {dagbag.py:545} INFO - Filling up the DagBag from /home/airflow/.local/lib/python3.12/site-packages/airflow/example_dags/example_bash_decorator.py
[2026-09-15T21:08:37.796+0000] {processor.py:840} INFO - DAG(s) 'example_bash_decorator' retrieved from /home/airflow/.local/lib/python3.12/site-packages/airflow/example_dags/example_bash_decorator.py
[2026-09-15T21:08:37.812+0000] {logging_mixin.py:188} INFO - [2026-09-15T21:08:37.812+0000] {dag.py:3089} INFO - Sync 1 DAGs
[2026-09-15T21:08:37.821+0000] {logging_mixin.py:188} INFO - [2026-09-15T21:08:37.821+0000] {dag.py:3947} INFO - Setting next_dagrun for example_bash_decorator to None, run_after=None
[2026-09-15T21:08:37.834+0000] {processor.py:183} INFO - Processing /home/airflow/.local/lib/python3.12/site-packages/airflow/example_dags/example_bash_decorator.py took 0.054 seconds
[2026-09-15T21:09:08.070+0000] {processor.py:161} INFO - Started process (PID=1021) to work on /home/airflow/.local/lib/python3.12/site-packages/airflow/example_dags/example_bash_decorator.py
[2026-09-15T21:09:08.071+0000] {processor.py:830} INFO - Processing file /home/airflow/.local/lib/python3.12/site-packages/airflow/example_dags/example_bash_decorator.py for tasks to queue
[2026-09-15T21:09:08.074+0000] {logging_mixin.py:188} INFO - [2026-09-15T21:09:08.073+0000] {dagbag.py:545} INFO - Filling up the DagBag from /home/airflow/.local/lib/python3.12/site-packages/airflow/example_dags/example_bash_decorator.py
[2026-09-15T21:09:08.085+0000] {processor.py:840} INFO - DAG(s) 'example_bash_decorator' retrieved from /home/airflow/.local/lib/python3.12/site-packages/airflow/example_dags/example_bash_decorator.py
[2026-09-15T21:09:08.104+0000] {logging_mixin.py:188} INFO - [2026-09-15T21:09:08.104+0000] {dag.py:3089} INFO - Sync 1 DAGs
[2026-09-15T21:09:08.116+0000] {logging_mixin.py:188} INFO - [2026-09-15T21:09:08.115+0000] {dag.py:3947} INFO - Setting next_dagrun for example_bash_decorator to None, run_after=None
[2026-09-15T21:09:08.134+0000] {processor.py:183} INFO - Processing /home/airflow/.local/lib/python3.12/site-packages/airflow/example_dags/example_bash_decorator.py took 0.069 seconds
[2026-09-15T21:09:38.361+0000] {processor.py:161} INFO - Started process (PID=1079) to work on /home/airflow/.local/lib/python3.12/site-packages/airflow/example_dags/example_bash_decorator.py
[2026-09-15T21:09:38.362+0000] {processor.py:830} INFO - Processing file /home/airflow/.local/lib/python3.12/site-packages/airflow/example_dags/example_bash_decorator.py for tasks to queue
[2026-09-15T21:09:38.364+0000] {logging_mixin.py:188} INFO - [2026-09-15T21:09:38.364+0000] {dagbag.py:545} INFO - Filling up the DagBag from /home/airflow/.local/lib/python3.12/site-packages/airflow/example_dags/example_bash_decorator.py
[2026-09-15T21:09:38.373+0000] {processor.py:840} INFO - DAG(s) 'example_bash_decorator' retrieved from /home/airflow/.local/lib/python3.12/site-packages/airflow/example_dags/example_bash_decorator.py
[2026-09-15T21:09:38.391+0000] {logging_mixin.py:188} INFO - [2026-09-15T21:09:38.391+0000] {dag.py:3089} INFO - Sync 1 DAGs
[2026-09-15T21:09:38.400+0000] {logging_mixin.py:188} INFO - [2026-09-15T21:09:38.400+0000] {dag.py:3947} INFO - Setting next_dagrun for example_bash_decorator to None, run_after=None
[2026-09-15T21:09:38.414+0000] {processor.py:183} INFO - Processing /home/airflow/.local/lib/python3.12/site-packages/airflow/example_dags/example_bash_decorator.py took 0.057 seconds
[2026-09-15T21:10:08.798+0000] {processor.py:161} INFO - Started process (PID=1137) to work on /home/airflow/.local/lib/python3.12/site-packages/airflow/example_dags/example_bash_decorator.py
[2026-09-15T21:10:08.800+0000] {processor.py:830} INFO - Processing file /home/airflow/.local/lib/python3.12/site-packages/airflow/example_dags/example_bash_decorator.py for tasks to queue
[2026-09-15T21:10:08.802+0000] {logging_mixin.py:188} INFO - [2026-09-15T21:10:08.802+0000] {dagbag.py:545} INFO - Filling up the DagBag from /home/airflow/.local/lib/python3.12/site-packages/airflow/example_dags/example_bash_decorator.py
[2026-09-15T21:10:08.815+0000] {processor.py:840} INFO - DAG(s) 'example_bash_decorator' retrieved from /home/airflow/.local/lib/python3.12/site-packages/airflow/example_dags/example_bash_decorator.py
[2026-09-15T21:10:08.838+0000] {logging_mixin.py:188} INFO - [2026-09-15T21:10:08.838+0000] {dag.py:3089} INFO - Sync 1 DAGs
[2026-09-15T21:10:08.850+0000] {logging_mixin.py:188} INFO - [2026-09-15T21:10:08.850+0000] {dag.py:3947} INFO - Setting next_dagrun for example_bash_decorator to None, run_after=None
[2026-09-15T21:10:08.868+0000] {processor.py:183} INFO - Processing /home/airflow/.local/lib/python3.12/site-packages/airflow/example_dags/example_bash_decorator.py took 0.077 seconds
[2026-09-15T21:10:38.951+0000] {processor.py:161} INFO - Started process (PID=1195) to work on /home/airflow/.local/lib/python3.12/site-packages/airflow/example_dags/example_bash_decorator.py
[2026-09-15T21:10:38.952+0000] {processor.py:830} INFO - Processing file /home/airflow/.local/lib/python3.12/site-packages/airflow/example_dags/example_bash_decorator.py for tasks to queue
[2026-09-15T21:10:38.953+0000] {logging_mixin.py:188} INFO - [2026-09-15T21:10:38.953+0000] {dagbag.py:545} INFO - Filling up the DagBag from /home/airflow/.local/lib/python3.12/site-packages/airflow/example_dags/example_bash_decorator.py
[2026-09-15T21:10:38.963+0000] {processor.py:840} INFO - DAG(s) 'example_bash_decorator' retrieved from /home/airflow/.local/lib/python3.12/site-packages/airflow/example_dags/example_bash_decorator.py
[2026-09-15T21:10:38.974+0000] {logging_mixin.py:188} INFO - [2026-09-15T21:10:38.974+0000] {dag.py:3089} INFO - Sync 1 DAGs
[2026-09-15T21:10:38.984+0000] {logging_mixin.py:188} INFO - [2026-09-15T21:10:38.984+0000] {dag.py:3947} INFO - Setting next_dagrun for example_bash_decorator to None, run_after=None
[2026-09-15T21:10:39.013+0000] {processor.py:183} INFO - Processing /home/airflow/.local/lib/python3.12/site-packages/airflow/example_dags/example_bash_decorator.py took 0.066 seconds
[2026-09-15T21:11:09.544+0000] {processor.py:161} INFO - Started process (PID=1253) to work on /home/airflow/.local/lib/python3.12/site-packages/airflow/example_dags/example_bash_decorator.py
[2026-09-15T21:11:09.546+0000] {processor.py:830} INFO - Processing file /home/airflow/.local/lib/python3.12/site-packages/airflow/example_dags/example_bash_decorator.py for tasks to queue
[2026-09-15T21:11:09.547+0000] {logging_mixin.py:188} INFO - [2026-09-15T21:11:09.547+0000] {dagbag.py:545} INFO - Filling up the DagBag from /home/airflow/.local/lib/python3.12/site-packages/airflow/example_dags/example_bash_decorator.py
[2026-09-15T21:11:09.556+0000] {processor.py:840} INFO - DAG(s) 'example_bash_decorator' retrieved from /home/airflow/.local/lib/python3.12/site-packages/airflow/example_dags/example_bash_decorator.py
[2026-09-15T21:11:09.633+0000] {logging_mixin.py:188} INFO - [2026-09-15T21:11:09.633+0000] {dag.py:3089} INFO - Sync 1 DAGs
[2026-09-15T21:11:09.642+0000] {logging_mixin.py:188} INFO - [2026-09-15T21:11:09.641+0000] {dag.py:3947} INFO - Setting next_dagrun for example_bash_decorator to None, run_after=None
[2026-09-15T21:11:09.657+0000] {processor.py:183} INFO - Processing /home/airflow/.local/lib/python3.12/site-packages/airflow/example_dags/example_bash_decorator.py took 0.117 seconds
[2026-09-15T21:11:39.768+0000] {processor.py:161} INFO - Started process (PID=1311) to work on /home/airflow/.local/lib/python3.12/site-packages/airflow/example_dags/example_bash_decorator.py
[2026-09-15T21:11:39.770+0000] {processor.py:830} INFO - Processing file /home/airflow/.local/lib/python3.12/site-packages/airflow/example_dags/example_bash_decorator.py for tasks to queue
[2026-09-15T21:11:39.772+0000] {logging_mixin.py:188} INFO - [2026-09-15T21:11:39.772+0000] {dagbag.py:545} INFO - Filling up the DagBag from /home/airflow/.local/lib/python3.12/site-packages/airflow/example_dags/example_bash_decorator.py
[2026-09-15T21:11:39.782+0000] {processor.py:840} INFO - DAG(s) 'example_bash_decorator' retrieved from /home/airflow/.local/lib/python3.12/site-packages/airflow/example_dags/example_bash_decorator.py
[2026-09-15T21:11:39.803+0000] {logging_mixin.py:188} INFO - [2026-09-15T21:11:39.803+0000] {dag.py:3089} INFO - Sync 1 DAGs
[2026-09-15T21:11:39.814+0000] {logging_mixin.py:188} INFO - [2026-09-15T21:11:39.814+0000] {dag.py:3947} INFO - Setting next_dagrun for example_bash_decorator to None, run_after=None
[2026-09-15T21:11:39.831+0000] {processor.py:183} INFO - Processing /home/airflow/.local/lib/python3.12/site-packages/airflow/example_dags/example_bash_decorator.py took 0.067 seconds
[2026-09-15T21:12:09.912+0000] {processor.py:161} INFO - Started process (PID=1368) to work on /home/airflow/.local/lib/python3.12/site-packages/airflow/example_dags/example_bash_decorator.py
[2026-09-15T21:12:09.913+0000] {processor.py:830} INFO - Processing file /home/airflow/.local/lib/python3.12/site-packages/airflow/example_dags/example_bash_decorator.py for tasks to queue
[2026-09-15T21:12:09.916+0000] {logging_mixin.py:188} INFO - [2026-09-15T21:12:09.916+0000] {dagbag.py:545} INFO - Filling up the DagBag from /home/airflow/.local/lib/python3.12/site-packages/airflow/example_dags/example_bash_decorator.py
[2026-09-15T21:12:09.929+0000] {processor.py:840} INFO - DAG(s) 'example_bash_decorator' retrieved from /home/airflow/.local/lib/python3.12/site-packages/airflow/example_dags/example_bash_decorator.py
[2026-09-15T21:12:09.952+0000] {logging_mixin.py:188} INFO - [2026-09-15T21:12:09.952+0000] {dag.py:3089} INFO - Sync 1 DAGs
[2026-09-15T21:12:09.964+0000] {logging_mixin.py:188} INFO - [2026-09-15T21:12:09.964+0000] {dag.py:3947} INFO - Setting next_dagrun for example_bash_decorator to None, run_after=None
[2026-09-15T21:12:09.979+0000] {processor.py:183} INFO - Processing /home/airflow/.local/lib/python3.12/site-packages/airflow/example_dags/example_bash_decorator.py took 0.073 seconds
[2026-09-15T21:12:40.390+0000] {processor.py:161} INFO - Started process (PID=1426) to work on /home/airflow/.local/lib/python3.12/site-packages/airflow/example_dags/example_bash_decorator.py
[2026-09-15T21:12:40.391+0000] {processor.py:830} INFO - Processing file /home/airflow/.local/lib/python3.12/site-packages/airflow/example_dags/example_bash_decorator.py for tasks to queue
[2026-09-15T21:12:40.393+0000] {logging_mixin.py:188} INFO - [2026-09-15T21:12:40.393+0000] {dagbag.py:545} INFO - Filling up the DagBag from /home/airflow/.local/lib/python3.12/site-packages/airflow/example_dags/example_bash_decorator.py
[2026-09-15T21:12:40.402+0000] {processor.py:840} INFO - DAG(s) 'example_bash_decorator' retrieved from /home/airflow/.local/lib/python3.12/site-packages/airflow/example_dags/example_bash_decorator.py
[2026-09-15T21:12:40.420+0000] {logging_mixin.py:188} INFO - [2026-09-15T21:12:40.419+0000] {dag.py:3089} INFO - Sync 1 DAGs
[2026-09-15T21:12:40.428+0000] {logging_mixin.py:188} INFO - [2026-09-15T21:12:40.428+0000] {dag.py:3947} INFO - Setting next_dagrun for example_bash_decorator to None, run_after=None
[2026-09-15T21:12:40.442+0000] {processor.py:183} INFO - Processing /home/airflow/.local/lib/python3.12/site-packages/airflow/example_dags/example_bash_decorator.py took 0.056 seconds
[2026-09-15T21:13:10.613+0000] {processor.py:161} INFO - Started process (PID=1484) to work on /home/airflow/.local/lib/python3.12/site-packages/airflow/example_dags/example_bash_decorator.py
[2026-09-15T21:13:10.615+0000] {processor.py:830} INFO - Processing file /home/airflow/.local/lib/python3.12/site-packages/airflow/example_dags/example_bash_decorator.py for tasks to queue
[2026-09-15T21:13:10.617+0000] {logging_mixin.py:188} INFO - [2026-09-15T21:13:10.616+0000] {dagbag.py:545} INFO - Filling up the DagBag from /home/airflow/.local/lib/python3.12/site-packages/airflow/example_dags/example_bash_decorator.py
[2026-09-15T21:13:10.626+0000] {processor.py:840} INFO - DAG(s) 'example_bash_decorator' retrieved from /home/airflow/.local/lib/python3.12/site-packages/airflow/example_dags/example_bash_decorator.py
[2026-09-15T21:13:10.643+0000] {logging_mixin.py:188} INFO - [2026-09-15T21:13:10.643+0000] {dag.py:3089} INFO - Sync 1 DAGs
[2026-09-15T21:13:10.653+0000] {logging_mixin.py:188} INFO - [2026-09-15T21:13:10.653+0000] {dag.py:3947} INFO - Setting next_dagrun for example_bash_decorator to None, run_after=None
[2026-09-15T21:13:10.668+0000] {processor.py:183} INFO - Processing /home/airflow/.local/lib/python3.12/site-packages/airflow/example_dags/example_bash_decorator.py took 0.060 seconds
[2026-09-15T21:13:40.960+0000] {processor.py:161} INFO - Started process (PID=1542) to work on /home/airflow/.local/lib/python3.12/site-packages/airflow/example_dags/example_bash_decorator.py
[2026-09-15T21:13:40.961+0000] {processor.py:830} INFO - Processing file /home/airflow/.local/lib/python3.12/site-packages/airflow/example_dags/example_bash_decorator.py for tasks to queue
[2026-09-15T21:13:40.963+0000] {logging_mixin.py:188} INFO - [2026-09-15T21:13:40.963+0000] {dagbag.py:545} INFO - Filling up the DagBag from /home/airflow/.local/lib/python3.12/site-packages/airflow/example_dags/example_bash_decorator.py
[2026-09-15T21:13:40.972+0000] {processor.py:840} INFO - DAG(s) 'example_bash_decorator' retrieved from /home/airflow/.local/lib/python3.12/site-packages/airflow/example_dags/example_bash_decorator.py
[2026-09-15T21:13:40.990+0000] {logging_mixin.py:188} INFO - [2026-09-15T21:13:40.989+0000] {dag.py:3089} INFO - Sync 1 DAGs
[2026-09-15T21:13:40.998+0000] {logging_mixin.py:188} INFO - [2026-09-15T21:13:40.998+0000] {dag.py:3947} INFO - Setting next_dagrun for example_bash_decorator to None, run_after=None
[2026-09-15T21:13:41.012+0000] {processor.py:183} INFO - Processing /home/airflow/.local/lib/python3.12/site-packages/airflow/example_dags/example_bash_decorator.py took 0.057 seconds
[2026-09-15T21:14:11.809+0000] {processor.py:161} INFO - Started process (PID=1600) to work on /home/airflow/.local/lib/python3.12/site-packages/airflow/example_dags/example_bash_decorator.py
[2026-09-15T21:14:11.810+0000] {processor.py:830} INFO - Processing file /home/airflow/.local/lib/python3.12/site-packages/airflow/example_dags/example_bash_decorator.py for tasks to queue
[2026-09-15T21:14:11.812+0000] {logging_mixin.py:188} INFO - [2026-09-15T21:14:11.812+0000] {dagbag.py:545} INFO - Filling up the DagBag from /home/airflow/.local/lib/python3.12/site-packages/airflow/example_dags/example_bash_decorator.py
[2026-09-15T21:14:11.823+0000] {processor.py:840} INFO - DAG(s) 'example_bash_decorator' retrieved from /home/airflow/.local/lib/python3.12/site-packages/airflow/example_dags/example_bash_decorator.py
[2026-09-15T21:14:11.843+0000] {logging_mixin.py:188} INFO - [2026-09-15T21:14:11.843+0000] {dag.py:3089} INFO - Sync 1 DAGs
[2026-09-15T21:14:11.852+0000] {logging_mixin.py:188} INFO - [2026-09-15T21:14:11.852+0000] {dag.py:3947} INFO - Setting next_dagrun for example_bash_decorator to None, run_after=None
[2026-09-15T21:14:11.867+0000] {processor.py:183} INFO - Processing /home/airflow/.local/lib/python3.12/site-packages/airflow/example_dags/example_bash_decorator.py took 0.063 seconds
[2026-09-15T21:14:41.993+0000] {processor.py:161} INFO - Started process (PID=1658) to work on /home/airflow/.local/lib/python3.12/site-packages/airflow/example_dags/example_bash_decorator.py
[2026-09-15T21:14:41.995+0000] {processor.py:830} INFO - Processing file /home/airflow/.local/lib/python3.12/site-packages/airflow/example_dags/example_bash_decorator.py for tasks to queue
[2026-09-15T21:14:41.997+0000] {logging_mixin.py:188} INFO - [2026-09-15T21:14:41.997+0000] {dagbag.py:545} INFO - Filling up the DagBag from /home/airflow/.local/lib/python3.12/site-packages/airflow/example_dags/example_bash_decorator.py
[2026-09-15T21:14:42.008+0000] {processor.py:840} INFO - DAG(s) 'example_bash_decorator' retrieved from /home/airflow/.local/lib/python3.12/site-packages/airflow/example_dags/example_bash_decorator.py
[2026-09-15T21:14:42.029+0000] {logging_mixin.py:188} INFO - [2026-09-15T21:14:42.029+0000] {dag.py:3089} INFO - Sync 1 DAGs
[2026-09-15T21:14:42.040+0000] {logging_mixin.py:188} INFO - [2026-09-15T21:14:42.040+0000] {dag.py:3947} INFO - Setting next_dagrun for example_bash_decorator to None, run_after=None
[2026-09-15T21:14:42.055+0000] {processor.py:183} INFO - Processing /home/airflow/.local/lib/python3.12/site-packages/airflow/example_dags/example_bash_decorator.py took 0.066 seconds
[2026-09-15T21:15:12.594+0000] {processor.py:161} INFO - Started process (PID=1716) to work on /home/airflow/.local/lib/python3.12/site-packages/airflow/example_dags/example_bash_decorator.py
[2026-09-15T21:15:12.595+0000] {processor.py:830} INFO - Processing file /home/airflow/.local/lib/python3.12/site-packages/airflow/example_dags/example_bash_decorator.py for tasks to queue
[2026-09-15T21:15:12.597+0000] {logging_mixin.py:188} INFO - [2026-09-15T21:15:12.597+0000] {dagbag.py:545} INFO - Filling up the DagBag from /home/airflow/.local/lib/python3.12/site-packages/airflow/example_dags/example_bash_decorator.py
[2026-09-15T21:15:12.608+0000] {processor.py:840} INFO - DAG(s) 'example_bash_decorator' retrieved from /home/airflow/.local/lib/python3.12/site-packages/airflow/example_dags/example_bash_decorator.py
[2026-09-15T21:15:12.627+0000] {logging_mixin.py:188} INFO - [2026-09-15T21:15:12.627+0000] {dag.py:3089} INFO - Sync 1 DAGs
[2026-09-15T21:15:12.641+0000] {logging_mixin.py:188} INFO - [2026-09-15T21:15:12.640+0000] {dag.py:3947} INFO - Setting next_dagrun for example_bash_decorator to None, run_after=None
[2026-09-15T21:15:12.658+0000] {processor.py:183} INFO - Processing /home/airflow/.local/lib/python3.12/site-packages/airflow/example_dags/example_bash_decorator.py took 0.069 seconds
[2026-09-15T21:15:43.236+0000] {processor.py:161} INFO - Started process (PID=1774) to work on /home/airflow/.local/lib/python3.12/site-packages/airflow/example_dags/example_bash_decorator.py
[2026-09-15T21:15:43.238+0000] {processor.py:830} INFO - Processing file /home/airflow/.local/lib/python3.12/site-packages/airflow/example_dags/example_bash_decorator.py for tasks to queue
[2026-09-15T21:15:43.240+0000] {logging_mixin.py:188} INFO - [2026-09-15T21:15:43.240+0000] {dagbag.py:545} INFO - Filling up the DagBag from /home/airflow/.local/lib/python3.12/site-packages/airflow/example_dags/example_bash_decorator.py
[2026-09-15T21:15:43.252+0000] {processor.py:840} INFO - DAG(s) 'example_bash_decorator' retrieved from /home/airflow/.local/lib/python3.12/site-packages/airflow/example_dags/example_bash_decorator.py
[2026-09-15T21:15:43.272+0000] {logging_mixin.py:188} INFO - [2026-09-15T21:15:43.272+0000] {dag.py:3089} INFO - Sync 1 DAGs
[2026-09-15T21:15:43.283+0000] {logging_mixin.py:188} INFO - [2026-09-15T21:15:43.283+0000] {dag.py:3947} INFO - Setting next_dagrun for example_bash_decorator to None, run_after=None
[2026-09-15T21:15:43.298+0000] {processor.py:183} INFO - Processing /home/airflow/.local/lib/python3.12/site-packages/airflow/example_dags/example_bash_decorator.py took 0.067 seconds
[2026-09-15T21:16:14.081+0000] {processor.py:161} INFO - Started process (PID=1832) to work on /home/airflow/.local/lib/python3.12/site-packages/airflow/example_dags/example_bash_decorator.py
[2026-09-15T21:16:14.082+0000] {processor.py:830} INFO - Processing file /home/airflow/.local/lib/python3.12/site-packages/airflow/example_dags/example_bash_decorator.py for tasks to queue
[2026-09-15T21:16:14.084+0000] {logging_mixin.py:188} INFO - [2026-09-15T21:16:14.084+0000] {dagbag.py:545} INFO - Filling up the DagBag from /home/airflow/.local/lib/python3.12/site-packages/airflow/example_dags/example_bash_decorator.py
[2026-09-15T21:16:14.093+0000] {processor.py:840} INFO - DAG(s) 'example_bash_decorator' retrieved from /home/airflow/.local/lib/python3.12/site-packages/airflow/example_dags/example_bash_decorator.py
[2026-09-15T21:16:14.111+0000] {logging_mixin.py:188} INFO - [2026-09-15T21:16:14.111+0000] {dag.py:3089} INFO - Sync 1 DAGs
[2026-09-15T21:16:14.121+0000] {logging_mixin.py:188} INFO - [2026-09-15T21:16:14.121+0000] {dag.py:3947} INFO - Setting next_dagrun for example_bash_decorator to None, run_after=None
[2026-09-15T21:16:14.273+0000] {processor.py:183} INFO - Processing /home/airflow/.local/lib/python3.12/site-packages/airflow/example_dags/example_bash_decorator.py took 0.196 seconds
[2026-09-15T21:17:36.195+0000] {processor.py:161} INFO - Started process (PID=85) to work on /home/airflow/.local/lib/python3.12/site-packages/airflow/example_dags/example_bash_decorator.py
[2026-09-15T21:17:36.196+0000] {processor.py:830} INFO - Processing file /home/airflow/.local/lib/python3.12/site-packages/airflow/example_dags/example_bash_decorator.py for tasks to queue
[2026-09-15T21:17:36.199+0000] {logging_mixin.py:188} INFO - [2026-09-15T21:17:36.198+0000] {dagbag.py:545} INFO - Filling up the DagBag from /home/airflow/.local/lib/python3.12/site-packages/airflow/example_dags/example_bash_decorator.py
[2026-09-15T21:17:36.213+0000] {processor.py:840} INFO - DAG(s) 'example_bash_decorator' retrieved from /home/airflow/.local/lib/python3.12/site-packages/airflow/example_dags/example_bash_decorator.py
[2026-09-15T21:17:36.225+0000] {logging_mixin.py:188} INFO - [2026-09-15T21:17:36.225+0000] {dag.py:3089} INFO - Sync 1 DAGs
[2026-09-15T21:17:36.237+0000] {logging_mixin.py:188} INFO - [2026-09-15T21:17:36.237+0000] {dag.py:3947} INFO - Setting next_dagrun for example_bash_decorator to None, run_after=None
[2026-09-15T21:17:36.254+0000] {processor.py:183} INFO - Processing /home/airflow/.local/lib/python3.12/site-packages/airflow/example_dags/example_bash_decorator.py took 0.063 seconds
[2026-09-15T21:18:07.494+0000] {processor.py:161} INFO - Started process (PID=144) to work on /home/airflow/.local/lib/python3.12/site-packages/airflow/example_dags/example_bash_decorator.py
[2026-09-15T21:18:07.496+0000] {processor.py:830} INFO - Processing file /home/airflow/.local/lib/python3.12/site-packages/airflow/example_dags/example_bash_decorator.py for tasks to queue
[2026-09-15T21:18:07.498+0000] {logging_mixin.py:188} INFO - [2026-09-15T21:18:07.497+0000] {dagbag.py:545} INFO - Filling up the DagBag from /home/airflow/.local/lib/python3.12/site-packages/airflow/example_dags/example_bash_decorator.py
[2026-09-15T21:18:07.511+0000] {processor.py:840} INFO - DAG(s) 'example_bash_decorator' retrieved from /home/airflow/.local/lib/python3.12/site-packages/airflow/example_dags/example_bash_decorator.py
[2026-09-15T21:18:07.606+0000] {logging_mixin.py:188} INFO - [2026-09-15T21:18:07.605+0000] {dag.py:3089} INFO - Sync 1 DAGs
[2026-09-15T21:18:07.616+0000] {logging_mixin.py:188} INFO - [2026-09-15T21:18:07.616+0000] {dag.py:3947} INFO - Setting next_dagrun for example_bash_decorator to None, run_after=None
[2026-09-15T21:18:07.637+0000] {processor.py:183} INFO - Processing /home/airflow/.local/lib/python3.12/site-packages/airflow/example_dags/example_bash_decorator.py took 0.149 seconds
[2026-09-15T21:18:38.050+0000] {processor.py:161} INFO - Started process (PID=202) to work on /home/airflow/.local/lib/python3.12/site-packages/airflow/example_dags/example_bash_decorator.py
[2026-09-15T21:18:38.052+0000] {processor.py:830} INFO - Processing file /home/airflow/.local/lib/python3.12/site-packages/airflow/example_dags/example_bash_decorator.py for tasks to queue
[2026-09-15T21:18:38.053+0000] {logging_mixin.py:188} INFO - [2026-09-15T21:18:38.053+0000] {dagbag.py:545} INFO - Filling up the DagBag from /home/airflow/.local/lib/python3.12/site-packages/airflow/example_dags/example_bash_decorator.py
[2026-09-15T21:18:38.062+0000] {processor.py:840} INFO - DAG(s) 'example_bash_decorator' retrieved from /home/airflow/.local/lib/python3.12/site-packages/airflow/example_dags/example_bash_decorator.py
[2026-09-15T21:18:38.082+0000] {logging_mixin.py:188} INFO - [2026-09-15T21:18:38.081+0000] {dag.py:3089} INFO - Sync 1 DAGs
[2026-09-15T21:18:38.092+0000] {logging_mixin.py:188} INFO - [2026-09-15T21:18:38.092+0000] {dag.py:3947} INFO - Setting next_dagrun for example_bash_decorator to None, run_after=None
[2026-09-15T21:18:38.109+0000] {processor.py:183} INFO - Processing /home/airflow/.local/lib/python3.12/site-packages/airflow/example_dags/example_bash_decorator.py took 0.063 seconds
[2026-09-15T21:19:08.852+0000] {processor.py:161} INFO - Started process (PID=260) to work on /home/airflow/.local/lib/python3.12/site-packages/airflow/example_dags/example_bash_decorator.py
[2026-09-15T21:19:08.854+0000] {processor.py:830} INFO - Processing file /home/airflow/.local/lib/python3.12/site-packages/airflow/example_dags/example_bash_decorator.py for tasks to queue
[2026-09-15T21:19:08.856+0000] {logging_mixin.py:188} INFO - [2026-09-15T21:19:08.856+0000] {dagbag.py:545} INFO - Filling up the DagBag from /home/airflow/.local/lib/python3.12/site-packages/airflow/example_dags/example_bash_decorator.py
[2026-09-15T21:19:08.866+0000] {processor.py:840} INFO - DAG(s) 'example_bash_decorator' retrieved from /home/airflow/.local/lib/python3.12/site-packages/airflow/example_dags/example_bash_decorator.py
[2026-09-15T21:19:08.885+0000] {logging_mixin.py:188} INFO - [2026-09-15T21:19:08.885+0000] {dag.py:3089} INFO - Sync 1 DAGs
[2026-09-15T21:19:08.896+0000] {logging_mixin.py:188} INFO - [2026-09-15T21:19:08.895+0000] {dag.py:3947} INFO - Setting next_dagrun for example_bash_decorator to None, run_after=None
[2026-09-15T21:19:08.913+0000] {processor.py:183} INFO - Processing /home/airflow/.local/lib/python3.12/site-packages/airflow/example_dags/example_bash_decorator.py took 0.065 seconds
[2026-09-15T21:19:39.508+0000] {processor.py:161} INFO - Started process (PID=318) to work on /home/airflow/.local/lib/python3.12/site-packages/airflow/example_dags/example_bash_decorator.py
[2026-09-15T21:19:39.509+0000] {processor.py:830} INFO - Processing file /home/airflow/.local/lib/python3.12/site-packages/airflow/example_dags/example_bash_decorator.py for tasks to queue
[2026-09-15T21:19:39.511+0000] {logging_mixin.py:188} INFO - [2026-09-15T21:19:39.511+0000] {dagbag.py:545} INFO - Filling up the DagBag from /home/airflow/.local/lib/python3.12/site-packages/airflow/example_dags/example_bash_decorator.py
[2026-09-15T21:19:39.521+0000] {processor.py:840} INFO - DAG(s) 'example_bash_decorator' retrieved from /home/airflow/.local/lib/python3.12/site-packages/airflow/example_dags/example_bash_decorator.py
[2026-09-15T21:19:39.539+0000] {logging_mixin.py:188} INFO - [2026-09-15T21:19:39.539+0000] {dag.py:3089} INFO - Sync 1 DAGs
[2026-09-15T21:19:39.548+0000] {logging_mixin.py:188} INFO - [2026-09-15T21:19:39.548+0000] {dag.py:3947} INFO - Setting next_dagrun for example_bash_decorator to None, run_after=None
[2026-09-15T21:19:39.563+0000] {processor.py:183} INFO - Processing /home/airflow/.local/lib/python3.12/site-packages/airflow/example_dags/example_bash_decorator.py took 0.059 seconds
[2026-09-15T21:20:09.809+0000] {processor.py:161} INFO - Started process (PID=376) to work on /home/airflow/.local/lib/python3.12/site-packages/airflow/example_dags/example_bash_decorator.py
[2026-09-15T21:20:09.810+0000] {processor.py:830} INFO - Processing file /home/airflow/.local/lib/python3.12/site-packages/airflow/example_dags/example_bash_decorator.py for tasks to queue
[2026-09-15T21:20:09.811+0000] {logging_mixin.py:188} INFO - [2026-09-15T21:20:09.811+0000] {dagbag.py:545} INFO - Filling up the DagBag from /home/airflow/.local/lib/python3.12/site-packages/airflow/example_dags/example_bash_decorator.py
[2026-09-15T21:20:09.821+0000] {processor.py:840} INFO - DAG(s) 'example_bash_decorator' retrieved from /home/airflow/.local/lib/python3.12/site-packages/airflow/example_dags/example_bash_decorator.py
[2026-09-15T21:20:09.838+0000] {logging_mixin.py:188} INFO - [2026-09-15T21:20:09.838+0000] {dag.py:3089} INFO - Sync 1 DAGs
[2026-09-15T21:20:09.847+0000] {logging_mixin.py:188} INFO - [2026-09-15T21:20:09.847+0000] {dag.py:3947} INFO - Setting next_dagrun for example_bash_decorator to None, run_after=None
[2026-09-15T21:20:09.860+0000] {processor.py:183} INFO - Processing /home/airflow/.local/lib/python3.12/site-packages/airflow/example_dags/example_bash_decorator.py took 0.056 seconds
[2026-09-15T21:20:40.018+0000] {processor.py:161} INFO - Started process (PID=434) to work on /home/airflow/.local/lib/python3.12/site-packages/airflow/example_dags/example_bash_decorator.py
[2026-09-15T21:20:40.019+0000] {processor.py:830} INFO - Processing file /home/airflow/.local/lib/python3.12/site-packages/airflow/example_dags/example_bash_decorator.py for tasks to queue
[2026-09-15T21:20:40.023+0000] {logging_mixin.py:188} INFO - [2026-09-15T21:20:40.022+0000] {dagbag.py:545} INFO - Filling up the DagBag from /home/airflow/.local/lib/python3.12/site-packages/airflow/example_dags/example_bash_decorator.py
[2026-09-15T21:20:40.035+0000] {processor.py:840} INFO - DAG(s) 'example_bash_decorator' retrieved from /home/airflow/.local/lib/python3.12/site-packages/airflow/example_dags/example_bash_decorator.py
[2026-09-15T21:20:40.062+0000] {logging_mixin.py:188} INFO - [2026-09-15T21:20:40.062+0000] {dag.py:3089} INFO - Sync 1 DAGs
[2026-09-15T21:20:40.074+0000] {logging_mixin.py:188} INFO - [2026-09-15T21:20:40.074+0000] {dag.py:3947} INFO - Setting next_dagrun for example_bash_decorator to None, run_after=None
[2026-09-15T21:20:40.093+0000] {processor.py:183} INFO - Processing /home/airflow/.local/lib/python3.12/site-packages/airflow/example_dags/example_bash_decorator.py took 0.081 seconds
[2026-09-15T21:22:08.071+0000] {processor.py:161} INFO - Started process (PID=320) to work on /home/airflow/.local/lib/python3.12/site-packages/airflow/example_dags/example_bash_decorator.py
[2026-09-15T21:22:08.072+0000] {processor.py:830} INFO - Processing file /home/airflow/.local/lib/python3.12/site-packages/airflow/example_dags/example_bash_decorator.py for tasks to queue
[2026-09-15T21:22:08.075+0000] {logging_mixin.py:188} INFO - [2026-09-15T21:22:08.075+0000] {dagbag.py:545} INFO - Filling up the DagBag from /home/airflow/.local/lib/python3.12/site-packages/airflow/example_dags/example_bash_decorator.py
[2026-09-15T21:22:08.090+0000] {processor.py:840} INFO - DAG(s) 'example_bash_decorator' retrieved from /home/airflow/.local/lib/python3.12/site-packages/airflow/example_dags/example_bash_decorator.py
[2026-09-15T21:22:08.104+0000] {logging_mixin.py:188} INFO - [2026-09-15T21:22:08.104+0000] {dag.py:3089} INFO - Sync 1 DAGs
[2026-09-15T21:22:08.122+0000] {logging_mixin.py:188} INFO - [2026-09-15T21:22:08.122+0000] {dag.py:3947} INFO - Setting next_dagrun for example_bash_decorator to None, run_after=None
[2026-09-15T21:22:08.144+0000] {processor.py:183} INFO - Processing /home/airflow/.local/lib/python3.12/site-packages/airflow/example_dags/example_bash_decorator.py took 0.078 seconds
[2026-09-15T21:22:39.548+0000] {processor.py:161} INFO - Started process (PID=588) to work on /home/airflow/.local/lib/python3.12/site-packages/airflow/example_dags/example_bash_decorator.py
[2026-09-15T21:22:39.549+0000] {processor.py:830} INFO - Processing file /home/airflow/.local/lib/python3.12/site-packages/airflow/example_dags/example_bash_decorator.py for tasks to queue
[2026-09-15T21:22:39.552+0000] {logging_mixin.py:188} INFO - [2026-09-15T21:22:39.551+0000] {dagbag.py:545} INFO - Filling up the DagBag from /home/airflow/.local/lib/python3.12/site-packages/airflow/example_dags/example_bash_decorator.py
[2026-09-15T21:22:39.562+0000] {processor.py:840} INFO - DAG(s) 'example_bash_decorator' retrieved from /home/airflow/.local/lib/python3.12/site-packages/airflow/example_dags/example_bash_decorator.py
[2026-09-15T21:22:39.663+0000] {logging_mixin.py:188} INFO - [2026-09-15T21:22:39.663+0000] {dag.py:3089} INFO - Sync 1 DAGs
[2026-09-15T21:22:39.672+0000] {logging_mixin.py:188} INFO - [2026-09-15T21:22:39.672+0000] {dag.py:3947} INFO - Setting next_dagrun for example_bash_decorator to None, run_after=None
[2026-09-15T21:22:39.690+0000] {processor.py:183} INFO - Processing /home/airflow/.local/lib/python3.12/site-packages/airflow/example_dags/example_bash_decorator.py took 0.147 seconds
[2026-09-15T21:23:10.231+0000] {processor.py:161} INFO - Started process (PID=848) to work on /home/airflow/.local/lib/python3.12/site-packages/airflow/example_dags/example_bash_decorator.py
[2026-09-15T21:23:10.232+0000] {processor.py:830} INFO - Processing file /home/airflow/.local/lib/python3.12/site-packages/airflow/example_dags/example_bash_decorator.py for tasks to queue
[2026-09-15T21:23:10.234+0000] {logging_mixin.py:188} INFO - [2026-09-15T21:23:10.234+0000] {dagbag.py:545} INFO - Filling up the DagBag from /home/airflow/.local/lib/python3.12/site-packages/airflow/example_dags/example_bash_decorator.py
[2026-09-15T21:23:10.244+0000] {processor.py:840} INFO - DAG(s) 'example_bash_decorator' retrieved from /home/airflow/.local/lib/python3.12/site-packages/airflow/example_dags/example_bash_decorator.py
[2026-09-15T21:23:10.262+0000] {logging_mixin.py:188} INFO - [2026-09-15T21:23:10.262+0000] {dag.py:3089} INFO - Sync 1 DAGs
[2026-09-15T21:23:10.272+0000] {logging_mixin.py:188} INFO - [2026-09-15T21:23:10.272+0000] {dag.py:3947} INFO - Setting next_dagrun for example_bash_decorator to None, run_after=None
[2026-09-15T21:23:10.286+0000] {processor.py:183} INFO - Processing /home/airflow/.local/lib/python3.12/site-packages/airflow/example_dags/example_bash_decorator.py took 0.060 seconds
[2026-09-15T21:23:40.408+0000] {processor.py:161} INFO - Started process (PID=1110) to work on /home/airflow/.local/lib/python3.12/site-packages/airflow/example_dags/example_bash_decorator.py
[2026-09-15T21:23:40.409+0000] {processor.py:830} INFO - Processing file /home/airflow/.local/lib/python3.12/site-packages/airflow/example_dags/example_bash_decorator.py for tasks to queue
[2026-09-15T21:23:40.411+0000] {logging_mixin.py:188} INFO - [2026-09-15T21:23:40.411+0000] {dagbag.py:545} INFO - Filling up the DagBag from /home/airflow/.local/lib/python3.12/site-packages/airflow/example_dags/example_bash_decorator.py
[2026-09-15T21:23:40.421+0000] {processor.py:840} INFO - DAG(s) 'example_bash_decorator' retrieved from /home/airflow/.local/lib/python3.12/site-packages/airflow/example_dags/example_bash_decorator.py
[2026-09-15T21:23:40.442+0000] {logging_mixin.py:188} INFO - [2026-09-15T21:23:40.442+0000] {dag.py:3089} INFO - Sync 1 DAGs
[2026-09-15T21:23:40.452+0000] {logging_mixin.py:188} INFO - [2026-09-15T21:23:40.452+0000] {dag.py:3947} INFO - Setting next_dagrun for example_bash_decorator to None, run_after=None
[2026-09-15T21:23:40.468+0000] {processor.py:183} INFO - Processing /home/airflow/.local/lib/python3.12/site-packages/airflow/example_dags/example_bash_decorator.py took 0.065 seconds
[2026-09-15T21:24:10.598+0000] {processor.py:161} INFO - Started process (PID=1372) to work on /home/airflow/.local/lib/python3.12/site-packages/airflow/example_dags/example_bash_decorator.py
[2026-09-15T21:24:10.600+0000] {processor.py:830} INFO - Processing file /home/airflow/.local/lib/python3.12/site-packages/airflow/example_dags/example_bash_decorator.py for tasks to queue
[2026-09-15T21:24:10.601+0000] {logging_mixin.py:188} INFO - [2026-09-15T21:24:10.601+0000] {dagbag.py:545} INFO - Filling up the DagBag from /home/airflow/.local/lib/python3.12/site-packages/airflow/example_dags/example_bash_decorator.py
[2026-09-15T21:24:10.610+0000] {processor.py:840} INFO - DAG(s) 'example_bash_decorator' retrieved from /home/airflow/.local/lib/python3.12/site-packages/airflow/example_dags/example_bash_decorator.py
[2026-09-15T21:24:10.630+0000] {logging_mixin.py:188} INFO - [2026-09-15T21:24:10.629+0000] {dag.py:3089} INFO - Sync 1 DAGs
[2026-09-15T21:24:10.638+0000] {logging_mixin.py:188} INFO - [2026-09-15T21:24:10.638+0000] {dag.py:3947} INFO - Setting next_dagrun for example_bash_decorator to None, run_after=None
[2026-09-15T21:24:10.653+0000] {processor.py:183} INFO - Processing /home/airflow/.local/lib/python3.12/site-packages/airflow/example_dags/example_bash_decorator.py took 0.059 seconds
[2026-09-15T21:24:40.807+0000] {processor.py:161} INFO - Started process (PID=1634) to work on /home/airflow/.local/lib/python3.12/site-packages/airflow/example_dags/example_bash_decorator.py
[2026-09-15T21:24:40.809+0000] {processor.py:830} INFO - Processing file /home/airflow/.local/lib/python3.12/site-packages/airflow/example_dags/example_bash_decorator.py for tasks to queue
[2026-09-15T21:24:40.810+0000] {logging_mixin.py:188} INFO - [2026-09-15T21:24:40.810+0000] {dagbag.py:545} INFO - Filling up the DagBag from /home/airflow/.local/lib/python3.12/site-packages/airflow/example_dags/example_bash_decorator.py
[2026-09-15T21:24:40.820+0000] {processor.py:840} INFO - DAG(s) 'example_bash_decorator' retrieved from /home/airflow/.local/lib/python3.12/site-packages/airflow/example_dags/example_bash_decorator.py
[2026-09-15T21:24:40.839+0000] {logging_mixin.py:188} INFO - [2026-09-15T21:24:40.839+0000] {dag.py:3089} INFO - Sync 1 DAGs
[2026-09-15T21:24:40.848+0000] {logging_mixin.py:188} INFO - [2026-09-15T21:24:40.848+0000] {dag.py:3947} INFO - Setting next_dagrun for example_bash_decorator to None, run_after=None
[2026-09-15T21:24:40.864+0000] {processor.py:183} INFO - Processing /home/airflow/.local/lib/python3.12/site-packages/airflow/example_dags/example_bash_decorator.py took 0.060 seconds
[2026-09-15T21:25:11.027+0000] {processor.py:161} INFO - Started process (PID=1896) to work on /home/airflow/.local/lib/python3.12/site-packages/airflow/example_dags/example_bash_decorator.py
[2026-09-15T21:25:11.028+0000] {processor.py:830} INFO - Processing file /home/airflow/.local/lib/python3.12/site-packages/airflow/example_dags/example_bash_decorator.py for tasks to queue
[2026-09-15T21:25:11.030+0000] {logging_mixin.py:188} INFO - [2026-09-15T21:25:11.029+0000] {dagbag.py:545} INFO - Filling up the DagBag from /home/airflow/.local/lib/python3.12/site-packages/airflow/example_dags/example_bash_decorator.py
[2026-09-15T21:25:11.039+0000] {processor.py:840} INFO - DAG(s) 'example_bash_decorator' retrieved from /home/airflow/.local/lib/python3.12/site-packages/airflow/example_dags/example_bash_decorator.py
[2026-09-15T21:25:11.056+0000] {logging_mixin.py:188} INFO - [2026-09-15T21:25:11.056+0000] {dag.py:3089} INFO - Sync 1 DAGs
[2026-09-15T21:25:11.066+0000] {logging_mixin.py:188} INFO - [2026-09-15T21:25:11.066+0000] {dag.py:3947} INFO - Setting next_dagrun for example_bash_decorator to None, run_after=None
[2026-09-15T21:25:11.081+0000] {processor.py:183} INFO - Processing /home/airflow/.local/lib/python3.12/site-packages/airflow/example_dags/example_bash_decorator.py took 0.059 seconds
[2026-09-15T21:25:41.375+0000] {processor.py:161} INFO - Started process (PID=2160) to work on /home/airflow/.local/lib/python3.12/site-packages/airflow/example_dags/example_bash_decorator.py
[2026-09-15T21:25:41.376+0000] {processor.py:830} INFO - Processing file /home/airflow/.local/lib/python3.12/site-packages/airflow/example_dags/example_bash_decorator.py for tasks to queue
[2026-09-15T21:25:41.378+0000] {logging_mixin.py:188} INFO - [2026-09-15T21:25:41.378+0000] {dagbag.py:545} INFO - Filling up the DagBag from /home/airflow/.local/lib/python3.12/site-packages/airflow/example_dags/example_bash_decorator.py
[2026-09-15T21:25:41.387+0000] {processor.py:840} INFO - DAG(s) 'example_bash_decorator' retrieved from /home/airflow/.local/lib/python3.12/site-packages/airflow/example_dags/example_bash_decorator.py
[2026-09-15T21:25:41.404+0000] {logging_mixin.py:188} INFO - [2026-09-15T21:25:41.404+0000] {dag.py:3089} INFO - Sync 1 DAGs
[2026-09-15T21:25:41.414+0000] {logging_mixin.py:188} INFO - [2026-09-15T21:25:41.414+0000] {dag.py:3947} INFO - Setting next_dagrun for example_bash_decorator to None, run_after=None
[2026-09-15T21:25:41.428+0000] {processor.py:183} INFO - Processing /home/airflow/.local/lib/python3.12/site-packages/airflow/example_dags/example_bash_decorator.py took 0.056 seconds
[2026-09-15T21:26:11.485+0000] {processor.py:161} INFO - Started process (PID=2422) to work on /home/airflow/.local/lib/python3.12/site-packages/airflow/example_dags/example_bash_decorator.py
[2026-09-15T21:26:11.486+0000] {processor.py:830} INFO - Processing file /home/airflow/.local/lib/python3.12/site-packages/airflow/example_dags/example_bash_decorator.py for tasks to queue
[2026-09-15T21:26:11.488+0000] {logging_mixin.py:188} INFO - [2026-09-15T21:26:11.487+0000] {dagbag.py:545} INFO - Filling up the DagBag from /home/airflow/.local/lib/python3.12/site-packages/airflow/example_dags/example_bash_decorator.py
[2026-09-15T21:26:11.498+0000] {processor.py:840} INFO - DAG(s) 'example_bash_decorator' retrieved from /home/airflow/.local/lib/python3.12/site-packages/airflow/example_dags/example_bash_decorator.py
[2026-09-15T21:26:11.517+0000] {logging_mixin.py:188} INFO - [2026-09-15T21:26:11.517+0000] {dag.py:3089} INFO - Sync 1 DAGs
[2026-09-15T21:26:11.527+0000] {logging_mixin.py:188} INFO - [2026-09-15T21:26:11.527+0000] {dag.py:3947} INFO - Setting next_dagrun for example_bash_decorator to None, run_after=None
[2026-09-15T21:26:11.542+0000] {processor.py:183} INFO - Processing /home/airflow/.local/lib/python3.12/site-packages/airflow/example_dags/example_bash_decorator.py took 0.061 seconds
[2026-09-15T21:26:41.624+0000] {processor.py:161} INFO - Started process (PID=2682) to work on /home/airflow/.local/lib/python3.12/site-packages/airflow/example_dags/example_bash_decorator.py
[2026-09-15T21:26:41.625+0000] {processor.py:830} INFO - Processing file /home/airflow/.local/lib/python3.12/site-packages/airflow/example_dags/example_bash_decorator.py for tasks to queue
[2026-09-15T21:26:41.627+0000] {logging_mixin.py:188} INFO - [2026-09-15T21:26:41.627+0000] {dagbag.py:545} INFO - Filling up the DagBag from /home/airflow/.local/lib/python3.12/site-packages/airflow/example_dags/example_bash_decorator.py
[2026-09-15T21:26:41.636+0000] {processor.py:840} INFO - DAG(s) 'example_bash_decorator' retrieved from /home/airflow/.local/lib/python3.12/site-packages/airflow/example_dags/example_bash_decorator.py
[2026-09-15T21:26:41.654+0000] {logging_mixin.py:188} INFO - [2026-09-15T21:26:41.654+0000] {dag.py:3089} INFO - Sync 1 DAGs
[2026-09-15T21:26:41.664+0000] {logging_mixin.py:188} INFO - [2026-09-15T21:26:41.664+0000] {dag.py:3947} INFO - Setting next_dagrun for example_bash_decorator to None, run_after=None
[2026-09-15T21:26:41.678+0000] {processor.py:183} INFO - Processing /home/airflow/.local/lib/python3.12/site-packages/airflow/example_dags/example_bash_decorator.py took 0.058 seconds
[2026-09-15T21:27:11.813+0000] {processor.py:161} INFO - Started process (PID=2944) to work on /home/airflow/.local/lib/python3.12/site-packages/airflow/example_dags/example_bash_decorator.py
[2026-09-15T21:27:11.814+0000] {processor.py:830} INFO - Processing file /home/airflow/.local/lib/python3.12/site-packages/airflow/example_dags/example_bash_decorator.py for tasks to queue
[2026-09-15T21:27:11.816+0000] {logging_mixin.py:188} INFO - [2026-09-15T21:27:11.815+0000] {dagbag.py:545} INFO - Filling up the DagBag from /home/airflow/.local/lib/python3.12/site-packages/airflow/example_dags/example_bash_decorator.py
[2026-09-15T21:27:11.825+0000] {processor.py:840} INFO - DAG(s) 'example_bash_decorator' retrieved from /home/airflow/.local/lib/python3.12/site-packages/airflow/example_dags/example_bash_decorator.py
[2026-09-15T21:27:11.842+0000] {logging_mixin.py:188} INFO - [2026-09-15T21:27:11.842+0000] {dag.py:3089} INFO - Sync 1 DAGs
[2026-09-15T21:27:11.852+0000] {logging_mixin.py:188} INFO - [2026-09-15T21:27:11.852+0000] {dag.py:3947} INFO - Setting next_dagrun for example_bash_decorator to None, run_after=None
[2026-09-15T21:27:11.866+0000] {processor.py:183} INFO - Processing /home/airflow/.local/lib/python3.12/site-packages/airflow/example_dags/example_bash_decorator.py took 0.058 seconds
[2026-09-15T21:27:42.162+0000] {processor.py:161} INFO - Started process (PID=3206) to work on /home/airflow/.local/lib/python3.12/site-packages/airflow/example_dags/example_bash_decorator.py
[2026-09-15T21:27:42.163+0000] {processor.py:830} INFO - Processing file /home/airflow/.local/lib/python3.12/site-packages/airflow/example_dags/example_bash_decorator.py for tasks to queue
[2026-09-15T21:27:42.165+0000] {logging_mixin.py:188} INFO - [2026-09-15T21:27:42.165+0000] {dagbag.py:545} INFO - Filling up the DagBag from /home/airflow/.local/lib/python3.12/site-packages/airflow/example_dags/example_bash_decorator.py
[2026-09-15T21:27:42.175+0000] {processor.py:840} INFO - DAG(s) 'example_bash_decorator' retrieved from /home/airflow/.local/lib/python3.12/site-packages/airflow/example_dags/example_bash_decorator.py
[2026-09-15T21:27:42.193+0000] {logging_mixin.py:188} INFO - [2026-09-15T21:27:42.193+0000] {dag.py:3089} INFO - Sync 1 DAGs
[2026-09-15T21:27:42.203+0000] {logging_mixin.py:188} INFO - [2026-09-15T21:27:42.203+0000] {dag.py:3947} INFO - Setting next_dagrun for example_bash_decorator to None, run_after=None
[2026-09-15T21:27:42.217+0000] {processor.py:183} INFO - Processing /home/airflow/.local/lib/python3.12/site-packages/airflow/example_dags/example_bash_decorator.py took 0.059 seconds
[2026-09-15T21:28:12.756+0000] {processor.py:161} INFO - Started process (PID=3468) to work on /home/airflow/.local/lib/python3.12/site-packages/airflow/example_dags/example_bash_decorator.py
[2026-09-15T21:28:12.757+0000] {processor.py:830} INFO - Processing file /home/airflow/.local/lib/python3.12/site-packages/airflow/example_dags/example_bash_decorator.py for tasks to queue
[2026-09-15T21:28:12.759+0000] {logging_mixin.py:188} INFO - [2026-09-15T21:28:12.759+0000] {dagbag.py:545} INFO - Filling up the DagBag from /home/airflow/.local/lib/python3.12/site-packages/airflow/example_dags/example_bash_decorator.py
[2026-09-15T21:28:12.769+0000] {processor.py:840} INFO - DAG(s) 'example_bash_decorator' retrieved from /home/airflow/.local/lib/python3.12/site-packages/airflow/example_dags/example_bash_decorator.py
[2026-09-15T21:28:12.790+0000] {logging_mixin.py:188} INFO - [2026-09-15T21:28:12.790+0000] {dag.py:3089} INFO - Sync 1 DAGs
[2026-09-15T21:28:12.802+0000] {logging_mixin.py:188} INFO - [2026-09-15T21:28:12.801+0000] {dag.py:3947} INFO - Setting next_dagrun for example_bash_decorator to None, run_after=None
[2026-09-15T21:28:12.819+0000] {processor.py:183} INFO - Processing /home/airflow/.local/lib/python3.12/site-packages/airflow/example_dags/example_bash_decorator.py took 0.068 seconds
[2026-09-15T21:28:43.639+0000] {processor.py:161} INFO - Started process (PID=3730) to work on /home/airflow/.local/lib/python3.12/site-packages/airflow/example_dags/example_bash_decorator.py
[2026-09-15T21:28:43.641+0000] {processor.py:830} INFO - Processing file /home/airflow/.local/lib/python3.12/site-packages/airflow/example_dags/example_bash_decorator.py for tasks to queue
[2026-09-15T21:28:43.643+0000] {logging_mixin.py:188} INFO - [2026-09-15T21:28:43.643+0000] {dagbag.py:545} INFO - Filling up the DagBag from /home/airflow/.local/lib/python3.12/site-packages/airflow/example_dags/example_bash_decorator.py
[2026-09-15T21:28:43.657+0000] {processor.py:840} INFO - DAG(s) 'example_bash_decorator' retrieved from /home/airflow/.local/lib/python3.12/site-packages/airflow/example_dags/example_bash_decorator.py
[2026-09-15T21:28:43.695+0000] {logging_mixin.py:188} INFO - [2026-09-15T21:28:43.695+0000] {dag.py:3089} INFO - Sync 1 DAGs
[2026-09-15T21:28:43.712+0000] {logging_mixin.py:188} INFO - [2026-09-15T21:28:43.711+0000] {dag.py:3947} INFO - Setting next_dagrun for example_bash_decorator to None, run_after=None
[2026-09-15T21:28:43.733+0000] {processor.py:183} INFO - Processing /home/airflow/.local/lib/python3.12/site-packages/airflow/example_dags/example_bash_decorator.py took 0.100 seconds
[2026-09-15T21:29:13.891+0000] {processor.py:161} INFO - Started process (PID=3992) to work on /home/airflow/.local/lib/python3.12/site-packages/airflow/example_dags/example_bash_decorator.py
[2026-09-15T21:29:13.892+0000] {processor.py:830} INFO - Processing file /home/airflow/.local/lib/python3.12/site-packages/airflow/example_dags/example_bash_decorator.py for tasks to queue
[2026-09-15T21:29:13.894+0000] {logging_mixin.py:188} INFO - [2026-09-15T21:29:13.893+0000] {dagbag.py:545} INFO - Filling up the DagBag from /home/airflow/.local/lib/python3.12/site-packages/airflow/example_dags/example_bash_decorator.py
[2026-09-15T21:29:13.902+0000] {processor.py:840} INFO - DAG(s) 'example_bash_decorator' retrieved from /home/airflow/.local/lib/python3.12/site-packages/airflow/example_dags/example_bash_decorator.py
[2026-09-15T21:29:13.920+0000] {logging_mixin.py:188} INFO - [2026-09-15T21:29:13.920+0000] {dag.py:3089} INFO - Sync 1 DAGs
[2026-09-15T21:29:13.932+0000] {logging_mixin.py:188} INFO - [2026-09-15T21:29:13.932+0000] {dag.py:3947} INFO - Setting next_dagrun for example_bash_decorator to None, run_after=None
[2026-09-15T21:29:13.948+0000] {processor.py:183} INFO - Processing /home/airflow/.local/lib/python3.12/site-packages/airflow/example_dags/example_bash_decorator.py took 0.061 seconds
[2026-09-15T21:29:44.225+0000] {processor.py:161} INFO - Started process (PID=4261) to work on /home/airflow/.local/lib/python3.12/site-packages/airflow/example_dags/example_bash_decorator.py
[2026-09-15T21:29:44.227+0000] {processor.py:830} INFO - Processing file /home/airflow/.local/lib/python3.12/site-packages/airflow/example_dags/example_bash_decorator.py for tasks to queue
[2026-09-15T21:29:44.229+0000] {logging_mixin.py:188} INFO - [2026-09-15T21:29:44.228+0000] {dagbag.py:545} INFO - Filling up the DagBag from /home/airflow/.local/lib/python3.12/site-packages/airflow/example_dags/example_bash_decorator.py
[2026-09-15T21:29:44.238+0000] {processor.py:840} INFO - DAG(s) 'example_bash_decorator' retrieved from /home/airflow/.local/lib/python3.12/site-packages/airflow/example_dags/example_bash_decorator.py
[2026-09-15T21:29:44.256+0000] {logging_mixin.py:188} INFO - [2026-09-15T21:29:44.256+0000] {dag.py:3089} INFO - Sync 1 DAGs
[2026-09-15T21:29:44.266+0000] {logging_mixin.py:188} INFO - [2026-09-15T21:29:44.266+0000] {dag.py:3947} INFO - Setting next_dagrun for example_bash_decorator to None, run_after=None
[2026-09-15T21:29:44.282+0000] {processor.py:183} INFO - Processing /home/airflow/.local/lib/python3.12/site-packages/airflow/example_dags/example_bash_decorator.py took 0.060 seconds
[2026-09-15T21:30:14.508+0000] {processor.py:161} INFO - Started process (PID=4526) to work on /home/airflow/.local/lib/python3.12/site-packages/airflow/example_dags/example_bash_decorator.py
[2026-09-15T21:30:14.510+0000] {processor.py:830} INFO - Processing file /home/airflow/.local/lib/python3.12/site-packages/airflow/example_dags/example_bash_decorator.py for tasks to queue
[2026-09-15T21:30:14.512+0000] {logging_mixin.py:188} INFO - [2026-09-15T21:30:14.511+0000] {dagbag.py:545} INFO - Filling up the DagBag from /home/airflow/.local/lib/python3.12/site-packages/airflow/example_dags/example_bash_decorator.py
[2026-09-15T21:30:14.523+0000] {processor.py:840} INFO - DAG(s) 'example_bash_decorator' retrieved from /home/airflow/.local/lib/python3.12/site-packages/airflow/example_dags/example_bash_decorator.py
[2026-09-15T21:30:14.549+0000] {logging_mixin.py:188} INFO - [2026-09-15T21:30:14.549+0000] {dag.py:3089} INFO - Sync 1 DAGs
[2026-09-15T21:30:14.567+0000] {logging_mixin.py:188} INFO - [2026-09-15T21:30:14.566+0000] {dag.py:3947} INFO - Setting next_dagrun for example_bash_decorator to None, run_after=None
[2026-09-15T21:30:14.596+0000] {processor.py:183} INFO - Processing /home/airflow/.local/lib/python3.12/site-packages/airflow/example_dags/example_bash_decorator.py took 0.093 seconds
[2026-09-15T21:30:45.311+0000] {processor.py:161} INFO - Started process (PID=4788) to work on /home/airflow/.local/lib/python3.12/site-packages/airflow/example_dags/example_bash_decorator.py
[2026-09-15T21:30:45.312+0000] {processor.py:830} INFO - Processing file /home/airflow/.local/lib/python3.12/site-packages/airflow/example_dags/example_bash_decorator.py for tasks to queue
[2026-09-15T21:30:45.314+0000] {logging_mixin.py:188} INFO - [2026-09-15T21:30:45.314+0000] {dagbag.py:545} INFO - Filling up the DagBag from /home/airflow/.local/lib/python3.12/site-packages/airflow/example_dags/example_bash_decorator.py
[2026-09-15T21:30:45.323+0000] {processor.py:840} INFO - DAG(s) 'example_bash_decorator' retrieved from /home/airflow/.local/lib/python3.12/site-packages/airflow/example_dags/example_bash_decorator.py
[2026-09-15T21:30:45.341+0000] {logging_mixin.py:188} INFO - [2026-09-15T21:30:45.341+0000] {dag.py:3089} INFO - Sync 1 DAGs
[2026-09-15T21:30:45.352+0000] {logging_mixin.py:188} INFO - [2026-09-15T21:30:45.351+0000] {dag.py:3947} INFO - Setting next_dagrun for example_bash_decorator to None, run_after=None
[2026-09-15T21:30:45.367+0000] {processor.py:183} INFO - Processing /home/airflow/.local/lib/python3.12/site-packages/airflow/example_dags/example_bash_decorator.py took 0.060 seconds
[2026-09-15T21:31:15.838+0000] {processor.py:161} INFO - Started process (PID=5050) to work on /home/airflow/.local/lib/python3.12/site-packages/airflow/example_dags/example_bash_decorator.py
[2026-09-15T21:31:15.841+0000] {processor.py:830} INFO - Processing file /home/airflow/.local/lib/python3.12/site-packages/airflow/example_dags/example_bash_decorator.py for tasks to queue
[2026-09-15T21:31:15.845+0000] {logging_mixin.py:188} INFO - [2026-09-15T21:31:15.844+0000] {dagbag.py:545} INFO - Filling up the DagBag from /home/airflow/.local/lib/python3.12/site-packages/airflow/example_dags/example_bash_decorator.py
[2026-09-15T21:31:15.858+0000] {processor.py:840} INFO - DAG(s) 'example_bash_decorator' retrieved from /home/airflow/.local/lib/python3.12/site-packages/airflow/example_dags/example_bash_decorator.py
[2026-09-15T21:31:15.881+0000] {logging_mixin.py:188} INFO - [2026-09-15T21:31:15.881+0000] {dag.py:3089} INFO - Sync 1 DAGs
[2026-09-15T21:31:15.892+0000] {logging_mixin.py:188} INFO - [2026-09-15T21:31:15.892+0000] {dag.py:3947} INFO - Setting next_dagrun for example_bash_decorator to None, run_after=None
[2026-09-15T21:31:15.909+0000] {processor.py:183} INFO - Processing /home/airflow/.local/lib/python3.12/site-packages/airflow/example_dags/example_bash_decorator.py took 0.077 seconds
[2026-09-15T21:31:46.618+0000] {processor.py:161} INFO - Started process (PID=5312) to work on /home/airflow/.local/lib/python3.12/site-packages/airflow/example_dags/example_bash_decorator.py
[2026-09-15T21:31:46.619+0000] {processor.py:830} INFO - Processing file /home/airflow/.local/lib/python3.12/site-packages/airflow/example_dags/example_bash_decorator.py for tasks to queue
[2026-09-15T21:31:46.621+0000] {logging_mixin.py:188} INFO - [2026-09-15T21:31:46.621+0000] {dagbag.py:545} INFO - Filling up the DagBag from /home/airflow/.local/lib/python3.12/site-packages/airflow/example_dags/example_bash_decorator.py
[2026-09-15T21:31:46.630+0000] {processor.py:840} INFO - DAG(s) 'example_bash_decorator' retrieved from /home/airflow/.local/lib/python3.12/site-packages/airflow/example_dags/example_bash_decorator.py
[2026-09-15T21:31:46.649+0000] {logging_mixin.py:188} INFO - [2026-09-15T21:31:46.649+0000] {dag.py:3089} INFO - Sync 1 DAGs
[2026-09-15T21:31:46.658+0000] {logging_mixin.py:188} INFO - [2026-09-15T21:31:46.658+0000] {dag.py:3947} INFO - Setting next_dagrun for example_bash_decorator to None, run_after=None
[2026-09-15T21:31:46.672+0000] {processor.py:183} INFO - Processing /home/airflow/.local/lib/python3.12/site-packages/airflow/example_dags/example_bash_decorator.py took 0.059 seconds
[2026-09-15T21:32:17.491+0000] {processor.py:161} INFO - Started process (PID=5574) to work on /home/airflow/.local/lib/python3.12/site-packages/airflow/example_dags/example_bash_decorator.py
[2026-09-15T21:32:17.492+0000] {processor.py:830} INFO - Processing file /home/airflow/.local/lib/python3.12/site-packages/airflow/example_dags/example_bash_decorator.py for tasks to queue
[2026-09-15T21:32:17.493+0000] {logging_mixin.py:188} INFO - [2026-09-15T21:32:17.493+0000] {dagbag.py:545} INFO - Filling up the DagBag from /home/airflow/.local/lib/python3.12/site-packages/airflow/example_dags/example_bash_decorator.py
[2026-09-15T21:32:17.502+0000] {processor.py:840} INFO - DAG(s) 'example_bash_decorator' retrieved from /home/airflow/.local/lib/python3.12/site-packages/airflow/example_dags/example_bash_decorator.py
[2026-09-15T21:32:17.521+0000] {logging_mixin.py:188} INFO - [2026-09-15T21:32:17.520+0000] {dag.py:3089} INFO - Sync 1 DAGs
[2026-09-15T21:32:17.532+0000] {logging_mixin.py:188} INFO - [2026-09-15T21:32:17.532+0000] {dag.py:3947} INFO - Setting next_dagrun for example_bash_decorator to None, run_after=None
[2026-09-15T21:32:17.547+0000] {processor.py:183} INFO - Processing /home/airflow/.local/lib/python3.12/site-packages/airflow/example_dags/example_bash_decorator.py took 0.060 seconds
[2026-09-15T21:32:47.906+0000] {processor.py:161} INFO - Started process (PID=5836) to work on /home/airflow/.local/lib/python3.12/site-packages/airflow/example_dags/example_bash_decorator.py
[2026-09-15T21:32:47.908+0000] {processor.py:830} INFO - Processing file /home/airflow/.local/lib/python3.12/site-packages/airflow/example_dags/example_bash_decorator.py for tasks to queue
[2026-09-15T21:32:47.913+0000] {logging_mixin.py:188} INFO - [2026-09-15T21:32:47.913+0000] {dagbag.py:545} INFO - Filling up the DagBag from /home/airflow/.local/lib/python3.12/site-packages/airflow/example_dags/example_bash_decorator.py
[2026-09-15T21:32:47.923+0000] {processor.py:840} INFO - DAG(s) 'example_bash_decorator' retrieved from /home/airflow/.local/lib/python3.12/site-packages/airflow/example_dags/example_bash_decorator.py
[2026-09-15T21:32:47.943+0000] {logging_mixin.py:188} INFO - [2026-09-15T21:32:47.942+0000] {dag.py:3089} INFO - Sync 1 DAGs
[2026-09-15T21:32:47.952+0000] {logging_mixin.py:188} INFO - [2026-09-15T21:32:47.952+0000] {dag.py:3947} INFO - Setting next_dagrun for example_bash_decorator to None, run_after=None
[2026-09-15T21:32:47.967+0000] {processor.py:183} INFO - Processing /home/airflow/.local/lib/python3.12/site-packages/airflow/example_dags/example_bash_decorator.py took 0.066 seconds
[2026-09-15T21:33:18.983+0000] {processor.py:161} INFO - Started process (PID=6100) to work on /home/airflow/.local/lib/python3.12/site-packages/airflow/example_dags/example_bash_decorator.py
[2026-09-15T21:33:18.984+0000] {processor.py:830} INFO - Processing file /home/airflow/.local/lib/python3.12/site-packages/airflow/example_dags/example_bash_decorator.py for tasks to queue
[2026-09-15T21:33:18.986+0000] {logging_mixin.py:188} INFO - [2026-09-15T21:33:18.986+0000] {dagbag.py:545} INFO - Filling up the DagBag from /home/airflow/.local/lib/python3.12/site-packages/airflow/example_dags/example_bash_decorator.py
[2026-09-15T21:33:18.998+0000] {processor.py:840} INFO - DAG(s) 'example_bash_decorator' retrieved from /home/airflow/.local/lib/python3.12/site-packages/airflow/example_dags/example_bash_decorator.py
[2026-09-15T21:33:19.019+0000] {logging_mixin.py:188} INFO - [2026-09-15T21:33:19.018+0000] {dag.py:3089} INFO - Sync 1 DAGs
[2026-09-15T21:33:19.030+0000] {logging_mixin.py:188} INFO - [2026-09-15T21:33:19.030+0000] {dag.py:3947} INFO - Setting next_dagrun for example_bash_decorator to None, run_after=None
[2026-09-15T21:33:19.047+0000] {processor.py:183} INFO - Processing /home/airflow/.local/lib/python3.12/site-packages/airflow/example_dags/example_bash_decorator.py took 0.069 seconds
[2026-09-15T21:33:49.166+0000] {processor.py:161} INFO - Started process (PID=6364) to work on /home/airflow/.local/lib/python3.12/site-packages/airflow/example_dags/example_bash_decorator.py
[2026-09-15T21:33:49.168+0000] {processor.py:830} INFO - Processing file /home/airflow/.local/lib/python3.12/site-packages/airflow/example_dags/example_bash_decorator.py for tasks to queue
[2026-09-15T21:33:49.170+0000] {logging_mixin.py:188} INFO - [2026-09-15T21:33:49.169+0000] {dagbag.py:545} INFO - Filling up the DagBag from /home/airflow/.local/lib/python3.12/site-packages/airflow/example_dags/example_bash_decorator.py
[2026-09-15T21:33:49.180+0000] {processor.py:840} INFO - DAG(s) 'example_bash_decorator' retrieved from /home/airflow/.local/lib/python3.12/site-packages/airflow/example_dags/example_bash_decorator.py
[2026-09-15T21:33:49.198+0000] {logging_mixin.py:188} INFO - [2026-09-15T21:33:49.197+0000] {dag.py:3089} INFO - Sync 1 DAGs
[2026-09-15T21:33:49.208+0000] {logging_mixin.py:188} INFO - [2026-09-15T21:33:49.207+0000] {dag.py:3947} INFO - Setting next_dagrun for example_bash_decorator to None, run_after=None
[2026-09-15T21:33:49.224+0000] {processor.py:183} INFO - Processing /home/airflow/.local/lib/python3.12/site-packages/airflow/example_dags/example_bash_decorator.py took 0.062 seconds
[2026-09-15T21:34:19.327+0000] {processor.py:161} INFO - Started process (PID=6626) to work on /home/airflow/.local/lib/python3.12/site-packages/airflow/example_dags/example_bash_decorator.py
[2026-09-15T21:34:19.329+0000] {processor.py:830} INFO - Processing file /home/airflow/.local/lib/python3.12/site-packages/airflow/example_dags/example_bash_decorator.py for tasks to queue
[2026-09-15T21:34:19.331+0000] {logging_mixin.py:188} INFO - [2026-09-15T21:34:19.331+0000] {dagbag.py:545} INFO - Filling up the DagBag from /home/airflow/.local/lib/python3.12/site-packages/airflow/example_dags/example_bash_decorator.py
[2026-09-15T21:34:19.341+0000] {processor.py:840} INFO - DAG(s) 'example_bash_decorator' retrieved from /home/airflow/.local/lib/python3.12/site-packages/airflow/example_dags/example_bash_decorator.py
[2026-09-15T21:34:19.361+0000] {logging_mixin.py:188} INFO - [2026-09-15T21:34:19.361+0000] {dag.py:3089} INFO - Sync 1 DAGs
[2026-09-15T21:34:19.371+0000] {logging_mixin.py:188} INFO - [2026-09-15T21:34:19.370+0000] {dag.py:3947} INFO - Setting next_dagrun for example_bash_decorator to None, run_after=None
[2026-09-15T21:34:19.385+0000] {processor.py:183} INFO - Processing /home/airflow/.local/lib/python3.12/site-packages/airflow/example_dags/example_bash_decorator.py took 0.063 seconds
[2026-09-15T21:34:49.685+0000] {processor.py:161} INFO - Started process (PID=6888) to work on /home/airflow/.local/lib/python3.12/site-packages/airflow/example_dags/example_bash_decorator.py
[2026-09-15T21:34:49.687+0000] {processor.py:830} INFO - Processing file /home/airflow/.local/lib/python3.12/site-packages/airflow/example_dags/example_bash_decorator.py for tasks to queue
[2026-09-15T21:34:49.688+0000] {logging_mixin.py:188} INFO - [2026-09-15T21:34:49.688+0000] {dagbag.py:545} INFO - Filling up the DagBag from /home/airflow/.local/lib/python3.12/site-packages/airflow/example_dags/example_bash_decorator.py
[2026-09-15T21:34:49.698+0000] {processor.py:840} INFO - DAG(s) 'example_bash_decorator' retrieved from /home/airflow/.local/lib/python3.12/site-packages/airflow/example_dags/example_bash_decorator.py
[2026-09-15T21:34:49.717+0000] {logging_mixin.py:188} INFO - [2026-09-15T21:34:49.716+0000] {dag.py:3089} INFO - Sync 1 DAGs
[2026-09-15T21:34:49.726+0000] {logging_mixin.py:188} INFO - [2026-09-15T21:34:49.725+0000] {dag.py:3947} INFO - Setting next_dagrun for example_bash_decorator to None, run_after=None
[2026-09-15T21:34:49.740+0000] {processor.py:183} INFO - Processing /home/airflow/.local/lib/python3.12/site-packages/airflow/example_dags/example_bash_decorator.py took 0.059 seconds
[2026-09-15T21:35:19.899+0000] {processor.py:161} INFO - Started process (PID=7149) to work on /home/airflow/.local/lib/python3.12/site-packages/airflow/example_dags/example_bash_decorator.py
[2026-09-15T21:35:19.900+0000] {processor.py:830} INFO - Processing file /home/airflow/.local/lib/python3.12/site-packages/airflow/example_dags/example_bash_decorator.py for tasks to queue
[2026-09-15T21:35:19.902+0000] {logging_mixin.py:188} INFO - [2026-09-15T21:35:19.901+0000] {dagbag.py:545} INFO - Filling up the DagBag from /home/airflow/.local/lib/python3.12/site-packages/airflow/example_dags/example_bash_decorator.py
[2026-09-15T21:35:19.912+0000] {processor.py:840} INFO - DAG(s) 'example_bash_decorator' retrieved from /home/airflow/.local/lib/python3.12/site-packages/airflow/example_dags/example_bash_decorator.py
[2026-09-15T21:35:19.931+0000] {logging_mixin.py:188} INFO - [2026-09-15T21:35:19.931+0000] {dag.py:3089} INFO - Sync 1 DAGs
[2026-09-15T21:35:19.940+0000] {logging_mixin.py:188} INFO - [2026-09-15T21:35:19.940+0000] {dag.py:3947} INFO - Setting next_dagrun for example_bash_decorator to None, run_after=None
[2026-09-15T21:35:19.954+0000] {processor.py:183} INFO - Processing /home/airflow/.local/lib/python3.12/site-packages/airflow/example_dags/example_bash_decorator.py took 0.059 seconds
[2026-09-15T21:35:50.342+0000] {processor.py:161} INFO - Started process (PID=7411) to work on /home/airflow/.local/lib/python3.12/site-packages/airflow/example_dags/example_bash_decorator.py
[2026-09-15T21:35:50.343+0000] {processor.py:830} INFO - Processing file /home/airflow/.local/lib/python3.12/site-packages/airflow/example_dags/example_bash_decorator.py for tasks to queue
[2026-09-15T21:35:50.345+0000] {logging_mixin.py:188} INFO - [2026-09-15T21:35:50.345+0000] {dagbag.py:545} INFO - Filling up the DagBag from /home/airflow/.local/lib/python3.12/site-packages/airflow/example_dags/example_bash_decorator.py
[2026-09-15T21:35:50.354+0000] {processor.py:840} INFO - DAG(s) 'example_bash_decorator' retrieved from /home/airflow/.local/lib/python3.12/site-packages/airflow/example_dags/example_bash_decorator.py
[2026-09-15T21:35:50.372+0000] {logging_mixin.py:188} INFO - [2026-09-15T21:35:50.372+0000] {dag.py:3089} INFO - Sync 1 DAGs
[2026-09-15T21:35:50.381+0000] {logging_mixin.py:188} INFO - [2026-09-15T21:35:50.381+0000] {dag.py:3947} INFO - Setting next_dagrun for example_bash_decorator to None, run_after=None
[2026-09-15T21:35:50.394+0000] {processor.py:183} INFO - Processing /home/airflow/.local/lib/python3.12/site-packages/airflow/example_dags/example_bash_decorator.py took 0.056 seconds
[2026-09-15T21:36:20.537+0000] {processor.py:161} INFO - Started process (PID=7675) to work on /home/airflow/.local/lib/python3.12/site-packages/airflow/example_dags/example_bash_decorator.py
[2026-09-15T21:36:20.538+0000] {processor.py:830} INFO - Processing file /home/airflow/.local/lib/python3.12/site-packages/airflow/example_dags/example_bash_decorator.py for tasks to queue
[2026-09-15T21:36:20.541+0000] {logging_mixin.py:188} INFO - [2026-09-15T21:36:20.540+0000] {dagbag.py:545} INFO - Filling up the DagBag from /home/airflow/.local/lib/python3.12/site-packages/airflow/example_dags/example_bash_decorator.py
[2026-09-15T21:36:20.550+0000] {processor.py:840} INFO - DAG(s) 'example_bash_decorator' retrieved from /home/airflow/.local/lib/python3.12/site-packages/airflow/example_dags/example_bash_decorator.py
[2026-09-15T21:36:20.568+0000] {logging_mixin.py:188} INFO - [2026-09-15T21:36:20.568+0000] {dag.py:3089} INFO - Sync 1 DAGs
[2026-09-15T21:36:20.578+0000] {logging_mixin.py:188} INFO - [2026-09-15T21:36:20.578+0000] {dag.py:3947} INFO - Setting next_dagrun for example_bash_decorator to None, run_after=None
[2026-09-15T21:36:20.595+0000] {processor.py:183} INFO - Processing /home/airflow/.local/lib/python3.12/site-packages/airflow/example_dags/example_bash_decorator.py took 0.062 seconds
[2026-09-15T21:36:50.679+0000] {processor.py:161} INFO - Started process (PID=7935) to work on /home/airflow/.local/lib/python3.12/site-packages/airflow/example_dags/example_bash_decorator.py
[2026-09-15T21:36:50.681+0000] {processor.py:830} INFO - Processing file /home/airflow/.local/lib/python3.12/site-packages/airflow/example_dags/example_bash_decorator.py for tasks to queue
[2026-09-15T21:36:50.683+0000] {logging_mixin.py:188} INFO - [2026-09-15T21:36:50.682+0000] {dagbag.py:545} INFO - Filling up the DagBag from /home/airflow/.local/lib/python3.12/site-packages/airflow/example_dags/example_bash_decorator.py
[2026-09-15T21:36:50.695+0000] {processor.py:840} INFO - DAG(s) 'example_bash_decorator' retrieved from /home/airflow/.local/lib/python3.12/site-packages/airflow/example_dags/example_bash_decorator.py
[2026-09-15T21:36:50.718+0000] {logging_mixin.py:188} INFO - [2026-09-15T21:36:50.717+0000] {dag.py:3089} INFO - Sync 1 DAGs
[2026-09-15T21:36:50.730+0000] {logging_mixin.py:188} INFO - [2026-09-15T21:36:50.730+0000] {dag.py:3947} INFO - Setting next_dagrun for example_bash_decorator to None, run_after=None
[2026-09-15T21:36:50.748+0000] {processor.py:183} INFO - Processing /home/airflow/.local/lib/python3.12/site-packages/airflow/example_dags/example_bash_decorator.py took 0.074 seconds
[2026-09-15T21:37:21.027+0000] {processor.py:161} INFO - Started process (PID=8197) to work on /home/airflow/.local/lib/python3.12/site-packages/airflow/example_dags/example_bash_decorator.py
[2026-09-15T21:37:21.028+0000] {processor.py:830} INFO - Processing file /home/airflow/.local/lib/python3.12/site-packages/airflow/example_dags/example_bash_decorator.py for tasks to queue
[2026-09-15T21:37:21.030+0000] {logging_mixin.py:188} INFO - [2026-09-15T21:37:21.030+0000] {dagbag.py:545} INFO - Filling up the DagBag from /home/airflow/.local/lib/python3.12/site-packages/airflow/example_dags/example_bash_decorator.py
[2026-09-15T21:37:21.039+0000] {processor.py:840} INFO - DAG(s) 'example_bash_decorator' retrieved from /home/airflow/.local/lib/python3.12/site-packages/airflow/example_dags/example_bash_decorator.py
[2026-09-15T21:37:21.057+0000] {logging_mixin.py:188} INFO - [2026-09-15T21:37:21.057+0000] {dag.py:3089} INFO - Sync 1 DAGs
[2026-09-15T21:37:21.066+0000] {logging_mixin.py:188} INFO - [2026-09-15T21:37:21.066+0000] {dag.py:3947} INFO - Setting next_dagrun for example_bash_decorator to None, run_after=None
[2026-09-15T21:37:21.081+0000] {processor.py:183} INFO - Processing /home/airflow/.local/lib/python3.12/site-packages/airflow/example_dags/example_bash_decorator.py took 0.058 seconds
[2026-09-15T21:37:51.463+0000] {processor.py:161} INFO - Started process (PID=8461) to work on /home/airflow/.local/lib/python3.12/site-packages/airflow/example_dags/example_bash_decorator.py
[2026-09-15T21:37:51.464+0000] {processor.py:830} INFO - Processing file /home/airflow/.local/lib/python3.12/site-packages/airflow/example_dags/example_bash_decorator.py for tasks to queue
[2026-09-15T21:37:51.466+0000] {logging_mixin.py:188} INFO - [2026-09-15T21:37:51.466+0000] {dagbag.py:545} INFO - Filling up the DagBag from /home/airflow/.local/lib/python3.12/site-packages/airflow/example_dags/example_bash_decorator.py
[2026-09-15T21:37:51.475+0000] {processor.py:840} INFO - DAG(s) 'example_bash_decorator' retrieved from /home/airflow/.local/lib/python3.12/site-packages/airflow/example_dags/example_bash_decorator.py
[2026-09-15T21:37:51.494+0000] {logging_mixin.py:188} INFO - [2026-09-15T21:37:51.494+0000] {dag.py:3089} INFO - Sync 1 DAGs
[2026-09-15T21:37:51.504+0000] {logging_mixin.py:188} INFO - [2026-09-15T21:37:51.504+0000] {dag.py:3947} INFO - Setting next_dagrun for example_bash_decorator to None, run_after=None
[2026-09-15T21:37:51.520+0000] {processor.py:183} INFO - Processing /home/airflow/.local/lib/python3.12/site-packages/airflow/example_dags/example_bash_decorator.py took 0.061 seconds
[2026-09-15T21:38:21.756+0000] {processor.py:161} INFO - Started process (PID=8721) to work on /home/airflow/.local/lib/python3.12/site-packages/airflow/example_dags/example_bash_decorator.py
[2026-09-15T21:38:21.758+0000] {processor.py:830} INFO - Processing file /home/airflow/.local/lib/python3.12/site-packages/airflow/example_dags/example_bash_decorator.py for tasks to queue
[2026-09-15T21:38:21.760+0000] {logging_mixin.py:188} INFO - [2026-09-15T21:38:21.759+0000] {dagbag.py:545} INFO - Filling up the DagBag from /home/airflow/.local/lib/python3.12/site-packages/airflow/example_dags/example_bash_decorator.py
[2026-09-15T21:38:21.769+0000] {processor.py:840} INFO - DAG(s) 'example_bash_decorator' retrieved from /home/airflow/.local/lib/python3.12/site-packages/airflow/example_dags/example_bash_decorator.py
[2026-09-15T21:38:21.790+0000] {logging_mixin.py:188} INFO - [2026-09-15T21:38:21.789+0000] {dag.py:3089} INFO - Sync 1 DAGs
[2026-09-15T21:38:21.800+0000] {logging_mixin.py:188} INFO - [2026-09-15T21:38:21.800+0000] {dag.py:3947} INFO - Setting next_dagrun for example_bash_decorator to None, run_after=None
[2026-09-15T21:38:21.816+0000] {processor.py:183} INFO - Processing /home/airflow/.local/lib/python3.12/site-packages/airflow/example_dags/example_bash_decorator.py took 0.064 seconds
[2026-09-15T21:38:52.154+0000] {processor.py:161} INFO - Started process (PID=9014) to work on /home/airflow/.local/lib/python3.12/site-packages/airflow/example_dags/example_bash_decorator.py
[2026-09-15T21:38:52.156+0000] {processor.py:830} INFO - Processing file /home/airflow/.local/lib/python3.12/site-packages/airflow/example_dags/example_bash_decorator.py for tasks to queue
[2026-09-15T21:38:52.157+0000] {logging_mixin.py:188} INFO - [2026-09-15T21:38:52.157+0000] {dagbag.py:545} INFO - Filling up the DagBag from /home/airflow/.local/lib/python3.12/site-packages/airflow/example_dags/example_bash_decorator.py
[2026-09-15T21:38:52.167+0000] {processor.py:840} INFO - DAG(s) 'example_bash_decorator' retrieved from /home/airflow/.local/lib/python3.12/site-packages/airflow/example_dags/example_bash_decorator.py
[2026-09-15T21:38:52.187+0000] {logging_mixin.py:188} INFO - [2026-09-15T21:38:52.186+0000] {dag.py:3089} INFO - Sync 1 DAGs
[2026-09-15T21:38:52.197+0000] {logging_mixin.py:188} INFO - [2026-09-15T21:38:52.197+0000] {dag.py:3947} INFO - Setting next_dagrun for example_bash_decorator to None, run_after=None
[2026-09-15T21:38:52.213+0000] {processor.py:183} INFO - Processing /home/airflow/.local/lib/python3.12/site-packages/airflow/example_dags/example_bash_decorator.py took 0.063 seconds
[2026-09-15T21:39:22.370+0000] {processor.py:161} INFO - Started process (PID=9274) to work on /home/airflow/.local/lib/python3.12/site-packages/airflow/example_dags/example_bash_decorator.py
[2026-09-15T21:39:22.371+0000] {processor.py:830} INFO - Processing file /home/airflow/.local/lib/python3.12/site-packages/airflow/example_dags/example_bash_decorator.py for tasks to queue
[2026-09-15T21:39:22.373+0000] {logging_mixin.py:188} INFO - [2026-09-15T21:39:22.373+0000] {dagbag.py:545} INFO - Filling up the DagBag from /home/airflow/.local/lib/python3.12/site-packages/airflow/example_dags/example_bash_decorator.py
[2026-09-15T21:39:22.385+0000] {processor.py:840} INFO - DAG(s) 'example_bash_decorator' retrieved from /home/airflow/.local/lib/python3.12/site-packages/airflow/example_dags/example_bash_decorator.py
[2026-09-15T21:39:22.422+0000] {logging_mixin.py:188} INFO - [2026-09-15T21:39:22.421+0000] {dag.py:3089} INFO - Sync 1 DAGs
[2026-09-15T21:39:22.440+0000] {logging_mixin.py:188} INFO - [2026-09-15T21:39:22.440+0000] {dag.py:3947} INFO - Setting next_dagrun for example_bash_decorator to None, run_after=None
[2026-09-15T21:39:22.460+0000] {processor.py:183} INFO - Processing /home/airflow/.local/lib/python3.12/site-packages/airflow/example_dags/example_bash_decorator.py took 0.095 seconds
[2026-09-15T21:39:52.504+0000] {processor.py:161} INFO - Started process (PID=9536) to work on /home/airflow/.local/lib/python3.12/site-packages/airflow/example_dags/example_bash_decorator.py
[2026-09-15T21:39:52.505+0000] {processor.py:830} INFO - Processing file /home/airflow/.local/lib/python3.12/site-packages/airflow/example_dags/example_bash_decorator.py for tasks to queue
[2026-09-15T21:39:52.507+0000] {logging_mixin.py:188} INFO - [2026-09-15T21:39:52.507+0000] {dagbag.py:545} INFO - Filling up the DagBag from /home/airflow/.local/lib/python3.12/site-packages/airflow/example_dags/example_bash_decorator.py
[2026-09-15T21:39:52.516+0000] {processor.py:840} INFO - DAG(s) 'example_bash_decorator' retrieved from /home/airflow/.local/lib/python3.12/site-packages/airflow/example_dags/example_bash_decorator.py
[2026-09-15T21:39:52.535+0000] {logging_mixin.py:188} INFO - [2026-09-15T21:39:52.534+0000] {dag.py:3089} INFO - Sync 1 DAGs
[2026-09-15T21:39:52.544+0000] {logging_mixin.py:188} INFO - [2026-09-15T21:39:52.544+0000] {dag.py:3947} INFO - Setting next_dagrun for example_bash_decorator to None, run_after=None
[2026-09-15T21:39:52.559+0000] {processor.py:183} INFO - Processing /home/airflow/.local/lib/python3.12/site-packages/airflow/example_dags/example_bash_decorator.py took 0.059 seconds
[2026-09-15T21:40:22.743+0000] {processor.py:161} INFO - Started process (PID=9798) to work on /home/airflow/.local/lib/python3.12/site-packages/airflow/example_dags/example_bash_decorator.py
[2026-09-15T21:40:22.744+0000] {processor.py:830} INFO - Processing file /home/airflow/.local/lib/python3.12/site-packages/airflow/example_dags/example_bash_decorator.py for tasks to queue
[2026-09-15T21:40:22.747+0000] {logging_mixin.py:188} INFO - [2026-09-15T21:40:22.746+0000] {dagbag.py:545} INFO - Filling up the DagBag from /home/airflow/.local/lib/python3.12/site-packages/airflow/example_dags/example_bash_decorator.py
[2026-09-15T21:40:22.756+0000] {processor.py:840} INFO - DAG(s) 'example_bash_decorator' retrieved from /home/airflow/.local/lib/python3.12/site-packages/airflow/example_dags/example_bash_decorator.py
[2026-09-15T21:40:22.776+0000] {logging_mixin.py:188} INFO - [2026-09-15T21:40:22.776+0000] {dag.py:3089} INFO - Sync 1 DAGs
[2026-09-15T21:40:22.786+0000] {logging_mixin.py:188} INFO - [2026-09-15T21:40:22.786+0000] {dag.py:3947} INFO - Setting next_dagrun for example_bash_decorator to None, run_after=None
[2026-09-15T21:40:22.802+0000] {processor.py:183} INFO - Processing /home/airflow/.local/lib/python3.12/site-packages/airflow/example_dags/example_bash_decorator.py took 0.063 seconds
[2026-09-15T21:40:53.438+0000] {processor.py:161} INFO - Started process (PID=10060) to work on /home/airflow/.local/lib/python3.12/site-packages/airflow/example_dags/example_bash_decorator.py
[2026-09-15T21:40:53.439+0000] {processor.py:830} INFO - Processing file /home/airflow/.local/lib/python3.12/site-packages/airflow/example_dags/example_bash_decorator.py for tasks to queue
[2026-09-15T21:40:53.441+0000] {logging_mixin.py:188} INFO - [2026-09-15T21:40:53.441+0000] {dagbag.py:545} INFO - Filling up the DagBag from /home/airflow/.local/lib/python3.12/site-packages/airflow/example_dags/example_bash_decorator.py
[2026-09-15T21:40:53.450+0000] {processor.py:840} INFO - DAG(s) 'example_bash_decorator' retrieved from /home/airflow/.local/lib/python3.12/site-packages/airflow/example_dags/example_bash_decorator.py
[2026-09-15T21:40:53.469+0000] {logging_mixin.py:188} INFO - [2026-09-15T21:40:53.469+0000] {dag.py:3089} INFO - Sync 1 DAGs
[2026-09-15T21:40:53.480+0000] {logging_mixin.py:188} INFO - [2026-09-15T21:40:53.479+0000] {dag.py:3947} INFO - Setting next_dagrun for example_bash_decorator to None, run_after=None
[2026-09-15T21:40:53.496+0000] {processor.py:183} INFO - Processing /home/airflow/.local/lib/python3.12/site-packages/airflow/example_dags/example_bash_decorator.py took 0.062 seconds
[2026-09-15T21:41:24.414+0000] {processor.py:161} INFO - Started process (PID=10324) to work on /home/airflow/.local/lib/python3.12/site-packages/airflow/example_dags/example_bash_decorator.py
[2026-09-15T21:41:24.415+0000] {processor.py:830} INFO - Processing file /home/airflow/.local/lib/python3.12/site-packages/airflow/example_dags/example_bash_decorator.py for tasks to queue
[2026-09-15T21:41:24.418+0000] {logging_mixin.py:188} INFO - [2026-09-15T21:41:24.417+0000] {dagbag.py:545} INFO - Filling up the DagBag from /home/airflow/.local/lib/python3.12/site-packages/airflow/example_dags/example_bash_decorator.py
[2026-09-15T21:41:24.430+0000] {processor.py:840} INFO - DAG(s) 'example_bash_decorator' retrieved from /home/airflow/.local/lib/python3.12/site-packages/airflow/example_dags/example_bash_decorator.py
[2026-09-15T21:41:24.453+0000] {logging_mixin.py:188} INFO - [2026-09-15T21:41:24.453+0000] {dag.py:3089} INFO - Sync 1 DAGs
[2026-09-15T21:41:24.465+0000] {logging_mixin.py:188} INFO - [2026-09-15T21:41:24.464+0000] {dag.py:3947} INFO - Setting next_dagrun for example_bash_decorator to None, run_after=None
[2026-09-15T21:41:24.481+0000] {processor.py:183} INFO - Processing /home/airflow/.local/lib/python3.12/site-packages/airflow/example_dags/example_bash_decorator.py took 0.072 seconds
[2026-09-15T21:41:55.346+0000] {processor.py:161} INFO - Started process (PID=10584) to work on /home/airflow/.local/lib/python3.12/site-packages/airflow/example_dags/example_bash_decorator.py
[2026-09-15T21:41:55.348+0000] {processor.py:830} INFO - Processing file /home/airflow/.local/lib/python3.12/site-packages/airflow/example_dags/example_bash_decorator.py for tasks to queue
[2026-09-15T21:41:55.350+0000] {logging_mixin.py:188} INFO - [2026-09-15T21:41:55.349+0000] {dagbag.py:545} INFO - Filling up the DagBag from /home/airflow/.local/lib/python3.12/site-packages/airflow/example_dags/example_bash_decorator.py
[2026-09-15T21:41:55.360+0000] {processor.py:840} INFO - DAG(s) 'example_bash_decorator' retrieved from /home/airflow/.local/lib/python3.12/site-packages/airflow/example_dags/example_bash_decorator.py
[2026-09-15T21:41:55.382+0000] {logging_mixin.py:188} INFO - [2026-09-15T21:41:55.381+0000] {dag.py:3089} INFO - Sync 1 DAGs
[2026-09-15T21:41:55.526+0000] {logging_mixin.py:188} INFO - [2026-09-15T21:41:55.526+0000] {dag.py:3947} INFO - Setting next_dagrun for example_bash_decorator to None, run_after=None
[2026-09-15T21:41:55.540+0000] {processor.py:183} INFO - Processing /home/airflow/.local/lib/python3.12/site-packages/airflow/example_dags/example_bash_decorator.py took 0.198 seconds
[2026-09-15T21:42:25.923+0000] {processor.py:161} INFO - Started process (PID=10846) to work on /home/airflow/.local/lib/python3.12/site-packages/airflow/example_dags/example_bash_decorator.py
[2026-09-15T21:42:25.925+0000] {processor.py:830} INFO - Processing file /home/airflow/.local/lib/python3.12/site-packages/airflow/example_dags/example_bash_decorator.py for tasks to queue
[2026-09-15T21:42:25.927+0000] {logging_mixin.py:188} INFO - [2026-09-15T21:42:25.926+0000] {dagbag.py:545} INFO - Filling up the DagBag from /home/airflow/.local/lib/python3.12/site-packages/airflow/example_dags/example_bash_decorator.py
[2026-09-15T21:42:25.936+0000] {processor.py:840} INFO - DAG(s) 'example_bash_decorator' retrieved from /home/airflow/.local/lib/python3.12/site-packages/airflow/example_dags/example_bash_decorator.py
[2026-09-15T21:42:25.957+0000] {logging_mixin.py:188} INFO - [2026-09-15T21:42:25.956+0000] {dag.py:3089} INFO - Sync 1 DAGs
[2026-09-15T21:42:25.969+0000] {logging_mixin.py:188} INFO - [2026-09-15T21:42:25.969+0000] {dag.py:3947} INFO - Setting next_dagrun for example_bash_decorator to None, run_after=None
[2026-09-15T21:42:26.161+0000] {processor.py:183} INFO - Processing /home/airflow/.local/lib/python3.12/site-packages/airflow/example_dags/example_bash_decorator.py took 0.243 seconds
[2026-09-15T21:42:56.214+0000] {processor.py:161} INFO - Started process (PID=11108) to work on /home/airflow/.local/lib/python3.12/site-packages/airflow/example_dags/example_bash_decorator.py
[2026-09-15T21:42:56.216+0000] {processor.py:830} INFO - Processing file /home/airflow/.local/lib/python3.12/site-packages/airflow/example_dags/example_bash_decorator.py for tasks to queue
[2026-09-15T21:42:56.217+0000] {logging_mixin.py:188} INFO - [2026-09-15T21:42:56.217+0000] {dagbag.py:545} INFO - Filling up the DagBag from /home/airflow/.local/lib/python3.12/site-packages/airflow/example_dags/example_bash_decorator.py
[2026-09-15T21:42:56.227+0000] {processor.py:840} INFO - DAG(s) 'example_bash_decorator' retrieved from /home/airflow/.local/lib/python3.12/site-packages/airflow/example_dags/example_bash_decorator.py
[2026-09-15T21:42:56.251+0000] {logging_mixin.py:188} INFO - [2026-09-15T21:42:56.251+0000] {dag.py:3089} INFO - Sync 1 DAGs
[2026-09-15T21:42:56.264+0000] {logging_mixin.py:188} INFO - [2026-09-15T21:42:56.263+0000] {dag.py:3947} INFO - Setting next_dagrun for example_bash_decorator to None, run_after=None
[2026-09-15T21:42:56.284+0000] {processor.py:183} INFO - Processing /home/airflow/.local/lib/python3.12/site-packages/airflow/example_dags/example_bash_decorator.py took 0.075 seconds
[2026-09-15T21:43:26.458+0000] {processor.py:161} INFO - Started process (PID=11370) to work on /home/airflow/.local/lib/python3.12/site-packages/airflow/example_dags/example_bash_decorator.py
[2026-09-15T21:43:26.460+0000] {processor.py:830} INFO - Processing file /home/airflow/.local/lib/python3.12/site-packages/airflow/example_dags/example_bash_decorator.py for tasks to queue
[2026-09-15T21:43:26.463+0000] {logging_mixin.py:188} INFO - [2026-09-15T21:43:26.463+0000] {dagbag.py:545} INFO - Filling up the DagBag from /home/airflow/.local/lib/python3.12/site-packages/airflow/example_dags/example_bash_decorator.py
[2026-09-15T21:43:26.479+0000] {processor.py:840} INFO - DAG(s) 'example_bash_decorator' retrieved from /home/airflow/.local/lib/python3.12/site-packages/airflow/example_dags/example_bash_decorator.py
[2026-09-15T21:43:26.505+0000] {logging_mixin.py:188} INFO - [2026-09-15T21:43:26.505+0000] {dag.py:3089} INFO - Sync 1 DAGs
[2026-09-15T21:43:26.520+0000] {logging_mixin.py:188} INFO - [2026-09-15T21:43:26.520+0000] {dag.py:3947} INFO - Setting next_dagrun for example_bash_decorator to None, run_after=None
[2026-09-15T21:43:26.540+0000] {processor.py:183} INFO - Processing /home/airflow/.local/lib/python3.12/site-packages/airflow/example_dags/example_bash_decorator.py took 0.090 seconds
[2026-09-15T21:43:56.637+0000] {processor.py:161} INFO - Started process (PID=11632) to work on /home/airflow/.local/lib/python3.12/site-packages/airflow/example_dags/example_bash_decorator.py
[2026-09-15T21:43:56.638+0000] {processor.py:830} INFO - Processing file /home/airflow/.local/lib/python3.12/site-packages/airflow/example_dags/example_bash_decorator.py for tasks to queue
[2026-09-15T21:43:56.640+0000] {logging_mixin.py:188} INFO - [2026-09-15T21:43:56.640+0000] {dagbag.py:545} INFO - Filling up the DagBag from /home/airflow/.local/lib/python3.12/site-packages/airflow/example_dags/example_bash_decorator.py
[2026-09-15T21:43:56.650+0000] {processor.py:840} INFO - DAG(s) 'example_bash_decorator' retrieved from /home/airflow/.local/lib/python3.12/site-packages/airflow/example_dags/example_bash_decorator.py
[2026-09-15T21:43:56.667+0000] {logging_mixin.py:188} INFO - [2026-09-15T21:43:56.667+0000] {dag.py:3089} INFO - Sync 1 DAGs
[2026-09-15T21:43:56.676+0000] {logging_mixin.py:188} INFO - [2026-09-15T21:43:56.676+0000] {dag.py:3947} INFO - Setting next_dagrun for example_bash_decorator to None, run_after=None
[2026-09-15T21:43:56.690+0000] {processor.py:183} INFO - Processing /home/airflow/.local/lib/python3.12/site-packages/airflow/example_dags/example_bash_decorator.py took 0.057 seconds
[2026-09-15T21:44:26.786+0000] {processor.py:161} INFO - Started process (PID=11894) to work on /home/airflow/.local/lib/python3.12/site-packages/airflow/example_dags/example_bash_decorator.py
[2026-09-15T21:44:26.788+0000] {processor.py:830} INFO - Processing file /home/airflow/.local/lib/python3.12/site-packages/airflow/example_dags/example_bash_decorator.py for tasks to queue
[2026-09-15T21:44:26.789+0000] {logging_mixin.py:188} INFO - [2026-09-15T21:44:26.789+0000] {dagbag.py:545} INFO - Filling up the DagBag from /home/airflow/.local/lib/python3.12/site-packages/airflow/example_dags/example_bash_decorator.py
[2026-09-15T21:44:26.800+0000] {processor.py:840} INFO - DAG(s) 'example_bash_decorator' retrieved from /home/airflow/.local/lib/python3.12/site-packages/airflow/example_dags/example_bash_decorator.py
[2026-09-15T21:44:26.822+0000] {logging_mixin.py:188} INFO - [2026-09-15T21:44:26.822+0000] {dag.py:3089} INFO - Sync 1 DAGs
[2026-09-15T21:44:26.833+0000] {logging_mixin.py:188} INFO - [2026-09-15T21:44:26.832+0000] {dag.py:3947} INFO - Setting next_dagrun for example_bash_decorator to None, run_after=None
[2026-09-15T21:44:26.850+0000] {processor.py:183} INFO - Processing /home/airflow/.local/lib/python3.12/site-packages/airflow/example_dags/example_bash_decorator.py took 0.068 seconds
[2026-09-15T21:44:57.985+0000] {processor.py:161} INFO - Started process (PID=12226) to work on /home/airflow/.local/lib/python3.12/site-packages/airflow/example_dags/example_bash_decorator.py
[2026-09-15T21:44:57.987+0000] {processor.py:830} INFO - Processing file /home/airflow/.local/lib/python3.12/site-packages/airflow/example_dags/example_bash_decorator.py for tasks to queue
[2026-09-15T21:44:57.990+0000] {logging_mixin.py:188} INFO - [2026-09-15T21:44:57.989+0000] {dagbag.py:545} INFO - Filling up the DagBag from /home/airflow/.local/lib/python3.12/site-packages/airflow/example_dags/example_bash_decorator.py
[2026-09-15T21:44:58.011+0000] {processor.py:840} INFO - DAG(s) 'example_bash_decorator' retrieved from /home/airflow/.local/lib/python3.12/site-packages/airflow/example_dags/example_bash_decorator.py
[2026-09-15T21:44:58.039+0000] {logging_mixin.py:188} INFO - [2026-09-15T21:44:58.039+0000] {dag.py:3089} INFO - Sync 1 DAGs
[2026-09-15T21:44:58.054+0000] {logging_mixin.py:188} INFO - [2026-09-15T21:44:58.054+0000] {dag.py:3947} INFO - Setting next_dagrun for example_bash_decorator to None, run_after=None
[2026-09-15T21:44:58.083+0000] {processor.py:183} INFO - Processing /home/airflow/.local/lib/python3.12/site-packages/airflow/example_dags/example_bash_decorator.py took 0.104 seconds
