[2026-09-15T21:00:59.554+0000] {processor.py:161} INFO - Started process (PID=75) to work on /home/airflow/.local/lib/python3.12/site-packages/airflow/example_dags/example_python_operator.py
[2026-09-15T21:00:59.556+0000] {processor.py:830} INFO - Processing file /home/airflow/.local/lib/python3.12/site-packages/airflow/example_dags/example_python_operator.py for tasks to queue
[2026-09-15T21:00:59.558+0000] {logging_mixin.py:188} INFO - [2026-09-15T21:00:59.557+0000] {dagbag.py:545} INFO - Filling up the DagBag from /home/airflow/.local/lib/python3.12/site-packages/airflow/example_dags/example_python_operator.py
[2026-09-15T21:00:59.567+0000] {processor.py:840} INFO - DAG(s) 'example_python_operator' retrieved from /home/airflow/.local/lib/python3.12/site-packages/airflow/example_dags/example_python_operator.py
[2026-09-15T21:00:59.582+0000] {logging_mixin.py:188} INFO - [2026-09-15T21:00:59.581+0000] {dag.py:3089} INFO - Sync 1 DAGs
[2026-09-15T21:00:59.594+0000] {logging_mixin.py:188} INFO - [2026-09-15T21:00:59.594+0000] {dag.py:3947} INFO - Setting next_dagrun for example_python_operator to None, run_after=None
[2026-09-15T21:00:59.615+0000] {processor.py:183} INFO - Processing /home/airflow/.local/lib/python3.12/site-packages/airflow/example_dags/example_python_operator.py took 0.065 seconds
[2026-09-15T21:01:31.042+0000] {processor.py:161} INFO - Started process (PID=133) to work on /home/airflow/.local/lib/python3.12/site-packages/airflow/example_dags/example_python_operator.py
[2026-09-15T21:01:31.043+0000] {processor.py:830} INFO - Processing file /home/airflow/.local/lib/python3.12/site-packages/airflow/example_dags/example_python_operator.py for tasks to queue
[2026-09-15T21:01:31.045+0000] {logging_mixin.py:188} INFO - [2026-09-15T21:01:31.045+0000] {dagbag.py:545} INFO - Filling up the DagBag from /home/airflow/.local/lib/python3.12/site-packages/airflow/example_dags/example_python_operator.py
[2026-09-15T21:01:31.053+0000] {processor.py:840} INFO - DAG(s) 'example_python_operator' retrieved from /home/airflow/.local/lib/python3.12/site-packages/airflow/example_dags/example_python_operator.py
[2026-09-15T21:01:31.130+0000] {logging_mixin.py:188} INFO - [2026-09-15T21:01:31.129+0000] {dag.py:3089} INFO - Sync 1 DAGs
[2026-09-15T21:01:31.139+0000] {logging_mixin.py:188} INFO - [2026-09-15T21:01:31.138+0000] {dag.py:3947} INFO - Setting next_dagrun for example_python_operator to None, run_after=None
[2026-09-15T21:01:31.158+0000] {processor.py:183} INFO - Processing /home/airflow/.local/lib/python3.12/site-packages/airflow/example_dags/example_python_operator.py took 0.121 seconds
[2026-09-15T21:02:01.219+0000] {processor.py:161} INFO - Started process (PID=191) to work on /home/airflow/.local/lib/python3.12/site-packages/airflow/example_dags/example_python_operator.py
[2026-09-15T21:02:01.221+0000] {processor.py:830} INFO - Processing file /home/airflow/.local/lib/python3.12/site-packages/airflow/example_dags/example_python_operator.py for tasks to queue
[2026-09-15T21:02:01.223+0000] {logging_mixin.py:188} INFO - [2026-09-15T21:02:01.223+0000] {dagbag.py:545} INFO - Filling up the DagBag from /home/airflow/.local/lib/python3.12/site-packages/airflow/example_dags/example_python_operator.py
[2026-09-15T21:02:01.232+0000] {processor.py:840} INFO - DAG(s) 'example_python_operator' retrieved from /home/airflow/.local/lib/python3.12/site-packages/airflow/example_dags/example_python_operator.py
[2026-09-15T21:02:01.251+0000] {logging_mixin.py:188} INFO - [2026-09-15T21:02:01.251+0000] {dag.py:3089} INFO - Sync 1 DAGs
[2026-09-15T21:02:01.261+0000] {logging_mixin.py:188} INFO - [2026-09-15T21:02:01.261+0000] {dag.py:3947} INFO - Setting next_dagrun for example_python_operator to None, run_after=None
[2026-09-15T21:02:01.281+0000] {processor.py:183} INFO - Processing /home/airflow/.local/lib/python3.12/site-packages/airflow/example_dags/example_python_operator.py took 0.067 seconds
[2026-09-15T21:02:31.715+0000] {processor.py:161} INFO - Started process (PID=256) to work on /home/airflow/.local/lib/python3.12/site-packages/airflow/example_dags/example_python_operator.py
[2026-09-15T21:02:31.716+0000] {processor.py:830} INFO - Processing file /home/airflow/.local/lib/python3.12/site-packages/airflow/example_dags/example_python_operator.py for tasks to queue
[2026-09-15T21:02:31.719+0000] {logging_mixin.py:188} INFO - [2026-09-15T21:02:31.718+0000] {dagbag.py:545} INFO - Filling up the DagBag from /home/airflow/.local/lib/python3.12/site-packages/airflow/example_dags/example_python_operator.py
[2026-09-15T21:02:31.728+0000] {processor.py:840} INFO - DAG(s) 'example_python_operator' retrieved from /home/airflow/.local/lib/python3.12/site-packages/airflow/example_dags/example_python_operator.py
[2026-09-15T21:02:31.747+0000] {logging_mixin.py:188} INFO - [2026-09-15T21:02:31.747+0000] {dag.py:3089} INFO - Sync 1 DAGs
[2026-09-15T21:02:31.759+0000] {logging_mixin.py:188} INFO - [2026-09-15T21:02:31.758+0000] {dag.py:3947} INFO - Setting next_dagrun for example_python_operator to None, run_after=None
[2026-09-15T21:02:31.773+0000] {processor.py:183} INFO - Processing /home/airflow/.local/lib/python3.12/site-packages/airflow/example_dags/example_python_operator.py took 0.063 seconds
[2026-09-15T21:03:01.985+0000] {processor.py:161} INFO - Started process (PID=314) to work on /home/airflow/.local/lib/python3.12/site-packages/airflow/example_dags/example_python_operator.py
[2026-09-15T21:03:01.986+0000] {processor.py:830} INFO - Processing file /home/airflow/.local/lib/python3.12/site-packages/airflow/example_dags/example_python_operator.py for tasks to queue
[2026-09-15T21:03:01.988+0000] {logging_mixin.py:188} INFO - [2026-09-15T21:03:01.988+0000] {dagbag.py:545} INFO - Filling up the DagBag from /home/airflow/.local/lib/python3.12/site-packages/airflow/example_dags/example_python_operator.py
[2026-09-15T21:03:01.995+0000] {processor.py:840} INFO - DAG(s) 'example_python_operator' retrieved from /home/airflow/.local/lib/python3.12/site-packages/airflow/example_dags/example_python_operator.py
[2026-09-15T21:03:02.013+0000] {logging_mixin.py:188} INFO - [2026-09-15T21:03:02.013+0000] {dag.py:3089} INFO - Sync 1 DAGs
[2026-09-15T21:03:02.022+0000] {logging_mixin.py:188} INFO - [2026-09-15T21:03:02.022+0000] {dag.py:3947} INFO - Setting next_dagrun for example_python_operator to None, run_after=None
[2026-09-15T21:03:02.036+0000] {processor.py:183} INFO - Processing /home/airflow/.local/lib/python3.12/site-packages/airflow/example_dags/example_python_operator.py took 0.055 seconds
[2026-09-15T21:03:32.080+0000] {processor.py:161} INFO - Started process (PID=372) to work on /home/airflow/.local/lib/python3.12/site-packages/airflow/example_dags/example_python_operator.py
[2026-09-15T21:03:32.081+0000] {processor.py:830} INFO - Processing file /home/airflow/.local/lib/python3.12/site-packages/airflow/example_dags/example_python_operator.py for tasks to queue
[2026-09-15T21:03:32.083+0000] {logging_mixin.py:188} INFO - [2026-09-15T21:03:32.082+0000] {dagbag.py:545} INFO - Filling up the DagBag from /home/airflow/.local/lib/python3.12/site-packages/airflow/example_dags/example_python_operator.py
[2026-09-15T21:03:32.090+0000] {processor.py:840} INFO - DAG(s) 'example_python_operator' retrieved from /home/airflow/.local/lib/python3.12/site-packages/airflow/example_dags/example_python_operator.py
[2026-09-15T21:03:32.113+0000] {logging_mixin.py:188} INFO - [2026-09-15T21:03:32.113+0000] {dag.py:3089} INFO - Sync 1 DAGs
[2026-09-15T21:03:32.124+0000] {logging_mixin.py:188} INFO - [2026-09-15T21:03:32.124+0000] {dag.py:3947} INFO - Setting next_dagrun for example_python_operator to None, run_after=None
[2026-09-15T21:03:32.141+0000] {processor.py:183} INFO - Processing /home/airflow/.local/lib/python3.12/site-packages/airflow/example_dags/example_python_operator.py took 0.066 seconds
[2026-09-15T21:04:02.293+0000] {processor.py:161} INFO - Started process (PID=430) to work on /home/airflow/.local/lib/python3.12/site-packages/airflow/example_dags/example_python_operator.py
[2026-09-15T21:04:02.294+0000] {processor.py:830} INFO - Processing file /home/airflow/.local/lib/python3.12/site-packages/airflow/example_dags/example_python_operator.py for tasks to queue
[2026-09-15T21:04:02.296+0000] {logging_mixin.py:188} INFO - [2026-09-15T21:04:02.296+0000] {dagbag.py:545} INFO - Filling up the DagBag from /home/airflow/.local/lib/python3.12/site-packages/airflow/example_dags/example_python_operator.py
[2026-09-15T21:04:02.304+0000] {processor.py:840} INFO - DAG(s) 'example_python_operator' retrieved from /home/airflow/.local/lib/python3.12/site-packages/airflow/example_dags/example_python_operator.py
[2026-09-15T21:04:02.322+0000] {logging_mixin.py:188} INFO - [2026-09-15T21:04:02.322+0000] {dag.py:3089} INFO - Sync 1 DAGs
[2026-09-15T21:04:02.331+0000] {logging_mixin.py:188} INFO - [2026-09-15T21:04:02.331+0000] {dag.py:3947} INFO - Setting next_dagrun for example_python_operator to None, run_after=None
[2026-09-15T21:04:02.346+0000] {processor.py:183} INFO - Processing /home/airflow/.local/lib/python3.12/site-packages/airflow/example_dags/example_python_operator.py took 0.058 seconds
[2026-09-15T21:04:32.479+0000] {processor.py:161} INFO - Started process (PID=488) to work on /home/airflow/.local/lib/python3.12/site-packages/airflow/example_dags/example_python_operator.py
[2026-09-15T21:04:32.481+0000] {processor.py:830} INFO - Processing file /home/airflow/.local/lib/python3.12/site-packages/airflow/example_dags/example_python_operator.py for tasks to queue
[2026-09-15T21:04:32.483+0000] {logging_mixin.py:188} INFO - [2026-09-15T21:04:32.482+0000] {dagbag.py:545} INFO - Filling up the DagBag from /home/airflow/.local/lib/python3.12/site-packages/airflow/example_dags/example_python_operator.py
[2026-09-15T21:04:32.490+0000] {processor.py:840} INFO - DAG(s) 'example_python_operator' retrieved from /home/airflow/.local/lib/python3.12/site-packages/airflow/example_dags/example_python_operator.py
[2026-09-15T21:04:32.509+0000] {logging_mixin.py:188} INFO - [2026-09-15T21:04:32.509+0000] {dag.py:3089} INFO - Sync 1 DAGs
[2026-09-15T21:04:32.519+0000] {logging_mixin.py:188} INFO - [2026-09-15T21:04:32.519+0000] {dag.py:3947} INFO - Setting next_dagrun for example_python_operator to None, run_after=None
[2026-09-15T21:04:32.534+0000] {processor.py:183} INFO - Processing /home/airflow/.local/lib/python3.12/site-packages/airflow/example_dags/example_python_operator.py took 0.059 seconds
[2026-09-15T21:05:02.682+0000] {processor.py:161} INFO - Started process (PID=546) to work on /home/airflow/.local/lib/python3.12/site-packages/airflow/example_dags/example_python_operator.py
[2026-09-15T21:05:02.683+0000] {processor.py:830} INFO - Processing file /home/airflow/.local/lib/python3.12/site-packages/airflow/example_dags/example_python_operator.py for tasks to queue
[2026-09-15T21:05:02.684+0000] {logging_mixin.py:188} INFO - [2026-09-15T21:05:02.684+0000] {dagbag.py:545} INFO - Filling up the DagBag from /home/airflow/.local/lib/python3.12/site-packages/airflow/example_dags/example_python_operator.py
[2026-09-15T21:05:02.692+0000] {processor.py:840} INFO - DAG(s) 'example_python_operator' retrieved from /home/airflow/.local/lib/python3.12/site-packages/airflow/example_dags/example_python_operator.py
[2026-09-15T21:05:02.712+0000] {logging_mixin.py:188} INFO - [2026-09-15T21:05:02.712+0000] {dag.py:3089} INFO - Sync 1 DAGs
[2026-09-15T21:05:02.724+0000] {logging_mixin.py:188} INFO - [2026-09-15T21:05:02.724+0000] {dag.py:3947} INFO - Setting next_dagrun for example_python_operator to None, run_after=None
[2026-09-15T21:05:02.740+0000] {processor.py:183} INFO - Processing /home/airflow/.local/lib/python3.12/site-packages/airflow/example_dags/example_python_operator.py took 0.062 seconds
[2026-09-15T21:05:33.698+0000] {processor.py:161} INFO - Started process (PID=604) to work on /home/airflow/.local/lib/python3.12/site-packages/airflow/example_dags/example_python_operator.py
[2026-09-15T21:05:33.700+0000] {processor.py:830} INFO - Processing file /home/airflow/.local/lib/python3.12/site-packages/airflow/example_dags/example_python_operator.py for tasks to queue
[2026-09-15T21:05:33.702+0000] {logging_mixin.py:188} INFO - [2026-09-15T21:05:33.702+0000] {dagbag.py:545} INFO - Filling up the DagBag from /home/airflow/.local/lib/python3.12/site-packages/airflow/example_dags/example_python_operator.py
[2026-09-15T21:05:33.711+0000] {processor.py:840} INFO - DAG(s) 'example_python_operator' retrieved from /home/airflow/.local/lib/python3.12/site-packages/airflow/example_dags/example_python_operator.py
[2026-09-15T21:05:33.731+0000] {logging_mixin.py:188} INFO - [2026-09-15T21:05:33.730+0000] {dag.py:3089} INFO - Sync 1 DAGs
[2026-09-15T21:05:33.744+0000] {logging_mixin.py:188} INFO - [2026-09-15T21:05:33.743+0000] {dag.py:3947} INFO - Setting next_dagrun for example_python_operator to None, run_after=None
[2026-09-15T21:05:33.759+0000] {processor.py:183} INFO - Processing /home/airflow/.local/lib/python3.12/site-packages/airflow/example_dags/example_python_operator.py took 0.066 seconds
[2026-09-15T21:06:04.087+0000] {processor.py:161} INFO - Started process (PID=662) to work on /home/airflow/.local/lib/python3.12/site-packages/airflow/example_dags/example_python_operator.py
[2026-09-15T21:06:04.088+0000] {processor.py:830} INFO - Processing file /home/airflow/.local/lib/python3.12/site-packages/airflow/example_dags/example_python_operator.py for tasks to queue
[2026-09-15T21:06:04.091+0000] {logging_mixin.py:188} INFO - [2026-09-15T21:06:04.091+0000] {dagbag.py:545} INFO - Filling up the DagBag from /home/airflow/.local/lib/python3.12/site-packages/airflow/example_dags/example_python_operator.py
[2026-09-15T21:06:04.102+0000] {processor.py:840} INFO - DAG(s) 'example_python_operator' retrieved from /home/airflow/.local/lib/python3.12/site-packages/airflow/example_dags/example_python_operator.py
[2026-09-15T21:06:04.127+0000] {logging_mixin.py:188} INFO - [2026-09-15T21:06:04.127+0000] {dag.py:3089} INFO - Sync 1 DAGs
[2026-09-15T21:06:04.141+0000] {logging_mixin.py:188} INFO - [2026-09-15T21:06:04.141+0000] {dag.py:3947} INFO - Setting next_dagrun for example_python_operator to None, run_after=None
[2026-09-15T21:06:04.161+0000] {processor.py:183} INFO - Processing /home/airflow/.local/lib/python3.12/site-packages/airflow/example_dags/example_python_operator.py took 0.081 seconds
[2026-09-15T21:06:34.280+0000] {processor.py:161} INFO - Started process (PID=723) to work on /home/airflow/.local/lib/python3.12/site-packages/airflow/example_dags/example_python_operator.py
[2026-09-15T21:06:34.282+0000] {processor.py:830} INFO - Processing file /home/airflow/.local/lib/python3.12/site-packages/airflow/example_dags/example_python_operator.py for tasks to queue
[2026-09-15T21:06:34.285+0000] {logging_mixin.py:188} INFO - [2026-09-15T21:06:34.285+0000] {dagbag.py:545} INFO - Filling up the DagBag from /home/airflow/.local/lib/python3.12/site-packages/airflow/example_dags/example_python_operator.py
[2026-09-15T21:06:34.294+0000] {processor.py:840} INFO - DAG(s) 'example_python_operator' retrieved from /home/airflow/.local/lib/python3.12/site-packages/airflow/example_dags/example_python_operator.py
[2026-09-15T21:06:34.316+0000] {logging_mixin.py:188} INFO - [2026-09-15T21:06:34.316+0000] {dag.py:3089} INFO - Sync 1 DAGs
[2026-09-15T21:06:34.329+0000] {logging_mixin.py:188} INFO - [2026-09-15T21:06:34.328+0000] {dag.py:3947} INFO - Setting next_dagrun for example_python_operator to None, run_after=None
[2026-09-15T21:06:34.348+0000] {processor.py:183} INFO - Processing /home/airflow/.local/lib/python3.12/site-packages/airflow/example_dags/example_python_operator.py took 0.072 seconds
[2026-09-15T21:07:04.660+0000] {processor.py:161} INFO - Started process (PID=781) to work on /home/airflow/.local/lib/python3.12/site-packages/airflow/example_dags/example_python_operator.py
[2026-09-15T21:07:04.661+0000] {processor.py:830} INFO - Processing file /home/airflow/.local/lib/python3.12/site-packages/airflow/example_dags/example_python_operator.py for tasks to queue
[2026-09-15T21:07:04.664+0000] {logging_mixin.py:188} INFO - [2026-09-15T21:07:04.664+0000] {dagbag.py:545} INFO - Filling up the DagBag from /home/airflow/.local/lib/python3.12/site-packages/airflow/example_dags/example_python_operator.py
[2026-09-15T21:07:04.677+0000] {processor.py:840} INFO - DAG(s) 'example_python_operator' retrieved from /home/airflow/.local/lib/python3.12/site-packages/airflow/example_dags/example_python_operator.py
[2026-09-15T21:07:04.705+0000] {logging_mixin.py:188} INFO - [2026-09-15T21:07:04.704+0000] {dag.py:3089} INFO - Sync 1 DAGs
[2026-09-15T21:07:04.720+0000] {logging_mixin.py:188} INFO - [2026-09-15T21:07:04.720+0000] {dag.py:3947} INFO - Setting next_dagrun for example_python_operator to None, run_after=None
[2026-09-15T21:07:04.739+0000] {processor.py:183} INFO - Processing /home/airflow/.local/lib/python3.12/site-packages/airflow/example_dags/example_python_operator.py took 0.085 seconds
[2026-09-15T21:07:35.166+0000] {processor.py:161} INFO - Started process (PID=839) to work on /home/airflow/.local/lib/python3.12/site-packages/airflow/example_dags/example_python_operator.py
[2026-09-15T21:07:35.167+0000] {processor.py:830} INFO - Processing file /home/airflow/.local/lib/python3.12/site-packages/airflow/example_dags/example_python_operator.py for tasks to queue
[2026-09-15T21:07:35.168+0000] {logging_mixin.py:188} INFO - [2026-09-15T21:07:35.168+0000] {dagbag.py:545} INFO - Filling up the DagBag from /home/airflow/.local/lib/python3.12/site-packages/airflow/example_dags/example_python_operator.py
[2026-09-15T21:07:35.177+0000] {processor.py:840} INFO - DAG(s) 'example_python_operator' retrieved from /home/airflow/.local/lib/python3.12/site-packages/airflow/example_dags/example_python_operator.py
[2026-09-15T21:07:35.196+0000] {logging_mixin.py:188} INFO - [2026-09-15T21:07:35.195+0000] {dag.py:3089} INFO - Sync 1 DAGs
[2026-09-15T21:07:35.206+0000] {logging_mixin.py:188} INFO - [2026-09-15T21:07:35.206+0000] {dag.py:3947} INFO - Setting next_dagrun for example_python_operator to None, run_after=None
[2026-09-15T21:07:35.221+0000] {processor.py:183} INFO - Processing /home/airflow/.local/lib/python3.12/site-packages/airflow/example_dags/example_python_operator.py took 0.060 seconds
[2026-09-15T21:08:06.000+0000] {processor.py:161} INFO - Started process (PID=897) to work on /home/airflow/.local/lib/python3.12/site-packages/airflow/example_dags/example_python_operator.py
[2026-09-15T21:08:06.001+0000] {processor.py:830} INFO - Processing file /home/airflow/.local/lib/python3.12/site-packages/airflow/example_dags/example_python_operator.py for tasks to queue
[2026-09-15T21:08:06.003+0000] {logging_mixin.py:188} INFO - [2026-09-15T21:08:06.003+0000] {dagbag.py:545} INFO - Filling up the DagBag from /home/airflow/.local/lib/python3.12/site-packages/airflow/example_dags/example_python_operator.py
[2026-09-15T21:08:06.012+0000] {processor.py:840} INFO - DAG(s) 'example_python_operator' retrieved from /home/airflow/.local/lib/python3.12/site-packages/airflow/example_dags/example_python_operator.py
[2026-09-15T21:08:06.030+0000] {logging_mixin.py:188} INFO - [2026-09-15T21:08:06.029+0000] {dag.py:3089} INFO - Sync 1 DAGs
[2026-09-15T21:08:06.039+0000] {logging_mixin.py:188} INFO - [2026-09-15T21:08:06.039+0000] {dag.py:3947} INFO - Setting next_dagrun for example_python_operator to None, run_after=None
[2026-09-15T21:08:06.055+0000] {processor.py:183} INFO - Processing /home/airflow/.local/lib/python3.12/site-packages/airflow/example_dags/example_python_operator.py took 0.060 seconds
[2026-09-15T21:08:36.361+0000] {processor.py:161} INFO - Started process (PID=955) to work on /home/airflow/.local/lib/python3.12/site-packages/airflow/example_dags/example_python_operator.py
[2026-09-15T21:08:36.363+0000] {processor.py:830} INFO - Processing file /home/airflow/.local/lib/python3.12/site-packages/airflow/example_dags/example_python_operator.py for tasks to queue
[2026-09-15T21:08:36.365+0000] {logging_mixin.py:188} INFO - [2026-09-15T21:08:36.364+0000] {dagbag.py:545} INFO - Filling up the DagBag from /home/airflow/.local/lib/python3.12/site-packages/airflow/example_dags/example_python_operator.py
[2026-09-15T21:08:36.372+0000] {processor.py:840} INFO - DAG(s) 'example_python_operator' retrieved from /home/airflow/.local/lib/python3.12/site-packages/airflow/example_dags/example_python_operator.py
[2026-09-15T21:08:36.391+0000] {logging_mixin.py:188} INFO - [2026-09-15T21:08:36.391+0000] {dag.py:3089} INFO - Sync 1 DAGs
[2026-09-15T21:08:36.401+0000] {logging_mixin.py:188} INFO - [2026-09-15T21:08:36.400+0000] {dag.py:3947} INFO - Setting next_dagrun for example_python_operator to None, run_after=None
[2026-09-15T21:08:36.416+0000] {processor.py:183} INFO - Processing /home/airflow/.local/lib/python3.12/site-packages/airflow/example_dags/example_python_operator.py took 0.059 seconds
[2026-09-15T21:09:06.499+0000] {processor.py:161} INFO - Started process (PID=1013) to work on /home/airflow/.local/lib/python3.12/site-packages/airflow/example_dags/example_python_operator.py
[2026-09-15T21:09:06.501+0000] {processor.py:830} INFO - Processing file /home/airflow/.local/lib/python3.12/site-packages/airflow/example_dags/example_python_operator.py for tasks to queue
[2026-09-15T21:09:06.503+0000] {logging_mixin.py:188} INFO - [2026-09-15T21:09:06.503+0000] {dagbag.py:545} INFO - Filling up the DagBag from /home/airflow/.local/lib/python3.12/site-packages/airflow/example_dags/example_python_operator.py
[2026-09-15T21:09:06.513+0000] {processor.py:840} INFO - DAG(s) 'example_python_operator' retrieved from /home/airflow/.local/lib/python3.12/site-packages/airflow/example_dags/example_python_operator.py
[2026-09-15T21:09:06.533+0000] {logging_mixin.py:188} INFO - [2026-09-15T21:09:06.533+0000] {dag.py:3089} INFO - Sync 1 DAGs
[2026-09-15T21:09:06.545+0000] {logging_mixin.py:188} INFO - [2026-09-15T21:09:06.545+0000] {dag.py:3947} INFO - Setting next_dagrun for example_python_operator to None, run_after=None
[2026-09-15T21:09:06.564+0000] {processor.py:183} INFO - Processing /home/airflow/.local/lib/python3.12/site-packages/airflow/example_dags/example_python_operator.py took 0.071 seconds
[2026-09-15T21:09:36.668+0000] {processor.py:161} INFO - Started process (PID=1070) to work on /home/airflow/.local/lib/python3.12/site-packages/airflow/example_dags/example_python_operator.py
[2026-09-15T21:09:36.670+0000] {processor.py:830} INFO - Processing file /home/airflow/.local/lib/python3.12/site-packages/airflow/example_dags/example_python_operator.py for tasks to queue
[2026-09-15T21:09:36.672+0000] {logging_mixin.py:188} INFO - [2026-09-15T21:09:36.672+0000] {dagbag.py:545} INFO - Filling up the DagBag from /home/airflow/.local/lib/python3.12/site-packages/airflow/example_dags/example_python_operator.py
[2026-09-15T21:09:36.680+0000] {processor.py:840} INFO - DAG(s) 'example_python_operator' retrieved from /home/airflow/.local/lib/python3.12/site-packages/airflow/example_dags/example_python_operator.py
[2026-09-15T21:09:36.700+0000] {logging_mixin.py:188} INFO - [2026-09-15T21:09:36.700+0000] {dag.py:3089} INFO - Sync 1 DAGs
[2026-09-15T21:09:36.711+0000] {logging_mixin.py:188} INFO - [2026-09-15T21:09:36.711+0000] {dag.py:3947} INFO - Setting next_dagrun for example_python_operator to None, run_after=None
[2026-09-15T21:09:36.727+0000] {processor.py:183} INFO - Processing /home/airflow/.local/lib/python3.12/site-packages/airflow/example_dags/example_python_operator.py took 0.063 seconds
[2026-09-15T21:10:06.886+0000] {processor.py:161} INFO - Started process (PID=1128) to work on /home/airflow/.local/lib/python3.12/site-packages/airflow/example_dags/example_python_operator.py
[2026-09-15T21:10:06.887+0000] {processor.py:830} INFO - Processing file /home/airflow/.local/lib/python3.12/site-packages/airflow/example_dags/example_python_operator.py for tasks to queue
[2026-09-15T21:10:06.890+0000] {logging_mixin.py:188} INFO - [2026-09-15T21:10:06.889+0000] {dagbag.py:545} INFO - Filling up the DagBag from /home/airflow/.local/lib/python3.12/site-packages/airflow/example_dags/example_python_operator.py
[2026-09-15T21:10:06.898+0000] {processor.py:840} INFO - DAG(s) 'example_python_operator' retrieved from /home/airflow/.local/lib/python3.12/site-packages/airflow/example_dags/example_python_operator.py
[2026-09-15T21:10:06.920+0000] {logging_mixin.py:188} INFO - [2026-09-15T21:10:06.920+0000] {dag.py:3089} INFO - Sync 1 DAGs
[2026-09-15T21:10:06.932+0000] {logging_mixin.py:188} INFO - [2026-09-15T21:10:06.932+0000] {dag.py:3947} INFO - Setting next_dagrun for example_python_operator to None, run_after=None
[2026-09-15T21:10:06.951+0000] {processor.py:183} INFO - Processing /home/airflow/.local/lib/python3.12/site-packages/airflow/example_dags/example_python_operator.py took 0.070 seconds
[2026-09-15T21:10:37.158+0000] {processor.py:161} INFO - Started process (PID=1186) to work on /home/airflow/.local/lib/python3.12/site-packages/airflow/example_dags/example_python_operator.py
[2026-09-15T21:10:37.160+0000] {processor.py:830} INFO - Processing file /home/airflow/.local/lib/python3.12/site-packages/airflow/example_dags/example_python_operator.py for tasks to queue
[2026-09-15T21:10:37.162+0000] {logging_mixin.py:188} INFO - [2026-09-15T21:10:37.161+0000] {dagbag.py:545} INFO - Filling up the DagBag from /home/airflow/.local/lib/python3.12/site-packages/airflow/example_dags/example_python_operator.py
[2026-09-15T21:10:37.170+0000] {processor.py:840} INFO - DAG(s) 'example_python_operator' retrieved from /home/airflow/.local/lib/python3.12/site-packages/airflow/example_dags/example_python_operator.py
[2026-09-15T21:10:37.183+0000] {logging_mixin.py:188} INFO - [2026-09-15T21:10:37.183+0000] {dag.py:3089} INFO - Sync 1 DAGs
[2026-09-15T21:10:37.201+0000] {logging_mixin.py:188} INFO - [2026-09-15T21:10:37.200+0000] {dag.py:3947} INFO - Setting next_dagrun for example_python_operator to None, run_after=None
[2026-09-15T21:10:37.238+0000] {processor.py:183} INFO - Processing /home/airflow/.local/lib/python3.12/site-packages/airflow/example_dags/example_python_operator.py took 0.084 seconds
[2026-09-15T21:11:08.344+0000] {processor.py:161} INFO - Started process (PID=1244) to work on /home/airflow/.local/lib/python3.12/site-packages/airflow/example_dags/example_python_operator.py
[2026-09-15T21:11:08.345+0000] {processor.py:830} INFO - Processing file /home/airflow/.local/lib/python3.12/site-packages/airflow/example_dags/example_python_operator.py for tasks to queue
[2026-09-15T21:11:08.347+0000] {logging_mixin.py:188} INFO - [2026-09-15T21:11:08.346+0000] {dagbag.py:545} INFO - Filling up the DagBag from /home/airflow/.local/lib/python3.12/site-packages/airflow/example_dags/example_python_operator.py
[2026-09-15T21:11:08.353+0000] {processor.py:840} INFO - DAG(s) 'example_python_operator' retrieved from /home/airflow/.local/lib/python3.12/site-packages/airflow/example_dags/example_python_operator.py
[2026-09-15T21:11:08.425+0000] {logging_mixin.py:188} INFO - [2026-09-15T21:11:08.425+0000] {dag.py:3089} INFO - Sync 1 DAGs
[2026-09-15T21:11:08.432+0000] {logging_mixin.py:188} INFO - [2026-09-15T21:11:08.432+0000] {dag.py:3947} INFO - Setting next_dagrun for example_python_operator to None, run_after=None
[2026-09-15T21:11:08.446+0000] {processor.py:183} INFO - Processing /home/airflow/.local/lib/python3.12/site-packages/airflow/example_dags/example_python_operator.py took 0.106 seconds
[2026-09-15T21:11:39.268+0000] {processor.py:161} INFO - Started process (PID=1302) to work on /home/airflow/.local/lib/python3.12/site-packages/airflow/example_dags/example_python_operator.py
[2026-09-15T21:11:39.269+0000] {processor.py:830} INFO - Processing file /home/airflow/.local/lib/python3.12/site-packages/airflow/example_dags/example_python_operator.py for tasks to queue
[2026-09-15T21:11:39.271+0000] {logging_mixin.py:188} INFO - [2026-09-15T21:11:39.270+0000] {dagbag.py:545} INFO - Filling up the DagBag from /home/airflow/.local/lib/python3.12/site-packages/airflow/example_dags/example_python_operator.py
[2026-09-15T21:11:39.278+0000] {processor.py:840} INFO - DAG(s) 'example_python_operator' retrieved from /home/airflow/.local/lib/python3.12/site-packages/airflow/example_dags/example_python_operator.py
[2026-09-15T21:11:39.296+0000] {logging_mixin.py:188} INFO - [2026-09-15T21:11:39.296+0000] {dag.py:3089} INFO - Sync 1 DAGs
[2026-09-15T21:11:39.307+0000] {logging_mixin.py:188} INFO - [2026-09-15T21:11:39.307+0000] {dag.py:3947} INFO - Setting next_dagrun for example_python_operator to None, run_after=None
[2026-09-15T21:11:39.322+0000] {processor.py:183} INFO - Processing /home/airflow/.local/lib/python3.12/site-packages/airflow/example_dags/example_python_operator.py took 0.058 seconds
[2026-09-15T21:12:09.452+0000] {processor.py:161} INFO - Started process (PID=1360) to work on /home/airflow/.local/lib/python3.12/site-packages/airflow/example_dags/example_python_operator.py
[2026-09-15T21:12:09.453+0000] {processor.py:830} INFO - Processing file /home/airflow/.local/lib/python3.12/site-packages/airflow/example_dags/example_python_operator.py for tasks to queue
[2026-09-15T21:12:09.455+0000] {logging_mixin.py:188} INFO - [2026-09-15T21:12:09.455+0000] {dagbag.py:545} INFO - Filling up the DagBag from /home/airflow/.local/lib/python3.12/site-packages/airflow/example_dags/example_python_operator.py
[2026-09-15T21:12:09.463+0000] {processor.py:840} INFO - DAG(s) 'example_python_operator' retrieved from /home/airflow/.local/lib/python3.12/site-packages/airflow/example_dags/example_python_operator.py
[2026-09-15T21:12:09.480+0000] {logging_mixin.py:188} INFO - [2026-09-15T21:12:09.480+0000] {dag.py:3089} INFO - Sync 1 DAGs
[2026-09-15T21:12:09.490+0000] {logging_mixin.py:188} INFO - [2026-09-15T21:12:09.490+0000] {dag.py:3947} INFO - Setting next_dagrun for example_python_operator to None, run_after=None
[2026-09-15T21:12:09.504+0000] {processor.py:183} INFO - Processing /home/airflow/.local/lib/python3.12/site-packages/airflow/example_dags/example_python_operator.py took 0.056 seconds
[2026-09-15T21:12:39.937+0000] {processor.py:161} INFO - Started process (PID=1418) to work on /home/airflow/.local/lib/python3.12/site-packages/airflow/example_dags/example_python_operator.py
[2026-09-15T21:12:39.939+0000] {processor.py:830} INFO - Processing file /home/airflow/.local/lib/python3.12/site-packages/airflow/example_dags/example_python_operator.py for tasks to queue
[2026-09-15T21:12:39.941+0000] {logging_mixin.py:188} INFO - [2026-09-15T21:12:39.941+0000] {dagbag.py:545} INFO - Filling up the DagBag from /home/airflow/.local/lib/python3.12/site-packages/airflow/example_dags/example_python_operator.py
[2026-09-15T21:12:39.949+0000] {processor.py:840} INFO - DAG(s) 'example_python_operator' retrieved from /home/airflow/.local/lib/python3.12/site-packages/airflow/example_dags/example_python_operator.py
[2026-09-15T21:12:39.969+0000] {logging_mixin.py:188} INFO - [2026-09-15T21:12:39.969+0000] {dag.py:3089} INFO - Sync 1 DAGs
[2026-09-15T21:12:39.980+0000] {logging_mixin.py:188} INFO - [2026-09-15T21:12:39.980+0000] {dag.py:3947} INFO - Setting next_dagrun for example_python_operator to None, run_after=None
[2026-09-15T21:12:39.995+0000] {processor.py:183} INFO - Processing /home/airflow/.local/lib/python3.12/site-packages/airflow/example_dags/example_python_operator.py took 0.062 seconds
[2026-09-15T21:13:10.151+0000] {processor.py:161} INFO - Started process (PID=1476) to work on /home/airflow/.local/lib/python3.12/site-packages/airflow/example_dags/example_python_operator.py
[2026-09-15T21:13:10.153+0000] {processor.py:830} INFO - Processing file /home/airflow/.local/lib/python3.12/site-packages/airflow/example_dags/example_python_operator.py for tasks to queue
[2026-09-15T21:13:10.154+0000] {logging_mixin.py:188} INFO - [2026-09-15T21:13:10.154+0000] {dagbag.py:545} INFO - Filling up the DagBag from /home/airflow/.local/lib/python3.12/site-packages/airflow/example_dags/example_python_operator.py
[2026-09-15T21:13:10.162+0000] {processor.py:840} INFO - DAG(s) 'example_python_operator' retrieved from /home/airflow/.local/lib/python3.12/site-packages/airflow/example_dags/example_python_operator.py
[2026-09-15T21:13:10.182+0000] {logging_mixin.py:188} INFO - [2026-09-15T21:13:10.182+0000] {dag.py:3089} INFO - Sync 1 DAGs
[2026-09-15T21:13:10.192+0000] {logging_mixin.py:188} INFO - [2026-09-15T21:13:10.192+0000] {dag.py:3947} INFO - Setting next_dagrun for example_python_operator to None, run_after=None
[2026-09-15T21:13:10.207+0000] {processor.py:183} INFO - Processing /home/airflow/.local/lib/python3.12/site-packages/airflow/example_dags/example_python_operator.py took 0.060 seconds
[2026-09-15T21:13:40.574+0000] {processor.py:161} INFO - Started process (PID=1534) to work on /home/airflow/.local/lib/python3.12/site-packages/airflow/example_dags/example_python_operator.py
[2026-09-15T21:13:40.575+0000] {processor.py:830} INFO - Processing file /home/airflow/.local/lib/python3.12/site-packages/airflow/example_dags/example_python_operator.py for tasks to queue
[2026-09-15T21:13:40.577+0000] {logging_mixin.py:188} INFO - [2026-09-15T21:13:40.576+0000] {dagbag.py:545} INFO - Filling up the DagBag from /home/airflow/.local/lib/python3.12/site-packages/airflow/example_dags/example_python_operator.py
[2026-09-15T21:13:40.584+0000] {processor.py:840} INFO - DAG(s) 'example_python_operator' retrieved from /home/airflow/.local/lib/python3.12/site-packages/airflow/example_dags/example_python_operator.py
[2026-09-15T21:13:40.603+0000] {logging_mixin.py:188} INFO - [2026-09-15T21:13:40.602+0000] {dag.py:3089} INFO - Sync 1 DAGs
[2026-09-15T21:13:40.612+0000] {logging_mixin.py:188} INFO - [2026-09-15T21:13:40.611+0000] {dag.py:3947} INFO - Setting next_dagrun for example_python_operator to None, run_after=None
[2026-09-15T21:13:40.625+0000] {processor.py:183} INFO - Processing /home/airflow/.local/lib/python3.12/site-packages/airflow/example_dags/example_python_operator.py took 0.056 seconds
[2026-09-15T21:14:11.280+0000] {processor.py:161} INFO - Started process (PID=1592) to work on /home/airflow/.local/lib/python3.12/site-packages/airflow/example_dags/example_python_operator.py
[2026-09-15T21:14:11.282+0000] {processor.py:830} INFO - Processing file /home/airflow/.local/lib/python3.12/site-packages/airflow/example_dags/example_python_operator.py for tasks to queue
[2026-09-15T21:14:11.289+0000] {logging_mixin.py:188} INFO - [2026-09-15T21:14:11.288+0000] {dagbag.py:545} INFO - Filling up the DagBag from /home/airflow/.local/lib/python3.12/site-packages/airflow/example_dags/example_python_operator.py
[2026-09-15T21:14:11.306+0000] {processor.py:840} INFO - DAG(s) 'example_python_operator' retrieved from /home/airflow/.local/lib/python3.12/site-packages/airflow/example_dags/example_python_operator.py
[2026-09-15T21:14:11.335+0000] {logging_mixin.py:188} INFO - [2026-09-15T21:14:11.334+0000] {dag.py:3089} INFO - Sync 1 DAGs
[2026-09-15T21:14:11.346+0000] {logging_mixin.py:188} INFO - [2026-09-15T21:14:11.346+0000] {dag.py:3947} INFO - Setting next_dagrun for example_python_operator to None, run_after=None
[2026-09-15T21:14:11.368+0000] {processor.py:183} INFO - Processing /home/airflow/.local/lib/python3.12/site-packages/airflow/example_dags/example_python_operator.py took 0.094 seconds
[2026-09-15T21:14:41.515+0000] {processor.py:161} INFO - Started process (PID=1650) to work on /home/airflow/.local/lib/python3.12/site-packages/airflow/example_dags/example_python_operator.py
[2026-09-15T21:14:41.517+0000] {processor.py:830} INFO - Processing file /home/airflow/.local/lib/python3.12/site-packages/airflow/example_dags/example_python_operator.py for tasks to queue
[2026-09-15T21:14:41.519+0000] {logging_mixin.py:188} INFO - [2026-09-15T21:14:41.519+0000] {dagbag.py:545} INFO - Filling up the DagBag from /home/airflow/.local/lib/python3.12/site-packages/airflow/example_dags/example_python_operator.py
[2026-09-15T21:14:41.527+0000] {processor.py:840} INFO - DAG(s) 'example_python_operator' retrieved from /home/airflow/.local/lib/python3.12/site-packages/airflow/example_dags/example_python_operator.py
[2026-09-15T21:14:41.546+0000] {logging_mixin.py:188} INFO - [2026-09-15T21:14:41.546+0000] {dag.py:3089} INFO - Sync 1 DAGs
[2026-09-15T21:14:41.556+0000] {logging_mixin.py:188} INFO - [2026-09-15T21:14:41.556+0000] {dag.py:3947} INFO - Setting next_dagrun for example_python_operator to None, run_after=None
[2026-09-15T21:14:41.573+0000] {processor.py:183} INFO - Processing /home/airflow/.local/lib/python3.12/site-packages/airflow/example_dags/example_python_operator.py took 0.062 seconds
[2026-09-15T21:15:12.157+0000] {processor.py:161} INFO - Started process (PID=1708) to work on /home/airflow/.local/lib/python3.12/site-packages/airflow/example_dags/example_python_operator.py
[2026-09-15T21:15:12.158+0000] {processor.py:830} INFO - Processing file /home/airflow/.local/lib/python3.12/site-packages/airflow/example_dags/example_python_operator.py for tasks to queue
[2026-09-15T21:15:12.160+0000] {logging_mixin.py:188} INFO - [2026-09-15T21:15:12.160+0000] {dagbag.py:545} INFO - Filling up the DagBag from /home/airflow/.local/lib/python3.12/site-packages/airflow/example_dags/example_python_operator.py
[2026-09-15T21:15:12.169+0000] {processor.py:840} INFO - DAG(s) 'example_python_operator' retrieved from /home/airflow/.local/lib/python3.12/site-packages/airflow/example_dags/example_python_operator.py
[2026-09-15T21:15:12.191+0000] {logging_mixin.py:188} INFO - [2026-09-15T21:15:12.191+0000] {dag.py:3089} INFO - Sync 1 DAGs
[2026-09-15T21:15:12.202+0000] {logging_mixin.py:188} INFO - [2026-09-15T21:15:12.202+0000] {dag.py:3947} INFO - Setting next_dagrun for example_python_operator to None, run_after=None
[2026-09-15T21:15:12.219+0000] {processor.py:183} INFO - Processing /home/airflow/.local/lib/python3.12/site-packages/airflow/example_dags/example_python_operator.py took 0.067 seconds
[2026-09-15T21:15:42.528+0000] {processor.py:161} INFO - Started process (PID=1766) to work on /home/airflow/.local/lib/python3.12/site-packages/airflow/example_dags/example_python_operator.py
[2026-09-15T21:15:42.529+0000] {processor.py:830} INFO - Processing file /home/airflow/.local/lib/python3.12/site-packages/airflow/example_dags/example_python_operator.py for tasks to queue
[2026-09-15T21:15:42.531+0000] {logging_mixin.py:188} INFO - [2026-09-15T21:15:42.531+0000] {dagbag.py:545} INFO - Filling up the DagBag from /home/airflow/.local/lib/python3.12/site-packages/airflow/example_dags/example_python_operator.py
[2026-09-15T21:15:42.540+0000] {processor.py:840} INFO - DAG(s) 'example_python_operator' retrieved from /home/airflow/.local/lib/python3.12/site-packages/airflow/example_dags/example_python_operator.py
[2026-09-15T21:15:42.561+0000] {logging_mixin.py:188} INFO - [2026-09-15T21:15:42.561+0000] {dag.py:3089} INFO - Sync 1 DAGs
[2026-09-15T21:15:42.572+0000] {logging_mixin.py:188} INFO - [2026-09-15T21:15:42.572+0000] {dag.py:3947} INFO - Setting next_dagrun for example_python_operator to None, run_after=None
[2026-09-15T21:15:42.592+0000] {processor.py:183} INFO - Processing /home/airflow/.local/lib/python3.12/site-packages/airflow/example_dags/example_python_operator.py took 0.069 seconds
[2026-09-15T21:16:13.137+0000] {processor.py:161} INFO - Started process (PID=1824) to work on /home/airflow/.local/lib/python3.12/site-packages/airflow/example_dags/example_python_operator.py
[2026-09-15T21:16:13.139+0000] {processor.py:830} INFO - Processing file /home/airflow/.local/lib/python3.12/site-packages/airflow/example_dags/example_python_operator.py for tasks to queue
[2026-09-15T21:16:13.140+0000] {logging_mixin.py:188} INFO - [2026-09-15T21:16:13.140+0000] {dagbag.py:545} INFO - Filling up the DagBag from /home/airflow/.local/lib/python3.12/site-packages/airflow/example_dags/example_python_operator.py
[2026-09-15T21:16:13.148+0000] {processor.py:840} INFO - DAG(s) 'example_python_operator' retrieved from /home/airflow/.local/lib/python3.12/site-packages/airflow/example_dags/example_python_operator.py
[2026-09-15T21:16:13.168+0000] {logging_mixin.py:188} INFO - [2026-09-15T21:16:13.168+0000] {dag.py:3089} INFO - Sync 1 DAGs
[2026-09-15T21:16:13.179+0000] {logging_mixin.py:188} INFO - [2026-09-15T21:16:13.178+0000] {dag.py:3947} INFO - Setting next_dagrun for example_python_operator to None, run_after=None
[2026-09-15T21:16:13.194+0000] {processor.py:183} INFO - Processing /home/airflow/.local/lib/python3.12/site-packages/airflow/example_dags/example_python_operator.py took 0.061 seconds
[2026-09-15T21:17:35.550+0000] {processor.py:161} INFO - Started process (PID=77) to work on /home/airflow/.local/lib/python3.12/site-packages/airflow/example_dags/example_python_operator.py
[2026-09-15T21:17:35.551+0000] {processor.py:830} INFO - Processing file /home/airflow/.local/lib/python3.12/site-packages/airflow/example_dags/example_python_operator.py for tasks to queue
[2026-09-15T21:17:35.554+0000] {logging_mixin.py:188} INFO - [2026-09-15T21:17:35.554+0000] {dagbag.py:545} INFO - Filling up the DagBag from /home/airflow/.local/lib/python3.12/site-packages/airflow/example_dags/example_python_operator.py
[2026-09-15T21:17:35.564+0000] {processor.py:840} INFO - DAG(s) 'example_python_operator' retrieved from /home/airflow/.local/lib/python3.12/site-packages/airflow/example_dags/example_python_operator.py
[2026-09-15T21:17:35.582+0000] {logging_mixin.py:188} INFO - [2026-09-15T21:17:35.581+0000] {dag.py:3089} INFO - Sync 1 DAGs
[2026-09-15T21:17:35.600+0000] {logging_mixin.py:188} INFO - [2026-09-15T21:17:35.599+0000] {dag.py:3947} INFO - Setting next_dagrun for example_python_operator to None, run_after=None
[2026-09-15T21:17:35.632+0000] {processor.py:183} INFO - Processing /home/airflow/.local/lib/python3.12/site-packages/airflow/example_dags/example_python_operator.py took 0.088 seconds
[2026-09-15T21:18:06.708+0000] {processor.py:161} INFO - Started process (PID=136) to work on /home/airflow/.local/lib/python3.12/site-packages/airflow/example_dags/example_python_operator.py
[2026-09-15T21:18:06.710+0000] {processor.py:830} INFO - Processing file /home/airflow/.local/lib/python3.12/site-packages/airflow/example_dags/example_python_operator.py for tasks to queue
[2026-09-15T21:18:06.712+0000] {logging_mixin.py:188} INFO - [2026-09-15T21:18:06.711+0000] {dagbag.py:545} INFO - Filling up the DagBag from /home/airflow/.local/lib/python3.12/site-packages/airflow/example_dags/example_python_operator.py
[2026-09-15T21:18:06.719+0000] {processor.py:840} INFO - DAG(s) 'example_python_operator' retrieved from /home/airflow/.local/lib/python3.12/site-packages/airflow/example_dags/example_python_operator.py
[2026-09-15T21:18:06.794+0000] {logging_mixin.py:188} INFO - [2026-09-15T21:18:06.794+0000] {dag.py:3089} INFO - Sync 1 DAGs
[2026-09-15T21:18:06.802+0000] {logging_mixin.py:188} INFO - [2026-09-15T21:18:06.802+0000] {dag.py:3947} INFO - Setting next_dagrun for example_python_operator to None, run_after=None
[2026-09-15T21:18:06.818+0000] {processor.py:183} INFO - Processing /home/airflow/.local/lib/python3.12/site-packages/airflow/example_dags/example_python_operator.py took 0.115 seconds
[2026-09-15T21:18:37.664+0000] {processor.py:161} INFO - Started process (PID=194) to work on /home/airflow/.local/lib/python3.12/site-packages/airflow/example_dags/example_python_operator.py
[2026-09-15T21:18:37.666+0000] {processor.py:830} INFO - Processing file /home/airflow/.local/lib/python3.12/site-packages/airflow/example_dags/example_python_operator.py for tasks to queue
[2026-09-15T21:18:37.668+0000] {logging_mixin.py:188} INFO - [2026-09-15T21:18:37.668+0000] {dagbag.py:545} INFO - Filling up the DagBag from /home/airflow/.local/lib/python3.12/site-packages/airflow/example_dags/example_python_operator.py
[2026-09-15T21:18:37.679+0000] {processor.py:840} INFO - DAG(s) 'example_python_operator' retrieved from /home/airflow/.local/lib/python3.12/site-packages/airflow/example_dags/example_python_operator.py
[2026-09-15T21:18:37.697+0000] {logging_mixin.py:188} INFO - [2026-09-15T21:18:37.697+0000] {dag.py:3089} INFO - Sync 1 DAGs
[2026-09-15T21:18:37.707+0000] {logging_mixin.py:188} INFO - [2026-09-15T21:18:37.706+0000] {dag.py:3947} INFO - Setting next_dagrun for example_python_operator to None, run_after=None
[2026-09-15T21:18:37.722+0000] {processor.py:183} INFO - Processing /home/airflow/.local/lib/python3.12/site-packages/airflow/example_dags/example_python_operator.py took 0.064 seconds
[2026-09-15T21:19:08.445+0000] {processor.py:161} INFO - Started process (PID=252) to work on /home/airflow/.local/lib/python3.12/site-packages/airflow/example_dags/example_python_operator.py
[2026-09-15T21:19:08.447+0000] {processor.py:830} INFO - Processing file /home/airflow/.local/lib/python3.12/site-packages/airflow/example_dags/example_python_operator.py for tasks to queue
[2026-09-15T21:19:08.448+0000] {logging_mixin.py:188} INFO - [2026-09-15T21:19:08.448+0000] {dagbag.py:545} INFO - Filling up the DagBag from /home/airflow/.local/lib/python3.12/site-packages/airflow/example_dags/example_python_operator.py
[2026-09-15T21:19:08.456+0000] {processor.py:840} INFO - DAG(s) 'example_python_operator' retrieved from /home/airflow/.local/lib/python3.12/site-packages/airflow/example_dags/example_python_operator.py
[2026-09-15T21:19:08.474+0000] {logging_mixin.py:188} INFO - [2026-09-15T21:19:08.473+0000] {dag.py:3089} INFO - Sync 1 DAGs
[2026-09-15T21:19:08.484+0000] {logging_mixin.py:188} INFO - [2026-09-15T21:19:08.483+0000] {dag.py:3947} INFO - Setting next_dagrun for example_python_operator to None, run_after=None
[2026-09-15T21:19:08.498+0000] {processor.py:183} INFO - Processing /home/airflow/.local/lib/python3.12/site-packages/airflow/example_dags/example_python_operator.py took 0.058 seconds
[2026-09-15T21:19:39.016+0000] {processor.py:161} INFO - Started process (PID=310) to work on /home/airflow/.local/lib/python3.12/site-packages/airflow/example_dags/example_python_operator.py
[2026-09-15T21:19:39.017+0000] {processor.py:830} INFO - Processing file /home/airflow/.local/lib/python3.12/site-packages/airflow/example_dags/example_python_operator.py for tasks to queue
[2026-09-15T21:19:39.019+0000] {logging_mixin.py:188} INFO - [2026-09-15T21:19:39.019+0000] {dagbag.py:545} INFO - Filling up the DagBag from /home/airflow/.local/lib/python3.12/site-packages/airflow/example_dags/example_python_operator.py
[2026-09-15T21:19:39.027+0000] {processor.py:840} INFO - DAG(s) 'example_python_operator' retrieved from /home/airflow/.local/lib/python3.12/site-packages/airflow/example_dags/example_python_operator.py
[2026-09-15T21:19:39.044+0000] {logging_mixin.py:188} INFO - [2026-09-15T21:19:39.044+0000] {dag.py:3089} INFO - Sync 1 DAGs
[2026-09-15T21:19:39.053+0000] {logging_mixin.py:188} INFO - [2026-09-15T21:19:39.053+0000] {dag.py:3947} INFO - Setting next_dagrun for example_python_operator to None, run_after=None
[2026-09-15T21:19:39.068+0000] {processor.py:183} INFO - Processing /home/airflow/.local/lib/python3.12/site-packages/airflow/example_dags/example_python_operator.py took 0.057 seconds
[2026-09-15T21:20:09.406+0000] {processor.py:161} INFO - Started process (PID=368) to work on /home/airflow/.local/lib/python3.12/site-packages/airflow/example_dags/example_python_operator.py
[2026-09-15T21:20:09.407+0000] {processor.py:830} INFO - Processing file /home/airflow/.local/lib/python3.12/site-packages/airflow/example_dags/example_python_operator.py for tasks to queue
[2026-09-15T21:20:09.409+0000] {logging_mixin.py:188} INFO - [2026-09-15T21:20:09.408+0000] {dagbag.py:545} INFO - Filling up the DagBag from /home/airflow/.local/lib/python3.12/site-packages/airflow/example_dags/example_python_operator.py
[2026-09-15T21:20:09.416+0000] {processor.py:840} INFO - DAG(s) 'example_python_operator' retrieved from /home/airflow/.local/lib/python3.12/site-packages/airflow/example_dags/example_python_operator.py
[2026-09-15T21:20:09.434+0000] {logging_mixin.py:188} INFO - [2026-09-15T21:20:09.433+0000] {dag.py:3089} INFO - Sync 1 DAGs
[2026-09-15T21:20:09.443+0000] {logging_mixin.py:188} INFO - [2026-09-15T21:20:09.443+0000] {dag.py:3947} INFO - Setting next_dagrun for example_python_operator to None, run_after=None
[2026-09-15T21:20:09.456+0000] {processor.py:183} INFO - Processing /home/airflow/.local/lib/python3.12/site-packages/airflow/example_dags/example_python_operator.py took 0.055 seconds
[2026-09-15T21:20:39.526+0000] {processor.py:161} INFO - Started process (PID=426) to work on /home/airflow/.local/lib/python3.12/site-packages/airflow/example_dags/example_python_operator.py
[2026-09-15T21:20:39.528+0000] {processor.py:830} INFO - Processing file /home/airflow/.local/lib/python3.12/site-packages/airflow/example_dags/example_python_operator.py for tasks to queue
[2026-09-15T21:20:39.529+0000] {logging_mixin.py:188} INFO - [2026-09-15T21:20:39.529+0000] {dagbag.py:545} INFO - Filling up the DagBag from /home/airflow/.local/lib/python3.12/site-packages/airflow/example_dags/example_python_operator.py
[2026-09-15T21:20:39.537+0000] {processor.py:840} INFO - DAG(s) 'example_python_operator' retrieved from /home/airflow/.local/lib/python3.12/site-packages/airflow/example_dags/example_python_operator.py
[2026-09-15T21:20:39.555+0000] {logging_mixin.py:188} INFO - [2026-09-15T21:20:39.554+0000] {dag.py:3089} INFO - Sync 1 DAGs
[2026-09-15T21:20:39.564+0000] {logging_mixin.py:188} INFO - [2026-09-15T21:20:39.564+0000] {dag.py:3947} INFO - Setting next_dagrun for example_python_operator to None, run_after=None
[2026-09-15T21:20:39.579+0000] {processor.py:183} INFO - Processing /home/airflow/.local/lib/python3.12/site-packages/airflow/example_dags/example_python_operator.py took 0.057 seconds
[2026-09-15T21:22:07.326+0000] {processor.py:161} INFO - Started process (PID=278) to work on /home/airflow/.local/lib/python3.12/site-packages/airflow/example_dags/example_python_operator.py
[2026-09-15T21:22:07.327+0000] {processor.py:830} INFO - Processing file /home/airflow/.local/lib/python3.12/site-packages/airflow/example_dags/example_python_operator.py for tasks to queue
[2026-09-15T21:22:07.330+0000] {logging_mixin.py:188} INFO - [2026-09-15T21:22:07.330+0000] {dagbag.py:545} INFO - Filling up the DagBag from /home/airflow/.local/lib/python3.12/site-packages/airflow/example_dags/example_python_operator.py
[2026-09-15T21:22:07.343+0000] {processor.py:840} INFO - DAG(s) 'example_python_operator' retrieved from /home/airflow/.local/lib/python3.12/site-packages/airflow/example_dags/example_python_operator.py
[2026-09-15T21:22:07.357+0000] {logging_mixin.py:188} INFO - [2026-09-15T21:22:07.357+0000] {dag.py:3089} INFO - Sync 1 DAGs
[2026-09-15T21:22:07.371+0000] {logging_mixin.py:188} INFO - [2026-09-15T21:22:07.370+0000] {dag.py:3947} INFO - Setting next_dagrun for example_python_operator to None, run_after=None
[2026-09-15T21:22:07.392+0000] {processor.py:183} INFO - Processing /home/airflow/.local/lib/python3.12/site-packages/airflow/example_dags/example_python_operator.py took 0.072 seconds
[2026-09-15T21:22:38.525+0000] {processor.py:161} INFO - Started process (PID=540) to work on /home/airflow/.local/lib/python3.12/site-packages/airflow/example_dags/example_python_operator.py
[2026-09-15T21:22:38.527+0000] {processor.py:830} INFO - Processing file /home/airflow/.local/lib/python3.12/site-packages/airflow/example_dags/example_python_operator.py for tasks to queue
[2026-09-15T21:22:38.529+0000] {logging_mixin.py:188} INFO - [2026-09-15T21:22:38.529+0000] {dagbag.py:545} INFO - Filling up the DagBag from /home/airflow/.local/lib/python3.12/site-packages/airflow/example_dags/example_python_operator.py
[2026-09-15T21:22:38.537+0000] {processor.py:840} INFO - DAG(s) 'example_python_operator' retrieved from /home/airflow/.local/lib/python3.12/site-packages/airflow/example_dags/example_python_operator.py
[2026-09-15T21:22:38.625+0000] {logging_mixin.py:188} INFO - [2026-09-15T21:22:38.625+0000] {dag.py:3089} INFO - Sync 1 DAGs
[2026-09-15T21:22:38.636+0000] {logging_mixin.py:188} INFO - [2026-09-15T21:22:38.636+0000] {dag.py:3947} INFO - Setting next_dagrun for example_python_operator to None, run_after=None
[2026-09-15T21:22:38.655+0000] {processor.py:183} INFO - Processing /home/airflow/.local/lib/python3.12/site-packages/airflow/example_dags/example_python_operator.py took 0.135 seconds
[2026-09-15T21:23:08.836+0000] {processor.py:161} INFO - Started process (PID=802) to work on /home/airflow/.local/lib/python3.12/site-packages/airflow/example_dags/example_python_operator.py
[2026-09-15T21:23:08.839+0000] {processor.py:830} INFO - Processing file /home/airflow/.local/lib/python3.12/site-packages/airflow/example_dags/example_python_operator.py for tasks to queue
[2026-09-15T21:23:08.841+0000] {logging_mixin.py:188} INFO - [2026-09-15T21:23:08.841+0000] {dagbag.py:545} INFO - Filling up the DagBag from /home/airflow/.local/lib/python3.12/site-packages/airflow/example_dags/example_python_operator.py
[2026-09-15T21:23:08.848+0000] {processor.py:840} INFO - DAG(s) 'example_python_operator' retrieved from /home/airflow/.local/lib/python3.12/site-packages/airflow/example_dags/example_python_operator.py
[2026-09-15T21:23:08.866+0000] {logging_mixin.py:188} INFO - [2026-09-15T21:23:08.866+0000] {dag.py:3089} INFO - Sync 1 DAGs
[2026-09-15T21:23:08.877+0000] {logging_mixin.py:188} INFO - [2026-09-15T21:23:08.876+0000] {dag.py:3947} INFO - Setting next_dagrun for example_python_operator to None, run_after=None
[2026-09-15T21:23:08.894+0000] {processor.py:183} INFO - Processing /home/airflow/.local/lib/python3.12/site-packages/airflow/example_dags/example_python_operator.py took 0.063 seconds
[2026-09-15T21:23:39.030+0000] {processor.py:161} INFO - Started process (PID=1064) to work on /home/airflow/.local/lib/python3.12/site-packages/airflow/example_dags/example_python_operator.py
[2026-09-15T21:23:39.032+0000] {processor.py:830} INFO - Processing file /home/airflow/.local/lib/python3.12/site-packages/airflow/example_dags/example_python_operator.py for tasks to queue
[2026-09-15T21:23:39.033+0000] {logging_mixin.py:188} INFO - [2026-09-15T21:23:39.033+0000] {dagbag.py:545} INFO - Filling up the DagBag from /home/airflow/.local/lib/python3.12/site-packages/airflow/example_dags/example_python_operator.py
[2026-09-15T21:23:39.041+0000] {processor.py:840} INFO - DAG(s) 'example_python_operator' retrieved from /home/airflow/.local/lib/python3.12/site-packages/airflow/example_dags/example_python_operator.py
[2026-09-15T21:23:39.059+0000] {logging_mixin.py:188} INFO - [2026-09-15T21:23:39.059+0000] {dag.py:3089} INFO - Sync 1 DAGs
[2026-09-15T21:23:39.068+0000] {logging_mixin.py:188} INFO - [2026-09-15T21:23:39.068+0000] {dag.py:3947} INFO - Setting next_dagrun for example_python_operator to None, run_after=None
[2026-09-15T21:23:39.082+0000] {processor.py:183} INFO - Processing /home/airflow/.local/lib/python3.12/site-packages/airflow/example_dags/example_python_operator.py took 0.055 seconds
[2026-09-15T21:24:09.218+0000] {processor.py:161} INFO - Started process (PID=1326) to work on /home/airflow/.local/lib/python3.12/site-packages/airflow/example_dags/example_python_operator.py
[2026-09-15T21:24:09.219+0000] {processor.py:830} INFO - Processing file /home/airflow/.local/lib/python3.12/site-packages/airflow/example_dags/example_python_operator.py for tasks to queue
[2026-09-15T21:24:09.221+0000] {logging_mixin.py:188} INFO - [2026-09-15T21:24:09.221+0000] {dagbag.py:545} INFO - Filling up the DagBag from /home/airflow/.local/lib/python3.12/site-packages/airflow/example_dags/example_python_operator.py
[2026-09-15T21:24:09.229+0000] {processor.py:840} INFO - DAG(s) 'example_python_operator' retrieved from /home/airflow/.local/lib/python3.12/site-packages/airflow/example_dags/example_python_operator.py
[2026-09-15T21:24:09.247+0000] {logging_mixin.py:188} INFO - [2026-09-15T21:24:09.246+0000] {dag.py:3089} INFO - Sync 1 DAGs
[2026-09-15T21:24:09.256+0000] {logging_mixin.py:188} INFO - [2026-09-15T21:24:09.256+0000] {dag.py:3947} INFO - Setting next_dagrun for example_python_operator to None, run_after=None
[2026-09-15T21:24:09.270+0000] {processor.py:183} INFO - Processing /home/airflow/.local/lib/python3.12/site-packages/airflow/example_dags/example_python_operator.py took 0.056 seconds
[2026-09-15T21:24:39.415+0000] {processor.py:161} INFO - Started process (PID=1588) to work on /home/airflow/.local/lib/python3.12/site-packages/airflow/example_dags/example_python_operator.py
[2026-09-15T21:24:39.416+0000] {processor.py:830} INFO - Processing file /home/airflow/.local/lib/python3.12/site-packages/airflow/example_dags/example_python_operator.py for tasks to queue
[2026-09-15T21:24:39.418+0000] {logging_mixin.py:188} INFO - [2026-09-15T21:24:39.418+0000] {dagbag.py:545} INFO - Filling up the DagBag from /home/airflow/.local/lib/python3.12/site-packages/airflow/example_dags/example_python_operator.py
[2026-09-15T21:24:39.426+0000] {processor.py:840} INFO - DAG(s) 'example_python_operator' retrieved from /home/airflow/.local/lib/python3.12/site-packages/airflow/example_dags/example_python_operator.py
[2026-09-15T21:24:39.445+0000] {logging_mixin.py:188} INFO - [2026-09-15T21:24:39.444+0000] {dag.py:3089} INFO - Sync 1 DAGs
[2026-09-15T21:24:39.454+0000] {logging_mixin.py:188} INFO - [2026-09-15T21:24:39.454+0000] {dag.py:3947} INFO - Setting next_dagrun for example_python_operator to None, run_after=None
[2026-09-15T21:24:39.468+0000] {processor.py:183} INFO - Processing /home/airflow/.local/lib/python3.12/site-packages/airflow/example_dags/example_python_operator.py took 0.058 seconds
[2026-09-15T21:25:09.628+0000] {processor.py:161} INFO - Started process (PID=1858) to work on /home/airflow/.local/lib/python3.12/site-packages/airflow/example_dags/example_python_operator.py
[2026-09-15T21:25:09.629+0000] {processor.py:830} INFO - Processing file /home/airflow/.local/lib/python3.12/site-packages/airflow/example_dags/example_python_operator.py for tasks to queue
[2026-09-15T21:25:09.631+0000] {logging_mixin.py:188} INFO - [2026-09-15T21:25:09.631+0000] {dagbag.py:545} INFO - Filling up the DagBag from /home/airflow/.local/lib/python3.12/site-packages/airflow/example_dags/example_python_operator.py
[2026-09-15T21:25:09.638+0000] {processor.py:840} INFO - DAG(s) 'example_python_operator' retrieved from /home/airflow/.local/lib/python3.12/site-packages/airflow/example_dags/example_python_operator.py
[2026-09-15T21:25:09.658+0000] {logging_mixin.py:188} INFO - [2026-09-15T21:25:09.657+0000] {dag.py:3089} INFO - Sync 1 DAGs
[2026-09-15T21:25:09.669+0000] {logging_mixin.py:188} INFO - [2026-09-15T21:25:09.669+0000] {dag.py:3947} INFO - Setting next_dagrun for example_python_operator to None, run_after=None
[2026-09-15T21:25:09.685+0000] {processor.py:183} INFO - Processing /home/airflow/.local/lib/python3.12/site-packages/airflow/example_dags/example_python_operator.py took 0.061 seconds
[2026-09-15T21:25:39.746+0000] {processor.py:161} INFO - Started process (PID=2118) to work on /home/airflow/.local/lib/python3.12/site-packages/airflow/example_dags/example_python_operator.py
[2026-09-15T21:25:39.747+0000] {processor.py:830} INFO - Processing file /home/airflow/.local/lib/python3.12/site-packages/airflow/example_dags/example_python_operator.py for tasks to queue
[2026-09-15T21:25:39.748+0000] {logging_mixin.py:188} INFO - [2026-09-15T21:25:39.748+0000] {dagbag.py:545} INFO - Filling up the DagBag from /home/airflow/.local/lib/python3.12/site-packages/airflow/example_dags/example_python_operator.py
[2026-09-15T21:25:39.756+0000] {processor.py:840} INFO - DAG(s) 'example_python_operator' retrieved from /home/airflow/.local/lib/python3.12/site-packages/airflow/example_dags/example_python_operator.py
[2026-09-15T21:25:39.774+0000] {logging_mixin.py:188} INFO - [2026-09-15T21:25:39.774+0000] {dag.py:3089} INFO - Sync 1 DAGs
[2026-09-15T21:25:39.783+0000] {logging_mixin.py:188} INFO - [2026-09-15T21:25:39.783+0000] {dag.py:3947} INFO - Setting next_dagrun for example_python_operator to None, run_after=None
[2026-09-15T21:25:39.798+0000] {processor.py:183} INFO - Processing /home/airflow/.local/lib/python3.12/site-packages/airflow/example_dags/example_python_operator.py took 0.056 seconds
[2026-09-15T21:26:09.985+0000] {processor.py:161} INFO - Started process (PID=2380) to work on /home/airflow/.local/lib/python3.12/site-packages/airflow/example_dags/example_python_operator.py
[2026-09-15T21:26:09.986+0000] {processor.py:830} INFO - Processing file /home/airflow/.local/lib/python3.12/site-packages/airflow/example_dags/example_python_operator.py for tasks to queue
[2026-09-15T21:26:09.988+0000] {logging_mixin.py:188} INFO - [2026-09-15T21:26:09.987+0000] {dagbag.py:545} INFO - Filling up the DagBag from /home/airflow/.local/lib/python3.12/site-packages/airflow/example_dags/example_python_operator.py
[2026-09-15T21:26:09.995+0000] {processor.py:840} INFO - DAG(s) 'example_python_operator' retrieved from /home/airflow/.local/lib/python3.12/site-packages/airflow/example_dags/example_python_operator.py
[2026-09-15T21:26:10.012+0000] {logging_mixin.py:188} INFO - [2026-09-15T21:26:10.012+0000] {dag.py:3089} INFO - Sync 1 DAGs
[2026-09-15T21:26:10.022+0000] {logging_mixin.py:188} INFO - [2026-09-15T21:26:10.022+0000] {dag.py:3947} INFO - Setting next_dagrun for example_python_operator to None, run_after=None
[2026-09-15T21:26:10.036+0000] {processor.py:183} INFO - Processing /home/airflow/.local/lib/python3.12/site-packages/airflow/example_dags/example_python_operator.py took 0.056 seconds
[2026-09-15T21:26:40.225+0000] {processor.py:161} INFO - Started process (PID=2644) to work on /home/airflow/.local/lib/python3.12/site-packages/airflow/example_dags/example_python_operator.py
[2026-09-15T21:26:40.226+0000] {processor.py:830} INFO - Processing file /home/airflow/.local/lib/python3.12/site-packages/airflow/example_dags/example_python_operator.py for tasks to queue
[2026-09-15T21:26:40.228+0000] {logging_mixin.py:188} INFO - [2026-09-15T21:26:40.227+0000] {dagbag.py:545} INFO - Filling up the DagBag from /home/airflow/.local/lib/python3.12/site-packages/airflow/example_dags/example_python_operator.py
[2026-09-15T21:26:40.236+0000] {processor.py:840} INFO - DAG(s) 'example_python_operator' retrieved from /home/airflow/.local/lib/python3.12/site-packages/airflow/example_dags/example_python_operator.py
[2026-09-15T21:26:40.253+0000] {logging_mixin.py:188} INFO - [2026-09-15T21:26:40.253+0000] {dag.py:3089} INFO - Sync 1 DAGs
[2026-09-15T21:26:40.263+0000] {logging_mixin.py:188} INFO - [2026-09-15T21:26:40.263+0000] {dag.py:3947} INFO - Setting next_dagrun for example_python_operator to None, run_after=None
[2026-09-15T21:26:40.279+0000] {processor.py:183} INFO - Processing /home/airflow/.local/lib/python3.12/site-packages/airflow/example_dags/example_python_operator.py took 0.059 seconds
[2026-09-15T21:27:10.419+0000] {processor.py:161} INFO - Started process (PID=2904) to work on /home/airflow/.local/lib/python3.12/site-packages/airflow/example_dags/example_python_operator.py
[2026-09-15T21:27:10.421+0000] {processor.py:830} INFO - Processing file /home/airflow/.local/lib/python3.12/site-packages/airflow/example_dags/example_python_operator.py for tasks to queue
[2026-09-15T21:27:10.422+0000] {logging_mixin.py:188} INFO - [2026-09-15T21:27:10.422+0000] {dagbag.py:545} INFO - Filling up the DagBag from /home/airflow/.local/lib/python3.12/site-packages/airflow/example_dags/example_python_operator.py
[2026-09-15T21:27:10.430+0000] {processor.py:840} INFO - DAG(s) 'example_python_operator' retrieved from /home/airflow/.local/lib/python3.12/site-packages/airflow/example_dags/example_python_operator.py
[2026-09-15T21:27:10.447+0000] {logging_mixin.py:188} INFO - [2026-09-15T21:27:10.447+0000] {dag.py:3089} INFO - Sync 1 DAGs
[2026-09-15T21:27:10.457+0000] {logging_mixin.py:188} INFO - [2026-09-15T21:27:10.457+0000] {dag.py:3947} INFO - Setting next_dagrun for example_python_operator to None, run_after=None
[2026-09-15T21:27:10.473+0000] {processor.py:183} INFO - Processing /home/airflow/.local/lib/python3.12/site-packages/airflow/example_dags/example_python_operator.py took 0.058 seconds
[2026-09-15T21:27:40.776+0000] {processor.py:161} INFO - Started process (PID=3168) to work on /home/airflow/.local/lib/python3.12/site-packages/airflow/example_dags/example_python_operator.py
[2026-09-15T21:27:40.777+0000] {processor.py:830} INFO - Processing file /home/airflow/.local/lib/python3.12/site-packages/airflow/example_dags/example_python_operator.py for tasks to queue
[2026-09-15T21:27:40.779+0000] {logging_mixin.py:188} INFO - [2026-09-15T21:27:40.779+0000] {dagbag.py:545} INFO - Filling up the DagBag from /home/airflow/.local/lib/python3.12/site-packages/airflow/example_dags/example_python_operator.py
[2026-09-15T21:27:40.787+0000] {processor.py:840} INFO - DAG(s) 'example_python_operator' retrieved from /home/airflow/.local/lib/python3.12/site-packages/airflow/example_dags/example_python_operator.py
[2026-09-15T21:27:40.804+0000] {logging_mixin.py:188} INFO - [2026-09-15T21:27:40.804+0000] {dag.py:3089} INFO - Sync 1 DAGs
[2026-09-15T21:27:40.814+0000] {logging_mixin.py:188} INFO - [2026-09-15T21:27:40.814+0000] {dag.py:3947} INFO - Setting next_dagrun for example_python_operator to None, run_after=None
[2026-09-15T21:27:40.829+0000] {processor.py:183} INFO - Processing /home/airflow/.local/lib/python3.12/site-packages/airflow/example_dags/example_python_operator.py took 0.057 seconds
[2026-09-15T21:28:11.332+0000] {processor.py:161} INFO - Started process (PID=3428) to work on /home/airflow/.local/lib/python3.12/site-packages/airflow/example_dags/example_python_operator.py
[2026-09-15T21:28:11.333+0000] {processor.py:830} INFO - Processing file /home/airflow/.local/lib/python3.12/site-packages/airflow/example_dags/example_python_operator.py for tasks to queue
[2026-09-15T21:28:11.334+0000] {logging_mixin.py:188} INFO - [2026-09-15T21:28:11.334+0000] {dagbag.py:545} INFO - Filling up the DagBag from /home/airflow/.local/lib/python3.12/site-packages/airflow/example_dags/example_python_operator.py
[2026-09-15T21:28:11.342+0000] {processor.py:840} INFO - DAG(s) 'example_python_operator' retrieved from /home/airflow/.local/lib/python3.12/site-packages/airflow/example_dags/example_python_operator.py
[2026-09-15T21:28:11.361+0000] {logging_mixin.py:188} INFO - [2026-09-15T21:28:11.361+0000] {dag.py:3089} INFO - Sync 1 DAGs
[2026-09-15T21:28:11.371+0000] {logging_mixin.py:188} INFO - [2026-09-15T21:28:11.371+0000] {dag.py:3947} INFO - Setting next_dagrun for example_python_operator to None, run_after=None
[2026-09-15T21:28:11.387+0000] {processor.py:183} INFO - Processing /home/airflow/.local/lib/python3.12/site-packages/airflow/example_dags/example_python_operator.py took 0.059 seconds
[2026-09-15T21:28:42.243+0000] {processor.py:161} INFO - Started process (PID=3690) to work on /home/airflow/.local/lib/python3.12/site-packages/airflow/example_dags/example_python_operator.py
[2026-09-15T21:28:42.244+0000] {processor.py:830} INFO - Processing file /home/airflow/.local/lib/python3.12/site-packages/airflow/example_dags/example_python_operator.py for tasks to queue
[2026-09-15T21:28:42.246+0000] {logging_mixin.py:188} INFO - [2026-09-15T21:28:42.245+0000] {dagbag.py:545} INFO - Filling up the DagBag from /home/airflow/.local/lib/python3.12/site-packages/airflow/example_dags/example_python_operator.py
[2026-09-15T21:28:42.253+0000] {processor.py:840} INFO - DAG(s) 'example_python_operator' retrieved from /home/airflow/.local/lib/python3.12/site-packages/airflow/example_dags/example_python_operator.py
[2026-09-15T21:28:42.271+0000] {logging_mixin.py:188} INFO - [2026-09-15T21:28:42.271+0000] {dag.py:3089} INFO - Sync 1 DAGs
[2026-09-15T21:28:42.281+0000] {logging_mixin.py:188} INFO - [2026-09-15T21:28:42.280+0000] {dag.py:3947} INFO - Setting next_dagrun for example_python_operator to None, run_after=None
[2026-09-15T21:28:42.295+0000] {processor.py:183} INFO - Processing /home/airflow/.local/lib/python3.12/site-packages/airflow/example_dags/example_python_operator.py took 0.056 seconds
[2026-09-15T21:29:13.321+0000] {processor.py:161} INFO - Started process (PID=3954) to work on /home/airflow/.local/lib/python3.12/site-packages/airflow/example_dags/example_python_operator.py
[2026-09-15T21:29:13.322+0000] {processor.py:830} INFO - Processing file /home/airflow/.local/lib/python3.12/site-packages/airflow/example_dags/example_python_operator.py for tasks to queue
[2026-09-15T21:29:13.324+0000] {logging_mixin.py:188} INFO - [2026-09-15T21:29:13.324+0000] {dagbag.py:545} INFO - Filling up the DagBag from /home/airflow/.local/lib/python3.12/site-packages/airflow/example_dags/example_python_operator.py
[2026-09-15T21:29:13.331+0000] {processor.py:840} INFO - DAG(s) 'example_python_operator' retrieved from /home/airflow/.local/lib/python3.12/site-packages/airflow/example_dags/example_python_operator.py
[2026-09-15T21:29:13.350+0000] {logging_mixin.py:188} INFO - [2026-09-15T21:29:13.350+0000] {dag.py:3089} INFO - Sync 1 DAGs
[2026-09-15T21:29:13.359+0000] {logging_mixin.py:188} INFO - [2026-09-15T21:29:13.359+0000] {dag.py:3947} INFO - Setting next_dagrun for example_python_operator to None, run_after=None
[2026-09-15T21:29:13.374+0000] {processor.py:183} INFO - Processing /home/airflow/.local/lib/python3.12/site-packages/airflow/example_dags/example_python_operator.py took 0.057 seconds
[2026-09-15T21:29:43.628+0000] {processor.py:161} INFO - Started process (PID=4221) to work on /home/airflow/.local/lib/python3.12/site-packages/airflow/example_dags/example_python_operator.py
[2026-09-15T21:29:43.629+0000] {processor.py:830} INFO - Processing file /home/airflow/.local/lib/python3.12/site-packages/airflow/example_dags/example_python_operator.py for tasks to queue
[2026-09-15T21:29:43.632+0000] {logging_mixin.py:188} INFO - [2026-09-15T21:29:43.632+0000] {dagbag.py:545} INFO - Filling up the DagBag from /home/airflow/.local/lib/python3.12/site-packages/airflow/example_dags/example_python_operator.py
[2026-09-15T21:29:43.641+0000] {processor.py:840} INFO - DAG(s) 'example_python_operator' retrieved from /home/airflow/.local/lib/python3.12/site-packages/airflow/example_dags/example_python_operator.py
[2026-09-15T21:29:43.665+0000] {logging_mixin.py:188} INFO - [2026-09-15T21:29:43.665+0000] {dag.py:3089} INFO - Sync 1 DAGs
[2026-09-15T21:29:43.676+0000] {logging_mixin.py:188} INFO - [2026-09-15T21:29:43.676+0000] {dag.py:3947} INFO - Setting next_dagrun for example_python_operator to None, run_after=None
[2026-09-15T21:29:43.701+0000] {processor.py:183} INFO - Processing /home/airflow/.local/lib/python3.12/site-packages/airflow/example_dags/example_python_operator.py took 0.078 seconds
[2026-09-15T21:30:13.927+0000] {processor.py:161} INFO - Started process (PID=4486) to work on /home/airflow/.local/lib/python3.12/site-packages/airflow/example_dags/example_python_operator.py
[2026-09-15T21:30:13.929+0000] {processor.py:830} INFO - Processing file /home/airflow/.local/lib/python3.12/site-packages/airflow/example_dags/example_python_operator.py for tasks to queue
[2026-09-15T21:30:13.931+0000] {logging_mixin.py:188} INFO - [2026-09-15T21:30:13.931+0000] {dagbag.py:545} INFO - Filling up the DagBag from /home/airflow/.local/lib/python3.12/site-packages/airflow/example_dags/example_python_operator.py
[2026-09-15T21:30:13.941+0000] {processor.py:840} INFO - DAG(s) 'example_python_operator' retrieved from /home/airflow/.local/lib/python3.12/site-packages/airflow/example_dags/example_python_operator.py
[2026-09-15T21:30:13.962+0000] {logging_mixin.py:188} INFO - [2026-09-15T21:30:13.962+0000] {dag.py:3089} INFO - Sync 1 DAGs
[2026-09-15T21:30:13.973+0000] {logging_mixin.py:188} INFO - [2026-09-15T21:30:13.973+0000] {dag.py:3947} INFO - Setting next_dagrun for example_python_operator to None, run_after=None
[2026-09-15T21:30:13.991+0000] {processor.py:183} INFO - Processing /home/airflow/.local/lib/python3.12/site-packages/airflow/example_dags/example_python_operator.py took 0.070 seconds
[2026-09-15T21:30:44.857+0000] {processor.py:161} INFO - Started process (PID=4748) to work on /home/airflow/.local/lib/python3.12/site-packages/airflow/example_dags/example_python_operator.py
[2026-09-15T21:30:44.858+0000] {processor.py:830} INFO - Processing file /home/airflow/.local/lib/python3.12/site-packages/airflow/example_dags/example_python_operator.py for tasks to queue
[2026-09-15T21:30:44.860+0000] {logging_mixin.py:188} INFO - [2026-09-15T21:30:44.860+0000] {dagbag.py:545} INFO - Filling up the DagBag from /home/airflow/.local/lib/python3.12/site-packages/airflow/example_dags/example_python_operator.py
[2026-09-15T21:30:44.867+0000] {processor.py:840} INFO - DAG(s) 'example_python_operator' retrieved from /home/airflow/.local/lib/python3.12/site-packages/airflow/example_dags/example_python_operator.py
[2026-09-15T21:30:44.888+0000] {logging_mixin.py:188} INFO - [2026-09-15T21:30:44.888+0000] {dag.py:3089} INFO - Sync 1 DAGs
[2026-09-15T21:30:44.899+0000] {logging_mixin.py:188} INFO - [2026-09-15T21:30:44.898+0000] {dag.py:3947} INFO - Setting next_dagrun for example_python_operator to None, run_after=None
[2026-09-15T21:30:44.915+0000] {processor.py:183} INFO - Processing /home/airflow/.local/lib/python3.12/site-packages/airflow/example_dags/example_python_operator.py took 0.063 seconds
[2026-09-15T21:31:15.393+0000] {processor.py:161} INFO - Started process (PID=5010) to work on /home/airflow/.local/lib/python3.12/site-packages/airflow/example_dags/example_python_operator.py
[2026-09-15T21:31:15.394+0000] {processor.py:830} INFO - Processing file /home/airflow/.local/lib/python3.12/site-packages/airflow/example_dags/example_python_operator.py for tasks to queue
[2026-09-15T21:31:15.396+0000] {logging_mixin.py:188} INFO - [2026-09-15T21:31:15.396+0000] {dagbag.py:545} INFO - Filling up the DagBag from /home/airflow/.local/lib/python3.12/site-packages/airflow/example_dags/example_python_operator.py
[2026-09-15T21:31:15.403+0000] {processor.py:840} INFO - DAG(s) 'example_python_operator' retrieved from /home/airflow/.local/lib/python3.12/site-packages/airflow/example_dags/example_python_operator.py
[2026-09-15T21:31:15.421+0000] {logging_mixin.py:188} INFO - [2026-09-15T21:31:15.421+0000] {dag.py:3089} INFO - Sync 1 DAGs
[2026-09-15T21:31:15.431+0000] {logging_mixin.py:188} INFO - [2026-09-15T21:31:15.430+0000] {dag.py:3947} INFO - Setting next_dagrun for example_python_operator to None, run_after=None
[2026-09-15T21:31:15.446+0000] {processor.py:183} INFO - Processing /home/airflow/.local/lib/python3.12/site-packages/airflow/example_dags/example_python_operator.py took 0.057 seconds
[2026-09-15T21:31:46.171+0000] {processor.py:161} INFO - Started process (PID=5272) to work on /home/airflow/.local/lib/python3.12/site-packages/airflow/example_dags/example_python_operator.py
[2026-09-15T21:31:46.172+0000] {processor.py:830} INFO - Processing file /home/airflow/.local/lib/python3.12/site-packages/airflow/example_dags/example_python_operator.py for tasks to queue
[2026-09-15T21:31:46.174+0000] {logging_mixin.py:188} INFO - [2026-09-15T21:31:46.174+0000] {dagbag.py:545} INFO - Filling up the DagBag from /home/airflow/.local/lib/python3.12/site-packages/airflow/example_dags/example_python_operator.py
[2026-09-15T21:31:46.182+0000] {processor.py:840} INFO - DAG(s) 'example_python_operator' retrieved from /home/airflow/.local/lib/python3.12/site-packages/airflow/example_dags/example_python_operator.py
[2026-09-15T21:31:46.200+0000] {logging_mixin.py:188} INFO - [2026-09-15T21:31:46.200+0000] {dag.py:3089} INFO - Sync 1 DAGs
[2026-09-15T21:31:46.209+0000] {logging_mixin.py:188} INFO - [2026-09-15T21:31:46.209+0000] {dag.py:3947} INFO - Setting next_dagrun for example_python_operator to None, run_after=None
[2026-09-15T21:31:46.223+0000] {processor.py:183} INFO - Processing /home/airflow/.local/lib/python3.12/site-packages/airflow/example_dags/example_python_operator.py took 0.057 seconds
[2026-09-15T21:32:16.855+0000] {processor.py:161} INFO - Started process (PID=5534) to work on /home/airflow/.local/lib/python3.12/site-packages/airflow/example_dags/example_python_operator.py
[2026-09-15T21:32:16.857+0000] {processor.py:830} INFO - Processing file /home/airflow/.local/lib/python3.12/site-packages/airflow/example_dags/example_python_operator.py for tasks to queue
[2026-09-15T21:32:16.860+0000] {logging_mixin.py:188} INFO - [2026-09-15T21:32:16.859+0000] {dagbag.py:545} INFO - Filling up the DagBag from /home/airflow/.local/lib/python3.12/site-packages/airflow/example_dags/example_python_operator.py
[2026-09-15T21:32:16.869+0000] {processor.py:840} INFO - DAG(s) 'example_python_operator' retrieved from /home/airflow/.local/lib/python3.12/site-packages/airflow/example_dags/example_python_operator.py
[2026-09-15T21:32:16.890+0000] {logging_mixin.py:188} INFO - [2026-09-15T21:32:16.890+0000] {dag.py:3089} INFO - Sync 1 DAGs
[2026-09-15T21:32:16.903+0000] {logging_mixin.py:188} INFO - [2026-09-15T21:32:16.903+0000] {dag.py:3947} INFO - Setting next_dagrun for example_python_operator to None, run_after=None
[2026-09-15T21:32:16.922+0000] {processor.py:183} INFO - Processing /home/airflow/.local/lib/python3.12/site-packages/airflow/example_dags/example_python_operator.py took 0.073 seconds
[2026-09-15T21:32:47.001+0000] {processor.py:161} INFO - Started process (PID=5791) to work on /home/airflow/.local/lib/python3.12/site-packages/airflow/example_dags/example_python_operator.py
[2026-09-15T21:32:47.002+0000] {processor.py:830} INFO - Processing file /home/airflow/.local/lib/python3.12/site-packages/airflow/example_dags/example_python_operator.py for tasks to queue
[2026-09-15T21:32:47.004+0000] {logging_mixin.py:188} INFO - [2026-09-15T21:32:47.003+0000] {dagbag.py:545} INFO - Filling up the DagBag from /home/airflow/.local/lib/python3.12/site-packages/airflow/example_dags/example_python_operator.py
[2026-09-15T21:32:47.011+0000] {processor.py:840} INFO - DAG(s) 'example_python_operator' retrieved from /home/airflow/.local/lib/python3.12/site-packages/airflow/example_dags/example_python_operator.py
[2026-09-15T21:32:47.029+0000] {logging_mixin.py:188} INFO - [2026-09-15T21:32:47.029+0000] {dag.py:3089} INFO - Sync 1 DAGs
[2026-09-15T21:32:47.039+0000] {logging_mixin.py:188} INFO - [2026-09-15T21:32:47.038+0000] {dag.py:3947} INFO - Setting next_dagrun for example_python_operator to None, run_after=None
[2026-09-15T21:32:47.054+0000] {processor.py:183} INFO - Processing /home/airflow/.local/lib/python3.12/site-packages/airflow/example_dags/example_python_operator.py took 0.056 seconds
[2026-09-15T21:33:17.299+0000] {processor.py:161} INFO - Started process (PID=6053) to work on /home/airflow/.local/lib/python3.12/site-packages/airflow/example_dags/example_python_operator.py
[2026-09-15T21:33:17.300+0000] {processor.py:830} INFO - Processing file /home/airflow/.local/lib/python3.12/site-packages/airflow/example_dags/example_python_operator.py for tasks to queue
[2026-09-15T21:33:17.302+0000] {logging_mixin.py:188} INFO - [2026-09-15T21:33:17.301+0000] {dagbag.py:545} INFO - Filling up the DagBag from /home/airflow/.local/lib/python3.12/site-packages/airflow/example_dags/example_python_operator.py
[2026-09-15T21:33:17.309+0000] {processor.py:840} INFO - DAG(s) 'example_python_operator' retrieved from /home/airflow/.local/lib/python3.12/site-packages/airflow/example_dags/example_python_operator.py
[2026-09-15T21:33:17.326+0000] {logging_mixin.py:188} INFO - [2026-09-15T21:33:17.326+0000] {dag.py:3089} INFO - Sync 1 DAGs
[2026-09-15T21:33:17.336+0000] {logging_mixin.py:188} INFO - [2026-09-15T21:33:17.336+0000] {dag.py:3947} INFO - Setting next_dagrun for example_python_operator to None, run_after=None
[2026-09-15T21:33:17.351+0000] {processor.py:183} INFO - Processing /home/airflow/.local/lib/python3.12/site-packages/airflow/example_dags/example_python_operator.py took 0.055 seconds
[2026-09-15T21:33:47.511+0000] {processor.py:161} INFO - Started process (PID=6319) to work on /home/airflow/.local/lib/python3.12/site-packages/airflow/example_dags/example_python_operator.py
[2026-09-15T21:33:47.512+0000] {processor.py:830} INFO - Processing file /home/airflow/.local/lib/python3.12/site-packages/airflow/example_dags/example_python_operator.py for tasks to queue
[2026-09-15T21:33:47.514+0000] {logging_mixin.py:188} INFO - [2026-09-15T21:33:47.513+0000] {dagbag.py:545} INFO - Filling up the DagBag from /home/airflow/.local/lib/python3.12/site-packages/airflow/example_dags/example_python_operator.py
[2026-09-15T21:33:47.523+0000] {processor.py:840} INFO - DAG(s) 'example_python_operator' retrieved from /home/airflow/.local/lib/python3.12/site-packages/airflow/example_dags/example_python_operator.py
[2026-09-15T21:33:47.542+0000] {logging_mixin.py:188} INFO - [2026-09-15T21:33:47.542+0000] {dag.py:3089} INFO - Sync 1 DAGs
[2026-09-15T21:33:47.552+0000] {logging_mixin.py:188} INFO - [2026-09-15T21:33:47.552+0000] {dag.py:3947} INFO - Setting next_dagrun for example_python_operator to None, run_after=None
[2026-09-15T21:33:47.568+0000] {processor.py:183} INFO - Processing /home/airflow/.local/lib/python3.12/site-packages/airflow/example_dags/example_python_operator.py took 0.062 seconds
[2026-09-15T21:34:17.772+0000] {processor.py:161} INFO - Started process (PID=6581) to work on /home/airflow/.local/lib/python3.12/site-packages/airflow/example_dags/example_python_operator.py
[2026-09-15T21:34:17.773+0000] {processor.py:830} INFO - Processing file /home/airflow/.local/lib/python3.12/site-packages/airflow/example_dags/example_python_operator.py for tasks to queue
[2026-09-15T21:34:17.775+0000] {logging_mixin.py:188} INFO - [2026-09-15T21:34:17.775+0000] {dagbag.py:545} INFO - Filling up the DagBag from /home/airflow/.local/lib/python3.12/site-packages/airflow/example_dags/example_python_operator.py
[2026-09-15T21:34:17.782+0000] {processor.py:840} INFO - DAG(s) 'example_python_operator' retrieved from /home/airflow/.local/lib/python3.12/site-packages/airflow/example_dags/example_python_operator.py
[2026-09-15T21:34:17.800+0000] {logging_mixin.py:188} INFO - [2026-09-15T21:34:17.800+0000] {dag.py:3089} INFO - Sync 1 DAGs
[2026-09-15T21:34:17.810+0000] {logging_mixin.py:188} INFO - [2026-09-15T21:34:17.810+0000] {dag.py:3947} INFO - Setting next_dagrun for example_python_operator to None, run_after=None
[2026-09-15T21:34:17.824+0000] {processor.py:183} INFO - Processing /home/airflow/.local/lib/python3.12/site-packages/airflow/example_dags/example_python_operator.py took 0.056 seconds
[2026-09-15T21:34:48.250+0000] {processor.py:161} INFO - Started process (PID=6843) to work on /home/airflow/.local/lib/python3.12/site-packages/airflow/example_dags/example_python_operator.py
[2026-09-15T21:34:48.251+0000] {processor.py:830} INFO - Processing file /home/airflow/.local/lib/python3.12/site-packages/airflow/example_dags/example_python_operator.py for tasks to queue
[2026-09-15T21:34:48.253+0000] {logging_mixin.py:188} INFO - [2026-09-15T21:34:48.253+0000] {dagbag.py:545} INFO - Filling up the DagBag from /home/airflow/.local/lib/python3.12/site-packages/airflow/example_dags/example_python_operator.py
[2026-09-15T21:34:48.260+0000] {processor.py:840} INFO - DAG(s) 'example_python_operator' retrieved from /home/airflow/.local/lib/python3.12/site-packages/airflow/example_dags/example_python_operator.py
[2026-09-15T21:34:48.278+0000] {logging_mixin.py:188} INFO - [2026-09-15T21:34:48.278+0000] {dag.py:3089} INFO - Sync 1 DAGs
[2026-09-15T21:34:48.288+0000] {logging_mixin.py:188} INFO - [2026-09-15T21:34:48.288+0000] {dag.py:3947} INFO - Setting next_dagrun for example_python_operator to None, run_after=None
[2026-09-15T21:34:48.303+0000] {processor.py:183} INFO - Processing /home/airflow/.local/lib/python3.12/site-packages/airflow/example_dags/example_python_operator.py took 0.056 seconds
[2026-09-15T21:35:18.505+0000] {processor.py:161} INFO - Started process (PID=7109) to work on /home/airflow/.local/lib/python3.12/site-packages/airflow/example_dags/example_python_operator.py
[2026-09-15T21:35:18.506+0000] {processor.py:830} INFO - Processing file /home/airflow/.local/lib/python3.12/site-packages/airflow/example_dags/example_python_operator.py for tasks to queue
[2026-09-15T21:35:18.507+0000] {logging_mixin.py:188} INFO - [2026-09-15T21:35:18.507+0000] {dagbag.py:545} INFO - Filling up the DagBag from /home/airflow/.local/lib/python3.12/site-packages/airflow/example_dags/example_python_operator.py
[2026-09-15T21:35:18.515+0000] {processor.py:840} INFO - DAG(s) 'example_python_operator' retrieved from /home/airflow/.local/lib/python3.12/site-packages/airflow/example_dags/example_python_operator.py
[2026-09-15T21:35:18.536+0000] {logging_mixin.py:188} INFO - [2026-09-15T21:35:18.536+0000] {dag.py:3089} INFO - Sync 1 DAGs
[2026-09-15T21:35:18.546+0000] {logging_mixin.py:188} INFO - [2026-09-15T21:35:18.546+0000] {dag.py:3947} INFO - Setting next_dagrun for example_python_operator to None, run_after=None
[2026-09-15T21:35:18.562+0000] {processor.py:183} INFO - Processing /home/airflow/.local/lib/python3.12/site-packages/airflow/example_dags/example_python_operator.py took 0.061 seconds
[2026-09-15T21:35:48.940+0000] {processor.py:161} INFO - Started process (PID=7371) to work on /home/airflow/.local/lib/python3.12/site-packages/airflow/example_dags/example_python_operator.py
[2026-09-15T21:35:48.941+0000] {processor.py:830} INFO - Processing file /home/airflow/.local/lib/python3.12/site-packages/airflow/example_dags/example_python_operator.py for tasks to queue
[2026-09-15T21:35:48.942+0000] {logging_mixin.py:188} INFO - [2026-09-15T21:35:48.942+0000] {dagbag.py:545} INFO - Filling up the DagBag from /home/airflow/.local/lib/python3.12/site-packages/airflow/example_dags/example_python_operator.py
[2026-09-15T21:35:48.950+0000] {processor.py:840} INFO - DAG(s) 'example_python_operator' retrieved from /home/airflow/.local/lib/python3.12/site-packages/airflow/example_dags/example_python_operator.py
[2026-09-15T21:35:48.968+0000] {logging_mixin.py:188} INFO - [2026-09-15T21:35:48.968+0000] {dag.py:3089} INFO - Sync 1 DAGs
[2026-09-15T21:35:48.977+0000] {logging_mixin.py:188} INFO - [2026-09-15T21:35:48.977+0000] {dag.py:3947} INFO - Setting next_dagrun for example_python_operator to None, run_after=None
[2026-09-15T21:35:48.991+0000] {processor.py:183} INFO - Processing /home/airflow/.local/lib/python3.12/site-packages/airflow/example_dags/example_python_operator.py took 0.056 seconds
[2026-09-15T21:36:19.109+0000] {processor.py:161} INFO - Started process (PID=7633) to work on /home/airflow/.local/lib/python3.12/site-packages/airflow/example_dags/example_python_operator.py
[2026-09-15T21:36:19.110+0000] {processor.py:830} INFO - Processing file /home/airflow/.local/lib/python3.12/site-packages/airflow/example_dags/example_python_operator.py for tasks to queue
[2026-09-15T21:36:19.112+0000] {logging_mixin.py:188} INFO - [2026-09-15T21:36:19.112+0000] {dagbag.py:545} INFO - Filling up the DagBag from /home/airflow/.local/lib/python3.12/site-packages/airflow/example_dags/example_python_operator.py
[2026-09-15T21:36:19.120+0000] {processor.py:840} INFO - DAG(s) 'example_python_operator' retrieved from /home/airflow/.local/lib/python3.12/site-packages/airflow/example_dags/example_python_operator.py
[2026-09-15T21:36:19.139+0000] {logging_mixin.py:188} INFO - [2026-09-15T21:36:19.139+0000] {dag.py:3089} INFO - Sync 1 DAGs
[2026-09-15T21:36:19.148+0000] {logging_mixin.py:188} INFO - [2026-09-15T21:36:19.148+0000] {dag.py:3947} INFO - Setting next_dagrun for example_python_operator to None, run_after=None
[2026-09-15T21:36:19.163+0000] {processor.py:183} INFO - Processing /home/airflow/.local/lib/python3.12/site-packages/airflow/example_dags/example_python_operator.py took 0.058 seconds
[2026-09-15T21:36:49.230+0000] {processor.py:161} INFO - Started process (PID=7895) to work on /home/airflow/.local/lib/python3.12/site-packages/airflow/example_dags/example_python_operator.py
[2026-09-15T21:36:49.231+0000] {processor.py:830} INFO - Processing file /home/airflow/.local/lib/python3.12/site-packages/airflow/example_dags/example_python_operator.py for tasks to queue
[2026-09-15T21:36:49.233+0000] {logging_mixin.py:188} INFO - [2026-09-15T21:36:49.233+0000] {dagbag.py:545} INFO - Filling up the DagBag from /home/airflow/.local/lib/python3.12/site-packages/airflow/example_dags/example_python_operator.py
[2026-09-15T21:36:49.240+0000] {processor.py:840} INFO - DAG(s) 'example_python_operator' retrieved from /home/airflow/.local/lib/python3.12/site-packages/airflow/example_dags/example_python_operator.py
[2026-09-15T21:36:49.259+0000] {logging_mixin.py:188} INFO - [2026-09-15T21:36:49.259+0000] {dag.py:3089} INFO - Sync 1 DAGs
[2026-09-15T21:36:49.270+0000] {logging_mixin.py:188} INFO - [2026-09-15T21:36:49.270+0000] {dag.py:3947} INFO - Setting next_dagrun for example_python_operator to None, run_after=None
[2026-09-15T21:36:49.289+0000] {processor.py:183} INFO - Processing /home/airflow/.local/lib/python3.12/site-packages/airflow/example_dags/example_python_operator.py took 0.063 seconds
[2026-09-15T21:37:19.646+0000] {processor.py:161} INFO - Started process (PID=8157) to work on /home/airflow/.local/lib/python3.12/site-packages/airflow/example_dags/example_python_operator.py
[2026-09-15T21:37:19.647+0000] {processor.py:830} INFO - Processing file /home/airflow/.local/lib/python3.12/site-packages/airflow/example_dags/example_python_operator.py for tasks to queue
[2026-09-15T21:37:19.649+0000] {logging_mixin.py:188} INFO - [2026-09-15T21:37:19.649+0000] {dagbag.py:545} INFO - Filling up the DagBag from /home/airflow/.local/lib/python3.12/site-packages/airflow/example_dags/example_python_operator.py
[2026-09-15T21:37:19.656+0000] {processor.py:840} INFO - DAG(s) 'example_python_operator' retrieved from /home/airflow/.local/lib/python3.12/site-packages/airflow/example_dags/example_python_operator.py
[2026-09-15T21:37:19.675+0000] {logging_mixin.py:188} INFO - [2026-09-15T21:37:19.675+0000] {dag.py:3089} INFO - Sync 1 DAGs
[2026-09-15T21:37:19.684+0000] {logging_mixin.py:188} INFO - [2026-09-15T21:37:19.684+0000] {dag.py:3947} INFO - Setting next_dagrun for example_python_operator to None, run_after=None
[2026-09-15T21:37:19.698+0000] {processor.py:183} INFO - Processing /home/airflow/.local/lib/python3.12/site-packages/airflow/example_dags/example_python_operator.py took 0.056 seconds
[2026-09-15T21:37:49.919+0000] {processor.py:161} INFO - Started process (PID=8419) to work on /home/airflow/.local/lib/python3.12/site-packages/airflow/example_dags/example_python_operator.py
[2026-09-15T21:37:49.920+0000] {processor.py:830} INFO - Processing file /home/airflow/.local/lib/python3.12/site-packages/airflow/example_dags/example_python_operator.py for tasks to queue
[2026-09-15T21:37:49.922+0000] {logging_mixin.py:188} INFO - [2026-09-15T21:37:49.922+0000] {dagbag.py:545} INFO - Filling up the DagBag from /home/airflow/.local/lib/python3.12/site-packages/airflow/example_dags/example_python_operator.py
[2026-09-15T21:37:49.930+0000] {processor.py:840} INFO - DAG(s) 'example_python_operator' retrieved from /home/airflow/.local/lib/python3.12/site-packages/airflow/example_dags/example_python_operator.py
[2026-09-15T21:37:49.947+0000] {logging_mixin.py:188} INFO - [2026-09-15T21:37:49.947+0000] {dag.py:3089} INFO - Sync 1 DAGs
[2026-09-15T21:37:49.956+0000] {logging_mixin.py:188} INFO - [2026-09-15T21:37:49.956+0000] {dag.py:3947} INFO - Setting next_dagrun for example_python_operator to None, run_after=None
[2026-09-15T21:37:49.972+0000] {processor.py:183} INFO - Processing /home/airflow/.local/lib/python3.12/site-packages/airflow/example_dags/example_python_operator.py took 0.057 seconds
[2026-09-15T21:38:20.325+0000] {processor.py:161} INFO - Started process (PID=8681) to work on /home/airflow/.local/lib/python3.12/site-packages/airflow/example_dags/example_python_operator.py
[2026-09-15T21:38:20.326+0000] {processor.py:830} INFO - Processing file /home/airflow/.local/lib/python3.12/site-packages/airflow/example_dags/example_python_operator.py for tasks to queue
[2026-09-15T21:38:20.328+0000] {logging_mixin.py:188} INFO - [2026-09-15T21:38:20.328+0000] {dagbag.py:545} INFO - Filling up the DagBag from /home/airflow/.local/lib/python3.12/site-packages/airflow/example_dags/example_python_operator.py
[2026-09-15T21:38:20.335+0000] {processor.py:840} INFO - DAG(s) 'example_python_operator' retrieved from /home/airflow/.local/lib/python3.12/site-packages/airflow/example_dags/example_python_operator.py
[2026-09-15T21:38:20.351+0000] {logging_mixin.py:188} INFO - [2026-09-15T21:38:20.351+0000] {dag.py:3089} INFO - Sync 1 DAGs
[2026-09-15T21:38:20.359+0000] {logging_mixin.py:188} INFO - [2026-09-15T21:38:20.359+0000] {dag.py:3947} INFO - Setting next_dagrun for example_python_operator to None, run_after=None
[2026-09-15T21:38:20.373+0000] {processor.py:183} INFO - Processing /home/airflow/.local/lib/python3.12/site-packages/airflow/example_dags/example_python_operator.py took 0.052 seconds
[2026-09-15T21:38:50.495+0000] {processor.py:161} INFO - Started process (PID=8972) to work on /home/airflow/.local/lib/python3.12/site-packages/airflow/example_dags/example_python_operator.py
[2026-09-15T21:38:50.497+0000] {processor.py:830} INFO - Processing file /home/airflow/.local/lib/python3.12/site-packages/airflow/example_dags/example_python_operator.py for tasks to queue
[2026-09-15T21:38:50.499+0000] {logging_mixin.py:188} INFO - [2026-09-15T21:38:50.499+0000] {dagbag.py:545} INFO - Filling up the DagBag from /home/airflow/.local/lib/python3.12/site-packages/airflow/example_dags/example_python_operator.py
[2026-09-15T21:38:50.510+0000] {processor.py:840} INFO - DAG(s) 'example_python_operator' retrieved from /home/airflow/.local/lib/python3.12/site-packages/airflow/example_dags/example_python_operator.py
[2026-09-15T21:38:50.529+0000] {logging_mixin.py:188} INFO - [2026-09-15T21:38:50.529+0000] {dag.py:3089} INFO - Sync 1 DAGs
[2026-09-15T21:38:50.539+0000] {logging_mixin.py:188} INFO - [2026-09-15T21:38:50.539+0000] {dag.py:3947} INFO - Setting next_dagrun for example_python_operator to None, run_after=None
[2026-09-15T21:38:50.556+0000] {processor.py:183} INFO - Processing /home/airflow/.local/lib/python3.12/site-packages/airflow/example_dags/example_python_operator.py took 0.069 seconds
[2026-09-15T21:39:20.952+0000] {processor.py:161} INFO - Started process (PID=9234) to work on /home/airflow/.local/lib/python3.12/site-packages/airflow/example_dags/example_python_operator.py
[2026-09-15T21:39:20.954+0000] {processor.py:830} INFO - Processing file /home/airflow/.local/lib/python3.12/site-packages/airflow/example_dags/example_python_operator.py for tasks to queue
[2026-09-15T21:39:20.955+0000] {logging_mixin.py:188} INFO - [2026-09-15T21:39:20.955+0000] {dagbag.py:545} INFO - Filling up the DagBag from /home/airflow/.local/lib/python3.12/site-packages/airflow/example_dags/example_python_operator.py
[2026-09-15T21:39:20.963+0000] {processor.py:840} INFO - DAG(s) 'example_python_operator' retrieved from /home/airflow/.local/lib/python3.12/site-packages/airflow/example_dags/example_python_operator.py
[2026-09-15T21:39:20.979+0000] {logging_mixin.py:188} INFO - [2026-09-15T21:39:20.979+0000] {dag.py:3089} INFO - Sync 1 DAGs
[2026-09-15T21:39:20.987+0000] {logging_mixin.py:188} INFO - [2026-09-15T21:39:20.987+0000] {dag.py:3947} INFO - Setting next_dagrun for example_python_operator to None, run_after=None
[2026-09-15T21:39:21.001+0000] {processor.py:183} INFO - Processing /home/airflow/.local/lib/python3.12/site-packages/airflow/example_dags/example_python_operator.py took 0.053 seconds
[2026-09-15T21:39:51.139+0000] {processor.py:161} INFO - Started process (PID=9496) to work on /home/airflow/.local/lib/python3.12/site-packages/airflow/example_dags/example_python_operator.py
[2026-09-15T21:39:51.140+0000] {processor.py:830} INFO - Processing file /home/airflow/.local/lib/python3.12/site-packages/airflow/example_dags/example_python_operator.py for tasks to queue
[2026-09-15T21:39:51.141+0000] {logging_mixin.py:188} INFO - [2026-09-15T21:39:51.141+0000] {dagbag.py:545} INFO - Filling up the DagBag from /home/airflow/.local/lib/python3.12/site-packages/airflow/example_dags/example_python_operator.py
[2026-09-15T21:39:51.148+0000] {processor.py:840} INFO - DAG(s) 'example_python_operator' retrieved from /home/airflow/.local/lib/python3.12/site-packages/airflow/example_dags/example_python_operator.py
[2026-09-15T21:39:51.165+0000] {logging_mixin.py:188} INFO - [2026-09-15T21:39:51.165+0000] {dag.py:3089} INFO - Sync 1 DAGs
[2026-09-15T21:39:51.174+0000] {logging_mixin.py:188} INFO - [2026-09-15T21:39:51.174+0000] {dag.py:3947} INFO - Setting next_dagrun for example_python_operator to None, run_after=None
[2026-09-15T21:39:51.190+0000] {processor.py:183} INFO - Processing /home/airflow/.local/lib/python3.12/site-packages/airflow/example_dags/example_python_operator.py took 0.055 seconds
[2026-09-15T21:40:21.313+0000] {processor.py:161} INFO - Started process (PID=9758) to work on /home/airflow/.local/lib/python3.12/site-packages/airflow/example_dags/example_python_operator.py
[2026-09-15T21:40:21.314+0000] {processor.py:830} INFO - Processing file /home/airflow/.local/lib/python3.12/site-packages/airflow/example_dags/example_python_operator.py for tasks to queue
[2026-09-15T21:40:21.316+0000] {logging_mixin.py:188} INFO - [2026-09-15T21:40:21.315+0000] {dagbag.py:545} INFO - Filling up the DagBag from /home/airflow/.local/lib/python3.12/site-packages/airflow/example_dags/example_python_operator.py
[2026-09-15T21:40:21.323+0000] {processor.py:840} INFO - DAG(s) 'example_python_operator' retrieved from /home/airflow/.local/lib/python3.12/site-packages/airflow/example_dags/example_python_operator.py
[2026-09-15T21:40:21.341+0000] {logging_mixin.py:188} INFO - [2026-09-15T21:40:21.340+0000] {dag.py:3089} INFO - Sync 1 DAGs
[2026-09-15T21:40:21.350+0000] {logging_mixin.py:188} INFO - [2026-09-15T21:40:21.350+0000] {dag.py:3947} INFO - Setting next_dagrun for example_python_operator to None, run_after=None
[2026-09-15T21:40:21.365+0000] {processor.py:183} INFO - Processing /home/airflow/.local/lib/python3.12/site-packages/airflow/example_dags/example_python_operator.py took 0.056 seconds
[2026-09-15T21:40:52.012+0000] {processor.py:161} INFO - Started process (PID=10020) to work on /home/airflow/.local/lib/python3.12/site-packages/airflow/example_dags/example_python_operator.py
[2026-09-15T21:40:52.014+0000] {processor.py:830} INFO - Processing file /home/airflow/.local/lib/python3.12/site-packages/airflow/example_dags/example_python_operator.py for tasks to queue
[2026-09-15T21:40:52.016+0000] {logging_mixin.py:188} INFO - [2026-09-15T21:40:52.015+0000] {dagbag.py:545} INFO - Filling up the DagBag from /home/airflow/.local/lib/python3.12/site-packages/airflow/example_dags/example_python_operator.py
[2026-09-15T21:40:52.024+0000] {processor.py:840} INFO - DAG(s) 'example_python_operator' retrieved from /home/airflow/.local/lib/python3.12/site-packages/airflow/example_dags/example_python_operator.py
[2026-09-15T21:40:52.042+0000] {logging_mixin.py:188} INFO - [2026-09-15T21:40:52.041+0000] {dag.py:3089} INFO - Sync 1 DAGs
[2026-09-15T21:40:52.051+0000] {logging_mixin.py:188} INFO - [2026-09-15T21:40:52.051+0000] {dag.py:3947} INFO - Setting next_dagrun for example_python_operator to None, run_after=None
[2026-09-15T21:40:52.068+0000] {processor.py:183} INFO - Processing /home/airflow/.local/lib/python3.12/site-packages/airflow/example_dags/example_python_operator.py took 0.060 seconds
[2026-09-15T21:41:22.585+0000] {processor.py:161} INFO - Started process (PID=10282) to work on /home/airflow/.local/lib/python3.12/site-packages/airflow/example_dags/example_python_operator.py
[2026-09-15T21:41:22.586+0000] {processor.py:830} INFO - Processing file /home/airflow/.local/lib/python3.12/site-packages/airflow/example_dags/example_python_operator.py for tasks to queue
[2026-09-15T21:41:22.587+0000] {logging_mixin.py:188} INFO - [2026-09-15T21:41:22.587+0000] {dagbag.py:545} INFO - Filling up the DagBag from /home/airflow/.local/lib/python3.12/site-packages/airflow/example_dags/example_python_operator.py
[2026-09-15T21:41:22.595+0000] {processor.py:840} INFO - DAG(s) 'example_python_operator' retrieved from /home/airflow/.local/lib/python3.12/site-packages/airflow/example_dags/example_python_operator.py
[2026-09-15T21:41:22.613+0000] {logging_mixin.py:188} INFO - [2026-09-15T21:41:22.613+0000] {dag.py:3089} INFO - Sync 1 DAGs
[2026-09-15T21:41:22.781+0000] {logging_mixin.py:188} INFO - [2026-09-15T21:41:22.781+0000] {dag.py:3947} INFO - Setting next_dagrun for example_python_operator to None, run_after=None
[2026-09-15T21:41:22.799+0000] {processor.py:183} INFO - Processing /home/airflow/.local/lib/python3.12/site-packages/airflow/example_dags/example_python_operator.py took 0.219 seconds
[2026-09-15T21:41:53.450+0000] {processor.py:161} INFO - Started process (PID=10544) to work on /home/airflow/.local/lib/python3.12/site-packages/airflow/example_dags/example_python_operator.py
[2026-09-15T21:41:53.451+0000] {processor.py:830} INFO - Processing file /home/airflow/.local/lib/python3.12/site-packages/airflow/example_dags/example_python_operator.py for tasks to queue
[2026-09-15T21:41:53.453+0000] {logging_mixin.py:188} INFO - [2026-09-15T21:41:53.452+0000] {dagbag.py:545} INFO - Filling up the DagBag from /home/airflow/.local/lib/python3.12/site-packages/airflow/example_dags/example_python_operator.py
[2026-09-15T21:41:53.460+0000] {processor.py:840} INFO - DAG(s) 'example_python_operator' retrieved from /home/airflow/.local/lib/python3.12/site-packages/airflow/example_dags/example_python_operator.py
[2026-09-15T21:41:53.477+0000] {logging_mixin.py:188} INFO - [2026-09-15T21:41:53.477+0000] {dag.py:3089} INFO - Sync 1 DAGs
[2026-09-15T21:41:53.486+0000] {logging_mixin.py:188} INFO - [2026-09-15T21:41:53.486+0000] {dag.py:3947} INFO - Setting next_dagrun for example_python_operator to None, run_after=None
[2026-09-15T21:41:53.649+0000] {processor.py:183} INFO - Processing /home/airflow/.local/lib/python3.12/site-packages/airflow/example_dags/example_python_operator.py took 0.202 seconds
[2026-09-15T21:42:24.023+0000] {processor.py:161} INFO - Started process (PID=10806) to work on /home/airflow/.local/lib/python3.12/site-packages/airflow/example_dags/example_python_operator.py
[2026-09-15T21:42:24.024+0000] {processor.py:830} INFO - Processing file /home/airflow/.local/lib/python3.12/site-packages/airflow/example_dags/example_python_operator.py for tasks to queue
[2026-09-15T21:42:24.027+0000] {logging_mixin.py:188} INFO - [2026-09-15T21:42:24.027+0000] {dagbag.py:545} INFO - Filling up the DagBag from /home/airflow/.local/lib/python3.12/site-packages/airflow/example_dags/example_python_operator.py
[2026-09-15T21:42:24.037+0000] {processor.py:840} INFO - DAG(s) 'example_python_operator' retrieved from /home/airflow/.local/lib/python3.12/site-packages/airflow/example_dags/example_python_operator.py
[2026-09-15T21:42:24.061+0000] {logging_mixin.py:188} INFO - [2026-09-15T21:42:24.060+0000] {dag.py:3089} INFO - Sync 1 DAGs
[2026-09-15T21:42:24.073+0000] {logging_mixin.py:188} INFO - [2026-09-15T21:42:24.072+0000] {dag.py:3947} INFO - Setting next_dagrun for example_python_operator to None, run_after=None
[2026-09-15T21:42:24.092+0000] {processor.py:183} INFO - Processing /home/airflow/.local/lib/python3.12/site-packages/airflow/example_dags/example_python_operator.py took 0.074 seconds
[2026-09-15T21:42:54.846+0000] {processor.py:161} INFO - Started process (PID=11068) to work on /home/airflow/.local/lib/python3.12/site-packages/airflow/example_dags/example_python_operator.py
[2026-09-15T21:42:54.847+0000] {processor.py:830} INFO - Processing file /home/airflow/.local/lib/python3.12/site-packages/airflow/example_dags/example_python_operator.py for tasks to queue
[2026-09-15T21:42:54.848+0000] {logging_mixin.py:188} INFO - [2026-09-15T21:42:54.848+0000] {dagbag.py:545} INFO - Filling up the DagBag from /home/airflow/.local/lib/python3.12/site-packages/airflow/example_dags/example_python_operator.py
[2026-09-15T21:42:54.856+0000] {processor.py:840} INFO - DAG(s) 'example_python_operator' retrieved from /home/airflow/.local/lib/python3.12/site-packages/airflow/example_dags/example_python_operator.py
[2026-09-15T21:42:54.873+0000] {logging_mixin.py:188} INFO - [2026-09-15T21:42:54.873+0000] {dag.py:3089} INFO - Sync 1 DAGs
[2026-09-15T21:42:54.883+0000] {logging_mixin.py:188} INFO - [2026-09-15T21:42:54.882+0000] {dag.py:3947} INFO - Setting next_dagrun for example_python_operator to None, run_after=None
[2026-09-15T21:42:54.898+0000] {processor.py:183} INFO - Processing /home/airflow/.local/lib/python3.12/site-packages/airflow/example_dags/example_python_operator.py took 0.056 seconds
[2026-09-15T21:43:25.889+0000] {processor.py:161} INFO - Started process (PID=11330) to work on /home/airflow/.local/lib/python3.12/site-packages/airflow/example_dags/example_python_operator.py
[2026-09-15T21:43:25.891+0000] {processor.py:830} INFO - Processing file /home/airflow/.local/lib/python3.12/site-packages/airflow/example_dags/example_python_operator.py for tasks to queue
[2026-09-15T21:43:25.893+0000] {logging_mixin.py:188} INFO - [2026-09-15T21:43:25.893+0000] {dagbag.py:545} INFO - Filling up the DagBag from /home/airflow/.local/lib/python3.12/site-packages/airflow/example_dags/example_python_operator.py
[2026-09-15T21:43:25.901+0000] {processor.py:840} INFO - DAG(s) 'example_python_operator' retrieved from /home/airflow/.local/lib/python3.12/site-packages/airflow/example_dags/example_python_operator.py
[2026-09-15T21:43:25.918+0000] {logging_mixin.py:188} INFO - [2026-09-15T21:43:25.918+0000] {dag.py:3089} INFO - Sync 1 DAGs
[2026-09-15T21:43:25.929+0000] {logging_mixin.py:188} INFO - [2026-09-15T21:43:25.929+0000] {dag.py:3947} INFO - Setting next_dagrun for example_python_operator to None, run_after=None
[2026-09-15T21:43:25.947+0000] {processor.py:183} INFO - Processing /home/airflow/.local/lib/python3.12/site-packages/airflow/example_dags/example_python_operator.py took 0.062 seconds
[2026-09-15T21:43:56.056+0000] {processor.py:161} INFO - Started process (PID=11592) to work on /home/airflow/.local/lib/python3.12/site-packages/airflow/example_dags/example_python_operator.py
[2026-09-15T21:43:56.057+0000] {processor.py:830} INFO - Processing file /home/airflow/.local/lib/python3.12/site-packages/airflow/example_dags/example_python_operator.py for tasks to queue
[2026-09-15T21:43:56.059+0000] {logging_mixin.py:188} INFO - [2026-09-15T21:43:56.059+0000] {dagbag.py:545} INFO - Filling up the DagBag from /home/airflow/.local/lib/python3.12/site-packages/airflow/example_dags/example_python_operator.py
[2026-09-15T21:43:56.067+0000] {processor.py:840} INFO - DAG(s) 'example_python_operator' retrieved from /home/airflow/.local/lib/python3.12/site-packages/airflow/example_dags/example_python_operator.py
[2026-09-15T21:43:56.085+0000] {logging_mixin.py:188} INFO - [2026-09-15T21:43:56.085+0000] {dag.py:3089} INFO - Sync 1 DAGs
[2026-09-15T21:43:56.094+0000] {logging_mixin.py:188} INFO - [2026-09-15T21:43:56.094+0000] {dag.py:3947} INFO - Setting next_dagrun for example_python_operator to None, run_after=None
[2026-09-15T21:43:56.109+0000] {processor.py:183} INFO - Processing /home/airflow/.local/lib/python3.12/site-packages/airflow/example_dags/example_python_operator.py took 0.056 seconds
[2026-09-15T21:44:26.237+0000] {processor.py:161} INFO - Started process (PID=11854) to work on /home/airflow/.local/lib/python3.12/site-packages/airflow/example_dags/example_python_operator.py
[2026-09-15T21:44:26.238+0000] {processor.py:830} INFO - Processing file /home/airflow/.local/lib/python3.12/site-packages/airflow/example_dags/example_python_operator.py for tasks to queue
[2026-09-15T21:44:26.240+0000] {logging_mixin.py:188} INFO - [2026-09-15T21:44:26.240+0000] {dagbag.py:545} INFO - Filling up the DagBag from /home/airflow/.local/lib/python3.12/site-packages/airflow/example_dags/example_python_operator.py
[2026-09-15T21:44:26.249+0000] {processor.py:840} INFO - DAG(s) 'example_python_operator' retrieved from /home/airflow/.local/lib/python3.12/site-packages/airflow/example_dags/example_python_operator.py
[2026-09-15T21:44:26.270+0000] {logging_mixin.py:188} INFO - [2026-09-15T21:44:26.270+0000] {dag.py:3089} INFO - Sync 1 DAGs
[2026-09-15T21:44:26.281+0000] {logging_mixin.py:188} INFO - [2026-09-15T21:44:26.281+0000] {dag.py:3947} INFO - Setting next_dagrun for example_python_operator to None, run_after=None
[2026-09-15T21:44:26.300+0000] {processor.py:183} INFO - Processing /home/airflow/.local/lib/python3.12/site-packages/airflow/example_dags/example_python_operator.py took 0.068 seconds
[2026-09-15T21:44:57.228+0000] {processor.py:161} INFO - Started process (PID=12126) to work on /home/airflow/.local/lib/python3.12/site-packages/airflow/example_dags/example_python_operator.py
[2026-09-15T21:44:57.229+0000] {processor.py:830} INFO - Processing file /home/airflow/.local/lib/python3.12/site-packages/airflow/example_dags/example_python_operator.py for tasks to queue
[2026-09-15T21:44:57.231+0000] {logging_mixin.py:188} INFO - [2026-09-15T21:44:57.231+0000] {dagbag.py:545} INFO - Filling up the DagBag from /home/airflow/.local/lib/python3.12/site-packages/airflow/example_dags/example_python_operator.py
[2026-09-15T21:44:57.238+0000] {processor.py:840} INFO - DAG(s) 'example_python_operator' retrieved from /home/airflow/.local/lib/python3.12/site-packages/airflow/example_dags/example_python_operator.py
[2026-09-15T21:44:57.256+0000] {logging_mixin.py:188} INFO - [2026-09-15T21:44:57.255+0000] {dag.py:3089} INFO - Sync 1 DAGs
[2026-09-15T21:44:57.266+0000] {logging_mixin.py:188} INFO - [2026-09-15T21:44:57.266+0000] {dag.py:3947} INFO - Setting next_dagrun for example_python_operator to None, run_after=None
[2026-09-15T21:44:57.288+0000] {processor.py:183} INFO - Processing /home/airflow/.local/lib/python3.12/site-packages/airflow/example_dags/example_python_operator.py took 0.063 seconds
