[2026-09-15T21:01:00.153+0000] {processor.py:161} INFO - Started process (PID=84) to work on /home/airflow/.local/lib/python3.12/site-packages/airflow/example_dags/example_local_kubernetes_executor.py
[2026-09-15T21:01:00.155+0000] {processor.py:830} INFO - Processing file /home/airflow/.local/lib/python3.12/site-packages/airflow/example_dags/example_local_kubernetes_executor.py for tasks to queue
[2026-09-15T21:01:00.158+0000] {logging_mixin.py:188} INFO - [2026-09-15T21:01:00.157+0000] {dagbag.py:545} INFO - Filling up the DagBag from /home/airflow/.local/lib/python3.12/site-packages/airflow/example_dags/example_local_kubernetes_executor.py
[2026-09-15T21:01:00.170+0000] {processor.py:840} INFO - DAG(s) 'example_local_kubernetes_executor' retrieved from /home/airflow/.local/lib/python3.12/site-packages/airflow/example_dags/example_local_kubernetes_executor.py
[2026-09-15T21:01:00.189+0000] {logging_mixin.py:188} INFO - [2026-09-15T21:01:00.188+0000] {dag.py:3089} INFO - Sync 1 DAGs
[2026-09-15T21:01:00.205+0000] {logging_mixin.py:188} INFO - [2026-09-15T21:01:00.205+0000] {dag.py:3947} INFO - Setting next_dagrun for example_local_kubernetes_executor to None, run_after=None
[2026-09-15T21:01:00.229+0000] {processor.py:183} INFO - Processing /home/airflow/.local/lib/python3.12/site-packages/airflow/example_dags/example_local_kubernetes_executor.py took 0.082 seconds
[2026-09-15T21:01:31.791+0000] {processor.py:161} INFO - Started process (PID=142) to work on /home/airflow/.local/lib/python3.12/site-packages/airflow/example_dags/example_local_kubernetes_executor.py
[2026-09-15T21:01:31.792+0000] {processor.py:830} INFO - Processing file /home/airflow/.local/lib/python3.12/site-packages/airflow/example_dags/example_local_kubernetes_executor.py for tasks to queue
[2026-09-15T21:01:31.794+0000] {logging_mixin.py:188} INFO - [2026-09-15T21:01:31.794+0000] {dagbag.py:545} INFO - Filling up the DagBag from /home/airflow/.local/lib/python3.12/site-packages/airflow/example_dags/example_local_kubernetes_executor.py
[2026-09-15T21:01:31.800+0000] {processor.py:840} INFO - DAG(s) 'example_local_kubernetes_executor' retrieved from /home/airflow/.local/lib/python3.12/site-packages/airflow/example_dags/example_local_kubernetes_executor.py
[2026-09-15T21:01:31.884+0000] {logging_mixin.py:188} INFO - [2026-09-15T21:01:31.884+0000] {dag.py:3089} INFO - Sync 1 DAGs
[2026-09-15T21:01:31.893+0000] {logging_mixin.py:188} INFO - [2026-09-15T21:01:31.893+0000] {dag.py:3947} INFO - Setting next_dagrun for example_local_kubernetes_executor to None, run_after=None
[2026-09-15T21:01:31.909+0000] {processor.py:183} INFO - Processing /home/airflow/.local/lib/python3.12/site-packages/airflow/example_dags/example_local_kubernetes_executor.py took 0.122 seconds
[2026-09-15T21:02:02.032+0000] {processor.py:161} INFO - Started process (PID=200) to work on /home/airflow/.local/lib/python3.12/site-packages/airflow/example_dags/example_local_kubernetes_executor.py
[2026-09-15T21:02:02.033+0000] {processor.py:830} INFO - Processing file /home/airflow/.local/lib/python3.12/site-packages/airflow/example_dags/example_local_kubernetes_executor.py for tasks to queue
[2026-09-15T21:02:02.035+0000] {logging_mixin.py:188} INFO - [2026-09-15T21:02:02.035+0000] {dagbag.py:545} INFO - Filling up the DagBag from /home/airflow/.local/lib/python3.12/site-packages/airflow/example_dags/example_local_kubernetes_executor.py
[2026-09-15T21:02:02.042+0000] {processor.py:840} INFO - DAG(s) 'example_local_kubernetes_executor' retrieved from /home/airflow/.local/lib/python3.12/site-packages/airflow/example_dags/example_local_kubernetes_executor.py
[2026-09-15T21:02:02.072+0000] {logging_mixin.py:188} INFO - [2026-09-15T21:02:02.072+0000] {dag.py:3089} INFO - Sync 1 DAGs
[2026-09-15T21:02:02.083+0000] {logging_mixin.py:188} INFO - [2026-09-15T21:02:02.082+0000] {dag.py:3947} INFO - Setting next_dagrun for example_local_kubernetes_executor to None, run_after=None
[2026-09-15T21:02:02.102+0000] {processor.py:183} INFO - Processing /home/airflow/.local/lib/python3.12/site-packages/airflow/example_dags/example_local_kubernetes_executor.py took 0.074 seconds
[2026-09-15T21:02:33.089+0000] {processor.py:161} INFO - Started process (PID=265) to work on /home/airflow/.local/lib/python3.12/site-packages/airflow/example_dags/example_local_kubernetes_executor.py
[2026-09-15T21:02:33.090+0000] {processor.py:830} INFO - Processing file /home/airflow/.local/lib/python3.12/site-packages/airflow/example_dags/example_local_kubernetes_executor.py for tasks to queue
[2026-09-15T21:02:33.092+0000] {logging_mixin.py:188} INFO - [2026-09-15T21:02:33.091+0000] {dagbag.py:545} INFO - Filling up the DagBag from /home/airflow/.local/lib/python3.12/site-packages/airflow/example_dags/example_local_kubernetes_executor.py
[2026-09-15T21:02:33.097+0000] {processor.py:840} INFO - DAG(s) 'example_local_kubernetes_executor' retrieved from /home/airflow/.local/lib/python3.12/site-packages/airflow/example_dags/example_local_kubernetes_executor.py
[2026-09-15T21:02:33.124+0000] {logging_mixin.py:188} INFO - [2026-09-15T21:02:33.123+0000] {dag.py:3089} INFO - Sync 1 DAGs
[2026-09-15T21:02:33.132+0000] {logging_mixin.py:188} INFO - [2026-09-15T21:02:33.132+0000] {dag.py:3947} INFO - Setting next_dagrun for example_local_kubernetes_executor to None, run_after=None
[2026-09-15T21:02:33.148+0000] {processor.py:183} INFO - Processing /home/airflow/.local/lib/python3.12/site-packages/airflow/example_dags/example_local_kubernetes_executor.py took 0.063 seconds
[2026-09-15T21:03:03.363+0000] {processor.py:161} INFO - Started process (PID=323) to work on /home/airflow/.local/lib/python3.12/site-packages/airflow/example_dags/example_local_kubernetes_executor.py
[2026-09-15T21:03:03.364+0000] {processor.py:830} INFO - Processing file /home/airflow/.local/lib/python3.12/site-packages/airflow/example_dags/example_local_kubernetes_executor.py for tasks to queue
[2026-09-15T21:03:03.366+0000] {logging_mixin.py:188} INFO - [2026-09-15T21:03:03.366+0000] {dagbag.py:545} INFO - Filling up the DagBag from /home/airflow/.local/lib/python3.12/site-packages/airflow/example_dags/example_local_kubernetes_executor.py
[2026-09-15T21:03:03.371+0000] {processor.py:840} INFO - DAG(s) 'example_local_kubernetes_executor' retrieved from /home/airflow/.local/lib/python3.12/site-packages/airflow/example_dags/example_local_kubernetes_executor.py
[2026-09-15T21:03:03.399+0000] {logging_mixin.py:188} INFO - [2026-09-15T21:03:03.398+0000] {dag.py:3089} INFO - Sync 1 DAGs
[2026-09-15T21:03:03.408+0000] {logging_mixin.py:188} INFO - [2026-09-15T21:03:03.408+0000] {dag.py:3947} INFO - Setting next_dagrun for example_local_kubernetes_executor to None, run_after=None
[2026-09-15T21:03:03.424+0000] {processor.py:183} INFO - Processing /home/airflow/.local/lib/python3.12/site-packages/airflow/example_dags/example_local_kubernetes_executor.py took 0.065 seconds
[2026-09-15T21:03:33.574+0000] {processor.py:161} INFO - Started process (PID=381) to work on /home/airflow/.local/lib/python3.12/site-packages/airflow/example_dags/example_local_kubernetes_executor.py
[2026-09-15T21:03:33.575+0000] {processor.py:830} INFO - Processing file /home/airflow/.local/lib/python3.12/site-packages/airflow/example_dags/example_local_kubernetes_executor.py for tasks to queue
[2026-09-15T21:03:33.576+0000] {logging_mixin.py:188} INFO - [2026-09-15T21:03:33.576+0000] {dagbag.py:545} INFO - Filling up the DagBag from /home/airflow/.local/lib/python3.12/site-packages/airflow/example_dags/example_local_kubernetes_executor.py
[2026-09-15T21:03:33.582+0000] {processor.py:840} INFO - DAG(s) 'example_local_kubernetes_executor' retrieved from /home/airflow/.local/lib/python3.12/site-packages/airflow/example_dags/example_local_kubernetes_executor.py
[2026-09-15T21:03:33.611+0000] {logging_mixin.py:188} INFO - [2026-09-15T21:03:33.610+0000] {dag.py:3089} INFO - Sync 1 DAGs
[2026-09-15T21:03:33.622+0000] {logging_mixin.py:188} INFO - [2026-09-15T21:03:33.621+0000] {dag.py:3947} INFO - Setting next_dagrun for example_local_kubernetes_executor to None, run_after=None
[2026-09-15T21:03:33.638+0000] {processor.py:183} INFO - Processing /home/airflow/.local/lib/python3.12/site-packages/airflow/example_dags/example_local_kubernetes_executor.py took 0.069 seconds
[2026-09-15T21:04:03.710+0000] {processor.py:161} INFO - Started process (PID=439) to work on /home/airflow/.local/lib/python3.12/site-packages/airflow/example_dags/example_local_kubernetes_executor.py
[2026-09-15T21:04:03.711+0000] {processor.py:830} INFO - Processing file /home/airflow/.local/lib/python3.12/site-packages/airflow/example_dags/example_local_kubernetes_executor.py for tasks to queue
[2026-09-15T21:04:03.713+0000] {logging_mixin.py:188} INFO - [2026-09-15T21:04:03.713+0000] {dagbag.py:545} INFO - Filling up the DagBag from /home/airflow/.local/lib/python3.12/site-packages/airflow/example_dags/example_local_kubernetes_executor.py
[2026-09-15T21:04:03.718+0000] {processor.py:840} INFO - DAG(s) 'example_local_kubernetes_executor' retrieved from /home/airflow/.local/lib/python3.12/site-packages/airflow/example_dags/example_local_kubernetes_executor.py
[2026-09-15T21:04:03.747+0000] {logging_mixin.py:188} INFO - [2026-09-15T21:04:03.747+0000] {dag.py:3089} INFO - Sync 1 DAGs
[2026-09-15T21:04:03.756+0000] {logging_mixin.py:188} INFO - [2026-09-15T21:04:03.756+0000] {dag.py:3947} INFO - Setting next_dagrun for example_local_kubernetes_executor to None, run_after=None
[2026-09-15T21:04:03.770+0000] {processor.py:183} INFO - Processing /home/airflow/.local/lib/python3.12/site-packages/airflow/example_dags/example_local_kubernetes_executor.py took 0.063 seconds
[2026-09-15T21:04:33.909+0000] {processor.py:161} INFO - Started process (PID=497) to work on /home/airflow/.local/lib/python3.12/site-packages/airflow/example_dags/example_local_kubernetes_executor.py
[2026-09-15T21:04:33.910+0000] {processor.py:830} INFO - Processing file /home/airflow/.local/lib/python3.12/site-packages/airflow/example_dags/example_local_kubernetes_executor.py for tasks to queue
[2026-09-15T21:04:33.912+0000] {logging_mixin.py:188} INFO - [2026-09-15T21:04:33.911+0000] {dagbag.py:545} INFO - Filling up the DagBag from /home/airflow/.local/lib/python3.12/site-packages/airflow/example_dags/example_local_kubernetes_executor.py
[2026-09-15T21:04:33.917+0000] {processor.py:840} INFO - DAG(s) 'example_local_kubernetes_executor' retrieved from /home/airflow/.local/lib/python3.12/site-packages/airflow/example_dags/example_local_kubernetes_executor.py
[2026-09-15T21:04:33.943+0000] {logging_mixin.py:188} INFO - [2026-09-15T21:04:33.943+0000] {dag.py:3089} INFO - Sync 1 DAGs
[2026-09-15T21:04:33.952+0000] {logging_mixin.py:188} INFO - [2026-09-15T21:04:33.952+0000] {dag.py:3947} INFO - Setting next_dagrun for example_local_kubernetes_executor to None, run_after=None
[2026-09-15T21:04:33.966+0000] {processor.py:183} INFO - Processing /home/airflow/.local/lib/python3.12/site-packages/airflow/example_dags/example_local_kubernetes_executor.py took 0.061 seconds
[2026-09-15T21:05:04.129+0000] {processor.py:161} INFO - Started process (PID=555) to work on /home/airflow/.local/lib/python3.12/site-packages/airflow/example_dags/example_local_kubernetes_executor.py
[2026-09-15T21:05:04.130+0000] {processor.py:830} INFO - Processing file /home/airflow/.local/lib/python3.12/site-packages/airflow/example_dags/example_local_kubernetes_executor.py for tasks to queue
[2026-09-15T21:05:04.132+0000] {logging_mixin.py:188} INFO - [2026-09-15T21:05:04.131+0000] {dagbag.py:545} INFO - Filling up the DagBag from /home/airflow/.local/lib/python3.12/site-packages/airflow/example_dags/example_local_kubernetes_executor.py
[2026-09-15T21:05:04.139+0000] {processor.py:840} INFO - DAG(s) 'example_local_kubernetes_executor' retrieved from /home/airflow/.local/lib/python3.12/site-packages/airflow/example_dags/example_local_kubernetes_executor.py
[2026-09-15T21:05:04.168+0000] {logging_mixin.py:188} INFO - [2026-09-15T21:05:04.168+0000] {dag.py:3089} INFO - Sync 1 DAGs
[2026-09-15T21:05:04.178+0000] {logging_mixin.py:188} INFO - [2026-09-15T21:05:04.178+0000] {dag.py:3947} INFO - Setting next_dagrun for example_local_kubernetes_executor to None, run_after=None
[2026-09-15T21:05:04.193+0000] {processor.py:183} INFO - Processing /home/airflow/.local/lib/python3.12/site-packages/airflow/example_dags/example_local_kubernetes_executor.py took 0.069 seconds
[2026-09-15T21:05:35.125+0000] {processor.py:161} INFO - Started process (PID=613) to work on /home/airflow/.local/lib/python3.12/site-packages/airflow/example_dags/example_local_kubernetes_executor.py
[2026-09-15T21:05:35.127+0000] {processor.py:830} INFO - Processing file /home/airflow/.local/lib/python3.12/site-packages/airflow/example_dags/example_local_kubernetes_executor.py for tasks to queue
[2026-09-15T21:05:35.128+0000] {logging_mixin.py:188} INFO - [2026-09-15T21:05:35.128+0000] {dagbag.py:545} INFO - Filling up the DagBag from /home/airflow/.local/lib/python3.12/site-packages/airflow/example_dags/example_local_kubernetes_executor.py
[2026-09-15T21:05:35.135+0000] {processor.py:840} INFO - DAG(s) 'example_local_kubernetes_executor' retrieved from /home/airflow/.local/lib/python3.12/site-packages/airflow/example_dags/example_local_kubernetes_executor.py
[2026-09-15T21:05:35.164+0000] {logging_mixin.py:188} INFO - [2026-09-15T21:05:35.164+0000] {dag.py:3089} INFO - Sync 1 DAGs
[2026-09-15T21:05:35.175+0000] {logging_mixin.py:188} INFO - [2026-09-15T21:05:35.174+0000] {dag.py:3947} INFO - Setting next_dagrun for example_local_kubernetes_executor to None, run_after=None
[2026-09-15T21:05:35.190+0000] {processor.py:183} INFO - Processing /home/airflow/.local/lib/python3.12/site-packages/airflow/example_dags/example_local_kubernetes_executor.py took 0.069 seconds
[2026-09-15T21:06:05.647+0000] {processor.py:161} INFO - Started process (PID=671) to work on /home/airflow/.local/lib/python3.12/site-packages/airflow/example_dags/example_local_kubernetes_executor.py
[2026-09-15T21:06:05.648+0000] {processor.py:830} INFO - Processing file /home/airflow/.local/lib/python3.12/site-packages/airflow/example_dags/example_local_kubernetes_executor.py for tasks to queue
[2026-09-15T21:06:05.651+0000] {logging_mixin.py:188} INFO - [2026-09-15T21:06:05.650+0000] {dagbag.py:545} INFO - Filling up the DagBag from /home/airflow/.local/lib/python3.12/site-packages/airflow/example_dags/example_local_kubernetes_executor.py
[2026-09-15T21:06:05.656+0000] {processor.py:840} INFO - DAG(s) 'example_local_kubernetes_executor' retrieved from /home/airflow/.local/lib/python3.12/site-packages/airflow/example_dags/example_local_kubernetes_executor.py
[2026-09-15T21:06:05.683+0000] {logging_mixin.py:188} INFO - [2026-09-15T21:06:05.683+0000] {dag.py:3089} INFO - Sync 1 DAGs
[2026-09-15T21:06:05.693+0000] {logging_mixin.py:188} INFO - [2026-09-15T21:06:05.692+0000] {dag.py:3947} INFO - Setting next_dagrun for example_local_kubernetes_executor to None, run_after=None
[2026-09-15T21:06:05.707+0000] {processor.py:183} INFO - Processing /home/airflow/.local/lib/python3.12/site-packages/airflow/example_dags/example_local_kubernetes_executor.py took 0.064 seconds
[2026-09-15T21:06:35.787+0000] {processor.py:161} INFO - Started process (PID=732) to work on /home/airflow/.local/lib/python3.12/site-packages/airflow/example_dags/example_local_kubernetes_executor.py
[2026-09-15T21:06:35.788+0000] {processor.py:830} INFO - Processing file /home/airflow/.local/lib/python3.12/site-packages/airflow/example_dags/example_local_kubernetes_executor.py for tasks to queue
[2026-09-15T21:06:35.790+0000] {logging_mixin.py:188} INFO - [2026-09-15T21:06:35.790+0000] {dagbag.py:545} INFO - Filling up the DagBag from /home/airflow/.local/lib/python3.12/site-packages/airflow/example_dags/example_local_kubernetes_executor.py
[2026-09-15T21:06:35.796+0000] {processor.py:840} INFO - DAG(s) 'example_local_kubernetes_executor' retrieved from /home/airflow/.local/lib/python3.12/site-packages/airflow/example_dags/example_local_kubernetes_executor.py
[2026-09-15T21:06:35.826+0000] {logging_mixin.py:188} INFO - [2026-09-15T21:06:35.826+0000] {dag.py:3089} INFO - Sync 1 DAGs
[2026-09-15T21:06:35.837+0000] {logging_mixin.py:188} INFO - [2026-09-15T21:06:35.836+0000] {dag.py:3947} INFO - Setting next_dagrun for example_local_kubernetes_executor to None, run_after=None
[2026-09-15T21:06:35.852+0000] {processor.py:183} INFO - Processing /home/airflow/.local/lib/python3.12/site-packages/airflow/example_dags/example_local_kubernetes_executor.py took 0.070 seconds
[2026-09-15T21:07:06.141+0000] {processor.py:161} INFO - Started process (PID=790) to work on /home/airflow/.local/lib/python3.12/site-packages/airflow/example_dags/example_local_kubernetes_executor.py
[2026-09-15T21:07:06.142+0000] {processor.py:830} INFO - Processing file /home/airflow/.local/lib/python3.12/site-packages/airflow/example_dags/example_local_kubernetes_executor.py for tasks to queue
[2026-09-15T21:07:06.144+0000] {logging_mixin.py:188} INFO - [2026-09-15T21:07:06.144+0000] {dagbag.py:545} INFO - Filling up the DagBag from /home/airflow/.local/lib/python3.12/site-packages/airflow/example_dags/example_local_kubernetes_executor.py
[2026-09-15T21:07:06.151+0000] {processor.py:840} INFO - DAG(s) 'example_local_kubernetes_executor' retrieved from /home/airflow/.local/lib/python3.12/site-packages/airflow/example_dags/example_local_kubernetes_executor.py
[2026-09-15T21:07:06.181+0000] {logging_mixin.py:188} INFO - [2026-09-15T21:07:06.180+0000] {dag.py:3089} INFO - Sync 1 DAGs
[2026-09-15T21:07:06.190+0000] {logging_mixin.py:188} INFO - [2026-09-15T21:07:06.190+0000] {dag.py:3947} INFO - Setting next_dagrun for example_local_kubernetes_executor to None, run_after=None
[2026-09-15T21:07:06.206+0000] {processor.py:183} INFO - Processing /home/airflow/.local/lib/python3.12/site-packages/airflow/example_dags/example_local_kubernetes_executor.py took 0.069 seconds
[2026-09-15T21:07:36.638+0000] {processor.py:161} INFO - Started process (PID=848) to work on /home/airflow/.local/lib/python3.12/site-packages/airflow/example_dags/example_local_kubernetes_executor.py
[2026-09-15T21:07:36.639+0000] {processor.py:830} INFO - Processing file /home/airflow/.local/lib/python3.12/site-packages/airflow/example_dags/example_local_kubernetes_executor.py for tasks to queue
[2026-09-15T21:07:36.640+0000] {logging_mixin.py:188} INFO - [2026-09-15T21:07:36.640+0000] {dagbag.py:545} INFO - Filling up the DagBag from /home/airflow/.local/lib/python3.12/site-packages/airflow/example_dags/example_local_kubernetes_executor.py
[2026-09-15T21:07:36.646+0000] {processor.py:840} INFO - DAG(s) 'example_local_kubernetes_executor' retrieved from /home/airflow/.local/lib/python3.12/site-packages/airflow/example_dags/example_local_kubernetes_executor.py
[2026-09-15T21:07:36.672+0000] {logging_mixin.py:188} INFO - [2026-09-15T21:07:36.672+0000] {dag.py:3089} INFO - Sync 1 DAGs
[2026-09-15T21:07:36.681+0000] {logging_mixin.py:188} INFO - [2026-09-15T21:07:36.681+0000] {dag.py:3947} INFO - Setting next_dagrun for example_local_kubernetes_executor to None, run_after=None
[2026-09-15T21:07:36.698+0000] {processor.py:183} INFO - Processing /home/airflow/.local/lib/python3.12/site-packages/airflow/example_dags/example_local_kubernetes_executor.py took 0.064 seconds
[2026-09-15T21:08:07.439+0000] {processor.py:161} INFO - Started process (PID=906) to work on /home/airflow/.local/lib/python3.12/site-packages/airflow/example_dags/example_local_kubernetes_executor.py
[2026-09-15T21:08:07.440+0000] {processor.py:830} INFO - Processing file /home/airflow/.local/lib/python3.12/site-packages/airflow/example_dags/example_local_kubernetes_executor.py for tasks to queue
[2026-09-15T21:08:07.441+0000] {logging_mixin.py:188} INFO - [2026-09-15T21:08:07.441+0000] {dagbag.py:545} INFO - Filling up the DagBag from /home/airflow/.local/lib/python3.12/site-packages/airflow/example_dags/example_local_kubernetes_executor.py
[2026-09-15T21:08:07.448+0000] {processor.py:840} INFO - DAG(s) 'example_local_kubernetes_executor' retrieved from /home/airflow/.local/lib/python3.12/site-packages/airflow/example_dags/example_local_kubernetes_executor.py
[2026-09-15T21:08:07.477+0000] {logging_mixin.py:188} INFO - [2026-09-15T21:08:07.477+0000] {dag.py:3089} INFO - Sync 1 DAGs
[2026-09-15T21:08:07.488+0000] {logging_mixin.py:188} INFO - [2026-09-15T21:08:07.488+0000] {dag.py:3947} INFO - Setting next_dagrun for example_local_kubernetes_executor to None, run_after=None
[2026-09-15T21:08:07.505+0000] {processor.py:183} INFO - Processing /home/airflow/.local/lib/python3.12/site-packages/airflow/example_dags/example_local_kubernetes_executor.py took 0.070 seconds
[2026-09-15T21:08:37.785+0000] {processor.py:161} INFO - Started process (PID=964) to work on /home/airflow/.local/lib/python3.12/site-packages/airflow/example_dags/example_local_kubernetes_executor.py
[2026-09-15T21:08:37.786+0000] {processor.py:830} INFO - Processing file /home/airflow/.local/lib/python3.12/site-packages/airflow/example_dags/example_local_kubernetes_executor.py for tasks to queue
[2026-09-15T21:08:37.788+0000] {logging_mixin.py:188} INFO - [2026-09-15T21:08:37.788+0000] {dagbag.py:545} INFO - Filling up the DagBag from /home/airflow/.local/lib/python3.12/site-packages/airflow/example_dags/example_local_kubernetes_executor.py
[2026-09-15T21:08:37.793+0000] {processor.py:840} INFO - DAG(s) 'example_local_kubernetes_executor' retrieved from /home/airflow/.local/lib/python3.12/site-packages/airflow/example_dags/example_local_kubernetes_executor.py
[2026-09-15T21:08:37.820+0000] {logging_mixin.py:188} INFO - [2026-09-15T21:08:37.819+0000] {dag.py:3089} INFO - Sync 1 DAGs
[2026-09-15T21:08:37.828+0000] {logging_mixin.py:188} INFO - [2026-09-15T21:08:37.828+0000] {dag.py:3947} INFO - Setting next_dagrun for example_local_kubernetes_executor to None, run_after=None
[2026-09-15T21:08:37.842+0000] {processor.py:183} INFO - Processing /home/airflow/.local/lib/python3.12/site-packages/airflow/example_dags/example_local_kubernetes_executor.py took 0.061 seconds
[2026-09-15T21:09:08.070+0000] {processor.py:161} INFO - Started process (PID=1022) to work on /home/airflow/.local/lib/python3.12/site-packages/airflow/example_dags/example_local_kubernetes_executor.py
[2026-09-15T21:09:08.071+0000] {processor.py:830} INFO - Processing file /home/airflow/.local/lib/python3.12/site-packages/airflow/example_dags/example_local_kubernetes_executor.py for tasks to queue
[2026-09-15T21:09:08.074+0000] {logging_mixin.py:188} INFO - [2026-09-15T21:09:08.073+0000] {dagbag.py:545} INFO - Filling up the DagBag from /home/airflow/.local/lib/python3.12/site-packages/airflow/example_dags/example_local_kubernetes_executor.py
[2026-09-15T21:09:08.081+0000] {processor.py:840} INFO - DAG(s) 'example_local_kubernetes_executor' retrieved from /home/airflow/.local/lib/python3.12/site-packages/airflow/example_dags/example_local_kubernetes_executor.py
[2026-09-15T21:09:08.116+0000] {logging_mixin.py:188} INFO - [2026-09-15T21:09:08.115+0000] {dag.py:3089} INFO - Sync 1 DAGs
[2026-09-15T21:09:08.127+0000] {logging_mixin.py:188} INFO - [2026-09-15T21:09:08.127+0000] {dag.py:3947} INFO - Setting next_dagrun for example_local_kubernetes_executor to None, run_after=None
[2026-09-15T21:09:08.146+0000] {processor.py:183} INFO - Processing /home/airflow/.local/lib/python3.12/site-packages/airflow/example_dags/example_local_kubernetes_executor.py took 0.081 seconds
[2026-09-15T21:09:38.364+0000] {processor.py:161} INFO - Started process (PID=1080) to work on /home/airflow/.local/lib/python3.12/site-packages/airflow/example_dags/example_local_kubernetes_executor.py
[2026-09-15T21:09:38.365+0000] {processor.py:830} INFO - Processing file /home/airflow/.local/lib/python3.12/site-packages/airflow/example_dags/example_local_kubernetes_executor.py for tasks to queue
[2026-09-15T21:09:38.368+0000] {logging_mixin.py:188} INFO - [2026-09-15T21:09:38.367+0000] {dagbag.py:545} INFO - Filling up the DagBag from /home/airflow/.local/lib/python3.12/site-packages/airflow/example_dags/example_local_kubernetes_executor.py
[2026-09-15T21:09:38.375+0000] {processor.py:840} INFO - DAG(s) 'example_local_kubernetes_executor' retrieved from /home/airflow/.local/lib/python3.12/site-packages/airflow/example_dags/example_local_kubernetes_executor.py
[2026-09-15T21:09:38.402+0000] {logging_mixin.py:188} INFO - [2026-09-15T21:09:38.401+0000] {dag.py:3089} INFO - Sync 1 DAGs
[2026-09-15T21:09:38.411+0000] {logging_mixin.py:188} INFO - [2026-09-15T21:09:38.411+0000] {dag.py:3947} INFO - Setting next_dagrun for example_local_kubernetes_executor to None, run_after=None
[2026-09-15T21:09:38.427+0000] {processor.py:183} INFO - Processing /home/airflow/.local/lib/python3.12/site-packages/airflow/example_dags/example_local_kubernetes_executor.py took 0.067 seconds
[2026-09-15T21:10:08.800+0000] {processor.py:161} INFO - Started process (PID=1138) to work on /home/airflow/.local/lib/python3.12/site-packages/airflow/example_dags/example_local_kubernetes_executor.py
[2026-09-15T21:10:08.802+0000] {processor.py:830} INFO - Processing file /home/airflow/.local/lib/python3.12/site-packages/airflow/example_dags/example_local_kubernetes_executor.py for tasks to queue
[2026-09-15T21:10:08.804+0000] {logging_mixin.py:188} INFO - [2026-09-15T21:10:08.803+0000] {dagbag.py:545} INFO - Filling up the DagBag from /home/airflow/.local/lib/python3.12/site-packages/airflow/example_dags/example_local_kubernetes_executor.py
[2026-09-15T21:10:08.814+0000] {processor.py:840} INFO - DAG(s) 'example_local_kubernetes_executor' retrieved from /home/airflow/.local/lib/python3.12/site-packages/airflow/example_dags/example_local_kubernetes_executor.py
[2026-09-15T21:10:08.848+0000] {logging_mixin.py:188} INFO - [2026-09-15T21:10:08.848+0000] {dag.py:3089} INFO - Sync 1 DAGs
[2026-09-15T21:10:08.860+0000] {logging_mixin.py:188} INFO - [2026-09-15T21:10:08.860+0000] {dag.py:3947} INFO - Setting next_dagrun for example_local_kubernetes_executor to None, run_after=None
[2026-09-15T21:10:08.879+0000] {processor.py:183} INFO - Processing /home/airflow/.local/lib/python3.12/site-packages/airflow/example_dags/example_local_kubernetes_executor.py took 0.085 seconds
[2026-09-15T21:10:38.951+0000] {processor.py:161} INFO - Started process (PID=1196) to work on /home/airflow/.local/lib/python3.12/site-packages/airflow/example_dags/example_local_kubernetes_executor.py
[2026-09-15T21:10:38.952+0000] {processor.py:830} INFO - Processing file /home/airflow/.local/lib/python3.12/site-packages/airflow/example_dags/example_local_kubernetes_executor.py for tasks to queue
[2026-09-15T21:10:38.954+0000] {logging_mixin.py:188} INFO - [2026-09-15T21:10:38.954+0000] {dagbag.py:545} INFO - Filling up the DagBag from /home/airflow/.local/lib/python3.12/site-packages/airflow/example_dags/example_local_kubernetes_executor.py
[2026-09-15T21:10:38.960+0000] {processor.py:840} INFO - DAG(s) 'example_local_kubernetes_executor' retrieved from /home/airflow/.local/lib/python3.12/site-packages/airflow/example_dags/example_local_kubernetes_executor.py
[2026-09-15T21:10:38.971+0000] {logging_mixin.py:188} INFO - [2026-09-15T21:10:38.970+0000] {dag.py:3089} INFO - Sync 1 DAGs
[2026-09-15T21:10:38.984+0000] {logging_mixin.py:188} INFO - [2026-09-15T21:10:38.984+0000] {dag.py:3947} INFO - Setting next_dagrun for example_local_kubernetes_executor to None, run_after=None
[2026-09-15T21:10:39.013+0000] {processor.py:183} INFO - Processing /home/airflow/.local/lib/python3.12/site-packages/airflow/example_dags/example_local_kubernetes_executor.py took 0.066 seconds
[2026-09-15T21:11:09.655+0000] {processor.py:161} INFO - Started process (PID=1254) to work on /home/airflow/.local/lib/python3.12/site-packages/airflow/example_dags/example_local_kubernetes_executor.py
[2026-09-15T21:11:09.656+0000] {processor.py:830} INFO - Processing file /home/airflow/.local/lib/python3.12/site-packages/airflow/example_dags/example_local_kubernetes_executor.py for tasks to queue
[2026-09-15T21:11:09.658+0000] {logging_mixin.py:188} INFO - [2026-09-15T21:11:09.658+0000] {dagbag.py:545} INFO - Filling up the DagBag from /home/airflow/.local/lib/python3.12/site-packages/airflow/example_dags/example_local_kubernetes_executor.py
[2026-09-15T21:11:09.665+0000] {processor.py:840} INFO - DAG(s) 'example_local_kubernetes_executor' retrieved from /home/airflow/.local/lib/python3.12/site-packages/airflow/example_dags/example_local_kubernetes_executor.py
[2026-09-15T21:11:09.754+0000] {logging_mixin.py:188} INFO - [2026-09-15T21:11:09.753+0000] {dag.py:3089} INFO - Sync 1 DAGs
[2026-09-15T21:11:09.763+0000] {logging_mixin.py:188} INFO - [2026-09-15T21:11:09.762+0000] {dag.py:3947} INFO - Setting next_dagrun for example_local_kubernetes_executor to None, run_after=None
[2026-09-15T21:11:09.778+0000] {processor.py:183} INFO - Processing /home/airflow/.local/lib/python3.12/site-packages/airflow/example_dags/example_local_kubernetes_executor.py took 0.127 seconds
[2026-09-15T21:11:39.869+0000] {processor.py:161} INFO - Started process (PID=1312) to work on /home/airflow/.local/lib/python3.12/site-packages/airflow/example_dags/example_local_kubernetes_executor.py
[2026-09-15T21:11:39.870+0000] {processor.py:830} INFO - Processing file /home/airflow/.local/lib/python3.12/site-packages/airflow/example_dags/example_local_kubernetes_executor.py for tasks to queue
[2026-09-15T21:11:39.872+0000] {logging_mixin.py:188} INFO - [2026-09-15T21:11:39.872+0000] {dagbag.py:545} INFO - Filling up the DagBag from /home/airflow/.local/lib/python3.12/site-packages/airflow/example_dags/example_local_kubernetes_executor.py
[2026-09-15T21:11:39.879+0000] {processor.py:840} INFO - DAG(s) 'example_local_kubernetes_executor' retrieved from /home/airflow/.local/lib/python3.12/site-packages/airflow/example_dags/example_local_kubernetes_executor.py
[2026-09-15T21:11:39.908+0000] {logging_mixin.py:188} INFO - [2026-09-15T21:11:39.907+0000] {dag.py:3089} INFO - Sync 1 DAGs
[2026-09-15T21:11:39.919+0000] {logging_mixin.py:188} INFO - [2026-09-15T21:11:39.919+0000] {dag.py:3947} INFO - Setting next_dagrun for example_local_kubernetes_executor to None, run_after=None
[2026-09-15T21:11:39.935+0000] {processor.py:183} INFO - Processing /home/airflow/.local/lib/python3.12/site-packages/airflow/example_dags/example_local_kubernetes_executor.py took 0.072 seconds
[2026-09-15T21:12:10.373+0000] {processor.py:161} INFO - Started process (PID=1370) to work on /home/airflow/.local/lib/python3.12/site-packages/airflow/example_dags/example_local_kubernetes_executor.py
[2026-09-15T21:12:10.374+0000] {processor.py:830} INFO - Processing file /home/airflow/.local/lib/python3.12/site-packages/airflow/example_dags/example_local_kubernetes_executor.py for tasks to queue
[2026-09-15T21:12:10.376+0000] {logging_mixin.py:188} INFO - [2026-09-15T21:12:10.376+0000] {dagbag.py:545} INFO - Filling up the DagBag from /home/airflow/.local/lib/python3.12/site-packages/airflow/example_dags/example_local_kubernetes_executor.py
[2026-09-15T21:12:10.382+0000] {processor.py:840} INFO - DAG(s) 'example_local_kubernetes_executor' retrieved from /home/airflow/.local/lib/python3.12/site-packages/airflow/example_dags/example_local_kubernetes_executor.py
[2026-09-15T21:12:10.409+0000] {logging_mixin.py:188} INFO - [2026-09-15T21:12:10.409+0000] {dag.py:3089} INFO - Sync 1 DAGs
[2026-09-15T21:12:10.419+0000] {logging_mixin.py:188} INFO - [2026-09-15T21:12:10.418+0000] {dag.py:3947} INFO - Setting next_dagrun for example_local_kubernetes_executor to None, run_after=None
[2026-09-15T21:12:10.434+0000] {processor.py:183} INFO - Processing /home/airflow/.local/lib/python3.12/site-packages/airflow/example_dags/example_local_kubernetes_executor.py took 0.065 seconds
[2026-09-15T21:12:40.481+0000] {processor.py:161} INFO - Started process (PID=1428) to work on /home/airflow/.local/lib/python3.12/site-packages/airflow/example_dags/example_local_kubernetes_executor.py
[2026-09-15T21:12:40.484+0000] {processor.py:830} INFO - Processing file /home/airflow/.local/lib/python3.12/site-packages/airflow/example_dags/example_local_kubernetes_executor.py for tasks to queue
[2026-09-15T21:12:40.486+0000] {logging_mixin.py:188} INFO - [2026-09-15T21:12:40.485+0000] {dagbag.py:545} INFO - Filling up the DagBag from /home/airflow/.local/lib/python3.12/site-packages/airflow/example_dags/example_local_kubernetes_executor.py
[2026-09-15T21:12:40.491+0000] {processor.py:840} INFO - DAG(s) 'example_local_kubernetes_executor' retrieved from /home/airflow/.local/lib/python3.12/site-packages/airflow/example_dags/example_local_kubernetes_executor.py
[2026-09-15T21:12:40.518+0000] {logging_mixin.py:188} INFO - [2026-09-15T21:12:40.517+0000] {dag.py:3089} INFO - Sync 1 DAGs
[2026-09-15T21:12:40.527+0000] {logging_mixin.py:188} INFO - [2026-09-15T21:12:40.527+0000] {dag.py:3947} INFO - Setting next_dagrun for example_local_kubernetes_executor to None, run_after=None
[2026-09-15T21:12:40.541+0000] {processor.py:183} INFO - Processing /home/airflow/.local/lib/python3.12/site-packages/airflow/example_dags/example_local_kubernetes_executor.py took 0.064 seconds
[2026-09-15T21:13:10.615+0000] {processor.py:161} INFO - Started process (PID=1485) to work on /home/airflow/.local/lib/python3.12/site-packages/airflow/example_dags/example_local_kubernetes_executor.py
[2026-09-15T21:13:10.616+0000] {processor.py:830} INFO - Processing file /home/airflow/.local/lib/python3.12/site-packages/airflow/example_dags/example_local_kubernetes_executor.py for tasks to queue
[2026-09-15T21:13:10.618+0000] {logging_mixin.py:188} INFO - [2026-09-15T21:13:10.618+0000] {dagbag.py:545} INFO - Filling up the DagBag from /home/airflow/.local/lib/python3.12/site-packages/airflow/example_dags/example_local_kubernetes_executor.py
[2026-09-15T21:13:10.623+0000] {processor.py:840} INFO - DAG(s) 'example_local_kubernetes_executor' retrieved from /home/airflow/.local/lib/python3.12/site-packages/airflow/example_dags/example_local_kubernetes_executor.py
[2026-09-15T21:13:10.654+0000] {logging_mixin.py:188} INFO - [2026-09-15T21:13:10.654+0000] {dag.py:3089} INFO - Sync 1 DAGs
[2026-09-15T21:13:10.663+0000] {logging_mixin.py:188} INFO - [2026-09-15T21:13:10.663+0000] {dag.py:3947} INFO - Setting next_dagrun for example_local_kubernetes_executor to None, run_after=None
[2026-09-15T21:13:10.681+0000] {processor.py:183} INFO - Processing /home/airflow/.local/lib/python3.12/site-packages/airflow/example_dags/example_local_kubernetes_executor.py took 0.070 seconds
[2026-09-15T21:13:40.982+0000] {processor.py:161} INFO - Started process (PID=1543) to work on /home/airflow/.local/lib/python3.12/site-packages/airflow/example_dags/example_local_kubernetes_executor.py
[2026-09-15T21:13:40.984+0000] {processor.py:830} INFO - Processing file /home/airflow/.local/lib/python3.12/site-packages/airflow/example_dags/example_local_kubernetes_executor.py for tasks to queue
[2026-09-15T21:13:40.986+0000] {logging_mixin.py:188} INFO - [2026-09-15T21:13:40.985+0000] {dagbag.py:545} INFO - Filling up the DagBag from /home/airflow/.local/lib/python3.12/site-packages/airflow/example_dags/example_local_kubernetes_executor.py
[2026-09-15T21:13:40.993+0000] {processor.py:840} INFO - DAG(s) 'example_local_kubernetes_executor' retrieved from /home/airflow/.local/lib/python3.12/site-packages/airflow/example_dags/example_local_kubernetes_executor.py
[2026-09-15T21:13:41.022+0000] {logging_mixin.py:188} INFO - [2026-09-15T21:13:41.022+0000] {dag.py:3089} INFO - Sync 1 DAGs
[2026-09-15T21:13:41.032+0000] {logging_mixin.py:188} INFO - [2026-09-15T21:13:41.032+0000] {dag.py:3947} INFO - Setting next_dagrun for example_local_kubernetes_executor to None, run_after=None
[2026-09-15T21:13:41.047+0000] {processor.py:183} INFO - Processing /home/airflow/.local/lib/python3.12/site-packages/airflow/example_dags/example_local_kubernetes_executor.py took 0.071 seconds
[2026-09-15T21:14:11.849+0000] {processor.py:161} INFO - Started process (PID=1601) to work on /home/airflow/.local/lib/python3.12/site-packages/airflow/example_dags/example_local_kubernetes_executor.py
[2026-09-15T21:14:11.851+0000] {processor.py:830} INFO - Processing file /home/airflow/.local/lib/python3.12/site-packages/airflow/example_dags/example_local_kubernetes_executor.py for tasks to queue
[2026-09-15T21:14:11.853+0000] {logging_mixin.py:188} INFO - [2026-09-15T21:14:11.852+0000] {dagbag.py:545} INFO - Filling up the DagBag from /home/airflow/.local/lib/python3.12/site-packages/airflow/example_dags/example_local_kubernetes_executor.py
[2026-09-15T21:14:11.859+0000] {processor.py:840} INFO - DAG(s) 'example_local_kubernetes_executor' retrieved from /home/airflow/.local/lib/python3.12/site-packages/airflow/example_dags/example_local_kubernetes_executor.py
[2026-09-15T21:14:11.885+0000] {logging_mixin.py:188} INFO - [2026-09-15T21:14:11.885+0000] {dag.py:3089} INFO - Sync 1 DAGs
[2026-09-15T21:14:11.895+0000] {logging_mixin.py:188} INFO - [2026-09-15T21:14:11.895+0000] {dag.py:3947} INFO - Setting next_dagrun for example_local_kubernetes_executor to None, run_after=None
[2026-09-15T21:14:11.909+0000] {processor.py:183} INFO - Processing /home/airflow/.local/lib/python3.12/site-packages/airflow/example_dags/example_local_kubernetes_executor.py took 0.064 seconds
[2026-09-15T21:14:42.045+0000] {processor.py:161} INFO - Started process (PID=1659) to work on /home/airflow/.local/lib/python3.12/site-packages/airflow/example_dags/example_local_kubernetes_executor.py
[2026-09-15T21:14:42.046+0000] {processor.py:830} INFO - Processing file /home/airflow/.local/lib/python3.12/site-packages/airflow/example_dags/example_local_kubernetes_executor.py for tasks to queue
[2026-09-15T21:14:42.048+0000] {logging_mixin.py:188} INFO - [2026-09-15T21:14:42.048+0000] {dagbag.py:545} INFO - Filling up the DagBag from /home/airflow/.local/lib/python3.12/site-packages/airflow/example_dags/example_local_kubernetes_executor.py
[2026-09-15T21:14:42.056+0000] {processor.py:840} INFO - DAG(s) 'example_local_kubernetes_executor' retrieved from /home/airflow/.local/lib/python3.12/site-packages/airflow/example_dags/example_local_kubernetes_executor.py
[2026-09-15T21:14:42.085+0000] {logging_mixin.py:188} INFO - [2026-09-15T21:14:42.084+0000] {dag.py:3089} INFO - Sync 1 DAGs
[2026-09-15T21:14:42.095+0000] {logging_mixin.py:188} INFO - [2026-09-15T21:14:42.094+0000] {dag.py:3947} INFO - Setting next_dagrun for example_local_kubernetes_executor to None, run_after=None
[2026-09-15T21:14:42.110+0000] {processor.py:183} INFO - Processing /home/airflow/.local/lib/python3.12/site-packages/airflow/example_dags/example_local_kubernetes_executor.py took 0.070 seconds
[2026-09-15T21:15:12.627+0000] {processor.py:161} INFO - Started process (PID=1717) to work on /home/airflow/.local/lib/python3.12/site-packages/airflow/example_dags/example_local_kubernetes_executor.py
[2026-09-15T21:15:12.629+0000] {processor.py:830} INFO - Processing file /home/airflow/.local/lib/python3.12/site-packages/airflow/example_dags/example_local_kubernetes_executor.py for tasks to queue
[2026-09-15T21:15:12.631+0000] {logging_mixin.py:188} INFO - [2026-09-15T21:15:12.631+0000] {dagbag.py:545} INFO - Filling up the DagBag from /home/airflow/.local/lib/python3.12/site-packages/airflow/example_dags/example_local_kubernetes_executor.py
[2026-09-15T21:15:12.638+0000] {processor.py:840} INFO - DAG(s) 'example_local_kubernetes_executor' retrieved from /home/airflow/.local/lib/python3.12/site-packages/airflow/example_dags/example_local_kubernetes_executor.py
[2026-09-15T21:15:12.670+0000] {logging_mixin.py:188} INFO - [2026-09-15T21:15:12.670+0000] {dag.py:3089} INFO - Sync 1 DAGs
[2026-09-15T21:15:12.681+0000] {logging_mixin.py:188} INFO - [2026-09-15T21:15:12.680+0000] {dag.py:3947} INFO - Setting next_dagrun for example_local_kubernetes_executor to None, run_after=None
[2026-09-15T21:15:12.695+0000] {processor.py:183} INFO - Processing /home/airflow/.local/lib/python3.12/site-packages/airflow/example_dags/example_local_kubernetes_executor.py took 0.072 seconds
[2026-09-15T21:15:43.337+0000] {processor.py:161} INFO - Started process (PID=1775) to work on /home/airflow/.local/lib/python3.12/site-packages/airflow/example_dags/example_local_kubernetes_executor.py
[2026-09-15T21:15:43.338+0000] {processor.py:830} INFO - Processing file /home/airflow/.local/lib/python3.12/site-packages/airflow/example_dags/example_local_kubernetes_executor.py for tasks to queue
[2026-09-15T21:15:43.340+0000] {logging_mixin.py:188} INFO - [2026-09-15T21:15:43.340+0000] {dagbag.py:545} INFO - Filling up the DagBag from /home/airflow/.local/lib/python3.12/site-packages/airflow/example_dags/example_local_kubernetes_executor.py
[2026-09-15T21:15:43.346+0000] {processor.py:840} INFO - DAG(s) 'example_local_kubernetes_executor' retrieved from /home/airflow/.local/lib/python3.12/site-packages/airflow/example_dags/example_local_kubernetes_executor.py
[2026-09-15T21:15:43.375+0000] {logging_mixin.py:188} INFO - [2026-09-15T21:15:43.375+0000] {dag.py:3089} INFO - Sync 1 DAGs
[2026-09-15T21:15:43.385+0000] {logging_mixin.py:188} INFO - [2026-09-15T21:15:43.385+0000] {dag.py:3947} INFO - Setting next_dagrun for example_local_kubernetes_executor to None, run_after=None
[2026-09-15T21:15:43.401+0000] {processor.py:183} INFO - Processing /home/airflow/.local/lib/python3.12/site-packages/airflow/example_dags/example_local_kubernetes_executor.py took 0.069 seconds
[2026-09-15T21:16:14.270+0000] {processor.py:161} INFO - Started process (PID=1833) to work on /home/airflow/.local/lib/python3.12/site-packages/airflow/example_dags/example_local_kubernetes_executor.py
[2026-09-15T21:16:14.272+0000] {processor.py:830} INFO - Processing file /home/airflow/.local/lib/python3.12/site-packages/airflow/example_dags/example_local_kubernetes_executor.py for tasks to queue
[2026-09-15T21:16:14.274+0000] {logging_mixin.py:188} INFO - [2026-09-15T21:16:14.274+0000] {dagbag.py:545} INFO - Filling up the DagBag from /home/airflow/.local/lib/python3.12/site-packages/airflow/example_dags/example_local_kubernetes_executor.py
[2026-09-15T21:16:14.280+0000] {processor.py:840} INFO - DAG(s) 'example_local_kubernetes_executor' retrieved from /home/airflow/.local/lib/python3.12/site-packages/airflow/example_dags/example_local_kubernetes_executor.py
[2026-09-15T21:16:14.307+0000] {logging_mixin.py:188} INFO - [2026-09-15T21:16:14.307+0000] {dag.py:3089} INFO - Sync 1 DAGs
[2026-09-15T21:16:14.318+0000] {logging_mixin.py:188} INFO - [2026-09-15T21:16:14.318+0000] {dag.py:3947} INFO - Setting next_dagrun for example_local_kubernetes_executor to None, run_after=None
[2026-09-15T21:16:14.465+0000] {processor.py:183} INFO - Processing /home/airflow/.local/lib/python3.12/site-packages/airflow/example_dags/example_local_kubernetes_executor.py took 0.199 seconds
[2026-09-15T21:17:36.197+0000] {processor.py:161} INFO - Started process (PID=86) to work on /home/airflow/.local/lib/python3.12/site-packages/airflow/example_dags/example_local_kubernetes_executor.py
[2026-09-15T21:17:36.198+0000] {processor.py:830} INFO - Processing file /home/airflow/.local/lib/python3.12/site-packages/airflow/example_dags/example_local_kubernetes_executor.py for tasks to queue
[2026-09-15T21:17:36.200+0000] {logging_mixin.py:188} INFO - [2026-09-15T21:17:36.200+0000] {dagbag.py:545} INFO - Filling up the DagBag from /home/airflow/.local/lib/python3.12/site-packages/airflow/example_dags/example_local_kubernetes_executor.py
[2026-09-15T21:17:36.207+0000] {processor.py:840} INFO - DAG(s) 'example_local_kubernetes_executor' retrieved from /home/airflow/.local/lib/python3.12/site-packages/airflow/example_dags/example_local_kubernetes_executor.py
[2026-09-15T21:17:36.220+0000] {logging_mixin.py:188} INFO - [2026-09-15T21:17:36.220+0000] {dag.py:3089} INFO - Sync 1 DAGs
[2026-09-15T21:17:36.233+0000] {logging_mixin.py:188} INFO - [2026-09-15T21:17:36.232+0000] {dag.py:3947} INFO - Setting next_dagrun for example_local_kubernetes_executor to None, run_after=None
[2026-09-15T21:17:36.250+0000] {processor.py:183} INFO - Processing /home/airflow/.local/lib/python3.12/site-packages/airflow/example_dags/example_local_kubernetes_executor.py took 0.058 seconds
[2026-09-15T21:18:07.532+0000] {processor.py:161} INFO - Started process (PID=145) to work on /home/airflow/.local/lib/python3.12/site-packages/airflow/example_dags/example_local_kubernetes_executor.py
[2026-09-15T21:18:07.534+0000] {processor.py:830} INFO - Processing file /home/airflow/.local/lib/python3.12/site-packages/airflow/example_dags/example_local_kubernetes_executor.py for tasks to queue
[2026-09-15T21:18:07.536+0000] {logging_mixin.py:188} INFO - [2026-09-15T21:18:07.536+0000] {dagbag.py:545} INFO - Filling up the DagBag from /home/airflow/.local/lib/python3.12/site-packages/airflow/example_dags/example_local_kubernetes_executor.py
[2026-09-15T21:18:07.543+0000] {processor.py:840} INFO - DAG(s) 'example_local_kubernetes_executor' retrieved from /home/airflow/.local/lib/python3.12/site-packages/airflow/example_dags/example_local_kubernetes_executor.py
[2026-09-15T21:18:07.638+0000] {logging_mixin.py:188} INFO - [2026-09-15T21:18:07.637+0000] {dag.py:3089} INFO - Sync 1 DAGs
[2026-09-15T21:18:07.647+0000] {logging_mixin.py:188} INFO - [2026-09-15T21:18:07.646+0000] {dag.py:3947} INFO - Setting next_dagrun for example_local_kubernetes_executor to None, run_after=None
[2026-09-15T21:18:07.668+0000] {processor.py:183} INFO - Processing /home/airflow/.local/lib/python3.12/site-packages/airflow/example_dags/example_local_kubernetes_executor.py took 0.141 seconds
[2026-09-15T21:18:38.073+0000] {processor.py:161} INFO - Started process (PID=203) to work on /home/airflow/.local/lib/python3.12/site-packages/airflow/example_dags/example_local_kubernetes_executor.py
[2026-09-15T21:18:38.074+0000] {processor.py:830} INFO - Processing file /home/airflow/.local/lib/python3.12/site-packages/airflow/example_dags/example_local_kubernetes_executor.py for tasks to queue
[2026-09-15T21:18:38.076+0000] {logging_mixin.py:188} INFO - [2026-09-15T21:18:38.076+0000] {dagbag.py:545} INFO - Filling up the DagBag from /home/airflow/.local/lib/python3.12/site-packages/airflow/example_dags/example_local_kubernetes_executor.py
[2026-09-15T21:18:38.081+0000] {processor.py:840} INFO - DAG(s) 'example_local_kubernetes_executor' retrieved from /home/airflow/.local/lib/python3.12/site-packages/airflow/example_dags/example_local_kubernetes_executor.py
[2026-09-15T21:18:38.109+0000] {logging_mixin.py:188} INFO - [2026-09-15T21:18:38.109+0000] {dag.py:3089} INFO - Sync 1 DAGs
[2026-09-15T21:18:38.119+0000] {logging_mixin.py:188} INFO - [2026-09-15T21:18:38.118+0000] {dag.py:3947} INFO - Setting next_dagrun for example_local_kubernetes_executor to None, run_after=None
[2026-09-15T21:18:38.133+0000] {processor.py:183} INFO - Processing /home/airflow/.local/lib/python3.12/site-packages/airflow/example_dags/example_local_kubernetes_executor.py took 0.065 seconds
[2026-09-15T21:19:08.910+0000] {processor.py:161} INFO - Started process (PID=261) to work on /home/airflow/.local/lib/python3.12/site-packages/airflow/example_dags/example_local_kubernetes_executor.py
[2026-09-15T21:19:08.912+0000] {processor.py:830} INFO - Processing file /home/airflow/.local/lib/python3.12/site-packages/airflow/example_dags/example_local_kubernetes_executor.py for tasks to queue
[2026-09-15T21:19:08.914+0000] {logging_mixin.py:188} INFO - [2026-09-15T21:19:08.913+0000] {dagbag.py:545} INFO - Filling up the DagBag from /home/airflow/.local/lib/python3.12/site-packages/airflow/example_dags/example_local_kubernetes_executor.py
[2026-09-15T21:19:08.921+0000] {processor.py:840} INFO - DAG(s) 'example_local_kubernetes_executor' retrieved from /home/airflow/.local/lib/python3.12/site-packages/airflow/example_dags/example_local_kubernetes_executor.py
[2026-09-15T21:19:08.948+0000] {logging_mixin.py:188} INFO - [2026-09-15T21:19:08.948+0000] {dag.py:3089} INFO - Sync 1 DAGs
[2026-09-15T21:19:08.959+0000] {logging_mixin.py:188} INFO - [2026-09-15T21:19:08.958+0000] {dag.py:3947} INFO - Setting next_dagrun for example_local_kubernetes_executor to None, run_after=None
[2026-09-15T21:19:08.986+0000] {processor.py:183} INFO - Processing /home/airflow/.local/lib/python3.12/site-packages/airflow/example_dags/example_local_kubernetes_executor.py took 0.082 seconds
[2026-09-15T21:19:39.510+0000] {processor.py:161} INFO - Started process (PID=319) to work on /home/airflow/.local/lib/python3.12/site-packages/airflow/example_dags/example_local_kubernetes_executor.py
[2026-09-15T21:19:39.511+0000] {processor.py:830} INFO - Processing file /home/airflow/.local/lib/python3.12/site-packages/airflow/example_dags/example_local_kubernetes_executor.py for tasks to queue
[2026-09-15T21:19:39.512+0000] {logging_mixin.py:188} INFO - [2026-09-15T21:19:39.512+0000] {dagbag.py:545} INFO - Filling up the DagBag from /home/airflow/.local/lib/python3.12/site-packages/airflow/example_dags/example_local_kubernetes_executor.py
[2026-09-15T21:19:39.518+0000] {processor.py:840} INFO - DAG(s) 'example_local_kubernetes_executor' retrieved from /home/airflow/.local/lib/python3.12/site-packages/airflow/example_dags/example_local_kubernetes_executor.py
[2026-09-15T21:19:39.546+0000] {logging_mixin.py:188} INFO - [2026-09-15T21:19:39.545+0000] {dag.py:3089} INFO - Sync 1 DAGs
[2026-09-15T21:19:39.554+0000] {logging_mixin.py:188} INFO - [2026-09-15T21:19:39.554+0000] {dag.py:3947} INFO - Setting next_dagrun for example_local_kubernetes_executor to None, run_after=None
[2026-09-15T21:19:39.569+0000] {processor.py:183} INFO - Processing /home/airflow/.local/lib/python3.12/site-packages/airflow/example_dags/example_local_kubernetes_executor.py took 0.064 seconds
[2026-09-15T21:20:09.864+0000] {processor.py:161} INFO - Started process (PID=377) to work on /home/airflow/.local/lib/python3.12/site-packages/airflow/example_dags/example_local_kubernetes_executor.py
[2026-09-15T21:20:09.865+0000] {processor.py:830} INFO - Processing file /home/airflow/.local/lib/python3.12/site-packages/airflow/example_dags/example_local_kubernetes_executor.py for tasks to queue
[2026-09-15T21:20:09.867+0000] {logging_mixin.py:188} INFO - [2026-09-15T21:20:09.867+0000] {dagbag.py:545} INFO - Filling up the DagBag from /home/airflow/.local/lib/python3.12/site-packages/airflow/example_dags/example_local_kubernetes_executor.py
[2026-09-15T21:20:09.873+0000] {processor.py:840} INFO - DAG(s) 'example_local_kubernetes_executor' retrieved from /home/airflow/.local/lib/python3.12/site-packages/airflow/example_dags/example_local_kubernetes_executor.py
[2026-09-15T21:20:09.902+0000] {logging_mixin.py:188} INFO - [2026-09-15T21:20:09.902+0000] {dag.py:3089} INFO - Sync 1 DAGs
[2026-09-15T21:20:09.912+0000] {logging_mixin.py:188} INFO - [2026-09-15T21:20:09.912+0000] {dag.py:3947} INFO - Setting next_dagrun for example_local_kubernetes_executor to None, run_after=None
[2026-09-15T21:20:09.928+0000] {processor.py:183} INFO - Processing /home/airflow/.local/lib/python3.12/site-packages/airflow/example_dags/example_local_kubernetes_executor.py took 0.068 seconds
[2026-09-15T21:20:40.074+0000] {processor.py:161} INFO - Started process (PID=435) to work on /home/airflow/.local/lib/python3.12/site-packages/airflow/example_dags/example_local_kubernetes_executor.py
[2026-09-15T21:20:40.075+0000] {processor.py:830} INFO - Processing file /home/airflow/.local/lib/python3.12/site-packages/airflow/example_dags/example_local_kubernetes_executor.py for tasks to queue
[2026-09-15T21:20:40.077+0000] {logging_mixin.py:188} INFO - [2026-09-15T21:20:40.077+0000] {dagbag.py:545} INFO - Filling up the DagBag from /home/airflow/.local/lib/python3.12/site-packages/airflow/example_dags/example_local_kubernetes_executor.py
[2026-09-15T21:20:40.083+0000] {processor.py:840} INFO - DAG(s) 'example_local_kubernetes_executor' retrieved from /home/airflow/.local/lib/python3.12/site-packages/airflow/example_dags/example_local_kubernetes_executor.py
[2026-09-15T21:20:40.112+0000] {logging_mixin.py:188} INFO - [2026-09-15T21:20:40.112+0000] {dag.py:3089} INFO - Sync 1 DAGs
[2026-09-15T21:20:40.124+0000] {logging_mixin.py:188} INFO - [2026-09-15T21:20:40.124+0000] {dag.py:3947} INFO - Setting next_dagrun for example_local_kubernetes_executor to None, run_after=None
[2026-09-15T21:20:40.141+0000] {processor.py:183} INFO - Processing /home/airflow/.local/lib/python3.12/site-packages/airflow/example_dags/example_local_kubernetes_executor.py took 0.072 seconds
[2026-09-15T21:22:08.081+0000] {processor.py:161} INFO - Started process (PID=323) to work on /home/airflow/.local/lib/python3.12/site-packages/airflow/example_dags/example_local_kubernetes_executor.py
[2026-09-15T21:22:08.083+0000] {processor.py:830} INFO - Processing file /home/airflow/.local/lib/python3.12/site-packages/airflow/example_dags/example_local_kubernetes_executor.py for tasks to queue
[2026-09-15T21:22:08.087+0000] {logging_mixin.py:188} INFO - [2026-09-15T21:22:08.086+0000] {dagbag.py:545} INFO - Filling up the DagBag from /home/airflow/.local/lib/python3.12/site-packages/airflow/example_dags/example_local_kubernetes_executor.py
[2026-09-15T21:22:08.099+0000] {processor.py:840} INFO - DAG(s) 'example_local_kubernetes_executor' retrieved from /home/airflow/.local/lib/python3.12/site-packages/airflow/example_dags/example_local_kubernetes_executor.py
[2026-09-15T21:22:08.116+0000] {logging_mixin.py:188} INFO - [2026-09-15T21:22:08.116+0000] {dag.py:3089} INFO - Sync 1 DAGs
[2026-09-15T21:22:08.134+0000] {logging_mixin.py:188} INFO - [2026-09-15T21:22:08.133+0000] {dag.py:3947} INFO - Setting next_dagrun for example_local_kubernetes_executor to None, run_after=None
[2026-09-15T21:22:08.160+0000] {processor.py:183} INFO - Processing /home/airflow/.local/lib/python3.12/site-packages/airflow/example_dags/example_local_kubernetes_executor.py took 0.088 seconds
[2026-09-15T21:22:39.551+0000] {processor.py:161} INFO - Started process (PID=591) to work on /home/airflow/.local/lib/python3.12/site-packages/airflow/example_dags/example_local_kubernetes_executor.py
[2026-09-15T21:22:39.553+0000] {processor.py:830} INFO - Processing file /home/airflow/.local/lib/python3.12/site-packages/airflow/example_dags/example_local_kubernetes_executor.py for tasks to queue
[2026-09-15T21:22:39.555+0000] {logging_mixin.py:188} INFO - [2026-09-15T21:22:39.555+0000] {dagbag.py:545} INFO - Filling up the DagBag from /home/airflow/.local/lib/python3.12/site-packages/airflow/example_dags/example_local_kubernetes_executor.py
[2026-09-15T21:22:39.564+0000] {processor.py:840} INFO - DAG(s) 'example_local_kubernetes_executor' retrieved from /home/airflow/.local/lib/python3.12/site-packages/airflow/example_dags/example_local_kubernetes_executor.py
[2026-09-15T21:22:39.670+0000] {logging_mixin.py:188} INFO - [2026-09-15T21:22:39.670+0000] {dag.py:3089} INFO - Sync 1 DAGs
[2026-09-15T21:22:39.679+0000] {logging_mixin.py:188} INFO - [2026-09-15T21:22:39.678+0000] {dag.py:3947} INFO - Setting next_dagrun for example_local_kubernetes_executor to None, run_after=None
[2026-09-15T21:22:39.696+0000] {processor.py:183} INFO - Processing /home/airflow/.local/lib/python3.12/site-packages/airflow/example_dags/example_local_kubernetes_executor.py took 0.150 seconds
[2026-09-15T21:23:10.276+0000] {processor.py:161} INFO - Started process (PID=853) to work on /home/airflow/.local/lib/python3.12/site-packages/airflow/example_dags/example_local_kubernetes_executor.py
[2026-09-15T21:23:10.277+0000] {processor.py:830} INFO - Processing file /home/airflow/.local/lib/python3.12/site-packages/airflow/example_dags/example_local_kubernetes_executor.py for tasks to queue
[2026-09-15T21:23:10.279+0000] {logging_mixin.py:188} INFO - [2026-09-15T21:23:10.278+0000] {dagbag.py:545} INFO - Filling up the DagBag from /home/airflow/.local/lib/python3.12/site-packages/airflow/example_dags/example_local_kubernetes_executor.py
[2026-09-15T21:23:10.284+0000] {processor.py:840} INFO - DAG(s) 'example_local_kubernetes_executor' retrieved from /home/airflow/.local/lib/python3.12/site-packages/airflow/example_dags/example_local_kubernetes_executor.py
[2026-09-15T21:23:10.315+0000] {logging_mixin.py:188} INFO - [2026-09-15T21:23:10.315+0000] {dag.py:3089} INFO - Sync 1 DAGs
[2026-09-15T21:23:10.326+0000] {logging_mixin.py:188} INFO - [2026-09-15T21:23:10.326+0000] {dag.py:3947} INFO - Setting next_dagrun for example_local_kubernetes_executor to None, run_after=None
[2026-09-15T21:23:10.342+0000] {processor.py:183} INFO - Processing /home/airflow/.local/lib/python3.12/site-packages/airflow/example_dags/example_local_kubernetes_executor.py took 0.070 seconds
[2026-09-15T21:23:40.460+0000] {processor.py:161} INFO - Started process (PID=1115) to work on /home/airflow/.local/lib/python3.12/site-packages/airflow/example_dags/example_local_kubernetes_executor.py
[2026-09-15T21:23:40.461+0000] {processor.py:830} INFO - Processing file /home/airflow/.local/lib/python3.12/site-packages/airflow/example_dags/example_local_kubernetes_executor.py for tasks to queue
[2026-09-15T21:23:40.464+0000] {logging_mixin.py:188} INFO - [2026-09-15T21:23:40.464+0000] {dagbag.py:545} INFO - Filling up the DagBag from /home/airflow/.local/lib/python3.12/site-packages/airflow/example_dags/example_local_kubernetes_executor.py
[2026-09-15T21:23:40.470+0000] {processor.py:840} INFO - DAG(s) 'example_local_kubernetes_executor' retrieved from /home/airflow/.local/lib/python3.12/site-packages/airflow/example_dags/example_local_kubernetes_executor.py
[2026-09-15T21:23:40.497+0000] {logging_mixin.py:188} INFO - [2026-09-15T21:23:40.497+0000] {dag.py:3089} INFO - Sync 1 DAGs
[2026-09-15T21:23:40.506+0000] {logging_mixin.py:188} INFO - [2026-09-15T21:23:40.506+0000] {dag.py:3947} INFO - Setting next_dagrun for example_local_kubernetes_executor to None, run_after=None
[2026-09-15T21:23:40.520+0000] {processor.py:183} INFO - Processing /home/airflow/.local/lib/python3.12/site-packages/airflow/example_dags/example_local_kubernetes_executor.py took 0.064 seconds
[2026-09-15T21:24:10.640+0000] {processor.py:161} INFO - Started process (PID=1377) to work on /home/airflow/.local/lib/python3.12/site-packages/airflow/example_dags/example_local_kubernetes_executor.py
[2026-09-15T21:24:10.641+0000] {processor.py:830} INFO - Processing file /home/airflow/.local/lib/python3.12/site-packages/airflow/example_dags/example_local_kubernetes_executor.py for tasks to queue
[2026-09-15T21:24:10.643+0000] {logging_mixin.py:188} INFO - [2026-09-15T21:24:10.642+0000] {dagbag.py:545} INFO - Filling up the DagBag from /home/airflow/.local/lib/python3.12/site-packages/airflow/example_dags/example_local_kubernetes_executor.py
[2026-09-15T21:24:10.648+0000] {processor.py:840} INFO - DAG(s) 'example_local_kubernetes_executor' retrieved from /home/airflow/.local/lib/python3.12/site-packages/airflow/example_dags/example_local_kubernetes_executor.py
[2026-09-15T21:24:10.675+0000] {logging_mixin.py:188} INFO - [2026-09-15T21:24:10.675+0000] {dag.py:3089} INFO - Sync 1 DAGs
[2026-09-15T21:24:10.684+0000] {logging_mixin.py:188} INFO - [2026-09-15T21:24:10.684+0000] {dag.py:3947} INFO - Setting next_dagrun for example_local_kubernetes_executor to None, run_after=None
[2026-09-15T21:24:10.698+0000] {processor.py:183} INFO - Processing /home/airflow/.local/lib/python3.12/site-packages/airflow/example_dags/example_local_kubernetes_executor.py took 0.062 seconds
[2026-09-15T21:24:40.846+0000] {processor.py:161} INFO - Started process (PID=1639) to work on /home/airflow/.local/lib/python3.12/site-packages/airflow/example_dags/example_local_kubernetes_executor.py
[2026-09-15T21:24:40.848+0000] {processor.py:830} INFO - Processing file /home/airflow/.local/lib/python3.12/site-packages/airflow/example_dags/example_local_kubernetes_executor.py for tasks to queue
[2026-09-15T21:24:40.850+0000] {logging_mixin.py:188} INFO - [2026-09-15T21:24:40.849+0000] {dagbag.py:545} INFO - Filling up the DagBag from /home/airflow/.local/lib/python3.12/site-packages/airflow/example_dags/example_local_kubernetes_executor.py
[2026-09-15T21:24:40.855+0000] {processor.py:840} INFO - DAG(s) 'example_local_kubernetes_executor' retrieved from /home/airflow/.local/lib/python3.12/site-packages/airflow/example_dags/example_local_kubernetes_executor.py
[2026-09-15T21:24:40.885+0000] {logging_mixin.py:188} INFO - [2026-09-15T21:24:40.885+0000] {dag.py:3089} INFO - Sync 1 DAGs
[2026-09-15T21:24:40.895+0000] {logging_mixin.py:188} INFO - [2026-09-15T21:24:40.895+0000] {dag.py:3947} INFO - Setting next_dagrun for example_local_kubernetes_executor to None, run_after=None
[2026-09-15T21:24:40.909+0000] {processor.py:183} INFO - Processing /home/airflow/.local/lib/python3.12/site-packages/airflow/example_dags/example_local_kubernetes_executor.py took 0.067 seconds
[2026-09-15T21:25:11.065+0000] {processor.py:161} INFO - Started process (PID=1901) to work on /home/airflow/.local/lib/python3.12/site-packages/airflow/example_dags/example_local_kubernetes_executor.py
[2026-09-15T21:25:11.066+0000] {processor.py:830} INFO - Processing file /home/airflow/.local/lib/python3.12/site-packages/airflow/example_dags/example_local_kubernetes_executor.py for tasks to queue
[2026-09-15T21:25:11.068+0000] {logging_mixin.py:188} INFO - [2026-09-15T21:25:11.068+0000] {dagbag.py:545} INFO - Filling up the DagBag from /home/airflow/.local/lib/python3.12/site-packages/airflow/example_dags/example_local_kubernetes_executor.py
[2026-09-15T21:25:11.074+0000] {processor.py:840} INFO - DAG(s) 'example_local_kubernetes_executor' retrieved from /home/airflow/.local/lib/python3.12/site-packages/airflow/example_dags/example_local_kubernetes_executor.py
[2026-09-15T21:25:11.102+0000] {logging_mixin.py:188} INFO - [2026-09-15T21:25:11.102+0000] {dag.py:3089} INFO - Sync 1 DAGs
[2026-09-15T21:25:11.111+0000] {logging_mixin.py:188} INFO - [2026-09-15T21:25:11.111+0000] {dag.py:3947} INFO - Setting next_dagrun for example_local_kubernetes_executor to None, run_after=None
[2026-09-15T21:25:11.125+0000] {processor.py:183} INFO - Processing /home/airflow/.local/lib/python3.12/site-packages/airflow/example_dags/example_local_kubernetes_executor.py took 0.065 seconds
[2026-09-15T21:25:41.377+0000] {processor.py:161} INFO - Started process (PID=2163) to work on /home/airflow/.local/lib/python3.12/site-packages/airflow/example_dags/example_local_kubernetes_executor.py
[2026-09-15T21:25:41.378+0000] {processor.py:830} INFO - Processing file /home/airflow/.local/lib/python3.12/site-packages/airflow/example_dags/example_local_kubernetes_executor.py for tasks to queue
[2026-09-15T21:25:41.380+0000] {logging_mixin.py:188} INFO - [2026-09-15T21:25:41.379+0000] {dagbag.py:545} INFO - Filling up the DagBag from /home/airflow/.local/lib/python3.12/site-packages/airflow/example_dags/example_local_kubernetes_executor.py
[2026-09-15T21:25:41.385+0000] {processor.py:840} INFO - DAG(s) 'example_local_kubernetes_executor' retrieved from /home/airflow/.local/lib/python3.12/site-packages/airflow/example_dags/example_local_kubernetes_executor.py
[2026-09-15T21:25:41.414+0000] {logging_mixin.py:188} INFO - [2026-09-15T21:25:41.414+0000] {dag.py:3089} INFO - Sync 1 DAGs
[2026-09-15T21:25:41.424+0000] {logging_mixin.py:188} INFO - [2026-09-15T21:25:41.424+0000] {dag.py:3947} INFO - Setting next_dagrun for example_local_kubernetes_executor to None, run_after=None
[2026-09-15T21:25:41.438+0000] {processor.py:183} INFO - Processing /home/airflow/.local/lib/python3.12/site-packages/airflow/example_dags/example_local_kubernetes_executor.py took 0.065 seconds
[2026-09-15T21:26:11.584+0000] {processor.py:161} INFO - Started process (PID=2427) to work on /home/airflow/.local/lib/python3.12/site-packages/airflow/example_dags/example_local_kubernetes_executor.py
[2026-09-15T21:26:11.585+0000] {processor.py:830} INFO - Processing file /home/airflow/.local/lib/python3.12/site-packages/airflow/example_dags/example_local_kubernetes_executor.py for tasks to queue
[2026-09-15T21:26:11.587+0000] {logging_mixin.py:188} INFO - [2026-09-15T21:26:11.586+0000] {dagbag.py:545} INFO - Filling up the DagBag from /home/airflow/.local/lib/python3.12/site-packages/airflow/example_dags/example_local_kubernetes_executor.py
[2026-09-15T21:26:11.594+0000] {processor.py:840} INFO - DAG(s) 'example_local_kubernetes_executor' retrieved from /home/airflow/.local/lib/python3.12/site-packages/airflow/example_dags/example_local_kubernetes_executor.py
[2026-09-15T21:26:11.623+0000] {logging_mixin.py:188} INFO - [2026-09-15T21:26:11.623+0000] {dag.py:3089} INFO - Sync 1 DAGs
[2026-09-15T21:26:11.633+0000] {logging_mixin.py:188} INFO - [2026-09-15T21:26:11.632+0000] {dag.py:3947} INFO - Setting next_dagrun for example_local_kubernetes_executor to None, run_after=None
[2026-09-15T21:26:11.647+0000] {processor.py:183} INFO - Processing /home/airflow/.local/lib/python3.12/site-packages/airflow/example_dags/example_local_kubernetes_executor.py took 0.067 seconds
[2026-09-15T21:26:41.718+0000] {processor.py:161} INFO - Started process (PID=2689) to work on /home/airflow/.local/lib/python3.12/site-packages/airflow/example_dags/example_local_kubernetes_executor.py
[2026-09-15T21:26:41.720+0000] {processor.py:830} INFO - Processing file /home/airflow/.local/lib/python3.12/site-packages/airflow/example_dags/example_local_kubernetes_executor.py for tasks to queue
[2026-09-15T21:26:41.721+0000] {logging_mixin.py:188} INFO - [2026-09-15T21:26:41.721+0000] {dagbag.py:545} INFO - Filling up the DagBag from /home/airflow/.local/lib/python3.12/site-packages/airflow/example_dags/example_local_kubernetes_executor.py
[2026-09-15T21:26:41.727+0000] {processor.py:840} INFO - DAG(s) 'example_local_kubernetes_executor' retrieved from /home/airflow/.local/lib/python3.12/site-packages/airflow/example_dags/example_local_kubernetes_executor.py
[2026-09-15T21:26:41.753+0000] {logging_mixin.py:188} INFO - [2026-09-15T21:26:41.753+0000] {dag.py:3089} INFO - Sync 1 DAGs
[2026-09-15T21:26:41.764+0000] {logging_mixin.py:188} INFO - [2026-09-15T21:26:41.763+0000] {dag.py:3947} INFO - Setting next_dagrun for example_local_kubernetes_executor to None, run_after=None
[2026-09-15T21:26:41.777+0000] {processor.py:183} INFO - Processing /home/airflow/.local/lib/python3.12/site-packages/airflow/example_dags/example_local_kubernetes_executor.py took 0.063 seconds
[2026-09-15T21:27:11.846+0000] {processor.py:161} INFO - Started process (PID=2949) to work on /home/airflow/.local/lib/python3.12/site-packages/airflow/example_dags/example_local_kubernetes_executor.py
[2026-09-15T21:27:11.847+0000] {processor.py:830} INFO - Processing file /home/airflow/.local/lib/python3.12/site-packages/airflow/example_dags/example_local_kubernetes_executor.py for tasks to queue
[2026-09-15T21:27:11.848+0000] {logging_mixin.py:188} INFO - [2026-09-15T21:27:11.848+0000] {dagbag.py:545} INFO - Filling up the DagBag from /home/airflow/.local/lib/python3.12/site-packages/airflow/example_dags/example_local_kubernetes_executor.py
[2026-09-15T21:27:11.854+0000] {processor.py:840} INFO - DAG(s) 'example_local_kubernetes_executor' retrieved from /home/airflow/.local/lib/python3.12/site-packages/airflow/example_dags/example_local_kubernetes_executor.py
[2026-09-15T21:27:11.880+0000] {logging_mixin.py:188} INFO - [2026-09-15T21:27:11.880+0000] {dag.py:3089} INFO - Sync 1 DAGs
[2026-09-15T21:27:11.891+0000] {logging_mixin.py:188} INFO - [2026-09-15T21:27:11.891+0000] {dag.py:3947} INFO - Setting next_dagrun for example_local_kubernetes_executor to None, run_after=None
[2026-09-15T21:27:11.905+0000] {processor.py:183} INFO - Processing /home/airflow/.local/lib/python3.12/site-packages/airflow/example_dags/example_local_kubernetes_executor.py took 0.064 seconds
[2026-09-15T21:27:42.199+0000] {processor.py:161} INFO - Started process (PID=3211) to work on /home/airflow/.local/lib/python3.12/site-packages/airflow/example_dags/example_local_kubernetes_executor.py
[2026-09-15T21:27:42.200+0000] {processor.py:830} INFO - Processing file /home/airflow/.local/lib/python3.12/site-packages/airflow/example_dags/example_local_kubernetes_executor.py for tasks to queue
[2026-09-15T21:27:42.202+0000] {logging_mixin.py:188} INFO - [2026-09-15T21:27:42.202+0000] {dagbag.py:545} INFO - Filling up the DagBag from /home/airflow/.local/lib/python3.12/site-packages/airflow/example_dags/example_local_kubernetes_executor.py
[2026-09-15T21:27:42.209+0000] {processor.py:840} INFO - DAG(s) 'example_local_kubernetes_executor' retrieved from /home/airflow/.local/lib/python3.12/site-packages/airflow/example_dags/example_local_kubernetes_executor.py
[2026-09-15T21:27:42.239+0000] {logging_mixin.py:188} INFO - [2026-09-15T21:27:42.239+0000] {dag.py:3089} INFO - Sync 1 DAGs
[2026-09-15T21:27:42.249+0000] {logging_mixin.py:188} INFO - [2026-09-15T21:27:42.249+0000] {dag.py:3947} INFO - Setting next_dagrun for example_local_kubernetes_executor to None, run_after=None
[2026-09-15T21:27:42.265+0000] {processor.py:183} INFO - Processing /home/airflow/.local/lib/python3.12/site-packages/airflow/example_dags/example_local_kubernetes_executor.py took 0.070 seconds
[2026-09-15T21:28:12.807+0000] {processor.py:161} INFO - Started process (PID=3473) to work on /home/airflow/.local/lib/python3.12/site-packages/airflow/example_dags/example_local_kubernetes_executor.py
[2026-09-15T21:28:12.809+0000] {processor.py:830} INFO - Processing file /home/airflow/.local/lib/python3.12/site-packages/airflow/example_dags/example_local_kubernetes_executor.py for tasks to queue
[2026-09-15T21:28:12.811+0000] {logging_mixin.py:188} INFO - [2026-09-15T21:28:12.810+0000] {dagbag.py:545} INFO - Filling up the DagBag from /home/airflow/.local/lib/python3.12/site-packages/airflow/example_dags/example_local_kubernetes_executor.py
[2026-09-15T21:28:12.817+0000] {processor.py:840} INFO - DAG(s) 'example_local_kubernetes_executor' retrieved from /home/airflow/.local/lib/python3.12/site-packages/airflow/example_dags/example_local_kubernetes_executor.py
[2026-09-15T21:28:12.853+0000] {logging_mixin.py:188} INFO - [2026-09-15T21:28:12.852+0000] {dag.py:3089} INFO - Sync 1 DAGs
[2026-09-15T21:28:12.864+0000] {logging_mixin.py:188} INFO - [2026-09-15T21:28:12.864+0000] {dag.py:3947} INFO - Setting next_dagrun for example_local_kubernetes_executor to None, run_after=None
[2026-09-15T21:28:12.888+0000] {processor.py:183} INFO - Processing /home/airflow/.local/lib/python3.12/site-packages/airflow/example_dags/example_local_kubernetes_executor.py took 0.084 seconds
[2026-09-15T21:28:43.719+0000] {processor.py:161} INFO - Started process (PID=3735) to work on /home/airflow/.local/lib/python3.12/site-packages/airflow/example_dags/example_local_kubernetes_executor.py
[2026-09-15T21:28:43.721+0000] {processor.py:830} INFO - Processing file /home/airflow/.local/lib/python3.12/site-packages/airflow/example_dags/example_local_kubernetes_executor.py for tasks to queue
[2026-09-15T21:28:43.725+0000] {logging_mixin.py:188} INFO - [2026-09-15T21:28:43.724+0000] {dagbag.py:545} INFO - Filling up the DagBag from /home/airflow/.local/lib/python3.12/site-packages/airflow/example_dags/example_local_kubernetes_executor.py
[2026-09-15T21:28:43.734+0000] {processor.py:840} INFO - DAG(s) 'example_local_kubernetes_executor' retrieved from /home/airflow/.local/lib/python3.12/site-packages/airflow/example_dags/example_local_kubernetes_executor.py
[2026-09-15T21:28:43.767+0000] {logging_mixin.py:188} INFO - [2026-09-15T21:28:43.767+0000] {dag.py:3089} INFO - Sync 1 DAGs
[2026-09-15T21:28:43.778+0000] {logging_mixin.py:188} INFO - [2026-09-15T21:28:43.778+0000] {dag.py:3947} INFO - Setting next_dagrun for example_local_kubernetes_executor to None, run_after=None
[2026-09-15T21:28:43.799+0000] {processor.py:183} INFO - Processing /home/airflow/.local/lib/python3.12/site-packages/airflow/example_dags/example_local_kubernetes_executor.py took 0.086 seconds
[2026-09-15T21:29:13.944+0000] {processor.py:161} INFO - Started process (PID=3997) to work on /home/airflow/.local/lib/python3.12/site-packages/airflow/example_dags/example_local_kubernetes_executor.py
[2026-09-15T21:29:13.945+0000] {processor.py:830} INFO - Processing file /home/airflow/.local/lib/python3.12/site-packages/airflow/example_dags/example_local_kubernetes_executor.py for tasks to queue
[2026-09-15T21:29:13.947+0000] {logging_mixin.py:188} INFO - [2026-09-15T21:29:13.947+0000] {dagbag.py:545} INFO - Filling up the DagBag from /home/airflow/.local/lib/python3.12/site-packages/airflow/example_dags/example_local_kubernetes_executor.py
[2026-09-15T21:29:13.953+0000] {processor.py:840} INFO - DAG(s) 'example_local_kubernetes_executor' retrieved from /home/airflow/.local/lib/python3.12/site-packages/airflow/example_dags/example_local_kubernetes_executor.py
[2026-09-15T21:29:13.980+0000] {logging_mixin.py:188} INFO - [2026-09-15T21:29:13.980+0000] {dag.py:3089} INFO - Sync 1 DAGs
[2026-09-15T21:29:13.989+0000] {logging_mixin.py:188} INFO - [2026-09-15T21:29:13.989+0000] {dag.py:3947} INFO - Setting next_dagrun for example_local_kubernetes_executor to None, run_after=None
[2026-09-15T21:29:14.003+0000] {processor.py:183} INFO - Processing /home/airflow/.local/lib/python3.12/site-packages/airflow/example_dags/example_local_kubernetes_executor.py took 0.063 seconds
[2026-09-15T21:29:44.330+0000] {processor.py:161} INFO - Started process (PID=4268) to work on /home/airflow/.local/lib/python3.12/site-packages/airflow/example_dags/example_local_kubernetes_executor.py
[2026-09-15T21:29:44.331+0000] {processor.py:830} INFO - Processing file /home/airflow/.local/lib/python3.12/site-packages/airflow/example_dags/example_local_kubernetes_executor.py for tasks to queue
[2026-09-15T21:29:44.334+0000] {logging_mixin.py:188} INFO - [2026-09-15T21:29:44.334+0000] {dagbag.py:545} INFO - Filling up the DagBag from /home/airflow/.local/lib/python3.12/site-packages/airflow/example_dags/example_local_kubernetes_executor.py
[2026-09-15T21:29:44.340+0000] {processor.py:840} INFO - DAG(s) 'example_local_kubernetes_executor' retrieved from /home/airflow/.local/lib/python3.12/site-packages/airflow/example_dags/example_local_kubernetes_executor.py
[2026-09-15T21:29:44.373+0000] {logging_mixin.py:188} INFO - [2026-09-15T21:29:44.373+0000] {dag.py:3089} INFO - Sync 1 DAGs
[2026-09-15T21:29:44.383+0000] {logging_mixin.py:188} INFO - [2026-09-15T21:29:44.383+0000] {dag.py:3947} INFO - Setting next_dagrun for example_local_kubernetes_executor to None, run_after=None
[2026-09-15T21:29:44.400+0000] {processor.py:183} INFO - Processing /home/airflow/.local/lib/python3.12/site-packages/airflow/example_dags/example_local_kubernetes_executor.py took 0.075 seconds
[2026-09-15T21:30:14.558+0000] {processor.py:161} INFO - Started process (PID=4531) to work on /home/airflow/.local/lib/python3.12/site-packages/airflow/example_dags/example_local_kubernetes_executor.py
[2026-09-15T21:30:14.559+0000] {processor.py:830} INFO - Processing file /home/airflow/.local/lib/python3.12/site-packages/airflow/example_dags/example_local_kubernetes_executor.py for tasks to queue
[2026-09-15T21:30:14.562+0000] {logging_mixin.py:188} INFO - [2026-09-15T21:30:14.562+0000] {dagbag.py:545} INFO - Filling up the DagBag from /home/airflow/.local/lib/python3.12/site-packages/airflow/example_dags/example_local_kubernetes_executor.py
[2026-09-15T21:30:14.570+0000] {processor.py:840} INFO - DAG(s) 'example_local_kubernetes_executor' retrieved from /home/airflow/.local/lib/python3.12/site-packages/airflow/example_dags/example_local_kubernetes_executor.py
[2026-09-15T21:30:14.612+0000] {logging_mixin.py:188} INFO - [2026-09-15T21:30:14.611+0000] {dag.py:3089} INFO - Sync 1 DAGs
[2026-09-15T21:30:14.632+0000] {logging_mixin.py:188} INFO - [2026-09-15T21:30:14.632+0000] {dag.py:3947} INFO - Setting next_dagrun for example_local_kubernetes_executor to None, run_after=None
[2026-09-15T21:30:14.661+0000] {processor.py:183} INFO - Processing /home/airflow/.local/lib/python3.12/site-packages/airflow/example_dags/example_local_kubernetes_executor.py took 0.110 seconds
[2026-09-15T21:30:45.341+0000] {processor.py:161} INFO - Started process (PID=4793) to work on /home/airflow/.local/lib/python3.12/site-packages/airflow/example_dags/example_local_kubernetes_executor.py
[2026-09-15T21:30:45.342+0000] {processor.py:830} INFO - Processing file /home/airflow/.local/lib/python3.12/site-packages/airflow/example_dags/example_local_kubernetes_executor.py for tasks to queue
[2026-09-15T21:30:45.344+0000] {logging_mixin.py:188} INFO - [2026-09-15T21:30:45.343+0000] {dagbag.py:545} INFO - Filling up the DagBag from /home/airflow/.local/lib/python3.12/site-packages/airflow/example_dags/example_local_kubernetes_executor.py
[2026-09-15T21:30:45.350+0000] {processor.py:840} INFO - DAG(s) 'example_local_kubernetes_executor' retrieved from /home/airflow/.local/lib/python3.12/site-packages/airflow/example_dags/example_local_kubernetes_executor.py
[2026-09-15T21:30:45.380+0000] {logging_mixin.py:188} INFO - [2026-09-15T21:30:45.380+0000] {dag.py:3089} INFO - Sync 1 DAGs
[2026-09-15T21:30:45.390+0000] {logging_mixin.py:188} INFO - [2026-09-15T21:30:45.390+0000] {dag.py:3947} INFO - Setting next_dagrun for example_local_kubernetes_executor to None, run_after=None
[2026-09-15T21:30:45.405+0000] {processor.py:183} INFO - Processing /home/airflow/.local/lib/python3.12/site-packages/airflow/example_dags/example_local_kubernetes_executor.py took 0.069 seconds
[2026-09-15T21:31:15.873+0000] {processor.py:161} INFO - Started process (PID=5055) to work on /home/airflow/.local/lib/python3.12/site-packages/airflow/example_dags/example_local_kubernetes_executor.py
[2026-09-15T21:31:15.875+0000] {processor.py:830} INFO - Processing file /home/airflow/.local/lib/python3.12/site-packages/airflow/example_dags/example_local_kubernetes_executor.py for tasks to queue
[2026-09-15T21:31:15.877+0000] {logging_mixin.py:188} INFO - [2026-09-15T21:31:15.877+0000] {dagbag.py:545} INFO - Filling up the DagBag from /home/airflow/.local/lib/python3.12/site-packages/airflow/example_dags/example_local_kubernetes_executor.py
[2026-09-15T21:31:15.883+0000] {processor.py:840} INFO - DAG(s) 'example_local_kubernetes_executor' retrieved from /home/airflow/.local/lib/python3.12/site-packages/airflow/example_dags/example_local_kubernetes_executor.py
[2026-09-15T21:31:15.911+0000] {logging_mixin.py:188} INFO - [2026-09-15T21:31:15.911+0000] {dag.py:3089} INFO - Sync 1 DAGs
[2026-09-15T21:31:15.921+0000] {logging_mixin.py:188} INFO - [2026-09-15T21:31:15.921+0000] {dag.py:3947} INFO - Setting next_dagrun for example_local_kubernetes_executor to None, run_after=None
[2026-09-15T21:31:15.937+0000] {processor.py:183} INFO - Processing /home/airflow/.local/lib/python3.12/site-packages/airflow/example_dags/example_local_kubernetes_executor.py took 0.069 seconds
[2026-09-15T21:31:46.644+0000] {processor.py:161} INFO - Started process (PID=5317) to work on /home/airflow/.local/lib/python3.12/site-packages/airflow/example_dags/example_local_kubernetes_executor.py
[2026-09-15T21:31:46.646+0000] {processor.py:830} INFO - Processing file /home/airflow/.local/lib/python3.12/site-packages/airflow/example_dags/example_local_kubernetes_executor.py for tasks to queue
[2026-09-15T21:31:46.648+0000] {logging_mixin.py:188} INFO - [2026-09-15T21:31:46.648+0000] {dagbag.py:545} INFO - Filling up the DagBag from /home/airflow/.local/lib/python3.12/site-packages/airflow/example_dags/example_local_kubernetes_executor.py
[2026-09-15T21:31:46.655+0000] {processor.py:840} INFO - DAG(s) 'example_local_kubernetes_executor' retrieved from /home/airflow/.local/lib/python3.12/site-packages/airflow/example_dags/example_local_kubernetes_executor.py
[2026-09-15T21:31:46.685+0000] {logging_mixin.py:188} INFO - [2026-09-15T21:31:46.685+0000] {dag.py:3089} INFO - Sync 1 DAGs
[2026-09-15T21:31:46.695+0000] {logging_mixin.py:188} INFO - [2026-09-15T21:31:46.695+0000] {dag.py:3947} INFO - Setting next_dagrun for example_local_kubernetes_executor to None, run_after=None
[2026-09-15T21:31:46.710+0000] {processor.py:183} INFO - Processing /home/airflow/.local/lib/python3.12/site-packages/airflow/example_dags/example_local_kubernetes_executor.py took 0.071 seconds
[2026-09-15T21:32:17.586+0000] {processor.py:161} INFO - Started process (PID=5581) to work on /home/airflow/.local/lib/python3.12/site-packages/airflow/example_dags/example_local_kubernetes_executor.py
[2026-09-15T21:32:17.587+0000] {processor.py:830} INFO - Processing file /home/airflow/.local/lib/python3.12/site-packages/airflow/example_dags/example_local_kubernetes_executor.py for tasks to queue
[2026-09-15T21:32:17.588+0000] {logging_mixin.py:188} INFO - [2026-09-15T21:32:17.588+0000] {dagbag.py:545} INFO - Filling up the DagBag from /home/airflow/.local/lib/python3.12/site-packages/airflow/example_dags/example_local_kubernetes_executor.py
[2026-09-15T21:32:17.595+0000] {processor.py:840} INFO - DAG(s) 'example_local_kubernetes_executor' retrieved from /home/airflow/.local/lib/python3.12/site-packages/airflow/example_dags/example_local_kubernetes_executor.py
[2026-09-15T21:32:17.627+0000] {logging_mixin.py:188} INFO - [2026-09-15T21:32:17.627+0000] {dag.py:3089} INFO - Sync 1 DAGs
[2026-09-15T21:32:17.638+0000] {logging_mixin.py:188} INFO - [2026-09-15T21:32:17.638+0000] {dag.py:3947} INFO - Setting next_dagrun for example_local_kubernetes_executor to None, run_after=None
[2026-09-15T21:32:17.653+0000] {processor.py:183} INFO - Processing /home/airflow/.local/lib/python3.12/site-packages/airflow/example_dags/example_local_kubernetes_executor.py took 0.072 seconds
[2026-09-15T21:32:47.948+0000] {processor.py:161} INFO - Started process (PID=5841) to work on /home/airflow/.local/lib/python3.12/site-packages/airflow/example_dags/example_local_kubernetes_executor.py
[2026-09-15T21:32:47.949+0000] {processor.py:830} INFO - Processing file /home/airflow/.local/lib/python3.12/site-packages/airflow/example_dags/example_local_kubernetes_executor.py for tasks to queue
[2026-09-15T21:32:47.951+0000] {logging_mixin.py:188} INFO - [2026-09-15T21:32:47.951+0000] {dagbag.py:545} INFO - Filling up the DagBag from /home/airflow/.local/lib/python3.12/site-packages/airflow/example_dags/example_local_kubernetes_executor.py
[2026-09-15T21:32:47.957+0000] {processor.py:840} INFO - DAG(s) 'example_local_kubernetes_executor' retrieved from /home/airflow/.local/lib/python3.12/site-packages/airflow/example_dags/example_local_kubernetes_executor.py
[2026-09-15T21:32:47.983+0000] {logging_mixin.py:188} INFO - [2026-09-15T21:32:47.983+0000] {dag.py:3089} INFO - Sync 1 DAGs
[2026-09-15T21:32:47.994+0000] {logging_mixin.py:188} INFO - [2026-09-15T21:32:47.994+0000] {dag.py:3947} INFO - Setting next_dagrun for example_local_kubernetes_executor to None, run_after=None
[2026-09-15T21:32:48.011+0000] {processor.py:183} INFO - Processing /home/airflow/.local/lib/python3.12/site-packages/airflow/example_dags/example_local_kubernetes_executor.py took 0.066 seconds
[2026-09-15T21:33:19.090+0000] {processor.py:161} INFO - Started process (PID=6105) to work on /home/airflow/.local/lib/python3.12/site-packages/airflow/example_dags/example_local_kubernetes_executor.py
[2026-09-15T21:33:19.091+0000] {processor.py:830} INFO - Processing file /home/airflow/.local/lib/python3.12/site-packages/airflow/example_dags/example_local_kubernetes_executor.py for tasks to queue
[2026-09-15T21:33:19.093+0000] {logging_mixin.py:188} INFO - [2026-09-15T21:33:19.093+0000] {dagbag.py:545} INFO - Filling up the DagBag from /home/airflow/.local/lib/python3.12/site-packages/airflow/example_dags/example_local_kubernetes_executor.py
[2026-09-15T21:33:19.099+0000] {processor.py:840} INFO - DAG(s) 'example_local_kubernetes_executor' retrieved from /home/airflow/.local/lib/python3.12/site-packages/airflow/example_dags/example_local_kubernetes_executor.py
[2026-09-15T21:33:19.127+0000] {logging_mixin.py:188} INFO - [2026-09-15T21:33:19.127+0000] {dag.py:3089} INFO - Sync 1 DAGs
[2026-09-15T21:33:19.137+0000] {logging_mixin.py:188} INFO - [2026-09-15T21:33:19.137+0000] {dag.py:3947} INFO - Setting next_dagrun for example_local_kubernetes_executor to None, run_after=None
[2026-09-15T21:33:19.155+0000] {processor.py:183} INFO - Processing /home/airflow/.local/lib/python3.12/site-packages/airflow/example_dags/example_local_kubernetes_executor.py took 0.069 seconds
[2026-09-15T21:33:49.260+0000] {processor.py:161} INFO - Started process (PID=6374) to work on /home/airflow/.local/lib/python3.12/site-packages/airflow/example_dags/example_local_kubernetes_executor.py
[2026-09-15T21:33:49.261+0000] {processor.py:830} INFO - Processing file /home/airflow/.local/lib/python3.12/site-packages/airflow/example_dags/example_local_kubernetes_executor.py for tasks to queue
[2026-09-15T21:33:49.263+0000] {logging_mixin.py:188} INFO - [2026-09-15T21:33:49.263+0000] {dagbag.py:545} INFO - Filling up the DagBag from /home/airflow/.local/lib/python3.12/site-packages/airflow/example_dags/example_local_kubernetes_executor.py
[2026-09-15T21:33:49.269+0000] {processor.py:840} INFO - DAG(s) 'example_local_kubernetes_executor' retrieved from /home/airflow/.local/lib/python3.12/site-packages/airflow/example_dags/example_local_kubernetes_executor.py
[2026-09-15T21:33:49.295+0000] {logging_mixin.py:188} INFO - [2026-09-15T21:33:49.294+0000] {dag.py:3089} INFO - Sync 1 DAGs
[2026-09-15T21:33:49.304+0000] {logging_mixin.py:188} INFO - [2026-09-15T21:33:49.304+0000] {dag.py:3947} INFO - Setting next_dagrun for example_local_kubernetes_executor to None, run_after=None
[2026-09-15T21:33:49.320+0000] {processor.py:183} INFO - Processing /home/airflow/.local/lib/python3.12/site-packages/airflow/example_dags/example_local_kubernetes_executor.py took 0.065 seconds
[2026-09-15T21:34:19.529+0000] {processor.py:161} INFO - Started process (PID=6636) to work on /home/airflow/.local/lib/python3.12/site-packages/airflow/example_dags/example_local_kubernetes_executor.py
[2026-09-15T21:34:19.531+0000] {processor.py:830} INFO - Processing file /home/airflow/.local/lib/python3.12/site-packages/airflow/example_dags/example_local_kubernetes_executor.py for tasks to queue
[2026-09-15T21:34:19.533+0000] {logging_mixin.py:188} INFO - [2026-09-15T21:34:19.533+0000] {dagbag.py:545} INFO - Filling up the DagBag from /home/airflow/.local/lib/python3.12/site-packages/airflow/example_dags/example_local_kubernetes_executor.py
[2026-09-15T21:34:19.539+0000] {processor.py:840} INFO - DAG(s) 'example_local_kubernetes_executor' retrieved from /home/airflow/.local/lib/python3.12/site-packages/airflow/example_dags/example_local_kubernetes_executor.py
[2026-09-15T21:34:19.571+0000] {logging_mixin.py:188} INFO - [2026-09-15T21:34:19.571+0000] {dag.py:3089} INFO - Sync 1 DAGs
[2026-09-15T21:34:19.581+0000] {logging_mixin.py:188} INFO - [2026-09-15T21:34:19.581+0000] {dag.py:3947} INFO - Setting next_dagrun for example_local_kubernetes_executor to None, run_after=None
[2026-09-15T21:34:19.598+0000] {processor.py:183} INFO - Processing /home/airflow/.local/lib/python3.12/site-packages/airflow/example_dags/example_local_kubernetes_executor.py took 0.073 seconds
[2026-09-15T21:34:49.775+0000] {processor.py:161} INFO - Started process (PID=6893) to work on /home/airflow/.local/lib/python3.12/site-packages/airflow/example_dags/example_local_kubernetes_executor.py
[2026-09-15T21:34:49.777+0000] {processor.py:830} INFO - Processing file /home/airflow/.local/lib/python3.12/site-packages/airflow/example_dags/example_local_kubernetes_executor.py for tasks to queue
[2026-09-15T21:34:49.779+0000] {logging_mixin.py:188} INFO - [2026-09-15T21:34:49.779+0000] {dagbag.py:545} INFO - Filling up the DagBag from /home/airflow/.local/lib/python3.12/site-packages/airflow/example_dags/example_local_kubernetes_executor.py
[2026-09-15T21:34:49.785+0000] {processor.py:840} INFO - DAG(s) 'example_local_kubernetes_executor' retrieved from /home/airflow/.local/lib/python3.12/site-packages/airflow/example_dags/example_local_kubernetes_executor.py
[2026-09-15T21:34:49.813+0000] {logging_mixin.py:188} INFO - [2026-09-15T21:34:49.812+0000] {dag.py:3089} INFO - Sync 1 DAGs
[2026-09-15T21:34:49.823+0000] {logging_mixin.py:188} INFO - [2026-09-15T21:34:49.823+0000] {dag.py:3947} INFO - Setting next_dagrun for example_local_kubernetes_executor to None, run_after=None
[2026-09-15T21:34:49.839+0000] {processor.py:183} INFO - Processing /home/airflow/.local/lib/python3.12/site-packages/airflow/example_dags/example_local_kubernetes_executor.py took 0.069 seconds
[2026-09-15T21:35:19.940+0000] {processor.py:161} INFO - Started process (PID=7154) to work on /home/airflow/.local/lib/python3.12/site-packages/airflow/example_dags/example_local_kubernetes_executor.py
[2026-09-15T21:35:19.941+0000] {processor.py:830} INFO - Processing file /home/airflow/.local/lib/python3.12/site-packages/airflow/example_dags/example_local_kubernetes_executor.py for tasks to queue
[2026-09-15T21:35:19.943+0000] {logging_mixin.py:188} INFO - [2026-09-15T21:35:19.943+0000] {dagbag.py:545} INFO - Filling up the DagBag from /home/airflow/.local/lib/python3.12/site-packages/airflow/example_dags/example_local_kubernetes_executor.py
[2026-09-15T21:35:19.948+0000] {processor.py:840} INFO - DAG(s) 'example_local_kubernetes_executor' retrieved from /home/airflow/.local/lib/python3.12/site-packages/airflow/example_dags/example_local_kubernetes_executor.py
[2026-09-15T21:35:19.975+0000] {logging_mixin.py:188} INFO - [2026-09-15T21:35:19.975+0000] {dag.py:3089} INFO - Sync 1 DAGs
[2026-09-15T21:35:19.986+0000] {logging_mixin.py:188} INFO - [2026-09-15T21:35:19.986+0000] {dag.py:3947} INFO - Setting next_dagrun for example_local_kubernetes_executor to None, run_after=None
[2026-09-15T21:35:20.001+0000] {processor.py:183} INFO - Processing /home/airflow/.local/lib/python3.12/site-packages/airflow/example_dags/example_local_kubernetes_executor.py took 0.065 seconds
[2026-09-15T21:35:50.380+0000] {processor.py:161} INFO - Started process (PID=7416) to work on /home/airflow/.local/lib/python3.12/site-packages/airflow/example_dags/example_local_kubernetes_executor.py
[2026-09-15T21:35:50.381+0000] {processor.py:830} INFO - Processing file /home/airflow/.local/lib/python3.12/site-packages/airflow/example_dags/example_local_kubernetes_executor.py for tasks to queue
[2026-09-15T21:35:50.383+0000] {logging_mixin.py:188} INFO - [2026-09-15T21:35:50.383+0000] {dagbag.py:545} INFO - Filling up the DagBag from /home/airflow/.local/lib/python3.12/site-packages/airflow/example_dags/example_local_kubernetes_executor.py
[2026-09-15T21:35:50.388+0000] {processor.py:840} INFO - DAG(s) 'example_local_kubernetes_executor' retrieved from /home/airflow/.local/lib/python3.12/site-packages/airflow/example_dags/example_local_kubernetes_executor.py
[2026-09-15T21:35:50.414+0000] {logging_mixin.py:188} INFO - [2026-09-15T21:35:50.414+0000] {dag.py:3089} INFO - Sync 1 DAGs
[2026-09-15T21:35:50.424+0000] {logging_mixin.py:188} INFO - [2026-09-15T21:35:50.423+0000] {dag.py:3947} INFO - Setting next_dagrun for example_local_kubernetes_executor to None, run_after=None
[2026-09-15T21:35:50.438+0000] {processor.py:183} INFO - Processing /home/airflow/.local/lib/python3.12/site-packages/airflow/example_dags/example_local_kubernetes_executor.py took 0.061 seconds
[2026-09-15T21:36:20.553+0000] {processor.py:161} INFO - Started process (PID=7678) to work on /home/airflow/.local/lib/python3.12/site-packages/airflow/example_dags/example_local_kubernetes_executor.py
[2026-09-15T21:36:20.554+0000] {processor.py:830} INFO - Processing file /home/airflow/.local/lib/python3.12/site-packages/airflow/example_dags/example_local_kubernetes_executor.py for tasks to queue
[2026-09-15T21:36:20.556+0000] {logging_mixin.py:188} INFO - [2026-09-15T21:36:20.555+0000] {dagbag.py:545} INFO - Filling up the DagBag from /home/airflow/.local/lib/python3.12/site-packages/airflow/example_dags/example_local_kubernetes_executor.py
[2026-09-15T21:36:20.561+0000] {processor.py:840} INFO - DAG(s) 'example_local_kubernetes_executor' retrieved from /home/airflow/.local/lib/python3.12/site-packages/airflow/example_dags/example_local_kubernetes_executor.py
[2026-09-15T21:36:20.587+0000] {logging_mixin.py:188} INFO - [2026-09-15T21:36:20.587+0000] {dag.py:3089} INFO - Sync 1 DAGs
[2026-09-15T21:36:20.596+0000] {logging_mixin.py:188} INFO - [2026-09-15T21:36:20.596+0000] {dag.py:3947} INFO - Setting next_dagrun for example_local_kubernetes_executor to None, run_after=None
[2026-09-15T21:36:20.613+0000] {processor.py:183} INFO - Processing /home/airflow/.local/lib/python3.12/site-packages/airflow/example_dags/example_local_kubernetes_executor.py took 0.064 seconds
[2026-09-15T21:36:50.750+0000] {processor.py:161} INFO - Started process (PID=7940) to work on /home/airflow/.local/lib/python3.12/site-packages/airflow/example_dags/example_local_kubernetes_executor.py
[2026-09-15T21:36:50.751+0000] {processor.py:830} INFO - Processing file /home/airflow/.local/lib/python3.12/site-packages/airflow/example_dags/example_local_kubernetes_executor.py for tasks to queue
[2026-09-15T21:36:50.753+0000] {logging_mixin.py:188} INFO - [2026-09-15T21:36:50.753+0000] {dagbag.py:545} INFO - Filling up the DagBag from /home/airflow/.local/lib/python3.12/site-packages/airflow/example_dags/example_local_kubernetes_executor.py
[2026-09-15T21:36:50.760+0000] {processor.py:840} INFO - DAG(s) 'example_local_kubernetes_executor' retrieved from /home/airflow/.local/lib/python3.12/site-packages/airflow/example_dags/example_local_kubernetes_executor.py
[2026-09-15T21:36:50.802+0000] {logging_mixin.py:188} INFO - [2026-09-15T21:36:50.802+0000] {dag.py:3089} INFO - Sync 1 DAGs
[2026-09-15T21:36:50.817+0000] {logging_mixin.py:188} INFO - [2026-09-15T21:36:50.816+0000] {dag.py:3947} INFO - Setting next_dagrun for example_local_kubernetes_executor to None, run_after=None
[2026-09-15T21:36:50.836+0000] {processor.py:183} INFO - Processing /home/airflow/.local/lib/python3.12/site-packages/airflow/example_dags/example_local_kubernetes_executor.py took 0.091 seconds
[2026-09-15T21:37:21.069+0000] {processor.py:161} INFO - Started process (PID=8202) to work on /home/airflow/.local/lib/python3.12/site-packages/airflow/example_dags/example_local_kubernetes_executor.py
[2026-09-15T21:37:21.071+0000] {processor.py:830} INFO - Processing file /home/airflow/.local/lib/python3.12/site-packages/airflow/example_dags/example_local_kubernetes_executor.py for tasks to queue
[2026-09-15T21:37:21.073+0000] {logging_mixin.py:188} INFO - [2026-09-15T21:37:21.072+0000] {dagbag.py:545} INFO - Filling up the DagBag from /home/airflow/.local/lib/python3.12/site-packages/airflow/example_dags/example_local_kubernetes_executor.py
[2026-09-15T21:37:21.080+0000] {processor.py:840} INFO - DAG(s) 'example_local_kubernetes_executor' retrieved from /home/airflow/.local/lib/python3.12/site-packages/airflow/example_dags/example_local_kubernetes_executor.py
[2026-09-15T21:37:21.110+0000] {logging_mixin.py:188} INFO - [2026-09-15T21:37:21.110+0000] {dag.py:3089} INFO - Sync 1 DAGs
[2026-09-15T21:37:21.120+0000] {logging_mixin.py:188} INFO - [2026-09-15T21:37:21.120+0000] {dag.py:3947} INFO - Setting next_dagrun for example_local_kubernetes_executor to None, run_after=None
[2026-09-15T21:37:21.136+0000] {processor.py:183} INFO - Processing /home/airflow/.local/lib/python3.12/site-packages/airflow/example_dags/example_local_kubernetes_executor.py took 0.072 seconds
[2026-09-15T21:37:51.569+0000] {processor.py:161} INFO - Started process (PID=8466) to work on /home/airflow/.local/lib/python3.12/site-packages/airflow/example_dags/example_local_kubernetes_executor.py
[2026-09-15T21:37:51.571+0000] {processor.py:830} INFO - Processing file /home/airflow/.local/lib/python3.12/site-packages/airflow/example_dags/example_local_kubernetes_executor.py for tasks to queue
[2026-09-15T21:37:51.573+0000] {logging_mixin.py:188} INFO - [2026-09-15T21:37:51.573+0000] {dagbag.py:545} INFO - Filling up the DagBag from /home/airflow/.local/lib/python3.12/site-packages/airflow/example_dags/example_local_kubernetes_executor.py
[2026-09-15T21:37:51.580+0000] {processor.py:840} INFO - DAG(s) 'example_local_kubernetes_executor' retrieved from /home/airflow/.local/lib/python3.12/site-packages/airflow/example_dags/example_local_kubernetes_executor.py
[2026-09-15T21:37:51.617+0000] {logging_mixin.py:188} INFO - [2026-09-15T21:37:51.616+0000] {dag.py:3089} INFO - Sync 1 DAGs
[2026-09-15T21:37:51.629+0000] {logging_mixin.py:188} INFO - [2026-09-15T21:37:51.629+0000] {dag.py:3947} INFO - Setting next_dagrun for example_local_kubernetes_executor to None, run_after=None
[2026-09-15T21:37:51.651+0000] {processor.py:183} INFO - Processing /home/airflow/.local/lib/python3.12/site-packages/airflow/example_dags/example_local_kubernetes_executor.py took 0.087 seconds
[2026-09-15T21:38:21.818+0000] {processor.py:161} INFO - Started process (PID=8726) to work on /home/airflow/.local/lib/python3.12/site-packages/airflow/example_dags/example_local_kubernetes_executor.py
[2026-09-15T21:38:21.820+0000] {processor.py:830} INFO - Processing file /home/airflow/.local/lib/python3.12/site-packages/airflow/example_dags/example_local_kubernetes_executor.py for tasks to queue
[2026-09-15T21:38:21.822+0000] {logging_mixin.py:188} INFO - [2026-09-15T21:38:21.821+0000] {dagbag.py:545} INFO - Filling up the DagBag from /home/airflow/.local/lib/python3.12/site-packages/airflow/example_dags/example_local_kubernetes_executor.py
[2026-09-15T21:38:21.828+0000] {processor.py:840} INFO - DAG(s) 'example_local_kubernetes_executor' retrieved from /home/airflow/.local/lib/python3.12/site-packages/airflow/example_dags/example_local_kubernetes_executor.py
[2026-09-15T21:38:21.856+0000] {logging_mixin.py:188} INFO - [2026-09-15T21:38:21.855+0000] {dag.py:3089} INFO - Sync 1 DAGs
[2026-09-15T21:38:21.867+0000] {logging_mixin.py:188} INFO - [2026-09-15T21:38:21.867+0000] {dag.py:3947} INFO - Setting next_dagrun for example_local_kubernetes_executor to None, run_after=None
[2026-09-15T21:38:21.883+0000] {processor.py:183} INFO - Processing /home/airflow/.local/lib/python3.12/site-packages/airflow/example_dags/example_local_kubernetes_executor.py took 0.069 seconds
[2026-09-15T21:38:52.255+0000] {processor.py:161} INFO - Started process (PID=9019) to work on /home/airflow/.local/lib/python3.12/site-packages/airflow/example_dags/example_local_kubernetes_executor.py
[2026-09-15T21:38:52.256+0000] {processor.py:830} INFO - Processing file /home/airflow/.local/lib/python3.12/site-packages/airflow/example_dags/example_local_kubernetes_executor.py for tasks to queue
[2026-09-15T21:38:52.258+0000] {logging_mixin.py:188} INFO - [2026-09-15T21:38:52.258+0000] {dagbag.py:545} INFO - Filling up the DagBag from /home/airflow/.local/lib/python3.12/site-packages/airflow/example_dags/example_local_kubernetes_executor.py
[2026-09-15T21:38:52.263+0000] {processor.py:840} INFO - DAG(s) 'example_local_kubernetes_executor' retrieved from /home/airflow/.local/lib/python3.12/site-packages/airflow/example_dags/example_local_kubernetes_executor.py
[2026-09-15T21:38:52.293+0000] {logging_mixin.py:188} INFO - [2026-09-15T21:38:52.292+0000] {dag.py:3089} INFO - Sync 1 DAGs
[2026-09-15T21:38:52.302+0000] {logging_mixin.py:188} INFO - [2026-09-15T21:38:52.302+0000] {dag.py:3947} INFO - Setting next_dagrun for example_local_kubernetes_executor to None, run_after=None
[2026-09-15T21:38:52.317+0000] {processor.py:183} INFO - Processing /home/airflow/.local/lib/python3.12/site-packages/airflow/example_dags/example_local_kubernetes_executor.py took 0.066 seconds
[2026-09-15T21:39:22.449+0000] {processor.py:161} INFO - Started process (PID=9279) to work on /home/airflow/.local/lib/python3.12/site-packages/airflow/example_dags/example_local_kubernetes_executor.py
[2026-09-15T21:39:22.450+0000] {processor.py:830} INFO - Processing file /home/airflow/.local/lib/python3.12/site-packages/airflow/example_dags/example_local_kubernetes_executor.py for tasks to queue
[2026-09-15T21:39:22.452+0000] {logging_mixin.py:188} INFO - [2026-09-15T21:39:22.452+0000] {dagbag.py:545} INFO - Filling up the DagBag from /home/airflow/.local/lib/python3.12/site-packages/airflow/example_dags/example_local_kubernetes_executor.py
[2026-09-15T21:39:22.459+0000] {processor.py:840} INFO - DAG(s) 'example_local_kubernetes_executor' retrieved from /home/airflow/.local/lib/python3.12/site-packages/airflow/example_dags/example_local_kubernetes_executor.py
[2026-09-15T21:39:22.490+0000] {logging_mixin.py:188} INFO - [2026-09-15T21:39:22.490+0000] {dag.py:3089} INFO - Sync 1 DAGs
[2026-09-15T21:39:22.501+0000] {logging_mixin.py:188} INFO - [2026-09-15T21:39:22.500+0000] {dag.py:3947} INFO - Setting next_dagrun for example_local_kubernetes_executor to None, run_after=None
[2026-09-15T21:39:22.519+0000] {processor.py:183} INFO - Processing /home/airflow/.local/lib/python3.12/site-packages/airflow/example_dags/example_local_kubernetes_executor.py took 0.075 seconds
[2026-09-15T21:39:52.566+0000] {processor.py:161} INFO - Started process (PID=9541) to work on /home/airflow/.local/lib/python3.12/site-packages/airflow/example_dags/example_local_kubernetes_executor.py
[2026-09-15T21:39:52.567+0000] {processor.py:830} INFO - Processing file /home/airflow/.local/lib/python3.12/site-packages/airflow/example_dags/example_local_kubernetes_executor.py for tasks to queue
[2026-09-15T21:39:52.569+0000] {logging_mixin.py:188} INFO - [2026-09-15T21:39:52.569+0000] {dagbag.py:545} INFO - Filling up the DagBag from /home/airflow/.local/lib/python3.12/site-packages/airflow/example_dags/example_local_kubernetes_executor.py
[2026-09-15T21:39:52.575+0000] {processor.py:840} INFO - DAG(s) 'example_local_kubernetes_executor' retrieved from /home/airflow/.local/lib/python3.12/site-packages/airflow/example_dags/example_local_kubernetes_executor.py
[2026-09-15T21:39:52.601+0000] {logging_mixin.py:188} INFO - [2026-09-15T21:39:52.601+0000] {dag.py:3089} INFO - Sync 1 DAGs
[2026-09-15T21:39:52.611+0000] {logging_mixin.py:188} INFO - [2026-09-15T21:39:52.610+0000] {dag.py:3947} INFO - Setting next_dagrun for example_local_kubernetes_executor to None, run_after=None
[2026-09-15T21:39:52.623+0000] {processor.py:183} INFO - Processing /home/airflow/.local/lib/python3.12/site-packages/airflow/example_dags/example_local_kubernetes_executor.py took 0.061 seconds
[2026-09-15T21:40:22.799+0000] {processor.py:161} INFO - Started process (PID=9803) to work on /home/airflow/.local/lib/python3.12/site-packages/airflow/example_dags/example_local_kubernetes_executor.py
[2026-09-15T21:40:22.801+0000] {processor.py:830} INFO - Processing file /home/airflow/.local/lib/python3.12/site-packages/airflow/example_dags/example_local_kubernetes_executor.py for tasks to queue
[2026-09-15T21:40:22.803+0000] {logging_mixin.py:188} INFO - [2026-09-15T21:40:22.802+0000] {dagbag.py:545} INFO - Filling up the DagBag from /home/airflow/.local/lib/python3.12/site-packages/airflow/example_dags/example_local_kubernetes_executor.py
[2026-09-15T21:40:22.809+0000] {processor.py:840} INFO - DAG(s) 'example_local_kubernetes_executor' retrieved from /home/airflow/.local/lib/python3.12/site-packages/airflow/example_dags/example_local_kubernetes_executor.py
[2026-09-15T21:40:22.838+0000] {logging_mixin.py:188} INFO - [2026-09-15T21:40:22.838+0000] {dag.py:3089} INFO - Sync 1 DAGs
[2026-09-15T21:40:22.847+0000] {logging_mixin.py:188} INFO - [2026-09-15T21:40:22.847+0000] {dag.py:3947} INFO - Setting next_dagrun for example_local_kubernetes_executor to None, run_after=None
[2026-09-15T21:40:22.863+0000] {processor.py:183} INFO - Processing /home/airflow/.local/lib/python3.12/site-packages/airflow/example_dags/example_local_kubernetes_executor.py took 0.068 seconds
[2026-09-15T21:40:53.485+0000] {processor.py:161} INFO - Started process (PID=10065) to work on /home/airflow/.local/lib/python3.12/site-packages/airflow/example_dags/example_local_kubernetes_executor.py
[2026-09-15T21:40:53.486+0000] {processor.py:830} INFO - Processing file /home/airflow/.local/lib/python3.12/site-packages/airflow/example_dags/example_local_kubernetes_executor.py for tasks to queue
[2026-09-15T21:40:53.488+0000] {logging_mixin.py:188} INFO - [2026-09-15T21:40:53.488+0000] {dagbag.py:545} INFO - Filling up the DagBag from /home/airflow/.local/lib/python3.12/site-packages/airflow/example_dags/example_local_kubernetes_executor.py
[2026-09-15T21:40:53.494+0000] {processor.py:840} INFO - DAG(s) 'example_local_kubernetes_executor' retrieved from /home/airflow/.local/lib/python3.12/site-packages/airflow/example_dags/example_local_kubernetes_executor.py
[2026-09-15T21:40:53.525+0000] {logging_mixin.py:188} INFO - [2026-09-15T21:40:53.524+0000] {dag.py:3089} INFO - Sync 1 DAGs
[2026-09-15T21:40:53.537+0000] {logging_mixin.py:188} INFO - [2026-09-15T21:40:53.536+0000] {dag.py:3947} INFO - Setting next_dagrun for example_local_kubernetes_executor to None, run_after=None
[2026-09-15T21:40:53.556+0000] {processor.py:183} INFO - Processing /home/airflow/.local/lib/python3.12/site-packages/airflow/example_dags/example_local_kubernetes_executor.py took 0.075 seconds
[2026-09-15T21:41:24.417+0000] {processor.py:161} INFO - Started process (PID=10327) to work on /home/airflow/.local/lib/python3.12/site-packages/airflow/example_dags/example_local_kubernetes_executor.py
[2026-09-15T21:41:24.418+0000] {processor.py:830} INFO - Processing file /home/airflow/.local/lib/python3.12/site-packages/airflow/example_dags/example_local_kubernetes_executor.py for tasks to queue
[2026-09-15T21:41:24.420+0000] {logging_mixin.py:188} INFO - [2026-09-15T21:41:24.420+0000] {dagbag.py:545} INFO - Filling up the DagBag from /home/airflow/.local/lib/python3.12/site-packages/airflow/example_dags/example_local_kubernetes_executor.py
[2026-09-15T21:41:24.427+0000] {processor.py:840} INFO - DAG(s) 'example_local_kubernetes_executor' retrieved from /home/airflow/.local/lib/python3.12/site-packages/airflow/example_dags/example_local_kubernetes_executor.py
[2026-09-15T21:41:24.462+0000] {logging_mixin.py:188} INFO - [2026-09-15T21:41:24.462+0000] {dag.py:3089} INFO - Sync 1 DAGs
[2026-09-15T21:41:24.473+0000] {logging_mixin.py:188} INFO - [2026-09-15T21:41:24.472+0000] {dag.py:3947} INFO - Setting next_dagrun for example_local_kubernetes_executor to None, run_after=None
[2026-09-15T21:41:24.489+0000] {processor.py:183} INFO - Processing /home/airflow/.local/lib/python3.12/site-packages/airflow/example_dags/example_local_kubernetes_executor.py took 0.077 seconds
[2026-09-15T21:41:55.544+0000] {processor.py:161} INFO - Started process (PID=10589) to work on /home/airflow/.local/lib/python3.12/site-packages/airflow/example_dags/example_local_kubernetes_executor.py
[2026-09-15T21:41:55.545+0000] {processor.py:830} INFO - Processing file /home/airflow/.local/lib/python3.12/site-packages/airflow/example_dags/example_local_kubernetes_executor.py for tasks to queue
[2026-09-15T21:41:55.548+0000] {logging_mixin.py:188} INFO - [2026-09-15T21:41:55.548+0000] {dagbag.py:545} INFO - Filling up the DagBag from /home/airflow/.local/lib/python3.12/site-packages/airflow/example_dags/example_local_kubernetes_executor.py
[2026-09-15T21:41:55.555+0000] {processor.py:840} INFO - DAG(s) 'example_local_kubernetes_executor' retrieved from /home/airflow/.local/lib/python3.12/site-packages/airflow/example_dags/example_local_kubernetes_executor.py
[2026-09-15T21:41:55.585+0000] {logging_mixin.py:188} INFO - [2026-09-15T21:41:55.585+0000] {dag.py:3089} INFO - Sync 1 DAGs
[2026-09-15T21:41:55.751+0000] {logging_mixin.py:188} INFO - [2026-09-15T21:41:55.751+0000] {dag.py:3947} INFO - Setting next_dagrun for example_local_kubernetes_executor to None, run_after=None
[2026-09-15T21:41:55.766+0000] {processor.py:183} INFO - Processing /home/airflow/.local/lib/python3.12/site-packages/airflow/example_dags/example_local_kubernetes_executor.py took 0.227 seconds
[2026-09-15T21:42:26.138+0000] {processor.py:161} INFO - Started process (PID=10851) to work on /home/airflow/.local/lib/python3.12/site-packages/airflow/example_dags/example_local_kubernetes_executor.py
[2026-09-15T21:42:26.139+0000] {processor.py:830} INFO - Processing file /home/airflow/.local/lib/python3.12/site-packages/airflow/example_dags/example_local_kubernetes_executor.py for tasks to queue
[2026-09-15T21:42:26.141+0000] {logging_mixin.py:188} INFO - [2026-09-15T21:42:26.141+0000] {dagbag.py:545} INFO - Filling up the DagBag from /home/airflow/.local/lib/python3.12/site-packages/airflow/example_dags/example_local_kubernetes_executor.py
[2026-09-15T21:42:26.148+0000] {processor.py:840} INFO - DAG(s) 'example_local_kubernetes_executor' retrieved from /home/airflow/.local/lib/python3.12/site-packages/airflow/example_dags/example_local_kubernetes_executor.py
[2026-09-15T21:42:26.178+0000] {logging_mixin.py:188} INFO - [2026-09-15T21:42:26.178+0000] {dag.py:3089} INFO - Sync 1 DAGs
[2026-09-15T21:42:26.190+0000] {logging_mixin.py:188} INFO - [2026-09-15T21:42:26.190+0000] {dag.py:3947} INFO - Setting next_dagrun for example_local_kubernetes_executor to None, run_after=None
[2026-09-15T21:42:26.363+0000] {processor.py:183} INFO - Processing /home/airflow/.local/lib/python3.12/site-packages/airflow/example_dags/example_local_kubernetes_executor.py took 0.229 seconds
[2026-09-15T21:42:57.289+0000] {processor.py:161} INFO - Started process (PID=11115) to work on /home/airflow/.local/lib/python3.12/site-packages/airflow/example_dags/example_local_kubernetes_executor.py
[2026-09-15T21:42:57.291+0000] {processor.py:830} INFO - Processing file /home/airflow/.local/lib/python3.12/site-packages/airflow/example_dags/example_local_kubernetes_executor.py for tasks to queue
[2026-09-15T21:42:57.293+0000] {logging_mixin.py:188} INFO - [2026-09-15T21:42:57.292+0000] {dagbag.py:545} INFO - Filling up the DagBag from /home/airflow/.local/lib/python3.12/site-packages/airflow/example_dags/example_local_kubernetes_executor.py
[2026-09-15T21:42:57.299+0000] {processor.py:840} INFO - DAG(s) 'example_local_kubernetes_executor' retrieved from /home/airflow/.local/lib/python3.12/site-packages/airflow/example_dags/example_local_kubernetes_executor.py
[2026-09-15T21:42:57.329+0000] {logging_mixin.py:188} INFO - [2026-09-15T21:42:57.329+0000] {dag.py:3089} INFO - Sync 1 DAGs
[2026-09-15T21:42:57.340+0000] {logging_mixin.py:188} INFO - [2026-09-15T21:42:57.340+0000] {dag.py:3947} INFO - Setting next_dagrun for example_local_kubernetes_executor to None, run_after=None
[2026-09-15T21:42:57.355+0000] {processor.py:183} INFO - Processing /home/airflow/.local/lib/python3.12/site-packages/airflow/example_dags/example_local_kubernetes_executor.py took 0.070 seconds
[2026-09-15T21:43:27.534+0000] {processor.py:161} INFO - Started process (PID=11377) to work on /home/airflow/.local/lib/python3.12/site-packages/airflow/example_dags/example_local_kubernetes_executor.py
[2026-09-15T21:43:27.536+0000] {processor.py:830} INFO - Processing file /home/airflow/.local/lib/python3.12/site-packages/airflow/example_dags/example_local_kubernetes_executor.py for tasks to queue
[2026-09-15T21:43:27.538+0000] {logging_mixin.py:188} INFO - [2026-09-15T21:43:27.538+0000] {dagbag.py:545} INFO - Filling up the DagBag from /home/airflow/.local/lib/python3.12/site-packages/airflow/example_dags/example_local_kubernetes_executor.py
[2026-09-15T21:43:27.546+0000] {processor.py:840} INFO - DAG(s) 'example_local_kubernetes_executor' retrieved from /home/airflow/.local/lib/python3.12/site-packages/airflow/example_dags/example_local_kubernetes_executor.py
[2026-09-15T21:43:27.578+0000] {logging_mixin.py:188} INFO - [2026-09-15T21:43:27.577+0000] {dag.py:3089} INFO - Sync 1 DAGs
[2026-09-15T21:43:27.589+0000] {logging_mixin.py:188} INFO - [2026-09-15T21:43:27.589+0000] {dag.py:3947} INFO - Setting next_dagrun for example_local_kubernetes_executor to None, run_after=None
[2026-09-15T21:43:27.608+0000] {processor.py:183} INFO - Processing /home/airflow/.local/lib/python3.12/site-packages/airflow/example_dags/example_local_kubernetes_executor.py took 0.078 seconds
[2026-09-15T21:43:57.686+0000] {processor.py:161} INFO - Started process (PID=11639) to work on /home/airflow/.local/lib/python3.12/site-packages/airflow/example_dags/example_local_kubernetes_executor.py
[2026-09-15T21:43:57.687+0000] {processor.py:830} INFO - Processing file /home/airflow/.local/lib/python3.12/site-packages/airflow/example_dags/example_local_kubernetes_executor.py for tasks to queue
[2026-09-15T21:43:57.689+0000] {logging_mixin.py:188} INFO - [2026-09-15T21:43:57.689+0000] {dagbag.py:545} INFO - Filling up the DagBag from /home/airflow/.local/lib/python3.12/site-packages/airflow/example_dags/example_local_kubernetes_executor.py
[2026-09-15T21:43:57.694+0000] {processor.py:840} INFO - DAG(s) 'example_local_kubernetes_executor' retrieved from /home/airflow/.local/lib/python3.12/site-packages/airflow/example_dags/example_local_kubernetes_executor.py
[2026-09-15T21:43:57.721+0000] {logging_mixin.py:188} INFO - [2026-09-15T21:43:57.720+0000] {dag.py:3089} INFO - Sync 1 DAGs
[2026-09-15T21:43:57.731+0000] {logging_mixin.py:188} INFO - [2026-09-15T21:43:57.731+0000] {dag.py:3947} INFO - Setting next_dagrun for example_local_kubernetes_executor to None, run_after=None
[2026-09-15T21:43:57.746+0000] {processor.py:183} INFO - Processing /home/airflow/.local/lib/python3.12/site-packages/airflow/example_dags/example_local_kubernetes_executor.py took 0.064 seconds
[2026-09-15T21:44:27.852+0000] {processor.py:161} INFO - Started process (PID=11901) to work on /home/airflow/.local/lib/python3.12/site-packages/airflow/example_dags/example_local_kubernetes_executor.py
[2026-09-15T21:44:27.854+0000] {processor.py:830} INFO - Processing file /home/airflow/.local/lib/python3.12/site-packages/airflow/example_dags/example_local_kubernetes_executor.py for tasks to queue
[2026-09-15T21:44:27.857+0000] {logging_mixin.py:188} INFO - [2026-09-15T21:44:27.856+0000] {dagbag.py:545} INFO - Filling up the DagBag from /home/airflow/.local/lib/python3.12/site-packages/airflow/example_dags/example_local_kubernetes_executor.py
[2026-09-15T21:44:27.865+0000] {processor.py:840} INFO - DAG(s) 'example_local_kubernetes_executor' retrieved from /home/airflow/.local/lib/python3.12/site-packages/airflow/example_dags/example_local_kubernetes_executor.py
[2026-09-15T21:44:27.900+0000] {logging_mixin.py:188} INFO - [2026-09-15T21:44:27.899+0000] {dag.py:3089} INFO - Sync 1 DAGs
[2026-09-15T21:44:27.912+0000] {logging_mixin.py:188} INFO - [2026-09-15T21:44:27.912+0000] {dag.py:3947} INFO - Setting next_dagrun for example_local_kubernetes_executor to None, run_after=None
[2026-09-15T21:44:27.934+0000] {processor.py:183} INFO - Processing /home/airflow/.local/lib/python3.12/site-packages/airflow/example_dags/example_local_kubernetes_executor.py took 0.088 seconds
[2026-09-15T21:44:58.057+0000] {processor.py:161} INFO - Started process (PID=12227) to work on /home/airflow/.local/lib/python3.12/site-packages/airflow/example_dags/example_local_kubernetes_executor.py
[2026-09-15T21:44:58.059+0000] {processor.py:830} INFO - Processing file /home/airflow/.local/lib/python3.12/site-packages/airflow/example_dags/example_local_kubernetes_executor.py for tasks to queue
[2026-09-15T21:44:58.062+0000] {logging_mixin.py:188} INFO - [2026-09-15T21:44:58.062+0000] {dagbag.py:545} INFO - Filling up the DagBag from /home/airflow/.local/lib/python3.12/site-packages/airflow/example_dags/example_local_kubernetes_executor.py
[2026-09-15T21:44:58.071+0000] {processor.py:840} INFO - DAG(s) 'example_local_kubernetes_executor' retrieved from /home/airflow/.local/lib/python3.12/site-packages/airflow/example_dags/example_local_kubernetes_executor.py
[2026-09-15T21:44:58.113+0000] {logging_mixin.py:188} INFO - [2026-09-15T21:44:58.112+0000] {dag.py:3089} INFO - Sync 1 DAGs
[2026-09-15T21:44:58.130+0000] {logging_mixin.py:188} INFO - [2026-09-15T21:44:58.130+0000] {dag.py:3947} INFO - Setting next_dagrun for example_local_kubernetes_executor to None, run_after=None
[2026-09-15T21:44:58.158+0000] {processor.py:183} INFO - Processing /home/airflow/.local/lib/python3.12/site-packages/airflow/example_dags/example_local_kubernetes_executor.py took 0.109 seconds
