[2026-09-15T21:00:59.088+0000] {processor.py:161} INFO - Started process (PID=68) to work on /home/airflow/.local/lib/python3.12/site-packages/airflow/example_dags/example_time_delta_sensor_async.py
[2026-09-15T21:00:59.090+0000] {processor.py:830} INFO - Processing file /home/airflow/.local/lib/python3.12/site-packages/airflow/example_dags/example_time_delta_sensor_async.py for tasks to queue
[2026-09-15T21:00:59.092+0000] {logging_mixin.py:188} INFO - [2026-09-15T21:00:59.092+0000] {dagbag.py:545} INFO - Filling up the DagBag from /home/airflow/.local/lib/python3.12/site-packages/airflow/example_dags/example_time_delta_sensor_async.py
[2026-09-15T21:00:59.098+0000] {processor.py:840} INFO - DAG(s) 'example_time_delta_sensor_async' retrieved from /home/airflow/.local/lib/python3.12/site-packages/airflow/example_dags/example_time_delta_sensor_async.py
[2026-09-15T21:00:59.114+0000] {logging_mixin.py:188} INFO - [2026-09-15T21:00:59.113+0000] {dag.py:3089} INFO - Sync 1 DAGs
[2026-09-15T21:00:59.127+0000] {logging_mixin.py:188} INFO - [2026-09-15T21:00:59.127+0000] {dag.py:3947} INFO - Setting next_dagrun for example_time_delta_sensor_async to None, run_after=None
[2026-09-15T21:00:59.152+0000] {processor.py:183} INFO - Processing /home/airflow/.local/lib/python3.12/site-packages/airflow/example_dags/example_time_delta_sensor_async.py took 0.070 seconds
[2026-09-15T21:01:30.432+0000] {processor.py:161} INFO - Started process (PID=126) to work on /home/airflow/.local/lib/python3.12/site-packages/airflow/example_dags/example_time_delta_sensor_async.py
[2026-09-15T21:01:30.434+0000] {processor.py:830} INFO - Processing file /home/airflow/.local/lib/python3.12/site-packages/airflow/example_dags/example_time_delta_sensor_async.py for tasks to queue
[2026-09-15T21:01:30.436+0000] {logging_mixin.py:188} INFO - [2026-09-15T21:01:30.436+0000] {dagbag.py:545} INFO - Filling up the DagBag from /home/airflow/.local/lib/python3.12/site-packages/airflow/example_dags/example_time_delta_sensor_async.py
[2026-09-15T21:01:30.441+0000] {processor.py:840} INFO - DAG(s) 'example_time_delta_sensor_async' retrieved from /home/airflow/.local/lib/python3.12/site-packages/airflow/example_dags/example_time_delta_sensor_async.py
[2026-09-15T21:01:30.526+0000] {logging_mixin.py:188} INFO - [2026-09-15T21:01:30.526+0000] {dag.py:3089} INFO - Sync 1 DAGs
[2026-09-15T21:01:30.536+0000] {logging_mixin.py:188} INFO - [2026-09-15T21:01:30.535+0000] {dag.py:3947} INFO - Setting next_dagrun for example_time_delta_sensor_async to None, run_after=None
[2026-09-15T21:01:30.554+0000] {processor.py:183} INFO - Processing /home/airflow/.local/lib/python3.12/site-packages/airflow/example_dags/example_time_delta_sensor_async.py took 0.126 seconds
[2026-09-15T21:02:00.650+0000] {processor.py:161} INFO - Started process (PID=184) to work on /home/airflow/.local/lib/python3.12/site-packages/airflow/example_dags/example_time_delta_sensor_async.py
[2026-09-15T21:02:00.651+0000] {processor.py:830} INFO - Processing file /home/airflow/.local/lib/python3.12/site-packages/airflow/example_dags/example_time_delta_sensor_async.py for tasks to queue
[2026-09-15T21:02:00.653+0000] {logging_mixin.py:188} INFO - [2026-09-15T21:02:00.653+0000] {dagbag.py:545} INFO - Filling up the DagBag from /home/airflow/.local/lib/python3.12/site-packages/airflow/example_dags/example_time_delta_sensor_async.py
[2026-09-15T21:02:00.656+0000] {processor.py:840} INFO - DAG(s) 'example_time_delta_sensor_async' retrieved from /home/airflow/.local/lib/python3.12/site-packages/airflow/example_dags/example_time_delta_sensor_async.py
[2026-09-15T21:02:00.676+0000] {logging_mixin.py:188} INFO - [2026-09-15T21:02:00.675+0000] {dag.py:3089} INFO - Sync 1 DAGs
[2026-09-15T21:02:00.687+0000] {logging_mixin.py:188} INFO - [2026-09-15T21:02:00.687+0000] {dag.py:3947} INFO - Setting next_dagrun for example_time_delta_sensor_async to None, run_after=None
[2026-09-15T21:02:00.703+0000] {processor.py:183} INFO - Processing /home/airflow/.local/lib/python3.12/site-packages/airflow/example_dags/example_time_delta_sensor_async.py took 0.058 seconds
[2026-09-15T21:02:31.267+0000] {processor.py:161} INFO - Started process (PID=249) to work on /home/airflow/.local/lib/python3.12/site-packages/airflow/example_dags/example_time_delta_sensor_async.py
[2026-09-15T21:02:31.268+0000] {processor.py:830} INFO - Processing file /home/airflow/.local/lib/python3.12/site-packages/airflow/example_dags/example_time_delta_sensor_async.py for tasks to queue
[2026-09-15T21:02:31.272+0000] {logging_mixin.py:188} INFO - [2026-09-15T21:02:31.271+0000] {dagbag.py:545} INFO - Filling up the DagBag from /home/airflow/.local/lib/python3.12/site-packages/airflow/example_dags/example_time_delta_sensor_async.py
[2026-09-15T21:02:31.276+0000] {processor.py:840} INFO - DAG(s) 'example_time_delta_sensor_async' retrieved from /home/airflow/.local/lib/python3.12/site-packages/airflow/example_dags/example_time_delta_sensor_async.py
[2026-09-15T21:02:31.294+0000] {logging_mixin.py:188} INFO - [2026-09-15T21:02:31.294+0000] {dag.py:3089} INFO - Sync 1 DAGs
[2026-09-15T21:02:31.304+0000] {logging_mixin.py:188} INFO - [2026-09-15T21:02:31.304+0000] {dag.py:3947} INFO - Setting next_dagrun for example_time_delta_sensor_async to None, run_after=None
[2026-09-15T21:02:31.321+0000] {processor.py:183} INFO - Processing /home/airflow/.local/lib/python3.12/site-packages/airflow/example_dags/example_time_delta_sensor_async.py took 0.060 seconds
[2026-09-15T21:03:01.538+0000] {processor.py:161} INFO - Started process (PID=307) to work on /home/airflow/.local/lib/python3.12/site-packages/airflow/example_dags/example_time_delta_sensor_async.py
[2026-09-15T21:03:01.539+0000] {processor.py:830} INFO - Processing file /home/airflow/.local/lib/python3.12/site-packages/airflow/example_dags/example_time_delta_sensor_async.py for tasks to queue
[2026-09-15T21:03:01.541+0000] {logging_mixin.py:188} INFO - [2026-09-15T21:03:01.541+0000] {dagbag.py:545} INFO - Filling up the DagBag from /home/airflow/.local/lib/python3.12/site-packages/airflow/example_dags/example_time_delta_sensor_async.py
[2026-09-15T21:03:01.546+0000] {processor.py:840} INFO - DAG(s) 'example_time_delta_sensor_async' retrieved from /home/airflow/.local/lib/python3.12/site-packages/airflow/example_dags/example_time_delta_sensor_async.py
[2026-09-15T21:03:01.564+0000] {logging_mixin.py:188} INFO - [2026-09-15T21:03:01.564+0000] {dag.py:3089} INFO - Sync 1 DAGs
[2026-09-15T21:03:01.574+0000] {logging_mixin.py:188} INFO - [2026-09-15T21:03:01.574+0000] {dag.py:3947} INFO - Setting next_dagrun for example_time_delta_sensor_async to None, run_after=None
[2026-09-15T21:03:01.589+0000] {processor.py:183} INFO - Processing /home/airflow/.local/lib/python3.12/site-packages/airflow/example_dags/example_time_delta_sensor_async.py took 0.055 seconds
[2026-09-15T21:03:31.732+0000] {processor.py:161} INFO - Started process (PID=365) to work on /home/airflow/.local/lib/python3.12/site-packages/airflow/example_dags/example_time_delta_sensor_async.py
[2026-09-15T21:03:31.733+0000] {processor.py:830} INFO - Processing file /home/airflow/.local/lib/python3.12/site-packages/airflow/example_dags/example_time_delta_sensor_async.py for tasks to queue
[2026-09-15T21:03:31.735+0000] {logging_mixin.py:188} INFO - [2026-09-15T21:03:31.735+0000] {dagbag.py:545} INFO - Filling up the DagBag from /home/airflow/.local/lib/python3.12/site-packages/airflow/example_dags/example_time_delta_sensor_async.py
[2026-09-15T21:03:31.739+0000] {processor.py:840} INFO - DAG(s) 'example_time_delta_sensor_async' retrieved from /home/airflow/.local/lib/python3.12/site-packages/airflow/example_dags/example_time_delta_sensor_async.py
[2026-09-15T21:03:31.755+0000] {logging_mixin.py:188} INFO - [2026-09-15T21:03:31.755+0000] {dag.py:3089} INFO - Sync 1 DAGs
[2026-09-15T21:03:31.764+0000] {logging_mixin.py:188} INFO - [2026-09-15T21:03:31.763+0000] {dag.py:3947} INFO - Setting next_dagrun for example_time_delta_sensor_async to None, run_after=None
[2026-09-15T21:03:31.778+0000] {processor.py:183} INFO - Processing /home/airflow/.local/lib/python3.12/site-packages/airflow/example_dags/example_time_delta_sensor_async.py took 0.050 seconds
[2026-09-15T21:04:01.986+0000] {processor.py:161} INFO - Started process (PID=423) to work on /home/airflow/.local/lib/python3.12/site-packages/airflow/example_dags/example_time_delta_sensor_async.py
[2026-09-15T21:04:01.987+0000] {processor.py:830} INFO - Processing file /home/airflow/.local/lib/python3.12/site-packages/airflow/example_dags/example_time_delta_sensor_async.py for tasks to queue
[2026-09-15T21:04:01.989+0000] {logging_mixin.py:188} INFO - [2026-09-15T21:04:01.989+0000] {dagbag.py:545} INFO - Filling up the DagBag from /home/airflow/.local/lib/python3.12/site-packages/airflow/example_dags/example_time_delta_sensor_async.py
[2026-09-15T21:04:01.993+0000] {processor.py:840} INFO - DAG(s) 'example_time_delta_sensor_async' retrieved from /home/airflow/.local/lib/python3.12/site-packages/airflow/example_dags/example_time_delta_sensor_async.py
[2026-09-15T21:04:02.009+0000] {logging_mixin.py:188} INFO - [2026-09-15T21:04:02.008+0000] {dag.py:3089} INFO - Sync 1 DAGs
[2026-09-15T21:04:02.018+0000] {logging_mixin.py:188} INFO - [2026-09-15T21:04:02.018+0000] {dag.py:3947} INFO - Setting next_dagrun for example_time_delta_sensor_async to None, run_after=None
[2026-09-15T21:04:02.033+0000] {processor.py:183} INFO - Processing /home/airflow/.local/lib/python3.12/site-packages/airflow/example_dags/example_time_delta_sensor_async.py took 0.051 seconds
[2026-09-15T21:04:32.181+0000] {processor.py:161} INFO - Started process (PID=481) to work on /home/airflow/.local/lib/python3.12/site-packages/airflow/example_dags/example_time_delta_sensor_async.py
[2026-09-15T21:04:32.183+0000] {processor.py:830} INFO - Processing file /home/airflow/.local/lib/python3.12/site-packages/airflow/example_dags/example_time_delta_sensor_async.py for tasks to queue
[2026-09-15T21:04:32.184+0000] {logging_mixin.py:188} INFO - [2026-09-15T21:04:32.184+0000] {dagbag.py:545} INFO - Filling up the DagBag from /home/airflow/.local/lib/python3.12/site-packages/airflow/example_dags/example_time_delta_sensor_async.py
[2026-09-15T21:04:32.189+0000] {processor.py:840} INFO - DAG(s) 'example_time_delta_sensor_async' retrieved from /home/airflow/.local/lib/python3.12/site-packages/airflow/example_dags/example_time_delta_sensor_async.py
[2026-09-15T21:04:32.206+0000] {logging_mixin.py:188} INFO - [2026-09-15T21:04:32.206+0000] {dag.py:3089} INFO - Sync 1 DAGs
[2026-09-15T21:04:32.217+0000] {logging_mixin.py:188} INFO - [2026-09-15T21:04:32.216+0000] {dag.py:3947} INFO - Setting next_dagrun for example_time_delta_sensor_async to None, run_after=None
[2026-09-15T21:04:32.231+0000] {processor.py:183} INFO - Processing /home/airflow/.local/lib/python3.12/site-packages/airflow/example_dags/example_time_delta_sensor_async.py took 0.054 seconds
[2026-09-15T21:05:02.331+0000] {processor.py:161} INFO - Started process (PID=539) to work on /home/airflow/.local/lib/python3.12/site-packages/airflow/example_dags/example_time_delta_sensor_async.py
[2026-09-15T21:05:02.333+0000] {processor.py:830} INFO - Processing file /home/airflow/.local/lib/python3.12/site-packages/airflow/example_dags/example_time_delta_sensor_async.py for tasks to queue
[2026-09-15T21:05:02.335+0000] {logging_mixin.py:188} INFO - [2026-09-15T21:05:02.335+0000] {dagbag.py:545} INFO - Filling up the DagBag from /home/airflow/.local/lib/python3.12/site-packages/airflow/example_dags/example_time_delta_sensor_async.py
[2026-09-15T21:05:02.339+0000] {processor.py:840} INFO - DAG(s) 'example_time_delta_sensor_async' retrieved from /home/airflow/.local/lib/python3.12/site-packages/airflow/example_dags/example_time_delta_sensor_async.py
[2026-09-15T21:05:02.355+0000] {logging_mixin.py:188} INFO - [2026-09-15T21:05:02.355+0000] {dag.py:3089} INFO - Sync 1 DAGs
[2026-09-15T21:05:02.365+0000] {logging_mixin.py:188} INFO - [2026-09-15T21:05:02.364+0000] {dag.py:3947} INFO - Setting next_dagrun for example_time_delta_sensor_async to None, run_after=None
[2026-09-15T21:05:02.380+0000] {processor.py:183} INFO - Processing /home/airflow/.local/lib/python3.12/site-packages/airflow/example_dags/example_time_delta_sensor_async.py took 0.053 seconds
[2026-09-15T21:05:33.379+0000] {processor.py:161} INFO - Started process (PID=597) to work on /home/airflow/.local/lib/python3.12/site-packages/airflow/example_dags/example_time_delta_sensor_async.py
[2026-09-15T21:05:33.381+0000] {processor.py:830} INFO - Processing file /home/airflow/.local/lib/python3.12/site-packages/airflow/example_dags/example_time_delta_sensor_async.py for tasks to queue
[2026-09-15T21:05:33.383+0000] {logging_mixin.py:188} INFO - [2026-09-15T21:05:33.383+0000] {dagbag.py:545} INFO - Filling up the DagBag from /home/airflow/.local/lib/python3.12/site-packages/airflow/example_dags/example_time_delta_sensor_async.py
[2026-09-15T21:05:33.386+0000] {processor.py:840} INFO - DAG(s) 'example_time_delta_sensor_async' retrieved from /home/airflow/.local/lib/python3.12/site-packages/airflow/example_dags/example_time_delta_sensor_async.py
[2026-09-15T21:05:33.403+0000] {logging_mixin.py:188} INFO - [2026-09-15T21:05:33.403+0000] {dag.py:3089} INFO - Sync 1 DAGs
[2026-09-15T21:05:33.411+0000] {logging_mixin.py:188} INFO - [2026-09-15T21:05:33.411+0000] {dag.py:3947} INFO - Setting next_dagrun for example_time_delta_sensor_async to None, run_after=None
[2026-09-15T21:05:33.426+0000] {processor.py:183} INFO - Processing /home/airflow/.local/lib/python3.12/site-packages/airflow/example_dags/example_time_delta_sensor_async.py took 0.051 seconds
[2026-09-15T21:06:03.733+0000] {processor.py:161} INFO - Started process (PID=655) to work on /home/airflow/.local/lib/python3.12/site-packages/airflow/example_dags/example_time_delta_sensor_async.py
[2026-09-15T21:06:03.734+0000] {processor.py:830} INFO - Processing file /home/airflow/.local/lib/python3.12/site-packages/airflow/example_dags/example_time_delta_sensor_async.py for tasks to queue
[2026-09-15T21:06:03.736+0000] {logging_mixin.py:188} INFO - [2026-09-15T21:06:03.736+0000] {dagbag.py:545} INFO - Filling up the DagBag from /home/airflow/.local/lib/python3.12/site-packages/airflow/example_dags/example_time_delta_sensor_async.py
[2026-09-15T21:06:03.740+0000] {processor.py:840} INFO - DAG(s) 'example_time_delta_sensor_async' retrieved from /home/airflow/.local/lib/python3.12/site-packages/airflow/example_dags/example_time_delta_sensor_async.py
[2026-09-15T21:06:03.757+0000] {logging_mixin.py:188} INFO - [2026-09-15T21:06:03.756+0000] {dag.py:3089} INFO - Sync 1 DAGs
[2026-09-15T21:06:03.765+0000] {logging_mixin.py:188} INFO - [2026-09-15T21:06:03.765+0000] {dag.py:3947} INFO - Setting next_dagrun for example_time_delta_sensor_async to None, run_after=None
[2026-09-15T21:06:03.780+0000] {processor.py:183} INFO - Processing /home/airflow/.local/lib/python3.12/site-packages/airflow/example_dags/example_time_delta_sensor_async.py took 0.052 seconds
[2026-09-15T21:06:33.869+0000] {processor.py:161} INFO - Started process (PID=716) to work on /home/airflow/.local/lib/python3.12/site-packages/airflow/example_dags/example_time_delta_sensor_async.py
[2026-09-15T21:06:33.870+0000] {processor.py:830} INFO - Processing file /home/airflow/.local/lib/python3.12/site-packages/airflow/example_dags/example_time_delta_sensor_async.py for tasks to queue
[2026-09-15T21:06:33.872+0000] {logging_mixin.py:188} INFO - [2026-09-15T21:06:33.871+0000] {dagbag.py:545} INFO - Filling up the DagBag from /home/airflow/.local/lib/python3.12/site-packages/airflow/example_dags/example_time_delta_sensor_async.py
[2026-09-15T21:06:33.875+0000] {processor.py:840} INFO - DAG(s) 'example_time_delta_sensor_async' retrieved from /home/airflow/.local/lib/python3.12/site-packages/airflow/example_dags/example_time_delta_sensor_async.py
[2026-09-15T21:06:33.893+0000] {logging_mixin.py:188} INFO - [2026-09-15T21:06:33.892+0000] {dag.py:3089} INFO - Sync 1 DAGs
[2026-09-15T21:06:33.902+0000] {logging_mixin.py:188} INFO - [2026-09-15T21:06:33.901+0000] {dag.py:3947} INFO - Setting next_dagrun for example_time_delta_sensor_async to None, run_after=None
[2026-09-15T21:06:33.918+0000] {processor.py:183} INFO - Processing /home/airflow/.local/lib/python3.12/site-packages/airflow/example_dags/example_time_delta_sensor_async.py took 0.053 seconds
[2026-09-15T21:07:04.305+0000] {processor.py:161} INFO - Started process (PID=774) to work on /home/airflow/.local/lib/python3.12/site-packages/airflow/example_dags/example_time_delta_sensor_async.py
[2026-09-15T21:07:04.307+0000] {processor.py:830} INFO - Processing file /home/airflow/.local/lib/python3.12/site-packages/airflow/example_dags/example_time_delta_sensor_async.py for tasks to queue
[2026-09-15T21:07:04.309+0000] {logging_mixin.py:188} INFO - [2026-09-15T21:07:04.309+0000] {dagbag.py:545} INFO - Filling up the DagBag from /home/airflow/.local/lib/python3.12/site-packages/airflow/example_dags/example_time_delta_sensor_async.py
[2026-09-15T21:07:04.313+0000] {processor.py:840} INFO - DAG(s) 'example_time_delta_sensor_async' retrieved from /home/airflow/.local/lib/python3.12/site-packages/airflow/example_dags/example_time_delta_sensor_async.py
[2026-09-15T21:07:04.331+0000] {logging_mixin.py:188} INFO - [2026-09-15T21:07:04.331+0000] {dag.py:3089} INFO - Sync 1 DAGs
[2026-09-15T21:07:04.342+0000] {logging_mixin.py:188} INFO - [2026-09-15T21:07:04.342+0000] {dag.py:3947} INFO - Setting next_dagrun for example_time_delta_sensor_async to None, run_after=None
[2026-09-15T21:07:04.359+0000] {processor.py:183} INFO - Processing /home/airflow/.local/lib/python3.12/site-packages/airflow/example_dags/example_time_delta_sensor_async.py took 0.059 seconds
[2026-09-15T21:07:34.802+0000] {processor.py:161} INFO - Started process (PID=832) to work on /home/airflow/.local/lib/python3.12/site-packages/airflow/example_dags/example_time_delta_sensor_async.py
[2026-09-15T21:07:34.804+0000] {processor.py:830} INFO - Processing file /home/airflow/.local/lib/python3.12/site-packages/airflow/example_dags/example_time_delta_sensor_async.py for tasks to queue
[2026-09-15T21:07:34.805+0000] {logging_mixin.py:188} INFO - [2026-09-15T21:07:34.805+0000] {dagbag.py:545} INFO - Filling up the DagBag from /home/airflow/.local/lib/python3.12/site-packages/airflow/example_dags/example_time_delta_sensor_async.py
[2026-09-15T21:07:34.809+0000] {processor.py:840} INFO - DAG(s) 'example_time_delta_sensor_async' retrieved from /home/airflow/.local/lib/python3.12/site-packages/airflow/example_dags/example_time_delta_sensor_async.py
[2026-09-15T21:07:34.826+0000] {logging_mixin.py:188} INFO - [2026-09-15T21:07:34.825+0000] {dag.py:3089} INFO - Sync 1 DAGs
[2026-09-15T21:07:34.836+0000] {logging_mixin.py:188} INFO - [2026-09-15T21:07:34.836+0000] {dag.py:3947} INFO - Setting next_dagrun for example_time_delta_sensor_async to None, run_after=None
[2026-09-15T21:07:34.851+0000] {processor.py:183} INFO - Processing /home/airflow/.local/lib/python3.12/site-packages/airflow/example_dags/example_time_delta_sensor_async.py took 0.052 seconds
[2026-09-15T21:08:05.508+0000] {processor.py:161} INFO - Started process (PID=890) to work on /home/airflow/.local/lib/python3.12/site-packages/airflow/example_dags/example_time_delta_sensor_async.py
[2026-09-15T21:08:05.509+0000] {processor.py:830} INFO - Processing file /home/airflow/.local/lib/python3.12/site-packages/airflow/example_dags/example_time_delta_sensor_async.py for tasks to queue
[2026-09-15T21:08:05.511+0000] {logging_mixin.py:188} INFO - [2026-09-15T21:08:05.511+0000] {dagbag.py:545} INFO - Filling up the DagBag from /home/airflow/.local/lib/python3.12/site-packages/airflow/example_dags/example_time_delta_sensor_async.py
[2026-09-15T21:08:05.515+0000] {processor.py:840} INFO - DAG(s) 'example_time_delta_sensor_async' retrieved from /home/airflow/.local/lib/python3.12/site-packages/airflow/example_dags/example_time_delta_sensor_async.py
[2026-09-15T21:08:05.531+0000] {logging_mixin.py:188} INFO - [2026-09-15T21:08:05.531+0000] {dag.py:3089} INFO - Sync 1 DAGs
[2026-09-15T21:08:05.539+0000] {logging_mixin.py:188} INFO - [2026-09-15T21:08:05.539+0000] {dag.py:3947} INFO - Setting next_dagrun for example_time_delta_sensor_async to None, run_after=None
[2026-09-15T21:08:05.555+0000] {processor.py:183} INFO - Processing /home/airflow/.local/lib/python3.12/site-packages/airflow/example_dags/example_time_delta_sensor_async.py took 0.051 seconds
[2026-09-15T21:08:35.816+0000] {processor.py:161} INFO - Started process (PID=947) to work on /home/airflow/.local/lib/python3.12/site-packages/airflow/example_dags/example_time_delta_sensor_async.py
[2026-09-15T21:08:35.818+0000] {processor.py:830} INFO - Processing file /home/airflow/.local/lib/python3.12/site-packages/airflow/example_dags/example_time_delta_sensor_async.py for tasks to queue
[2026-09-15T21:08:35.819+0000] {logging_mixin.py:188} INFO - [2026-09-15T21:08:35.819+0000] {dagbag.py:545} INFO - Filling up the DagBag from /home/airflow/.local/lib/python3.12/site-packages/airflow/example_dags/example_time_delta_sensor_async.py
[2026-09-15T21:08:35.823+0000] {processor.py:840} INFO - DAG(s) 'example_time_delta_sensor_async' retrieved from /home/airflow/.local/lib/python3.12/site-packages/airflow/example_dags/example_time_delta_sensor_async.py
[2026-09-15T21:08:35.842+0000] {logging_mixin.py:188} INFO - [2026-09-15T21:08:35.841+0000] {dag.py:3089} INFO - Sync 1 DAGs
[2026-09-15T21:08:35.852+0000] {logging_mixin.py:188} INFO - [2026-09-15T21:08:35.851+0000] {dag.py:3947} INFO - Setting next_dagrun for example_time_delta_sensor_async to None, run_after=None
[2026-09-15T21:08:35.868+0000] {processor.py:183} INFO - Processing /home/airflow/.local/lib/python3.12/site-packages/airflow/example_dags/example_time_delta_sensor_async.py took 0.056 seconds
[2026-09-15T21:09:05.954+0000] {processor.py:161} INFO - Started process (PID=1005) to work on /home/airflow/.local/lib/python3.12/site-packages/airflow/example_dags/example_time_delta_sensor_async.py
[2026-09-15T21:09:05.956+0000] {processor.py:830} INFO - Processing file /home/airflow/.local/lib/python3.12/site-packages/airflow/example_dags/example_time_delta_sensor_async.py for tasks to queue
[2026-09-15T21:09:05.958+0000] {logging_mixin.py:188} INFO - [2026-09-15T21:09:05.957+0000] {dagbag.py:545} INFO - Filling up the DagBag from /home/airflow/.local/lib/python3.12/site-packages/airflow/example_dags/example_time_delta_sensor_async.py
[2026-09-15T21:09:05.961+0000] {processor.py:840} INFO - DAG(s) 'example_time_delta_sensor_async' retrieved from /home/airflow/.local/lib/python3.12/site-packages/airflow/example_dags/example_time_delta_sensor_async.py
[2026-09-15T21:09:05.978+0000] {logging_mixin.py:188} INFO - [2026-09-15T21:09:05.978+0000] {dag.py:3089} INFO - Sync 1 DAGs
[2026-09-15T21:09:05.987+0000] {logging_mixin.py:188} INFO - [2026-09-15T21:09:05.987+0000] {dag.py:3947} INFO - Setting next_dagrun for example_time_delta_sensor_async to None, run_after=None
[2026-09-15T21:09:06.001+0000] {processor.py:183} INFO - Processing /home/airflow/.local/lib/python3.12/site-packages/airflow/example_dags/example_time_delta_sensor_async.py took 0.050 seconds
[2026-09-15T21:09:36.103+0000] {processor.py:161} INFO - Started process (PID=1063) to work on /home/airflow/.local/lib/python3.12/site-packages/airflow/example_dags/example_time_delta_sensor_async.py
[2026-09-15T21:09:36.105+0000] {processor.py:830} INFO - Processing file /home/airflow/.local/lib/python3.12/site-packages/airflow/example_dags/example_time_delta_sensor_async.py for tasks to queue
[2026-09-15T21:09:36.107+0000] {logging_mixin.py:188} INFO - [2026-09-15T21:09:36.106+0000] {dagbag.py:545} INFO - Filling up the DagBag from /home/airflow/.local/lib/python3.12/site-packages/airflow/example_dags/example_time_delta_sensor_async.py
[2026-09-15T21:09:36.110+0000] {processor.py:840} INFO - DAG(s) 'example_time_delta_sensor_async' retrieved from /home/airflow/.local/lib/python3.12/site-packages/airflow/example_dags/example_time_delta_sensor_async.py
[2026-09-15T21:09:36.127+0000] {logging_mixin.py:188} INFO - [2026-09-15T21:09:36.127+0000] {dag.py:3089} INFO - Sync 1 DAGs
[2026-09-15T21:09:36.136+0000] {logging_mixin.py:188} INFO - [2026-09-15T21:09:36.136+0000] {dag.py:3947} INFO - Setting next_dagrun for example_time_delta_sensor_async to None, run_after=None
[2026-09-15T21:09:36.151+0000] {processor.py:183} INFO - Processing /home/airflow/.local/lib/python3.12/site-packages/airflow/example_dags/example_time_delta_sensor_async.py took 0.052 seconds
[2026-09-15T21:10:06.500+0000] {processor.py:161} INFO - Started process (PID=1121) to work on /home/airflow/.local/lib/python3.12/site-packages/airflow/example_dags/example_time_delta_sensor_async.py
[2026-09-15T21:10:06.502+0000] {processor.py:830} INFO - Processing file /home/airflow/.local/lib/python3.12/site-packages/airflow/example_dags/example_time_delta_sensor_async.py for tasks to queue
[2026-09-15T21:10:06.508+0000] {logging_mixin.py:188} INFO - [2026-09-15T21:10:06.507+0000] {dagbag.py:545} INFO - Filling up the DagBag from /home/airflow/.local/lib/python3.12/site-packages/airflow/example_dags/example_time_delta_sensor_async.py
[2026-09-15T21:10:06.517+0000] {processor.py:840} INFO - DAG(s) 'example_time_delta_sensor_async' retrieved from /home/airflow/.local/lib/python3.12/site-packages/airflow/example_dags/example_time_delta_sensor_async.py
[2026-09-15T21:10:06.547+0000] {logging_mixin.py:188} INFO - [2026-09-15T21:10:06.546+0000] {dag.py:3089} INFO - Sync 1 DAGs
[2026-09-15T21:10:06.567+0000] {logging_mixin.py:188} INFO - [2026-09-15T21:10:06.566+0000] {dag.py:3947} INFO - Setting next_dagrun for example_time_delta_sensor_async to None, run_after=None
[2026-09-15T21:10:06.593+0000] {processor.py:183} INFO - Processing /home/airflow/.local/lib/python3.12/site-packages/airflow/example_dags/example_time_delta_sensor_async.py took 0.100 seconds
[2026-09-15T21:10:36.814+0000] {processor.py:161} INFO - Started process (PID=1179) to work on /home/airflow/.local/lib/python3.12/site-packages/airflow/example_dags/example_time_delta_sensor_async.py
[2026-09-15T21:10:36.815+0000] {processor.py:830} INFO - Processing file /home/airflow/.local/lib/python3.12/site-packages/airflow/example_dags/example_time_delta_sensor_async.py for tasks to queue
[2026-09-15T21:10:36.817+0000] {logging_mixin.py:188} INFO - [2026-09-15T21:10:36.816+0000] {dagbag.py:545} INFO - Filling up the DagBag from /home/airflow/.local/lib/python3.12/site-packages/airflow/example_dags/example_time_delta_sensor_async.py
[2026-09-15T21:10:36.820+0000] {processor.py:840} INFO - DAG(s) 'example_time_delta_sensor_async' retrieved from /home/airflow/.local/lib/python3.12/site-packages/airflow/example_dags/example_time_delta_sensor_async.py
[2026-09-15T21:10:36.831+0000] {logging_mixin.py:188} INFO - [2026-09-15T21:10:36.831+0000] {dag.py:3089} INFO - Sync 1 DAGs
[2026-09-15T21:10:36.843+0000] {logging_mixin.py:188} INFO - [2026-09-15T21:10:36.843+0000] {dag.py:3947} INFO - Setting next_dagrun for example_time_delta_sensor_async to None, run_after=None
[2026-09-15T21:10:36.860+0000] {processor.py:183} INFO - Processing /home/airflow/.local/lib/python3.12/site-packages/airflow/example_dags/example_time_delta_sensor_async.py took 0.050 seconds
[2026-09-15T21:11:07.747+0000] {processor.py:161} INFO - Started process (PID=1237) to work on /home/airflow/.local/lib/python3.12/site-packages/airflow/example_dags/example_time_delta_sensor_async.py
[2026-09-15T21:11:07.749+0000] {processor.py:830} INFO - Processing file /home/airflow/.local/lib/python3.12/site-packages/airflow/example_dags/example_time_delta_sensor_async.py for tasks to queue
[2026-09-15T21:11:07.750+0000] {logging_mixin.py:188} INFO - [2026-09-15T21:11:07.750+0000] {dagbag.py:545} INFO - Filling up the DagBag from /home/airflow/.local/lib/python3.12/site-packages/airflow/example_dags/example_time_delta_sensor_async.py
[2026-09-15T21:11:07.755+0000] {processor.py:840} INFO - DAG(s) 'example_time_delta_sensor_async' retrieved from /home/airflow/.local/lib/python3.12/site-packages/airflow/example_dags/example_time_delta_sensor_async.py
[2026-09-15T21:11:07.825+0000] {logging_mixin.py:188} INFO - [2026-09-15T21:11:07.824+0000] {dag.py:3089} INFO - Sync 1 DAGs
[2026-09-15T21:11:07.835+0000] {logging_mixin.py:188} INFO - [2026-09-15T21:11:07.835+0000] {dag.py:3947} INFO - Setting next_dagrun for example_time_delta_sensor_async to None, run_after=None
[2026-09-15T21:11:07.858+0000] {processor.py:183} INFO - Processing /home/airflow/.local/lib/python3.12/site-packages/airflow/example_dags/example_time_delta_sensor_async.py took 0.115 seconds
[2026-09-15T21:11:37.908+0000] {processor.py:161} INFO - Started process (PID=1295) to work on /home/airflow/.local/lib/python3.12/site-packages/airflow/example_dags/example_time_delta_sensor_async.py
[2026-09-15T21:11:37.909+0000] {processor.py:830} INFO - Processing file /home/airflow/.local/lib/python3.12/site-packages/airflow/example_dags/example_time_delta_sensor_async.py for tasks to queue
[2026-09-15T21:11:37.911+0000] {logging_mixin.py:188} INFO - [2026-09-15T21:11:37.911+0000] {dagbag.py:545} INFO - Filling up the DagBag from /home/airflow/.local/lib/python3.12/site-packages/airflow/example_dags/example_time_delta_sensor_async.py
[2026-09-15T21:11:37.915+0000] {processor.py:840} INFO - DAG(s) 'example_time_delta_sensor_async' retrieved from /home/airflow/.local/lib/python3.12/site-packages/airflow/example_dags/example_time_delta_sensor_async.py
[2026-09-15T21:11:37.931+0000] {logging_mixin.py:188} INFO - [2026-09-15T21:11:37.930+0000] {dag.py:3089} INFO - Sync 1 DAGs
[2026-09-15T21:11:37.941+0000] {logging_mixin.py:188} INFO - [2026-09-15T21:11:37.941+0000] {dag.py:3947} INFO - Setting next_dagrun for example_time_delta_sensor_async to None, run_after=None
[2026-09-15T21:11:37.962+0000] {processor.py:183} INFO - Processing /home/airflow/.local/lib/python3.12/site-packages/airflow/example_dags/example_time_delta_sensor_async.py took 0.058 seconds
[2026-09-15T21:12:08.076+0000] {processor.py:161} INFO - Started process (PID=1353) to work on /home/airflow/.local/lib/python3.12/site-packages/airflow/example_dags/example_time_delta_sensor_async.py
[2026-09-15T21:12:08.077+0000] {processor.py:830} INFO - Processing file /home/airflow/.local/lib/python3.12/site-packages/airflow/example_dags/example_time_delta_sensor_async.py for tasks to queue
[2026-09-15T21:12:08.080+0000] {logging_mixin.py:188} INFO - [2026-09-15T21:12:08.080+0000] {dagbag.py:545} INFO - Filling up the DagBag from /home/airflow/.local/lib/python3.12/site-packages/airflow/example_dags/example_time_delta_sensor_async.py
[2026-09-15T21:12:08.085+0000] {processor.py:840} INFO - DAG(s) 'example_time_delta_sensor_async' retrieved from /home/airflow/.local/lib/python3.12/site-packages/airflow/example_dags/example_time_delta_sensor_async.py
[2026-09-15T21:12:08.104+0000] {logging_mixin.py:188} INFO - [2026-09-15T21:12:08.104+0000] {dag.py:3089} INFO - Sync 1 DAGs
[2026-09-15T21:12:08.115+0000] {logging_mixin.py:188} INFO - [2026-09-15T21:12:08.115+0000] {dag.py:3947} INFO - Setting next_dagrun for example_time_delta_sensor_async to None, run_after=None
[2026-09-15T21:12:08.133+0000] {processor.py:183} INFO - Processing /home/airflow/.local/lib/python3.12/site-packages/airflow/example_dags/example_time_delta_sensor_async.py took 0.061 seconds
[2026-09-15T21:12:38.595+0000] {processor.py:161} INFO - Started process (PID=1411) to work on /home/airflow/.local/lib/python3.12/site-packages/airflow/example_dags/example_time_delta_sensor_async.py
[2026-09-15T21:12:38.596+0000] {processor.py:830} INFO - Processing file /home/airflow/.local/lib/python3.12/site-packages/airflow/example_dags/example_time_delta_sensor_async.py for tasks to queue
[2026-09-15T21:12:38.598+0000] {logging_mixin.py:188} INFO - [2026-09-15T21:12:38.598+0000] {dagbag.py:545} INFO - Filling up the DagBag from /home/airflow/.local/lib/python3.12/site-packages/airflow/example_dags/example_time_delta_sensor_async.py
[2026-09-15T21:12:38.602+0000] {processor.py:840} INFO - DAG(s) 'example_time_delta_sensor_async' retrieved from /home/airflow/.local/lib/python3.12/site-packages/airflow/example_dags/example_time_delta_sensor_async.py
[2026-09-15T21:12:38.618+0000] {logging_mixin.py:188} INFO - [2026-09-15T21:12:38.618+0000] {dag.py:3089} INFO - Sync 1 DAGs
[2026-09-15T21:12:38.627+0000] {logging_mixin.py:188} INFO - [2026-09-15T21:12:38.627+0000] {dag.py:3947} INFO - Setting next_dagrun for example_time_delta_sensor_async to None, run_after=None
[2026-09-15T21:12:38.642+0000] {processor.py:183} INFO - Processing /home/airflow/.local/lib/python3.12/site-packages/airflow/example_dags/example_time_delta_sensor_async.py took 0.051 seconds
[2026-09-15T21:13:08.758+0000] {processor.py:161} INFO - Started process (PID=1469) to work on /home/airflow/.local/lib/python3.12/site-packages/airflow/example_dags/example_time_delta_sensor_async.py
[2026-09-15T21:13:08.759+0000] {processor.py:830} INFO - Processing file /home/airflow/.local/lib/python3.12/site-packages/airflow/example_dags/example_time_delta_sensor_async.py for tasks to queue
[2026-09-15T21:13:08.761+0000] {logging_mixin.py:188} INFO - [2026-09-15T21:13:08.761+0000] {dagbag.py:545} INFO - Filling up the DagBag from /home/airflow/.local/lib/python3.12/site-packages/airflow/example_dags/example_time_delta_sensor_async.py
[2026-09-15T21:13:08.765+0000] {processor.py:840} INFO - DAG(s) 'example_time_delta_sensor_async' retrieved from /home/airflow/.local/lib/python3.12/site-packages/airflow/example_dags/example_time_delta_sensor_async.py
[2026-09-15T21:13:08.786+0000] {logging_mixin.py:188} INFO - [2026-09-15T21:13:08.785+0000] {dag.py:3089} INFO - Sync 1 DAGs
[2026-09-15T21:13:08.795+0000] {logging_mixin.py:188} INFO - [2026-09-15T21:13:08.795+0000] {dag.py:3947} INFO - Setting next_dagrun for example_time_delta_sensor_async to None, run_after=None
[2026-09-15T21:13:08.812+0000] {processor.py:183} INFO - Processing /home/airflow/.local/lib/python3.12/site-packages/airflow/example_dags/example_time_delta_sensor_async.py took 0.058 seconds
[2026-09-15T21:13:39.293+0000] {processor.py:161} INFO - Started process (PID=1527) to work on /home/airflow/.local/lib/python3.12/site-packages/airflow/example_dags/example_time_delta_sensor_async.py
[2026-09-15T21:13:39.294+0000] {processor.py:830} INFO - Processing file /home/airflow/.local/lib/python3.12/site-packages/airflow/example_dags/example_time_delta_sensor_async.py for tasks to queue
[2026-09-15T21:13:39.296+0000] {logging_mixin.py:188} INFO - [2026-09-15T21:13:39.296+0000] {dagbag.py:545} INFO - Filling up the DagBag from /home/airflow/.local/lib/python3.12/site-packages/airflow/example_dags/example_time_delta_sensor_async.py
[2026-09-15T21:13:39.299+0000] {processor.py:840} INFO - DAG(s) 'example_time_delta_sensor_async' retrieved from /home/airflow/.local/lib/python3.12/site-packages/airflow/example_dags/example_time_delta_sensor_async.py
[2026-09-15T21:13:39.316+0000] {logging_mixin.py:188} INFO - [2026-09-15T21:13:39.315+0000] {dag.py:3089} INFO - Sync 1 DAGs
[2026-09-15T21:13:39.325+0000] {logging_mixin.py:188} INFO - [2026-09-15T21:13:39.324+0000] {dag.py:3947} INFO - Setting next_dagrun for example_time_delta_sensor_async to None, run_after=None
[2026-09-15T21:13:39.341+0000] {processor.py:183} INFO - Processing /home/airflow/.local/lib/python3.12/site-packages/airflow/example_dags/example_time_delta_sensor_async.py took 0.052 seconds
[2026-09-15T21:14:09.883+0000] {processor.py:161} INFO - Started process (PID=1585) to work on /home/airflow/.local/lib/python3.12/site-packages/airflow/example_dags/example_time_delta_sensor_async.py
[2026-09-15T21:14:09.884+0000] {processor.py:830} INFO - Processing file /home/airflow/.local/lib/python3.12/site-packages/airflow/example_dags/example_time_delta_sensor_async.py for tasks to queue
[2026-09-15T21:14:09.886+0000] {logging_mixin.py:188} INFO - [2026-09-15T21:14:09.886+0000] {dagbag.py:545} INFO - Filling up the DagBag from /home/airflow/.local/lib/python3.12/site-packages/airflow/example_dags/example_time_delta_sensor_async.py
[2026-09-15T21:14:09.890+0000] {processor.py:840} INFO - DAG(s) 'example_time_delta_sensor_async' retrieved from /home/airflow/.local/lib/python3.12/site-packages/airflow/example_dags/example_time_delta_sensor_async.py
[2026-09-15T21:14:09.906+0000] {logging_mixin.py:188} INFO - [2026-09-15T21:14:09.906+0000] {dag.py:3089} INFO - Sync 1 DAGs
[2026-09-15T21:14:09.916+0000] {logging_mixin.py:188} INFO - [2026-09-15T21:14:09.916+0000] {dag.py:3947} INFO - Setting next_dagrun for example_time_delta_sensor_async to None, run_after=None
[2026-09-15T21:14:09.931+0000] {processor.py:183} INFO - Processing /home/airflow/.local/lib/python3.12/site-packages/airflow/example_dags/example_time_delta_sensor_async.py took 0.052 seconds
[2026-09-15T21:14:40.129+0000] {processor.py:161} INFO - Started process (PID=1643) to work on /home/airflow/.local/lib/python3.12/site-packages/airflow/example_dags/example_time_delta_sensor_async.py
[2026-09-15T21:14:40.130+0000] {processor.py:830} INFO - Processing file /home/airflow/.local/lib/python3.12/site-packages/airflow/example_dags/example_time_delta_sensor_async.py for tasks to queue
[2026-09-15T21:14:40.132+0000] {logging_mixin.py:188} INFO - [2026-09-15T21:14:40.132+0000] {dagbag.py:545} INFO - Filling up the DagBag from /home/airflow/.local/lib/python3.12/site-packages/airflow/example_dags/example_time_delta_sensor_async.py
[2026-09-15T21:14:40.136+0000] {processor.py:840} INFO - DAG(s) 'example_time_delta_sensor_async' retrieved from /home/airflow/.local/lib/python3.12/site-packages/airflow/example_dags/example_time_delta_sensor_async.py
[2026-09-15T21:14:40.156+0000] {logging_mixin.py:188} INFO - [2026-09-15T21:14:40.156+0000] {dag.py:3089} INFO - Sync 1 DAGs
[2026-09-15T21:14:40.166+0000] {logging_mixin.py:188} INFO - [2026-09-15T21:14:40.166+0000] {dag.py:3947} INFO - Setting next_dagrun for example_time_delta_sensor_async to None, run_after=None
[2026-09-15T21:14:40.182+0000] {processor.py:183} INFO - Processing /home/airflow/.local/lib/python3.12/site-packages/airflow/example_dags/example_time_delta_sensor_async.py took 0.058 seconds
[2026-09-15T21:15:10.775+0000] {processor.py:161} INFO - Started process (PID=1701) to work on /home/airflow/.local/lib/python3.12/site-packages/airflow/example_dags/example_time_delta_sensor_async.py
[2026-09-15T21:15:10.776+0000] {processor.py:830} INFO - Processing file /home/airflow/.local/lib/python3.12/site-packages/airflow/example_dags/example_time_delta_sensor_async.py for tasks to queue
[2026-09-15T21:15:10.778+0000] {logging_mixin.py:188} INFO - [2026-09-15T21:15:10.778+0000] {dagbag.py:545} INFO - Filling up the DagBag from /home/airflow/.local/lib/python3.12/site-packages/airflow/example_dags/example_time_delta_sensor_async.py
[2026-09-15T21:15:10.782+0000] {processor.py:840} INFO - DAG(s) 'example_time_delta_sensor_async' retrieved from /home/airflow/.local/lib/python3.12/site-packages/airflow/example_dags/example_time_delta_sensor_async.py
[2026-09-15T21:15:10.801+0000] {logging_mixin.py:188} INFO - [2026-09-15T21:15:10.801+0000] {dag.py:3089} INFO - Sync 1 DAGs
[2026-09-15T21:15:10.812+0000] {logging_mixin.py:188} INFO - [2026-09-15T21:15:10.811+0000] {dag.py:3947} INFO - Setting next_dagrun for example_time_delta_sensor_async to None, run_after=None
[2026-09-15T21:15:10.826+0000] {processor.py:183} INFO - Processing /home/airflow/.local/lib/python3.12/site-packages/airflow/example_dags/example_time_delta_sensor_async.py took 0.055 seconds
[2026-09-15T21:15:41.134+0000] {processor.py:161} INFO - Started process (PID=1759) to work on /home/airflow/.local/lib/python3.12/site-packages/airflow/example_dags/example_time_delta_sensor_async.py
[2026-09-15T21:15:41.136+0000] {processor.py:830} INFO - Processing file /home/airflow/.local/lib/python3.12/site-packages/airflow/example_dags/example_time_delta_sensor_async.py for tasks to queue
[2026-09-15T21:15:41.138+0000] {logging_mixin.py:188} INFO - [2026-09-15T21:15:41.138+0000] {dagbag.py:545} INFO - Filling up the DagBag from /home/airflow/.local/lib/python3.12/site-packages/airflow/example_dags/example_time_delta_sensor_async.py
[2026-09-15T21:15:41.142+0000] {processor.py:840} INFO - DAG(s) 'example_time_delta_sensor_async' retrieved from /home/airflow/.local/lib/python3.12/site-packages/airflow/example_dags/example_time_delta_sensor_async.py
[2026-09-15T21:15:41.162+0000] {logging_mixin.py:188} INFO - [2026-09-15T21:15:41.162+0000] {dag.py:3089} INFO - Sync 1 DAGs
[2026-09-15T21:15:41.173+0000] {logging_mixin.py:188} INFO - [2026-09-15T21:15:41.173+0000] {dag.py:3947} INFO - Setting next_dagrun for example_time_delta_sensor_async to None, run_after=None
[2026-09-15T21:15:41.190+0000] {processor.py:183} INFO - Processing /home/airflow/.local/lib/python3.12/site-packages/airflow/example_dags/example_time_delta_sensor_async.py took 0.060 seconds
[2026-09-15T21:16:11.738+0000] {processor.py:161} INFO - Started process (PID=1817) to work on /home/airflow/.local/lib/python3.12/site-packages/airflow/example_dags/example_time_delta_sensor_async.py
[2026-09-15T21:16:11.739+0000] {processor.py:830} INFO - Processing file /home/airflow/.local/lib/python3.12/site-packages/airflow/example_dags/example_time_delta_sensor_async.py for tasks to queue
[2026-09-15T21:16:11.741+0000] {logging_mixin.py:188} INFO - [2026-09-15T21:16:11.741+0000] {dagbag.py:545} INFO - Filling up the DagBag from /home/airflow/.local/lib/python3.12/site-packages/airflow/example_dags/example_time_delta_sensor_async.py
[2026-09-15T21:16:11.744+0000] {processor.py:840} INFO - DAG(s) 'example_time_delta_sensor_async' retrieved from /home/airflow/.local/lib/python3.12/site-packages/airflow/example_dags/example_time_delta_sensor_async.py
[2026-09-15T21:16:11.761+0000] {logging_mixin.py:188} INFO - [2026-09-15T21:16:11.761+0000] {dag.py:3089} INFO - Sync 1 DAGs
[2026-09-15T21:16:11.771+0000] {logging_mixin.py:188} INFO - [2026-09-15T21:16:11.771+0000] {dag.py:3947} INFO - Setting next_dagrun for example_time_delta_sensor_async to None, run_after=None
[2026-09-15T21:16:11.785+0000] {processor.py:183} INFO - Processing /home/airflow/.local/lib/python3.12/site-packages/airflow/example_dags/example_time_delta_sensor_async.py took 0.052 seconds
[2026-09-15T21:17:35.060+0000] {processor.py:161} INFO - Started process (PID=70) to work on /home/airflow/.local/lib/python3.12/site-packages/airflow/example_dags/example_time_delta_sensor_async.py
[2026-09-15T21:17:35.062+0000] {processor.py:830} INFO - Processing file /home/airflow/.local/lib/python3.12/site-packages/airflow/example_dags/example_time_delta_sensor_async.py for tasks to queue
[2026-09-15T21:17:35.066+0000] {logging_mixin.py:188} INFO - [2026-09-15T21:17:35.065+0000] {dagbag.py:545} INFO - Filling up the DagBag from /home/airflow/.local/lib/python3.12/site-packages/airflow/example_dags/example_time_delta_sensor_async.py
[2026-09-15T21:17:35.074+0000] {processor.py:840} INFO - DAG(s) 'example_time_delta_sensor_async' retrieved from /home/airflow/.local/lib/python3.12/site-packages/airflow/example_dags/example_time_delta_sensor_async.py
[2026-09-15T21:17:35.093+0000] {logging_mixin.py:188} INFO - [2026-09-15T21:17:35.093+0000] {dag.py:3089} INFO - Sync 1 DAGs
[2026-09-15T21:17:35.112+0000] {logging_mixin.py:188} INFO - [2026-09-15T21:17:35.111+0000] {dag.py:3947} INFO - Setting next_dagrun for example_time_delta_sensor_async to None, run_after=None
[2026-09-15T21:17:35.148+0000] {processor.py:183} INFO - Processing /home/airflow/.local/lib/python3.12/site-packages/airflow/example_dags/example_time_delta_sensor_async.py took 0.095 seconds
[2026-09-15T21:18:05.889+0000] {processor.py:161} INFO - Started process (PID=129) to work on /home/airflow/.local/lib/python3.12/site-packages/airflow/example_dags/example_time_delta_sensor_async.py
[2026-09-15T21:18:05.890+0000] {processor.py:830} INFO - Processing file /home/airflow/.local/lib/python3.12/site-packages/airflow/example_dags/example_time_delta_sensor_async.py for tasks to queue
[2026-09-15T21:18:05.893+0000] {logging_mixin.py:188} INFO - [2026-09-15T21:18:05.893+0000] {dagbag.py:545} INFO - Filling up the DagBag from /home/airflow/.local/lib/python3.12/site-packages/airflow/example_dags/example_time_delta_sensor_async.py
[2026-09-15T21:18:05.898+0000] {processor.py:840} INFO - DAG(s) 'example_time_delta_sensor_async' retrieved from /home/airflow/.local/lib/python3.12/site-packages/airflow/example_dags/example_time_delta_sensor_async.py
[2026-09-15T21:18:05.987+0000] {logging_mixin.py:188} INFO - [2026-09-15T21:18:05.987+0000] {dag.py:3089} INFO - Sync 1 DAGs
[2026-09-15T21:18:05.995+0000] {logging_mixin.py:188} INFO - [2026-09-15T21:18:05.995+0000] {dag.py:3947} INFO - Setting next_dagrun for example_time_delta_sensor_async to None, run_after=None
[2026-09-15T21:18:06.015+0000] {processor.py:183} INFO - Processing /home/airflow/.local/lib/python3.12/site-packages/airflow/example_dags/example_time_delta_sensor_async.py took 0.131 seconds
[2026-09-15T21:18:36.363+0000] {processor.py:161} INFO - Started process (PID=187) to work on /home/airflow/.local/lib/python3.12/site-packages/airflow/example_dags/example_time_delta_sensor_async.py
[2026-09-15T21:18:36.365+0000] {processor.py:830} INFO - Processing file /home/airflow/.local/lib/python3.12/site-packages/airflow/example_dags/example_time_delta_sensor_async.py for tasks to queue
[2026-09-15T21:18:36.366+0000] {logging_mixin.py:188} INFO - [2026-09-15T21:18:36.366+0000] {dagbag.py:545} INFO - Filling up the DagBag from /home/airflow/.local/lib/python3.12/site-packages/airflow/example_dags/example_time_delta_sensor_async.py
[2026-09-15T21:18:36.370+0000] {processor.py:840} INFO - DAG(s) 'example_time_delta_sensor_async' retrieved from /home/airflow/.local/lib/python3.12/site-packages/airflow/example_dags/example_time_delta_sensor_async.py
[2026-09-15T21:18:36.387+0000] {logging_mixin.py:188} INFO - [2026-09-15T21:18:36.387+0000] {dag.py:3089} INFO - Sync 1 DAGs
[2026-09-15T21:18:36.396+0000] {logging_mixin.py:188} INFO - [2026-09-15T21:18:36.396+0000] {dag.py:3947} INFO - Setting next_dagrun for example_time_delta_sensor_async to None, run_after=None
[2026-09-15T21:18:36.412+0000] {processor.py:183} INFO - Processing /home/airflow/.local/lib/python3.12/site-packages/airflow/example_dags/example_time_delta_sensor_async.py took 0.053 seconds
[2026-09-15T21:19:07.087+0000] {processor.py:161} INFO - Started process (PID=245) to work on /home/airflow/.local/lib/python3.12/site-packages/airflow/example_dags/example_time_delta_sensor_async.py
[2026-09-15T21:19:07.089+0000] {processor.py:830} INFO - Processing file /home/airflow/.local/lib/python3.12/site-packages/airflow/example_dags/example_time_delta_sensor_async.py for tasks to queue
[2026-09-15T21:19:07.091+0000] {logging_mixin.py:188} INFO - [2026-09-15T21:19:07.090+0000] {dagbag.py:545} INFO - Filling up the DagBag from /home/airflow/.local/lib/python3.12/site-packages/airflow/example_dags/example_time_delta_sensor_async.py
[2026-09-15T21:19:07.095+0000] {processor.py:840} INFO - DAG(s) 'example_time_delta_sensor_async' retrieved from /home/airflow/.local/lib/python3.12/site-packages/airflow/example_dags/example_time_delta_sensor_async.py
[2026-09-15T21:19:07.112+0000] {logging_mixin.py:188} INFO - [2026-09-15T21:19:07.112+0000] {dag.py:3089} INFO - Sync 1 DAGs
[2026-09-15T21:19:07.121+0000] {logging_mixin.py:188} INFO - [2026-09-15T21:19:07.121+0000] {dag.py:3947} INFO - Setting next_dagrun for example_time_delta_sensor_async to None, run_after=None
[2026-09-15T21:19:07.137+0000] {processor.py:183} INFO - Processing /home/airflow/.local/lib/python3.12/site-packages/airflow/example_dags/example_time_delta_sensor_async.py took 0.053 seconds
[2026-09-15T21:19:37.724+0000] {processor.py:161} INFO - Started process (PID=303) to work on /home/airflow/.local/lib/python3.12/site-packages/airflow/example_dags/example_time_delta_sensor_async.py
[2026-09-15T21:19:37.725+0000] {processor.py:830} INFO - Processing file /home/airflow/.local/lib/python3.12/site-packages/airflow/example_dags/example_time_delta_sensor_async.py for tasks to queue
[2026-09-15T21:19:37.727+0000] {logging_mixin.py:188} INFO - [2026-09-15T21:19:37.727+0000] {dagbag.py:545} INFO - Filling up the DagBag from /home/airflow/.local/lib/python3.12/site-packages/airflow/example_dags/example_time_delta_sensor_async.py
[2026-09-15T21:19:37.731+0000] {processor.py:840} INFO - DAG(s) 'example_time_delta_sensor_async' retrieved from /home/airflow/.local/lib/python3.12/site-packages/airflow/example_dags/example_time_delta_sensor_async.py
[2026-09-15T21:19:37.747+0000] {logging_mixin.py:188} INFO - [2026-09-15T21:19:37.747+0000] {dag.py:3089} INFO - Sync 1 DAGs
[2026-09-15T21:19:37.756+0000] {logging_mixin.py:188} INFO - [2026-09-15T21:19:37.756+0000] {dag.py:3947} INFO - Setting next_dagrun for example_time_delta_sensor_async to None, run_after=None
[2026-09-15T21:19:37.771+0000] {processor.py:183} INFO - Processing /home/airflow/.local/lib/python3.12/site-packages/airflow/example_dags/example_time_delta_sensor_async.py took 0.052 seconds
[2026-09-15T21:20:08.039+0000] {processor.py:161} INFO - Started process (PID=361) to work on /home/airflow/.local/lib/python3.12/site-packages/airflow/example_dags/example_time_delta_sensor_async.py
[2026-09-15T21:20:08.040+0000] {processor.py:830} INFO - Processing file /home/airflow/.local/lib/python3.12/site-packages/airflow/example_dags/example_time_delta_sensor_async.py for tasks to queue
[2026-09-15T21:20:08.042+0000] {logging_mixin.py:188} INFO - [2026-09-15T21:20:08.042+0000] {dagbag.py:545} INFO - Filling up the DagBag from /home/airflow/.local/lib/python3.12/site-packages/airflow/example_dags/example_time_delta_sensor_async.py
[2026-09-15T21:20:08.046+0000] {processor.py:840} INFO - DAG(s) 'example_time_delta_sensor_async' retrieved from /home/airflow/.local/lib/python3.12/site-packages/airflow/example_dags/example_time_delta_sensor_async.py
[2026-09-15T21:20:08.063+0000] {logging_mixin.py:188} INFO - [2026-09-15T21:20:08.063+0000] {dag.py:3089} INFO - Sync 1 DAGs
[2026-09-15T21:20:08.073+0000] {logging_mixin.py:188} INFO - [2026-09-15T21:20:08.072+0000] {dag.py:3947} INFO - Setting next_dagrun for example_time_delta_sensor_async to None, run_after=None
[2026-09-15T21:20:08.087+0000] {processor.py:183} INFO - Processing /home/airflow/.local/lib/python3.12/site-packages/airflow/example_dags/example_time_delta_sensor_async.py took 0.052 seconds
[2026-09-15T21:20:38.175+0000] {processor.py:161} INFO - Started process (PID=419) to work on /home/airflow/.local/lib/python3.12/site-packages/airflow/example_dags/example_time_delta_sensor_async.py
[2026-09-15T21:20:38.176+0000] {processor.py:830} INFO - Processing file /home/airflow/.local/lib/python3.12/site-packages/airflow/example_dags/example_time_delta_sensor_async.py for tasks to queue
[2026-09-15T21:20:38.179+0000] {logging_mixin.py:188} INFO - [2026-09-15T21:20:38.178+0000] {dagbag.py:545} INFO - Filling up the DagBag from /home/airflow/.local/lib/python3.12/site-packages/airflow/example_dags/example_time_delta_sensor_async.py
[2026-09-15T21:20:38.182+0000] {processor.py:840} INFO - DAG(s) 'example_time_delta_sensor_async' retrieved from /home/airflow/.local/lib/python3.12/site-packages/airflow/example_dags/example_time_delta_sensor_async.py
[2026-09-15T21:20:38.198+0000] {logging_mixin.py:188} INFO - [2026-09-15T21:20:38.198+0000] {dag.py:3089} INFO - Sync 1 DAGs
[2026-09-15T21:20:38.207+0000] {logging_mixin.py:188} INFO - [2026-09-15T21:20:38.207+0000] {dag.py:3947} INFO - Setting next_dagrun for example_time_delta_sensor_async to None, run_after=None
[2026-09-15T21:20:38.222+0000] {processor.py:183} INFO - Processing /home/airflow/.local/lib/python3.12/site-packages/airflow/example_dags/example_time_delta_sensor_async.py took 0.051 seconds
[2026-09-15T21:22:06.894+0000] {processor.py:161} INFO - Started process (PID=243) to work on /home/airflow/.local/lib/python3.12/site-packages/airflow/example_dags/example_time_delta_sensor_async.py
[2026-09-15T21:22:06.896+0000] {processor.py:830} INFO - Processing file /home/airflow/.local/lib/python3.12/site-packages/airflow/example_dags/example_time_delta_sensor_async.py for tasks to queue
[2026-09-15T21:22:06.899+0000] {logging_mixin.py:188} INFO - [2026-09-15T21:22:06.898+0000] {dagbag.py:545} INFO - Filling up the DagBag from /home/airflow/.local/lib/python3.12/site-packages/airflow/example_dags/example_time_delta_sensor_async.py
[2026-09-15T21:22:06.906+0000] {processor.py:840} INFO - DAG(s) 'example_time_delta_sensor_async' retrieved from /home/airflow/.local/lib/python3.12/site-packages/airflow/example_dags/example_time_delta_sensor_async.py
[2026-09-15T21:22:06.922+0000] {logging_mixin.py:188} INFO - [2026-09-15T21:22:06.921+0000] {dag.py:3089} INFO - Sync 1 DAGs
[2026-09-15T21:22:06.937+0000] {logging_mixin.py:188} INFO - [2026-09-15T21:22:06.937+0000] {dag.py:3947} INFO - Setting next_dagrun for example_time_delta_sensor_async to None, run_after=None
[2026-09-15T21:22:06.959+0000] {processor.py:183} INFO - Processing /home/airflow/.local/lib/python3.12/site-packages/airflow/example_dags/example_time_delta_sensor_async.py took 0.072 seconds
[2026-09-15T21:22:38.010+0000] {processor.py:161} INFO - Started process (PID=505) to work on /home/airflow/.local/lib/python3.12/site-packages/airflow/example_dags/example_time_delta_sensor_async.py
[2026-09-15T21:22:38.011+0000] {processor.py:830} INFO - Processing file /home/airflow/.local/lib/python3.12/site-packages/airflow/example_dags/example_time_delta_sensor_async.py for tasks to queue
[2026-09-15T21:22:38.013+0000] {logging_mixin.py:188} INFO - [2026-09-15T21:22:38.013+0000] {dagbag.py:545} INFO - Filling up the DagBag from /home/airflow/.local/lib/python3.12/site-packages/airflow/example_dags/example_time_delta_sensor_async.py
[2026-09-15T21:22:38.017+0000] {processor.py:840} INFO - DAG(s) 'example_time_delta_sensor_async' retrieved from /home/airflow/.local/lib/python3.12/site-packages/airflow/example_dags/example_time_delta_sensor_async.py
[2026-09-15T21:22:38.102+0000] {logging_mixin.py:188} INFO - [2026-09-15T21:22:38.102+0000] {dag.py:3089} INFO - Sync 1 DAGs
[2026-09-15T21:22:38.111+0000] {logging_mixin.py:188} INFO - [2026-09-15T21:22:38.111+0000] {dag.py:3947} INFO - Setting next_dagrun for example_time_delta_sensor_async to None, run_after=None
[2026-09-15T21:22:38.132+0000] {processor.py:183} INFO - Processing /home/airflow/.local/lib/python3.12/site-packages/airflow/example_dags/example_time_delta_sensor_async.py took 0.126 seconds
[2026-09-15T21:23:08.488+0000] {processor.py:161} INFO - Started process (PID=767) to work on /home/airflow/.local/lib/python3.12/site-packages/airflow/example_dags/example_time_delta_sensor_async.py
[2026-09-15T21:23:08.490+0000] {processor.py:830} INFO - Processing file /home/airflow/.local/lib/python3.12/site-packages/airflow/example_dags/example_time_delta_sensor_async.py for tasks to queue
[2026-09-15T21:23:08.492+0000] {logging_mixin.py:188} INFO - [2026-09-15T21:23:08.491+0000] {dagbag.py:545} INFO - Filling up the DagBag from /home/airflow/.local/lib/python3.12/site-packages/airflow/example_dags/example_time_delta_sensor_async.py
[2026-09-15T21:23:08.495+0000] {processor.py:840} INFO - DAG(s) 'example_time_delta_sensor_async' retrieved from /home/airflow/.local/lib/python3.12/site-packages/airflow/example_dags/example_time_delta_sensor_async.py
[2026-09-15T21:23:08.513+0000] {logging_mixin.py:188} INFO - [2026-09-15T21:23:08.512+0000] {dag.py:3089} INFO - Sync 1 DAGs
[2026-09-15T21:23:08.523+0000] {logging_mixin.py:188} INFO - [2026-09-15T21:23:08.523+0000] {dag.py:3947} INFO - Setting next_dagrun for example_time_delta_sensor_async to None, run_after=None
[2026-09-15T21:23:08.539+0000] {processor.py:183} INFO - Processing /home/airflow/.local/lib/python3.12/site-packages/airflow/example_dags/example_time_delta_sensor_async.py took 0.054 seconds
[2026-09-15T21:23:38.725+0000] {processor.py:161} INFO - Started process (PID=1029) to work on /home/airflow/.local/lib/python3.12/site-packages/airflow/example_dags/example_time_delta_sensor_async.py
[2026-09-15T21:23:38.726+0000] {processor.py:830} INFO - Processing file /home/airflow/.local/lib/python3.12/site-packages/airflow/example_dags/example_time_delta_sensor_async.py for tasks to queue
[2026-09-15T21:23:38.728+0000] {logging_mixin.py:188} INFO - [2026-09-15T21:23:38.727+0000] {dagbag.py:545} INFO - Filling up the DagBag from /home/airflow/.local/lib/python3.12/site-packages/airflow/example_dags/example_time_delta_sensor_async.py
[2026-09-15T21:23:38.731+0000] {processor.py:840} INFO - DAG(s) 'example_time_delta_sensor_async' retrieved from /home/airflow/.local/lib/python3.12/site-packages/airflow/example_dags/example_time_delta_sensor_async.py
[2026-09-15T21:23:38.747+0000] {logging_mixin.py:188} INFO - [2026-09-15T21:23:38.747+0000] {dag.py:3089} INFO - Sync 1 DAGs
[2026-09-15T21:23:38.756+0000] {logging_mixin.py:188} INFO - [2026-09-15T21:23:38.756+0000] {dag.py:3947} INFO - Setting next_dagrun for example_time_delta_sensor_async to None, run_after=None
[2026-09-15T21:23:38.770+0000] {processor.py:183} INFO - Processing /home/airflow/.local/lib/python3.12/site-packages/airflow/example_dags/example_time_delta_sensor_async.py took 0.050 seconds
[2026-09-15T21:24:08.828+0000] {processor.py:161} INFO - Started process (PID=1291) to work on /home/airflow/.local/lib/python3.12/site-packages/airflow/example_dags/example_time_delta_sensor_async.py
[2026-09-15T21:24:08.829+0000] {processor.py:830} INFO - Processing file /home/airflow/.local/lib/python3.12/site-packages/airflow/example_dags/example_time_delta_sensor_async.py for tasks to queue
[2026-09-15T21:24:08.831+0000] {logging_mixin.py:188} INFO - [2026-09-15T21:24:08.831+0000] {dagbag.py:545} INFO - Filling up the DagBag from /home/airflow/.local/lib/python3.12/site-packages/airflow/example_dags/example_time_delta_sensor_async.py
[2026-09-15T21:24:08.834+0000] {processor.py:840} INFO - DAG(s) 'example_time_delta_sensor_async' retrieved from /home/airflow/.local/lib/python3.12/site-packages/airflow/example_dags/example_time_delta_sensor_async.py
[2026-09-15T21:24:08.851+0000] {logging_mixin.py:188} INFO - [2026-09-15T21:24:08.851+0000] {dag.py:3089} INFO - Sync 1 DAGs
[2026-09-15T21:24:08.861+0000] {logging_mixin.py:188} INFO - [2026-09-15T21:24:08.860+0000] {dag.py:3947} INFO - Setting next_dagrun for example_time_delta_sensor_async to None, run_after=None
[2026-09-15T21:24:08.876+0000] {processor.py:183} INFO - Processing /home/airflow/.local/lib/python3.12/site-packages/airflow/example_dags/example_time_delta_sensor_async.py took 0.052 seconds
[2026-09-15T21:24:38.940+0000] {processor.py:161} INFO - Started process (PID=1550) to work on /home/airflow/.local/lib/python3.12/site-packages/airflow/example_dags/example_time_delta_sensor_async.py
[2026-09-15T21:24:38.941+0000] {processor.py:830} INFO - Processing file /home/airflow/.local/lib/python3.12/site-packages/airflow/example_dags/example_time_delta_sensor_async.py for tasks to queue
[2026-09-15T21:24:38.943+0000] {logging_mixin.py:188} INFO - [2026-09-15T21:24:38.943+0000] {dagbag.py:545} INFO - Filling up the DagBag from /home/airflow/.local/lib/python3.12/site-packages/airflow/example_dags/example_time_delta_sensor_async.py
[2026-09-15T21:24:38.947+0000] {processor.py:840} INFO - DAG(s) 'example_time_delta_sensor_async' retrieved from /home/airflow/.local/lib/python3.12/site-packages/airflow/example_dags/example_time_delta_sensor_async.py
[2026-09-15T21:24:38.963+0000] {logging_mixin.py:188} INFO - [2026-09-15T21:24:38.962+0000] {dag.py:3089} INFO - Sync 1 DAGs
[2026-09-15T21:24:38.971+0000] {logging_mixin.py:188} INFO - [2026-09-15T21:24:38.971+0000] {dag.py:3947} INFO - Setting next_dagrun for example_time_delta_sensor_async to None, run_after=None
[2026-09-15T21:24:38.986+0000] {processor.py:183} INFO - Processing /home/airflow/.local/lib/python3.12/site-packages/airflow/example_dags/example_time_delta_sensor_async.py took 0.051 seconds
[2026-09-15T21:25:09.063+0000] {processor.py:161} INFO - Started process (PID=1812) to work on /home/airflow/.local/lib/python3.12/site-packages/airflow/example_dags/example_time_delta_sensor_async.py
[2026-09-15T21:25:09.064+0000] {processor.py:830} INFO - Processing file /home/airflow/.local/lib/python3.12/site-packages/airflow/example_dags/example_time_delta_sensor_async.py for tasks to queue
[2026-09-15T21:25:09.066+0000] {logging_mixin.py:188} INFO - [2026-09-15T21:25:09.065+0000] {dagbag.py:545} INFO - Filling up the DagBag from /home/airflow/.local/lib/python3.12/site-packages/airflow/example_dags/example_time_delta_sensor_async.py
[2026-09-15T21:25:09.069+0000] {processor.py:840} INFO - DAG(s) 'example_time_delta_sensor_async' retrieved from /home/airflow/.local/lib/python3.12/site-packages/airflow/example_dags/example_time_delta_sensor_async.py
[2026-09-15T21:25:09.088+0000] {logging_mixin.py:188} INFO - [2026-09-15T21:25:09.088+0000] {dag.py:3089} INFO - Sync 1 DAGs
[2026-09-15T21:25:09.098+0000] {logging_mixin.py:188} INFO - [2026-09-15T21:25:09.098+0000] {dag.py:3947} INFO - Setting next_dagrun for example_time_delta_sensor_async to None, run_after=None
[2026-09-15T21:25:09.115+0000] {processor.py:183} INFO - Processing /home/airflow/.local/lib/python3.12/site-packages/airflow/example_dags/example_time_delta_sensor_async.py took 0.057 seconds
[2026-09-15T21:25:39.226+0000] {processor.py:161} INFO - Started process (PID=2072) to work on /home/airflow/.local/lib/python3.12/site-packages/airflow/example_dags/example_time_delta_sensor_async.py
[2026-09-15T21:25:39.227+0000] {processor.py:830} INFO - Processing file /home/airflow/.local/lib/python3.12/site-packages/airflow/example_dags/example_time_delta_sensor_async.py for tasks to queue
[2026-09-15T21:25:39.228+0000] {logging_mixin.py:188} INFO - [2026-09-15T21:25:39.228+0000] {dagbag.py:545} INFO - Filling up the DagBag from /home/airflow/.local/lib/python3.12/site-packages/airflow/example_dags/example_time_delta_sensor_async.py
[2026-09-15T21:25:39.232+0000] {processor.py:840} INFO - DAG(s) 'example_time_delta_sensor_async' retrieved from /home/airflow/.local/lib/python3.12/site-packages/airflow/example_dags/example_time_delta_sensor_async.py
[2026-09-15T21:25:39.249+0000] {logging_mixin.py:188} INFO - [2026-09-15T21:25:39.249+0000] {dag.py:3089} INFO - Sync 1 DAGs
[2026-09-15T21:25:39.259+0000] {logging_mixin.py:188} INFO - [2026-09-15T21:25:39.259+0000] {dag.py:3947} INFO - Setting next_dagrun for example_time_delta_sensor_async to None, run_after=None
[2026-09-15T21:25:39.274+0000] {processor.py:183} INFO - Processing /home/airflow/.local/lib/python3.12/site-packages/airflow/example_dags/example_time_delta_sensor_async.py took 0.053 seconds
[2026-09-15T21:26:09.499+0000] {processor.py:161} INFO - Started process (PID=2334) to work on /home/airflow/.local/lib/python3.12/site-packages/airflow/example_dags/example_time_delta_sensor_async.py
[2026-09-15T21:26:09.500+0000] {processor.py:830} INFO - Processing file /home/airflow/.local/lib/python3.12/site-packages/airflow/example_dags/example_time_delta_sensor_async.py for tasks to queue
[2026-09-15T21:26:09.502+0000] {logging_mixin.py:188} INFO - [2026-09-15T21:26:09.502+0000] {dagbag.py:545} INFO - Filling up the DagBag from /home/airflow/.local/lib/python3.12/site-packages/airflow/example_dags/example_time_delta_sensor_async.py
[2026-09-15T21:26:09.505+0000] {processor.py:840} INFO - DAG(s) 'example_time_delta_sensor_async' retrieved from /home/airflow/.local/lib/python3.12/site-packages/airflow/example_dags/example_time_delta_sensor_async.py
[2026-09-15T21:26:09.522+0000] {logging_mixin.py:188} INFO - [2026-09-15T21:26:09.521+0000] {dag.py:3089} INFO - Sync 1 DAGs
[2026-09-15T21:26:09.531+0000] {logging_mixin.py:188} INFO - [2026-09-15T21:26:09.531+0000] {dag.py:3947} INFO - Setting next_dagrun for example_time_delta_sensor_async to None, run_after=None
[2026-09-15T21:26:09.545+0000] {processor.py:183} INFO - Processing /home/airflow/.local/lib/python3.12/site-packages/airflow/example_dags/example_time_delta_sensor_async.py took 0.049 seconds
[2026-09-15T21:26:39.665+0000] {processor.py:161} INFO - Started process (PID=2596) to work on /home/airflow/.local/lib/python3.12/site-packages/airflow/example_dags/example_time_delta_sensor_async.py
[2026-09-15T21:26:39.666+0000] {processor.py:830} INFO - Processing file /home/airflow/.local/lib/python3.12/site-packages/airflow/example_dags/example_time_delta_sensor_async.py for tasks to queue
[2026-09-15T21:26:39.668+0000] {logging_mixin.py:188} INFO - [2026-09-15T21:26:39.668+0000] {dagbag.py:545} INFO - Filling up the DagBag from /home/airflow/.local/lib/python3.12/site-packages/airflow/example_dags/example_time_delta_sensor_async.py
[2026-09-15T21:26:39.672+0000] {processor.py:840} INFO - DAG(s) 'example_time_delta_sensor_async' retrieved from /home/airflow/.local/lib/python3.12/site-packages/airflow/example_dags/example_time_delta_sensor_async.py
[2026-09-15T21:26:39.690+0000] {logging_mixin.py:188} INFO - [2026-09-15T21:26:39.689+0000] {dag.py:3089} INFO - Sync 1 DAGs
[2026-09-15T21:26:39.699+0000] {logging_mixin.py:188} INFO - [2026-09-15T21:26:39.699+0000] {dag.py:3947} INFO - Setting next_dagrun for example_time_delta_sensor_async to None, run_after=None
[2026-09-15T21:26:39.715+0000] {processor.py:183} INFO - Processing /home/airflow/.local/lib/python3.12/site-packages/airflow/example_dags/example_time_delta_sensor_async.py took 0.054 seconds
[2026-09-15T21:27:10.001+0000] {processor.py:161} INFO - Started process (PID=2866) to work on /home/airflow/.local/lib/python3.12/site-packages/airflow/example_dags/example_time_delta_sensor_async.py
[2026-09-15T21:27:10.002+0000] {processor.py:830} INFO - Processing file /home/airflow/.local/lib/python3.12/site-packages/airflow/example_dags/example_time_delta_sensor_async.py for tasks to queue
[2026-09-15T21:27:10.003+0000] {logging_mixin.py:188} INFO - [2026-09-15T21:27:10.003+0000] {dagbag.py:545} INFO - Filling up the DagBag from /home/airflow/.local/lib/python3.12/site-packages/airflow/example_dags/example_time_delta_sensor_async.py
[2026-09-15T21:27:10.007+0000] {processor.py:840} INFO - DAG(s) 'example_time_delta_sensor_async' retrieved from /home/airflow/.local/lib/python3.12/site-packages/airflow/example_dags/example_time_delta_sensor_async.py
[2026-09-15T21:27:10.023+0000] {logging_mixin.py:188} INFO - [2026-09-15T21:27:10.023+0000] {dag.py:3089} INFO - Sync 1 DAGs
[2026-09-15T21:27:10.032+0000] {logging_mixin.py:188} INFO - [2026-09-15T21:27:10.032+0000] {dag.py:3947} INFO - Setting next_dagrun for example_time_delta_sensor_async to None, run_after=None
[2026-09-15T21:27:10.046+0000] {processor.py:183} INFO - Processing /home/airflow/.local/lib/python3.12/site-packages/airflow/example_dags/example_time_delta_sensor_async.py took 0.050 seconds
[2026-09-15T21:27:40.233+0000] {processor.py:161} INFO - Started process (PID=3126) to work on /home/airflow/.local/lib/python3.12/site-packages/airflow/example_dags/example_time_delta_sensor_async.py
[2026-09-15T21:27:40.234+0000] {processor.py:830} INFO - Processing file /home/airflow/.local/lib/python3.12/site-packages/airflow/example_dags/example_time_delta_sensor_async.py for tasks to queue
[2026-09-15T21:27:40.236+0000] {logging_mixin.py:188} INFO - [2026-09-15T21:27:40.236+0000] {dagbag.py:545} INFO - Filling up the DagBag from /home/airflow/.local/lib/python3.12/site-packages/airflow/example_dags/example_time_delta_sensor_async.py
[2026-09-15T21:27:40.240+0000] {processor.py:840} INFO - DAG(s) 'example_time_delta_sensor_async' retrieved from /home/airflow/.local/lib/python3.12/site-packages/airflow/example_dags/example_time_delta_sensor_async.py
[2026-09-15T21:27:40.256+0000] {logging_mixin.py:188} INFO - [2026-09-15T21:27:40.256+0000] {dag.py:3089} INFO - Sync 1 DAGs
[2026-09-15T21:27:40.265+0000] {logging_mixin.py:188} INFO - [2026-09-15T21:27:40.265+0000] {dag.py:3947} INFO - Setting next_dagrun for example_time_delta_sensor_async to None, run_after=None
[2026-09-15T21:27:40.278+0000] {processor.py:183} INFO - Processing /home/airflow/.local/lib/python3.12/site-packages/airflow/example_dags/example_time_delta_sensor_async.py took 0.051 seconds
[2026-09-15T21:28:10.948+0000] {processor.py:161} INFO - Started process (PID=3388) to work on /home/airflow/.local/lib/python3.12/site-packages/airflow/example_dags/example_time_delta_sensor_async.py
[2026-09-15T21:28:10.949+0000] {processor.py:830} INFO - Processing file /home/airflow/.local/lib/python3.12/site-packages/airflow/example_dags/example_time_delta_sensor_async.py for tasks to queue
[2026-09-15T21:28:10.950+0000] {logging_mixin.py:188} INFO - [2026-09-15T21:28:10.950+0000] {dagbag.py:545} INFO - Filling up the DagBag from /home/airflow/.local/lib/python3.12/site-packages/airflow/example_dags/example_time_delta_sensor_async.py
[2026-09-15T21:28:10.954+0000] {processor.py:840} INFO - DAG(s) 'example_time_delta_sensor_async' retrieved from /home/airflow/.local/lib/python3.12/site-packages/airflow/example_dags/example_time_delta_sensor_async.py
[2026-09-15T21:28:10.973+0000] {logging_mixin.py:188} INFO - [2026-09-15T21:28:10.972+0000] {dag.py:3089} INFO - Sync 1 DAGs
[2026-09-15T21:28:10.983+0000] {logging_mixin.py:188} INFO - [2026-09-15T21:28:10.982+0000] {dag.py:3947} INFO - Setting next_dagrun for example_time_delta_sensor_async to None, run_after=None
[2026-09-15T21:28:10.998+0000] {processor.py:183} INFO - Processing /home/airflow/.local/lib/python3.12/site-packages/airflow/example_dags/example_time_delta_sensor_async.py took 0.054 seconds
[2026-09-15T21:28:41.636+0000] {processor.py:161} INFO - Started process (PID=3650) to work on /home/airflow/.local/lib/python3.12/site-packages/airflow/example_dags/example_time_delta_sensor_async.py
[2026-09-15T21:28:41.637+0000] {processor.py:830} INFO - Processing file /home/airflow/.local/lib/python3.12/site-packages/airflow/example_dags/example_time_delta_sensor_async.py for tasks to queue
[2026-09-15T21:28:41.639+0000] {logging_mixin.py:188} INFO - [2026-09-15T21:28:41.638+0000] {dagbag.py:545} INFO - Filling up the DagBag from /home/airflow/.local/lib/python3.12/site-packages/airflow/example_dags/example_time_delta_sensor_async.py
[2026-09-15T21:28:41.642+0000] {processor.py:840} INFO - DAG(s) 'example_time_delta_sensor_async' retrieved from /home/airflow/.local/lib/python3.12/site-packages/airflow/example_dags/example_time_delta_sensor_async.py
[2026-09-15T21:28:41.659+0000] {logging_mixin.py:188} INFO - [2026-09-15T21:28:41.658+0000] {dag.py:3089} INFO - Sync 1 DAGs
[2026-09-15T21:28:41.668+0000] {logging_mixin.py:188} INFO - [2026-09-15T21:28:41.668+0000] {dag.py:3947} INFO - Setting next_dagrun for example_time_delta_sensor_async to None, run_after=None
[2026-09-15T21:28:41.683+0000] {processor.py:183} INFO - Processing /home/airflow/.local/lib/python3.12/site-packages/airflow/example_dags/example_time_delta_sensor_async.py took 0.052 seconds
[2026-09-15T21:29:11.760+0000] {processor.py:161} INFO - Started process (PID=3907) to work on /home/airflow/.local/lib/python3.12/site-packages/airflow/example_dags/example_time_delta_sensor_async.py
[2026-09-15T21:29:11.761+0000] {processor.py:830} INFO - Processing file /home/airflow/.local/lib/python3.12/site-packages/airflow/example_dags/example_time_delta_sensor_async.py for tasks to queue
[2026-09-15T21:29:11.763+0000] {logging_mixin.py:188} INFO - [2026-09-15T21:29:11.762+0000] {dagbag.py:545} INFO - Filling up the DagBag from /home/airflow/.local/lib/python3.12/site-packages/airflow/example_dags/example_time_delta_sensor_async.py
[2026-09-15T21:29:11.767+0000] {processor.py:840} INFO - DAG(s) 'example_time_delta_sensor_async' retrieved from /home/airflow/.local/lib/python3.12/site-packages/airflow/example_dags/example_time_delta_sensor_async.py
[2026-09-15T21:29:11.784+0000] {logging_mixin.py:188} INFO - [2026-09-15T21:29:11.784+0000] {dag.py:3089} INFO - Sync 1 DAGs
[2026-09-15T21:29:11.795+0000] {logging_mixin.py:188} INFO - [2026-09-15T21:29:11.795+0000] {dag.py:3947} INFO - Setting next_dagrun for example_time_delta_sensor_async to None, run_after=None
[2026-09-15T21:29:11.811+0000] {processor.py:183} INFO - Processing /home/airflow/.local/lib/python3.12/site-packages/airflow/example_dags/example_time_delta_sensor_async.py took 0.055 seconds
[2026-09-15T21:29:42.170+0000] {processor.py:161} INFO - Started process (PID=4181) to work on /home/airflow/.local/lib/python3.12/site-packages/airflow/example_dags/example_time_delta_sensor_async.py
[2026-09-15T21:29:42.171+0000] {processor.py:830} INFO - Processing file /home/airflow/.local/lib/python3.12/site-packages/airflow/example_dags/example_time_delta_sensor_async.py for tasks to queue
[2026-09-15T21:29:42.173+0000] {logging_mixin.py:188} INFO - [2026-09-15T21:29:42.173+0000] {dagbag.py:545} INFO - Filling up the DagBag from /home/airflow/.local/lib/python3.12/site-packages/airflow/example_dags/example_time_delta_sensor_async.py
[2026-09-15T21:29:42.179+0000] {processor.py:840} INFO - DAG(s) 'example_time_delta_sensor_async' retrieved from /home/airflow/.local/lib/python3.12/site-packages/airflow/example_dags/example_time_delta_sensor_async.py
[2026-09-15T21:29:42.202+0000] {logging_mixin.py:188} INFO - [2026-09-15T21:29:42.201+0000] {dag.py:3089} INFO - Sync 1 DAGs
[2026-09-15T21:29:42.212+0000] {logging_mixin.py:188} INFO - [2026-09-15T21:29:42.212+0000] {dag.py:3947} INFO - Setting next_dagrun for example_time_delta_sensor_async to None, run_after=None
[2026-09-15T21:29:42.230+0000] {processor.py:183} INFO - Processing /home/airflow/.local/lib/python3.12/site-packages/airflow/example_dags/example_time_delta_sensor_async.py took 0.066 seconds
[2026-09-15T21:30:12.294+0000] {processor.py:161} INFO - Started process (PID=4446) to work on /home/airflow/.local/lib/python3.12/site-packages/airflow/example_dags/example_time_delta_sensor_async.py
[2026-09-15T21:30:12.295+0000] {processor.py:830} INFO - Processing file /home/airflow/.local/lib/python3.12/site-packages/airflow/example_dags/example_time_delta_sensor_async.py for tasks to queue
[2026-09-15T21:30:12.297+0000] {logging_mixin.py:188} INFO - [2026-09-15T21:30:12.297+0000] {dagbag.py:545} INFO - Filling up the DagBag from /home/airflow/.local/lib/python3.12/site-packages/airflow/example_dags/example_time_delta_sensor_async.py
[2026-09-15T21:30:12.301+0000] {processor.py:840} INFO - DAG(s) 'example_time_delta_sensor_async' retrieved from /home/airflow/.local/lib/python3.12/site-packages/airflow/example_dags/example_time_delta_sensor_async.py
[2026-09-15T21:30:12.318+0000] {logging_mixin.py:188} INFO - [2026-09-15T21:30:12.318+0000] {dag.py:3089} INFO - Sync 1 DAGs
[2026-09-15T21:30:12.327+0000] {logging_mixin.py:188} INFO - [2026-09-15T21:30:12.327+0000] {dag.py:3947} INFO - Setting next_dagrun for example_time_delta_sensor_async to None, run_after=None
[2026-09-15T21:30:12.341+0000] {processor.py:183} INFO - Processing /home/airflow/.local/lib/python3.12/site-packages/airflow/example_dags/example_time_delta_sensor_async.py took 0.051 seconds
[2026-09-15T21:30:42.447+0000] {processor.py:161} INFO - Started process (PID=4708) to work on /home/airflow/.local/lib/python3.12/site-packages/airflow/example_dags/example_time_delta_sensor_async.py
[2026-09-15T21:30:42.449+0000] {processor.py:830} INFO - Processing file /home/airflow/.local/lib/python3.12/site-packages/airflow/example_dags/example_time_delta_sensor_async.py for tasks to queue
[2026-09-15T21:30:42.450+0000] {logging_mixin.py:188} INFO - [2026-09-15T21:30:42.450+0000] {dagbag.py:545} INFO - Filling up the DagBag from /home/airflow/.local/lib/python3.12/site-packages/airflow/example_dags/example_time_delta_sensor_async.py
[2026-09-15T21:30:42.454+0000] {processor.py:840} INFO - DAG(s) 'example_time_delta_sensor_async' retrieved from /home/airflow/.local/lib/python3.12/site-packages/airflow/example_dags/example_time_delta_sensor_async.py
[2026-09-15T21:30:42.472+0000] {logging_mixin.py:188} INFO - [2026-09-15T21:30:42.472+0000] {dag.py:3089} INFO - Sync 1 DAGs
[2026-09-15T21:30:42.482+0000] {logging_mixin.py:188} INFO - [2026-09-15T21:30:42.482+0000] {dag.py:3947} INFO - Setting next_dagrun for example_time_delta_sensor_async to None, run_after=None
[2026-09-15T21:30:42.497+0000] {processor.py:183} INFO - Processing /home/airflow/.local/lib/python3.12/site-packages/airflow/example_dags/example_time_delta_sensor_async.py took 0.054 seconds
[2026-09-15T21:31:13.051+0000] {processor.py:161} INFO - Started process (PID=4970) to work on /home/airflow/.local/lib/python3.12/site-packages/airflow/example_dags/example_time_delta_sensor_async.py
[2026-09-15T21:31:13.053+0000] {processor.py:830} INFO - Processing file /home/airflow/.local/lib/python3.12/site-packages/airflow/example_dags/example_time_delta_sensor_async.py for tasks to queue
[2026-09-15T21:31:13.054+0000] {logging_mixin.py:188} INFO - [2026-09-15T21:31:13.054+0000] {dagbag.py:545} INFO - Filling up the DagBag from /home/airflow/.local/lib/python3.12/site-packages/airflow/example_dags/example_time_delta_sensor_async.py
[2026-09-15T21:31:13.058+0000] {processor.py:840} INFO - DAG(s) 'example_time_delta_sensor_async' retrieved from /home/airflow/.local/lib/python3.12/site-packages/airflow/example_dags/example_time_delta_sensor_async.py
[2026-09-15T21:31:13.075+0000] {logging_mixin.py:188} INFO - [2026-09-15T21:31:13.074+0000] {dag.py:3089} INFO - Sync 1 DAGs
[2026-09-15T21:31:13.084+0000] {logging_mixin.py:188} INFO - [2026-09-15T21:31:13.084+0000] {dag.py:3947} INFO - Setting next_dagrun for example_time_delta_sensor_async to None, run_after=None
[2026-09-15T21:31:13.100+0000] {processor.py:183} INFO - Processing /home/airflow/.local/lib/python3.12/site-packages/airflow/example_dags/example_time_delta_sensor_async.py took 0.052 seconds
[2026-09-15T21:31:43.736+0000] {processor.py:161} INFO - Started process (PID=5232) to work on /home/airflow/.local/lib/python3.12/site-packages/airflow/example_dags/example_time_delta_sensor_async.py
[2026-09-15T21:31:43.737+0000] {processor.py:830} INFO - Processing file /home/airflow/.local/lib/python3.12/site-packages/airflow/example_dags/example_time_delta_sensor_async.py for tasks to queue
[2026-09-15T21:31:43.739+0000] {logging_mixin.py:188} INFO - [2026-09-15T21:31:43.739+0000] {dagbag.py:545} INFO - Filling up the DagBag from /home/airflow/.local/lib/python3.12/site-packages/airflow/example_dags/example_time_delta_sensor_async.py
[2026-09-15T21:31:43.743+0000] {processor.py:840} INFO - DAG(s) 'example_time_delta_sensor_async' retrieved from /home/airflow/.local/lib/python3.12/site-packages/airflow/example_dags/example_time_delta_sensor_async.py
[2026-09-15T21:31:43.768+0000] {logging_mixin.py:188} INFO - [2026-09-15T21:31:43.768+0000] {dag.py:3089} INFO - Sync 1 DAGs
[2026-09-15T21:31:43.786+0000] {logging_mixin.py:188} INFO - [2026-09-15T21:31:43.785+0000] {dag.py:3947} INFO - Setting next_dagrun for example_time_delta_sensor_async to None, run_after=None
[2026-09-15T21:31:43.812+0000] {processor.py:183} INFO - Processing /home/airflow/.local/lib/python3.12/site-packages/airflow/example_dags/example_time_delta_sensor_async.py took 0.082 seconds
[2026-09-15T21:32:14.370+0000] {processor.py:161} INFO - Started process (PID=5494) to work on /home/airflow/.local/lib/python3.12/site-packages/airflow/example_dags/example_time_delta_sensor_async.py
[2026-09-15T21:32:14.371+0000] {processor.py:830} INFO - Processing file /home/airflow/.local/lib/python3.12/site-packages/airflow/example_dags/example_time_delta_sensor_async.py for tasks to queue
[2026-09-15T21:32:14.373+0000] {logging_mixin.py:188} INFO - [2026-09-15T21:32:14.373+0000] {dagbag.py:545} INFO - Filling up the DagBag from /home/airflow/.local/lib/python3.12/site-packages/airflow/example_dags/example_time_delta_sensor_async.py
[2026-09-15T21:32:14.376+0000] {processor.py:840} INFO - DAG(s) 'example_time_delta_sensor_async' retrieved from /home/airflow/.local/lib/python3.12/site-packages/airflow/example_dags/example_time_delta_sensor_async.py
[2026-09-15T21:32:14.393+0000] {logging_mixin.py:188} INFO - [2026-09-15T21:32:14.393+0000] {dag.py:3089} INFO - Sync 1 DAGs
[2026-09-15T21:32:14.403+0000] {logging_mixin.py:188} INFO - [2026-09-15T21:32:14.403+0000] {dag.py:3947} INFO - Setting next_dagrun for example_time_delta_sensor_async to None, run_after=None
[2026-09-15T21:32:14.418+0000] {processor.py:183} INFO - Processing /home/airflow/.local/lib/python3.12/site-packages/airflow/example_dags/example_time_delta_sensor_async.py took 0.052 seconds
[2026-09-15T21:32:44.595+0000] {processor.py:161} INFO - Started process (PID=5756) to work on /home/airflow/.local/lib/python3.12/site-packages/airflow/example_dags/example_time_delta_sensor_async.py
[2026-09-15T21:32:44.596+0000] {processor.py:830} INFO - Processing file /home/airflow/.local/lib/python3.12/site-packages/airflow/example_dags/example_time_delta_sensor_async.py for tasks to queue
[2026-09-15T21:32:44.598+0000] {logging_mixin.py:188} INFO - [2026-09-15T21:32:44.597+0000] {dagbag.py:545} INFO - Filling up the DagBag from /home/airflow/.local/lib/python3.12/site-packages/airflow/example_dags/example_time_delta_sensor_async.py
[2026-09-15T21:32:44.601+0000] {processor.py:840} INFO - DAG(s) 'example_time_delta_sensor_async' retrieved from /home/airflow/.local/lib/python3.12/site-packages/airflow/example_dags/example_time_delta_sensor_async.py
[2026-09-15T21:32:44.618+0000] {logging_mixin.py:188} INFO - [2026-09-15T21:32:44.618+0000] {dag.py:3089} INFO - Sync 1 DAGs
[2026-09-15T21:32:44.627+0000] {logging_mixin.py:188} INFO - [2026-09-15T21:32:44.627+0000] {dag.py:3947} INFO - Setting next_dagrun for example_time_delta_sensor_async to None, run_after=None
[2026-09-15T21:32:44.641+0000] {processor.py:183} INFO - Processing /home/airflow/.local/lib/python3.12/site-packages/airflow/example_dags/example_time_delta_sensor_async.py took 0.051 seconds
[2026-09-15T21:33:14.971+0000] {processor.py:161} INFO - Started process (PID=6018) to work on /home/airflow/.local/lib/python3.12/site-packages/airflow/example_dags/example_time_delta_sensor_async.py
[2026-09-15T21:33:14.972+0000] {processor.py:830} INFO - Processing file /home/airflow/.local/lib/python3.12/site-packages/airflow/example_dags/example_time_delta_sensor_async.py for tasks to queue
[2026-09-15T21:33:14.974+0000] {logging_mixin.py:188} INFO - [2026-09-15T21:33:14.973+0000] {dagbag.py:545} INFO - Filling up the DagBag from /home/airflow/.local/lib/python3.12/site-packages/airflow/example_dags/example_time_delta_sensor_async.py
[2026-09-15T21:33:14.977+0000] {processor.py:840} INFO - DAG(s) 'example_time_delta_sensor_async' retrieved from /home/airflow/.local/lib/python3.12/site-packages/airflow/example_dags/example_time_delta_sensor_async.py
[2026-09-15T21:33:14.993+0000] {logging_mixin.py:188} INFO - [2026-09-15T21:33:14.993+0000] {dag.py:3089} INFO - Sync 1 DAGs
[2026-09-15T21:33:15.003+0000] {logging_mixin.py:188} INFO - [2026-09-15T21:33:15.003+0000] {dag.py:3947} INFO - Setting next_dagrun for example_time_delta_sensor_async to None, run_after=None
[2026-09-15T21:33:15.018+0000] {processor.py:183} INFO - Processing /home/airflow/.local/lib/python3.12/site-packages/airflow/example_dags/example_time_delta_sensor_async.py took 0.052 seconds
[2026-09-15T21:33:45.118+0000] {processor.py:161} INFO - Started process (PID=6284) to work on /home/airflow/.local/lib/python3.12/site-packages/airflow/example_dags/example_time_delta_sensor_async.py
[2026-09-15T21:33:45.119+0000] {processor.py:830} INFO - Processing file /home/airflow/.local/lib/python3.12/site-packages/airflow/example_dags/example_time_delta_sensor_async.py for tasks to queue
[2026-09-15T21:33:45.120+0000] {logging_mixin.py:188} INFO - [2026-09-15T21:33:45.120+0000] {dagbag.py:545} INFO - Filling up the DagBag from /home/airflow/.local/lib/python3.12/site-packages/airflow/example_dags/example_time_delta_sensor_async.py
[2026-09-15T21:33:45.124+0000] {processor.py:840} INFO - DAG(s) 'example_time_delta_sensor_async' retrieved from /home/airflow/.local/lib/python3.12/site-packages/airflow/example_dags/example_time_delta_sensor_async.py
[2026-09-15T21:33:45.142+0000] {logging_mixin.py:188} INFO - [2026-09-15T21:33:45.142+0000] {dag.py:3089} INFO - Sync 1 DAGs
[2026-09-15T21:33:45.152+0000] {logging_mixin.py:188} INFO - [2026-09-15T21:33:45.151+0000] {dag.py:3947} INFO - Setting next_dagrun for example_time_delta_sensor_async to None, run_after=None
[2026-09-15T21:33:45.167+0000] {processor.py:183} INFO - Processing /home/airflow/.local/lib/python3.12/site-packages/airflow/example_dags/example_time_delta_sensor_async.py took 0.053 seconds
[2026-09-15T21:34:15.404+0000] {processor.py:161} INFO - Started process (PID=6546) to work on /home/airflow/.local/lib/python3.12/site-packages/airflow/example_dags/example_time_delta_sensor_async.py
[2026-09-15T21:34:15.405+0000] {processor.py:830} INFO - Processing file /home/airflow/.local/lib/python3.12/site-packages/airflow/example_dags/example_time_delta_sensor_async.py for tasks to queue
[2026-09-15T21:34:15.407+0000] {logging_mixin.py:188} INFO - [2026-09-15T21:34:15.407+0000] {dagbag.py:545} INFO - Filling up the DagBag from /home/airflow/.local/lib/python3.12/site-packages/airflow/example_dags/example_time_delta_sensor_async.py
[2026-09-15T21:34:15.411+0000] {processor.py:840} INFO - DAG(s) 'example_time_delta_sensor_async' retrieved from /home/airflow/.local/lib/python3.12/site-packages/airflow/example_dags/example_time_delta_sensor_async.py
[2026-09-15T21:34:15.429+0000] {logging_mixin.py:188} INFO - [2026-09-15T21:34:15.428+0000] {dag.py:3089} INFO - Sync 1 DAGs
[2026-09-15T21:34:15.438+0000] {logging_mixin.py:188} INFO - [2026-09-15T21:34:15.438+0000] {dag.py:3947} INFO - Setting next_dagrun for example_time_delta_sensor_async to None, run_after=None
[2026-09-15T21:34:15.453+0000] {processor.py:183} INFO - Processing /home/airflow/.local/lib/python3.12/site-packages/airflow/example_dags/example_time_delta_sensor_async.py took 0.053 seconds
[2026-09-15T21:34:45.955+0000] {processor.py:161} INFO - Started process (PID=6808) to work on /home/airflow/.local/lib/python3.12/site-packages/airflow/example_dags/example_time_delta_sensor_async.py
[2026-09-15T21:34:45.957+0000] {processor.py:830} INFO - Processing file /home/airflow/.local/lib/python3.12/site-packages/airflow/example_dags/example_time_delta_sensor_async.py for tasks to queue
[2026-09-15T21:34:45.960+0000] {logging_mixin.py:188} INFO - [2026-09-15T21:34:45.959+0000] {dagbag.py:545} INFO - Filling up the DagBag from /home/airflow/.local/lib/python3.12/site-packages/airflow/example_dags/example_time_delta_sensor_async.py
[2026-09-15T21:34:45.966+0000] {processor.py:840} INFO - DAG(s) 'example_time_delta_sensor_async' retrieved from /home/airflow/.local/lib/python3.12/site-packages/airflow/example_dags/example_time_delta_sensor_async.py
[2026-09-15T21:34:45.996+0000] {logging_mixin.py:188} INFO - [2026-09-15T21:34:45.996+0000] {dag.py:3089} INFO - Sync 1 DAGs
[2026-09-15T21:34:46.008+0000] {logging_mixin.py:188} INFO - [2026-09-15T21:34:46.008+0000] {dag.py:3947} INFO - Setting next_dagrun for example_time_delta_sensor_async to None, run_after=None
[2026-09-15T21:34:46.028+0000] {processor.py:183} INFO - Processing /home/airflow/.local/lib/python3.12/site-packages/airflow/example_dags/example_time_delta_sensor_async.py took 0.079 seconds
[2026-09-15T21:35:16.250+0000] {processor.py:161} INFO - Started process (PID=7074) to work on /home/airflow/.local/lib/python3.12/site-packages/airflow/example_dags/example_time_delta_sensor_async.py
[2026-09-15T21:35:16.252+0000] {processor.py:830} INFO - Processing file /home/airflow/.local/lib/python3.12/site-packages/airflow/example_dags/example_time_delta_sensor_async.py for tasks to queue
[2026-09-15T21:35:16.254+0000] {logging_mixin.py:188} INFO - [2026-09-15T21:35:16.254+0000] {dagbag.py:545} INFO - Filling up the DagBag from /home/airflow/.local/lib/python3.12/site-packages/airflow/example_dags/example_time_delta_sensor_async.py
[2026-09-15T21:35:16.258+0000] {processor.py:840} INFO - DAG(s) 'example_time_delta_sensor_async' retrieved from /home/airflow/.local/lib/python3.12/site-packages/airflow/example_dags/example_time_delta_sensor_async.py
[2026-09-15T21:35:16.273+0000] {logging_mixin.py:188} INFO - [2026-09-15T21:35:16.273+0000] {dag.py:3089} INFO - Sync 1 DAGs
[2026-09-15T21:35:16.283+0000] {logging_mixin.py:188} INFO - [2026-09-15T21:35:16.283+0000] {dag.py:3947} INFO - Setting next_dagrun for example_time_delta_sensor_async to None, run_after=None
[2026-09-15T21:35:16.297+0000] {processor.py:183} INFO - Processing /home/airflow/.local/lib/python3.12/site-packages/airflow/example_dags/example_time_delta_sensor_async.py took 0.052 seconds
[2026-09-15T21:35:46.657+0000] {processor.py:161} INFO - Started process (PID=7336) to work on /home/airflow/.local/lib/python3.12/site-packages/airflow/example_dags/example_time_delta_sensor_async.py
[2026-09-15T21:35:46.658+0000] {processor.py:830} INFO - Processing file /home/airflow/.local/lib/python3.12/site-packages/airflow/example_dags/example_time_delta_sensor_async.py for tasks to queue
[2026-09-15T21:35:46.659+0000] {logging_mixin.py:188} INFO - [2026-09-15T21:35:46.659+0000] {dagbag.py:545} INFO - Filling up the DagBag from /home/airflow/.local/lib/python3.12/site-packages/airflow/example_dags/example_time_delta_sensor_async.py
[2026-09-15T21:35:46.663+0000] {processor.py:840} INFO - DAG(s) 'example_time_delta_sensor_async' retrieved from /home/airflow/.local/lib/python3.12/site-packages/airflow/example_dags/example_time_delta_sensor_async.py
[2026-09-15T21:35:46.679+0000] {logging_mixin.py:188} INFO - [2026-09-15T21:35:46.679+0000] {dag.py:3089} INFO - Sync 1 DAGs
[2026-09-15T21:35:46.689+0000] {logging_mixin.py:188} INFO - [2026-09-15T21:35:46.688+0000] {dag.py:3947} INFO - Setting next_dagrun for example_time_delta_sensor_async to None, run_after=None
[2026-09-15T21:35:46.704+0000] {processor.py:183} INFO - Processing /home/airflow/.local/lib/python3.12/site-packages/airflow/example_dags/example_time_delta_sensor_async.py took 0.051 seconds
[2026-09-15T21:36:16.836+0000] {processor.py:161} INFO - Started process (PID=7598) to work on /home/airflow/.local/lib/python3.12/site-packages/airflow/example_dags/example_time_delta_sensor_async.py
[2026-09-15T21:36:16.837+0000] {processor.py:830} INFO - Processing file /home/airflow/.local/lib/python3.12/site-packages/airflow/example_dags/example_time_delta_sensor_async.py for tasks to queue
[2026-09-15T21:36:16.839+0000] {logging_mixin.py:188} INFO - [2026-09-15T21:36:16.839+0000] {dagbag.py:545} INFO - Filling up the DagBag from /home/airflow/.local/lib/python3.12/site-packages/airflow/example_dags/example_time_delta_sensor_async.py
[2026-09-15T21:36:16.843+0000] {processor.py:840} INFO - DAG(s) 'example_time_delta_sensor_async' retrieved from /home/airflow/.local/lib/python3.12/site-packages/airflow/example_dags/example_time_delta_sensor_async.py
[2026-09-15T21:36:16.860+0000] {logging_mixin.py:188} INFO - [2026-09-15T21:36:16.859+0000] {dag.py:3089} INFO - Sync 1 DAGs
[2026-09-15T21:36:16.870+0000] {logging_mixin.py:188} INFO - [2026-09-15T21:36:16.869+0000] {dag.py:3947} INFO - Setting next_dagrun for example_time_delta_sensor_async to None, run_after=None
[2026-09-15T21:36:16.885+0000] {processor.py:183} INFO - Processing /home/airflow/.local/lib/python3.12/site-packages/airflow/example_dags/example_time_delta_sensor_async.py took 0.053 seconds
[2026-09-15T21:36:46.959+0000] {processor.py:161} INFO - Started process (PID=7860) to work on /home/airflow/.local/lib/python3.12/site-packages/airflow/example_dags/example_time_delta_sensor_async.py
[2026-09-15T21:36:46.960+0000] {processor.py:830} INFO - Processing file /home/airflow/.local/lib/python3.12/site-packages/airflow/example_dags/example_time_delta_sensor_async.py for tasks to queue
[2026-09-15T21:36:46.961+0000] {logging_mixin.py:188} INFO - [2026-09-15T21:36:46.961+0000] {dagbag.py:545} INFO - Filling up the DagBag from /home/airflow/.local/lib/python3.12/site-packages/airflow/example_dags/example_time_delta_sensor_async.py
[2026-09-15T21:36:46.965+0000] {processor.py:840} INFO - DAG(s) 'example_time_delta_sensor_async' retrieved from /home/airflow/.local/lib/python3.12/site-packages/airflow/example_dags/example_time_delta_sensor_async.py
[2026-09-15T21:36:46.981+0000] {logging_mixin.py:188} INFO - [2026-09-15T21:36:46.981+0000] {dag.py:3089} INFO - Sync 1 DAGs
[2026-09-15T21:36:46.990+0000] {logging_mixin.py:188} INFO - [2026-09-15T21:36:46.990+0000] {dag.py:3947} INFO - Setting next_dagrun for example_time_delta_sensor_async to None, run_after=None
[2026-09-15T21:36:47.004+0000] {processor.py:183} INFO - Processing /home/airflow/.local/lib/python3.12/site-packages/airflow/example_dags/example_time_delta_sensor_async.py took 0.049 seconds
[2026-09-15T21:37:17.390+0000] {processor.py:161} INFO - Started process (PID=8122) to work on /home/airflow/.local/lib/python3.12/site-packages/airflow/example_dags/example_time_delta_sensor_async.py
[2026-09-15T21:37:17.391+0000] {processor.py:830} INFO - Processing file /home/airflow/.local/lib/python3.12/site-packages/airflow/example_dags/example_time_delta_sensor_async.py for tasks to queue
[2026-09-15T21:37:17.394+0000] {logging_mixin.py:188} INFO - [2026-09-15T21:37:17.393+0000] {dagbag.py:545} INFO - Filling up the DagBag from /home/airflow/.local/lib/python3.12/site-packages/airflow/example_dags/example_time_delta_sensor_async.py
[2026-09-15T21:37:17.398+0000] {processor.py:840} INFO - DAG(s) 'example_time_delta_sensor_async' retrieved from /home/airflow/.local/lib/python3.12/site-packages/airflow/example_dags/example_time_delta_sensor_async.py
[2026-09-15T21:37:17.417+0000] {logging_mixin.py:188} INFO - [2026-09-15T21:37:17.417+0000] {dag.py:3089} INFO - Sync 1 DAGs
[2026-09-15T21:37:17.427+0000] {logging_mixin.py:188} INFO - [2026-09-15T21:37:17.427+0000] {dag.py:3947} INFO - Setting next_dagrun for example_time_delta_sensor_async to None, run_after=None
[2026-09-15T21:37:17.442+0000] {processor.py:183} INFO - Processing /home/airflow/.local/lib/python3.12/site-packages/airflow/example_dags/example_time_delta_sensor_async.py took 0.058 seconds
[2026-09-15T21:37:47.631+0000] {processor.py:161} INFO - Started process (PID=8384) to work on /home/airflow/.local/lib/python3.12/site-packages/airflow/example_dags/example_time_delta_sensor_async.py
[2026-09-15T21:37:47.632+0000] {processor.py:830} INFO - Processing file /home/airflow/.local/lib/python3.12/site-packages/airflow/example_dags/example_time_delta_sensor_async.py for tasks to queue
[2026-09-15T21:37:47.634+0000] {logging_mixin.py:188} INFO - [2026-09-15T21:37:47.633+0000] {dagbag.py:545} INFO - Filling up the DagBag from /home/airflow/.local/lib/python3.12/site-packages/airflow/example_dags/example_time_delta_sensor_async.py
[2026-09-15T21:37:47.639+0000] {processor.py:840} INFO - DAG(s) 'example_time_delta_sensor_async' retrieved from /home/airflow/.local/lib/python3.12/site-packages/airflow/example_dags/example_time_delta_sensor_async.py
[2026-09-15T21:37:47.658+0000] {logging_mixin.py:188} INFO - [2026-09-15T21:37:47.657+0000] {dag.py:3089} INFO - Sync 1 DAGs
[2026-09-15T21:37:47.668+0000] {logging_mixin.py:188} INFO - [2026-09-15T21:37:47.668+0000] {dag.py:3947} INFO - Setting next_dagrun for example_time_delta_sensor_async to None, run_after=None
[2026-09-15T21:37:47.682+0000] {processor.py:183} INFO - Processing /home/airflow/.local/lib/python3.12/site-packages/airflow/example_dags/example_time_delta_sensor_async.py took 0.056 seconds
[2026-09-15T21:38:17.967+0000] {processor.py:161} INFO - Started process (PID=8646) to work on /home/airflow/.local/lib/python3.12/site-packages/airflow/example_dags/example_time_delta_sensor_async.py
[2026-09-15T21:38:17.968+0000] {processor.py:830} INFO - Processing file /home/airflow/.local/lib/python3.12/site-packages/airflow/example_dags/example_time_delta_sensor_async.py for tasks to queue
[2026-09-15T21:38:17.970+0000] {logging_mixin.py:188} INFO - [2026-09-15T21:38:17.970+0000] {dagbag.py:545} INFO - Filling up the DagBag from /home/airflow/.local/lib/python3.12/site-packages/airflow/example_dags/example_time_delta_sensor_async.py
[2026-09-15T21:38:17.974+0000] {processor.py:840} INFO - DAG(s) 'example_time_delta_sensor_async' retrieved from /home/airflow/.local/lib/python3.12/site-packages/airflow/example_dags/example_time_delta_sensor_async.py
[2026-09-15T21:38:17.991+0000] {logging_mixin.py:188} INFO - [2026-09-15T21:38:17.991+0000] {dag.py:3089} INFO - Sync 1 DAGs
[2026-09-15T21:38:17.999+0000] {logging_mixin.py:188} INFO - [2026-09-15T21:38:17.999+0000] {dag.py:3947} INFO - Setting next_dagrun for example_time_delta_sensor_async to None, run_after=None
[2026-09-15T21:38:18.013+0000] {processor.py:183} INFO - Processing /home/airflow/.local/lib/python3.12/site-packages/airflow/example_dags/example_time_delta_sensor_async.py took 0.050 seconds
[2026-09-15T21:38:48.133+0000] {processor.py:161} INFO - Started process (PID=8937) to work on /home/airflow/.local/lib/python3.12/site-packages/airflow/example_dags/example_time_delta_sensor_async.py
[2026-09-15T21:38:48.134+0000] {processor.py:830} INFO - Processing file /home/airflow/.local/lib/python3.12/site-packages/airflow/example_dags/example_time_delta_sensor_async.py for tasks to queue
[2026-09-15T21:38:48.136+0000] {logging_mixin.py:188} INFO - [2026-09-15T21:38:48.136+0000] {dagbag.py:545} INFO - Filling up the DagBag from /home/airflow/.local/lib/python3.12/site-packages/airflow/example_dags/example_time_delta_sensor_async.py
[2026-09-15T21:38:48.140+0000] {processor.py:840} INFO - DAG(s) 'example_time_delta_sensor_async' retrieved from /home/airflow/.local/lib/python3.12/site-packages/airflow/example_dags/example_time_delta_sensor_async.py
[2026-09-15T21:38:48.157+0000] {logging_mixin.py:188} INFO - [2026-09-15T21:38:48.157+0000] {dag.py:3089} INFO - Sync 1 DAGs
[2026-09-15T21:38:48.170+0000] {logging_mixin.py:188} INFO - [2026-09-15T21:38:48.169+0000] {dag.py:3947} INFO - Setting next_dagrun for example_time_delta_sensor_async to None, run_after=None
[2026-09-15T21:38:48.186+0000] {processor.py:183} INFO - Processing /home/airflow/.local/lib/python3.12/site-packages/airflow/example_dags/example_time_delta_sensor_async.py took 0.057 seconds
[2026-09-15T21:39:18.560+0000] {processor.py:161} INFO - Started process (PID=9199) to work on /home/airflow/.local/lib/python3.12/site-packages/airflow/example_dags/example_time_delta_sensor_async.py
[2026-09-15T21:39:18.561+0000] {processor.py:830} INFO - Processing file /home/airflow/.local/lib/python3.12/site-packages/airflow/example_dags/example_time_delta_sensor_async.py for tasks to queue
[2026-09-15T21:39:18.563+0000] {logging_mixin.py:188} INFO - [2026-09-15T21:39:18.562+0000] {dagbag.py:545} INFO - Filling up the DagBag from /home/airflow/.local/lib/python3.12/site-packages/airflow/example_dags/example_time_delta_sensor_async.py
[2026-09-15T21:39:18.566+0000] {processor.py:840} INFO - DAG(s) 'example_time_delta_sensor_async' retrieved from /home/airflow/.local/lib/python3.12/site-packages/airflow/example_dags/example_time_delta_sensor_async.py
[2026-09-15T21:39:18.583+0000] {logging_mixin.py:188} INFO - [2026-09-15T21:39:18.583+0000] {dag.py:3089} INFO - Sync 1 DAGs
[2026-09-15T21:39:18.593+0000] {logging_mixin.py:188} INFO - [2026-09-15T21:39:18.593+0000] {dag.py:3947} INFO - Setting next_dagrun for example_time_delta_sensor_async to None, run_after=None
[2026-09-15T21:39:18.610+0000] {processor.py:183} INFO - Processing /home/airflow/.local/lib/python3.12/site-packages/airflow/example_dags/example_time_delta_sensor_async.py took 0.055 seconds
[2026-09-15T21:39:48.789+0000] {processor.py:161} INFO - Started process (PID=9461) to work on /home/airflow/.local/lib/python3.12/site-packages/airflow/example_dags/example_time_delta_sensor_async.py
[2026-09-15T21:39:48.791+0000] {processor.py:830} INFO - Processing file /home/airflow/.local/lib/python3.12/site-packages/airflow/example_dags/example_time_delta_sensor_async.py for tasks to queue
[2026-09-15T21:39:48.793+0000] {logging_mixin.py:188} INFO - [2026-09-15T21:39:48.793+0000] {dagbag.py:545} INFO - Filling up the DagBag from /home/airflow/.local/lib/python3.12/site-packages/airflow/example_dags/example_time_delta_sensor_async.py
[2026-09-15T21:39:48.796+0000] {processor.py:840} INFO - DAG(s) 'example_time_delta_sensor_async' retrieved from /home/airflow/.local/lib/python3.12/site-packages/airflow/example_dags/example_time_delta_sensor_async.py
[2026-09-15T21:39:48.813+0000] {logging_mixin.py:188} INFO - [2026-09-15T21:39:48.813+0000] {dag.py:3089} INFO - Sync 1 DAGs
[2026-09-15T21:39:48.822+0000] {logging_mixin.py:188} INFO - [2026-09-15T21:39:48.822+0000] {dag.py:3947} INFO - Setting next_dagrun for example_time_delta_sensor_async to None, run_after=None
[2026-09-15T21:39:48.836+0000] {processor.py:183} INFO - Processing /home/airflow/.local/lib/python3.12/site-packages/airflow/example_dags/example_time_delta_sensor_async.py took 0.051 seconds
[2026-09-15T21:40:18.947+0000] {processor.py:161} INFO - Started process (PID=9723) to work on /home/airflow/.local/lib/python3.12/site-packages/airflow/example_dags/example_time_delta_sensor_async.py
[2026-09-15T21:40:18.949+0000] {processor.py:830} INFO - Processing file /home/airflow/.local/lib/python3.12/site-packages/airflow/example_dags/example_time_delta_sensor_async.py for tasks to queue
[2026-09-15T21:40:18.951+0000] {logging_mixin.py:188} INFO - [2026-09-15T21:40:18.950+0000] {dagbag.py:545} INFO - Filling up the DagBag from /home/airflow/.local/lib/python3.12/site-packages/airflow/example_dags/example_time_delta_sensor_async.py
[2026-09-15T21:40:18.954+0000] {processor.py:840} INFO - DAG(s) 'example_time_delta_sensor_async' retrieved from /home/airflow/.local/lib/python3.12/site-packages/airflow/example_dags/example_time_delta_sensor_async.py
[2026-09-15T21:40:18.970+0000] {logging_mixin.py:188} INFO - [2026-09-15T21:40:18.970+0000] {dag.py:3089} INFO - Sync 1 DAGs
[2026-09-15T21:40:18.980+0000] {logging_mixin.py:188} INFO - [2026-09-15T21:40:18.980+0000] {dag.py:3947} INFO - Setting next_dagrun for example_time_delta_sensor_async to None, run_after=None
[2026-09-15T21:40:18.995+0000] {processor.py:183} INFO - Processing /home/airflow/.local/lib/python3.12/site-packages/airflow/example_dags/example_time_delta_sensor_async.py took 0.052 seconds
[2026-09-15T21:40:50.247+0000] {processor.py:161} INFO - Started process (PID=9985) to work on /home/airflow/.local/lib/python3.12/site-packages/airflow/example_dags/example_time_delta_sensor_async.py
[2026-09-15T21:40:50.249+0000] {processor.py:830} INFO - Processing file /home/airflow/.local/lib/python3.12/site-packages/airflow/example_dags/example_time_delta_sensor_async.py for tasks to queue
[2026-09-15T21:40:50.251+0000] {logging_mixin.py:188} INFO - [2026-09-15T21:40:50.251+0000] {dagbag.py:545} INFO - Filling up the DagBag from /home/airflow/.local/lib/python3.12/site-packages/airflow/example_dags/example_time_delta_sensor_async.py
[2026-09-15T21:40:50.255+0000] {processor.py:840} INFO - DAG(s) 'example_time_delta_sensor_async' retrieved from /home/airflow/.local/lib/python3.12/site-packages/airflow/example_dags/example_time_delta_sensor_async.py
[2026-09-15T21:40:50.274+0000] {logging_mixin.py:188} INFO - [2026-09-15T21:40:50.273+0000] {dag.py:3089} INFO - Sync 1 DAGs
[2026-09-15T21:40:50.285+0000] {logging_mixin.py:188} INFO - [2026-09-15T21:40:50.285+0000] {dag.py:3947} INFO - Setting next_dagrun for example_time_delta_sensor_async to None, run_after=None
[2026-09-15T21:40:50.449+0000] {processor.py:183} INFO - Processing /home/airflow/.local/lib/python3.12/site-packages/airflow/example_dags/example_time_delta_sensor_async.py took 0.207 seconds
[2026-09-15T21:41:20.795+0000] {processor.py:161} INFO - Started process (PID=10247) to work on /home/airflow/.local/lib/python3.12/site-packages/airflow/example_dags/example_time_delta_sensor_async.py
[2026-09-15T21:41:20.797+0000] {processor.py:830} INFO - Processing file /home/airflow/.local/lib/python3.12/site-packages/airflow/example_dags/example_time_delta_sensor_async.py for tasks to queue
[2026-09-15T21:41:20.799+0000] {logging_mixin.py:188} INFO - [2026-09-15T21:41:20.798+0000] {dagbag.py:545} INFO - Filling up the DagBag from /home/airflow/.local/lib/python3.12/site-packages/airflow/example_dags/example_time_delta_sensor_async.py
[2026-09-15T21:41:20.802+0000] {processor.py:840} INFO - DAG(s) 'example_time_delta_sensor_async' retrieved from /home/airflow/.local/lib/python3.12/site-packages/airflow/example_dags/example_time_delta_sensor_async.py
[2026-09-15T21:41:20.820+0000] {logging_mixin.py:188} INFO - [2026-09-15T21:41:20.820+0000] {dag.py:3089} INFO - Sync 1 DAGs
[2026-09-15T21:41:20.830+0000] {logging_mixin.py:188} INFO - [2026-09-15T21:41:20.830+0000] {dag.py:3947} INFO - Setting next_dagrun for example_time_delta_sensor_async to None, run_after=None
[2026-09-15T21:41:20.848+0000] {processor.py:183} INFO - Processing /home/airflow/.local/lib/python3.12/site-packages/airflow/example_dags/example_time_delta_sensor_async.py took 0.057 seconds
[2026-09-15T21:41:51.590+0000] {processor.py:161} INFO - Started process (PID=10504) to work on /home/airflow/.local/lib/python3.12/site-packages/airflow/example_dags/example_time_delta_sensor_async.py
[2026-09-15T21:41:51.592+0000] {processor.py:830} INFO - Processing file /home/airflow/.local/lib/python3.12/site-packages/airflow/example_dags/example_time_delta_sensor_async.py for tasks to queue
[2026-09-15T21:41:51.594+0000] {logging_mixin.py:188} INFO - [2026-09-15T21:41:51.593+0000] {dagbag.py:545} INFO - Filling up the DagBag from /home/airflow/.local/lib/python3.12/site-packages/airflow/example_dags/example_time_delta_sensor_async.py
[2026-09-15T21:41:51.597+0000] {processor.py:840} INFO - DAG(s) 'example_time_delta_sensor_async' retrieved from /home/airflow/.local/lib/python3.12/site-packages/airflow/example_dags/example_time_delta_sensor_async.py
[2026-09-15T21:41:51.616+0000] {logging_mixin.py:188} INFO - [2026-09-15T21:41:51.615+0000] {dag.py:3089} INFO - Sync 1 DAGs
[2026-09-15T21:41:51.625+0000] {logging_mixin.py:188} INFO - [2026-09-15T21:41:51.625+0000] {dag.py:3947} INFO - Setting next_dagrun for example_time_delta_sensor_async to None, run_after=None
[2026-09-15T21:41:51.642+0000] {processor.py:183} INFO - Processing /home/airflow/.local/lib/python3.12/site-packages/airflow/example_dags/example_time_delta_sensor_async.py took 0.056 seconds
[2026-09-15T21:42:22.611+0000] {processor.py:161} INFO - Started process (PID=10773) to work on /home/airflow/.local/lib/python3.12/site-packages/airflow/example_dags/example_time_delta_sensor_async.py
[2026-09-15T21:42:22.612+0000] {processor.py:830} INFO - Processing file /home/airflow/.local/lib/python3.12/site-packages/airflow/example_dags/example_time_delta_sensor_async.py for tasks to queue
[2026-09-15T21:42:22.615+0000] {logging_mixin.py:188} INFO - [2026-09-15T21:42:22.614+0000] {dagbag.py:545} INFO - Filling up the DagBag from /home/airflow/.local/lib/python3.12/site-packages/airflow/example_dags/example_time_delta_sensor_async.py
[2026-09-15T21:42:22.618+0000] {processor.py:840} INFO - DAG(s) 'example_time_delta_sensor_async' retrieved from /home/airflow/.local/lib/python3.12/site-packages/airflow/example_dags/example_time_delta_sensor_async.py
[2026-09-15T21:42:22.636+0000] {logging_mixin.py:188} INFO - [2026-09-15T21:42:22.636+0000] {dag.py:3089} INFO - Sync 1 DAGs
[2026-09-15T21:42:22.646+0000] {logging_mixin.py:188} INFO - [2026-09-15T21:42:22.646+0000] {dag.py:3947} INFO - Setting next_dagrun for example_time_delta_sensor_async to None, run_after=None
[2026-09-15T21:42:22.661+0000] {processor.py:183} INFO - Processing /home/airflow/.local/lib/python3.12/site-packages/airflow/example_dags/example_time_delta_sensor_async.py took 0.055 seconds
[2026-09-15T21:42:53.438+0000] {processor.py:161} INFO - Started process (PID=11033) to work on /home/airflow/.local/lib/python3.12/site-packages/airflow/example_dags/example_time_delta_sensor_async.py
[2026-09-15T21:42:53.439+0000] {processor.py:830} INFO - Processing file /home/airflow/.local/lib/python3.12/site-packages/airflow/example_dags/example_time_delta_sensor_async.py for tasks to queue
[2026-09-15T21:42:53.441+0000] {logging_mixin.py:188} INFO - [2026-09-15T21:42:53.441+0000] {dagbag.py:545} INFO - Filling up the DagBag from /home/airflow/.local/lib/python3.12/site-packages/airflow/example_dags/example_time_delta_sensor_async.py
[2026-09-15T21:42:53.445+0000] {processor.py:840} INFO - DAG(s) 'example_time_delta_sensor_async' retrieved from /home/airflow/.local/lib/python3.12/site-packages/airflow/example_dags/example_time_delta_sensor_async.py
[2026-09-15T21:42:53.462+0000] {logging_mixin.py:188} INFO - [2026-09-15T21:42:53.462+0000] {dag.py:3089} INFO - Sync 1 DAGs
[2026-09-15T21:42:53.472+0000] {logging_mixin.py:188} INFO - [2026-09-15T21:42:53.472+0000] {dag.py:3947} INFO - Setting next_dagrun for example_time_delta_sensor_async to None, run_after=None
[2026-09-15T21:42:53.488+0000] {processor.py:183} INFO - Processing /home/airflow/.local/lib/python3.12/site-packages/airflow/example_dags/example_time_delta_sensor_async.py took 0.054 seconds
[2026-09-15T21:43:24.269+0000] {processor.py:161} INFO - Started process (PID=11295) to work on /home/airflow/.local/lib/python3.12/site-packages/airflow/example_dags/example_time_delta_sensor_async.py
[2026-09-15T21:43:24.273+0000] {processor.py:830} INFO - Processing file /home/airflow/.local/lib/python3.12/site-packages/airflow/example_dags/example_time_delta_sensor_async.py for tasks to queue
[2026-09-15T21:43:24.277+0000] {logging_mixin.py:188} INFO - [2026-09-15T21:43:24.276+0000] {dagbag.py:545} INFO - Filling up the DagBag from /home/airflow/.local/lib/python3.12/site-packages/airflow/example_dags/example_time_delta_sensor_async.py
[2026-09-15T21:43:24.286+0000] {processor.py:840} INFO - DAG(s) 'example_time_delta_sensor_async' retrieved from /home/airflow/.local/lib/python3.12/site-packages/airflow/example_dags/example_time_delta_sensor_async.py
[2026-09-15T21:43:24.327+0000] {logging_mixin.py:188} INFO - [2026-09-15T21:43:24.327+0000] {dag.py:3089} INFO - Sync 1 DAGs
[2026-09-15T21:43:24.365+0000] {logging_mixin.py:188} INFO - [2026-09-15T21:43:24.364+0000] {dag.py:3947} INFO - Setting next_dagrun for example_time_delta_sensor_async to None, run_after=None
[2026-09-15T21:43:24.400+0000] {processor.py:183} INFO - Processing /home/airflow/.local/lib/python3.12/site-packages/airflow/example_dags/example_time_delta_sensor_async.py took 0.142 seconds
[2026-09-15T21:43:54.531+0000] {processor.py:161} INFO - Started process (PID=11557) to work on /home/airflow/.local/lib/python3.12/site-packages/airflow/example_dags/example_time_delta_sensor_async.py
[2026-09-15T21:43:54.533+0000] {processor.py:830} INFO - Processing file /home/airflow/.local/lib/python3.12/site-packages/airflow/example_dags/example_time_delta_sensor_async.py for tasks to queue
[2026-09-15T21:43:54.534+0000] {logging_mixin.py:188} INFO - [2026-09-15T21:43:54.534+0000] {dagbag.py:545} INFO - Filling up the DagBag from /home/airflow/.local/lib/python3.12/site-packages/airflow/example_dags/example_time_delta_sensor_async.py
[2026-09-15T21:43:54.538+0000] {processor.py:840} INFO - DAG(s) 'example_time_delta_sensor_async' retrieved from /home/airflow/.local/lib/python3.12/site-packages/airflow/example_dags/example_time_delta_sensor_async.py
[2026-09-15T21:43:54.560+0000] {logging_mixin.py:188} INFO - [2026-09-15T21:43:54.559+0000] {dag.py:3089} INFO - Sync 1 DAGs
[2026-09-15T21:43:54.572+0000] {logging_mixin.py:188} INFO - [2026-09-15T21:43:54.572+0000] {dag.py:3947} INFO - Setting next_dagrun for example_time_delta_sensor_async to None, run_after=None
[2026-09-15T21:43:54.591+0000] {processor.py:183} INFO - Processing /home/airflow/.local/lib/python3.12/site-packages/airflow/example_dags/example_time_delta_sensor_async.py took 0.064 seconds
[2026-09-15T21:44:24.697+0000] {processor.py:161} INFO - Started process (PID=11819) to work on /home/airflow/.local/lib/python3.12/site-packages/airflow/example_dags/example_time_delta_sensor_async.py
[2026-09-15T21:44:24.698+0000] {processor.py:830} INFO - Processing file /home/airflow/.local/lib/python3.12/site-packages/airflow/example_dags/example_time_delta_sensor_async.py for tasks to queue
[2026-09-15T21:44:24.700+0000] {logging_mixin.py:188} INFO - [2026-09-15T21:44:24.700+0000] {dagbag.py:545} INFO - Filling up the DagBag from /home/airflow/.local/lib/python3.12/site-packages/airflow/example_dags/example_time_delta_sensor_async.py
[2026-09-15T21:44:24.706+0000] {processor.py:840} INFO - DAG(s) 'example_time_delta_sensor_async' retrieved from /home/airflow/.local/lib/python3.12/site-packages/airflow/example_dags/example_time_delta_sensor_async.py
[2026-09-15T21:44:24.726+0000] {logging_mixin.py:188} INFO - [2026-09-15T21:44:24.725+0000] {dag.py:3089} INFO - Sync 1 DAGs
[2026-09-15T21:44:24.735+0000] {logging_mixin.py:188} INFO - [2026-09-15T21:44:24.735+0000] {dag.py:3947} INFO - Setting next_dagrun for example_time_delta_sensor_async to None, run_after=None
[2026-09-15T21:44:24.753+0000] {processor.py:183} INFO - Processing /home/airflow/.local/lib/python3.12/site-packages/airflow/example_dags/example_time_delta_sensor_async.py took 0.064 seconds
[2026-09-15T21:44:54.923+0000] {processor.py:161} INFO - Started process (PID=12093) to work on /home/airflow/.local/lib/python3.12/site-packages/airflow/example_dags/example_time_delta_sensor_async.py
[2026-09-15T21:44:54.924+0000] {processor.py:830} INFO - Processing file /home/airflow/.local/lib/python3.12/site-packages/airflow/example_dags/example_time_delta_sensor_async.py for tasks to queue
[2026-09-15T21:44:54.927+0000] {logging_mixin.py:188} INFO - [2026-09-15T21:44:54.926+0000] {dagbag.py:545} INFO - Filling up the DagBag from /home/airflow/.local/lib/python3.12/site-packages/airflow/example_dags/example_time_delta_sensor_async.py
[2026-09-15T21:44:54.930+0000] {processor.py:840} INFO - DAG(s) 'example_time_delta_sensor_async' retrieved from /home/airflow/.local/lib/python3.12/site-packages/airflow/example_dags/example_time_delta_sensor_async.py
[2026-09-15T21:44:54.947+0000] {logging_mixin.py:188} INFO - [2026-09-15T21:44:54.947+0000] {dag.py:3089} INFO - Sync 1 DAGs
[2026-09-15T21:44:54.956+0000] {logging_mixin.py:188} INFO - [2026-09-15T21:44:54.956+0000] {dag.py:3947} INFO - Setting next_dagrun for example_time_delta_sensor_async to None, run_after=None
[2026-09-15T21:44:54.973+0000] {processor.py:183} INFO - Processing /home/airflow/.local/lib/python3.12/site-packages/airflow/example_dags/example_time_delta_sensor_async.py took 0.055 seconds
