[2026-09-15T21:00:58.698+0000] {processor.py:161} INFO - Started process (PID=65) to work on /home/airflow/.local/lib/python3.12/site-packages/airflow/example_dags/example_dynamic_task_mapping_with_no_taskflow_operators.py
[2026-09-15T21:00:58.700+0000] {processor.py:830} INFO - Processing file /home/airflow/.local/lib/python3.12/site-packages/airflow/example_dags/example_dynamic_task_mapping_with_no_taskflow_operators.py for tasks to queue
[2026-09-15T21:00:58.704+0000] {logging_mixin.py:188} INFO - [2026-09-15T21:00:58.703+0000] {dagbag.py:545} INFO - Filling up the DagBag from /home/airflow/.local/lib/python3.12/site-packages/airflow/example_dags/example_dynamic_task_mapping_with_no_taskflow_operators.py
[2026-09-15T21:00:58.714+0000] {processor.py:840} INFO - DAG(s) 'example_dynamic_task_mapping_with_no_taskflow_operators' retrieved from /home/airflow/.local/lib/python3.12/site-packages/airflow/example_dags/example_dynamic_task_mapping_with_no_taskflow_operators.py
[2026-09-15T21:00:58.732+0000] {logging_mixin.py:188} INFO - [2026-09-15T21:00:58.732+0000] {dag.py:3089} INFO - Sync 1 DAGs
[2026-09-15T21:00:58.760+0000] {logging_mixin.py:188} INFO - [2026-09-15T21:00:58.760+0000] {dag.py:3947} INFO - Setting next_dagrun for example_dynamic_task_mapping_with_no_taskflow_operators to 2026-09-14 00:00:00+00:00, run_after=2026-09-15 00:00:00+00:00
[2026-09-15T21:00:58.786+0000] {processor.py:183} INFO - Processing /home/airflow/.local/lib/python3.12/site-packages/airflow/example_dags/example_dynamic_task_mapping_with_no_taskflow_operators.py took 0.095 seconds
[2026-09-15T21:01:30.218+0000] {processor.py:161} INFO - Started process (PID=123) to work on /home/airflow/.local/lib/python3.12/site-packages/airflow/example_dags/example_dynamic_task_mapping_with_no_taskflow_operators.py
[2026-09-15T21:01:30.219+0000] {processor.py:830} INFO - Processing file /home/airflow/.local/lib/python3.12/site-packages/airflow/example_dags/example_dynamic_task_mapping_with_no_taskflow_operators.py for tasks to queue
[2026-09-15T21:01:30.222+0000] {logging_mixin.py:188} INFO - [2026-09-15T21:01:30.221+0000] {dagbag.py:545} INFO - Filling up the DagBag from /home/airflow/.local/lib/python3.12/site-packages/airflow/example_dags/example_dynamic_task_mapping_with_no_taskflow_operators.py
[2026-09-15T21:01:30.227+0000] {processor.py:840} INFO - DAG(s) 'example_dynamic_task_mapping_with_no_taskflow_operators' retrieved from /home/airflow/.local/lib/python3.12/site-packages/airflow/example_dags/example_dynamic_task_mapping_with_no_taskflow_operators.py
[2026-09-15T21:01:30.316+0000] {logging_mixin.py:188} INFO - [2026-09-15T21:01:30.315+0000] {dag.py:3089} INFO - Sync 1 DAGs
[2026-09-15T21:01:30.333+0000] {logging_mixin.py:188} INFO - [2026-09-15T21:01:30.333+0000] {dag.py:3947} INFO - Setting next_dagrun for example_dynamic_task_mapping_with_no_taskflow_operators to 2026-09-14 00:00:00+00:00, run_after=2026-09-15 00:00:00+00:00
[2026-09-15T21:01:30.351+0000] {processor.py:183} INFO - Processing /home/airflow/.local/lib/python3.12/site-packages/airflow/example_dags/example_dynamic_task_mapping_with_no_taskflow_operators.py took 0.139 seconds
[2026-09-15T21:02:00.521+0000] {processor.py:161} INFO - Started process (PID=181) to work on /home/airflow/.local/lib/python3.12/site-packages/airflow/example_dags/example_dynamic_task_mapping_with_no_taskflow_operators.py
[2026-09-15T21:02:00.522+0000] {processor.py:830} INFO - Processing file /home/airflow/.local/lib/python3.12/site-packages/airflow/example_dags/example_dynamic_task_mapping_with_no_taskflow_operators.py for tasks to queue
[2026-09-15T21:02:00.524+0000] {logging_mixin.py:188} INFO - [2026-09-15T21:02:00.524+0000] {dagbag.py:545} INFO - Filling up the DagBag from /home/airflow/.local/lib/python3.12/site-packages/airflow/example_dags/example_dynamic_task_mapping_with_no_taskflow_operators.py
[2026-09-15T21:02:00.530+0000] {processor.py:840} INFO - DAG(s) 'example_dynamic_task_mapping_with_no_taskflow_operators' retrieved from /home/airflow/.local/lib/python3.12/site-packages/airflow/example_dags/example_dynamic_task_mapping_with_no_taskflow_operators.py
[2026-09-15T21:02:00.547+0000] {logging_mixin.py:188} INFO - [2026-09-15T21:02:00.547+0000] {dag.py:3089} INFO - Sync 1 DAGs
[2026-09-15T21:02:00.562+0000] {logging_mixin.py:188} INFO - [2026-09-15T21:02:00.562+0000] {dag.py:3947} INFO - Setting next_dagrun for example_dynamic_task_mapping_with_no_taskflow_operators to 2026-09-14 00:00:00+00:00, run_after=2026-09-15 00:00:00+00:00
[2026-09-15T21:02:00.577+0000] {processor.py:183} INFO - Processing /home/airflow/.local/lib/python3.12/site-packages/airflow/example_dags/example_dynamic_task_mapping_with_no_taskflow_operators.py took 0.061 seconds
[2026-09-15T21:02:31.072+0000] {processor.py:161} INFO - Started process (PID=246) to work on /home/airflow/.local/lib/python3.12/site-packages/airflow/example_dags/example_dynamic_task_mapping_with_no_taskflow_operators.py
[2026-09-15T21:02:31.073+0000] {processor.py:830} INFO - Processing file /home/airflow/.local/lib/python3.12/site-packages/airflow/example_dags/example_dynamic_task_mapping_with_no_taskflow_operators.py for tasks to queue
[2026-09-15T21:02:31.075+0000] {logging_mixin.py:188} INFO - [2026-09-15T21:02:31.075+0000] {dagbag.py:545} INFO - Filling up the DagBag from /home/airflow/.local/lib/python3.12/site-packages/airflow/example_dags/example_dynamic_task_mapping_with_no_taskflow_operators.py
[2026-09-15T21:02:31.080+0000] {processor.py:840} INFO - DAG(s) 'example_dynamic_task_mapping_with_no_taskflow_operators' retrieved from /home/airflow/.local/lib/python3.12/site-packages/airflow/example_dags/example_dynamic_task_mapping_with_no_taskflow_operators.py
[2026-09-15T21:02:31.100+0000] {logging_mixin.py:188} INFO - [2026-09-15T21:02:31.100+0000] {dag.py:3089} INFO - Sync 1 DAGs
[2026-09-15T21:02:31.117+0000] {logging_mixin.py:188} INFO - [2026-09-15T21:02:31.117+0000] {dag.py:3947} INFO - Setting next_dagrun for example_dynamic_task_mapping_with_no_taskflow_operators to 2026-09-14 00:00:00+00:00, run_after=2026-09-15 00:00:00+00:00
[2026-09-15T21:02:31.132+0000] {processor.py:183} INFO - Processing /home/airflow/.local/lib/python3.12/site-packages/airflow/example_dags/example_dynamic_task_mapping_with_no_taskflow_operators.py took 0.065 seconds
[2026-09-15T21:03:01.230+0000] {processor.py:161} INFO - Started process (PID=304) to work on /home/airflow/.local/lib/python3.12/site-packages/airflow/example_dags/example_dynamic_task_mapping_with_no_taskflow_operators.py
[2026-09-15T21:03:01.232+0000] {processor.py:830} INFO - Processing file /home/airflow/.local/lib/python3.12/site-packages/airflow/example_dags/example_dynamic_task_mapping_with_no_taskflow_operators.py for tasks to queue
[2026-09-15T21:03:01.234+0000] {logging_mixin.py:188} INFO - [2026-09-15T21:03:01.233+0000] {dagbag.py:545} INFO - Filling up the DagBag from /home/airflow/.local/lib/python3.12/site-packages/airflow/example_dags/example_dynamic_task_mapping_with_no_taskflow_operators.py
[2026-09-15T21:03:01.240+0000] {processor.py:840} INFO - DAG(s) 'example_dynamic_task_mapping_with_no_taskflow_operators' retrieved from /home/airflow/.local/lib/python3.12/site-packages/airflow/example_dags/example_dynamic_task_mapping_with_no_taskflow_operators.py
[2026-09-15T21:03:01.261+0000] {logging_mixin.py:188} INFO - [2026-09-15T21:03:01.260+0000] {dag.py:3089} INFO - Sync 1 DAGs
[2026-09-15T21:03:01.280+0000] {logging_mixin.py:188} INFO - [2026-09-15T21:03:01.280+0000] {dag.py:3947} INFO - Setting next_dagrun for example_dynamic_task_mapping_with_no_taskflow_operators to 2026-09-14 00:00:00+00:00, run_after=2026-09-15 00:00:00+00:00
[2026-09-15T21:03:01.301+0000] {processor.py:183} INFO - Processing /home/airflow/.local/lib/python3.12/site-packages/airflow/example_dags/example_dynamic_task_mapping_with_no_taskflow_operators.py took 0.076 seconds
[2026-09-15T21:03:31.504+0000] {processor.py:161} INFO - Started process (PID=361) to work on /home/airflow/.local/lib/python3.12/site-packages/airflow/example_dags/example_dynamic_task_mapping_with_no_taskflow_operators.py
[2026-09-15T21:03:31.505+0000] {processor.py:830} INFO - Processing file /home/airflow/.local/lib/python3.12/site-packages/airflow/example_dags/example_dynamic_task_mapping_with_no_taskflow_operators.py for tasks to queue
[2026-09-15T21:03:31.507+0000] {logging_mixin.py:188} INFO - [2026-09-15T21:03:31.507+0000] {dagbag.py:545} INFO - Filling up the DagBag from /home/airflow/.local/lib/python3.12/site-packages/airflow/example_dags/example_dynamic_task_mapping_with_no_taskflow_operators.py
[2026-09-15T21:03:31.512+0000] {processor.py:840} INFO - DAG(s) 'example_dynamic_task_mapping_with_no_taskflow_operators' retrieved from /home/airflow/.local/lib/python3.12/site-packages/airflow/example_dags/example_dynamic_task_mapping_with_no_taskflow_operators.py
[2026-09-15T21:03:31.528+0000] {logging_mixin.py:188} INFO - [2026-09-15T21:03:31.527+0000] {dag.py:3089} INFO - Sync 1 DAGs
[2026-09-15T21:03:31.542+0000] {logging_mixin.py:188} INFO - [2026-09-15T21:03:31.542+0000] {dag.py:3947} INFO - Setting next_dagrun for example_dynamic_task_mapping_with_no_taskflow_operators to 2026-09-14 00:00:00+00:00, run_after=2026-09-15 00:00:00+00:00
[2026-09-15T21:03:31.556+0000] {processor.py:183} INFO - Processing /home/airflow/.local/lib/python3.12/site-packages/airflow/example_dags/example_dynamic_task_mapping_with_no_taskflow_operators.py took 0.056 seconds
[2026-09-15T21:04:01.763+0000] {processor.py:161} INFO - Started process (PID=420) to work on /home/airflow/.local/lib/python3.12/site-packages/airflow/example_dags/example_dynamic_task_mapping_with_no_taskflow_operators.py
[2026-09-15T21:04:01.765+0000] {processor.py:830} INFO - Processing file /home/airflow/.local/lib/python3.12/site-packages/airflow/example_dags/example_dynamic_task_mapping_with_no_taskflow_operators.py for tasks to queue
[2026-09-15T21:04:01.767+0000] {logging_mixin.py:188} INFO - [2026-09-15T21:04:01.766+0000] {dagbag.py:545} INFO - Filling up the DagBag from /home/airflow/.local/lib/python3.12/site-packages/airflow/example_dags/example_dynamic_task_mapping_with_no_taskflow_operators.py
[2026-09-15T21:04:01.772+0000] {processor.py:840} INFO - DAG(s) 'example_dynamic_task_mapping_with_no_taskflow_operators' retrieved from /home/airflow/.local/lib/python3.12/site-packages/airflow/example_dags/example_dynamic_task_mapping_with_no_taskflow_operators.py
[2026-09-15T21:04:01.789+0000] {logging_mixin.py:188} INFO - [2026-09-15T21:04:01.788+0000] {dag.py:3089} INFO - Sync 1 DAGs
[2026-09-15T21:04:01.805+0000] {logging_mixin.py:188} INFO - [2026-09-15T21:04:01.805+0000] {dag.py:3947} INFO - Setting next_dagrun for example_dynamic_task_mapping_with_no_taskflow_operators to 2026-09-14 00:00:00+00:00, run_after=2026-09-15 00:00:00+00:00
[2026-09-15T21:04:01.820+0000] {processor.py:183} INFO - Processing /home/airflow/.local/lib/python3.12/site-packages/airflow/example_dags/example_dynamic_task_mapping_with_no_taskflow_operators.py took 0.061 seconds
[2026-09-15T21:04:31.916+0000] {processor.py:161} INFO - Started process (PID=477) to work on /home/airflow/.local/lib/python3.12/site-packages/airflow/example_dags/example_dynamic_task_mapping_with_no_taskflow_operators.py
[2026-09-15T21:04:31.917+0000] {processor.py:830} INFO - Processing file /home/airflow/.local/lib/python3.12/site-packages/airflow/example_dags/example_dynamic_task_mapping_with_no_taskflow_operators.py for tasks to queue
[2026-09-15T21:04:31.919+0000] {logging_mixin.py:188} INFO - [2026-09-15T21:04:31.918+0000] {dagbag.py:545} INFO - Filling up the DagBag from /home/airflow/.local/lib/python3.12/site-packages/airflow/example_dags/example_dynamic_task_mapping_with_no_taskflow_operators.py
[2026-09-15T21:04:31.923+0000] {processor.py:840} INFO - DAG(s) 'example_dynamic_task_mapping_with_no_taskflow_operators' retrieved from /home/airflow/.local/lib/python3.12/site-packages/airflow/example_dags/example_dynamic_task_mapping_with_no_taskflow_operators.py
[2026-09-15T21:04:31.939+0000] {logging_mixin.py:188} INFO - [2026-09-15T21:04:31.938+0000] {dag.py:3089} INFO - Sync 1 DAGs
[2026-09-15T21:04:31.954+0000] {logging_mixin.py:188} INFO - [2026-09-15T21:04:31.953+0000] {dag.py:3947} INFO - Setting next_dagrun for example_dynamic_task_mapping_with_no_taskflow_operators to 2026-09-14 00:00:00+00:00, run_after=2026-09-15 00:00:00+00:00
[2026-09-15T21:04:31.967+0000] {processor.py:183} INFO - Processing /home/airflow/.local/lib/python3.12/site-packages/airflow/example_dags/example_dynamic_task_mapping_with_no_taskflow_operators.py took 0.056 seconds
[2026-09-15T21:05:02.049+0000] {processor.py:161} INFO - Started process (PID=535) to work on /home/airflow/.local/lib/python3.12/site-packages/airflow/example_dags/example_dynamic_task_mapping_with_no_taskflow_operators.py
[2026-09-15T21:05:02.050+0000] {processor.py:830} INFO - Processing file /home/airflow/.local/lib/python3.12/site-packages/airflow/example_dags/example_dynamic_task_mapping_with_no_taskflow_operators.py for tasks to queue
[2026-09-15T21:05:02.052+0000] {logging_mixin.py:188} INFO - [2026-09-15T21:05:02.052+0000] {dagbag.py:545} INFO - Filling up the DagBag from /home/airflow/.local/lib/python3.12/site-packages/airflow/example_dags/example_dynamic_task_mapping_with_no_taskflow_operators.py
[2026-09-15T21:05:02.057+0000] {processor.py:840} INFO - DAG(s) 'example_dynamic_task_mapping_with_no_taskflow_operators' retrieved from /home/airflow/.local/lib/python3.12/site-packages/airflow/example_dags/example_dynamic_task_mapping_with_no_taskflow_operators.py
[2026-09-15T21:05:02.075+0000] {logging_mixin.py:188} INFO - [2026-09-15T21:05:02.074+0000] {dag.py:3089} INFO - Sync 1 DAGs
[2026-09-15T21:05:02.091+0000] {logging_mixin.py:188} INFO - [2026-09-15T21:05:02.091+0000] {dag.py:3947} INFO - Setting next_dagrun for example_dynamic_task_mapping_with_no_taskflow_operators to 2026-09-14 00:00:00+00:00, run_after=2026-09-15 00:00:00+00:00
[2026-09-15T21:05:02.105+0000] {processor.py:183} INFO - Processing /home/airflow/.local/lib/python3.12/site-packages/airflow/example_dags/example_dynamic_task_mapping_with_no_taskflow_operators.py took 0.060 seconds
[2026-09-15T21:05:32.137+0000] {processor.py:161} INFO - Started process (PID=593) to work on /home/airflow/.local/lib/python3.12/site-packages/airflow/example_dags/example_dynamic_task_mapping_with_no_taskflow_operators.py
[2026-09-15T21:05:32.138+0000] {processor.py:830} INFO - Processing file /home/airflow/.local/lib/python3.12/site-packages/airflow/example_dags/example_dynamic_task_mapping_with_no_taskflow_operators.py for tasks to queue
[2026-09-15T21:05:32.140+0000] {logging_mixin.py:188} INFO - [2026-09-15T21:05:32.140+0000] {dagbag.py:545} INFO - Filling up the DagBag from /home/airflow/.local/lib/python3.12/site-packages/airflow/example_dags/example_dynamic_task_mapping_with_no_taskflow_operators.py
[2026-09-15T21:05:32.145+0000] {processor.py:840} INFO - DAG(s) 'example_dynamic_task_mapping_with_no_taskflow_operators' retrieved from /home/airflow/.local/lib/python3.12/site-packages/airflow/example_dags/example_dynamic_task_mapping_with_no_taskflow_operators.py
[2026-09-15T21:05:32.161+0000] {logging_mixin.py:188} INFO - [2026-09-15T21:05:32.160+0000] {dag.py:3089} INFO - Sync 1 DAGs
[2026-09-15T21:05:32.176+0000] {logging_mixin.py:188} INFO - [2026-09-15T21:05:32.175+0000] {dag.py:3947} INFO - Setting next_dagrun for example_dynamic_task_mapping_with_no_taskflow_operators to 2026-09-14 00:00:00+00:00, run_after=2026-09-15 00:00:00+00:00
[2026-09-15T21:05:32.188+0000] {processor.py:183} INFO - Processing /home/airflow/.local/lib/python3.12/site-packages/airflow/example_dags/example_dynamic_task_mapping_with_no_taskflow_operators.py took 0.056 seconds
[2026-09-15T21:06:02.494+0000] {processor.py:161} INFO - Started process (PID=651) to work on /home/airflow/.local/lib/python3.12/site-packages/airflow/example_dags/example_dynamic_task_mapping_with_no_taskflow_operators.py
[2026-09-15T21:06:02.495+0000] {processor.py:830} INFO - Processing file /home/airflow/.local/lib/python3.12/site-packages/airflow/example_dags/example_dynamic_task_mapping_with_no_taskflow_operators.py for tasks to queue
[2026-09-15T21:06:02.497+0000] {logging_mixin.py:188} INFO - [2026-09-15T21:06:02.497+0000] {dagbag.py:545} INFO - Filling up the DagBag from /home/airflow/.local/lib/python3.12/site-packages/airflow/example_dags/example_dynamic_task_mapping_with_no_taskflow_operators.py
[2026-09-15T21:06:02.503+0000] {processor.py:840} INFO - DAG(s) 'example_dynamic_task_mapping_with_no_taskflow_operators' retrieved from /home/airflow/.local/lib/python3.12/site-packages/airflow/example_dags/example_dynamic_task_mapping_with_no_taskflow_operators.py
[2026-09-15T21:06:02.519+0000] {logging_mixin.py:188} INFO - [2026-09-15T21:06:02.518+0000] {dag.py:3089} INFO - Sync 1 DAGs
[2026-09-15T21:06:02.533+0000] {logging_mixin.py:188} INFO - [2026-09-15T21:06:02.533+0000] {dag.py:3947} INFO - Setting next_dagrun for example_dynamic_task_mapping_with_no_taskflow_operators to 2026-09-14 00:00:00+00:00, run_after=2026-09-15 00:00:00+00:00
[2026-09-15T21:06:02.546+0000] {processor.py:183} INFO - Processing /home/airflow/.local/lib/python3.12/site-packages/airflow/example_dags/example_dynamic_task_mapping_with_no_taskflow_operators.py took 0.055 seconds
[2026-09-15T21:06:32.696+0000] {processor.py:161} INFO - Started process (PID=712) to work on /home/airflow/.local/lib/python3.12/site-packages/airflow/example_dags/example_dynamic_task_mapping_with_no_taskflow_operators.py
[2026-09-15T21:06:32.698+0000] {processor.py:830} INFO - Processing file /home/airflow/.local/lib/python3.12/site-packages/airflow/example_dags/example_dynamic_task_mapping_with_no_taskflow_operators.py for tasks to queue
[2026-09-15T21:06:32.700+0000] {logging_mixin.py:188} INFO - [2026-09-15T21:06:32.700+0000] {dagbag.py:545} INFO - Filling up the DagBag from /home/airflow/.local/lib/python3.12/site-packages/airflow/example_dags/example_dynamic_task_mapping_with_no_taskflow_operators.py
[2026-09-15T21:06:32.706+0000] {processor.py:840} INFO - DAG(s) 'example_dynamic_task_mapping_with_no_taskflow_operators' retrieved from /home/airflow/.local/lib/python3.12/site-packages/airflow/example_dags/example_dynamic_task_mapping_with_no_taskflow_operators.py
[2026-09-15T21:06:32.723+0000] {logging_mixin.py:188} INFO - [2026-09-15T21:06:32.723+0000] {dag.py:3089} INFO - Sync 1 DAGs
[2026-09-15T21:06:32.739+0000] {logging_mixin.py:188} INFO - [2026-09-15T21:06:32.739+0000] {dag.py:3947} INFO - Setting next_dagrun for example_dynamic_task_mapping_with_no_taskflow_operators to 2026-09-14 00:00:00+00:00, run_after=2026-09-15 00:00:00+00:00
[2026-09-15T21:06:32.753+0000] {processor.py:183} INFO - Processing /home/airflow/.local/lib/python3.12/site-packages/airflow/example_dags/example_dynamic_task_mapping_with_no_taskflow_operators.py took 0.061 seconds
[2026-09-15T21:07:03.044+0000] {processor.py:161} INFO - Started process (PID=770) to work on /home/airflow/.local/lib/python3.12/site-packages/airflow/example_dags/example_dynamic_task_mapping_with_no_taskflow_operators.py
[2026-09-15T21:07:03.046+0000] {processor.py:830} INFO - Processing file /home/airflow/.local/lib/python3.12/site-packages/airflow/example_dags/example_dynamic_task_mapping_with_no_taskflow_operators.py for tasks to queue
[2026-09-15T21:07:03.048+0000] {logging_mixin.py:188} INFO - [2026-09-15T21:07:03.048+0000] {dagbag.py:545} INFO - Filling up the DagBag from /home/airflow/.local/lib/python3.12/site-packages/airflow/example_dags/example_dynamic_task_mapping_with_no_taskflow_operators.py
[2026-09-15T21:07:03.054+0000] {processor.py:840} INFO - DAG(s) 'example_dynamic_task_mapping_with_no_taskflow_operators' retrieved from /home/airflow/.local/lib/python3.12/site-packages/airflow/example_dags/example_dynamic_task_mapping_with_no_taskflow_operators.py
[2026-09-15T21:07:03.073+0000] {logging_mixin.py:188} INFO - [2026-09-15T21:07:03.073+0000] {dag.py:3089} INFO - Sync 1 DAGs
[2026-09-15T21:07:03.091+0000] {logging_mixin.py:188} INFO - [2026-09-15T21:07:03.090+0000] {dag.py:3947} INFO - Setting next_dagrun for example_dynamic_task_mapping_with_no_taskflow_operators to 2026-09-14 00:00:00+00:00, run_after=2026-09-15 00:00:00+00:00
[2026-09-15T21:07:03.107+0000] {processor.py:183} INFO - Processing /home/airflow/.local/lib/python3.12/site-packages/airflow/example_dags/example_dynamic_task_mapping_with_no_taskflow_operators.py took 0.068 seconds
[2026-09-15T21:07:33.257+0000] {processor.py:161} INFO - Started process (PID=828) to work on /home/airflow/.local/lib/python3.12/site-packages/airflow/example_dags/example_dynamic_task_mapping_with_no_taskflow_operators.py
[2026-09-15T21:07:33.258+0000] {processor.py:830} INFO - Processing file /home/airflow/.local/lib/python3.12/site-packages/airflow/example_dags/example_dynamic_task_mapping_with_no_taskflow_operators.py for tasks to queue
[2026-09-15T21:07:33.260+0000] {logging_mixin.py:188} INFO - [2026-09-15T21:07:33.260+0000] {dagbag.py:545} INFO - Filling up the DagBag from /home/airflow/.local/lib/python3.12/site-packages/airflow/example_dags/example_dynamic_task_mapping_with_no_taskflow_operators.py
[2026-09-15T21:07:33.265+0000] {processor.py:840} INFO - DAG(s) 'example_dynamic_task_mapping_with_no_taskflow_operators' retrieved from /home/airflow/.local/lib/python3.12/site-packages/airflow/example_dags/example_dynamic_task_mapping_with_no_taskflow_operators.py
[2026-09-15T21:07:33.282+0000] {logging_mixin.py:188} INFO - [2026-09-15T21:07:33.282+0000] {dag.py:3089} INFO - Sync 1 DAGs
[2026-09-15T21:07:33.297+0000] {logging_mixin.py:188} INFO - [2026-09-15T21:07:33.297+0000] {dag.py:3947} INFO - Setting next_dagrun for example_dynamic_task_mapping_with_no_taskflow_operators to 2026-09-14 00:00:00+00:00, run_after=2026-09-15 00:00:00+00:00
[2026-09-15T21:07:33.310+0000] {processor.py:183} INFO - Processing /home/airflow/.local/lib/python3.12/site-packages/airflow/example_dags/example_dynamic_task_mapping_with_no_taskflow_operators.py took 0.057 seconds
[2026-09-15T21:08:03.402+0000] {processor.py:161} INFO - Started process (PID=886) to work on /home/airflow/.local/lib/python3.12/site-packages/airflow/example_dags/example_dynamic_task_mapping_with_no_taskflow_operators.py
[2026-09-15T21:08:03.403+0000] {processor.py:830} INFO - Processing file /home/airflow/.local/lib/python3.12/site-packages/airflow/example_dags/example_dynamic_task_mapping_with_no_taskflow_operators.py for tasks to queue
[2026-09-15T21:08:03.405+0000] {logging_mixin.py:188} INFO - [2026-09-15T21:08:03.405+0000] {dagbag.py:545} INFO - Filling up the DagBag from /home/airflow/.local/lib/python3.12/site-packages/airflow/example_dags/example_dynamic_task_mapping_with_no_taskflow_operators.py
[2026-09-15T21:08:03.411+0000] {processor.py:840} INFO - DAG(s) 'example_dynamic_task_mapping_with_no_taskflow_operators' retrieved from /home/airflow/.local/lib/python3.12/site-packages/airflow/example_dags/example_dynamic_task_mapping_with_no_taskflow_operators.py
[2026-09-15T21:08:03.428+0000] {logging_mixin.py:188} INFO - [2026-09-15T21:08:03.428+0000] {dag.py:3089} INFO - Sync 1 DAGs
[2026-09-15T21:08:03.443+0000] {logging_mixin.py:188} INFO - [2026-09-15T21:08:03.443+0000] {dag.py:3947} INFO - Setting next_dagrun for example_dynamic_task_mapping_with_no_taskflow_operators to 2026-09-14 00:00:00+00:00, run_after=2026-09-15 00:00:00+00:00
[2026-09-15T21:08:03.457+0000] {processor.py:183} INFO - Processing /home/airflow/.local/lib/python3.12/site-packages/airflow/example_dags/example_dynamic_task_mapping_with_no_taskflow_operators.py took 0.060 seconds
[2026-09-15T21:08:33.657+0000] {processor.py:161} INFO - Started process (PID=944) to work on /home/airflow/.local/lib/python3.12/site-packages/airflow/example_dags/example_dynamic_task_mapping_with_no_taskflow_operators.py
[2026-09-15T21:08:33.658+0000] {processor.py:830} INFO - Processing file /home/airflow/.local/lib/python3.12/site-packages/airflow/example_dags/example_dynamic_task_mapping_with_no_taskflow_operators.py for tasks to queue
[2026-09-15T21:08:33.660+0000] {logging_mixin.py:188} INFO - [2026-09-15T21:08:33.660+0000] {dagbag.py:545} INFO - Filling up the DagBag from /home/airflow/.local/lib/python3.12/site-packages/airflow/example_dags/example_dynamic_task_mapping_with_no_taskflow_operators.py
[2026-09-15T21:08:33.665+0000] {processor.py:840} INFO - DAG(s) 'example_dynamic_task_mapping_with_no_taskflow_operators' retrieved from /home/airflow/.local/lib/python3.12/site-packages/airflow/example_dags/example_dynamic_task_mapping_with_no_taskflow_operators.py
[2026-09-15T21:08:33.682+0000] {logging_mixin.py:188} INFO - [2026-09-15T21:08:33.681+0000] {dag.py:3089} INFO - Sync 1 DAGs
[2026-09-15T21:08:33.698+0000] {logging_mixin.py:188} INFO - [2026-09-15T21:08:33.697+0000] {dag.py:3947} INFO - Setting next_dagrun for example_dynamic_task_mapping_with_no_taskflow_operators to 2026-09-14 00:00:00+00:00, run_after=2026-09-15 00:00:00+00:00
[2026-09-15T21:08:33.712+0000] {processor.py:183} INFO - Processing /home/airflow/.local/lib/python3.12/site-packages/airflow/example_dags/example_dynamic_task_mapping_with_no_taskflow_operators.py took 0.059 seconds
[2026-09-15T21:09:03.795+0000] {processor.py:161} INFO - Started process (PID=1002) to work on /home/airflow/.local/lib/python3.12/site-packages/airflow/example_dags/example_dynamic_task_mapping_with_no_taskflow_operators.py
[2026-09-15T21:09:03.796+0000] {processor.py:830} INFO - Processing file /home/airflow/.local/lib/python3.12/site-packages/airflow/example_dags/example_dynamic_task_mapping_with_no_taskflow_operators.py for tasks to queue
[2026-09-15T21:09:03.798+0000] {logging_mixin.py:188} INFO - [2026-09-15T21:09:03.797+0000] {dagbag.py:545} INFO - Filling up the DagBag from /home/airflow/.local/lib/python3.12/site-packages/airflow/example_dags/example_dynamic_task_mapping_with_no_taskflow_operators.py
[2026-09-15T21:09:03.803+0000] {processor.py:840} INFO - DAG(s) 'example_dynamic_task_mapping_with_no_taskflow_operators' retrieved from /home/airflow/.local/lib/python3.12/site-packages/airflow/example_dags/example_dynamic_task_mapping_with_no_taskflow_operators.py
[2026-09-15T21:09:03.819+0000] {logging_mixin.py:188} INFO - [2026-09-15T21:09:03.819+0000] {dag.py:3089} INFO - Sync 1 DAGs
[2026-09-15T21:09:03.834+0000] {logging_mixin.py:188} INFO - [2026-09-15T21:09:03.834+0000] {dag.py:3947} INFO - Setting next_dagrun for example_dynamic_task_mapping_with_no_taskflow_operators to 2026-09-14 00:00:00+00:00, run_after=2026-09-15 00:00:00+00:00
[2026-09-15T21:09:03.847+0000] {processor.py:183} INFO - Processing /home/airflow/.local/lib/python3.12/site-packages/airflow/example_dags/example_dynamic_task_mapping_with_no_taskflow_operators.py took 0.057 seconds
[2026-09-15T21:09:33.996+0000] {processor.py:161} INFO - Started process (PID=1060) to work on /home/airflow/.local/lib/python3.12/site-packages/airflow/example_dags/example_dynamic_task_mapping_with_no_taskflow_operators.py
[2026-09-15T21:09:33.997+0000] {processor.py:830} INFO - Processing file /home/airflow/.local/lib/python3.12/site-packages/airflow/example_dags/example_dynamic_task_mapping_with_no_taskflow_operators.py for tasks to queue
[2026-09-15T21:09:33.999+0000] {logging_mixin.py:188} INFO - [2026-09-15T21:09:33.999+0000] {dagbag.py:545} INFO - Filling up the DagBag from /home/airflow/.local/lib/python3.12/site-packages/airflow/example_dags/example_dynamic_task_mapping_with_no_taskflow_operators.py
[2026-09-15T21:09:34.004+0000] {processor.py:840} INFO - DAG(s) 'example_dynamic_task_mapping_with_no_taskflow_operators' retrieved from /home/airflow/.local/lib/python3.12/site-packages/airflow/example_dags/example_dynamic_task_mapping_with_no_taskflow_operators.py
[2026-09-15T21:09:34.021+0000] {logging_mixin.py:188} INFO - [2026-09-15T21:09:34.021+0000] {dag.py:3089} INFO - Sync 1 DAGs
[2026-09-15T21:09:34.037+0000] {logging_mixin.py:188} INFO - [2026-09-15T21:09:34.037+0000] {dag.py:3947} INFO - Setting next_dagrun for example_dynamic_task_mapping_with_no_taskflow_operators to 2026-09-14 00:00:00+00:00, run_after=2026-09-15 00:00:00+00:00
[2026-09-15T21:09:34.053+0000] {processor.py:183} INFO - Processing /home/airflow/.local/lib/python3.12/site-packages/airflow/example_dags/example_dynamic_task_mapping_with_no_taskflow_operators.py took 0.061 seconds
[2026-09-15T21:10:04.383+0000] {processor.py:161} INFO - Started process (PID=1118) to work on /home/airflow/.local/lib/python3.12/site-packages/airflow/example_dags/example_dynamic_task_mapping_with_no_taskflow_operators.py
[2026-09-15T21:10:04.385+0000] {processor.py:830} INFO - Processing file /home/airflow/.local/lib/python3.12/site-packages/airflow/example_dags/example_dynamic_task_mapping_with_no_taskflow_operators.py for tasks to queue
[2026-09-15T21:10:04.387+0000] {logging_mixin.py:188} INFO - [2026-09-15T21:10:04.387+0000] {dagbag.py:545} INFO - Filling up the DagBag from /home/airflow/.local/lib/python3.12/site-packages/airflow/example_dags/example_dynamic_task_mapping_with_no_taskflow_operators.py
[2026-09-15T21:10:04.393+0000] {processor.py:840} INFO - DAG(s) 'example_dynamic_task_mapping_with_no_taskflow_operators' retrieved from /home/airflow/.local/lib/python3.12/site-packages/airflow/example_dags/example_dynamic_task_mapping_with_no_taskflow_operators.py
[2026-09-15T21:10:04.413+0000] {logging_mixin.py:188} INFO - [2026-09-15T21:10:04.412+0000] {dag.py:3089} INFO - Sync 1 DAGs
[2026-09-15T21:10:04.429+0000] {logging_mixin.py:188} INFO - [2026-09-15T21:10:04.429+0000] {dag.py:3947} INFO - Setting next_dagrun for example_dynamic_task_mapping_with_no_taskflow_operators to 2026-09-14 00:00:00+00:00, run_after=2026-09-15 00:00:00+00:00
[2026-09-15T21:10:04.443+0000] {processor.py:183} INFO - Processing /home/airflow/.local/lib/python3.12/site-packages/airflow/example_dags/example_dynamic_task_mapping_with_no_taskflow_operators.py took 0.065 seconds
[2026-09-15T21:10:34.670+0000] {processor.py:161} INFO - Started process (PID=1176) to work on /home/airflow/.local/lib/python3.12/site-packages/airflow/example_dags/example_dynamic_task_mapping_with_no_taskflow_operators.py
[2026-09-15T21:10:34.671+0000] {processor.py:830} INFO - Processing file /home/airflow/.local/lib/python3.12/site-packages/airflow/example_dags/example_dynamic_task_mapping_with_no_taskflow_operators.py for tasks to queue
[2026-09-15T21:10:34.673+0000] {logging_mixin.py:188} INFO - [2026-09-15T21:10:34.673+0000] {dagbag.py:545} INFO - Filling up the DagBag from /home/airflow/.local/lib/python3.12/site-packages/airflow/example_dags/example_dynamic_task_mapping_with_no_taskflow_operators.py
[2026-09-15T21:10:34.679+0000] {processor.py:840} INFO - DAG(s) 'example_dynamic_task_mapping_with_no_taskflow_operators' retrieved from /home/airflow/.local/lib/python3.12/site-packages/airflow/example_dags/example_dynamic_task_mapping_with_no_taskflow_operators.py
[2026-09-15T21:10:34.690+0000] {logging_mixin.py:188} INFO - [2026-09-15T21:10:34.690+0000] {dag.py:3089} INFO - Sync 1 DAGs
[2026-09-15T21:10:34.707+0000] {logging_mixin.py:188} INFO - [2026-09-15T21:10:34.706+0000] {dag.py:3947} INFO - Setting next_dagrun for example_dynamic_task_mapping_with_no_taskflow_operators to 2026-09-14 00:00:00+00:00, run_after=2026-09-15 00:00:00+00:00
[2026-09-15T21:10:34.724+0000] {processor.py:183} INFO - Processing /home/airflow/.local/lib/python3.12/site-packages/airflow/example_dags/example_dynamic_task_mapping_with_no_taskflow_operators.py took 0.059 seconds
[2026-09-15T21:11:05.451+0000] {processor.py:161} INFO - Started process (PID=1234) to work on /home/airflow/.local/lib/python3.12/site-packages/airflow/example_dags/example_dynamic_task_mapping_with_no_taskflow_operators.py
[2026-09-15T21:11:05.452+0000] {processor.py:830} INFO - Processing file /home/airflow/.local/lib/python3.12/site-packages/airflow/example_dags/example_dynamic_task_mapping_with_no_taskflow_operators.py for tasks to queue
[2026-09-15T21:11:05.454+0000] {logging_mixin.py:188} INFO - [2026-09-15T21:11:05.454+0000] {dagbag.py:545} INFO - Filling up the DagBag from /home/airflow/.local/lib/python3.12/site-packages/airflow/example_dags/example_dynamic_task_mapping_with_no_taskflow_operators.py
[2026-09-15T21:11:05.460+0000] {processor.py:840} INFO - DAG(s) 'example_dynamic_task_mapping_with_no_taskflow_operators' retrieved from /home/airflow/.local/lib/python3.12/site-packages/airflow/example_dags/example_dynamic_task_mapping_with_no_taskflow_operators.py
[2026-09-15T21:11:05.536+0000] {logging_mixin.py:188} INFO - [2026-09-15T21:11:05.536+0000] {dag.py:3089} INFO - Sync 1 DAGs
[2026-09-15T21:11:05.550+0000] {logging_mixin.py:188} INFO - [2026-09-15T21:11:05.550+0000] {dag.py:3947} INFO - Setting next_dagrun for example_dynamic_task_mapping_with_no_taskflow_operators to 2026-09-14 00:00:00+00:00, run_after=2026-09-15 00:00:00+00:00
[2026-09-15T21:11:05.564+0000] {processor.py:183} INFO - Processing /home/airflow/.local/lib/python3.12/site-packages/airflow/example_dags/example_dynamic_task_mapping_with_no_taskflow_operators.py took 0.117 seconds
[2026-09-15T21:11:35.739+0000] {processor.py:161} INFO - Started process (PID=1292) to work on /home/airflow/.local/lib/python3.12/site-packages/airflow/example_dags/example_dynamic_task_mapping_with_no_taskflow_operators.py
[2026-09-15T21:11:35.740+0000] {processor.py:830} INFO - Processing file /home/airflow/.local/lib/python3.12/site-packages/airflow/example_dags/example_dynamic_task_mapping_with_no_taskflow_operators.py for tasks to queue
[2026-09-15T21:11:35.742+0000] {logging_mixin.py:188} INFO - [2026-09-15T21:11:35.742+0000] {dagbag.py:545} INFO - Filling up the DagBag from /home/airflow/.local/lib/python3.12/site-packages/airflow/example_dags/example_dynamic_task_mapping_with_no_taskflow_operators.py
[2026-09-15T21:11:35.748+0000] {processor.py:840} INFO - DAG(s) 'example_dynamic_task_mapping_with_no_taskflow_operators' retrieved from /home/airflow/.local/lib/python3.12/site-packages/airflow/example_dags/example_dynamic_task_mapping_with_no_taskflow_operators.py
[2026-09-15T21:11:35.767+0000] {logging_mixin.py:188} INFO - [2026-09-15T21:11:35.767+0000] {dag.py:3089} INFO - Sync 1 DAGs
[2026-09-15T21:11:35.784+0000] {logging_mixin.py:188} INFO - [2026-09-15T21:11:35.784+0000] {dag.py:3947} INFO - Setting next_dagrun for example_dynamic_task_mapping_with_no_taskflow_operators to 2026-09-14 00:00:00+00:00, run_after=2026-09-15 00:00:00+00:00
[2026-09-15T21:11:35.799+0000] {processor.py:183} INFO - Processing /home/airflow/.local/lib/python3.12/site-packages/airflow/example_dags/example_dynamic_task_mapping_with_no_taskflow_operators.py took 0.064 seconds
[2026-09-15T21:12:05.968+0000] {processor.py:161} INFO - Started process (PID=1350) to work on /home/airflow/.local/lib/python3.12/site-packages/airflow/example_dags/example_dynamic_task_mapping_with_no_taskflow_operators.py
[2026-09-15T21:12:05.969+0000] {processor.py:830} INFO - Processing file /home/airflow/.local/lib/python3.12/site-packages/airflow/example_dags/example_dynamic_task_mapping_with_no_taskflow_operators.py for tasks to queue
[2026-09-15T21:12:05.971+0000] {logging_mixin.py:188} INFO - [2026-09-15T21:12:05.971+0000] {dagbag.py:545} INFO - Filling up the DagBag from /home/airflow/.local/lib/python3.12/site-packages/airflow/example_dags/example_dynamic_task_mapping_with_no_taskflow_operators.py
[2026-09-15T21:12:05.977+0000] {processor.py:840} INFO - DAG(s) 'example_dynamic_task_mapping_with_no_taskflow_operators' retrieved from /home/airflow/.local/lib/python3.12/site-packages/airflow/example_dags/example_dynamic_task_mapping_with_no_taskflow_operators.py
[2026-09-15T21:12:05.995+0000] {logging_mixin.py:188} INFO - [2026-09-15T21:12:05.995+0000] {dag.py:3089} INFO - Sync 1 DAGs
[2026-09-15T21:12:06.012+0000] {logging_mixin.py:188} INFO - [2026-09-15T21:12:06.012+0000] {dag.py:3947} INFO - Setting next_dagrun for example_dynamic_task_mapping_with_no_taskflow_operators to 2026-09-14 00:00:00+00:00, run_after=2026-09-15 00:00:00+00:00
[2026-09-15T21:12:06.027+0000] {processor.py:183} INFO - Processing /home/airflow/.local/lib/python3.12/site-packages/airflow/example_dags/example_dynamic_task_mapping_with_no_taskflow_operators.py took 0.065 seconds
[2026-09-15T21:12:36.483+0000] {processor.py:161} INFO - Started process (PID=1408) to work on /home/airflow/.local/lib/python3.12/site-packages/airflow/example_dags/example_dynamic_task_mapping_with_no_taskflow_operators.py
[2026-09-15T21:12:36.484+0000] {processor.py:830} INFO - Processing file /home/airflow/.local/lib/python3.12/site-packages/airflow/example_dags/example_dynamic_task_mapping_with_no_taskflow_operators.py for tasks to queue
[2026-09-15T21:12:36.486+0000] {logging_mixin.py:188} INFO - [2026-09-15T21:12:36.486+0000] {dagbag.py:545} INFO - Filling up the DagBag from /home/airflow/.local/lib/python3.12/site-packages/airflow/example_dags/example_dynamic_task_mapping_with_no_taskflow_operators.py
[2026-09-15T21:12:36.492+0000] {processor.py:840} INFO - DAG(s) 'example_dynamic_task_mapping_with_no_taskflow_operators' retrieved from /home/airflow/.local/lib/python3.12/site-packages/airflow/example_dags/example_dynamic_task_mapping_with_no_taskflow_operators.py
[2026-09-15T21:12:36.513+0000] {logging_mixin.py:188} INFO - [2026-09-15T21:12:36.513+0000] {dag.py:3089} INFO - Sync 1 DAGs
[2026-09-15T21:12:36.532+0000] {logging_mixin.py:188} INFO - [2026-09-15T21:12:36.532+0000] {dag.py:3947} INFO - Setting next_dagrun for example_dynamic_task_mapping_with_no_taskflow_operators to 2026-09-14 00:00:00+00:00, run_after=2026-09-15 00:00:00+00:00
[2026-09-15T21:12:36.547+0000] {processor.py:183} INFO - Processing /home/airflow/.local/lib/python3.12/site-packages/airflow/example_dags/example_dynamic_task_mapping_with_no_taskflow_operators.py took 0.069 seconds
[2026-09-15T21:13:06.623+0000] {processor.py:161} INFO - Started process (PID=1466) to work on /home/airflow/.local/lib/python3.12/site-packages/airflow/example_dags/example_dynamic_task_mapping_with_no_taskflow_operators.py
[2026-09-15T21:13:06.624+0000] {processor.py:830} INFO - Processing file /home/airflow/.local/lib/python3.12/site-packages/airflow/example_dags/example_dynamic_task_mapping_with_no_taskflow_operators.py for tasks to queue
[2026-09-15T21:13:06.627+0000] {logging_mixin.py:188} INFO - [2026-09-15T21:13:06.626+0000] {dagbag.py:545} INFO - Filling up the DagBag from /home/airflow/.local/lib/python3.12/site-packages/airflow/example_dags/example_dynamic_task_mapping_with_no_taskflow_operators.py
[2026-09-15T21:13:06.636+0000] {processor.py:840} INFO - DAG(s) 'example_dynamic_task_mapping_with_no_taskflow_operators' retrieved from /home/airflow/.local/lib/python3.12/site-packages/airflow/example_dags/example_dynamic_task_mapping_with_no_taskflow_operators.py
[2026-09-15T21:13:06.661+0000] {logging_mixin.py:188} INFO - [2026-09-15T21:13:06.660+0000] {dag.py:3089} INFO - Sync 1 DAGs
[2026-09-15T21:13:06.685+0000] {logging_mixin.py:188} INFO - [2026-09-15T21:13:06.685+0000] {dag.py:3947} INFO - Setting next_dagrun for example_dynamic_task_mapping_with_no_taskflow_operators to 2026-09-14 00:00:00+00:00, run_after=2026-09-15 00:00:00+00:00
[2026-09-15T21:13:06.706+0000] {processor.py:183} INFO - Processing /home/airflow/.local/lib/python3.12/site-packages/airflow/example_dags/example_dynamic_task_mapping_with_no_taskflow_operators.py took 0.090 seconds
[2026-09-15T21:13:37.134+0000] {processor.py:161} INFO - Started process (PID=1524) to work on /home/airflow/.local/lib/python3.12/site-packages/airflow/example_dags/example_dynamic_task_mapping_with_no_taskflow_operators.py
[2026-09-15T21:13:37.135+0000] {processor.py:830} INFO - Processing file /home/airflow/.local/lib/python3.12/site-packages/airflow/example_dags/example_dynamic_task_mapping_with_no_taskflow_operators.py for tasks to queue
[2026-09-15T21:13:37.137+0000] {logging_mixin.py:188} INFO - [2026-09-15T21:13:37.137+0000] {dagbag.py:545} INFO - Filling up the DagBag from /home/airflow/.local/lib/python3.12/site-packages/airflow/example_dags/example_dynamic_task_mapping_with_no_taskflow_operators.py
[2026-09-15T21:13:37.142+0000] {processor.py:840} INFO - DAG(s) 'example_dynamic_task_mapping_with_no_taskflow_operators' retrieved from /home/airflow/.local/lib/python3.12/site-packages/airflow/example_dags/example_dynamic_task_mapping_with_no_taskflow_operators.py
[2026-09-15T21:13:37.159+0000] {logging_mixin.py:188} INFO - [2026-09-15T21:13:37.159+0000] {dag.py:3089} INFO - Sync 1 DAGs
[2026-09-15T21:13:37.174+0000] {logging_mixin.py:188} INFO - [2026-09-15T21:13:37.173+0000] {dag.py:3947} INFO - Setting next_dagrun for example_dynamic_task_mapping_with_no_taskflow_operators to 2026-09-14 00:00:00+00:00, run_after=2026-09-15 00:00:00+00:00
[2026-09-15T21:13:37.186+0000] {processor.py:183} INFO - Processing /home/airflow/.local/lib/python3.12/site-packages/airflow/example_dags/example_dynamic_task_mapping_with_no_taskflow_operators.py took 0.057 seconds
[2026-09-15T21:14:07.776+0000] {processor.py:161} INFO - Started process (PID=1582) to work on /home/airflow/.local/lib/python3.12/site-packages/airflow/example_dags/example_dynamic_task_mapping_with_no_taskflow_operators.py
[2026-09-15T21:14:07.777+0000] {processor.py:830} INFO - Processing file /home/airflow/.local/lib/python3.12/site-packages/airflow/example_dags/example_dynamic_task_mapping_with_no_taskflow_operators.py for tasks to queue
[2026-09-15T21:14:07.779+0000] {logging_mixin.py:188} INFO - [2026-09-15T21:14:07.778+0000] {dagbag.py:545} INFO - Filling up the DagBag from /home/airflow/.local/lib/python3.12/site-packages/airflow/example_dags/example_dynamic_task_mapping_with_no_taskflow_operators.py
[2026-09-15T21:14:07.785+0000] {processor.py:840} INFO - DAG(s) 'example_dynamic_task_mapping_with_no_taskflow_operators' retrieved from /home/airflow/.local/lib/python3.12/site-packages/airflow/example_dags/example_dynamic_task_mapping_with_no_taskflow_operators.py
[2026-09-15T21:14:07.803+0000] {logging_mixin.py:188} INFO - [2026-09-15T21:14:07.803+0000] {dag.py:3089} INFO - Sync 1 DAGs
[2026-09-15T21:14:07.818+0000] {logging_mixin.py:188} INFO - [2026-09-15T21:14:07.818+0000] {dag.py:3947} INFO - Setting next_dagrun for example_dynamic_task_mapping_with_no_taskflow_operators to 2026-09-14 00:00:00+00:00, run_after=2026-09-15 00:00:00+00:00
[2026-09-15T21:14:07.833+0000] {processor.py:183} INFO - Processing /home/airflow/.local/lib/python3.12/site-packages/airflow/example_dags/example_dynamic_task_mapping_with_no_taskflow_operators.py took 0.062 seconds
[2026-09-15T21:14:38.009+0000] {processor.py:161} INFO - Started process (PID=1640) to work on /home/airflow/.local/lib/python3.12/site-packages/airflow/example_dags/example_dynamic_task_mapping_with_no_taskflow_operators.py
[2026-09-15T21:14:38.011+0000] {processor.py:830} INFO - Processing file /home/airflow/.local/lib/python3.12/site-packages/airflow/example_dags/example_dynamic_task_mapping_with_no_taskflow_operators.py for tasks to queue
[2026-09-15T21:14:38.014+0000] {logging_mixin.py:188} INFO - [2026-09-15T21:14:38.013+0000] {dagbag.py:545} INFO - Filling up the DagBag from /home/airflow/.local/lib/python3.12/site-packages/airflow/example_dags/example_dynamic_task_mapping_with_no_taskflow_operators.py
[2026-09-15T21:14:38.021+0000] {processor.py:840} INFO - DAG(s) 'example_dynamic_task_mapping_with_no_taskflow_operators' retrieved from /home/airflow/.local/lib/python3.12/site-packages/airflow/example_dags/example_dynamic_task_mapping_with_no_taskflow_operators.py
[2026-09-15T21:14:38.045+0000] {logging_mixin.py:188} INFO - [2026-09-15T21:14:38.045+0000] {dag.py:3089} INFO - Sync 1 DAGs
[2026-09-15T21:14:38.064+0000] {logging_mixin.py:188} INFO - [2026-09-15T21:14:38.064+0000] {dag.py:3947} INFO - Setting next_dagrun for example_dynamic_task_mapping_with_no_taskflow_operators to 2026-09-14 00:00:00+00:00, run_after=2026-09-15 00:00:00+00:00
[2026-09-15T21:14:38.080+0000] {processor.py:183} INFO - Processing /home/airflow/.local/lib/python3.12/site-packages/airflow/example_dags/example_dynamic_task_mapping_with_no_taskflow_operators.py took 0.075 seconds
[2026-09-15T21:15:08.452+0000] {processor.py:161} INFO - Started process (PID=1698) to work on /home/airflow/.local/lib/python3.12/site-packages/airflow/example_dags/example_dynamic_task_mapping_with_no_taskflow_operators.py
[2026-09-15T21:15:08.453+0000] {processor.py:830} INFO - Processing file /home/airflow/.local/lib/python3.12/site-packages/airflow/example_dags/example_dynamic_task_mapping_with_no_taskflow_operators.py for tasks to queue
[2026-09-15T21:15:08.455+0000] {logging_mixin.py:188} INFO - [2026-09-15T21:15:08.454+0000] {dagbag.py:545} INFO - Filling up the DagBag from /home/airflow/.local/lib/python3.12/site-packages/airflow/example_dags/example_dynamic_task_mapping_with_no_taskflow_operators.py
[2026-09-15T21:15:08.460+0000] {processor.py:840} INFO - DAG(s) 'example_dynamic_task_mapping_with_no_taskflow_operators' retrieved from /home/airflow/.local/lib/python3.12/site-packages/airflow/example_dags/example_dynamic_task_mapping_with_no_taskflow_operators.py
[2026-09-15T21:15:08.476+0000] {logging_mixin.py:188} INFO - [2026-09-15T21:15:08.476+0000] {dag.py:3089} INFO - Sync 1 DAGs
[2026-09-15T21:15:08.492+0000] {logging_mixin.py:188} INFO - [2026-09-15T21:15:08.492+0000] {dag.py:3947} INFO - Setting next_dagrun for example_dynamic_task_mapping_with_no_taskflow_operators to 2026-09-14 00:00:00+00:00, run_after=2026-09-15 00:00:00+00:00
[2026-09-15T21:15:08.647+0000] {processor.py:183} INFO - Processing /home/airflow/.local/lib/python3.12/site-packages/airflow/example_dags/example_dynamic_task_mapping_with_no_taskflow_operators.py took 0.200 seconds
[2026-09-15T21:15:39.021+0000] {processor.py:161} INFO - Started process (PID=1756) to work on /home/airflow/.local/lib/python3.12/site-packages/airflow/example_dags/example_dynamic_task_mapping_with_no_taskflow_operators.py
[2026-09-15T21:15:39.022+0000] {processor.py:830} INFO - Processing file /home/airflow/.local/lib/python3.12/site-packages/airflow/example_dags/example_dynamic_task_mapping_with_no_taskflow_operators.py for tasks to queue
[2026-09-15T21:15:39.024+0000] {logging_mixin.py:188} INFO - [2026-09-15T21:15:39.024+0000] {dagbag.py:545} INFO - Filling up the DagBag from /home/airflow/.local/lib/python3.12/site-packages/airflow/example_dags/example_dynamic_task_mapping_with_no_taskflow_operators.py
[2026-09-15T21:15:39.029+0000] {processor.py:840} INFO - DAG(s) 'example_dynamic_task_mapping_with_no_taskflow_operators' retrieved from /home/airflow/.local/lib/python3.12/site-packages/airflow/example_dags/example_dynamic_task_mapping_with_no_taskflow_operators.py
[2026-09-15T21:15:39.046+0000] {logging_mixin.py:188} INFO - [2026-09-15T21:15:39.045+0000] {dag.py:3089} INFO - Sync 1 DAGs
[2026-09-15T21:15:39.062+0000] {logging_mixin.py:188} INFO - [2026-09-15T21:15:39.062+0000] {dag.py:3947} INFO - Setting next_dagrun for example_dynamic_task_mapping_with_no_taskflow_operators to 2026-09-14 00:00:00+00:00, run_after=2026-09-15 00:00:00+00:00
[2026-09-15T21:15:39.085+0000] {processor.py:183} INFO - Processing /home/airflow/.local/lib/python3.12/site-packages/airflow/example_dags/example_dynamic_task_mapping_with_no_taskflow_operators.py took 0.068 seconds
[2026-09-15T21:16:09.573+0000] {processor.py:161} INFO - Started process (PID=1814) to work on /home/airflow/.local/lib/python3.12/site-packages/airflow/example_dags/example_dynamic_task_mapping_with_no_taskflow_operators.py
[2026-09-15T21:16:09.574+0000] {processor.py:830} INFO - Processing file /home/airflow/.local/lib/python3.12/site-packages/airflow/example_dags/example_dynamic_task_mapping_with_no_taskflow_operators.py for tasks to queue
[2026-09-15T21:16:09.577+0000] {logging_mixin.py:188} INFO - [2026-09-15T21:16:09.576+0000] {dagbag.py:545} INFO - Filling up the DagBag from /home/airflow/.local/lib/python3.12/site-packages/airflow/example_dags/example_dynamic_task_mapping_with_no_taskflow_operators.py
[2026-09-15T21:16:09.584+0000] {processor.py:840} INFO - DAG(s) 'example_dynamic_task_mapping_with_no_taskflow_operators' retrieved from /home/airflow/.local/lib/python3.12/site-packages/airflow/example_dags/example_dynamic_task_mapping_with_no_taskflow_operators.py
[2026-09-15T21:16:09.602+0000] {logging_mixin.py:188} INFO - [2026-09-15T21:16:09.602+0000] {dag.py:3089} INFO - Sync 1 DAGs
[2026-09-15T21:16:09.619+0000] {logging_mixin.py:188} INFO - [2026-09-15T21:16:09.619+0000] {dag.py:3947} INFO - Setting next_dagrun for example_dynamic_task_mapping_with_no_taskflow_operators to 2026-09-14 00:00:00+00:00, run_after=2026-09-15 00:00:00+00:00
[2026-09-15T21:16:09.637+0000] {processor.py:183} INFO - Processing /home/airflow/.local/lib/python3.12/site-packages/airflow/example_dags/example_dynamic_task_mapping_with_no_taskflow_operators.py took 0.070 seconds
[2026-09-15T21:16:40.095+0000] {processor.py:161} INFO - Started process (PID=1872) to work on /home/airflow/.local/lib/python3.12/site-packages/airflow/example_dags/example_dynamic_task_mapping_with_no_taskflow_operators.py
[2026-09-15T21:16:40.097+0000] {processor.py:830} INFO - Processing file /home/airflow/.local/lib/python3.12/site-packages/airflow/example_dags/example_dynamic_task_mapping_with_no_taskflow_operators.py for tasks to queue
[2026-09-15T21:16:40.099+0000] {logging_mixin.py:188} INFO - [2026-09-15T21:16:40.099+0000] {dagbag.py:545} INFO - Filling up the DagBag from /home/airflow/.local/lib/python3.12/site-packages/airflow/example_dags/example_dynamic_task_mapping_with_no_taskflow_operators.py
[2026-09-15T21:16:40.106+0000] {processor.py:840} INFO - DAG(s) 'example_dynamic_task_mapping_with_no_taskflow_operators' retrieved from /home/airflow/.local/lib/python3.12/site-packages/airflow/example_dags/example_dynamic_task_mapping_with_no_taskflow_operators.py
[2026-09-15T21:16:40.124+0000] {logging_mixin.py:188} INFO - [2026-09-15T21:16:40.124+0000] {dag.py:3089} INFO - Sync 1 DAGs
[2026-09-15T21:16:40.140+0000] {logging_mixin.py:188} INFO - [2026-09-15T21:16:40.140+0000] {dag.py:3947} INFO - Setting next_dagrun for example_dynamic_task_mapping_with_no_taskflow_operators to 2026-09-14 00:00:00+00:00, run_after=2026-09-15 00:00:00+00:00
[2026-09-15T21:16:40.154+0000] {processor.py:183} INFO - Processing /home/airflow/.local/lib/python3.12/site-packages/airflow/example_dags/example_dynamic_task_mapping_with_no_taskflow_operators.py took 0.065 seconds
[2026-09-15T21:17:34.784+0000] {processor.py:161} INFO - Started process (PID=61) to work on /home/airflow/.local/lib/python3.12/site-packages/airflow/example_dags/example_dynamic_task_mapping_with_no_taskflow_operators.py
[2026-09-15T21:17:34.785+0000] {processor.py:830} INFO - Processing file /home/airflow/.local/lib/python3.12/site-packages/airflow/example_dags/example_dynamic_task_mapping_with_no_taskflow_operators.py for tasks to queue
[2026-09-15T21:17:34.787+0000] {logging_mixin.py:188} INFO - [2026-09-15T21:17:34.787+0000] {dagbag.py:545} INFO - Filling up the DagBag from /home/airflow/.local/lib/python3.12/site-packages/airflow/example_dags/example_dynamic_task_mapping_with_no_taskflow_operators.py
[2026-09-15T21:17:34.795+0000] {processor.py:840} INFO - DAG(s) 'example_dynamic_task_mapping_with_no_taskflow_operators' retrieved from /home/airflow/.local/lib/python3.12/site-packages/airflow/example_dags/example_dynamic_task_mapping_with_no_taskflow_operators.py
[2026-09-15T21:17:34.809+0000] {logging_mixin.py:188} INFO - [2026-09-15T21:17:34.808+0000] {dag.py:3089} INFO - Sync 1 DAGs
[2026-09-15T21:17:34.835+0000] {logging_mixin.py:188} INFO - [2026-09-15T21:17:34.835+0000] {dag.py:3947} INFO - Setting next_dagrun for example_dynamic_task_mapping_with_no_taskflow_operators to 2026-09-14 00:00:00+00:00, run_after=2026-09-15 00:00:00+00:00
[2026-09-15T21:17:34.861+0000] {processor.py:183} INFO - Processing /home/airflow/.local/lib/python3.12/site-packages/airflow/example_dags/example_dynamic_task_mapping_with_no_taskflow_operators.py took 0.082 seconds
[2026-09-15T21:18:05.684+0000] {processor.py:161} INFO - Started process (PID=126) to work on /home/airflow/.local/lib/python3.12/site-packages/airflow/example_dags/example_dynamic_task_mapping_with_no_taskflow_operators.py
[2026-09-15T21:18:05.685+0000] {processor.py:830} INFO - Processing file /home/airflow/.local/lib/python3.12/site-packages/airflow/example_dags/example_dynamic_task_mapping_with_no_taskflow_operators.py for tasks to queue
[2026-09-15T21:18:05.687+0000] {logging_mixin.py:188} INFO - [2026-09-15T21:18:05.687+0000] {dagbag.py:545} INFO - Filling up the DagBag from /home/airflow/.local/lib/python3.12/site-packages/airflow/example_dags/example_dynamic_task_mapping_with_no_taskflow_operators.py
[2026-09-15T21:18:05.692+0000] {processor.py:840} INFO - DAG(s) 'example_dynamic_task_mapping_with_no_taskflow_operators' retrieved from /home/airflow/.local/lib/python3.12/site-packages/airflow/example_dags/example_dynamic_task_mapping_with_no_taskflow_operators.py
[2026-09-15T21:18:05.777+0000] {logging_mixin.py:188} INFO - [2026-09-15T21:18:05.777+0000] {dag.py:3089} INFO - Sync 1 DAGs
[2026-09-15T21:18:05.793+0000] {logging_mixin.py:188} INFO - [2026-09-15T21:18:05.793+0000] {dag.py:3947} INFO - Setting next_dagrun for example_dynamic_task_mapping_with_no_taskflow_operators to 2026-09-14 00:00:00+00:00, run_after=2026-09-15 00:00:00+00:00
[2026-09-15T21:18:05.811+0000] {processor.py:183} INFO - Processing /home/airflow/.local/lib/python3.12/site-packages/airflow/example_dags/example_dynamic_task_mapping_with_no_taskflow_operators.py took 0.132 seconds
[2026-09-15T21:18:36.221+0000] {processor.py:161} INFO - Started process (PID=184) to work on /home/airflow/.local/lib/python3.12/site-packages/airflow/example_dags/example_dynamic_task_mapping_with_no_taskflow_operators.py
[2026-09-15T21:18:36.222+0000] {processor.py:830} INFO - Processing file /home/airflow/.local/lib/python3.12/site-packages/airflow/example_dags/example_dynamic_task_mapping_with_no_taskflow_operators.py for tasks to queue
[2026-09-15T21:18:36.224+0000] {logging_mixin.py:188} INFO - [2026-09-15T21:18:36.224+0000] {dagbag.py:545} INFO - Filling up the DagBag from /home/airflow/.local/lib/python3.12/site-packages/airflow/example_dags/example_dynamic_task_mapping_with_no_taskflow_operators.py
[2026-09-15T21:18:36.230+0000] {processor.py:840} INFO - DAG(s) 'example_dynamic_task_mapping_with_no_taskflow_operators' retrieved from /home/airflow/.local/lib/python3.12/site-packages/airflow/example_dags/example_dynamic_task_mapping_with_no_taskflow_operators.py
[2026-09-15T21:18:36.248+0000] {logging_mixin.py:188} INFO - [2026-09-15T21:18:36.248+0000] {dag.py:3089} INFO - Sync 1 DAGs
[2026-09-15T21:18:36.265+0000] {logging_mixin.py:188} INFO - [2026-09-15T21:18:36.265+0000] {dag.py:3947} INFO - Setting next_dagrun for example_dynamic_task_mapping_with_no_taskflow_operators to 2026-09-14 00:00:00+00:00, run_after=2026-09-15 00:00:00+00:00
[2026-09-15T21:18:36.279+0000] {processor.py:183} INFO - Processing /home/airflow/.local/lib/python3.12/site-packages/airflow/example_dags/example_dynamic_task_mapping_with_no_taskflow_operators.py took 0.062 seconds
[2026-09-15T21:19:06.964+0000] {processor.py:161} INFO - Started process (PID=242) to work on /home/airflow/.local/lib/python3.12/site-packages/airflow/example_dags/example_dynamic_task_mapping_with_no_taskflow_operators.py
[2026-09-15T21:19:06.965+0000] {processor.py:830} INFO - Processing file /home/airflow/.local/lib/python3.12/site-packages/airflow/example_dags/example_dynamic_task_mapping_with_no_taskflow_operators.py for tasks to queue
[2026-09-15T21:19:06.967+0000] {logging_mixin.py:188} INFO - [2026-09-15T21:19:06.967+0000] {dagbag.py:545} INFO - Filling up the DagBag from /home/airflow/.local/lib/python3.12/site-packages/airflow/example_dags/example_dynamic_task_mapping_with_no_taskflow_operators.py
[2026-09-15T21:19:06.972+0000] {processor.py:840} INFO - DAG(s) 'example_dynamic_task_mapping_with_no_taskflow_operators' retrieved from /home/airflow/.local/lib/python3.12/site-packages/airflow/example_dags/example_dynamic_task_mapping_with_no_taskflow_operators.py
[2026-09-15T21:19:06.988+0000] {logging_mixin.py:188} INFO - [2026-09-15T21:19:06.988+0000] {dag.py:3089} INFO - Sync 1 DAGs
[2026-09-15T21:19:07.003+0000] {logging_mixin.py:188} INFO - [2026-09-15T21:19:07.003+0000] {dag.py:3947} INFO - Setting next_dagrun for example_dynamic_task_mapping_with_no_taskflow_operators to 2026-09-14 00:00:00+00:00, run_after=2026-09-15 00:00:00+00:00
[2026-09-15T21:19:07.018+0000] {processor.py:183} INFO - Processing /home/airflow/.local/lib/python3.12/site-packages/airflow/example_dags/example_dynamic_task_mapping_with_no_taskflow_operators.py took 0.058 seconds
[2026-09-15T21:19:37.580+0000] {processor.py:161} INFO - Started process (PID=300) to work on /home/airflow/.local/lib/python3.12/site-packages/airflow/example_dags/example_dynamic_task_mapping_with_no_taskflow_operators.py
[2026-09-15T21:19:37.581+0000] {processor.py:830} INFO - Processing file /home/airflow/.local/lib/python3.12/site-packages/airflow/example_dags/example_dynamic_task_mapping_with_no_taskflow_operators.py for tasks to queue
[2026-09-15T21:19:37.583+0000] {logging_mixin.py:188} INFO - [2026-09-15T21:19:37.583+0000] {dagbag.py:545} INFO - Filling up the DagBag from /home/airflow/.local/lib/python3.12/site-packages/airflow/example_dags/example_dynamic_task_mapping_with_no_taskflow_operators.py
[2026-09-15T21:19:37.588+0000] {processor.py:840} INFO - DAG(s) 'example_dynamic_task_mapping_with_no_taskflow_operators' retrieved from /home/airflow/.local/lib/python3.12/site-packages/airflow/example_dags/example_dynamic_task_mapping_with_no_taskflow_operators.py
[2026-09-15T21:19:37.606+0000] {logging_mixin.py:188} INFO - [2026-09-15T21:19:37.606+0000] {dag.py:3089} INFO - Sync 1 DAGs
[2026-09-15T21:19:37.623+0000] {logging_mixin.py:188} INFO - [2026-09-15T21:19:37.622+0000] {dag.py:3947} INFO - Setting next_dagrun for example_dynamic_task_mapping_with_no_taskflow_operators to 2026-09-14 00:00:00+00:00, run_after=2026-09-15 00:00:00+00:00
[2026-09-15T21:19:37.638+0000] {processor.py:183} INFO - Processing /home/airflow/.local/lib/python3.12/site-packages/airflow/example_dags/example_dynamic_task_mapping_with_no_taskflow_operators.py took 0.062 seconds
[2026-09-15T21:20:07.826+0000] {processor.py:161} INFO - Started process (PID=358) to work on /home/airflow/.local/lib/python3.12/site-packages/airflow/example_dags/example_dynamic_task_mapping_with_no_taskflow_operators.py
[2026-09-15T21:20:07.828+0000] {processor.py:830} INFO - Processing file /home/airflow/.local/lib/python3.12/site-packages/airflow/example_dags/example_dynamic_task_mapping_with_no_taskflow_operators.py for tasks to queue
[2026-09-15T21:20:07.830+0000] {logging_mixin.py:188} INFO - [2026-09-15T21:20:07.830+0000] {dagbag.py:545} INFO - Filling up the DagBag from /home/airflow/.local/lib/python3.12/site-packages/airflow/example_dags/example_dynamic_task_mapping_with_no_taskflow_operators.py
[2026-09-15T21:20:07.836+0000] {processor.py:840} INFO - DAG(s) 'example_dynamic_task_mapping_with_no_taskflow_operators' retrieved from /home/airflow/.local/lib/python3.12/site-packages/airflow/example_dags/example_dynamic_task_mapping_with_no_taskflow_operators.py
[2026-09-15T21:20:07.863+0000] {logging_mixin.py:188} INFO - [2026-09-15T21:20:07.863+0000] {dag.py:3089} INFO - Sync 1 DAGs
[2026-09-15T21:20:07.883+0000] {logging_mixin.py:188} INFO - [2026-09-15T21:20:07.883+0000] {dag.py:3947} INFO - Setting next_dagrun for example_dynamic_task_mapping_with_no_taskflow_operators to 2026-09-14 00:00:00+00:00, run_after=2026-09-15 00:00:00+00:00
[2026-09-15T21:20:07.901+0000] {processor.py:183} INFO - Processing /home/airflow/.local/lib/python3.12/site-packages/airflow/example_dags/example_dynamic_task_mapping_with_no_taskflow_operators.py took 0.081 seconds
[2026-09-15T21:20:37.963+0000] {processor.py:161} INFO - Started process (PID=416) to work on /home/airflow/.local/lib/python3.12/site-packages/airflow/example_dags/example_dynamic_task_mapping_with_no_taskflow_operators.py
[2026-09-15T21:20:37.964+0000] {processor.py:830} INFO - Processing file /home/airflow/.local/lib/python3.12/site-packages/airflow/example_dags/example_dynamic_task_mapping_with_no_taskflow_operators.py for tasks to queue
[2026-09-15T21:20:37.966+0000] {logging_mixin.py:188} INFO - [2026-09-15T21:20:37.966+0000] {dagbag.py:545} INFO - Filling up the DagBag from /home/airflow/.local/lib/python3.12/site-packages/airflow/example_dags/example_dynamic_task_mapping_with_no_taskflow_operators.py
[2026-09-15T21:20:37.971+0000] {processor.py:840} INFO - DAG(s) 'example_dynamic_task_mapping_with_no_taskflow_operators' retrieved from /home/airflow/.local/lib/python3.12/site-packages/airflow/example_dags/example_dynamic_task_mapping_with_no_taskflow_operators.py
[2026-09-15T21:20:37.987+0000] {logging_mixin.py:188} INFO - [2026-09-15T21:20:37.987+0000] {dag.py:3089} INFO - Sync 1 DAGs
[2026-09-15T21:20:38.002+0000] {logging_mixin.py:188} INFO - [2026-09-15T21:20:38.002+0000] {dag.py:3947} INFO - Setting next_dagrun for example_dynamic_task_mapping_with_no_taskflow_operators to 2026-09-14 00:00:00+00:00, run_after=2026-09-15 00:00:00+00:00
[2026-09-15T21:20:38.017+0000] {processor.py:183} INFO - Processing /home/airflow/.local/lib/python3.12/site-packages/airflow/example_dags/example_dynamic_task_mapping_with_no_taskflow_operators.py took 0.058 seconds
[2026-09-15T21:22:06.634+0000] {processor.py:161} INFO - Started process (PID=228) to work on /home/airflow/.local/lib/python3.12/site-packages/airflow/example_dags/example_dynamic_task_mapping_with_no_taskflow_operators.py
[2026-09-15T21:22:06.636+0000] {processor.py:830} INFO - Processing file /home/airflow/.local/lib/python3.12/site-packages/airflow/example_dags/example_dynamic_task_mapping_with_no_taskflow_operators.py for tasks to queue
[2026-09-15T21:22:06.638+0000] {logging_mixin.py:188} INFO - [2026-09-15T21:22:06.638+0000] {dagbag.py:545} INFO - Filling up the DagBag from /home/airflow/.local/lib/python3.12/site-packages/airflow/example_dags/example_dynamic_task_mapping_with_no_taskflow_operators.py
[2026-09-15T21:22:06.645+0000] {processor.py:840} INFO - DAG(s) 'example_dynamic_task_mapping_with_no_taskflow_operators' retrieved from /home/airflow/.local/lib/python3.12/site-packages/airflow/example_dags/example_dynamic_task_mapping_with_no_taskflow_operators.py
[2026-09-15T21:22:06.658+0000] {logging_mixin.py:188} INFO - [2026-09-15T21:22:06.658+0000] {dag.py:3089} INFO - Sync 1 DAGs
[2026-09-15T21:22:06.679+0000] {logging_mixin.py:188} INFO - [2026-09-15T21:22:06.679+0000] {dag.py:3947} INFO - Setting next_dagrun for example_dynamic_task_mapping_with_no_taskflow_operators to 2026-09-14 00:00:00+00:00, run_after=2026-09-15 00:00:00+00:00
[2026-09-15T21:22:06.701+0000] {processor.py:183} INFO - Processing /home/airflow/.local/lib/python3.12/site-packages/airflow/example_dags/example_dynamic_task_mapping_with_no_taskflow_operators.py took 0.071 seconds
[2026-09-15T21:22:37.628+0000] {processor.py:161} INFO - Started process (PID=485) to work on /home/airflow/.local/lib/python3.12/site-packages/airflow/example_dags/example_dynamic_task_mapping_with_no_taskflow_operators.py
[2026-09-15T21:22:37.629+0000] {processor.py:830} INFO - Processing file /home/airflow/.local/lib/python3.12/site-packages/airflow/example_dags/example_dynamic_task_mapping_with_no_taskflow_operators.py for tasks to queue
[2026-09-15T21:22:37.631+0000] {logging_mixin.py:188} INFO - [2026-09-15T21:22:37.631+0000] {dagbag.py:545} INFO - Filling up the DagBag from /home/airflow/.local/lib/python3.12/site-packages/airflow/example_dags/example_dynamic_task_mapping_with_no_taskflow_operators.py
[2026-09-15T21:22:37.637+0000] {processor.py:840} INFO - DAG(s) 'example_dynamic_task_mapping_with_no_taskflow_operators' retrieved from /home/airflow/.local/lib/python3.12/site-packages/airflow/example_dags/example_dynamic_task_mapping_with_no_taskflow_operators.py
[2026-09-15T21:22:37.712+0000] {logging_mixin.py:188} INFO - [2026-09-15T21:22:37.712+0000] {dag.py:3089} INFO - Sync 1 DAGs
[2026-09-15T21:22:37.728+0000] {logging_mixin.py:188} INFO - [2026-09-15T21:22:37.727+0000] {dag.py:3947} INFO - Setting next_dagrun for example_dynamic_task_mapping_with_no_taskflow_operators to 2026-09-14 00:00:00+00:00, run_after=2026-09-15 00:00:00+00:00
[2026-09-15T21:22:37.743+0000] {processor.py:183} INFO - Processing /home/airflow/.local/lib/python3.12/site-packages/airflow/example_dags/example_dynamic_task_mapping_with_no_taskflow_operators.py took 0.120 seconds
[2026-09-15T21:23:08.281+0000] {processor.py:161} INFO - Started process (PID=752) to work on /home/airflow/.local/lib/python3.12/site-packages/airflow/example_dags/example_dynamic_task_mapping_with_no_taskflow_operators.py
[2026-09-15T21:23:08.283+0000] {processor.py:830} INFO - Processing file /home/airflow/.local/lib/python3.12/site-packages/airflow/example_dags/example_dynamic_task_mapping_with_no_taskflow_operators.py for tasks to queue
[2026-09-15T21:23:08.285+0000] {logging_mixin.py:188} INFO - [2026-09-15T21:23:08.285+0000] {dagbag.py:545} INFO - Filling up the DagBag from /home/airflow/.local/lib/python3.12/site-packages/airflow/example_dags/example_dynamic_task_mapping_with_no_taskflow_operators.py
[2026-09-15T21:23:08.292+0000] {processor.py:840} INFO - DAG(s) 'example_dynamic_task_mapping_with_no_taskflow_operators' retrieved from /home/airflow/.local/lib/python3.12/site-packages/airflow/example_dags/example_dynamic_task_mapping_with_no_taskflow_operators.py
[2026-09-15T21:23:08.312+0000] {logging_mixin.py:188} INFO - [2026-09-15T21:23:08.312+0000] {dag.py:3089} INFO - Sync 1 DAGs
[2026-09-15T21:23:08.330+0000] {logging_mixin.py:188} INFO - [2026-09-15T21:23:08.330+0000] {dag.py:3947} INFO - Setting next_dagrun for example_dynamic_task_mapping_with_no_taskflow_operators to 2026-09-14 00:00:00+00:00, run_after=2026-09-15 00:00:00+00:00
[2026-09-15T21:23:08.347+0000] {processor.py:183} INFO - Processing /home/airflow/.local/lib/python3.12/site-packages/airflow/example_dags/example_dynamic_task_mapping_with_no_taskflow_operators.py took 0.071 seconds
[2026-09-15T21:23:38.414+0000] {processor.py:161} INFO - Started process (PID=1011) to work on /home/airflow/.local/lib/python3.12/site-packages/airflow/example_dags/example_dynamic_task_mapping_with_no_taskflow_operators.py
[2026-09-15T21:23:38.415+0000] {processor.py:830} INFO - Processing file /home/airflow/.local/lib/python3.12/site-packages/airflow/example_dags/example_dynamic_task_mapping_with_no_taskflow_operators.py for tasks to queue
[2026-09-15T21:23:38.418+0000] {logging_mixin.py:188} INFO - [2026-09-15T21:23:38.418+0000] {dagbag.py:545} INFO - Filling up the DagBag from /home/airflow/.local/lib/python3.12/site-packages/airflow/example_dags/example_dynamic_task_mapping_with_no_taskflow_operators.py
[2026-09-15T21:23:38.424+0000] {processor.py:840} INFO - DAG(s) 'example_dynamic_task_mapping_with_no_taskflow_operators' retrieved from /home/airflow/.local/lib/python3.12/site-packages/airflow/example_dags/example_dynamic_task_mapping_with_no_taskflow_operators.py
[2026-09-15T21:23:38.446+0000] {logging_mixin.py:188} INFO - [2026-09-15T21:23:38.446+0000] {dag.py:3089} INFO - Sync 1 DAGs
[2026-09-15T21:23:38.465+0000] {logging_mixin.py:188} INFO - [2026-09-15T21:23:38.465+0000] {dag.py:3947} INFO - Setting next_dagrun for example_dynamic_task_mapping_with_no_taskflow_operators to 2026-09-14 00:00:00+00:00, run_after=2026-09-15 00:00:00+00:00
[2026-09-15T21:23:38.482+0000] {processor.py:183} INFO - Processing /home/airflow/.local/lib/python3.12/site-packages/airflow/example_dags/example_dynamic_task_mapping_with_no_taskflow_operators.py took 0.075 seconds
[2026-09-15T21:24:08.529+0000] {processor.py:161} INFO - Started process (PID=1273) to work on /home/airflow/.local/lib/python3.12/site-packages/airflow/example_dags/example_dynamic_task_mapping_with_no_taskflow_operators.py
[2026-09-15T21:24:08.530+0000] {processor.py:830} INFO - Processing file /home/airflow/.local/lib/python3.12/site-packages/airflow/example_dags/example_dynamic_task_mapping_with_no_taskflow_operators.py for tasks to queue
[2026-09-15T21:24:08.532+0000] {logging_mixin.py:188} INFO - [2026-09-15T21:24:08.532+0000] {dagbag.py:545} INFO - Filling up the DagBag from /home/airflow/.local/lib/python3.12/site-packages/airflow/example_dags/example_dynamic_task_mapping_with_no_taskflow_operators.py
[2026-09-15T21:24:08.537+0000] {processor.py:840} INFO - DAG(s) 'example_dynamic_task_mapping_with_no_taskflow_operators' retrieved from /home/airflow/.local/lib/python3.12/site-packages/airflow/example_dags/example_dynamic_task_mapping_with_no_taskflow_operators.py
[2026-09-15T21:24:08.556+0000] {logging_mixin.py:188} INFO - [2026-09-15T21:24:08.556+0000] {dag.py:3089} INFO - Sync 1 DAGs
[2026-09-15T21:24:08.574+0000] {logging_mixin.py:188} INFO - [2026-09-15T21:24:08.574+0000] {dag.py:3947} INFO - Setting next_dagrun for example_dynamic_task_mapping_with_no_taskflow_operators to 2026-09-14 00:00:00+00:00, run_after=2026-09-15 00:00:00+00:00
[2026-09-15T21:24:08.591+0000] {processor.py:183} INFO - Processing /home/airflow/.local/lib/python3.12/site-packages/airflow/example_dags/example_dynamic_task_mapping_with_no_taskflow_operators.py took 0.066 seconds
[2026-09-15T21:24:38.640+0000] {processor.py:161} INFO - Started process (PID=1533) to work on /home/airflow/.local/lib/python3.12/site-packages/airflow/example_dags/example_dynamic_task_mapping_with_no_taskflow_operators.py
[2026-09-15T21:24:38.641+0000] {processor.py:830} INFO - Processing file /home/airflow/.local/lib/python3.12/site-packages/airflow/example_dags/example_dynamic_task_mapping_with_no_taskflow_operators.py for tasks to queue
[2026-09-15T21:24:38.643+0000] {logging_mixin.py:188} INFO - [2026-09-15T21:24:38.643+0000] {dagbag.py:545} INFO - Filling up the DagBag from /home/airflow/.local/lib/python3.12/site-packages/airflow/example_dags/example_dynamic_task_mapping_with_no_taskflow_operators.py
[2026-09-15T21:24:38.648+0000] {processor.py:840} INFO - DAG(s) 'example_dynamic_task_mapping_with_no_taskflow_operators' retrieved from /home/airflow/.local/lib/python3.12/site-packages/airflow/example_dags/example_dynamic_task_mapping_with_no_taskflow_operators.py
[2026-09-15T21:24:38.665+0000] {logging_mixin.py:188} INFO - [2026-09-15T21:24:38.664+0000] {dag.py:3089} INFO - Sync 1 DAGs
[2026-09-15T21:24:38.679+0000] {logging_mixin.py:188} INFO - [2026-09-15T21:24:38.679+0000] {dag.py:3947} INFO - Setting next_dagrun for example_dynamic_task_mapping_with_no_taskflow_operators to 2026-09-14 00:00:00+00:00, run_after=2026-09-15 00:00:00+00:00
[2026-09-15T21:24:38.694+0000] {processor.py:183} INFO - Processing /home/airflow/.local/lib/python3.12/site-packages/airflow/example_dags/example_dynamic_task_mapping_with_no_taskflow_operators.py took 0.059 seconds
[2026-09-15T21:25:08.861+0000] {processor.py:161} INFO - Started process (PID=1795) to work on /home/airflow/.local/lib/python3.12/site-packages/airflow/example_dags/example_dynamic_task_mapping_with_no_taskflow_operators.py
[2026-09-15T21:25:08.862+0000] {processor.py:830} INFO - Processing file /home/airflow/.local/lib/python3.12/site-packages/airflow/example_dags/example_dynamic_task_mapping_with_no_taskflow_operators.py for tasks to queue
[2026-09-15T21:25:08.864+0000] {logging_mixin.py:188} INFO - [2026-09-15T21:25:08.864+0000] {dagbag.py:545} INFO - Filling up the DagBag from /home/airflow/.local/lib/python3.12/site-packages/airflow/example_dags/example_dynamic_task_mapping_with_no_taskflow_operators.py
[2026-09-15T21:25:08.871+0000] {processor.py:840} INFO - DAG(s) 'example_dynamic_task_mapping_with_no_taskflow_operators' retrieved from /home/airflow/.local/lib/python3.12/site-packages/airflow/example_dags/example_dynamic_task_mapping_with_no_taskflow_operators.py
[2026-09-15T21:25:08.892+0000] {logging_mixin.py:188} INFO - [2026-09-15T21:25:08.891+0000] {dag.py:3089} INFO - Sync 1 DAGs
[2026-09-15T21:25:08.909+0000] {logging_mixin.py:188} INFO - [2026-09-15T21:25:08.909+0000] {dag.py:3947} INFO - Setting next_dagrun for example_dynamic_task_mapping_with_no_taskflow_operators to 2026-09-14 00:00:00+00:00, run_after=2026-09-15 00:00:00+00:00
[2026-09-15T21:25:08.924+0000] {processor.py:183} INFO - Processing /home/airflow/.local/lib/python3.12/site-packages/airflow/example_dags/example_dynamic_task_mapping_with_no_taskflow_operators.py took 0.070 seconds
[2026-09-15T21:25:39.064+0000] {processor.py:161} INFO - Started process (PID=2057) to work on /home/airflow/.local/lib/python3.12/site-packages/airflow/example_dags/example_dynamic_task_mapping_with_no_taskflow_operators.py
[2026-09-15T21:25:39.066+0000] {processor.py:830} INFO - Processing file /home/airflow/.local/lib/python3.12/site-packages/airflow/example_dags/example_dynamic_task_mapping_with_no_taskflow_operators.py for tasks to queue
[2026-09-15T21:25:39.067+0000] {logging_mixin.py:188} INFO - [2026-09-15T21:25:39.067+0000] {dagbag.py:545} INFO - Filling up the DagBag from /home/airflow/.local/lib/python3.12/site-packages/airflow/example_dags/example_dynamic_task_mapping_with_no_taskflow_operators.py
[2026-09-15T21:25:39.073+0000] {processor.py:840} INFO - DAG(s) 'example_dynamic_task_mapping_with_no_taskflow_operators' retrieved from /home/airflow/.local/lib/python3.12/site-packages/airflow/example_dags/example_dynamic_task_mapping_with_no_taskflow_operators.py
[2026-09-15T21:25:39.090+0000] {logging_mixin.py:188} INFO - [2026-09-15T21:25:39.090+0000] {dag.py:3089} INFO - Sync 1 DAGs
[2026-09-15T21:25:39.112+0000] {logging_mixin.py:188} INFO - [2026-09-15T21:25:39.112+0000] {dag.py:3947} INFO - Setting next_dagrun for example_dynamic_task_mapping_with_no_taskflow_operators to 2026-09-14 00:00:00+00:00, run_after=2026-09-15 00:00:00+00:00
[2026-09-15T21:25:39.128+0000] {processor.py:183} INFO - Processing /home/airflow/.local/lib/python3.12/site-packages/airflow/example_dags/example_dynamic_task_mapping_with_no_taskflow_operators.py took 0.068 seconds
[2026-09-15T21:26:09.308+0000] {processor.py:161} INFO - Started process (PID=2319) to work on /home/airflow/.local/lib/python3.12/site-packages/airflow/example_dags/example_dynamic_task_mapping_with_no_taskflow_operators.py
[2026-09-15T21:26:09.309+0000] {processor.py:830} INFO - Processing file /home/airflow/.local/lib/python3.12/site-packages/airflow/example_dags/example_dynamic_task_mapping_with_no_taskflow_operators.py for tasks to queue
[2026-09-15T21:26:09.311+0000] {logging_mixin.py:188} INFO - [2026-09-15T21:26:09.310+0000] {dagbag.py:545} INFO - Filling up the DagBag from /home/airflow/.local/lib/python3.12/site-packages/airflow/example_dags/example_dynamic_task_mapping_with_no_taskflow_operators.py
[2026-09-15T21:26:09.315+0000] {processor.py:840} INFO - DAG(s) 'example_dynamic_task_mapping_with_no_taskflow_operators' retrieved from /home/airflow/.local/lib/python3.12/site-packages/airflow/example_dags/example_dynamic_task_mapping_with_no_taskflow_operators.py
[2026-09-15T21:26:09.334+0000] {logging_mixin.py:188} INFO - [2026-09-15T21:26:09.334+0000] {dag.py:3089} INFO - Sync 1 DAGs
[2026-09-15T21:26:09.349+0000] {logging_mixin.py:188} INFO - [2026-09-15T21:26:09.349+0000] {dag.py:3947} INFO - Setting next_dagrun for example_dynamic_task_mapping_with_no_taskflow_operators to 2026-09-14 00:00:00+00:00, run_after=2026-09-15 00:00:00+00:00
[2026-09-15T21:26:09.364+0000] {processor.py:183} INFO - Processing /home/airflow/.local/lib/python3.12/site-packages/airflow/example_dags/example_dynamic_task_mapping_with_no_taskflow_operators.py took 0.060 seconds
[2026-09-15T21:26:39.458+0000] {processor.py:161} INFO - Started process (PID=2581) to work on /home/airflow/.local/lib/python3.12/site-packages/airflow/example_dags/example_dynamic_task_mapping_with_no_taskflow_operators.py
[2026-09-15T21:26:39.459+0000] {processor.py:830} INFO - Processing file /home/airflow/.local/lib/python3.12/site-packages/airflow/example_dags/example_dynamic_task_mapping_with_no_taskflow_operators.py for tasks to queue
[2026-09-15T21:26:39.461+0000] {logging_mixin.py:188} INFO - [2026-09-15T21:26:39.461+0000] {dagbag.py:545} INFO - Filling up the DagBag from /home/airflow/.local/lib/python3.12/site-packages/airflow/example_dags/example_dynamic_task_mapping_with_no_taskflow_operators.py
[2026-09-15T21:26:39.466+0000] {processor.py:840} INFO - DAG(s) 'example_dynamic_task_mapping_with_no_taskflow_operators' retrieved from /home/airflow/.local/lib/python3.12/site-packages/airflow/example_dags/example_dynamic_task_mapping_with_no_taskflow_operators.py
[2026-09-15T21:26:39.483+0000] {logging_mixin.py:188} INFO - [2026-09-15T21:26:39.483+0000] {dag.py:3089} INFO - Sync 1 DAGs
[2026-09-15T21:26:39.500+0000] {logging_mixin.py:188} INFO - [2026-09-15T21:26:39.500+0000] {dag.py:3947} INFO - Setting next_dagrun for example_dynamic_task_mapping_with_no_taskflow_operators to 2026-09-14 00:00:00+00:00, run_after=2026-09-15 00:00:00+00:00
[2026-09-15T21:26:39.515+0000] {processor.py:183} INFO - Processing /home/airflow/.local/lib/python3.12/site-packages/airflow/example_dags/example_dynamic_task_mapping_with_no_taskflow_operators.py took 0.061 seconds
[2026-09-15T21:27:09.826+0000] {processor.py:161} INFO - Started process (PID=2849) to work on /home/airflow/.local/lib/python3.12/site-packages/airflow/example_dags/example_dynamic_task_mapping_with_no_taskflow_operators.py
[2026-09-15T21:27:09.828+0000] {processor.py:830} INFO - Processing file /home/airflow/.local/lib/python3.12/site-packages/airflow/example_dags/example_dynamic_task_mapping_with_no_taskflow_operators.py for tasks to queue
[2026-09-15T21:27:09.830+0000] {logging_mixin.py:188} INFO - [2026-09-15T21:27:09.829+0000] {dagbag.py:545} INFO - Filling up the DagBag from /home/airflow/.local/lib/python3.12/site-packages/airflow/example_dags/example_dynamic_task_mapping_with_no_taskflow_operators.py
[2026-09-15T21:27:09.837+0000] {processor.py:840} INFO - DAG(s) 'example_dynamic_task_mapping_with_no_taskflow_operators' retrieved from /home/airflow/.local/lib/python3.12/site-packages/airflow/example_dags/example_dynamic_task_mapping_with_no_taskflow_operators.py
[2026-09-15T21:27:09.854+0000] {logging_mixin.py:188} INFO - [2026-09-15T21:27:09.854+0000] {dag.py:3089} INFO - Sync 1 DAGs
[2026-09-15T21:27:09.873+0000] {logging_mixin.py:188} INFO - [2026-09-15T21:27:09.872+0000] {dag.py:3947} INFO - Setting next_dagrun for example_dynamic_task_mapping_with_no_taskflow_operators to 2026-09-14 00:00:00+00:00, run_after=2026-09-15 00:00:00+00:00
[2026-09-15T21:27:09.888+0000] {processor.py:183} INFO - Processing /home/airflow/.local/lib/python3.12/site-packages/airflow/example_dags/example_dynamic_task_mapping_with_no_taskflow_operators.py took 0.067 seconds
[2026-09-15T21:27:40.109+0000] {processor.py:161} INFO - Started process (PID=3111) to work on /home/airflow/.local/lib/python3.12/site-packages/airflow/example_dags/example_dynamic_task_mapping_with_no_taskflow_operators.py
[2026-09-15T21:27:40.110+0000] {processor.py:830} INFO - Processing file /home/airflow/.local/lib/python3.12/site-packages/airflow/example_dags/example_dynamic_task_mapping_with_no_taskflow_operators.py for tasks to queue
[2026-09-15T21:27:40.112+0000] {logging_mixin.py:188} INFO - [2026-09-15T21:27:40.112+0000] {dagbag.py:545} INFO - Filling up the DagBag from /home/airflow/.local/lib/python3.12/site-packages/airflow/example_dags/example_dynamic_task_mapping_with_no_taskflow_operators.py
[2026-09-15T21:27:40.117+0000] {processor.py:840} INFO - DAG(s) 'example_dynamic_task_mapping_with_no_taskflow_operators' retrieved from /home/airflow/.local/lib/python3.12/site-packages/airflow/example_dags/example_dynamic_task_mapping_with_no_taskflow_operators.py
[2026-09-15T21:27:40.132+0000] {logging_mixin.py:188} INFO - [2026-09-15T21:27:40.132+0000] {dag.py:3089} INFO - Sync 1 DAGs
[2026-09-15T21:27:40.147+0000] {logging_mixin.py:188} INFO - [2026-09-15T21:27:40.147+0000] {dag.py:3947} INFO - Setting next_dagrun for example_dynamic_task_mapping_with_no_taskflow_operators to 2026-09-14 00:00:00+00:00, run_after=2026-09-15 00:00:00+00:00
[2026-09-15T21:27:40.162+0000] {processor.py:183} INFO - Processing /home/airflow/.local/lib/python3.12/site-packages/airflow/example_dags/example_dynamic_task_mapping_with_no_taskflow_operators.py took 0.057 seconds
[2026-09-15T21:28:10.804+0000] {processor.py:161} INFO - Started process (PID=3373) to work on /home/airflow/.local/lib/python3.12/site-packages/airflow/example_dags/example_dynamic_task_mapping_with_no_taskflow_operators.py
[2026-09-15T21:28:10.805+0000] {processor.py:830} INFO - Processing file /home/airflow/.local/lib/python3.12/site-packages/airflow/example_dags/example_dynamic_task_mapping_with_no_taskflow_operators.py for tasks to queue
[2026-09-15T21:28:10.807+0000] {logging_mixin.py:188} INFO - [2026-09-15T21:28:10.807+0000] {dagbag.py:545} INFO - Filling up the DagBag from /home/airflow/.local/lib/python3.12/site-packages/airflow/example_dags/example_dynamic_task_mapping_with_no_taskflow_operators.py
[2026-09-15T21:28:10.813+0000] {processor.py:840} INFO - DAG(s) 'example_dynamic_task_mapping_with_no_taskflow_operators' retrieved from /home/airflow/.local/lib/python3.12/site-packages/airflow/example_dags/example_dynamic_task_mapping_with_no_taskflow_operators.py
[2026-09-15T21:28:10.831+0000] {logging_mixin.py:188} INFO - [2026-09-15T21:28:10.831+0000] {dag.py:3089} INFO - Sync 1 DAGs
[2026-09-15T21:28:10.848+0000] {logging_mixin.py:188} INFO - [2026-09-15T21:28:10.848+0000] {dag.py:3947} INFO - Setting next_dagrun for example_dynamic_task_mapping_with_no_taskflow_operators to 2026-09-14 00:00:00+00:00, run_after=2026-09-15 00:00:00+00:00
[2026-09-15T21:28:10.864+0000] {processor.py:183} INFO - Processing /home/airflow/.local/lib/python3.12/site-packages/airflow/example_dags/example_dynamic_task_mapping_with_no_taskflow_operators.py took 0.065 seconds
[2026-09-15T21:28:41.445+0000] {processor.py:161} INFO - Started process (PID=3635) to work on /home/airflow/.local/lib/python3.12/site-packages/airflow/example_dags/example_dynamic_task_mapping_with_no_taskflow_operators.py
[2026-09-15T21:28:41.446+0000] {processor.py:830} INFO - Processing file /home/airflow/.local/lib/python3.12/site-packages/airflow/example_dags/example_dynamic_task_mapping_with_no_taskflow_operators.py for tasks to queue
[2026-09-15T21:28:41.448+0000] {logging_mixin.py:188} INFO - [2026-09-15T21:28:41.448+0000] {dagbag.py:545} INFO - Filling up the DagBag from /home/airflow/.local/lib/python3.12/site-packages/airflow/example_dags/example_dynamic_task_mapping_with_no_taskflow_operators.py
[2026-09-15T21:28:41.454+0000] {processor.py:840} INFO - DAG(s) 'example_dynamic_task_mapping_with_no_taskflow_operators' retrieved from /home/airflow/.local/lib/python3.12/site-packages/airflow/example_dags/example_dynamic_task_mapping_with_no_taskflow_operators.py
[2026-09-15T21:28:41.470+0000] {logging_mixin.py:188} INFO - [2026-09-15T21:28:41.470+0000] {dag.py:3089} INFO - Sync 1 DAGs
[2026-09-15T21:28:41.486+0000] {logging_mixin.py:188} INFO - [2026-09-15T21:28:41.486+0000] {dag.py:3947} INFO - Setting next_dagrun for example_dynamic_task_mapping_with_no_taskflow_operators to 2026-09-14 00:00:00+00:00, run_after=2026-09-15 00:00:00+00:00
[2026-09-15T21:28:41.500+0000] {processor.py:183} INFO - Processing /home/airflow/.local/lib/python3.12/site-packages/airflow/example_dags/example_dynamic_task_mapping_with_no_taskflow_operators.py took 0.058 seconds
[2026-09-15T21:29:11.671+0000] {processor.py:161} INFO - Started process (PID=3897) to work on /home/airflow/.local/lib/python3.12/site-packages/airflow/example_dags/example_dynamic_task_mapping_with_no_taskflow_operators.py
[2026-09-15T21:29:11.672+0000] {processor.py:830} INFO - Processing file /home/airflow/.local/lib/python3.12/site-packages/airflow/example_dags/example_dynamic_task_mapping_with_no_taskflow_operators.py for tasks to queue
[2026-09-15T21:29:11.673+0000] {logging_mixin.py:188} INFO - [2026-09-15T21:29:11.673+0000] {dagbag.py:545} INFO - Filling up the DagBag from /home/airflow/.local/lib/python3.12/site-packages/airflow/example_dags/example_dynamic_task_mapping_with_no_taskflow_operators.py
[2026-09-15T21:29:11.678+0000] {processor.py:840} INFO - DAG(s) 'example_dynamic_task_mapping_with_no_taskflow_operators' retrieved from /home/airflow/.local/lib/python3.12/site-packages/airflow/example_dags/example_dynamic_task_mapping_with_no_taskflow_operators.py
[2026-09-15T21:29:11.694+0000] {logging_mixin.py:188} INFO - [2026-09-15T21:29:11.694+0000] {dag.py:3089} INFO - Sync 1 DAGs
[2026-09-15T21:29:11.710+0000] {logging_mixin.py:188} INFO - [2026-09-15T21:29:11.710+0000] {dag.py:3947} INFO - Setting next_dagrun for example_dynamic_task_mapping_with_no_taskflow_operators to 2026-09-14 00:00:00+00:00, run_after=2026-09-15 00:00:00+00:00
[2026-09-15T21:29:11.724+0000] {processor.py:183} INFO - Processing /home/airflow/.local/lib/python3.12/site-packages/airflow/example_dags/example_dynamic_task_mapping_with_no_taskflow_operators.py took 0.057 seconds
[2026-09-15T21:29:41.978+0000] {processor.py:161} INFO - Started process (PID=4166) to work on /home/airflow/.local/lib/python3.12/site-packages/airflow/example_dags/example_dynamic_task_mapping_with_no_taskflow_operators.py
[2026-09-15T21:29:41.980+0000] {processor.py:830} INFO - Processing file /home/airflow/.local/lib/python3.12/site-packages/airflow/example_dags/example_dynamic_task_mapping_with_no_taskflow_operators.py for tasks to queue
[2026-09-15T21:29:41.982+0000] {logging_mixin.py:188} INFO - [2026-09-15T21:29:41.982+0000] {dagbag.py:545} INFO - Filling up the DagBag from /home/airflow/.local/lib/python3.12/site-packages/airflow/example_dags/example_dynamic_task_mapping_with_no_taskflow_operators.py
[2026-09-15T21:29:41.988+0000] {processor.py:840} INFO - DAG(s) 'example_dynamic_task_mapping_with_no_taskflow_operators' retrieved from /home/airflow/.local/lib/python3.12/site-packages/airflow/example_dags/example_dynamic_task_mapping_with_no_taskflow_operators.py
[2026-09-15T21:29:42.008+0000] {logging_mixin.py:188} INFO - [2026-09-15T21:29:42.007+0000] {dag.py:3089} INFO - Sync 1 DAGs
[2026-09-15T21:29:42.025+0000] {logging_mixin.py:188} INFO - [2026-09-15T21:29:42.025+0000] {dag.py:3947} INFO - Setting next_dagrun for example_dynamic_task_mapping_with_no_taskflow_operators to 2026-09-14 00:00:00+00:00, run_after=2026-09-15 00:00:00+00:00
[2026-09-15T21:29:42.044+0000] {processor.py:183} INFO - Processing /home/airflow/.local/lib/python3.12/site-packages/airflow/example_dags/example_dynamic_task_mapping_with_no_taskflow_operators.py took 0.070 seconds
[2026-09-15T21:30:12.096+0000] {processor.py:161} INFO - Started process (PID=4431) to work on /home/airflow/.local/lib/python3.12/site-packages/airflow/example_dags/example_dynamic_task_mapping_with_no_taskflow_operators.py
[2026-09-15T21:30:12.097+0000] {processor.py:830} INFO - Processing file /home/airflow/.local/lib/python3.12/site-packages/airflow/example_dags/example_dynamic_task_mapping_with_no_taskflow_operators.py for tasks to queue
[2026-09-15T21:30:12.099+0000] {logging_mixin.py:188} INFO - [2026-09-15T21:30:12.099+0000] {dagbag.py:545} INFO - Filling up the DagBag from /home/airflow/.local/lib/python3.12/site-packages/airflow/example_dags/example_dynamic_task_mapping_with_no_taskflow_operators.py
[2026-09-15T21:30:12.104+0000] {processor.py:840} INFO - DAG(s) 'example_dynamic_task_mapping_with_no_taskflow_operators' retrieved from /home/airflow/.local/lib/python3.12/site-packages/airflow/example_dags/example_dynamic_task_mapping_with_no_taskflow_operators.py
[2026-09-15T21:30:12.120+0000] {logging_mixin.py:188} INFO - [2026-09-15T21:30:12.120+0000] {dag.py:3089} INFO - Sync 1 DAGs
[2026-09-15T21:30:12.135+0000] {logging_mixin.py:188} INFO - [2026-09-15T21:30:12.135+0000] {dag.py:3947} INFO - Setting next_dagrun for example_dynamic_task_mapping_with_no_taskflow_operators to 2026-09-14 00:00:00+00:00, run_after=2026-09-15 00:00:00+00:00
[2026-09-15T21:30:12.150+0000] {processor.py:183} INFO - Processing /home/airflow/.local/lib/python3.12/site-packages/airflow/example_dags/example_dynamic_task_mapping_with_no_taskflow_operators.py took 0.059 seconds
[2026-09-15T21:30:42.306+0000] {processor.py:161} INFO - Started process (PID=4693) to work on /home/airflow/.local/lib/python3.12/site-packages/airflow/example_dags/example_dynamic_task_mapping_with_no_taskflow_operators.py
[2026-09-15T21:30:42.307+0000] {processor.py:830} INFO - Processing file /home/airflow/.local/lib/python3.12/site-packages/airflow/example_dags/example_dynamic_task_mapping_with_no_taskflow_operators.py for tasks to queue
[2026-09-15T21:30:42.309+0000] {logging_mixin.py:188} INFO - [2026-09-15T21:30:42.309+0000] {dagbag.py:545} INFO - Filling up the DagBag from /home/airflow/.local/lib/python3.12/site-packages/airflow/example_dags/example_dynamic_task_mapping_with_no_taskflow_operators.py
[2026-09-15T21:30:42.314+0000] {processor.py:840} INFO - DAG(s) 'example_dynamic_task_mapping_with_no_taskflow_operators' retrieved from /home/airflow/.local/lib/python3.12/site-packages/airflow/example_dags/example_dynamic_task_mapping_with_no_taskflow_operators.py
[2026-09-15T21:30:42.330+0000] {logging_mixin.py:188} INFO - [2026-09-15T21:30:42.330+0000] {dag.py:3089} INFO - Sync 1 DAGs
[2026-09-15T21:30:42.345+0000] {logging_mixin.py:188} INFO - [2026-09-15T21:30:42.345+0000] {dag.py:3947} INFO - Setting next_dagrun for example_dynamic_task_mapping_with_no_taskflow_operators to 2026-09-14 00:00:00+00:00, run_after=2026-09-15 00:00:00+00:00
[2026-09-15T21:30:42.362+0000] {processor.py:183} INFO - Processing /home/airflow/.local/lib/python3.12/site-packages/airflow/example_dags/example_dynamic_task_mapping_with_no_taskflow_operators.py took 0.060 seconds
[2026-09-15T21:31:12.901+0000] {processor.py:161} INFO - Started process (PID=4955) to work on /home/airflow/.local/lib/python3.12/site-packages/airflow/example_dags/example_dynamic_task_mapping_with_no_taskflow_operators.py
[2026-09-15T21:31:12.902+0000] {processor.py:830} INFO - Processing file /home/airflow/.local/lib/python3.12/site-packages/airflow/example_dags/example_dynamic_task_mapping_with_no_taskflow_operators.py for tasks to queue
[2026-09-15T21:31:12.903+0000] {logging_mixin.py:188} INFO - [2026-09-15T21:31:12.903+0000] {dagbag.py:545} INFO - Filling up the DagBag from /home/airflow/.local/lib/python3.12/site-packages/airflow/example_dags/example_dynamic_task_mapping_with_no_taskflow_operators.py
[2026-09-15T21:31:12.908+0000] {processor.py:840} INFO - DAG(s) 'example_dynamic_task_mapping_with_no_taskflow_operators' retrieved from /home/airflow/.local/lib/python3.12/site-packages/airflow/example_dags/example_dynamic_task_mapping_with_no_taskflow_operators.py
[2026-09-15T21:31:12.925+0000] {logging_mixin.py:188} INFO - [2026-09-15T21:31:12.925+0000] {dag.py:3089} INFO - Sync 1 DAGs
[2026-09-15T21:31:12.941+0000] {logging_mixin.py:188} INFO - [2026-09-15T21:31:12.941+0000] {dag.py:3947} INFO - Setting next_dagrun for example_dynamic_task_mapping_with_no_taskflow_operators to 2026-09-14 00:00:00+00:00, run_after=2026-09-15 00:00:00+00:00
[2026-09-15T21:31:12.956+0000] {processor.py:183} INFO - Processing /home/airflow/.local/lib/python3.12/site-packages/airflow/example_dags/example_dynamic_task_mapping_with_no_taskflow_operators.py took 0.060 seconds
[2026-09-15T21:31:43.516+0000] {processor.py:161} INFO - Started process (PID=5217) to work on /home/airflow/.local/lib/python3.12/site-packages/airflow/example_dags/example_dynamic_task_mapping_with_no_taskflow_operators.py
[2026-09-15T21:31:43.517+0000] {processor.py:830} INFO - Processing file /home/airflow/.local/lib/python3.12/site-packages/airflow/example_dags/example_dynamic_task_mapping_with_no_taskflow_operators.py for tasks to queue
[2026-09-15T21:31:43.520+0000] {logging_mixin.py:188} INFO - [2026-09-15T21:31:43.520+0000] {dagbag.py:545} INFO - Filling up the DagBag from /home/airflow/.local/lib/python3.12/site-packages/airflow/example_dags/example_dynamic_task_mapping_with_no_taskflow_operators.py
[2026-09-15T21:31:43.525+0000] {processor.py:840} INFO - DAG(s) 'example_dynamic_task_mapping_with_no_taskflow_operators' retrieved from /home/airflow/.local/lib/python3.12/site-packages/airflow/example_dags/example_dynamic_task_mapping_with_no_taskflow_operators.py
[2026-09-15T21:31:43.542+0000] {logging_mixin.py:188} INFO - [2026-09-15T21:31:43.541+0000] {dag.py:3089} INFO - Sync 1 DAGs
[2026-09-15T21:31:43.557+0000] {logging_mixin.py:188} INFO - [2026-09-15T21:31:43.557+0000] {dag.py:3947} INFO - Setting next_dagrun for example_dynamic_task_mapping_with_no_taskflow_operators to 2026-09-14 00:00:00+00:00, run_after=2026-09-15 00:00:00+00:00
[2026-09-15T21:31:43.572+0000] {processor.py:183} INFO - Processing /home/airflow/.local/lib/python3.12/site-packages/airflow/example_dags/example_dynamic_task_mapping_with_no_taskflow_operators.py took 0.060 seconds
[2026-09-15T21:32:14.244+0000] {processor.py:161} INFO - Started process (PID=5479) to work on /home/airflow/.local/lib/python3.12/site-packages/airflow/example_dags/example_dynamic_task_mapping_with_no_taskflow_operators.py
[2026-09-15T21:32:14.246+0000] {processor.py:830} INFO - Processing file /home/airflow/.local/lib/python3.12/site-packages/airflow/example_dags/example_dynamic_task_mapping_with_no_taskflow_operators.py for tasks to queue
[2026-09-15T21:32:14.247+0000] {logging_mixin.py:188} INFO - [2026-09-15T21:32:14.247+0000] {dagbag.py:545} INFO - Filling up the DagBag from /home/airflow/.local/lib/python3.12/site-packages/airflow/example_dags/example_dynamic_task_mapping_with_no_taskflow_operators.py
[2026-09-15T21:32:14.253+0000] {processor.py:840} INFO - DAG(s) 'example_dynamic_task_mapping_with_no_taskflow_operators' retrieved from /home/airflow/.local/lib/python3.12/site-packages/airflow/example_dags/example_dynamic_task_mapping_with_no_taskflow_operators.py
[2026-09-15T21:32:14.268+0000] {logging_mixin.py:188} INFO - [2026-09-15T21:32:14.268+0000] {dag.py:3089} INFO - Sync 1 DAGs
[2026-09-15T21:32:14.283+0000] {logging_mixin.py:188} INFO - [2026-09-15T21:32:14.283+0000] {dag.py:3947} INFO - Setting next_dagrun for example_dynamic_task_mapping_with_no_taskflow_operators to 2026-09-14 00:00:00+00:00, run_after=2026-09-15 00:00:00+00:00
[2026-09-15T21:32:14.298+0000] {processor.py:183} INFO - Processing /home/airflow/.local/lib/python3.12/site-packages/airflow/example_dags/example_dynamic_task_mapping_with_no_taskflow_operators.py took 0.058 seconds
[2026-09-15T21:32:44.459+0000] {processor.py:161} INFO - Started process (PID=5741) to work on /home/airflow/.local/lib/python3.12/site-packages/airflow/example_dags/example_dynamic_task_mapping_with_no_taskflow_operators.py
[2026-09-15T21:32:44.460+0000] {processor.py:830} INFO - Processing file /home/airflow/.local/lib/python3.12/site-packages/airflow/example_dags/example_dynamic_task_mapping_with_no_taskflow_operators.py for tasks to queue
[2026-09-15T21:32:44.462+0000] {logging_mixin.py:188} INFO - [2026-09-15T21:32:44.462+0000] {dagbag.py:545} INFO - Filling up the DagBag from /home/airflow/.local/lib/python3.12/site-packages/airflow/example_dags/example_dynamic_task_mapping_with_no_taskflow_operators.py
[2026-09-15T21:32:44.467+0000] {processor.py:840} INFO - DAG(s) 'example_dynamic_task_mapping_with_no_taskflow_operators' retrieved from /home/airflow/.local/lib/python3.12/site-packages/airflow/example_dags/example_dynamic_task_mapping_with_no_taskflow_operators.py
[2026-09-15T21:32:44.483+0000] {logging_mixin.py:188} INFO - [2026-09-15T21:32:44.483+0000] {dag.py:3089} INFO - Sync 1 DAGs
[2026-09-15T21:32:44.500+0000] {logging_mixin.py:188} INFO - [2026-09-15T21:32:44.500+0000] {dag.py:3947} INFO - Setting next_dagrun for example_dynamic_task_mapping_with_no_taskflow_operators to 2026-09-14 00:00:00+00:00, run_after=2026-09-15 00:00:00+00:00
[2026-09-15T21:32:44.515+0000] {processor.py:183} INFO - Processing /home/airflow/.local/lib/python3.12/site-packages/airflow/example_dags/example_dynamic_task_mapping_with_no_taskflow_operators.py took 0.061 seconds
[2026-09-15T21:33:14.764+0000] {processor.py:161} INFO - Started process (PID=6003) to work on /home/airflow/.local/lib/python3.12/site-packages/airflow/example_dags/example_dynamic_task_mapping_with_no_taskflow_operators.py
[2026-09-15T21:33:14.765+0000] {processor.py:830} INFO - Processing file /home/airflow/.local/lib/python3.12/site-packages/airflow/example_dags/example_dynamic_task_mapping_with_no_taskflow_operators.py for tasks to queue
[2026-09-15T21:33:14.767+0000] {logging_mixin.py:188} INFO - [2026-09-15T21:33:14.767+0000] {dagbag.py:545} INFO - Filling up the DagBag from /home/airflow/.local/lib/python3.12/site-packages/airflow/example_dags/example_dynamic_task_mapping_with_no_taskflow_operators.py
[2026-09-15T21:33:14.771+0000] {processor.py:840} INFO - DAG(s) 'example_dynamic_task_mapping_with_no_taskflow_operators' retrieved from /home/airflow/.local/lib/python3.12/site-packages/airflow/example_dags/example_dynamic_task_mapping_with_no_taskflow_operators.py
[2026-09-15T21:33:14.788+0000] {logging_mixin.py:188} INFO - [2026-09-15T21:33:14.787+0000] {dag.py:3089} INFO - Sync 1 DAGs
[2026-09-15T21:33:14.804+0000] {logging_mixin.py:188} INFO - [2026-09-15T21:33:14.804+0000] {dag.py:3947} INFO - Setting next_dagrun for example_dynamic_task_mapping_with_no_taskflow_operators to 2026-09-14 00:00:00+00:00, run_after=2026-09-15 00:00:00+00:00
[2026-09-15T21:33:14.819+0000] {processor.py:183} INFO - Processing /home/airflow/.local/lib/python3.12/site-packages/airflow/example_dags/example_dynamic_task_mapping_with_no_taskflow_operators.py took 0.059 seconds
[2026-09-15T21:33:44.906+0000] {processor.py:161} INFO - Started process (PID=6269) to work on /home/airflow/.local/lib/python3.12/site-packages/airflow/example_dags/example_dynamic_task_mapping_with_no_taskflow_operators.py
[2026-09-15T21:33:44.907+0000] {processor.py:830} INFO - Processing file /home/airflow/.local/lib/python3.12/site-packages/airflow/example_dags/example_dynamic_task_mapping_with_no_taskflow_operators.py for tasks to queue
[2026-09-15T21:33:44.909+0000] {logging_mixin.py:188} INFO - [2026-09-15T21:33:44.909+0000] {dagbag.py:545} INFO - Filling up the DagBag from /home/airflow/.local/lib/python3.12/site-packages/airflow/example_dags/example_dynamic_task_mapping_with_no_taskflow_operators.py
[2026-09-15T21:33:44.915+0000] {processor.py:840} INFO - DAG(s) 'example_dynamic_task_mapping_with_no_taskflow_operators' retrieved from /home/airflow/.local/lib/python3.12/site-packages/airflow/example_dags/example_dynamic_task_mapping_with_no_taskflow_operators.py
[2026-09-15T21:33:44.932+0000] {logging_mixin.py:188} INFO - [2026-09-15T21:33:44.932+0000] {dag.py:3089} INFO - Sync 1 DAGs
[2026-09-15T21:33:44.950+0000] {logging_mixin.py:188} INFO - [2026-09-15T21:33:44.950+0000] {dag.py:3947} INFO - Setting next_dagrun for example_dynamic_task_mapping_with_no_taskflow_operators to 2026-09-14 00:00:00+00:00, run_after=2026-09-15 00:00:00+00:00
[2026-09-15T21:33:44.966+0000] {processor.py:183} INFO - Processing /home/airflow/.local/lib/python3.12/site-packages/airflow/example_dags/example_dynamic_task_mapping_with_no_taskflow_operators.py took 0.065 seconds
[2026-09-15T21:34:15.247+0000] {processor.py:161} INFO - Started process (PID=6531) to work on /home/airflow/.local/lib/python3.12/site-packages/airflow/example_dags/example_dynamic_task_mapping_with_no_taskflow_operators.py
[2026-09-15T21:34:15.249+0000] {processor.py:830} INFO - Processing file /home/airflow/.local/lib/python3.12/site-packages/airflow/example_dags/example_dynamic_task_mapping_with_no_taskflow_operators.py for tasks to queue
[2026-09-15T21:34:15.251+0000] {logging_mixin.py:188} INFO - [2026-09-15T21:34:15.251+0000] {dagbag.py:545} INFO - Filling up the DagBag from /home/airflow/.local/lib/python3.12/site-packages/airflow/example_dags/example_dynamic_task_mapping_with_no_taskflow_operators.py
[2026-09-15T21:34:15.257+0000] {processor.py:840} INFO - DAG(s) 'example_dynamic_task_mapping_with_no_taskflow_operators' retrieved from /home/airflow/.local/lib/python3.12/site-packages/airflow/example_dags/example_dynamic_task_mapping_with_no_taskflow_operators.py
[2026-09-15T21:34:15.276+0000] {logging_mixin.py:188} INFO - [2026-09-15T21:34:15.275+0000] {dag.py:3089} INFO - Sync 1 DAGs
[2026-09-15T21:34:15.294+0000] {logging_mixin.py:188} INFO - [2026-09-15T21:34:15.294+0000] {dag.py:3947} INFO - Setting next_dagrun for example_dynamic_task_mapping_with_no_taskflow_operators to 2026-09-14 00:00:00+00:00, run_after=2026-09-15 00:00:00+00:00
[2026-09-15T21:34:15.309+0000] {processor.py:183} INFO - Processing /home/airflow/.local/lib/python3.12/site-packages/airflow/example_dags/example_dynamic_task_mapping_with_no_taskflow_operators.py took 0.067 seconds
[2026-09-15T21:34:45.804+0000] {processor.py:161} INFO - Started process (PID=6793) to work on /home/airflow/.local/lib/python3.12/site-packages/airflow/example_dags/example_dynamic_task_mapping_with_no_taskflow_operators.py
[2026-09-15T21:34:45.805+0000] {processor.py:830} INFO - Processing file /home/airflow/.local/lib/python3.12/site-packages/airflow/example_dags/example_dynamic_task_mapping_with_no_taskflow_operators.py for tasks to queue
[2026-09-15T21:34:45.809+0000] {logging_mixin.py:188} INFO - [2026-09-15T21:34:45.809+0000] {dagbag.py:545} INFO - Filling up the DagBag from /home/airflow/.local/lib/python3.12/site-packages/airflow/example_dags/example_dynamic_task_mapping_with_no_taskflow_operators.py
[2026-09-15T21:34:45.816+0000] {processor.py:840} INFO - DAG(s) 'example_dynamic_task_mapping_with_no_taskflow_operators' retrieved from /home/airflow/.local/lib/python3.12/site-packages/airflow/example_dags/example_dynamic_task_mapping_with_no_taskflow_operators.py
[2026-09-15T21:34:45.838+0000] {logging_mixin.py:188} INFO - [2026-09-15T21:34:45.837+0000] {dag.py:3089} INFO - Sync 1 DAGs
[2026-09-15T21:34:45.856+0000] {logging_mixin.py:188} INFO - [2026-09-15T21:34:45.856+0000] {dag.py:3947} INFO - Setting next_dagrun for example_dynamic_task_mapping_with_no_taskflow_operators to 2026-09-14 00:00:00+00:00, run_after=2026-09-15 00:00:00+00:00
[2026-09-15T21:34:45.872+0000] {processor.py:183} INFO - Processing /home/airflow/.local/lib/python3.12/site-packages/airflow/example_dags/example_dynamic_task_mapping_with_no_taskflow_operators.py took 0.073 seconds
[2026-09-15T21:35:16.085+0000] {processor.py:161} INFO - Started process (PID=7059) to work on /home/airflow/.local/lib/python3.12/site-packages/airflow/example_dags/example_dynamic_task_mapping_with_no_taskflow_operators.py
[2026-09-15T21:35:16.087+0000] {processor.py:830} INFO - Processing file /home/airflow/.local/lib/python3.12/site-packages/airflow/example_dags/example_dynamic_task_mapping_with_no_taskflow_operators.py for tasks to queue
[2026-09-15T21:35:16.089+0000] {logging_mixin.py:188} INFO - [2026-09-15T21:35:16.089+0000] {dagbag.py:545} INFO - Filling up the DagBag from /home/airflow/.local/lib/python3.12/site-packages/airflow/example_dags/example_dynamic_task_mapping_with_no_taskflow_operators.py
[2026-09-15T21:35:16.096+0000] {processor.py:840} INFO - DAG(s) 'example_dynamic_task_mapping_with_no_taskflow_operators' retrieved from /home/airflow/.local/lib/python3.12/site-packages/airflow/example_dags/example_dynamic_task_mapping_with_no_taskflow_operators.py
[2026-09-15T21:35:16.115+0000] {logging_mixin.py:188} INFO - [2026-09-15T21:35:16.114+0000] {dag.py:3089} INFO - Sync 1 DAGs
[2026-09-15T21:35:16.133+0000] {logging_mixin.py:188} INFO - [2026-09-15T21:35:16.133+0000] {dag.py:3947} INFO - Setting next_dagrun for example_dynamic_task_mapping_with_no_taskflow_operators to 2026-09-14 00:00:00+00:00, run_after=2026-09-15 00:00:00+00:00
[2026-09-15T21:35:16.149+0000] {processor.py:183} INFO - Processing /home/airflow/.local/lib/python3.12/site-packages/airflow/example_dags/example_dynamic_task_mapping_with_no_taskflow_operators.py took 0.068 seconds
[2026-09-15T21:35:46.539+0000] {processor.py:161} INFO - Started process (PID=7321) to work on /home/airflow/.local/lib/python3.12/site-packages/airflow/example_dags/example_dynamic_task_mapping_with_no_taskflow_operators.py
[2026-09-15T21:35:46.540+0000] {processor.py:830} INFO - Processing file /home/airflow/.local/lib/python3.12/site-packages/airflow/example_dags/example_dynamic_task_mapping_with_no_taskflow_operators.py for tasks to queue
[2026-09-15T21:35:46.542+0000] {logging_mixin.py:188} INFO - [2026-09-15T21:35:46.541+0000] {dagbag.py:545} INFO - Filling up the DagBag from /home/airflow/.local/lib/python3.12/site-packages/airflow/example_dags/example_dynamic_task_mapping_with_no_taskflow_operators.py
[2026-09-15T21:35:46.547+0000] {processor.py:840} INFO - DAG(s) 'example_dynamic_task_mapping_with_no_taskflow_operators' retrieved from /home/airflow/.local/lib/python3.12/site-packages/airflow/example_dags/example_dynamic_task_mapping_with_no_taskflow_operators.py
[2026-09-15T21:35:46.563+0000] {logging_mixin.py:188} INFO - [2026-09-15T21:35:46.562+0000] {dag.py:3089} INFO - Sync 1 DAGs
[2026-09-15T21:35:46.578+0000] {logging_mixin.py:188} INFO - [2026-09-15T21:35:46.577+0000] {dag.py:3947} INFO - Setting next_dagrun for example_dynamic_task_mapping_with_no_taskflow_operators to 2026-09-14 00:00:00+00:00, run_after=2026-09-15 00:00:00+00:00
[2026-09-15T21:35:46.591+0000] {processor.py:183} INFO - Processing /home/airflow/.local/lib/python3.12/site-packages/airflow/example_dags/example_dynamic_task_mapping_with_no_taskflow_operators.py took 0.057 seconds
[2026-09-15T21:36:16.696+0000] {processor.py:161} INFO - Started process (PID=7583) to work on /home/airflow/.local/lib/python3.12/site-packages/airflow/example_dags/example_dynamic_task_mapping_with_no_taskflow_operators.py
[2026-09-15T21:36:16.697+0000] {processor.py:830} INFO - Processing file /home/airflow/.local/lib/python3.12/site-packages/airflow/example_dags/example_dynamic_task_mapping_with_no_taskflow_operators.py for tasks to queue
[2026-09-15T21:36:16.699+0000] {logging_mixin.py:188} INFO - [2026-09-15T21:36:16.698+0000] {dagbag.py:545} INFO - Filling up the DagBag from /home/airflow/.local/lib/python3.12/site-packages/airflow/example_dags/example_dynamic_task_mapping_with_no_taskflow_operators.py
[2026-09-15T21:36:16.703+0000] {processor.py:840} INFO - DAG(s) 'example_dynamic_task_mapping_with_no_taskflow_operators' retrieved from /home/airflow/.local/lib/python3.12/site-packages/airflow/example_dags/example_dynamic_task_mapping_with_no_taskflow_operators.py
[2026-09-15T21:36:16.721+0000] {logging_mixin.py:188} INFO - [2026-09-15T21:36:16.721+0000] {dag.py:3089} INFO - Sync 1 DAGs
[2026-09-15T21:36:16.739+0000] {logging_mixin.py:188} INFO - [2026-09-15T21:36:16.739+0000] {dag.py:3947} INFO - Setting next_dagrun for example_dynamic_task_mapping_with_no_taskflow_operators to 2026-09-14 00:00:00+00:00, run_after=2026-09-15 00:00:00+00:00
[2026-09-15T21:36:16.757+0000] {processor.py:183} INFO - Processing /home/airflow/.local/lib/python3.12/site-packages/airflow/example_dags/example_dynamic_task_mapping_with_no_taskflow_operators.py took 0.065 seconds
[2026-09-15T21:36:46.826+0000] {processor.py:161} INFO - Started process (PID=7845) to work on /home/airflow/.local/lib/python3.12/site-packages/airflow/example_dags/example_dynamic_task_mapping_with_no_taskflow_operators.py
[2026-09-15T21:36:46.827+0000] {processor.py:830} INFO - Processing file /home/airflow/.local/lib/python3.12/site-packages/airflow/example_dags/example_dynamic_task_mapping_with_no_taskflow_operators.py for tasks to queue
[2026-09-15T21:36:46.829+0000] {logging_mixin.py:188} INFO - [2026-09-15T21:36:46.829+0000] {dagbag.py:545} INFO - Filling up the DagBag from /home/airflow/.local/lib/python3.12/site-packages/airflow/example_dags/example_dynamic_task_mapping_with_no_taskflow_operators.py
[2026-09-15T21:36:46.835+0000] {processor.py:840} INFO - DAG(s) 'example_dynamic_task_mapping_with_no_taskflow_operators' retrieved from /home/airflow/.local/lib/python3.12/site-packages/airflow/example_dags/example_dynamic_task_mapping_with_no_taskflow_operators.py
[2026-09-15T21:36:46.853+0000] {logging_mixin.py:188} INFO - [2026-09-15T21:36:46.853+0000] {dag.py:3089} INFO - Sync 1 DAGs
[2026-09-15T21:36:46.868+0000] {logging_mixin.py:188} INFO - [2026-09-15T21:36:46.867+0000] {dag.py:3947} INFO - Setting next_dagrun for example_dynamic_task_mapping_with_no_taskflow_operators to 2026-09-14 00:00:00+00:00, run_after=2026-09-15 00:00:00+00:00
[2026-09-15T21:36:46.881+0000] {processor.py:183} INFO - Processing /home/airflow/.local/lib/python3.12/site-packages/airflow/example_dags/example_dynamic_task_mapping_with_no_taskflow_operators.py took 0.059 seconds
[2026-09-15T21:37:17.247+0000] {processor.py:161} INFO - Started process (PID=8107) to work on /home/airflow/.local/lib/python3.12/site-packages/airflow/example_dags/example_dynamic_task_mapping_with_no_taskflow_operators.py
[2026-09-15T21:37:17.248+0000] {processor.py:830} INFO - Processing file /home/airflow/.local/lib/python3.12/site-packages/airflow/example_dags/example_dynamic_task_mapping_with_no_taskflow_operators.py for tasks to queue
[2026-09-15T21:37:17.250+0000] {logging_mixin.py:188} INFO - [2026-09-15T21:37:17.250+0000] {dagbag.py:545} INFO - Filling up the DagBag from /home/airflow/.local/lib/python3.12/site-packages/airflow/example_dags/example_dynamic_task_mapping_with_no_taskflow_operators.py
[2026-09-15T21:37:17.255+0000] {processor.py:840} INFO - DAG(s) 'example_dynamic_task_mapping_with_no_taskflow_operators' retrieved from /home/airflow/.local/lib/python3.12/site-packages/airflow/example_dags/example_dynamic_task_mapping_with_no_taskflow_operators.py
[2026-09-15T21:37:17.274+0000] {logging_mixin.py:188} INFO - [2026-09-15T21:37:17.274+0000] {dag.py:3089} INFO - Sync 1 DAGs
[2026-09-15T21:37:17.290+0000] {logging_mixin.py:188} INFO - [2026-09-15T21:37:17.289+0000] {dag.py:3947} INFO - Setting next_dagrun for example_dynamic_task_mapping_with_no_taskflow_operators to 2026-09-14 00:00:00+00:00, run_after=2026-09-15 00:00:00+00:00
[2026-09-15T21:37:17.304+0000] {processor.py:183} INFO - Processing /home/airflow/.local/lib/python3.12/site-packages/airflow/example_dags/example_dynamic_task_mapping_with_no_taskflow_operators.py took 0.062 seconds
[2026-09-15T21:37:47.514+0000] {processor.py:161} INFO - Started process (PID=8369) to work on /home/airflow/.local/lib/python3.12/site-packages/airflow/example_dags/example_dynamic_task_mapping_with_no_taskflow_operators.py
[2026-09-15T21:37:47.516+0000] {processor.py:830} INFO - Processing file /home/airflow/.local/lib/python3.12/site-packages/airflow/example_dags/example_dynamic_task_mapping_with_no_taskflow_operators.py for tasks to queue
[2026-09-15T21:37:47.517+0000] {logging_mixin.py:188} INFO - [2026-09-15T21:37:47.517+0000] {dagbag.py:545} INFO - Filling up the DagBag from /home/airflow/.local/lib/python3.12/site-packages/airflow/example_dags/example_dynamic_task_mapping_with_no_taskflow_operators.py
[2026-09-15T21:37:47.522+0000] {processor.py:840} INFO - DAG(s) 'example_dynamic_task_mapping_with_no_taskflow_operators' retrieved from /home/airflow/.local/lib/python3.12/site-packages/airflow/example_dags/example_dynamic_task_mapping_with_no_taskflow_operators.py
[2026-09-15T21:37:47.537+0000] {logging_mixin.py:188} INFO - [2026-09-15T21:37:47.537+0000] {dag.py:3089} INFO - Sync 1 DAGs
[2026-09-15T21:37:47.552+0000] {logging_mixin.py:188} INFO - [2026-09-15T21:37:47.552+0000] {dag.py:3947} INFO - Setting next_dagrun for example_dynamic_task_mapping_with_no_taskflow_operators to 2026-09-14 00:00:00+00:00, run_after=2026-09-15 00:00:00+00:00
[2026-09-15T21:37:47.566+0000] {processor.py:183} INFO - Processing /home/airflow/.local/lib/python3.12/site-packages/airflow/example_dags/example_dynamic_task_mapping_with_no_taskflow_operators.py took 0.056 seconds
[2026-09-15T21:38:17.824+0000] {processor.py:161} INFO - Started process (PID=8631) to work on /home/airflow/.local/lib/python3.12/site-packages/airflow/example_dags/example_dynamic_task_mapping_with_no_taskflow_operators.py
[2026-09-15T21:38:17.825+0000] {processor.py:830} INFO - Processing file /home/airflow/.local/lib/python3.12/site-packages/airflow/example_dags/example_dynamic_task_mapping_with_no_taskflow_operators.py for tasks to queue
[2026-09-15T21:38:17.827+0000] {logging_mixin.py:188} INFO - [2026-09-15T21:38:17.827+0000] {dagbag.py:545} INFO - Filling up the DagBag from /home/airflow/.local/lib/python3.12/site-packages/airflow/example_dags/example_dynamic_task_mapping_with_no_taskflow_operators.py
[2026-09-15T21:38:17.833+0000] {processor.py:840} INFO - DAG(s) 'example_dynamic_task_mapping_with_no_taskflow_operators' retrieved from /home/airflow/.local/lib/python3.12/site-packages/airflow/example_dags/example_dynamic_task_mapping_with_no_taskflow_operators.py
[2026-09-15T21:38:17.850+0000] {logging_mixin.py:188} INFO - [2026-09-15T21:38:17.850+0000] {dag.py:3089} INFO - Sync 1 DAGs
[2026-09-15T21:38:17.867+0000] {logging_mixin.py:188} INFO - [2026-09-15T21:38:17.867+0000] {dag.py:3947} INFO - Setting next_dagrun for example_dynamic_task_mapping_with_no_taskflow_operators to 2026-09-14 00:00:00+00:00, run_after=2026-09-15 00:00:00+00:00
[2026-09-15T21:38:17.882+0000] {processor.py:183} INFO - Processing /home/airflow/.local/lib/python3.12/site-packages/airflow/example_dags/example_dynamic_task_mapping_with_no_taskflow_operators.py took 0.063 seconds
[2026-09-15T21:38:47.991+0000] {processor.py:161} INFO - Started process (PID=8922) to work on /home/airflow/.local/lib/python3.12/site-packages/airflow/example_dags/example_dynamic_task_mapping_with_no_taskflow_operators.py
[2026-09-15T21:38:47.993+0000] {processor.py:830} INFO - Processing file /home/airflow/.local/lib/python3.12/site-packages/airflow/example_dags/example_dynamic_task_mapping_with_no_taskflow_operators.py for tasks to queue
[2026-09-15T21:38:47.995+0000] {logging_mixin.py:188} INFO - [2026-09-15T21:38:47.994+0000] {dagbag.py:545} INFO - Filling up the DagBag from /home/airflow/.local/lib/python3.12/site-packages/airflow/example_dags/example_dynamic_task_mapping_with_no_taskflow_operators.py
[2026-09-15T21:38:48.001+0000] {processor.py:840} INFO - DAG(s) 'example_dynamic_task_mapping_with_no_taskflow_operators' retrieved from /home/airflow/.local/lib/python3.12/site-packages/airflow/example_dags/example_dynamic_task_mapping_with_no_taskflow_operators.py
[2026-09-15T21:38:48.020+0000] {logging_mixin.py:188} INFO - [2026-09-15T21:38:48.020+0000] {dag.py:3089} INFO - Sync 1 DAGs
[2026-09-15T21:38:48.037+0000] {logging_mixin.py:188} INFO - [2026-09-15T21:38:48.036+0000] {dag.py:3947} INFO - Setting next_dagrun for example_dynamic_task_mapping_with_no_taskflow_operators to 2026-09-14 00:00:00+00:00, run_after=2026-09-15 00:00:00+00:00
[2026-09-15T21:38:48.052+0000] {processor.py:183} INFO - Processing /home/airflow/.local/lib/python3.12/site-packages/airflow/example_dags/example_dynamic_task_mapping_with_no_taskflow_operators.py took 0.066 seconds
[2026-09-15T21:39:18.416+0000] {processor.py:161} INFO - Started process (PID=9184) to work on /home/airflow/.local/lib/python3.12/site-packages/airflow/example_dags/example_dynamic_task_mapping_with_no_taskflow_operators.py
[2026-09-15T21:39:18.417+0000] {processor.py:830} INFO - Processing file /home/airflow/.local/lib/python3.12/site-packages/airflow/example_dags/example_dynamic_task_mapping_with_no_taskflow_operators.py for tasks to queue
[2026-09-15T21:39:18.418+0000] {logging_mixin.py:188} INFO - [2026-09-15T21:39:18.418+0000] {dagbag.py:545} INFO - Filling up the DagBag from /home/airflow/.local/lib/python3.12/site-packages/airflow/example_dags/example_dynamic_task_mapping_with_no_taskflow_operators.py
[2026-09-15T21:39:18.423+0000] {processor.py:840} INFO - DAG(s) 'example_dynamic_task_mapping_with_no_taskflow_operators' retrieved from /home/airflow/.local/lib/python3.12/site-packages/airflow/example_dags/example_dynamic_task_mapping_with_no_taskflow_operators.py
[2026-09-15T21:39:18.440+0000] {logging_mixin.py:188} INFO - [2026-09-15T21:39:18.440+0000] {dag.py:3089} INFO - Sync 1 DAGs
[2026-09-15T21:39:18.456+0000] {logging_mixin.py:188} INFO - [2026-09-15T21:39:18.456+0000] {dag.py:3947} INFO - Setting next_dagrun for example_dynamic_task_mapping_with_no_taskflow_operators to 2026-09-14 00:00:00+00:00, run_after=2026-09-15 00:00:00+00:00
[2026-09-15T21:39:18.471+0000] {processor.py:183} INFO - Processing /home/airflow/.local/lib/python3.12/site-packages/airflow/example_dags/example_dynamic_task_mapping_with_no_taskflow_operators.py took 0.060 seconds
[2026-09-15T21:39:48.635+0000] {processor.py:161} INFO - Started process (PID=9446) to work on /home/airflow/.local/lib/python3.12/site-packages/airflow/example_dags/example_dynamic_task_mapping_with_no_taskflow_operators.py
[2026-09-15T21:39:48.637+0000] {processor.py:830} INFO - Processing file /home/airflow/.local/lib/python3.12/site-packages/airflow/example_dags/example_dynamic_task_mapping_with_no_taskflow_operators.py for tasks to queue
[2026-09-15T21:39:48.638+0000] {logging_mixin.py:188} INFO - [2026-09-15T21:39:48.638+0000] {dagbag.py:545} INFO - Filling up the DagBag from /home/airflow/.local/lib/python3.12/site-packages/airflow/example_dags/example_dynamic_task_mapping_with_no_taskflow_operators.py
[2026-09-15T21:39:48.644+0000] {processor.py:840} INFO - DAG(s) 'example_dynamic_task_mapping_with_no_taskflow_operators' retrieved from /home/airflow/.local/lib/python3.12/site-packages/airflow/example_dags/example_dynamic_task_mapping_with_no_taskflow_operators.py
[2026-09-15T21:39:48.661+0000] {logging_mixin.py:188} INFO - [2026-09-15T21:39:48.661+0000] {dag.py:3089} INFO - Sync 1 DAGs
[2026-09-15T21:39:48.677+0000] {logging_mixin.py:188} INFO - [2026-09-15T21:39:48.677+0000] {dag.py:3947} INFO - Setting next_dagrun for example_dynamic_task_mapping_with_no_taskflow_operators to 2026-09-14 00:00:00+00:00, run_after=2026-09-15 00:00:00+00:00
[2026-09-15T21:39:48.693+0000] {processor.py:183} INFO - Processing /home/airflow/.local/lib/python3.12/site-packages/airflow/example_dags/example_dynamic_task_mapping_with_no_taskflow_operators.py took 0.062 seconds
[2026-09-15T21:40:18.812+0000] {processor.py:161} INFO - Started process (PID=9708) to work on /home/airflow/.local/lib/python3.12/site-packages/airflow/example_dags/example_dynamic_task_mapping_with_no_taskflow_operators.py
[2026-09-15T21:40:18.813+0000] {processor.py:830} INFO - Processing file /home/airflow/.local/lib/python3.12/site-packages/airflow/example_dags/example_dynamic_task_mapping_with_no_taskflow_operators.py for tasks to queue
[2026-09-15T21:40:18.815+0000] {logging_mixin.py:188} INFO - [2026-09-15T21:40:18.815+0000] {dagbag.py:545} INFO - Filling up the DagBag from /home/airflow/.local/lib/python3.12/site-packages/airflow/example_dags/example_dynamic_task_mapping_with_no_taskflow_operators.py
[2026-09-15T21:40:18.821+0000] {processor.py:840} INFO - DAG(s) 'example_dynamic_task_mapping_with_no_taskflow_operators' retrieved from /home/airflow/.local/lib/python3.12/site-packages/airflow/example_dags/example_dynamic_task_mapping_with_no_taskflow_operators.py
[2026-09-15T21:40:18.838+0000] {logging_mixin.py:188} INFO - [2026-09-15T21:40:18.837+0000] {dag.py:3089} INFO - Sync 1 DAGs
[2026-09-15T21:40:18.853+0000] {logging_mixin.py:188} INFO - [2026-09-15T21:40:18.853+0000] {dag.py:3947} INFO - Setting next_dagrun for example_dynamic_task_mapping_with_no_taskflow_operators to 2026-09-14 00:00:00+00:00, run_after=2026-09-15 00:00:00+00:00
[2026-09-15T21:40:18.866+0000] {processor.py:183} INFO - Processing /home/airflow/.local/lib/python3.12/site-packages/airflow/example_dags/example_dynamic_task_mapping_with_no_taskflow_operators.py took 0.059 seconds
[2026-09-15T21:40:49.909+0000] {processor.py:161} INFO - Started process (PID=9970) to work on /home/airflow/.local/lib/python3.12/site-packages/airflow/example_dags/example_dynamic_task_mapping_with_no_taskflow_operators.py
[2026-09-15T21:40:49.911+0000] {processor.py:830} INFO - Processing file /home/airflow/.local/lib/python3.12/site-packages/airflow/example_dags/example_dynamic_task_mapping_with_no_taskflow_operators.py for tasks to queue
[2026-09-15T21:40:49.913+0000] {logging_mixin.py:188} INFO - [2026-09-15T21:40:49.912+0000] {dagbag.py:545} INFO - Filling up the DagBag from /home/airflow/.local/lib/python3.12/site-packages/airflow/example_dags/example_dynamic_task_mapping_with_no_taskflow_operators.py
[2026-09-15T21:40:49.918+0000] {processor.py:840} INFO - DAG(s) 'example_dynamic_task_mapping_with_no_taskflow_operators' retrieved from /home/airflow/.local/lib/python3.12/site-packages/airflow/example_dags/example_dynamic_task_mapping_with_no_taskflow_operators.py
[2026-09-15T21:40:49.937+0000] {logging_mixin.py:188} INFO - [2026-09-15T21:40:49.937+0000] {dag.py:3089} INFO - Sync 1 DAGs
[2026-09-15T21:40:50.128+0000] {logging_mixin.py:188} INFO - [2026-09-15T21:40:50.128+0000] {dag.py:3947} INFO - Setting next_dagrun for example_dynamic_task_mapping_with_no_taskflow_operators to 2026-09-14 00:00:00+00:00, run_after=2026-09-15 00:00:00+00:00
[2026-09-15T21:40:50.147+0000] {processor.py:183} INFO - Processing /home/airflow/.local/lib/python3.12/site-packages/airflow/example_dags/example_dynamic_task_mapping_with_no_taskflow_operators.py took 0.242 seconds
[2026-09-15T21:41:20.292+0000] {processor.py:161} INFO - Started process (PID=10232) to work on /home/airflow/.local/lib/python3.12/site-packages/airflow/example_dags/example_dynamic_task_mapping_with_no_taskflow_operators.py
[2026-09-15T21:41:20.293+0000] {processor.py:830} INFO - Processing file /home/airflow/.local/lib/python3.12/site-packages/airflow/example_dags/example_dynamic_task_mapping_with_no_taskflow_operators.py for tasks to queue
[2026-09-15T21:41:20.295+0000] {logging_mixin.py:188} INFO - [2026-09-15T21:41:20.294+0000] {dagbag.py:545} INFO - Filling up the DagBag from /home/airflow/.local/lib/python3.12/site-packages/airflow/example_dags/example_dynamic_task_mapping_with_no_taskflow_operators.py
[2026-09-15T21:41:20.299+0000] {processor.py:840} INFO - DAG(s) 'example_dynamic_task_mapping_with_no_taskflow_operators' retrieved from /home/airflow/.local/lib/python3.12/site-packages/airflow/example_dags/example_dynamic_task_mapping_with_no_taskflow_operators.py
[2026-09-15T21:41:20.316+0000] {logging_mixin.py:188} INFO - [2026-09-15T21:41:20.316+0000] {dag.py:3089} INFO - Sync 1 DAGs
[2026-09-15T21:41:20.332+0000] {logging_mixin.py:188} INFO - [2026-09-15T21:41:20.332+0000] {dag.py:3947} INFO - Setting next_dagrun for example_dynamic_task_mapping_with_no_taskflow_operators to 2026-09-14 00:00:00+00:00, run_after=2026-09-15 00:00:00+00:00
[2026-09-15T21:41:20.486+0000] {processor.py:183} INFO - Processing /home/airflow/.local/lib/python3.12/site-packages/airflow/example_dags/example_dynamic_task_mapping_with_no_taskflow_operators.py took 0.199 seconds
[2026-09-15T21:41:51.222+0000] {processor.py:161} INFO - Started process (PID=10494) to work on /home/airflow/.local/lib/python3.12/site-packages/airflow/example_dags/example_dynamic_task_mapping_with_no_taskflow_operators.py
[2026-09-15T21:41:51.224+0000] {processor.py:830} INFO - Processing file /home/airflow/.local/lib/python3.12/site-packages/airflow/example_dags/example_dynamic_task_mapping_with_no_taskflow_operators.py for tasks to queue
[2026-09-15T21:41:51.226+0000] {logging_mixin.py:188} INFO - [2026-09-15T21:41:51.225+0000] {dagbag.py:545} INFO - Filling up the DagBag from /home/airflow/.local/lib/python3.12/site-packages/airflow/example_dags/example_dynamic_task_mapping_with_no_taskflow_operators.py
[2026-09-15T21:41:51.231+0000] {processor.py:840} INFO - DAG(s) 'example_dynamic_task_mapping_with_no_taskflow_operators' retrieved from /home/airflow/.local/lib/python3.12/site-packages/airflow/example_dags/example_dynamic_task_mapping_with_no_taskflow_operators.py
[2026-09-15T21:41:51.249+0000] {logging_mixin.py:188} INFO - [2026-09-15T21:41:51.249+0000] {dag.py:3089} INFO - Sync 1 DAGs
[2026-09-15T21:41:51.271+0000] {logging_mixin.py:188} INFO - [2026-09-15T21:41:51.271+0000] {dag.py:3947} INFO - Setting next_dagrun for example_dynamic_task_mapping_with_no_taskflow_operators to 2026-09-14 00:00:00+00:00, run_after=2026-09-15 00:00:00+00:00
[2026-09-15T21:41:51.498+0000] {processor.py:183} INFO - Processing /home/airflow/.local/lib/python3.12/site-packages/airflow/example_dags/example_dynamic_task_mapping_with_no_taskflow_operators.py took 0.279 seconds
[2026-09-15T21:42:22.408+0000] {processor.py:161} INFO - Started process (PID=10756) to work on /home/airflow/.local/lib/python3.12/site-packages/airflow/example_dags/example_dynamic_task_mapping_with_no_taskflow_operators.py
[2026-09-15T21:42:22.409+0000] {processor.py:830} INFO - Processing file /home/airflow/.local/lib/python3.12/site-packages/airflow/example_dags/example_dynamic_task_mapping_with_no_taskflow_operators.py for tasks to queue
[2026-09-15T21:42:22.411+0000] {logging_mixin.py:188} INFO - [2026-09-15T21:42:22.410+0000] {dagbag.py:545} INFO - Filling up the DagBag from /home/airflow/.local/lib/python3.12/site-packages/airflow/example_dags/example_dynamic_task_mapping_with_no_taskflow_operators.py
[2026-09-15T21:42:22.416+0000] {processor.py:840} INFO - DAG(s) 'example_dynamic_task_mapping_with_no_taskflow_operators' retrieved from /home/airflow/.local/lib/python3.12/site-packages/airflow/example_dags/example_dynamic_task_mapping_with_no_taskflow_operators.py
[2026-09-15T21:42:22.433+0000] {logging_mixin.py:188} INFO - [2026-09-15T21:42:22.433+0000] {dag.py:3089} INFO - Sync 1 DAGs
[2026-09-15T21:42:22.449+0000] {logging_mixin.py:188} INFO - [2026-09-15T21:42:22.448+0000] {dag.py:3947} INFO - Setting next_dagrun for example_dynamic_task_mapping_with_no_taskflow_operators to 2026-09-14 00:00:00+00:00, run_after=2026-09-15 00:00:00+00:00
[2026-09-15T21:42:22.464+0000] {processor.py:183} INFO - Processing /home/airflow/.local/lib/python3.12/site-packages/airflow/example_dags/example_dynamic_task_mapping_with_no_taskflow_operators.py took 0.060 seconds
[2026-09-15T21:42:53.234+0000] {processor.py:161} INFO - Started process (PID=11018) to work on /home/airflow/.local/lib/python3.12/site-packages/airflow/example_dags/example_dynamic_task_mapping_with_no_taskflow_operators.py
[2026-09-15T21:42:53.235+0000] {processor.py:830} INFO - Processing file /home/airflow/.local/lib/python3.12/site-packages/airflow/example_dags/example_dynamic_task_mapping_with_no_taskflow_operators.py for tasks to queue
[2026-09-15T21:42:53.237+0000] {logging_mixin.py:188} INFO - [2026-09-15T21:42:53.236+0000] {dagbag.py:545} INFO - Filling up the DagBag from /home/airflow/.local/lib/python3.12/site-packages/airflow/example_dags/example_dynamic_task_mapping_with_no_taskflow_operators.py
[2026-09-15T21:42:53.241+0000] {processor.py:840} INFO - DAG(s) 'example_dynamic_task_mapping_with_no_taskflow_operators' retrieved from /home/airflow/.local/lib/python3.12/site-packages/airflow/example_dags/example_dynamic_task_mapping_with_no_taskflow_operators.py
[2026-09-15T21:42:53.258+0000] {logging_mixin.py:188} INFO - [2026-09-15T21:42:53.258+0000] {dag.py:3089} INFO - Sync 1 DAGs
[2026-09-15T21:42:53.274+0000] {logging_mixin.py:188} INFO - [2026-09-15T21:42:53.274+0000] {dag.py:3947} INFO - Setting next_dagrun for example_dynamic_task_mapping_with_no_taskflow_operators to 2026-09-14 00:00:00+00:00, run_after=2026-09-15 00:00:00+00:00
[2026-09-15T21:42:53.288+0000] {processor.py:183} INFO - Processing /home/airflow/.local/lib/python3.12/site-packages/airflow/example_dags/example_dynamic_task_mapping_with_no_taskflow_operators.py took 0.058 seconds
[2026-09-15T21:43:24.019+0000] {processor.py:161} INFO - Started process (PID=11280) to work on /home/airflow/.local/lib/python3.12/site-packages/airflow/example_dags/example_dynamic_task_mapping_with_no_taskflow_operators.py
[2026-09-15T21:43:24.020+0000] {processor.py:830} INFO - Processing file /home/airflow/.local/lib/python3.12/site-packages/airflow/example_dags/example_dynamic_task_mapping_with_no_taskflow_operators.py for tasks to queue
[2026-09-15T21:43:24.022+0000] {logging_mixin.py:188} INFO - [2026-09-15T21:43:24.022+0000] {dagbag.py:545} INFO - Filling up the DagBag from /home/airflow/.local/lib/python3.12/site-packages/airflow/example_dags/example_dynamic_task_mapping_with_no_taskflow_operators.py
[2026-09-15T21:43:24.027+0000] {processor.py:840} INFO - DAG(s) 'example_dynamic_task_mapping_with_no_taskflow_operators' retrieved from /home/airflow/.local/lib/python3.12/site-packages/airflow/example_dags/example_dynamic_task_mapping_with_no_taskflow_operators.py
[2026-09-15T21:43:24.045+0000] {logging_mixin.py:188} INFO - [2026-09-15T21:43:24.045+0000] {dag.py:3089} INFO - Sync 1 DAGs
[2026-09-15T21:43:24.061+0000] {logging_mixin.py:188} INFO - [2026-09-15T21:43:24.061+0000] {dag.py:3947} INFO - Setting next_dagrun for example_dynamic_task_mapping_with_no_taskflow_operators to 2026-09-14 00:00:00+00:00, run_after=2026-09-15 00:00:00+00:00
[2026-09-15T21:43:24.079+0000] {processor.py:183} INFO - Processing /home/airflow/.local/lib/python3.12/site-packages/airflow/example_dags/example_dynamic_task_mapping_with_no_taskflow_operators.py took 0.064 seconds
[2026-09-15T21:43:54.257+0000] {processor.py:161} INFO - Started process (PID=11542) to work on /home/airflow/.local/lib/python3.12/site-packages/airflow/example_dags/example_dynamic_task_mapping_with_no_taskflow_operators.py
[2026-09-15T21:43:54.259+0000] {processor.py:830} INFO - Processing file /home/airflow/.local/lib/python3.12/site-packages/airflow/example_dags/example_dynamic_task_mapping_with_no_taskflow_operators.py for tasks to queue
[2026-09-15T21:43:54.263+0000] {logging_mixin.py:188} INFO - [2026-09-15T21:43:54.262+0000] {dagbag.py:545} INFO - Filling up the DagBag from /home/airflow/.local/lib/python3.12/site-packages/airflow/example_dags/example_dynamic_task_mapping_with_no_taskflow_operators.py
[2026-09-15T21:43:54.272+0000] {processor.py:840} INFO - DAG(s) 'example_dynamic_task_mapping_with_no_taskflow_operators' retrieved from /home/airflow/.local/lib/python3.12/site-packages/airflow/example_dags/example_dynamic_task_mapping_with_no_taskflow_operators.py
[2026-09-15T21:43:54.294+0000] {logging_mixin.py:188} INFO - [2026-09-15T21:43:54.293+0000] {dag.py:3089} INFO - Sync 1 DAGs
[2026-09-15T21:43:54.319+0000] {logging_mixin.py:188} INFO - [2026-09-15T21:43:54.319+0000] {dag.py:3947} INFO - Setting next_dagrun for example_dynamic_task_mapping_with_no_taskflow_operators to 2026-09-14 00:00:00+00:00, run_after=2026-09-15 00:00:00+00:00
[2026-09-15T21:43:54.339+0000] {processor.py:183} INFO - Processing /home/airflow/.local/lib/python3.12/site-packages/airflow/example_dags/example_dynamic_task_mapping_with_no_taskflow_operators.py took 0.091 seconds
[2026-09-15T21:44:24.484+0000] {processor.py:161} INFO - Started process (PID=11804) to work on /home/airflow/.local/lib/python3.12/site-packages/airflow/example_dags/example_dynamic_task_mapping_with_no_taskflow_operators.py
[2026-09-15T21:44:24.485+0000] {processor.py:830} INFO - Processing file /home/airflow/.local/lib/python3.12/site-packages/airflow/example_dags/example_dynamic_task_mapping_with_no_taskflow_operators.py for tasks to queue
[2026-09-15T21:44:24.487+0000] {logging_mixin.py:188} INFO - [2026-09-15T21:44:24.487+0000] {dagbag.py:545} INFO - Filling up the DagBag from /home/airflow/.local/lib/python3.12/site-packages/airflow/example_dags/example_dynamic_task_mapping_with_no_taskflow_operators.py
[2026-09-15T21:44:24.494+0000] {processor.py:840} INFO - DAG(s) 'example_dynamic_task_mapping_with_no_taskflow_operators' retrieved from /home/airflow/.local/lib/python3.12/site-packages/airflow/example_dags/example_dynamic_task_mapping_with_no_taskflow_operators.py
[2026-09-15T21:44:24.513+0000] {logging_mixin.py:188} INFO - [2026-09-15T21:44:24.513+0000] {dag.py:3089} INFO - Sync 1 DAGs
[2026-09-15T21:44:24.531+0000] {logging_mixin.py:188} INFO - [2026-09-15T21:44:24.531+0000] {dag.py:3947} INFO - Setting next_dagrun for example_dynamic_task_mapping_with_no_taskflow_operators to 2026-09-14 00:00:00+00:00, run_after=2026-09-15 00:00:00+00:00
[2026-09-15T21:44:24.546+0000] {processor.py:183} INFO - Processing /home/airflow/.local/lib/python3.12/site-packages/airflow/example_dags/example_dynamic_task_mapping_with_no_taskflow_operators.py took 0.068 seconds
[2026-09-15T21:44:54.723+0000] {processor.py:161} INFO - Started process (PID=12076) to work on /home/airflow/.local/lib/python3.12/site-packages/airflow/example_dags/example_dynamic_task_mapping_with_no_taskflow_operators.py
[2026-09-15T21:44:54.724+0000] {processor.py:830} INFO - Processing file /home/airflow/.local/lib/python3.12/site-packages/airflow/example_dags/example_dynamic_task_mapping_with_no_taskflow_operators.py for tasks to queue
[2026-09-15T21:44:54.726+0000] {logging_mixin.py:188} INFO - [2026-09-15T21:44:54.726+0000] {dagbag.py:545} INFO - Filling up the DagBag from /home/airflow/.local/lib/python3.12/site-packages/airflow/example_dags/example_dynamic_task_mapping_with_no_taskflow_operators.py
[2026-09-15T21:44:54.731+0000] {processor.py:840} INFO - DAG(s) 'example_dynamic_task_mapping_with_no_taskflow_operators' retrieved from /home/airflow/.local/lib/python3.12/site-packages/airflow/example_dags/example_dynamic_task_mapping_with_no_taskflow_operators.py
[2026-09-15T21:44:54.748+0000] {logging_mixin.py:188} INFO - [2026-09-15T21:44:54.748+0000] {dag.py:3089} INFO - Sync 1 DAGs
[2026-09-15T21:44:54.765+0000] {logging_mixin.py:188} INFO - [2026-09-15T21:44:54.765+0000] {dag.py:3947} INFO - Setting next_dagrun for example_dynamic_task_mapping_with_no_taskflow_operators to 2026-09-14 00:00:00+00:00, run_after=2026-09-15 00:00:00+00:00
[2026-09-15T21:44:54.779+0000] {processor.py:183} INFO - Processing /home/airflow/.local/lib/python3.12/site-packages/airflow/example_dags/example_dynamic_task_mapping_with_no_taskflow_operators.py took 0.060 seconds
