[2026-09-15T21:00:58.406+0000] {processor.py:161} INFO - Started process (PID=61) to work on /home/airflow/.local/lib/python3.12/site-packages/airflow/example_dags/example_branch_datetime_operator.py
[2026-09-15T21:00:58.408+0000] {processor.py:830} INFO - Processing file /home/airflow/.local/lib/python3.12/site-packages/airflow/example_dags/example_branch_datetime_operator.py for tasks to queue
[2026-09-15T21:00:58.411+0000] {logging_mixin.py:188} INFO - [2026-09-15T21:00:58.410+0000] {dagbag.py:545} INFO - Filling up the DagBag from /home/airflow/.local/lib/python3.12/site-packages/airflow/example_dags/example_branch_datetime_operator.py
[2026-09-15T21:00:58.422+0000] {processor.py:840} INFO - DAG(s) 'example_branch_datetime_operator', 'example_branch_datetime_operator_2', 'example_branch_datetime_operator_3' retrieved from /home/airflow/.local/lib/python3.12/site-packages/airflow/example_dags/example_branch_datetime_operator.py
[2026-09-15T21:00:58.441+0000] {logging_mixin.py:188} INFO - [2026-09-15T21:00:58.441+0000] {dag.py:3089} INFO - Sync 3 DAGs
[2026-09-15T21:00:58.468+0000] {logging_mixin.py:188} INFO - [2026-09-15T21:00:58.468+0000] {dag.py:3947} INFO - Setting next_dagrun for example_branch_datetime_operator to 2026-09-14 00:00:00+00:00, run_after=2026-09-15 00:00:00+00:00
[2026-09-15T21:00:58.475+0000] {logging_mixin.py:188} INFO - [2026-09-15T21:00:58.475+0000] {dag.py:3947} INFO - Setting next_dagrun for example_branch_datetime_operator_2 to 2026-09-14 00:00:00+00:00, run_after=2026-09-15 00:00:00+00:00
[2026-09-15T21:00:58.477+0000] {logging_mixin.py:188} INFO - [2026-09-15T21:00:58.477+0000] {dag.py:3947} INFO - Setting next_dagrun for example_branch_datetime_operator_3 to 2026-09-14 00:00:00+00:00, run_after=2026-09-15 00:00:00+00:00
[2026-09-15T21:00:58.492+0000] {processor.py:183} INFO - Processing /home/airflow/.local/lib/python3.12/site-packages/airflow/example_dags/example_branch_datetime_operator.py took 0.092 seconds
[2026-09-15T21:01:29.696+0000] {processor.py:161} INFO - Started process (PID=119) to work on /home/airflow/.local/lib/python3.12/site-packages/airflow/example_dags/example_branch_datetime_operator.py
[2026-09-15T21:01:29.697+0000] {processor.py:830} INFO - Processing file /home/airflow/.local/lib/python3.12/site-packages/airflow/example_dags/example_branch_datetime_operator.py for tasks to queue
[2026-09-15T21:01:29.699+0000] {logging_mixin.py:188} INFO - [2026-09-15T21:01:29.699+0000] {dagbag.py:545} INFO - Filling up the DagBag from /home/airflow/.local/lib/python3.12/site-packages/airflow/example_dags/example_branch_datetime_operator.py
[2026-09-15T21:01:29.707+0000] {processor.py:840} INFO - DAG(s) 'example_branch_datetime_operator_3', 'example_branch_datetime_operator_2', 'example_branch_datetime_operator' retrieved from /home/airflow/.local/lib/python3.12/site-packages/airflow/example_dags/example_branch_datetime_operator.py
[2026-09-15T21:01:29.821+0000] {logging_mixin.py:188} INFO - [2026-09-15T21:01:29.820+0000] {dag.py:3089} INFO - Sync 3 DAGs
[2026-09-15T21:01:29.840+0000] {logging_mixin.py:188} INFO - [2026-09-15T21:01:29.840+0000] {dag.py:3947} INFO - Setting next_dagrun for example_branch_datetime_operator to 2026-09-14 00:00:00+00:00, run_after=2026-09-15 00:00:00+00:00
[2026-09-15T21:01:29.846+0000] {logging_mixin.py:188} INFO - [2026-09-15T21:01:29.846+0000] {dag.py:3947} INFO - Setting next_dagrun for example_branch_datetime_operator_2 to 2026-09-14 00:00:00+00:00, run_after=2026-09-15 00:00:00+00:00
[2026-09-15T21:01:29.849+0000] {logging_mixin.py:188} INFO - [2026-09-15T21:01:29.849+0000] {dag.py:3947} INFO - Setting next_dagrun for example_branch_datetime_operator_3 to 2026-09-14 00:00:00+00:00, run_after=2026-09-15 00:00:00+00:00
[2026-09-15T21:01:29.869+0000] {processor.py:183} INFO - Processing /home/airflow/.local/lib/python3.12/site-packages/airflow/example_dags/example_branch_datetime_operator.py took 0.178 seconds
[2026-09-15T21:02:00.229+0000] {processor.py:161} INFO - Started process (PID=177) to work on /home/airflow/.local/lib/python3.12/site-packages/airflow/example_dags/example_branch_datetime_operator.py
[2026-09-15T21:02:00.230+0000] {processor.py:830} INFO - Processing file /home/airflow/.local/lib/python3.12/site-packages/airflow/example_dags/example_branch_datetime_operator.py for tasks to queue
[2026-09-15T21:02:00.232+0000] {logging_mixin.py:188} INFO - [2026-09-15T21:02:00.232+0000] {dagbag.py:545} INFO - Filling up the DagBag from /home/airflow/.local/lib/python3.12/site-packages/airflow/example_dags/example_branch_datetime_operator.py
[2026-09-15T21:02:00.239+0000] {processor.py:840} INFO - DAG(s) 'example_branch_datetime_operator', 'example_branch_datetime_operator_3', 'example_branch_datetime_operator_2' retrieved from /home/airflow/.local/lib/python3.12/site-packages/airflow/example_dags/example_branch_datetime_operator.py
[2026-09-15T21:02:00.260+0000] {logging_mixin.py:188} INFO - [2026-09-15T21:02:00.260+0000] {dag.py:3089} INFO - Sync 3 DAGs
[2026-09-15T21:02:00.277+0000] {logging_mixin.py:188} INFO - [2026-09-15T21:02:00.277+0000] {dag.py:3947} INFO - Setting next_dagrun for example_branch_datetime_operator to 2026-09-14 00:00:00+00:00, run_after=2026-09-15 00:00:00+00:00
[2026-09-15T21:02:00.281+0000] {logging_mixin.py:188} INFO - [2026-09-15T21:02:00.281+0000] {dag.py:3947} INFO - Setting next_dagrun for example_branch_datetime_operator_2 to 2026-09-14 00:00:00+00:00, run_after=2026-09-15 00:00:00+00:00
[2026-09-15T21:02:00.283+0000] {logging_mixin.py:188} INFO - [2026-09-15T21:02:00.283+0000] {dag.py:3947} INFO - Setting next_dagrun for example_branch_datetime_operator_3 to 2026-09-14 00:00:00+00:00, run_after=2026-09-15 00:00:00+00:00
[2026-09-15T21:02:00.295+0000] {processor.py:183} INFO - Processing /home/airflow/.local/lib/python3.12/site-packages/airflow/example_dags/example_branch_datetime_operator.py took 0.070 seconds
[2026-09-15T21:02:30.830+0000] {processor.py:161} INFO - Started process (PID=242) to work on /home/airflow/.local/lib/python3.12/site-packages/airflow/example_dags/example_branch_datetime_operator.py
[2026-09-15T21:02:30.831+0000] {processor.py:830} INFO - Processing file /home/airflow/.local/lib/python3.12/site-packages/airflow/example_dags/example_branch_datetime_operator.py for tasks to queue
[2026-09-15T21:02:30.833+0000] {logging_mixin.py:188} INFO - [2026-09-15T21:02:30.833+0000] {dagbag.py:545} INFO - Filling up the DagBag from /home/airflow/.local/lib/python3.12/site-packages/airflow/example_dags/example_branch_datetime_operator.py
[2026-09-15T21:02:30.840+0000] {processor.py:840} INFO - DAG(s) 'example_branch_datetime_operator_3', 'example_branch_datetime_operator', 'example_branch_datetime_operator_2' retrieved from /home/airflow/.local/lib/python3.12/site-packages/airflow/example_dags/example_branch_datetime_operator.py
[2026-09-15T21:02:30.862+0000] {logging_mixin.py:188} INFO - [2026-09-15T21:02:30.861+0000] {dag.py:3089} INFO - Sync 3 DAGs
[2026-09-15T21:02:30.879+0000] {logging_mixin.py:188} INFO - [2026-09-15T21:02:30.879+0000] {dag.py:3947} INFO - Setting next_dagrun for example_branch_datetime_operator to 2026-09-14 00:00:00+00:00, run_after=2026-09-15 00:00:00+00:00
[2026-09-15T21:02:30.884+0000] {logging_mixin.py:188} INFO - [2026-09-15T21:02:30.883+0000] {dag.py:3947} INFO - Setting next_dagrun for example_branch_datetime_operator_2 to 2026-09-14 00:00:00+00:00, run_after=2026-09-15 00:00:00+00:00
[2026-09-15T21:02:30.886+0000] {logging_mixin.py:188} INFO - [2026-09-15T21:02:30.886+0000] {dag.py:3947} INFO - Setting next_dagrun for example_branch_datetime_operator_3 to 2026-09-14 00:00:00+00:00, run_after=2026-09-15 00:00:00+00:00
[2026-09-15T21:02:30.899+0000] {processor.py:183} INFO - Processing /home/airflow/.local/lib/python3.12/site-packages/airflow/example_dags/example_branch_datetime_operator.py took 0.073 seconds
[2026-09-15T21:03:01.019+0000] {processor.py:161} INFO - Started process (PID=300) to work on /home/airflow/.local/lib/python3.12/site-packages/airflow/example_dags/example_branch_datetime_operator.py
[2026-09-15T21:03:01.021+0000] {processor.py:830} INFO - Processing file /home/airflow/.local/lib/python3.12/site-packages/airflow/example_dags/example_branch_datetime_operator.py for tasks to queue
[2026-09-15T21:03:01.023+0000] {logging_mixin.py:188} INFO - [2026-09-15T21:03:01.022+0000] {dagbag.py:545} INFO - Filling up the DagBag from /home/airflow/.local/lib/python3.12/site-packages/airflow/example_dags/example_branch_datetime_operator.py
[2026-09-15T21:03:01.031+0000] {processor.py:840} INFO - DAG(s) 'example_branch_datetime_operator', 'example_branch_datetime_operator_2', 'example_branch_datetime_operator_3' retrieved from /home/airflow/.local/lib/python3.12/site-packages/airflow/example_dags/example_branch_datetime_operator.py
[2026-09-15T21:03:01.055+0000] {logging_mixin.py:188} INFO - [2026-09-15T21:03:01.055+0000] {dag.py:3089} INFO - Sync 3 DAGs
[2026-09-15T21:03:01.072+0000] {logging_mixin.py:188} INFO - [2026-09-15T21:03:01.072+0000] {dag.py:3947} INFO - Setting next_dagrun for example_branch_datetime_operator to 2026-09-14 00:00:00+00:00, run_after=2026-09-15 00:00:00+00:00
[2026-09-15T21:03:01.076+0000] {logging_mixin.py:188} INFO - [2026-09-15T21:03:01.076+0000] {dag.py:3947} INFO - Setting next_dagrun for example_branch_datetime_operator_2 to 2026-09-14 00:00:00+00:00, run_after=2026-09-15 00:00:00+00:00
[2026-09-15T21:03:01.078+0000] {logging_mixin.py:188} INFO - [2026-09-15T21:03:01.078+0000] {dag.py:3947} INFO - Setting next_dagrun for example_branch_datetime_operator_3 to 2026-09-14 00:00:00+00:00, run_after=2026-09-15 00:00:00+00:00
[2026-09-15T21:03:01.092+0000] {processor.py:183} INFO - Processing /home/airflow/.local/lib/python3.12/site-packages/airflow/example_dags/example_branch_datetime_operator.py took 0.077 seconds
[2026-09-15T21:03:31.289+0000] {processor.py:161} INFO - Started process (PID=358) to work on /home/airflow/.local/lib/python3.12/site-packages/airflow/example_dags/example_branch_datetime_operator.py
[2026-09-15T21:03:31.290+0000] {processor.py:830} INFO - Processing file /home/airflow/.local/lib/python3.12/site-packages/airflow/example_dags/example_branch_datetime_operator.py for tasks to queue
[2026-09-15T21:03:31.292+0000] {logging_mixin.py:188} INFO - [2026-09-15T21:03:31.292+0000] {dagbag.py:545} INFO - Filling up the DagBag from /home/airflow/.local/lib/python3.12/site-packages/airflow/example_dags/example_branch_datetime_operator.py
[2026-09-15T21:03:31.299+0000] {processor.py:840} INFO - DAG(s) 'example_branch_datetime_operator', 'example_branch_datetime_operator_2', 'example_branch_datetime_operator_3' retrieved from /home/airflow/.local/lib/python3.12/site-packages/airflow/example_dags/example_branch_datetime_operator.py
[2026-09-15T21:03:31.327+0000] {logging_mixin.py:188} INFO - [2026-09-15T21:03:31.327+0000] {dag.py:3089} INFO - Sync 3 DAGs
[2026-09-15T21:03:31.347+0000] {logging_mixin.py:188} INFO - [2026-09-15T21:03:31.347+0000] {dag.py:3947} INFO - Setting next_dagrun for example_branch_datetime_operator to 2026-09-14 00:00:00+00:00, run_after=2026-09-15 00:00:00+00:00
[2026-09-15T21:03:31.353+0000] {logging_mixin.py:188} INFO - [2026-09-15T21:03:31.353+0000] {dag.py:3947} INFO - Setting next_dagrun for example_branch_datetime_operator_2 to 2026-09-14 00:00:00+00:00, run_after=2026-09-15 00:00:00+00:00
[2026-09-15T21:03:31.355+0000] {logging_mixin.py:188} INFO - [2026-09-15T21:03:31.355+0000] {dag.py:3947} INFO - Setting next_dagrun for example_branch_datetime_operator_3 to 2026-09-14 00:00:00+00:00, run_after=2026-09-15 00:00:00+00:00
[2026-09-15T21:03:31.370+0000] {processor.py:183} INFO - Processing /home/airflow/.local/lib/python3.12/site-packages/airflow/example_dags/example_branch_datetime_operator.py took 0.086 seconds
[2026-09-15T21:04:01.461+0000] {processor.py:161} INFO - Started process (PID=416) to work on /home/airflow/.local/lib/python3.12/site-packages/airflow/example_dags/example_branch_datetime_operator.py
[2026-09-15T21:04:01.462+0000] {processor.py:830} INFO - Processing file /home/airflow/.local/lib/python3.12/site-packages/airflow/example_dags/example_branch_datetime_operator.py for tasks to queue
[2026-09-15T21:04:01.463+0000] {logging_mixin.py:188} INFO - [2026-09-15T21:04:01.463+0000] {dagbag.py:545} INFO - Filling up the DagBag from /home/airflow/.local/lib/python3.12/site-packages/airflow/example_dags/example_branch_datetime_operator.py
[2026-09-15T21:04:01.470+0000] {processor.py:840} INFO - DAG(s) 'example_branch_datetime_operator_2', 'example_branch_datetime_operator', 'example_branch_datetime_operator_3' retrieved from /home/airflow/.local/lib/python3.12/site-packages/airflow/example_dags/example_branch_datetime_operator.py
[2026-09-15T21:04:01.490+0000] {logging_mixin.py:188} INFO - [2026-09-15T21:04:01.490+0000] {dag.py:3089} INFO - Sync 3 DAGs
[2026-09-15T21:04:01.506+0000] {logging_mixin.py:188} INFO - [2026-09-15T21:04:01.506+0000] {dag.py:3947} INFO - Setting next_dagrun for example_branch_datetime_operator to 2026-09-14 00:00:00+00:00, run_after=2026-09-15 00:00:00+00:00
[2026-09-15T21:04:01.510+0000] {logging_mixin.py:188} INFO - [2026-09-15T21:04:01.510+0000] {dag.py:3947} INFO - Setting next_dagrun for example_branch_datetime_operator_2 to 2026-09-14 00:00:00+00:00, run_after=2026-09-15 00:00:00+00:00
[2026-09-15T21:04:01.512+0000] {logging_mixin.py:188} INFO - [2026-09-15T21:04:01.512+0000] {dag.py:3947} INFO - Setting next_dagrun for example_branch_datetime_operator_3 to 2026-09-14 00:00:00+00:00, run_after=2026-09-15 00:00:00+00:00
[2026-09-15T21:04:01.524+0000] {processor.py:183} INFO - Processing /home/airflow/.local/lib/python3.12/site-packages/airflow/example_dags/example_branch_datetime_operator.py took 0.067 seconds
[2026-09-15T21:04:31.604+0000] {processor.py:161} INFO - Started process (PID=474) to work on /home/airflow/.local/lib/python3.12/site-packages/airflow/example_dags/example_branch_datetime_operator.py
[2026-09-15T21:04:31.605+0000] {processor.py:830} INFO - Processing file /home/airflow/.local/lib/python3.12/site-packages/airflow/example_dags/example_branch_datetime_operator.py for tasks to queue
[2026-09-15T21:04:31.607+0000] {logging_mixin.py:188} INFO - [2026-09-15T21:04:31.606+0000] {dagbag.py:545} INFO - Filling up the DagBag from /home/airflow/.local/lib/python3.12/site-packages/airflow/example_dags/example_branch_datetime_operator.py
[2026-09-15T21:04:31.613+0000] {processor.py:840} INFO - DAG(s) 'example_branch_datetime_operator_2', 'example_branch_datetime_operator_3', 'example_branch_datetime_operator' retrieved from /home/airflow/.local/lib/python3.12/site-packages/airflow/example_dags/example_branch_datetime_operator.py
[2026-09-15T21:04:31.633+0000] {logging_mixin.py:188} INFO - [2026-09-15T21:04:31.633+0000] {dag.py:3089} INFO - Sync 3 DAGs
[2026-09-15T21:04:31.649+0000] {logging_mixin.py:188} INFO - [2026-09-15T21:04:31.649+0000] {dag.py:3947} INFO - Setting next_dagrun for example_branch_datetime_operator to 2026-09-14 00:00:00+00:00, run_after=2026-09-15 00:00:00+00:00
[2026-09-15T21:04:31.653+0000] {logging_mixin.py:188} INFO - [2026-09-15T21:04:31.652+0000] {dag.py:3947} INFO - Setting next_dagrun for example_branch_datetime_operator_2 to 2026-09-14 00:00:00+00:00, run_after=2026-09-15 00:00:00+00:00
[2026-09-15T21:04:31.655+0000] {logging_mixin.py:188} INFO - [2026-09-15T21:04:31.655+0000] {dag.py:3947} INFO - Setting next_dagrun for example_branch_datetime_operator_3 to 2026-09-14 00:00:00+00:00, run_after=2026-09-15 00:00:00+00:00
[2026-09-15T21:04:31.667+0000] {processor.py:183} INFO - Processing /home/airflow/.local/lib/python3.12/site-packages/airflow/example_dags/example_branch_datetime_operator.py took 0.067 seconds
[2026-09-15T21:05:01.814+0000] {processor.py:161} INFO - Started process (PID=532) to work on /home/airflow/.local/lib/python3.12/site-packages/airflow/example_dags/example_branch_datetime_operator.py
[2026-09-15T21:05:01.815+0000] {processor.py:830} INFO - Processing file /home/airflow/.local/lib/python3.12/site-packages/airflow/example_dags/example_branch_datetime_operator.py for tasks to queue
[2026-09-15T21:05:01.817+0000] {logging_mixin.py:188} INFO - [2026-09-15T21:05:01.817+0000] {dagbag.py:545} INFO - Filling up the DagBag from /home/airflow/.local/lib/python3.12/site-packages/airflow/example_dags/example_branch_datetime_operator.py
[2026-09-15T21:05:01.825+0000] {processor.py:840} INFO - DAG(s) 'example_branch_datetime_operator_2', 'example_branch_datetime_operator_3', 'example_branch_datetime_operator' retrieved from /home/airflow/.local/lib/python3.12/site-packages/airflow/example_dags/example_branch_datetime_operator.py
[2026-09-15T21:05:01.845+0000] {logging_mixin.py:188} INFO - [2026-09-15T21:05:01.845+0000] {dag.py:3089} INFO - Sync 3 DAGs
[2026-09-15T21:05:01.863+0000] {logging_mixin.py:188} INFO - [2026-09-15T21:05:01.862+0000] {dag.py:3947} INFO - Setting next_dagrun for example_branch_datetime_operator to 2026-09-14 00:00:00+00:00, run_after=2026-09-15 00:00:00+00:00
[2026-09-15T21:05:01.868+0000] {logging_mixin.py:188} INFO - [2026-09-15T21:05:01.868+0000] {dag.py:3947} INFO - Setting next_dagrun for example_branch_datetime_operator_2 to 2026-09-14 00:00:00+00:00, run_after=2026-09-15 00:00:00+00:00
[2026-09-15T21:05:01.870+0000] {logging_mixin.py:188} INFO - [2026-09-15T21:05:01.870+0000] {dag.py:3947} INFO - Setting next_dagrun for example_branch_datetime_operator_3 to 2026-09-14 00:00:00+00:00, run_after=2026-09-15 00:00:00+00:00
[2026-09-15T21:05:01.882+0000] {processor.py:183} INFO - Processing /home/airflow/.local/lib/python3.12/site-packages/airflow/example_dags/example_branch_datetime_operator.py took 0.072 seconds
[2026-09-15T21:05:31.985+0000] {processor.py:161} INFO - Started process (PID=590) to work on /home/airflow/.local/lib/python3.12/site-packages/airflow/example_dags/example_branch_datetime_operator.py
[2026-09-15T21:05:31.986+0000] {processor.py:830} INFO - Processing file /home/airflow/.local/lib/python3.12/site-packages/airflow/example_dags/example_branch_datetime_operator.py for tasks to queue
[2026-09-15T21:05:31.988+0000] {logging_mixin.py:188} INFO - [2026-09-15T21:05:31.988+0000] {dagbag.py:545} INFO - Filling up the DagBag from /home/airflow/.local/lib/python3.12/site-packages/airflow/example_dags/example_branch_datetime_operator.py
[2026-09-15T21:05:31.994+0000] {processor.py:840} INFO - DAG(s) 'example_branch_datetime_operator_3', 'example_branch_datetime_operator_2', 'example_branch_datetime_operator' retrieved from /home/airflow/.local/lib/python3.12/site-packages/airflow/example_dags/example_branch_datetime_operator.py
[2026-09-15T21:05:32.015+0000] {logging_mixin.py:188} INFO - [2026-09-15T21:05:32.015+0000] {dag.py:3089} INFO - Sync 3 DAGs
[2026-09-15T21:05:32.031+0000] {logging_mixin.py:188} INFO - [2026-09-15T21:05:32.030+0000] {dag.py:3947} INFO - Setting next_dagrun for example_branch_datetime_operator to 2026-09-14 00:00:00+00:00, run_after=2026-09-15 00:00:00+00:00
[2026-09-15T21:05:32.035+0000] {logging_mixin.py:188} INFO - [2026-09-15T21:05:32.035+0000] {dag.py:3947} INFO - Setting next_dagrun for example_branch_datetime_operator_2 to 2026-09-14 00:00:00+00:00, run_after=2026-09-15 00:00:00+00:00
[2026-09-15T21:05:32.037+0000] {logging_mixin.py:188} INFO - [2026-09-15T21:05:32.037+0000] {dag.py:3947} INFO - Setting next_dagrun for example_branch_datetime_operator_3 to 2026-09-14 00:00:00+00:00, run_after=2026-09-15 00:00:00+00:00
[2026-09-15T21:05:32.049+0000] {processor.py:183} INFO - Processing /home/airflow/.local/lib/python3.12/site-packages/airflow/example_dags/example_branch_datetime_operator.py took 0.068 seconds
[2026-09-15T21:06:02.315+0000] {processor.py:161} INFO - Started process (PID=648) to work on /home/airflow/.local/lib/python3.12/site-packages/airflow/example_dags/example_branch_datetime_operator.py
[2026-09-15T21:06:02.317+0000] {processor.py:830} INFO - Processing file /home/airflow/.local/lib/python3.12/site-packages/airflow/example_dags/example_branch_datetime_operator.py for tasks to queue
[2026-09-15T21:06:02.319+0000] {logging_mixin.py:188} INFO - [2026-09-15T21:06:02.319+0000] {dagbag.py:545} INFO - Filling up the DagBag from /home/airflow/.local/lib/python3.12/site-packages/airflow/example_dags/example_branch_datetime_operator.py
[2026-09-15T21:06:02.329+0000] {processor.py:840} INFO - DAG(s) 'example_branch_datetime_operator_3', 'example_branch_datetime_operator', 'example_branch_datetime_operator_2' retrieved from /home/airflow/.local/lib/python3.12/site-packages/airflow/example_dags/example_branch_datetime_operator.py
[2026-09-15T21:06:02.353+0000] {logging_mixin.py:188} INFO - [2026-09-15T21:06:02.353+0000] {dag.py:3089} INFO - Sync 3 DAGs
[2026-09-15T21:06:02.372+0000] {logging_mixin.py:188} INFO - [2026-09-15T21:06:02.371+0000] {dag.py:3947} INFO - Setting next_dagrun for example_branch_datetime_operator to 2026-09-14 00:00:00+00:00, run_after=2026-09-15 00:00:00+00:00
[2026-09-15T21:06:02.377+0000] {logging_mixin.py:188} INFO - [2026-09-15T21:06:02.377+0000] {dag.py:3947} INFO - Setting next_dagrun for example_branch_datetime_operator_2 to 2026-09-14 00:00:00+00:00, run_after=2026-09-15 00:00:00+00:00
[2026-09-15T21:06:02.379+0000] {logging_mixin.py:188} INFO - [2026-09-15T21:06:02.379+0000] {dag.py:3947} INFO - Setting next_dagrun for example_branch_datetime_operator_3 to 2026-09-14 00:00:00+00:00, run_after=2026-09-15 00:00:00+00:00
[2026-09-15T21:06:02.393+0000] {processor.py:183} INFO - Processing /home/airflow/.local/lib/python3.12/site-packages/airflow/example_dags/example_branch_datetime_operator.py took 0.084 seconds
[2026-09-15T21:06:32.531+0000] {processor.py:161} INFO - Started process (PID=709) to work on /home/airflow/.local/lib/python3.12/site-packages/airflow/example_dags/example_branch_datetime_operator.py
[2026-09-15T21:06:32.533+0000] {processor.py:830} INFO - Processing file /home/airflow/.local/lib/python3.12/site-packages/airflow/example_dags/example_branch_datetime_operator.py for tasks to queue
[2026-09-15T21:06:32.535+0000] {logging_mixin.py:188} INFO - [2026-09-15T21:06:32.535+0000] {dagbag.py:545} INFO - Filling up the DagBag from /home/airflow/.local/lib/python3.12/site-packages/airflow/example_dags/example_branch_datetime_operator.py
[2026-09-15T21:06:32.542+0000] {processor.py:840} INFO - DAG(s) 'example_branch_datetime_operator', 'example_branch_datetime_operator_2', 'example_branch_datetime_operator_3' retrieved from /home/airflow/.local/lib/python3.12/site-packages/airflow/example_dags/example_branch_datetime_operator.py
[2026-09-15T21:06:32.564+0000] {logging_mixin.py:188} INFO - [2026-09-15T21:06:32.564+0000] {dag.py:3089} INFO - Sync 3 DAGs
[2026-09-15T21:06:32.581+0000] {logging_mixin.py:188} INFO - [2026-09-15T21:06:32.580+0000] {dag.py:3947} INFO - Setting next_dagrun for example_branch_datetime_operator to 2026-09-14 00:00:00+00:00, run_after=2026-09-15 00:00:00+00:00
[2026-09-15T21:06:32.586+0000] {logging_mixin.py:188} INFO - [2026-09-15T21:06:32.586+0000] {dag.py:3947} INFO - Setting next_dagrun for example_branch_datetime_operator_2 to 2026-09-14 00:00:00+00:00, run_after=2026-09-15 00:00:00+00:00
[2026-09-15T21:06:32.590+0000] {logging_mixin.py:188} INFO - [2026-09-15T21:06:32.589+0000] {dag.py:3947} INFO - Setting next_dagrun for example_branch_datetime_operator_3 to 2026-09-14 00:00:00+00:00, run_after=2026-09-15 00:00:00+00:00
[2026-09-15T21:06:32.605+0000] {processor.py:183} INFO - Processing /home/airflow/.local/lib/python3.12/site-packages/airflow/example_dags/example_branch_datetime_operator.py took 0.078 seconds
[2026-09-15T21:07:02.868+0000] {processor.py:161} INFO - Started process (PID=767) to work on /home/airflow/.local/lib/python3.12/site-packages/airflow/example_dags/example_branch_datetime_operator.py
[2026-09-15T21:07:02.869+0000] {processor.py:830} INFO - Processing file /home/airflow/.local/lib/python3.12/site-packages/airflow/example_dags/example_branch_datetime_operator.py for tasks to queue
[2026-09-15T21:07:02.871+0000] {logging_mixin.py:188} INFO - [2026-09-15T21:07:02.871+0000] {dagbag.py:545} INFO - Filling up the DagBag from /home/airflow/.local/lib/python3.12/site-packages/airflow/example_dags/example_branch_datetime_operator.py
[2026-09-15T21:07:02.879+0000] {processor.py:840} INFO - DAG(s) 'example_branch_datetime_operator_3', 'example_branch_datetime_operator_2', 'example_branch_datetime_operator' retrieved from /home/airflow/.local/lib/python3.12/site-packages/airflow/example_dags/example_branch_datetime_operator.py
[2026-09-15T21:07:02.901+0000] {logging_mixin.py:188} INFO - [2026-09-15T21:07:02.900+0000] {dag.py:3089} INFO - Sync 3 DAGs
[2026-09-15T21:07:02.918+0000] {logging_mixin.py:188} INFO - [2026-09-15T21:07:02.918+0000] {dag.py:3947} INFO - Setting next_dagrun for example_branch_datetime_operator to 2026-09-14 00:00:00+00:00, run_after=2026-09-15 00:00:00+00:00
[2026-09-15T21:07:02.922+0000] {logging_mixin.py:188} INFO - [2026-09-15T21:07:02.922+0000] {dag.py:3947} INFO - Setting next_dagrun for example_branch_datetime_operator_2 to 2026-09-14 00:00:00+00:00, run_after=2026-09-15 00:00:00+00:00
[2026-09-15T21:07:02.924+0000] {logging_mixin.py:188} INFO - [2026-09-15T21:07:02.924+0000] {dag.py:3947} INFO - Setting next_dagrun for example_branch_datetime_operator_3 to 2026-09-14 00:00:00+00:00, run_after=2026-09-15 00:00:00+00:00
[2026-09-15T21:07:02.939+0000] {processor.py:183} INFO - Processing /home/airflow/.local/lib/python3.12/site-packages/airflow/example_dags/example_branch_datetime_operator.py took 0.075 seconds
[2026-09-15T21:07:33.110+0000] {processor.py:161} INFO - Started process (PID=825) to work on /home/airflow/.local/lib/python3.12/site-packages/airflow/example_dags/example_branch_datetime_operator.py
[2026-09-15T21:07:33.112+0000] {processor.py:830} INFO - Processing file /home/airflow/.local/lib/python3.12/site-packages/airflow/example_dags/example_branch_datetime_operator.py for tasks to queue
[2026-09-15T21:07:33.113+0000] {logging_mixin.py:188} INFO - [2026-09-15T21:07:33.113+0000] {dagbag.py:545} INFO - Filling up the DagBag from /home/airflow/.local/lib/python3.12/site-packages/airflow/example_dags/example_branch_datetime_operator.py
[2026-09-15T21:07:33.120+0000] {processor.py:840} INFO - DAG(s) 'example_branch_datetime_operator', 'example_branch_datetime_operator_3', 'example_branch_datetime_operator_2' retrieved from /home/airflow/.local/lib/python3.12/site-packages/airflow/example_dags/example_branch_datetime_operator.py
[2026-09-15T21:07:33.142+0000] {logging_mixin.py:188} INFO - [2026-09-15T21:07:33.142+0000] {dag.py:3089} INFO - Sync 3 DAGs
[2026-09-15T21:07:33.159+0000] {logging_mixin.py:188} INFO - [2026-09-15T21:07:33.158+0000] {dag.py:3947} INFO - Setting next_dagrun for example_branch_datetime_operator to 2026-09-14 00:00:00+00:00, run_after=2026-09-15 00:00:00+00:00
[2026-09-15T21:07:33.164+0000] {logging_mixin.py:188} INFO - [2026-09-15T21:07:33.164+0000] {dag.py:3947} INFO - Setting next_dagrun for example_branch_datetime_operator_2 to 2026-09-14 00:00:00+00:00, run_after=2026-09-15 00:00:00+00:00
[2026-09-15T21:07:33.166+0000] {logging_mixin.py:188} INFO - [2026-09-15T21:07:33.166+0000] {dag.py:3947} INFO - Setting next_dagrun for example_branch_datetime_operator_3 to 2026-09-14 00:00:00+00:00, run_after=2026-09-15 00:00:00+00:00
[2026-09-15T21:07:33.179+0000] {processor.py:183} INFO - Processing /home/airflow/.local/lib/python3.12/site-packages/airflow/example_dags/example_branch_datetime_operator.py took 0.074 seconds
[2026-09-15T21:08:03.252+0000] {processor.py:161} INFO - Started process (PID=883) to work on /home/airflow/.local/lib/python3.12/site-packages/airflow/example_dags/example_branch_datetime_operator.py
[2026-09-15T21:08:03.253+0000] {processor.py:830} INFO - Processing file /home/airflow/.local/lib/python3.12/site-packages/airflow/example_dags/example_branch_datetime_operator.py for tasks to queue
[2026-09-15T21:08:03.255+0000] {logging_mixin.py:188} INFO - [2026-09-15T21:08:03.255+0000] {dagbag.py:545} INFO - Filling up the DagBag from /home/airflow/.local/lib/python3.12/site-packages/airflow/example_dags/example_branch_datetime_operator.py
[2026-09-15T21:08:03.263+0000] {processor.py:840} INFO - DAG(s) 'example_branch_datetime_operator_2', 'example_branch_datetime_operator', 'example_branch_datetime_operator_3' retrieved from /home/airflow/.local/lib/python3.12/site-packages/airflow/example_dags/example_branch_datetime_operator.py
[2026-09-15T21:08:03.283+0000] {logging_mixin.py:188} INFO - [2026-09-15T21:08:03.283+0000] {dag.py:3089} INFO - Sync 3 DAGs
[2026-09-15T21:08:03.299+0000] {logging_mixin.py:188} INFO - [2026-09-15T21:08:03.299+0000] {dag.py:3947} INFO - Setting next_dagrun for example_branch_datetime_operator to 2026-09-14 00:00:00+00:00, run_after=2026-09-15 00:00:00+00:00
[2026-09-15T21:08:03.304+0000] {logging_mixin.py:188} INFO - [2026-09-15T21:08:03.303+0000] {dag.py:3947} INFO - Setting next_dagrun for example_branch_datetime_operator_2 to 2026-09-14 00:00:00+00:00, run_after=2026-09-15 00:00:00+00:00
[2026-09-15T21:08:03.306+0000] {logging_mixin.py:188} INFO - [2026-09-15T21:08:03.306+0000] {dag.py:3947} INFO - Setting next_dagrun for example_branch_datetime_operator_3 to 2026-09-14 00:00:00+00:00, run_after=2026-09-15 00:00:00+00:00
[2026-09-15T21:08:03.320+0000] {processor.py:183} INFO - Processing /home/airflow/.local/lib/python3.12/site-packages/airflow/example_dags/example_branch_datetime_operator.py took 0.072 seconds
[2026-09-15T21:08:33.495+0000] {processor.py:161} INFO - Started process (PID=941) to work on /home/airflow/.local/lib/python3.12/site-packages/airflow/example_dags/example_branch_datetime_operator.py
[2026-09-15T21:08:33.497+0000] {processor.py:830} INFO - Processing file /home/airflow/.local/lib/python3.12/site-packages/airflow/example_dags/example_branch_datetime_operator.py for tasks to queue
[2026-09-15T21:08:33.499+0000] {logging_mixin.py:188} INFO - [2026-09-15T21:08:33.498+0000] {dagbag.py:545} INFO - Filling up the DagBag from /home/airflow/.local/lib/python3.12/site-packages/airflow/example_dags/example_branch_datetime_operator.py
[2026-09-15T21:08:33.506+0000] {processor.py:840} INFO - DAG(s) 'example_branch_datetime_operator', 'example_branch_datetime_operator_2', 'example_branch_datetime_operator_3' retrieved from /home/airflow/.local/lib/python3.12/site-packages/airflow/example_dags/example_branch_datetime_operator.py
[2026-09-15T21:08:33.527+0000] {logging_mixin.py:188} INFO - [2026-09-15T21:08:33.527+0000] {dag.py:3089} INFO - Sync 3 DAGs
[2026-09-15T21:08:33.543+0000] {logging_mixin.py:188} INFO - [2026-09-15T21:08:33.543+0000] {dag.py:3947} INFO - Setting next_dagrun for example_branch_datetime_operator to 2026-09-14 00:00:00+00:00, run_after=2026-09-15 00:00:00+00:00
[2026-09-15T21:08:33.548+0000] {logging_mixin.py:188} INFO - [2026-09-15T21:08:33.548+0000] {dag.py:3947} INFO - Setting next_dagrun for example_branch_datetime_operator_2 to 2026-09-14 00:00:00+00:00, run_after=2026-09-15 00:00:00+00:00
[2026-09-15T21:08:33.550+0000] {logging_mixin.py:188} INFO - [2026-09-15T21:08:33.550+0000] {dag.py:3947} INFO - Setting next_dagrun for example_branch_datetime_operator_3 to 2026-09-14 00:00:00+00:00, run_after=2026-09-15 00:00:00+00:00
[2026-09-15T21:08:33.563+0000] {processor.py:183} INFO - Processing /home/airflow/.local/lib/python3.12/site-packages/airflow/example_dags/example_branch_datetime_operator.py took 0.072 seconds
[2026-09-15T21:09:03.647+0000] {processor.py:161} INFO - Started process (PID=999) to work on /home/airflow/.local/lib/python3.12/site-packages/airflow/example_dags/example_branch_datetime_operator.py
[2026-09-15T21:09:03.648+0000] {processor.py:830} INFO - Processing file /home/airflow/.local/lib/python3.12/site-packages/airflow/example_dags/example_branch_datetime_operator.py for tasks to queue
[2026-09-15T21:09:03.650+0000] {logging_mixin.py:188} INFO - [2026-09-15T21:09:03.649+0000] {dagbag.py:545} INFO - Filling up the DagBag from /home/airflow/.local/lib/python3.12/site-packages/airflow/example_dags/example_branch_datetime_operator.py
[2026-09-15T21:09:03.657+0000] {processor.py:840} INFO - DAG(s) 'example_branch_datetime_operator_3', 'example_branch_datetime_operator', 'example_branch_datetime_operator_2' retrieved from /home/airflow/.local/lib/python3.12/site-packages/airflow/example_dags/example_branch_datetime_operator.py
[2026-09-15T21:09:03.678+0000] {logging_mixin.py:188} INFO - [2026-09-15T21:09:03.677+0000] {dag.py:3089} INFO - Sync 3 DAGs
[2026-09-15T21:09:03.695+0000] {logging_mixin.py:188} INFO - [2026-09-15T21:09:03.694+0000] {dag.py:3947} INFO - Setting next_dagrun for example_branch_datetime_operator to 2026-09-14 00:00:00+00:00, run_after=2026-09-15 00:00:00+00:00
[2026-09-15T21:09:03.700+0000] {logging_mixin.py:188} INFO - [2026-09-15T21:09:03.700+0000] {dag.py:3947} INFO - Setting next_dagrun for example_branch_datetime_operator_2 to 2026-09-14 00:00:00+00:00, run_after=2026-09-15 00:00:00+00:00
[2026-09-15T21:09:03.702+0000] {logging_mixin.py:188} INFO - [2026-09-15T21:09:03.702+0000] {dag.py:3947} INFO - Setting next_dagrun for example_branch_datetime_operator_3 to 2026-09-14 00:00:00+00:00, run_after=2026-09-15 00:00:00+00:00
[2026-09-15T21:09:03.717+0000] {processor.py:183} INFO - Processing /home/airflow/.local/lib/python3.12/site-packages/airflow/example_dags/example_branch_datetime_operator.py took 0.075 seconds
[2026-09-15T21:09:33.843+0000] {processor.py:161} INFO - Started process (PID=1057) to work on /home/airflow/.local/lib/python3.12/site-packages/airflow/example_dags/example_branch_datetime_operator.py
[2026-09-15T21:09:33.844+0000] {processor.py:830} INFO - Processing file /home/airflow/.local/lib/python3.12/site-packages/airflow/example_dags/example_branch_datetime_operator.py for tasks to queue
[2026-09-15T21:09:33.846+0000] {logging_mixin.py:188} INFO - [2026-09-15T21:09:33.846+0000] {dagbag.py:545} INFO - Filling up the DagBag from /home/airflow/.local/lib/python3.12/site-packages/airflow/example_dags/example_branch_datetime_operator.py
[2026-09-15T21:09:33.854+0000] {processor.py:840} INFO - DAG(s) 'example_branch_datetime_operator', 'example_branch_datetime_operator_2', 'example_branch_datetime_operator_3' retrieved from /home/airflow/.local/lib/python3.12/site-packages/airflow/example_dags/example_branch_datetime_operator.py
[2026-09-15T21:09:33.875+0000] {logging_mixin.py:188} INFO - [2026-09-15T21:09:33.875+0000] {dag.py:3089} INFO - Sync 3 DAGs
[2026-09-15T21:09:33.892+0000] {logging_mixin.py:188} INFO - [2026-09-15T21:09:33.892+0000] {dag.py:3947} INFO - Setting next_dagrun for example_branch_datetime_operator to 2026-09-14 00:00:00+00:00, run_after=2026-09-15 00:00:00+00:00
[2026-09-15T21:09:33.895+0000] {logging_mixin.py:188} INFO - [2026-09-15T21:09:33.895+0000] {dag.py:3947} INFO - Setting next_dagrun for example_branch_datetime_operator_2 to 2026-09-14 00:00:00+00:00, run_after=2026-09-15 00:00:00+00:00
[2026-09-15T21:09:33.898+0000] {logging_mixin.py:188} INFO - [2026-09-15T21:09:33.898+0000] {dag.py:3947} INFO - Setting next_dagrun for example_branch_datetime_operator_3 to 2026-09-14 00:00:00+00:00, run_after=2026-09-15 00:00:00+00:00
[2026-09-15T21:09:33.911+0000] {processor.py:183} INFO - Processing /home/airflow/.local/lib/python3.12/site-packages/airflow/example_dags/example_branch_datetime_operator.py took 0.072 seconds
[2026-09-15T21:10:04.209+0000] {processor.py:161} INFO - Started process (PID=1115) to work on /home/airflow/.local/lib/python3.12/site-packages/airflow/example_dags/example_branch_datetime_operator.py
[2026-09-15T21:10:04.211+0000] {processor.py:830} INFO - Processing file /home/airflow/.local/lib/python3.12/site-packages/airflow/example_dags/example_branch_datetime_operator.py for tasks to queue
[2026-09-15T21:10:04.213+0000] {logging_mixin.py:188} INFO - [2026-09-15T21:10:04.213+0000] {dagbag.py:545} INFO - Filling up the DagBag from /home/airflow/.local/lib/python3.12/site-packages/airflow/example_dags/example_branch_datetime_operator.py
[2026-09-15T21:10:04.222+0000] {processor.py:840} INFO - DAG(s) 'example_branch_datetime_operator_3', 'example_branch_datetime_operator', 'example_branch_datetime_operator_2' retrieved from /home/airflow/.local/lib/python3.12/site-packages/airflow/example_dags/example_branch_datetime_operator.py
[2026-09-15T21:10:04.249+0000] {logging_mixin.py:188} INFO - [2026-09-15T21:10:04.248+0000] {dag.py:3089} INFO - Sync 3 DAGs
[2026-09-15T21:10:04.270+0000] {logging_mixin.py:188} INFO - [2026-09-15T21:10:04.269+0000] {dag.py:3947} INFO - Setting next_dagrun for example_branch_datetime_operator to 2026-09-14 00:00:00+00:00, run_after=2026-09-15 00:00:00+00:00
[2026-09-15T21:10:04.275+0000] {logging_mixin.py:188} INFO - [2026-09-15T21:10:04.275+0000] {dag.py:3947} INFO - Setting next_dagrun for example_branch_datetime_operator_2 to 2026-09-14 00:00:00+00:00, run_after=2026-09-15 00:00:00+00:00
[2026-09-15T21:10:04.277+0000] {logging_mixin.py:188} INFO - [2026-09-15T21:10:04.277+0000] {dag.py:3947} INFO - Setting next_dagrun for example_branch_datetime_operator_3 to 2026-09-14 00:00:00+00:00, run_after=2026-09-15 00:00:00+00:00
[2026-09-15T21:10:04.293+0000] {processor.py:183} INFO - Processing /home/airflow/.local/lib/python3.12/site-packages/airflow/example_dags/example_branch_datetime_operator.py took 0.089 seconds
[2026-09-15T21:10:34.527+0000] {processor.py:161} INFO - Started process (PID=1173) to work on /home/airflow/.local/lib/python3.12/site-packages/airflow/example_dags/example_branch_datetime_operator.py
[2026-09-15T21:10:34.528+0000] {processor.py:830} INFO - Processing file /home/airflow/.local/lib/python3.12/site-packages/airflow/example_dags/example_branch_datetime_operator.py for tasks to queue
[2026-09-15T21:10:34.529+0000] {logging_mixin.py:188} INFO - [2026-09-15T21:10:34.529+0000] {dagbag.py:545} INFO - Filling up the DagBag from /home/airflow/.local/lib/python3.12/site-packages/airflow/example_dags/example_branch_datetime_operator.py
[2026-09-15T21:10:34.536+0000] {processor.py:840} INFO - DAG(s) 'example_branch_datetime_operator_3', 'example_branch_datetime_operator', 'example_branch_datetime_operator_2' retrieved from /home/airflow/.local/lib/python3.12/site-packages/airflow/example_dags/example_branch_datetime_operator.py
[2026-09-15T21:10:34.549+0000] {logging_mixin.py:188} INFO - [2026-09-15T21:10:34.549+0000] {dag.py:3089} INFO - Sync 3 DAGs
[2026-09-15T21:10:34.567+0000] {logging_mixin.py:188} INFO - [2026-09-15T21:10:34.567+0000] {dag.py:3947} INFO - Setting next_dagrun for example_branch_datetime_operator to 2026-09-14 00:00:00+00:00, run_after=2026-09-15 00:00:00+00:00
[2026-09-15T21:10:34.571+0000] {logging_mixin.py:188} INFO - [2026-09-15T21:10:34.570+0000] {dag.py:3947} INFO - Setting next_dagrun for example_branch_datetime_operator_2 to 2026-09-14 00:00:00+00:00, run_after=2026-09-15 00:00:00+00:00
[2026-09-15T21:10:34.572+0000] {logging_mixin.py:188} INFO - [2026-09-15T21:10:34.572+0000] {dag.py:3947} INFO - Setting next_dagrun for example_branch_datetime_operator_3 to 2026-09-14 00:00:00+00:00, run_after=2026-09-15 00:00:00+00:00
[2026-09-15T21:10:34.586+0000] {processor.py:183} INFO - Processing /home/airflow/.local/lib/python3.12/site-packages/airflow/example_dags/example_branch_datetime_operator.py took 0.064 seconds
[2026-09-15T21:11:05.190+0000] {processor.py:161} INFO - Started process (PID=1231) to work on /home/airflow/.local/lib/python3.12/site-packages/airflow/example_dags/example_branch_datetime_operator.py
[2026-09-15T21:11:05.192+0000] {processor.py:830} INFO - Processing file /home/airflow/.local/lib/python3.12/site-packages/airflow/example_dags/example_branch_datetime_operator.py for tasks to queue
[2026-09-15T21:11:05.194+0000] {logging_mixin.py:188} INFO - [2026-09-15T21:11:05.194+0000] {dagbag.py:545} INFO - Filling up the DagBag from /home/airflow/.local/lib/python3.12/site-packages/airflow/example_dags/example_branch_datetime_operator.py
[2026-09-15T21:11:05.202+0000] {processor.py:840} INFO - DAG(s) 'example_branch_datetime_operator', 'example_branch_datetime_operator_2', 'example_branch_datetime_operator_3' retrieved from /home/airflow/.local/lib/python3.12/site-packages/airflow/example_dags/example_branch_datetime_operator.py
[2026-09-15T21:11:05.295+0000] {logging_mixin.py:188} INFO - [2026-09-15T21:11:05.295+0000] {dag.py:3089} INFO - Sync 3 DAGs
[2026-09-15T21:11:05.311+0000] {logging_mixin.py:188} INFO - [2026-09-15T21:11:05.311+0000] {dag.py:3947} INFO - Setting next_dagrun for example_branch_datetime_operator to 2026-09-14 00:00:00+00:00, run_after=2026-09-15 00:00:00+00:00
[2026-09-15T21:11:05.314+0000] {logging_mixin.py:188} INFO - [2026-09-15T21:11:05.314+0000] {dag.py:3947} INFO - Setting next_dagrun for example_branch_datetime_operator_2 to 2026-09-14 00:00:00+00:00, run_after=2026-09-15 00:00:00+00:00
[2026-09-15T21:11:05.316+0000] {logging_mixin.py:188} INFO - [2026-09-15T21:11:05.316+0000] {dag.py:3947} INFO - Setting next_dagrun for example_branch_datetime_operator_3 to 2026-09-14 00:00:00+00:00, run_after=2026-09-15 00:00:00+00:00
[2026-09-15T21:11:05.330+0000] {processor.py:183} INFO - Processing /home/airflow/.local/lib/python3.12/site-packages/airflow/example_dags/example_branch_datetime_operator.py took 0.145 seconds
[2026-09-15T21:11:35.579+0000] {processor.py:161} INFO - Started process (PID=1289) to work on /home/airflow/.local/lib/python3.12/site-packages/airflow/example_dags/example_branch_datetime_operator.py
[2026-09-15T21:11:35.580+0000] {processor.py:830} INFO - Processing file /home/airflow/.local/lib/python3.12/site-packages/airflow/example_dags/example_branch_datetime_operator.py for tasks to queue
[2026-09-15T21:11:35.582+0000] {logging_mixin.py:188} INFO - [2026-09-15T21:11:35.582+0000] {dagbag.py:545} INFO - Filling up the DagBag from /home/airflow/.local/lib/python3.12/site-packages/airflow/example_dags/example_branch_datetime_operator.py
[2026-09-15T21:11:35.589+0000] {processor.py:840} INFO - DAG(s) 'example_branch_datetime_operator_2', 'example_branch_datetime_operator', 'example_branch_datetime_operator_3' retrieved from /home/airflow/.local/lib/python3.12/site-packages/airflow/example_dags/example_branch_datetime_operator.py
[2026-09-15T21:11:35.612+0000] {logging_mixin.py:188} INFO - [2026-09-15T21:11:35.612+0000] {dag.py:3089} INFO - Sync 3 DAGs
[2026-09-15T21:11:35.628+0000] {logging_mixin.py:188} INFO - [2026-09-15T21:11:35.628+0000] {dag.py:3947} INFO - Setting next_dagrun for example_branch_datetime_operator to 2026-09-14 00:00:00+00:00, run_after=2026-09-15 00:00:00+00:00
[2026-09-15T21:11:35.633+0000] {logging_mixin.py:188} INFO - [2026-09-15T21:11:35.632+0000] {dag.py:3947} INFO - Setting next_dagrun for example_branch_datetime_operator_2 to 2026-09-14 00:00:00+00:00, run_after=2026-09-15 00:00:00+00:00
[2026-09-15T21:11:35.635+0000] {logging_mixin.py:188} INFO - [2026-09-15T21:11:35.635+0000] {dag.py:3947} INFO - Setting next_dagrun for example_branch_datetime_operator_3 to 2026-09-14 00:00:00+00:00, run_after=2026-09-15 00:00:00+00:00
[2026-09-15T21:11:35.648+0000] {processor.py:183} INFO - Processing /home/airflow/.local/lib/python3.12/site-packages/airflow/example_dags/example_branch_datetime_operator.py took 0.074 seconds
[2026-09-15T21:12:05.800+0000] {processor.py:161} INFO - Started process (PID=1347) to work on /home/airflow/.local/lib/python3.12/site-packages/airflow/example_dags/example_branch_datetime_operator.py
[2026-09-15T21:12:05.802+0000] {processor.py:830} INFO - Processing file /home/airflow/.local/lib/python3.12/site-packages/airflow/example_dags/example_branch_datetime_operator.py for tasks to queue
[2026-09-15T21:12:05.805+0000] {logging_mixin.py:188} INFO - [2026-09-15T21:12:05.804+0000] {dagbag.py:545} INFO - Filling up the DagBag from /home/airflow/.local/lib/python3.12/site-packages/airflow/example_dags/example_branch_datetime_operator.py
[2026-09-15T21:12:05.813+0000] {processor.py:840} INFO - DAG(s) 'example_branch_datetime_operator_2', 'example_branch_datetime_operator', 'example_branch_datetime_operator_3' retrieved from /home/airflow/.local/lib/python3.12/site-packages/airflow/example_dags/example_branch_datetime_operator.py
[2026-09-15T21:12:05.835+0000] {logging_mixin.py:188} INFO - [2026-09-15T21:12:05.835+0000] {dag.py:3089} INFO - Sync 3 DAGs
[2026-09-15T21:12:05.852+0000] {logging_mixin.py:188} INFO - [2026-09-15T21:12:05.852+0000] {dag.py:3947} INFO - Setting next_dagrun for example_branch_datetime_operator to 2026-09-14 00:00:00+00:00, run_after=2026-09-15 00:00:00+00:00
[2026-09-15T21:12:05.856+0000] {logging_mixin.py:188} INFO - [2026-09-15T21:12:05.855+0000] {dag.py:3947} INFO - Setting next_dagrun for example_branch_datetime_operator_2 to 2026-09-14 00:00:00+00:00, run_after=2026-09-15 00:00:00+00:00
[2026-09-15T21:12:05.858+0000] {logging_mixin.py:188} INFO - [2026-09-15T21:12:05.858+0000] {dag.py:3947} INFO - Setting next_dagrun for example_branch_datetime_operator_3 to 2026-09-14 00:00:00+00:00, run_after=2026-09-15 00:00:00+00:00
[2026-09-15T21:12:05.872+0000] {processor.py:183} INFO - Processing /home/airflow/.local/lib/python3.12/site-packages/airflow/example_dags/example_branch_datetime_operator.py took 0.076 seconds
[2026-09-15T21:12:36.310+0000] {processor.py:161} INFO - Started process (PID=1405) to work on /home/airflow/.local/lib/python3.12/site-packages/airflow/example_dags/example_branch_datetime_operator.py
[2026-09-15T21:12:36.312+0000] {processor.py:830} INFO - Processing file /home/airflow/.local/lib/python3.12/site-packages/airflow/example_dags/example_branch_datetime_operator.py for tasks to queue
[2026-09-15T21:12:36.314+0000] {logging_mixin.py:188} INFO - [2026-09-15T21:12:36.314+0000] {dagbag.py:545} INFO - Filling up the DagBag from /home/airflow/.local/lib/python3.12/site-packages/airflow/example_dags/example_branch_datetime_operator.py
[2026-09-15T21:12:36.322+0000] {processor.py:840} INFO - DAG(s) 'example_branch_datetime_operator_2', 'example_branch_datetime_operator', 'example_branch_datetime_operator_3' retrieved from /home/airflow/.local/lib/python3.12/site-packages/airflow/example_dags/example_branch_datetime_operator.py
[2026-09-15T21:12:36.345+0000] {logging_mixin.py:188} INFO - [2026-09-15T21:12:36.345+0000] {dag.py:3089} INFO - Sync 3 DAGs
[2026-09-15T21:12:36.363+0000] {logging_mixin.py:188} INFO - [2026-09-15T21:12:36.363+0000] {dag.py:3947} INFO - Setting next_dagrun for example_branch_datetime_operator to 2026-09-14 00:00:00+00:00, run_after=2026-09-15 00:00:00+00:00
[2026-09-15T21:12:36.368+0000] {logging_mixin.py:188} INFO - [2026-09-15T21:12:36.367+0000] {dag.py:3947} INFO - Setting next_dagrun for example_branch_datetime_operator_2 to 2026-09-14 00:00:00+00:00, run_after=2026-09-15 00:00:00+00:00
[2026-09-15T21:12:36.370+0000] {logging_mixin.py:188} INFO - [2026-09-15T21:12:36.370+0000] {dag.py:3947} INFO - Setting next_dagrun for example_branch_datetime_operator_3 to 2026-09-14 00:00:00+00:00, run_after=2026-09-15 00:00:00+00:00
[2026-09-15T21:12:36.385+0000] {processor.py:183} INFO - Processing /home/airflow/.local/lib/python3.12/site-packages/airflow/example_dags/example_branch_datetime_operator.py took 0.080 seconds
[2026-09-15T21:13:06.448+0000] {processor.py:161} INFO - Started process (PID=1463) to work on /home/airflow/.local/lib/python3.12/site-packages/airflow/example_dags/example_branch_datetime_operator.py
[2026-09-15T21:13:06.449+0000] {processor.py:830} INFO - Processing file /home/airflow/.local/lib/python3.12/site-packages/airflow/example_dags/example_branch_datetime_operator.py for tasks to queue
[2026-09-15T21:13:06.450+0000] {logging_mixin.py:188} INFO - [2026-09-15T21:13:06.450+0000] {dagbag.py:545} INFO - Filling up the DagBag from /home/airflow/.local/lib/python3.12/site-packages/airflow/example_dags/example_branch_datetime_operator.py
[2026-09-15T21:13:06.458+0000] {processor.py:840} INFO - DAG(s) 'example_branch_datetime_operator', 'example_branch_datetime_operator_3', 'example_branch_datetime_operator_2' retrieved from /home/airflow/.local/lib/python3.12/site-packages/airflow/example_dags/example_branch_datetime_operator.py
[2026-09-15T21:13:06.477+0000] {logging_mixin.py:188} INFO - [2026-09-15T21:13:06.477+0000] {dag.py:3089} INFO - Sync 3 DAGs
[2026-09-15T21:13:06.493+0000] {logging_mixin.py:188} INFO - [2026-09-15T21:13:06.493+0000] {dag.py:3947} INFO - Setting next_dagrun for example_branch_datetime_operator to 2026-09-14 00:00:00+00:00, run_after=2026-09-15 00:00:00+00:00
[2026-09-15T21:13:06.497+0000] {logging_mixin.py:188} INFO - [2026-09-15T21:13:06.496+0000] {dag.py:3947} INFO - Setting next_dagrun for example_branch_datetime_operator_2 to 2026-09-14 00:00:00+00:00, run_after=2026-09-15 00:00:00+00:00
[2026-09-15T21:13:06.499+0000] {logging_mixin.py:188} INFO - [2026-09-15T21:13:06.499+0000] {dag.py:3947} INFO - Setting next_dagrun for example_branch_datetime_operator_3 to 2026-09-14 00:00:00+00:00, run_after=2026-09-15 00:00:00+00:00
[2026-09-15T21:13:06.512+0000] {processor.py:183} INFO - Processing /home/airflow/.local/lib/python3.12/site-packages/airflow/example_dags/example_branch_datetime_operator.py took 0.069 seconds
[2026-09-15T21:13:36.959+0000] {processor.py:161} INFO - Started process (PID=1521) to work on /home/airflow/.local/lib/python3.12/site-packages/airflow/example_dags/example_branch_datetime_operator.py
[2026-09-15T21:13:36.961+0000] {processor.py:830} INFO - Processing file /home/airflow/.local/lib/python3.12/site-packages/airflow/example_dags/example_branch_datetime_operator.py for tasks to queue
[2026-09-15T21:13:36.963+0000] {logging_mixin.py:188} INFO - [2026-09-15T21:13:36.963+0000] {dagbag.py:545} INFO - Filling up the DagBag from /home/airflow/.local/lib/python3.12/site-packages/airflow/example_dags/example_branch_datetime_operator.py
[2026-09-15T21:13:36.970+0000] {processor.py:840} INFO - DAG(s) 'example_branch_datetime_operator_2', 'example_branch_datetime_operator_3', 'example_branch_datetime_operator' retrieved from /home/airflow/.local/lib/python3.12/site-packages/airflow/example_dags/example_branch_datetime_operator.py
[2026-09-15T21:13:37.002+0000] {logging_mixin.py:188} INFO - [2026-09-15T21:13:37.002+0000] {dag.py:3089} INFO - Sync 3 DAGs
[2026-09-15T21:13:37.024+0000] {logging_mixin.py:188} INFO - [2026-09-15T21:13:37.024+0000] {dag.py:3947} INFO - Setting next_dagrun for example_branch_datetime_operator to 2026-09-14 00:00:00+00:00, run_after=2026-09-15 00:00:00+00:00
[2026-09-15T21:13:37.029+0000] {logging_mixin.py:188} INFO - [2026-09-15T21:13:37.028+0000] {dag.py:3947} INFO - Setting next_dagrun for example_branch_datetime_operator_2 to 2026-09-14 00:00:00+00:00, run_after=2026-09-15 00:00:00+00:00
[2026-09-15T21:13:37.031+0000] {logging_mixin.py:188} INFO - [2026-09-15T21:13:37.030+0000] {dag.py:3947} INFO - Setting next_dagrun for example_branch_datetime_operator_3 to 2026-09-14 00:00:00+00:00, run_after=2026-09-15 00:00:00+00:00
[2026-09-15T21:13:37.045+0000] {processor.py:183} INFO - Processing /home/airflow/.local/lib/python3.12/site-packages/airflow/example_dags/example_branch_datetime_operator.py took 0.090 seconds
[2026-09-15T21:14:07.613+0000] {processor.py:161} INFO - Started process (PID=1579) to work on /home/airflow/.local/lib/python3.12/site-packages/airflow/example_dags/example_branch_datetime_operator.py
[2026-09-15T21:14:07.615+0000] {processor.py:830} INFO - Processing file /home/airflow/.local/lib/python3.12/site-packages/airflow/example_dags/example_branch_datetime_operator.py for tasks to queue
[2026-09-15T21:14:07.617+0000] {logging_mixin.py:188} INFO - [2026-09-15T21:14:07.616+0000] {dagbag.py:545} INFO - Filling up the DagBag from /home/airflow/.local/lib/python3.12/site-packages/airflow/example_dags/example_branch_datetime_operator.py
[2026-09-15T21:14:07.624+0000] {processor.py:840} INFO - DAG(s) 'example_branch_datetime_operator_3', 'example_branch_datetime_operator_2', 'example_branch_datetime_operator' retrieved from /home/airflow/.local/lib/python3.12/site-packages/airflow/example_dags/example_branch_datetime_operator.py
[2026-09-15T21:14:07.647+0000] {logging_mixin.py:188} INFO - [2026-09-15T21:14:07.647+0000] {dag.py:3089} INFO - Sync 3 DAGs
[2026-09-15T21:14:07.665+0000] {logging_mixin.py:188} INFO - [2026-09-15T21:14:07.665+0000] {dag.py:3947} INFO - Setting next_dagrun for example_branch_datetime_operator to 2026-09-14 00:00:00+00:00, run_after=2026-09-15 00:00:00+00:00
[2026-09-15T21:14:07.669+0000] {logging_mixin.py:188} INFO - [2026-09-15T21:14:07.669+0000] {dag.py:3947} INFO - Setting next_dagrun for example_branch_datetime_operator_2 to 2026-09-14 00:00:00+00:00, run_after=2026-09-15 00:00:00+00:00
[2026-09-15T21:14:07.673+0000] {logging_mixin.py:188} INFO - [2026-09-15T21:14:07.672+0000] {dag.py:3947} INFO - Setting next_dagrun for example_branch_datetime_operator_3 to 2026-09-14 00:00:00+00:00, run_after=2026-09-15 00:00:00+00:00
[2026-09-15T21:14:07.687+0000] {processor.py:183} INFO - Processing /home/airflow/.local/lib/python3.12/site-packages/airflow/example_dags/example_branch_datetime_operator.py took 0.078 seconds
[2026-09-15T21:14:37.846+0000] {processor.py:161} INFO - Started process (PID=1637) to work on /home/airflow/.local/lib/python3.12/site-packages/airflow/example_dags/example_branch_datetime_operator.py
[2026-09-15T21:14:37.847+0000] {processor.py:830} INFO - Processing file /home/airflow/.local/lib/python3.12/site-packages/airflow/example_dags/example_branch_datetime_operator.py for tasks to queue
[2026-09-15T21:14:37.849+0000] {logging_mixin.py:188} INFO - [2026-09-15T21:14:37.849+0000] {dagbag.py:545} INFO - Filling up the DagBag from /home/airflow/.local/lib/python3.12/site-packages/airflow/example_dags/example_branch_datetime_operator.py
[2026-09-15T21:14:37.857+0000] {processor.py:840} INFO - DAG(s) 'example_branch_datetime_operator_3', 'example_branch_datetime_operator_2', 'example_branch_datetime_operator' retrieved from /home/airflow/.local/lib/python3.12/site-packages/airflow/example_dags/example_branch_datetime_operator.py
[2026-09-15T21:14:37.879+0000] {logging_mixin.py:188} INFO - [2026-09-15T21:14:37.879+0000] {dag.py:3089} INFO - Sync 3 DAGs
[2026-09-15T21:14:37.898+0000] {logging_mixin.py:188} INFO - [2026-09-15T21:14:37.897+0000] {dag.py:3947} INFO - Setting next_dagrun for example_branch_datetime_operator to 2026-09-14 00:00:00+00:00, run_after=2026-09-15 00:00:00+00:00
[2026-09-15T21:14:37.902+0000] {logging_mixin.py:188} INFO - [2026-09-15T21:14:37.902+0000] {dag.py:3947} INFO - Setting next_dagrun for example_branch_datetime_operator_2 to 2026-09-14 00:00:00+00:00, run_after=2026-09-15 00:00:00+00:00
[2026-09-15T21:14:37.904+0000] {logging_mixin.py:188} INFO - [2026-09-15T21:14:37.904+0000] {dag.py:3947} INFO - Setting next_dagrun for example_branch_datetime_operator_3 to 2026-09-14 00:00:00+00:00, run_after=2026-09-15 00:00:00+00:00
[2026-09-15T21:14:37.919+0000] {processor.py:183} INFO - Processing /home/airflow/.local/lib/python3.12/site-packages/airflow/example_dags/example_branch_datetime_operator.py took 0.076 seconds
[2026-09-15T21:15:08.292+0000] {processor.py:161} INFO - Started process (PID=1695) to work on /home/airflow/.local/lib/python3.12/site-packages/airflow/example_dags/example_branch_datetime_operator.py
[2026-09-15T21:15:08.293+0000] {processor.py:830} INFO - Processing file /home/airflow/.local/lib/python3.12/site-packages/airflow/example_dags/example_branch_datetime_operator.py for tasks to queue
[2026-09-15T21:15:08.295+0000] {logging_mixin.py:188} INFO - [2026-09-15T21:15:08.295+0000] {dagbag.py:545} INFO - Filling up the DagBag from /home/airflow/.local/lib/python3.12/site-packages/airflow/example_dags/example_branch_datetime_operator.py
[2026-09-15T21:15:08.302+0000] {processor.py:840} INFO - DAG(s) 'example_branch_datetime_operator_3', 'example_branch_datetime_operator_2', 'example_branch_datetime_operator' retrieved from /home/airflow/.local/lib/python3.12/site-packages/airflow/example_dags/example_branch_datetime_operator.py
[2026-09-15T21:15:08.324+0000] {logging_mixin.py:188} INFO - [2026-09-15T21:15:08.324+0000] {dag.py:3089} INFO - Sync 3 DAGs
[2026-09-15T21:15:08.341+0000] {logging_mixin.py:188} INFO - [2026-09-15T21:15:08.341+0000] {dag.py:3947} INFO - Setting next_dagrun for example_branch_datetime_operator to 2026-09-14 00:00:00+00:00, run_after=2026-09-15 00:00:00+00:00
[2026-09-15T21:15:08.345+0000] {logging_mixin.py:188} INFO - [2026-09-15T21:15:08.345+0000] {dag.py:3947} INFO - Setting next_dagrun for example_branch_datetime_operator_2 to 2026-09-14 00:00:00+00:00, run_after=2026-09-15 00:00:00+00:00
[2026-09-15T21:15:08.347+0000] {logging_mixin.py:188} INFO - [2026-09-15T21:15:08.347+0000] {dag.py:3947} INFO - Setting next_dagrun for example_branch_datetime_operator_3 to 2026-09-14 00:00:00+00:00, run_after=2026-09-15 00:00:00+00:00
[2026-09-15T21:15:08.360+0000] {processor.py:183} INFO - Processing /home/airflow/.local/lib/python3.12/site-packages/airflow/example_dags/example_branch_datetime_operator.py took 0.072 seconds
[2026-09-15T21:15:38.845+0000] {processor.py:161} INFO - Started process (PID=1753) to work on /home/airflow/.local/lib/python3.12/site-packages/airflow/example_dags/example_branch_datetime_operator.py
[2026-09-15T21:15:38.846+0000] {processor.py:830} INFO - Processing file /home/airflow/.local/lib/python3.12/site-packages/airflow/example_dags/example_branch_datetime_operator.py for tasks to queue
[2026-09-15T21:15:38.849+0000] {logging_mixin.py:188} INFO - [2026-09-15T21:15:38.848+0000] {dagbag.py:545} INFO - Filling up the DagBag from /home/airflow/.local/lib/python3.12/site-packages/airflow/example_dags/example_branch_datetime_operator.py
[2026-09-15T21:15:38.856+0000] {processor.py:840} INFO - DAG(s) 'example_branch_datetime_operator_3', 'example_branch_datetime_operator', 'example_branch_datetime_operator_2' retrieved from /home/airflow/.local/lib/python3.12/site-packages/airflow/example_dags/example_branch_datetime_operator.py
[2026-09-15T21:15:38.880+0000] {logging_mixin.py:188} INFO - [2026-09-15T21:15:38.880+0000] {dag.py:3089} INFO - Sync 3 DAGs
[2026-09-15T21:15:38.901+0000] {logging_mixin.py:188} INFO - [2026-09-15T21:15:38.900+0000] {dag.py:3947} INFO - Setting next_dagrun for example_branch_datetime_operator to 2026-09-14 00:00:00+00:00, run_after=2026-09-15 00:00:00+00:00
[2026-09-15T21:15:38.905+0000] {logging_mixin.py:188} INFO - [2026-09-15T21:15:38.905+0000] {dag.py:3947} INFO - Setting next_dagrun for example_branch_datetime_operator_2 to 2026-09-14 00:00:00+00:00, run_after=2026-09-15 00:00:00+00:00
[2026-09-15T21:15:38.907+0000] {logging_mixin.py:188} INFO - [2026-09-15T21:15:38.907+0000] {dag.py:3947} INFO - Setting next_dagrun for example_branch_datetime_operator_3 to 2026-09-14 00:00:00+00:00, run_after=2026-09-15 00:00:00+00:00
[2026-09-15T21:15:38.924+0000] {processor.py:183} INFO - Processing /home/airflow/.local/lib/python3.12/site-packages/airflow/example_dags/example_branch_datetime_operator.py took 0.086 seconds
[2026-09-15T21:16:09.410+0000] {processor.py:161} INFO - Started process (PID=1811) to work on /home/airflow/.local/lib/python3.12/site-packages/airflow/example_dags/example_branch_datetime_operator.py
[2026-09-15T21:16:09.411+0000] {processor.py:830} INFO - Processing file /home/airflow/.local/lib/python3.12/site-packages/airflow/example_dags/example_branch_datetime_operator.py for tasks to queue
[2026-09-15T21:16:09.413+0000] {logging_mixin.py:188} INFO - [2026-09-15T21:16:09.413+0000] {dagbag.py:545} INFO - Filling up the DagBag from /home/airflow/.local/lib/python3.12/site-packages/airflow/example_dags/example_branch_datetime_operator.py
[2026-09-15T21:16:09.421+0000] {processor.py:840} INFO - DAG(s) 'example_branch_datetime_operator_3', 'example_branch_datetime_operator', 'example_branch_datetime_operator_2' retrieved from /home/airflow/.local/lib/python3.12/site-packages/airflow/example_dags/example_branch_datetime_operator.py
[2026-09-15T21:16:09.444+0000] {logging_mixin.py:188} INFO - [2026-09-15T21:16:09.443+0000] {dag.py:3089} INFO - Sync 3 DAGs
[2026-09-15T21:16:09.462+0000] {logging_mixin.py:188} INFO - [2026-09-15T21:16:09.462+0000] {dag.py:3947} INFO - Setting next_dagrun for example_branch_datetime_operator to 2026-09-14 00:00:00+00:00, run_after=2026-09-15 00:00:00+00:00
[2026-09-15T21:16:09.468+0000] {logging_mixin.py:188} INFO - [2026-09-15T21:16:09.468+0000] {dag.py:3947} INFO - Setting next_dagrun for example_branch_datetime_operator_2 to 2026-09-14 00:00:00+00:00, run_after=2026-09-15 00:00:00+00:00
[2026-09-15T21:16:09.471+0000] {logging_mixin.py:188} INFO - [2026-09-15T21:16:09.471+0000] {dag.py:3947} INFO - Setting next_dagrun for example_branch_datetime_operator_3 to 2026-09-14 00:00:00+00:00, run_after=2026-09-15 00:00:00+00:00
[2026-09-15T21:16:09.487+0000] {processor.py:183} INFO - Processing /home/airflow/.local/lib/python3.12/site-packages/airflow/example_dags/example_branch_datetime_operator.py took 0.081 seconds
[2026-09-15T21:16:39.917+0000] {processor.py:161} INFO - Started process (PID=1869) to work on /home/airflow/.local/lib/python3.12/site-packages/airflow/example_dags/example_branch_datetime_operator.py
[2026-09-15T21:16:39.919+0000] {processor.py:830} INFO - Processing file /home/airflow/.local/lib/python3.12/site-packages/airflow/example_dags/example_branch_datetime_operator.py for tasks to queue
[2026-09-15T21:16:39.921+0000] {logging_mixin.py:188} INFO - [2026-09-15T21:16:39.920+0000] {dagbag.py:545} INFO - Filling up the DagBag from /home/airflow/.local/lib/python3.12/site-packages/airflow/example_dags/example_branch_datetime_operator.py
[2026-09-15T21:16:39.928+0000] {processor.py:840} INFO - DAG(s) 'example_branch_datetime_operator', 'example_branch_datetime_operator_2', 'example_branch_datetime_operator_3' retrieved from /home/airflow/.local/lib/python3.12/site-packages/airflow/example_dags/example_branch_datetime_operator.py
[2026-09-15T21:16:39.950+0000] {logging_mixin.py:188} INFO - [2026-09-15T21:16:39.950+0000] {dag.py:3089} INFO - Sync 3 DAGs
[2026-09-15T21:16:39.968+0000] {logging_mixin.py:188} INFO - [2026-09-15T21:16:39.968+0000] {dag.py:3947} INFO - Setting next_dagrun for example_branch_datetime_operator to 2026-09-14 00:00:00+00:00, run_after=2026-09-15 00:00:00+00:00
[2026-09-15T21:16:39.972+0000] {logging_mixin.py:188} INFO - [2026-09-15T21:16:39.972+0000] {dag.py:3947} INFO - Setting next_dagrun for example_branch_datetime_operator_2 to 2026-09-14 00:00:00+00:00, run_after=2026-09-15 00:00:00+00:00
[2026-09-15T21:16:39.975+0000] {logging_mixin.py:188} INFO - [2026-09-15T21:16:39.975+0000] {dag.py:3947} INFO - Setting next_dagrun for example_branch_datetime_operator_3 to 2026-09-14 00:00:00+00:00, run_after=2026-09-15 00:00:00+00:00
[2026-09-15T21:16:39.988+0000] {processor.py:183} INFO - Processing /home/airflow/.local/lib/python3.12/site-packages/airflow/example_dags/example_branch_datetime_operator.py took 0.076 seconds
[2026-09-15T21:17:34.451+0000] {processor.py:161} INFO - Started process (PID=57) to work on /home/airflow/.local/lib/python3.12/site-packages/airflow/example_dags/example_branch_datetime_operator.py
[2026-09-15T21:17:34.452+0000] {processor.py:830} INFO - Processing file /home/airflow/.local/lib/python3.12/site-packages/airflow/example_dags/example_branch_datetime_operator.py for tasks to queue
[2026-09-15T21:17:34.455+0000] {logging_mixin.py:188} INFO - [2026-09-15T21:17:34.455+0000] {dagbag.py:545} INFO - Filling up the DagBag from /home/airflow/.local/lib/python3.12/site-packages/airflow/example_dags/example_branch_datetime_operator.py
[2026-09-15T21:17:34.469+0000] {processor.py:840} INFO - DAG(s) 'example_branch_datetime_operator', 'example_branch_datetime_operator_2', 'example_branch_datetime_operator_3' retrieved from /home/airflow/.local/lib/python3.12/site-packages/airflow/example_dags/example_branch_datetime_operator.py
[2026-09-15T21:17:34.483+0000] {logging_mixin.py:188} INFO - [2026-09-15T21:17:34.483+0000] {dag.py:3089} INFO - Sync 3 DAGs
[2026-09-15T21:17:34.503+0000] {logging_mixin.py:188} INFO - [2026-09-15T21:17:34.503+0000] {dag.py:3947} INFO - Setting next_dagrun for example_branch_datetime_operator to 2026-09-14 00:00:00+00:00, run_after=2026-09-15 00:00:00+00:00
[2026-09-15T21:17:34.508+0000] {logging_mixin.py:188} INFO - [2026-09-15T21:17:34.508+0000] {dag.py:3947} INFO - Setting next_dagrun for example_branch_datetime_operator_2 to 2026-09-14 00:00:00+00:00, run_after=2026-09-15 00:00:00+00:00
[2026-09-15T21:17:34.511+0000] {logging_mixin.py:188} INFO - [2026-09-15T21:17:34.510+0000] {dag.py:3947} INFO - Setting next_dagrun for example_branch_datetime_operator_3 to 2026-09-14 00:00:00+00:00, run_after=2026-09-15 00:00:00+00:00
[2026-09-15T21:17:34.528+0000] {processor.py:183} INFO - Processing /home/airflow/.local/lib/python3.12/site-packages/airflow/example_dags/example_branch_datetime_operator.py took 0.083 seconds
[2026-09-15T21:18:05.327+0000] {processor.py:161} INFO - Started process (PID=122) to work on /home/airflow/.local/lib/python3.12/site-packages/airflow/example_dags/example_branch_datetime_operator.py
[2026-09-15T21:18:05.328+0000] {processor.py:830} INFO - Processing file /home/airflow/.local/lib/python3.12/site-packages/airflow/example_dags/example_branch_datetime_operator.py for tasks to queue
[2026-09-15T21:18:05.330+0000] {logging_mixin.py:188} INFO - [2026-09-15T21:18:05.330+0000] {dagbag.py:545} INFO - Filling up the DagBag from /home/airflow/.local/lib/python3.12/site-packages/airflow/example_dags/example_branch_datetime_operator.py
[2026-09-15T21:18:05.337+0000] {processor.py:840} INFO - DAG(s) 'example_branch_datetime_operator', 'example_branch_datetime_operator_2', 'example_branch_datetime_operator_3' retrieved from /home/airflow/.local/lib/python3.12/site-packages/airflow/example_dags/example_branch_datetime_operator.py
[2026-09-15T21:18:05.427+0000] {logging_mixin.py:188} INFO - [2026-09-15T21:18:05.426+0000] {dag.py:3089} INFO - Sync 3 DAGs
[2026-09-15T21:18:05.442+0000] {logging_mixin.py:188} INFO - [2026-09-15T21:18:05.441+0000] {dag.py:3947} INFO - Setting next_dagrun for example_branch_datetime_operator to 2026-09-14 00:00:00+00:00, run_after=2026-09-15 00:00:00+00:00
[2026-09-15T21:18:05.447+0000] {logging_mixin.py:188} INFO - [2026-09-15T21:18:05.447+0000] {dag.py:3947} INFO - Setting next_dagrun for example_branch_datetime_operator_2 to 2026-09-14 00:00:00+00:00, run_after=2026-09-15 00:00:00+00:00
[2026-09-15T21:18:05.450+0000] {logging_mixin.py:188} INFO - [2026-09-15T21:18:05.450+0000] {dag.py:3947} INFO - Setting next_dagrun for example_branch_datetime_operator_3 to 2026-09-14 00:00:00+00:00, run_after=2026-09-15 00:00:00+00:00
[2026-09-15T21:18:05.468+0000] {processor.py:183} INFO - Processing /home/airflow/.local/lib/python3.12/site-packages/airflow/example_dags/example_branch_datetime_operator.py took 0.145 seconds
[2026-09-15T21:18:35.967+0000] {processor.py:161} INFO - Started process (PID=180) to work on /home/airflow/.local/lib/python3.12/site-packages/airflow/example_dags/example_branch_datetime_operator.py
[2026-09-15T21:18:35.969+0000] {processor.py:830} INFO - Processing file /home/airflow/.local/lib/python3.12/site-packages/airflow/example_dags/example_branch_datetime_operator.py for tasks to queue
[2026-09-15T21:18:35.971+0000] {logging_mixin.py:188} INFO - [2026-09-15T21:18:35.970+0000] {dagbag.py:545} INFO - Filling up the DagBag from /home/airflow/.local/lib/python3.12/site-packages/airflow/example_dags/example_branch_datetime_operator.py
[2026-09-15T21:18:35.978+0000] {processor.py:840} INFO - DAG(s) 'example_branch_datetime_operator_2', 'example_branch_datetime_operator', 'example_branch_datetime_operator_3' retrieved from /home/airflow/.local/lib/python3.12/site-packages/airflow/example_dags/example_branch_datetime_operator.py
[2026-09-15T21:18:35.999+0000] {logging_mixin.py:188} INFO - [2026-09-15T21:18:35.999+0000] {dag.py:3089} INFO - Sync 3 DAGs
[2026-09-15T21:18:36.015+0000] {logging_mixin.py:188} INFO - [2026-09-15T21:18:36.015+0000] {dag.py:3947} INFO - Setting next_dagrun for example_branch_datetime_operator to 2026-09-14 00:00:00+00:00, run_after=2026-09-15 00:00:00+00:00
[2026-09-15T21:18:36.019+0000] {logging_mixin.py:188} INFO - [2026-09-15T21:18:36.019+0000] {dag.py:3947} INFO - Setting next_dagrun for example_branch_datetime_operator_2 to 2026-09-14 00:00:00+00:00, run_after=2026-09-15 00:00:00+00:00
[2026-09-15T21:18:36.022+0000] {logging_mixin.py:188} INFO - [2026-09-15T21:18:36.022+0000] {dag.py:3947} INFO - Setting next_dagrun for example_branch_datetime_operator_3 to 2026-09-14 00:00:00+00:00, run_after=2026-09-15 00:00:00+00:00
[2026-09-15T21:18:36.034+0000] {processor.py:183} INFO - Processing /home/airflow/.local/lib/python3.12/site-packages/airflow/example_dags/example_branch_datetime_operator.py took 0.071 seconds
[2026-09-15T21:19:06.674+0000] {processor.py:161} INFO - Started process (PID=238) to work on /home/airflow/.local/lib/python3.12/site-packages/airflow/example_dags/example_branch_datetime_operator.py
[2026-09-15T21:19:06.676+0000] {processor.py:830} INFO - Processing file /home/airflow/.local/lib/python3.12/site-packages/airflow/example_dags/example_branch_datetime_operator.py for tasks to queue
[2026-09-15T21:19:06.678+0000] {logging_mixin.py:188} INFO - [2026-09-15T21:19:06.677+0000] {dagbag.py:545} INFO - Filling up the DagBag from /home/airflow/.local/lib/python3.12/site-packages/airflow/example_dags/example_branch_datetime_operator.py
[2026-09-15T21:19:06.685+0000] {processor.py:840} INFO - DAG(s) 'example_branch_datetime_operator_2', 'example_branch_datetime_operator_3', 'example_branch_datetime_operator' retrieved from /home/airflow/.local/lib/python3.12/site-packages/airflow/example_dags/example_branch_datetime_operator.py
[2026-09-15T21:19:06.706+0000] {logging_mixin.py:188} INFO - [2026-09-15T21:19:06.706+0000] {dag.py:3089} INFO - Sync 3 DAGs
[2026-09-15T21:19:06.722+0000] {logging_mixin.py:188} INFO - [2026-09-15T21:19:06.722+0000] {dag.py:3947} INFO - Setting next_dagrun for example_branch_datetime_operator to 2026-09-14 00:00:00+00:00, run_after=2026-09-15 00:00:00+00:00
[2026-09-15T21:19:06.726+0000] {logging_mixin.py:188} INFO - [2026-09-15T21:19:06.726+0000] {dag.py:3947} INFO - Setting next_dagrun for example_branch_datetime_operator_2 to 2026-09-14 00:00:00+00:00, run_after=2026-09-15 00:00:00+00:00
[2026-09-15T21:19:06.729+0000] {logging_mixin.py:188} INFO - [2026-09-15T21:19:06.729+0000] {dag.py:3947} INFO - Setting next_dagrun for example_branch_datetime_operator_3 to 2026-09-14 00:00:00+00:00, run_after=2026-09-15 00:00:00+00:00
[2026-09-15T21:19:06.742+0000] {processor.py:183} INFO - Processing /home/airflow/.local/lib/python3.12/site-packages/airflow/example_dags/example_branch_datetime_operator.py took 0.073 seconds
[2026-09-15T21:19:37.314+0000] {processor.py:161} INFO - Started process (PID=296) to work on /home/airflow/.local/lib/python3.12/site-packages/airflow/example_dags/example_branch_datetime_operator.py
[2026-09-15T21:19:37.315+0000] {processor.py:830} INFO - Processing file /home/airflow/.local/lib/python3.12/site-packages/airflow/example_dags/example_branch_datetime_operator.py for tasks to queue
[2026-09-15T21:19:37.317+0000] {logging_mixin.py:188} INFO - [2026-09-15T21:19:37.317+0000] {dagbag.py:545} INFO - Filling up the DagBag from /home/airflow/.local/lib/python3.12/site-packages/airflow/example_dags/example_branch_datetime_operator.py
[2026-09-15T21:19:37.324+0000] {processor.py:840} INFO - DAG(s) 'example_branch_datetime_operator_3', 'example_branch_datetime_operator_2', 'example_branch_datetime_operator' retrieved from /home/airflow/.local/lib/python3.12/site-packages/airflow/example_dags/example_branch_datetime_operator.py
[2026-09-15T21:19:37.346+0000] {logging_mixin.py:188} INFO - [2026-09-15T21:19:37.346+0000] {dag.py:3089} INFO - Sync 3 DAGs
[2026-09-15T21:19:37.364+0000] {logging_mixin.py:188} INFO - [2026-09-15T21:19:37.363+0000] {dag.py:3947} INFO - Setting next_dagrun for example_branch_datetime_operator to 2026-09-14 00:00:00+00:00, run_after=2026-09-15 00:00:00+00:00
[2026-09-15T21:19:37.368+0000] {logging_mixin.py:188} INFO - [2026-09-15T21:19:37.368+0000] {dag.py:3947} INFO - Setting next_dagrun for example_branch_datetime_operator_2 to 2026-09-14 00:00:00+00:00, run_after=2026-09-15 00:00:00+00:00
[2026-09-15T21:19:37.371+0000] {logging_mixin.py:188} INFO - [2026-09-15T21:19:37.370+0000] {dag.py:3947} INFO - Setting next_dagrun for example_branch_datetime_operator_3 to 2026-09-14 00:00:00+00:00, run_after=2026-09-15 00:00:00+00:00
[2026-09-15T21:19:37.385+0000] {processor.py:183} INFO - Processing /home/airflow/.local/lib/python3.12/site-packages/airflow/example_dags/example_branch_datetime_operator.py took 0.075 seconds
[2026-09-15T21:20:07.526+0000] {processor.py:161} INFO - Started process (PID=354) to work on /home/airflow/.local/lib/python3.12/site-packages/airflow/example_dags/example_branch_datetime_operator.py
[2026-09-15T21:20:07.528+0000] {processor.py:830} INFO - Processing file /home/airflow/.local/lib/python3.12/site-packages/airflow/example_dags/example_branch_datetime_operator.py for tasks to queue
[2026-09-15T21:20:07.529+0000] {logging_mixin.py:188} INFO - [2026-09-15T21:20:07.529+0000] {dagbag.py:545} INFO - Filling up the DagBag from /home/airflow/.local/lib/python3.12/site-packages/airflow/example_dags/example_branch_datetime_operator.py
[2026-09-15T21:20:07.539+0000] {processor.py:840} INFO - DAG(s) 'example_branch_datetime_operator_2', 'example_branch_datetime_operator', 'example_branch_datetime_operator_3' retrieved from /home/airflow/.local/lib/python3.12/site-packages/airflow/example_dags/example_branch_datetime_operator.py
[2026-09-15T21:20:07.573+0000] {logging_mixin.py:188} INFO - [2026-09-15T21:20:07.572+0000] {dag.py:3089} INFO - Sync 3 DAGs
[2026-09-15T21:20:07.601+0000] {logging_mixin.py:188} INFO - [2026-09-15T21:20:07.600+0000] {dag.py:3947} INFO - Setting next_dagrun for example_branch_datetime_operator to 2026-09-14 00:00:00+00:00, run_after=2026-09-15 00:00:00+00:00
[2026-09-15T21:20:07.608+0000] {logging_mixin.py:188} INFO - [2026-09-15T21:20:07.607+0000] {dag.py:3947} INFO - Setting next_dagrun for example_branch_datetime_operator_2 to 2026-09-14 00:00:00+00:00, run_after=2026-09-15 00:00:00+00:00
[2026-09-15T21:20:07.611+0000] {logging_mixin.py:188} INFO - [2026-09-15T21:20:07.611+0000] {dag.py:3947} INFO - Setting next_dagrun for example_branch_datetime_operator_3 to 2026-09-14 00:00:00+00:00, run_after=2026-09-15 00:00:00+00:00
[2026-09-15T21:20:07.630+0000] {processor.py:183} INFO - Processing /home/airflow/.local/lib/python3.12/site-packages/airflow/example_dags/example_branch_datetime_operator.py took 0.109 seconds
[2026-09-15T21:20:37.687+0000] {processor.py:161} INFO - Started process (PID=412) to work on /home/airflow/.local/lib/python3.12/site-packages/airflow/example_dags/example_branch_datetime_operator.py
[2026-09-15T21:20:37.689+0000] {processor.py:830} INFO - Processing file /home/airflow/.local/lib/python3.12/site-packages/airflow/example_dags/example_branch_datetime_operator.py for tasks to queue
[2026-09-15T21:20:37.691+0000] {logging_mixin.py:188} INFO - [2026-09-15T21:20:37.690+0000] {dagbag.py:545} INFO - Filling up the DagBag from /home/airflow/.local/lib/python3.12/site-packages/airflow/example_dags/example_branch_datetime_operator.py
[2026-09-15T21:20:37.699+0000] {processor.py:840} INFO - DAG(s) 'example_branch_datetime_operator', 'example_branch_datetime_operator_2', 'example_branch_datetime_operator_3' retrieved from /home/airflow/.local/lib/python3.12/site-packages/airflow/example_dags/example_branch_datetime_operator.py
[2026-09-15T21:20:37.722+0000] {logging_mixin.py:188} INFO - [2026-09-15T21:20:37.722+0000] {dag.py:3089} INFO - Sync 3 DAGs
[2026-09-15T21:20:37.740+0000] {logging_mixin.py:188} INFO - [2026-09-15T21:20:37.739+0000] {dag.py:3947} INFO - Setting next_dagrun for example_branch_datetime_operator to 2026-09-14 00:00:00+00:00, run_after=2026-09-15 00:00:00+00:00
[2026-09-15T21:20:37.744+0000] {logging_mixin.py:188} INFO - [2026-09-15T21:20:37.744+0000] {dag.py:3947} INFO - Setting next_dagrun for example_branch_datetime_operator_2 to 2026-09-14 00:00:00+00:00, run_after=2026-09-15 00:00:00+00:00
[2026-09-15T21:20:37.746+0000] {logging_mixin.py:188} INFO - [2026-09-15T21:20:37.746+0000] {dag.py:3947} INFO - Setting next_dagrun for example_branch_datetime_operator_3 to 2026-09-14 00:00:00+00:00, run_after=2026-09-15 00:00:00+00:00
[2026-09-15T21:20:37.760+0000] {processor.py:183} INFO - Processing /home/airflow/.local/lib/python3.12/site-packages/airflow/example_dags/example_branch_datetime_operator.py took 0.077 seconds
[2026-09-15T21:22:06.382+0000] {processor.py:161} INFO - Started process (PID=208) to work on /home/airflow/.local/lib/python3.12/site-packages/airflow/example_dags/example_branch_datetime_operator.py
[2026-09-15T21:22:06.383+0000] {processor.py:830} INFO - Processing file /home/airflow/.local/lib/python3.12/site-packages/airflow/example_dags/example_branch_datetime_operator.py for tasks to queue
[2026-09-15T21:22:06.385+0000] {logging_mixin.py:188} INFO - [2026-09-15T21:22:06.385+0000] {dagbag.py:545} INFO - Filling up the DagBag from /home/airflow/.local/lib/python3.12/site-packages/airflow/example_dags/example_branch_datetime_operator.py
[2026-09-15T21:22:06.394+0000] {processor.py:840} INFO - DAG(s) 'example_branch_datetime_operator_2', 'example_branch_datetime_operator', 'example_branch_datetime_operator_3' retrieved from /home/airflow/.local/lib/python3.12/site-packages/airflow/example_dags/example_branch_datetime_operator.py
[2026-09-15T21:22:06.408+0000] {logging_mixin.py:188} INFO - [2026-09-15T21:22:06.408+0000] {dag.py:3089} INFO - Sync 3 DAGs
[2026-09-15T21:22:06.434+0000] {logging_mixin.py:188} INFO - [2026-09-15T21:22:06.434+0000] {dag.py:3947} INFO - Setting next_dagrun for example_branch_datetime_operator to 2026-09-14 00:00:00+00:00, run_after=2026-09-15 00:00:00+00:00
[2026-09-15T21:22:06.439+0000] {logging_mixin.py:188} INFO - [2026-09-15T21:22:06.439+0000] {dag.py:3947} INFO - Setting next_dagrun for example_branch_datetime_operator_2 to 2026-09-14 00:00:00+00:00, run_after=2026-09-15 00:00:00+00:00
[2026-09-15T21:22:06.441+0000] {logging_mixin.py:188} INFO - [2026-09-15T21:22:06.441+0000] {dag.py:3947} INFO - Setting next_dagrun for example_branch_datetime_operator_3 to 2026-09-14 00:00:00+00:00, run_after=2026-09-15 00:00:00+00:00
[2026-09-15T21:22:06.459+0000] {processor.py:183} INFO - Processing /home/airflow/.local/lib/python3.12/site-packages/airflow/example_dags/example_branch_datetime_operator.py took 0.081 seconds
[2026-09-15T21:22:37.328+0000] {processor.py:161} INFO - Started process (PID=470) to work on /home/airflow/.local/lib/python3.12/site-packages/airflow/example_dags/example_branch_datetime_operator.py
[2026-09-15T21:22:37.329+0000] {processor.py:830} INFO - Processing file /home/airflow/.local/lib/python3.12/site-packages/airflow/example_dags/example_branch_datetime_operator.py for tasks to queue
[2026-09-15T21:22:37.331+0000] {logging_mixin.py:188} INFO - [2026-09-15T21:22:37.331+0000] {dagbag.py:545} INFO - Filling up the DagBag from /home/airflow/.local/lib/python3.12/site-packages/airflow/example_dags/example_branch_datetime_operator.py
[2026-09-15T21:22:37.338+0000] {processor.py:840} INFO - DAG(s) 'example_branch_datetime_operator_2', 'example_branch_datetime_operator_3', 'example_branch_datetime_operator' retrieved from /home/airflow/.local/lib/python3.12/site-packages/airflow/example_dags/example_branch_datetime_operator.py
[2026-09-15T21:22:37.422+0000] {logging_mixin.py:188} INFO - [2026-09-15T21:22:37.422+0000] {dag.py:3089} INFO - Sync 3 DAGs
[2026-09-15T21:22:37.438+0000] {logging_mixin.py:188} INFO - [2026-09-15T21:22:37.438+0000] {dag.py:3947} INFO - Setting next_dagrun for example_branch_datetime_operator to 2026-09-14 00:00:00+00:00, run_after=2026-09-15 00:00:00+00:00
[2026-09-15T21:22:37.442+0000] {logging_mixin.py:188} INFO - [2026-09-15T21:22:37.442+0000] {dag.py:3947} INFO - Setting next_dagrun for example_branch_datetime_operator_2 to 2026-09-14 00:00:00+00:00, run_after=2026-09-15 00:00:00+00:00
[2026-09-15T21:22:37.444+0000] {logging_mixin.py:188} INFO - [2026-09-15T21:22:37.444+0000] {dag.py:3947} INFO - Setting next_dagrun for example_branch_datetime_operator_3 to 2026-09-14 00:00:00+00:00, run_after=2026-09-15 00:00:00+00:00
[2026-09-15T21:22:37.458+0000] {processor.py:183} INFO - Processing /home/airflow/.local/lib/python3.12/site-packages/airflow/example_dags/example_branch_datetime_operator.py took 0.135 seconds
[2026-09-15T21:23:08.019+0000] {processor.py:161} INFO - Started process (PID=732) to work on /home/airflow/.local/lib/python3.12/site-packages/airflow/example_dags/example_branch_datetime_operator.py
[2026-09-15T21:23:08.022+0000] {processor.py:830} INFO - Processing file /home/airflow/.local/lib/python3.12/site-packages/airflow/example_dags/example_branch_datetime_operator.py for tasks to queue
[2026-09-15T21:23:08.025+0000] {logging_mixin.py:188} INFO - [2026-09-15T21:23:08.024+0000] {dagbag.py:545} INFO - Filling up the DagBag from /home/airflow/.local/lib/python3.12/site-packages/airflow/example_dags/example_branch_datetime_operator.py
[2026-09-15T21:23:08.035+0000] {processor.py:840} INFO - DAG(s) 'example_branch_datetime_operator_2', 'example_branch_datetime_operator', 'example_branch_datetime_operator_3' retrieved from /home/airflow/.local/lib/python3.12/site-packages/airflow/example_dags/example_branch_datetime_operator.py
[2026-09-15T21:23:08.065+0000] {logging_mixin.py:188} INFO - [2026-09-15T21:23:08.064+0000] {dag.py:3089} INFO - Sync 3 DAGs
[2026-09-15T21:23:08.092+0000] {logging_mixin.py:188} INFO - [2026-09-15T21:23:08.091+0000] {dag.py:3947} INFO - Setting next_dagrun for example_branch_datetime_operator to 2026-09-14 00:00:00+00:00, run_after=2026-09-15 00:00:00+00:00
[2026-09-15T21:23:08.100+0000] {logging_mixin.py:188} INFO - [2026-09-15T21:23:08.099+0000] {dag.py:3947} INFO - Setting next_dagrun for example_branch_datetime_operator_2 to 2026-09-14 00:00:00+00:00, run_after=2026-09-15 00:00:00+00:00
[2026-09-15T21:23:08.104+0000] {logging_mixin.py:188} INFO - [2026-09-15T21:23:08.104+0000] {dag.py:3947} INFO - Setting next_dagrun for example_branch_datetime_operator_3 to 2026-09-14 00:00:00+00:00, run_after=2026-09-15 00:00:00+00:00
[2026-09-15T21:23:08.132+0000] {processor.py:183} INFO - Processing /home/airflow/.local/lib/python3.12/site-packages/airflow/example_dags/example_branch_datetime_operator.py took 0.119 seconds
[2026-09-15T21:23:38.195+0000] {processor.py:161} INFO - Started process (PID=994) to work on /home/airflow/.local/lib/python3.12/site-packages/airflow/example_dags/example_branch_datetime_operator.py
[2026-09-15T21:23:38.196+0000] {processor.py:830} INFO - Processing file /home/airflow/.local/lib/python3.12/site-packages/airflow/example_dags/example_branch_datetime_operator.py for tasks to queue
[2026-09-15T21:23:38.198+0000] {logging_mixin.py:188} INFO - [2026-09-15T21:23:38.198+0000] {dagbag.py:545} INFO - Filling up the DagBag from /home/airflow/.local/lib/python3.12/site-packages/airflow/example_dags/example_branch_datetime_operator.py
[2026-09-15T21:23:38.205+0000] {processor.py:840} INFO - DAG(s) 'example_branch_datetime_operator_2', 'example_branch_datetime_operator', 'example_branch_datetime_operator_3' retrieved from /home/airflow/.local/lib/python3.12/site-packages/airflow/example_dags/example_branch_datetime_operator.py
[2026-09-15T21:23:38.226+0000] {logging_mixin.py:188} INFO - [2026-09-15T21:23:38.225+0000] {dag.py:3089} INFO - Sync 3 DAGs
[2026-09-15T21:23:38.241+0000] {logging_mixin.py:188} INFO - [2026-09-15T21:23:38.241+0000] {dag.py:3947} INFO - Setting next_dagrun for example_branch_datetime_operator to 2026-09-14 00:00:00+00:00, run_after=2026-09-15 00:00:00+00:00
[2026-09-15T21:23:38.245+0000] {logging_mixin.py:188} INFO - [2026-09-15T21:23:38.245+0000] {dag.py:3947} INFO - Setting next_dagrun for example_branch_datetime_operator_2 to 2026-09-14 00:00:00+00:00, run_after=2026-09-15 00:00:00+00:00
[2026-09-15T21:23:38.247+0000] {logging_mixin.py:188} INFO - [2026-09-15T21:23:38.247+0000] {dag.py:3947} INFO - Setting next_dagrun for example_branch_datetime_operator_3 to 2026-09-14 00:00:00+00:00, run_after=2026-09-15 00:00:00+00:00
[2026-09-15T21:23:38.261+0000] {processor.py:183} INFO - Processing /home/airflow/.local/lib/python3.12/site-packages/airflow/example_dags/example_branch_datetime_operator.py took 0.070 seconds
[2026-09-15T21:24:08.311+0000] {processor.py:161} INFO - Started process (PID=1256) to work on /home/airflow/.local/lib/python3.12/site-packages/airflow/example_dags/example_branch_datetime_operator.py
[2026-09-15T21:24:08.312+0000] {processor.py:830} INFO - Processing file /home/airflow/.local/lib/python3.12/site-packages/airflow/example_dags/example_branch_datetime_operator.py for tasks to queue
[2026-09-15T21:24:08.314+0000] {logging_mixin.py:188} INFO - [2026-09-15T21:24:08.314+0000] {dagbag.py:545} INFO - Filling up the DagBag from /home/airflow/.local/lib/python3.12/site-packages/airflow/example_dags/example_branch_datetime_operator.py
[2026-09-15T21:24:08.321+0000] {processor.py:840} INFO - DAG(s) 'example_branch_datetime_operator_3', 'example_branch_datetime_operator', 'example_branch_datetime_operator_2' retrieved from /home/airflow/.local/lib/python3.12/site-packages/airflow/example_dags/example_branch_datetime_operator.py
[2026-09-15T21:24:08.342+0000] {logging_mixin.py:188} INFO - [2026-09-15T21:24:08.342+0000] {dag.py:3089} INFO - Sync 3 DAGs
[2026-09-15T21:24:08.360+0000] {logging_mixin.py:188} INFO - [2026-09-15T21:24:08.360+0000] {dag.py:3947} INFO - Setting next_dagrun for example_branch_datetime_operator to 2026-09-14 00:00:00+00:00, run_after=2026-09-15 00:00:00+00:00
[2026-09-15T21:24:08.364+0000] {logging_mixin.py:188} INFO - [2026-09-15T21:24:08.363+0000] {dag.py:3947} INFO - Setting next_dagrun for example_branch_datetime_operator_2 to 2026-09-14 00:00:00+00:00, run_after=2026-09-15 00:00:00+00:00
[2026-09-15T21:24:08.366+0000] {logging_mixin.py:188} INFO - [2026-09-15T21:24:08.366+0000] {dag.py:3947} INFO - Setting next_dagrun for example_branch_datetime_operator_3 to 2026-09-14 00:00:00+00:00, run_after=2026-09-15 00:00:00+00:00
[2026-09-15T21:24:08.380+0000] {processor.py:183} INFO - Processing /home/airflow/.local/lib/python3.12/site-packages/airflow/example_dags/example_branch_datetime_operator.py took 0.073 seconds
[2026-09-15T21:24:38.478+0000] {processor.py:161} INFO - Started process (PID=1518) to work on /home/airflow/.local/lib/python3.12/site-packages/airflow/example_dags/example_branch_datetime_operator.py
[2026-09-15T21:24:38.479+0000] {processor.py:830} INFO - Processing file /home/airflow/.local/lib/python3.12/site-packages/airflow/example_dags/example_branch_datetime_operator.py for tasks to queue
[2026-09-15T21:24:38.481+0000] {logging_mixin.py:188} INFO - [2026-09-15T21:24:38.481+0000] {dagbag.py:545} INFO - Filling up the DagBag from /home/airflow/.local/lib/python3.12/site-packages/airflow/example_dags/example_branch_datetime_operator.py
[2026-09-15T21:24:38.488+0000] {processor.py:840} INFO - DAG(s) 'example_branch_datetime_operator_2', 'example_branch_datetime_operator_3', 'example_branch_datetime_operator' retrieved from /home/airflow/.local/lib/python3.12/site-packages/airflow/example_dags/example_branch_datetime_operator.py
[2026-09-15T21:24:38.508+0000] {logging_mixin.py:188} INFO - [2026-09-15T21:24:38.508+0000] {dag.py:3089} INFO - Sync 3 DAGs
[2026-09-15T21:24:38.525+0000] {logging_mixin.py:188} INFO - [2026-09-15T21:24:38.525+0000] {dag.py:3947} INFO - Setting next_dagrun for example_branch_datetime_operator to 2026-09-14 00:00:00+00:00, run_after=2026-09-15 00:00:00+00:00
[2026-09-15T21:24:38.528+0000] {logging_mixin.py:188} INFO - [2026-09-15T21:24:38.528+0000] {dag.py:3947} INFO - Setting next_dagrun for example_branch_datetime_operator_2 to 2026-09-14 00:00:00+00:00, run_after=2026-09-15 00:00:00+00:00
[2026-09-15T21:24:38.530+0000] {logging_mixin.py:188} INFO - [2026-09-15T21:24:38.530+0000] {dag.py:3947} INFO - Setting next_dagrun for example_branch_datetime_operator_3 to 2026-09-14 00:00:00+00:00, run_after=2026-09-15 00:00:00+00:00
[2026-09-15T21:24:38.543+0000] {processor.py:183} INFO - Processing /home/airflow/.local/lib/python3.12/site-packages/airflow/example_dags/example_branch_datetime_operator.py took 0.069 seconds
[2026-09-15T21:25:08.693+0000] {processor.py:161} INFO - Started process (PID=1780) to work on /home/airflow/.local/lib/python3.12/site-packages/airflow/example_dags/example_branch_datetime_operator.py
[2026-09-15T21:25:08.694+0000] {processor.py:830} INFO - Processing file /home/airflow/.local/lib/python3.12/site-packages/airflow/example_dags/example_branch_datetime_operator.py for tasks to queue
[2026-09-15T21:25:08.696+0000] {logging_mixin.py:188} INFO - [2026-09-15T21:25:08.695+0000] {dagbag.py:545} INFO - Filling up the DagBag from /home/airflow/.local/lib/python3.12/site-packages/airflow/example_dags/example_branch_datetime_operator.py
[2026-09-15T21:25:08.703+0000] {processor.py:840} INFO - DAG(s) 'example_branch_datetime_operator', 'example_branch_datetime_operator_3', 'example_branch_datetime_operator_2' retrieved from /home/airflow/.local/lib/python3.12/site-packages/airflow/example_dags/example_branch_datetime_operator.py
[2026-09-15T21:25:08.727+0000] {logging_mixin.py:188} INFO - [2026-09-15T21:25:08.727+0000] {dag.py:3089} INFO - Sync 3 DAGs
[2026-09-15T21:25:08.745+0000] {logging_mixin.py:188} INFO - [2026-09-15T21:25:08.745+0000] {dag.py:3947} INFO - Setting next_dagrun for example_branch_datetime_operator to 2026-09-14 00:00:00+00:00, run_after=2026-09-15 00:00:00+00:00
[2026-09-15T21:25:08.751+0000] {logging_mixin.py:188} INFO - [2026-09-15T21:25:08.751+0000] {dag.py:3947} INFO - Setting next_dagrun for example_branch_datetime_operator_2 to 2026-09-14 00:00:00+00:00, run_after=2026-09-15 00:00:00+00:00
[2026-09-15T21:25:08.753+0000] {logging_mixin.py:188} INFO - [2026-09-15T21:25:08.753+0000] {dag.py:3947} INFO - Setting next_dagrun for example_branch_datetime_operator_3 to 2026-09-14 00:00:00+00:00, run_after=2026-09-15 00:00:00+00:00
[2026-09-15T21:25:08.768+0000] {processor.py:183} INFO - Processing /home/airflow/.local/lib/python3.12/site-packages/airflow/example_dags/example_branch_datetime_operator.py took 0.080 seconds
[2026-09-15T21:25:38.896+0000] {processor.py:161} INFO - Started process (PID=2042) to work on /home/airflow/.local/lib/python3.12/site-packages/airflow/example_dags/example_branch_datetime_operator.py
[2026-09-15T21:25:38.897+0000] {processor.py:830} INFO - Processing file /home/airflow/.local/lib/python3.12/site-packages/airflow/example_dags/example_branch_datetime_operator.py for tasks to queue
[2026-09-15T21:25:38.899+0000] {logging_mixin.py:188} INFO - [2026-09-15T21:25:38.899+0000] {dagbag.py:545} INFO - Filling up the DagBag from /home/airflow/.local/lib/python3.12/site-packages/airflow/example_dags/example_branch_datetime_operator.py
[2026-09-15T21:25:38.908+0000] {processor.py:840} INFO - DAG(s) 'example_branch_datetime_operator_3', 'example_branch_datetime_operator_2', 'example_branch_datetime_operator' retrieved from /home/airflow/.local/lib/python3.12/site-packages/airflow/example_dags/example_branch_datetime_operator.py
[2026-09-15T21:25:38.933+0000] {logging_mixin.py:188} INFO - [2026-09-15T21:25:38.932+0000] {dag.py:3089} INFO - Sync 3 DAGs
[2026-09-15T21:25:38.949+0000] {logging_mixin.py:188} INFO - [2026-09-15T21:25:38.948+0000] {dag.py:3947} INFO - Setting next_dagrun for example_branch_datetime_operator to 2026-09-14 00:00:00+00:00, run_after=2026-09-15 00:00:00+00:00
[2026-09-15T21:25:38.952+0000] {logging_mixin.py:188} INFO - [2026-09-15T21:25:38.952+0000] {dag.py:3947} INFO - Setting next_dagrun for example_branch_datetime_operator_2 to 2026-09-14 00:00:00+00:00, run_after=2026-09-15 00:00:00+00:00
[2026-09-15T21:25:38.956+0000] {logging_mixin.py:188} INFO - [2026-09-15T21:25:38.956+0000] {dag.py:3947} INFO - Setting next_dagrun for example_branch_datetime_operator_3 to 2026-09-14 00:00:00+00:00, run_after=2026-09-15 00:00:00+00:00
[2026-09-15T21:25:38.969+0000] {processor.py:183} INFO - Processing /home/airflow/.local/lib/python3.12/site-packages/airflow/example_dags/example_branch_datetime_operator.py took 0.079 seconds
[2026-09-15T21:26:09.199+0000] {processor.py:161} INFO - Started process (PID=2306) to work on /home/airflow/.local/lib/python3.12/site-packages/airflow/example_dags/example_branch_datetime_operator.py
[2026-09-15T21:26:09.201+0000] {processor.py:830} INFO - Processing file /home/airflow/.local/lib/python3.12/site-packages/airflow/example_dags/example_branch_datetime_operator.py for tasks to queue
[2026-09-15T21:26:09.203+0000] {logging_mixin.py:188} INFO - [2026-09-15T21:26:09.203+0000] {dagbag.py:545} INFO - Filling up the DagBag from /home/airflow/.local/lib/python3.12/site-packages/airflow/example_dags/example_branch_datetime_operator.py
[2026-09-15T21:26:09.211+0000] {processor.py:840} INFO - DAG(s) 'example_branch_datetime_operator_2', 'example_branch_datetime_operator', 'example_branch_datetime_operator_3' retrieved from /home/airflow/.local/lib/python3.12/site-packages/airflow/example_dags/example_branch_datetime_operator.py
[2026-09-15T21:26:09.234+0000] {logging_mixin.py:188} INFO - [2026-09-15T21:26:09.234+0000] {dag.py:3089} INFO - Sync 3 DAGs
[2026-09-15T21:26:09.252+0000] {logging_mixin.py:188} INFO - [2026-09-15T21:26:09.252+0000] {dag.py:3947} INFO - Setting next_dagrun for example_branch_datetime_operator to 2026-09-14 00:00:00+00:00, run_after=2026-09-15 00:00:00+00:00
[2026-09-15T21:26:09.256+0000] {logging_mixin.py:188} INFO - [2026-09-15T21:26:09.256+0000] {dag.py:3947} INFO - Setting next_dagrun for example_branch_datetime_operator_2 to 2026-09-14 00:00:00+00:00, run_after=2026-09-15 00:00:00+00:00
[2026-09-15T21:26:09.258+0000] {logging_mixin.py:188} INFO - [2026-09-15T21:26:09.258+0000] {dag.py:3947} INFO - Setting next_dagrun for example_branch_datetime_operator_3 to 2026-09-14 00:00:00+00:00, run_after=2026-09-15 00:00:00+00:00
[2026-09-15T21:26:09.272+0000] {processor.py:183} INFO - Processing /home/airflow/.local/lib/python3.12/site-packages/airflow/example_dags/example_branch_datetime_operator.py took 0.078 seconds
[2026-09-15T21:26:39.349+0000] {processor.py:161} INFO - Started process (PID=2568) to work on /home/airflow/.local/lib/python3.12/site-packages/airflow/example_dags/example_branch_datetime_operator.py
[2026-09-15T21:26:39.351+0000] {processor.py:830} INFO - Processing file /home/airflow/.local/lib/python3.12/site-packages/airflow/example_dags/example_branch_datetime_operator.py for tasks to queue
[2026-09-15T21:26:39.353+0000] {logging_mixin.py:188} INFO - [2026-09-15T21:26:39.353+0000] {dagbag.py:545} INFO - Filling up the DagBag from /home/airflow/.local/lib/python3.12/site-packages/airflow/example_dags/example_branch_datetime_operator.py
[2026-09-15T21:26:39.361+0000] {processor.py:840} INFO - DAG(s) 'example_branch_datetime_operator_3', 'example_branch_datetime_operator', 'example_branch_datetime_operator_2' retrieved from /home/airflow/.local/lib/python3.12/site-packages/airflow/example_dags/example_branch_datetime_operator.py
[2026-09-15T21:26:39.383+0000] {logging_mixin.py:188} INFO - [2026-09-15T21:26:39.383+0000] {dag.py:3089} INFO - Sync 3 DAGs
[2026-09-15T21:26:39.401+0000] {logging_mixin.py:188} INFO - [2026-09-15T21:26:39.400+0000] {dag.py:3947} INFO - Setting next_dagrun for example_branch_datetime_operator to 2026-09-14 00:00:00+00:00, run_after=2026-09-15 00:00:00+00:00
[2026-09-15T21:26:39.405+0000] {logging_mixin.py:188} INFO - [2026-09-15T21:26:39.405+0000] {dag.py:3947} INFO - Setting next_dagrun for example_branch_datetime_operator_2 to 2026-09-14 00:00:00+00:00, run_after=2026-09-15 00:00:00+00:00
[2026-09-15T21:26:39.407+0000] {logging_mixin.py:188} INFO - [2026-09-15T21:26:39.407+0000] {dag.py:3947} INFO - Setting next_dagrun for example_branch_datetime_operator_3 to 2026-09-14 00:00:00+00:00, run_after=2026-09-15 00:00:00+00:00
[2026-09-15T21:26:39.421+0000] {processor.py:183} INFO - Processing /home/airflow/.local/lib/python3.12/site-packages/airflow/example_dags/example_branch_datetime_operator.py took 0.077 seconds
[2026-09-15T21:27:09.654+0000] {processor.py:161} INFO - Started process (PID=2828) to work on /home/airflow/.local/lib/python3.12/site-packages/airflow/example_dags/example_branch_datetime_operator.py
[2026-09-15T21:27:09.656+0000] {processor.py:830} INFO - Processing file /home/airflow/.local/lib/python3.12/site-packages/airflow/example_dags/example_branch_datetime_operator.py for tasks to queue
[2026-09-15T21:27:09.659+0000] {logging_mixin.py:188} INFO - [2026-09-15T21:27:09.658+0000] {dagbag.py:545} INFO - Filling up the DagBag from /home/airflow/.local/lib/python3.12/site-packages/airflow/example_dags/example_branch_datetime_operator.py
[2026-09-15T21:27:09.667+0000] {processor.py:840} INFO - DAG(s) 'example_branch_datetime_operator', 'example_branch_datetime_operator_2', 'example_branch_datetime_operator_3' retrieved from /home/airflow/.local/lib/python3.12/site-packages/airflow/example_dags/example_branch_datetime_operator.py
[2026-09-15T21:27:09.696+0000] {logging_mixin.py:188} INFO - [2026-09-15T21:27:09.696+0000] {dag.py:3089} INFO - Sync 3 DAGs
[2026-09-15T21:27:09.718+0000] {logging_mixin.py:188} INFO - [2026-09-15T21:27:09.718+0000] {dag.py:3947} INFO - Setting next_dagrun for example_branch_datetime_operator to 2026-09-14 00:00:00+00:00, run_after=2026-09-15 00:00:00+00:00
[2026-09-15T21:27:09.724+0000] {logging_mixin.py:188} INFO - [2026-09-15T21:27:09.723+0000] {dag.py:3947} INFO - Setting next_dagrun for example_branch_datetime_operator_2 to 2026-09-14 00:00:00+00:00, run_after=2026-09-15 00:00:00+00:00
[2026-09-15T21:27:09.726+0000] {logging_mixin.py:188} INFO - [2026-09-15T21:27:09.726+0000] {dag.py:3947} INFO - Setting next_dagrun for example_branch_datetime_operator_3 to 2026-09-14 00:00:00+00:00, run_after=2026-09-15 00:00:00+00:00
[2026-09-15T21:27:09.741+0000] {processor.py:183} INFO - Processing /home/airflow/.local/lib/python3.12/site-packages/airflow/example_dags/example_branch_datetime_operator.py took 0.092 seconds
[2026-09-15T21:27:39.928+0000] {processor.py:161} INFO - Started process (PID=3096) to work on /home/airflow/.local/lib/python3.12/site-packages/airflow/example_dags/example_branch_datetime_operator.py
[2026-09-15T21:27:39.929+0000] {processor.py:830} INFO - Processing file /home/airflow/.local/lib/python3.12/site-packages/airflow/example_dags/example_branch_datetime_operator.py for tasks to queue
[2026-09-15T21:27:39.931+0000] {logging_mixin.py:188} INFO - [2026-09-15T21:27:39.931+0000] {dagbag.py:545} INFO - Filling up the DagBag from /home/airflow/.local/lib/python3.12/site-packages/airflow/example_dags/example_branch_datetime_operator.py
[2026-09-15T21:27:39.937+0000] {processor.py:840} INFO - DAG(s) 'example_branch_datetime_operator', 'example_branch_datetime_operator_2', 'example_branch_datetime_operator_3' retrieved from /home/airflow/.local/lib/python3.12/site-packages/airflow/example_dags/example_branch_datetime_operator.py
[2026-09-15T21:27:39.958+0000] {logging_mixin.py:188} INFO - [2026-09-15T21:27:39.957+0000] {dag.py:3089} INFO - Sync 3 DAGs
[2026-09-15T21:27:39.974+0000] {logging_mixin.py:188} INFO - [2026-09-15T21:27:39.974+0000] {dag.py:3947} INFO - Setting next_dagrun for example_branch_datetime_operator to 2026-09-14 00:00:00+00:00, run_after=2026-09-15 00:00:00+00:00
[2026-09-15T21:27:39.978+0000] {logging_mixin.py:188} INFO - [2026-09-15T21:27:39.978+0000] {dag.py:3947} INFO - Setting next_dagrun for example_branch_datetime_operator_2 to 2026-09-14 00:00:00+00:00, run_after=2026-09-15 00:00:00+00:00
[2026-09-15T21:27:39.980+0000] {logging_mixin.py:188} INFO - [2026-09-15T21:27:39.980+0000] {dag.py:3947} INFO - Setting next_dagrun for example_branch_datetime_operator_3 to 2026-09-14 00:00:00+00:00, run_after=2026-09-15 00:00:00+00:00
[2026-09-15T21:27:39.993+0000] {processor.py:183} INFO - Processing /home/airflow/.local/lib/python3.12/site-packages/airflow/example_dags/example_branch_datetime_operator.py took 0.069 seconds
[2026-09-15T21:28:10.639+0000] {processor.py:161} INFO - Started process (PID=3358) to work on /home/airflow/.local/lib/python3.12/site-packages/airflow/example_dags/example_branch_datetime_operator.py
[2026-09-15T21:28:10.640+0000] {processor.py:830} INFO - Processing file /home/airflow/.local/lib/python3.12/site-packages/airflow/example_dags/example_branch_datetime_operator.py for tasks to queue
[2026-09-15T21:28:10.642+0000] {logging_mixin.py:188} INFO - [2026-09-15T21:28:10.642+0000] {dagbag.py:545} INFO - Filling up the DagBag from /home/airflow/.local/lib/python3.12/site-packages/airflow/example_dags/example_branch_datetime_operator.py
[2026-09-15T21:28:10.650+0000] {processor.py:840} INFO - DAG(s) 'example_branch_datetime_operator_3', 'example_branch_datetime_operator_2', 'example_branch_datetime_operator' retrieved from /home/airflow/.local/lib/python3.12/site-packages/airflow/example_dags/example_branch_datetime_operator.py
[2026-09-15T21:28:10.671+0000] {logging_mixin.py:188} INFO - [2026-09-15T21:28:10.671+0000] {dag.py:3089} INFO - Sync 3 DAGs
[2026-09-15T21:28:10.689+0000] {logging_mixin.py:188} INFO - [2026-09-15T21:28:10.689+0000] {dag.py:3947} INFO - Setting next_dagrun for example_branch_datetime_operator to 2026-09-14 00:00:00+00:00, run_after=2026-09-15 00:00:00+00:00
[2026-09-15T21:28:10.694+0000] {logging_mixin.py:188} INFO - [2026-09-15T21:28:10.693+0000] {dag.py:3947} INFO - Setting next_dagrun for example_branch_datetime_operator_2 to 2026-09-14 00:00:00+00:00, run_after=2026-09-15 00:00:00+00:00
[2026-09-15T21:28:10.696+0000] {logging_mixin.py:188} INFO - [2026-09-15T21:28:10.696+0000] {dag.py:3947} INFO - Setting next_dagrun for example_branch_datetime_operator_3 to 2026-09-14 00:00:00+00:00, run_after=2026-09-15 00:00:00+00:00
[2026-09-15T21:28:10.714+0000] {processor.py:183} INFO - Processing /home/airflow/.local/lib/python3.12/site-packages/airflow/example_dags/example_branch_datetime_operator.py took 0.079 seconds
[2026-09-15T21:28:41.341+0000] {processor.py:161} INFO - Started process (PID=3622) to work on /home/airflow/.local/lib/python3.12/site-packages/airflow/example_dags/example_branch_datetime_operator.py
[2026-09-15T21:28:41.342+0000] {processor.py:830} INFO - Processing file /home/airflow/.local/lib/python3.12/site-packages/airflow/example_dags/example_branch_datetime_operator.py for tasks to queue
[2026-09-15T21:28:41.344+0000] {logging_mixin.py:188} INFO - [2026-09-15T21:28:41.344+0000] {dagbag.py:545} INFO - Filling up the DagBag from /home/airflow/.local/lib/python3.12/site-packages/airflow/example_dags/example_branch_datetime_operator.py
[2026-09-15T21:28:41.351+0000] {processor.py:840} INFO - DAG(s) 'example_branch_datetime_operator_3', 'example_branch_datetime_operator', 'example_branch_datetime_operator_2' retrieved from /home/airflow/.local/lib/python3.12/site-packages/airflow/example_dags/example_branch_datetime_operator.py
[2026-09-15T21:28:41.371+0000] {logging_mixin.py:188} INFO - [2026-09-15T21:28:41.371+0000] {dag.py:3089} INFO - Sync 3 DAGs
[2026-09-15T21:28:41.389+0000] {logging_mixin.py:188} INFO - [2026-09-15T21:28:41.388+0000] {dag.py:3947} INFO - Setting next_dagrun for example_branch_datetime_operator to 2026-09-14 00:00:00+00:00, run_after=2026-09-15 00:00:00+00:00
[2026-09-15T21:28:41.392+0000] {logging_mixin.py:188} INFO - [2026-09-15T21:28:41.392+0000] {dag.py:3947} INFO - Setting next_dagrun for example_branch_datetime_operator_2 to 2026-09-14 00:00:00+00:00, run_after=2026-09-15 00:00:00+00:00
[2026-09-15T21:28:41.394+0000] {logging_mixin.py:188} INFO - [2026-09-15T21:28:41.394+0000] {dag.py:3947} INFO - Setting next_dagrun for example_branch_datetime_operator_3 to 2026-09-14 00:00:00+00:00, run_after=2026-09-15 00:00:00+00:00
[2026-09-15T21:28:41.409+0000] {processor.py:183} INFO - Processing /home/airflow/.local/lib/python3.12/site-packages/airflow/example_dags/example_branch_datetime_operator.py took 0.072 seconds
[2026-09-15T21:29:11.506+0000] {processor.py:161} INFO - Started process (PID=3882) to work on /home/airflow/.local/lib/python3.12/site-packages/airflow/example_dags/example_branch_datetime_operator.py
[2026-09-15T21:29:11.508+0000] {processor.py:830} INFO - Processing file /home/airflow/.local/lib/python3.12/site-packages/airflow/example_dags/example_branch_datetime_operator.py for tasks to queue
[2026-09-15T21:29:11.509+0000] {logging_mixin.py:188} INFO - [2026-09-15T21:29:11.509+0000] {dagbag.py:545} INFO - Filling up the DagBag from /home/airflow/.local/lib/python3.12/site-packages/airflow/example_dags/example_branch_datetime_operator.py
[2026-09-15T21:29:11.516+0000] {processor.py:840} INFO - DAG(s) 'example_branch_datetime_operator_2', 'example_branch_datetime_operator_3', 'example_branch_datetime_operator' retrieved from /home/airflow/.local/lib/python3.12/site-packages/airflow/example_dags/example_branch_datetime_operator.py
[2026-09-15T21:29:11.536+0000] {logging_mixin.py:188} INFO - [2026-09-15T21:29:11.536+0000] {dag.py:3089} INFO - Sync 3 DAGs
[2026-09-15T21:29:11.553+0000] {logging_mixin.py:188} INFO - [2026-09-15T21:29:11.553+0000] {dag.py:3947} INFO - Setting next_dagrun for example_branch_datetime_operator to 2026-09-14 00:00:00+00:00, run_after=2026-09-15 00:00:00+00:00
[2026-09-15T21:29:11.558+0000] {logging_mixin.py:188} INFO - [2026-09-15T21:29:11.558+0000] {dag.py:3947} INFO - Setting next_dagrun for example_branch_datetime_operator_2 to 2026-09-14 00:00:00+00:00, run_after=2026-09-15 00:00:00+00:00
[2026-09-15T21:29:11.560+0000] {logging_mixin.py:188} INFO - [2026-09-15T21:29:11.560+0000] {dag.py:3947} INFO - Setting next_dagrun for example_branch_datetime_operator_3 to 2026-09-14 00:00:00+00:00, run_after=2026-09-15 00:00:00+00:00
[2026-09-15T21:29:11.574+0000] {processor.py:183} INFO - Processing /home/airflow/.local/lib/python3.12/site-packages/airflow/example_dags/example_branch_datetime_operator.py took 0.072 seconds
[2026-09-15T21:29:41.797+0000] {processor.py:161} INFO - Started process (PID=4151) to work on /home/airflow/.local/lib/python3.12/site-packages/airflow/example_dags/example_branch_datetime_operator.py
[2026-09-15T21:29:41.799+0000] {processor.py:830} INFO - Processing file /home/airflow/.local/lib/python3.12/site-packages/airflow/example_dags/example_branch_datetime_operator.py for tasks to queue
[2026-09-15T21:29:41.800+0000] {logging_mixin.py:188} INFO - [2026-09-15T21:29:41.800+0000] {dagbag.py:545} INFO - Filling up the DagBag from /home/airflow/.local/lib/python3.12/site-packages/airflow/example_dags/example_branch_datetime_operator.py
[2026-09-15T21:29:41.808+0000] {processor.py:840} INFO - DAG(s) 'example_branch_datetime_operator_3', 'example_branch_datetime_operator', 'example_branch_datetime_operator_2' retrieved from /home/airflow/.local/lib/python3.12/site-packages/airflow/example_dags/example_branch_datetime_operator.py
[2026-09-15T21:29:41.828+0000] {logging_mixin.py:188} INFO - [2026-09-15T21:29:41.828+0000] {dag.py:3089} INFO - Sync 3 DAGs
[2026-09-15T21:29:41.844+0000] {logging_mixin.py:188} INFO - [2026-09-15T21:29:41.844+0000] {dag.py:3947} INFO - Setting next_dagrun for example_branch_datetime_operator to 2026-09-14 00:00:00+00:00, run_after=2026-09-15 00:00:00+00:00
[2026-09-15T21:29:41.848+0000] {logging_mixin.py:188} INFO - [2026-09-15T21:29:41.848+0000] {dag.py:3947} INFO - Setting next_dagrun for example_branch_datetime_operator_2 to 2026-09-14 00:00:00+00:00, run_after=2026-09-15 00:00:00+00:00
[2026-09-15T21:29:41.851+0000] {logging_mixin.py:188} INFO - [2026-09-15T21:29:41.851+0000] {dag.py:3947} INFO - Setting next_dagrun for example_branch_datetime_operator_3 to 2026-09-14 00:00:00+00:00, run_after=2026-09-15 00:00:00+00:00
[2026-09-15T21:29:41.865+0000] {processor.py:183} INFO - Processing /home/airflow/.local/lib/python3.12/site-packages/airflow/example_dags/example_branch_datetime_operator.py took 0.071 seconds
[2026-09-15T21:30:11.929+0000] {processor.py:161} INFO - Started process (PID=4416) to work on /home/airflow/.local/lib/python3.12/site-packages/airflow/example_dags/example_branch_datetime_operator.py
[2026-09-15T21:30:11.930+0000] {processor.py:830} INFO - Processing file /home/airflow/.local/lib/python3.12/site-packages/airflow/example_dags/example_branch_datetime_operator.py for tasks to queue
[2026-09-15T21:30:11.932+0000] {logging_mixin.py:188} INFO - [2026-09-15T21:30:11.932+0000] {dagbag.py:545} INFO - Filling up the DagBag from /home/airflow/.local/lib/python3.12/site-packages/airflow/example_dags/example_branch_datetime_operator.py
[2026-09-15T21:30:11.939+0000] {processor.py:840} INFO - DAG(s) 'example_branch_datetime_operator_2', 'example_branch_datetime_operator_3', 'example_branch_datetime_operator' retrieved from /home/airflow/.local/lib/python3.12/site-packages/airflow/example_dags/example_branch_datetime_operator.py
[2026-09-15T21:30:11.960+0000] {logging_mixin.py:188} INFO - [2026-09-15T21:30:11.960+0000] {dag.py:3089} INFO - Sync 3 DAGs
[2026-09-15T21:30:11.976+0000] {logging_mixin.py:188} INFO - [2026-09-15T21:30:11.976+0000] {dag.py:3947} INFO - Setting next_dagrun for example_branch_datetime_operator to 2026-09-14 00:00:00+00:00, run_after=2026-09-15 00:00:00+00:00
[2026-09-15T21:30:11.980+0000] {logging_mixin.py:188} INFO - [2026-09-15T21:30:11.980+0000] {dag.py:3947} INFO - Setting next_dagrun for example_branch_datetime_operator_2 to 2026-09-14 00:00:00+00:00, run_after=2026-09-15 00:00:00+00:00
[2026-09-15T21:30:11.983+0000] {logging_mixin.py:188} INFO - [2026-09-15T21:30:11.982+0000] {dag.py:3947} INFO - Setting next_dagrun for example_branch_datetime_operator_3 to 2026-09-14 00:00:00+00:00, run_after=2026-09-15 00:00:00+00:00
[2026-09-15T21:30:11.996+0000] {processor.py:183} INFO - Processing /home/airflow/.local/lib/python3.12/site-packages/airflow/example_dags/example_branch_datetime_operator.py took 0.072 seconds
[2026-09-15T21:30:42.131+0000] {processor.py:161} INFO - Started process (PID=4678) to work on /home/airflow/.local/lib/python3.12/site-packages/airflow/example_dags/example_branch_datetime_operator.py
[2026-09-15T21:30:42.133+0000] {processor.py:830} INFO - Processing file /home/airflow/.local/lib/python3.12/site-packages/airflow/example_dags/example_branch_datetime_operator.py for tasks to queue
[2026-09-15T21:30:42.135+0000] {logging_mixin.py:188} INFO - [2026-09-15T21:30:42.134+0000] {dagbag.py:545} INFO - Filling up the DagBag from /home/airflow/.local/lib/python3.12/site-packages/airflow/example_dags/example_branch_datetime_operator.py
[2026-09-15T21:30:42.142+0000] {processor.py:840} INFO - DAG(s) 'example_branch_datetime_operator_3', 'example_branch_datetime_operator_2', 'example_branch_datetime_operator' retrieved from /home/airflow/.local/lib/python3.12/site-packages/airflow/example_dags/example_branch_datetime_operator.py
[2026-09-15T21:30:42.163+0000] {logging_mixin.py:188} INFO - [2026-09-15T21:30:42.163+0000] {dag.py:3089} INFO - Sync 3 DAGs
[2026-09-15T21:30:42.180+0000] {logging_mixin.py:188} INFO - [2026-09-15T21:30:42.180+0000] {dag.py:3947} INFO - Setting next_dagrun for example_branch_datetime_operator to 2026-09-14 00:00:00+00:00, run_after=2026-09-15 00:00:00+00:00
[2026-09-15T21:30:42.184+0000] {logging_mixin.py:188} INFO - [2026-09-15T21:30:42.184+0000] {dag.py:3947} INFO - Setting next_dagrun for example_branch_datetime_operator_2 to 2026-09-14 00:00:00+00:00, run_after=2026-09-15 00:00:00+00:00
[2026-09-15T21:30:42.187+0000] {logging_mixin.py:188} INFO - [2026-09-15T21:30:42.187+0000] {dag.py:3947} INFO - Setting next_dagrun for example_branch_datetime_operator_3 to 2026-09-14 00:00:00+00:00, run_after=2026-09-15 00:00:00+00:00
[2026-09-15T21:30:42.201+0000] {processor.py:183} INFO - Processing /home/airflow/.local/lib/python3.12/site-packages/airflow/example_dags/example_branch_datetime_operator.py took 0.074 seconds
[2026-09-15T21:31:12.748+0000] {processor.py:161} INFO - Started process (PID=4940) to work on /home/airflow/.local/lib/python3.12/site-packages/airflow/example_dags/example_branch_datetime_operator.py
[2026-09-15T21:31:12.749+0000] {processor.py:830} INFO - Processing file /home/airflow/.local/lib/python3.12/site-packages/airflow/example_dags/example_branch_datetime_operator.py for tasks to queue
[2026-09-15T21:31:12.751+0000] {logging_mixin.py:188} INFO - [2026-09-15T21:31:12.751+0000] {dagbag.py:545} INFO - Filling up the DagBag from /home/airflow/.local/lib/python3.12/site-packages/airflow/example_dags/example_branch_datetime_operator.py
[2026-09-15T21:31:12.760+0000] {processor.py:840} INFO - DAG(s) 'example_branch_datetime_operator', 'example_branch_datetime_operator_2', 'example_branch_datetime_operator_3' retrieved from /home/airflow/.local/lib/python3.12/site-packages/airflow/example_dags/example_branch_datetime_operator.py
[2026-09-15T21:31:12.781+0000] {logging_mixin.py:188} INFO - [2026-09-15T21:31:12.781+0000] {dag.py:3089} INFO - Sync 3 DAGs
[2026-09-15T21:31:12.799+0000] {logging_mixin.py:188} INFO - [2026-09-15T21:31:12.799+0000] {dag.py:3947} INFO - Setting next_dagrun for example_branch_datetime_operator to 2026-09-14 00:00:00+00:00, run_after=2026-09-15 00:00:00+00:00
[2026-09-15T21:31:12.803+0000] {logging_mixin.py:188} INFO - [2026-09-15T21:31:12.803+0000] {dag.py:3947} INFO - Setting next_dagrun for example_branch_datetime_operator_2 to 2026-09-14 00:00:00+00:00, run_after=2026-09-15 00:00:00+00:00
[2026-09-15T21:31:12.805+0000] {logging_mixin.py:188} INFO - [2026-09-15T21:31:12.805+0000] {dag.py:3947} INFO - Setting next_dagrun for example_branch_datetime_operator_3 to 2026-09-14 00:00:00+00:00, run_after=2026-09-15 00:00:00+00:00
[2026-09-15T21:31:12.818+0000] {processor.py:183} INFO - Processing /home/airflow/.local/lib/python3.12/site-packages/airflow/example_dags/example_branch_datetime_operator.py took 0.074 seconds
[2026-09-15T21:31:43.404+0000] {processor.py:161} INFO - Started process (PID=5204) to work on /home/airflow/.local/lib/python3.12/site-packages/airflow/example_dags/example_branch_datetime_operator.py
[2026-09-15T21:31:43.405+0000] {processor.py:830} INFO - Processing file /home/airflow/.local/lib/python3.12/site-packages/airflow/example_dags/example_branch_datetime_operator.py for tasks to queue
[2026-09-15T21:31:43.408+0000] {logging_mixin.py:188} INFO - [2026-09-15T21:31:43.408+0000] {dagbag.py:545} INFO - Filling up the DagBag from /home/airflow/.local/lib/python3.12/site-packages/airflow/example_dags/example_branch_datetime_operator.py
[2026-09-15T21:31:43.416+0000] {processor.py:840} INFO - DAG(s) 'example_branch_datetime_operator', 'example_branch_datetime_operator_3', 'example_branch_datetime_operator_2' retrieved from /home/airflow/.local/lib/python3.12/site-packages/airflow/example_dags/example_branch_datetime_operator.py
[2026-09-15T21:31:43.438+0000] {logging_mixin.py:188} INFO - [2026-09-15T21:31:43.437+0000] {dag.py:3089} INFO - Sync 3 DAGs
[2026-09-15T21:31:43.456+0000] {logging_mixin.py:188} INFO - [2026-09-15T21:31:43.456+0000] {dag.py:3947} INFO - Setting next_dagrun for example_branch_datetime_operator to 2026-09-14 00:00:00+00:00, run_after=2026-09-15 00:00:00+00:00
[2026-09-15T21:31:43.461+0000] {logging_mixin.py:188} INFO - [2026-09-15T21:31:43.461+0000] {dag.py:3947} INFO - Setting next_dagrun for example_branch_datetime_operator_2 to 2026-09-14 00:00:00+00:00, run_after=2026-09-15 00:00:00+00:00
[2026-09-15T21:31:43.463+0000] {logging_mixin.py:188} INFO - [2026-09-15T21:31:43.463+0000] {dag.py:3947} INFO - Setting next_dagrun for example_branch_datetime_operator_3 to 2026-09-14 00:00:00+00:00, run_after=2026-09-15 00:00:00+00:00
[2026-09-15T21:31:43.476+0000] {processor.py:183} INFO - Processing /home/airflow/.local/lib/python3.12/site-packages/airflow/example_dags/example_branch_datetime_operator.py took 0.077 seconds
[2026-09-15T21:32:14.063+0000] {processor.py:161} INFO - Started process (PID=5464) to work on /home/airflow/.local/lib/python3.12/site-packages/airflow/example_dags/example_branch_datetime_operator.py
[2026-09-15T21:32:14.064+0000] {processor.py:830} INFO - Processing file /home/airflow/.local/lib/python3.12/site-packages/airflow/example_dags/example_branch_datetime_operator.py for tasks to queue
[2026-09-15T21:32:14.065+0000] {logging_mixin.py:188} INFO - [2026-09-15T21:32:14.065+0000] {dagbag.py:545} INFO - Filling up the DagBag from /home/airflow/.local/lib/python3.12/site-packages/airflow/example_dags/example_branch_datetime_operator.py
[2026-09-15T21:32:14.072+0000] {processor.py:840} INFO - DAG(s) 'example_branch_datetime_operator_2', 'example_branch_datetime_operator_3', 'example_branch_datetime_operator' retrieved from /home/airflow/.local/lib/python3.12/site-packages/airflow/example_dags/example_branch_datetime_operator.py
[2026-09-15T21:32:14.092+0000] {logging_mixin.py:188} INFO - [2026-09-15T21:32:14.092+0000] {dag.py:3089} INFO - Sync 3 DAGs
[2026-09-15T21:32:14.109+0000] {logging_mixin.py:188} INFO - [2026-09-15T21:32:14.109+0000] {dag.py:3947} INFO - Setting next_dagrun for example_branch_datetime_operator to 2026-09-14 00:00:00+00:00, run_after=2026-09-15 00:00:00+00:00
[2026-09-15T21:32:14.113+0000] {logging_mixin.py:188} INFO - [2026-09-15T21:32:14.113+0000] {dag.py:3947} INFO - Setting next_dagrun for example_branch_datetime_operator_2 to 2026-09-14 00:00:00+00:00, run_after=2026-09-15 00:00:00+00:00
[2026-09-15T21:32:14.115+0000] {logging_mixin.py:188} INFO - [2026-09-15T21:32:14.115+0000] {dag.py:3947} INFO - Setting next_dagrun for example_branch_datetime_operator_3 to 2026-09-14 00:00:00+00:00, run_after=2026-09-15 00:00:00+00:00
[2026-09-15T21:32:14.128+0000] {processor.py:183} INFO - Processing /home/airflow/.local/lib/python3.12/site-packages/airflow/example_dags/example_branch_datetime_operator.py took 0.070 seconds
[2026-09-15T21:32:44.292+0000] {processor.py:161} INFO - Started process (PID=5726) to work on /home/airflow/.local/lib/python3.12/site-packages/airflow/example_dags/example_branch_datetime_operator.py
[2026-09-15T21:32:44.293+0000] {processor.py:830} INFO - Processing file /home/airflow/.local/lib/python3.12/site-packages/airflow/example_dags/example_branch_datetime_operator.py for tasks to queue
[2026-09-15T21:32:44.296+0000] {logging_mixin.py:188} INFO - [2026-09-15T21:32:44.296+0000] {dagbag.py:545} INFO - Filling up the DagBag from /home/airflow/.local/lib/python3.12/site-packages/airflow/example_dags/example_branch_datetime_operator.py
[2026-09-15T21:32:44.303+0000] {processor.py:840} INFO - DAG(s) 'example_branch_datetime_operator_3', 'example_branch_datetime_operator_2', 'example_branch_datetime_operator' retrieved from /home/airflow/.local/lib/python3.12/site-packages/airflow/example_dags/example_branch_datetime_operator.py
[2026-09-15T21:32:44.325+0000] {logging_mixin.py:188} INFO - [2026-09-15T21:32:44.324+0000] {dag.py:3089} INFO - Sync 3 DAGs
[2026-09-15T21:32:44.341+0000] {logging_mixin.py:188} INFO - [2026-09-15T21:32:44.341+0000] {dag.py:3947} INFO - Setting next_dagrun for example_branch_datetime_operator to 2026-09-14 00:00:00+00:00, run_after=2026-09-15 00:00:00+00:00
[2026-09-15T21:32:44.346+0000] {logging_mixin.py:188} INFO - [2026-09-15T21:32:44.346+0000] {dag.py:3947} INFO - Setting next_dagrun for example_branch_datetime_operator_2 to 2026-09-14 00:00:00+00:00, run_after=2026-09-15 00:00:00+00:00
[2026-09-15T21:32:44.348+0000] {logging_mixin.py:188} INFO - [2026-09-15T21:32:44.348+0000] {dag.py:3947} INFO - Setting next_dagrun for example_branch_datetime_operator_3 to 2026-09-14 00:00:00+00:00, run_after=2026-09-15 00:00:00+00:00
[2026-09-15T21:32:44.362+0000] {processor.py:183} INFO - Processing /home/airflow/.local/lib/python3.12/site-packages/airflow/example_dags/example_branch_datetime_operator.py took 0.074 seconds
[2026-09-15T21:33:14.562+0000] {processor.py:161} INFO - Started process (PID=5988) to work on /home/airflow/.local/lib/python3.12/site-packages/airflow/example_dags/example_branch_datetime_operator.py
[2026-09-15T21:33:14.563+0000] {processor.py:830} INFO - Processing file /home/airflow/.local/lib/python3.12/site-packages/airflow/example_dags/example_branch_datetime_operator.py for tasks to queue
[2026-09-15T21:33:14.565+0000] {logging_mixin.py:188} INFO - [2026-09-15T21:33:14.565+0000] {dagbag.py:545} INFO - Filling up the DagBag from /home/airflow/.local/lib/python3.12/site-packages/airflow/example_dags/example_branch_datetime_operator.py
[2026-09-15T21:33:14.572+0000] {processor.py:840} INFO - DAG(s) 'example_branch_datetime_operator_3', 'example_branch_datetime_operator_2', 'example_branch_datetime_operator' retrieved from /home/airflow/.local/lib/python3.12/site-packages/airflow/example_dags/example_branch_datetime_operator.py
[2026-09-15T21:33:14.594+0000] {logging_mixin.py:188} INFO - [2026-09-15T21:33:14.593+0000] {dag.py:3089} INFO - Sync 3 DAGs
[2026-09-15T21:33:14.609+0000] {logging_mixin.py:188} INFO - [2026-09-15T21:33:14.609+0000] {dag.py:3947} INFO - Setting next_dagrun for example_branch_datetime_operator to 2026-09-14 00:00:00+00:00, run_after=2026-09-15 00:00:00+00:00
[2026-09-15T21:33:14.612+0000] {logging_mixin.py:188} INFO - [2026-09-15T21:33:14.612+0000] {dag.py:3947} INFO - Setting next_dagrun for example_branch_datetime_operator_2 to 2026-09-14 00:00:00+00:00, run_after=2026-09-15 00:00:00+00:00
[2026-09-15T21:33:14.614+0000] {logging_mixin.py:188} INFO - [2026-09-15T21:33:14.614+0000] {dag.py:3947} INFO - Setting next_dagrun for example_branch_datetime_operator_3 to 2026-09-14 00:00:00+00:00, run_after=2026-09-15 00:00:00+00:00
[2026-09-15T21:33:14.627+0000] {processor.py:183} INFO - Processing /home/airflow/.local/lib/python3.12/site-packages/airflow/example_dags/example_branch_datetime_operator.py took 0.069 seconds
[2026-09-15T21:33:44.795+0000] {processor.py:161} INFO - Started process (PID=6256) to work on /home/airflow/.local/lib/python3.12/site-packages/airflow/example_dags/example_branch_datetime_operator.py
[2026-09-15T21:33:44.796+0000] {processor.py:830} INFO - Processing file /home/airflow/.local/lib/python3.12/site-packages/airflow/example_dags/example_branch_datetime_operator.py for tasks to queue
[2026-09-15T21:33:44.798+0000] {logging_mixin.py:188} INFO - [2026-09-15T21:33:44.798+0000] {dagbag.py:545} INFO - Filling up the DagBag from /home/airflow/.local/lib/python3.12/site-packages/airflow/example_dags/example_branch_datetime_operator.py
[2026-09-15T21:33:44.806+0000] {processor.py:840} INFO - DAG(s) 'example_branch_datetime_operator', 'example_branch_datetime_operator_3', 'example_branch_datetime_operator_2' retrieved from /home/airflow/.local/lib/python3.12/site-packages/airflow/example_dags/example_branch_datetime_operator.py
[2026-09-15T21:33:44.827+0000] {logging_mixin.py:188} INFO - [2026-09-15T21:33:44.827+0000] {dag.py:3089} INFO - Sync 3 DAGs
[2026-09-15T21:33:44.846+0000] {logging_mixin.py:188} INFO - [2026-09-15T21:33:44.846+0000] {dag.py:3947} INFO - Setting next_dagrun for example_branch_datetime_operator to 2026-09-14 00:00:00+00:00, run_after=2026-09-15 00:00:00+00:00
[2026-09-15T21:33:44.849+0000] {logging_mixin.py:188} INFO - [2026-09-15T21:33:44.849+0000] {dag.py:3947} INFO - Setting next_dagrun for example_branch_datetime_operator_2 to 2026-09-14 00:00:00+00:00, run_after=2026-09-15 00:00:00+00:00
[2026-09-15T21:33:44.851+0000] {logging_mixin.py:188} INFO - [2026-09-15T21:33:44.851+0000] {dag.py:3947} INFO - Setting next_dagrun for example_branch_datetime_operator_3 to 2026-09-14 00:00:00+00:00, run_after=2026-09-15 00:00:00+00:00
[2026-09-15T21:33:44.866+0000] {processor.py:183} INFO - Processing /home/airflow/.local/lib/python3.12/site-packages/airflow/example_dags/example_branch_datetime_operator.py took 0.076 seconds
[2026-09-15T21:34:15.093+0000] {processor.py:161} INFO - Started process (PID=6516) to work on /home/airflow/.local/lib/python3.12/site-packages/airflow/example_dags/example_branch_datetime_operator.py
[2026-09-15T21:34:15.094+0000] {processor.py:830} INFO - Processing file /home/airflow/.local/lib/python3.12/site-packages/airflow/example_dags/example_branch_datetime_operator.py for tasks to queue
[2026-09-15T21:34:15.096+0000] {logging_mixin.py:188} INFO - [2026-09-15T21:34:15.096+0000] {dagbag.py:545} INFO - Filling up the DagBag from /home/airflow/.local/lib/python3.12/site-packages/airflow/example_dags/example_branch_datetime_operator.py
[2026-09-15T21:34:15.104+0000] {processor.py:840} INFO - DAG(s) 'example_branch_datetime_operator_2', 'example_branch_datetime_operator_3', 'example_branch_datetime_operator' retrieved from /home/airflow/.local/lib/python3.12/site-packages/airflow/example_dags/example_branch_datetime_operator.py
[2026-09-15T21:34:15.126+0000] {logging_mixin.py:188} INFO - [2026-09-15T21:34:15.126+0000] {dag.py:3089} INFO - Sync 3 DAGs
[2026-09-15T21:34:15.144+0000] {logging_mixin.py:188} INFO - [2026-09-15T21:34:15.144+0000] {dag.py:3947} INFO - Setting next_dagrun for example_branch_datetime_operator to 2026-09-14 00:00:00+00:00, run_after=2026-09-15 00:00:00+00:00
[2026-09-15T21:34:15.148+0000] {logging_mixin.py:188} INFO - [2026-09-15T21:34:15.148+0000] {dag.py:3947} INFO - Setting next_dagrun for example_branch_datetime_operator_2 to 2026-09-14 00:00:00+00:00, run_after=2026-09-15 00:00:00+00:00
[2026-09-15T21:34:15.150+0000] {logging_mixin.py:188} INFO - [2026-09-15T21:34:15.150+0000] {dag.py:3947} INFO - Setting next_dagrun for example_branch_datetime_operator_3 to 2026-09-14 00:00:00+00:00, run_after=2026-09-15 00:00:00+00:00
[2026-09-15T21:34:15.164+0000] {processor.py:183} INFO - Processing /home/airflow/.local/lib/python3.12/site-packages/airflow/example_dags/example_branch_datetime_operator.py took 0.075 seconds
[2026-09-15T21:34:45.616+0000] {processor.py:161} INFO - Started process (PID=6778) to work on /home/airflow/.local/lib/python3.12/site-packages/airflow/example_dags/example_branch_datetime_operator.py
[2026-09-15T21:34:45.617+0000] {processor.py:830} INFO - Processing file /home/airflow/.local/lib/python3.12/site-packages/airflow/example_dags/example_branch_datetime_operator.py for tasks to queue
[2026-09-15T21:34:45.619+0000] {logging_mixin.py:188} INFO - [2026-09-15T21:34:45.619+0000] {dagbag.py:545} INFO - Filling up the DagBag from /home/airflow/.local/lib/python3.12/site-packages/airflow/example_dags/example_branch_datetime_operator.py
[2026-09-15T21:34:45.626+0000] {processor.py:840} INFO - DAG(s) 'example_branch_datetime_operator_2', 'example_branch_datetime_operator_3', 'example_branch_datetime_operator' retrieved from /home/airflow/.local/lib/python3.12/site-packages/airflow/example_dags/example_branch_datetime_operator.py
[2026-09-15T21:34:45.649+0000] {logging_mixin.py:188} INFO - [2026-09-15T21:34:45.648+0000] {dag.py:3089} INFO - Sync 3 DAGs
[2026-09-15T21:34:45.665+0000] {logging_mixin.py:188} INFO - [2026-09-15T21:34:45.665+0000] {dag.py:3947} INFO - Setting next_dagrun for example_branch_datetime_operator to 2026-09-14 00:00:00+00:00, run_after=2026-09-15 00:00:00+00:00
[2026-09-15T21:34:45.668+0000] {logging_mixin.py:188} INFO - [2026-09-15T21:34:45.668+0000] {dag.py:3947} INFO - Setting next_dagrun for example_branch_datetime_operator_2 to 2026-09-14 00:00:00+00:00, run_after=2026-09-15 00:00:00+00:00
[2026-09-15T21:34:45.670+0000] {logging_mixin.py:188} INFO - [2026-09-15T21:34:45.670+0000] {dag.py:3947} INFO - Setting next_dagrun for example_branch_datetime_operator_3 to 2026-09-14 00:00:00+00:00, run_after=2026-09-15 00:00:00+00:00
[2026-09-15T21:34:45.685+0000] {processor.py:183} INFO - Processing /home/airflow/.local/lib/python3.12/site-packages/airflow/example_dags/example_branch_datetime_operator.py took 0.073 seconds
[2026-09-15T21:35:15.905+0000] {processor.py:161} INFO - Started process (PID=7044) to work on /home/airflow/.local/lib/python3.12/site-packages/airflow/example_dags/example_branch_datetime_operator.py
[2026-09-15T21:35:15.907+0000] {processor.py:830} INFO - Processing file /home/airflow/.local/lib/python3.12/site-packages/airflow/example_dags/example_branch_datetime_operator.py for tasks to queue
[2026-09-15T21:35:15.909+0000] {logging_mixin.py:188} INFO - [2026-09-15T21:35:15.909+0000] {dagbag.py:545} INFO - Filling up the DagBag from /home/airflow/.local/lib/python3.12/site-packages/airflow/example_dags/example_branch_datetime_operator.py
[2026-09-15T21:35:15.917+0000] {processor.py:840} INFO - DAG(s) 'example_branch_datetime_operator_2', 'example_branch_datetime_operator', 'example_branch_datetime_operator_3' retrieved from /home/airflow/.local/lib/python3.12/site-packages/airflow/example_dags/example_branch_datetime_operator.py
[2026-09-15T21:35:15.938+0000] {logging_mixin.py:188} INFO - [2026-09-15T21:35:15.938+0000] {dag.py:3089} INFO - Sync 3 DAGs
[2026-09-15T21:35:15.964+0000] {logging_mixin.py:188} INFO - [2026-09-15T21:35:15.964+0000] {dag.py:3947} INFO - Setting next_dagrun for example_branch_datetime_operator to 2026-09-14 00:00:00+00:00, run_after=2026-09-15 00:00:00+00:00
[2026-09-15T21:35:15.970+0000] {logging_mixin.py:188} INFO - [2026-09-15T21:35:15.970+0000] {dag.py:3947} INFO - Setting next_dagrun for example_branch_datetime_operator_2 to 2026-09-14 00:00:00+00:00, run_after=2026-09-15 00:00:00+00:00
[2026-09-15T21:35:15.974+0000] {logging_mixin.py:188} INFO - [2026-09-15T21:35:15.973+0000] {dag.py:3947} INFO - Setting next_dagrun for example_branch_datetime_operator_3 to 2026-09-14 00:00:00+00:00, run_after=2026-09-15 00:00:00+00:00
[2026-09-15T21:35:15.992+0000] {processor.py:183} INFO - Processing /home/airflow/.local/lib/python3.12/site-packages/airflow/example_dags/example_branch_datetime_operator.py took 0.091 seconds
[2026-09-15T21:35:46.367+0000] {processor.py:161} INFO - Started process (PID=7306) to work on /home/airflow/.local/lib/python3.12/site-packages/airflow/example_dags/example_branch_datetime_operator.py
[2026-09-15T21:35:46.368+0000] {processor.py:830} INFO - Processing file /home/airflow/.local/lib/python3.12/site-packages/airflow/example_dags/example_branch_datetime_operator.py for tasks to queue
[2026-09-15T21:35:46.370+0000] {logging_mixin.py:188} INFO - [2026-09-15T21:35:46.370+0000] {dagbag.py:545} INFO - Filling up the DagBag from /home/airflow/.local/lib/python3.12/site-packages/airflow/example_dags/example_branch_datetime_operator.py
[2026-09-15T21:35:46.377+0000] {processor.py:840} INFO - DAG(s) 'example_branch_datetime_operator_3', 'example_branch_datetime_operator_2', 'example_branch_datetime_operator' retrieved from /home/airflow/.local/lib/python3.12/site-packages/airflow/example_dags/example_branch_datetime_operator.py
[2026-09-15T21:35:46.397+0000] {logging_mixin.py:188} INFO - [2026-09-15T21:35:46.397+0000] {dag.py:3089} INFO - Sync 3 DAGs
[2026-09-15T21:35:46.412+0000] {logging_mixin.py:188} INFO - [2026-09-15T21:35:46.412+0000] {dag.py:3947} INFO - Setting next_dagrun for example_branch_datetime_operator to 2026-09-14 00:00:00+00:00, run_after=2026-09-15 00:00:00+00:00
[2026-09-15T21:35:46.416+0000] {logging_mixin.py:188} INFO - [2026-09-15T21:35:46.416+0000] {dag.py:3947} INFO - Setting next_dagrun for example_branch_datetime_operator_2 to 2026-09-14 00:00:00+00:00, run_after=2026-09-15 00:00:00+00:00
[2026-09-15T21:35:46.418+0000] {logging_mixin.py:188} INFO - [2026-09-15T21:35:46.418+0000] {dag.py:3947} INFO - Setting next_dagrun for example_branch_datetime_operator_3 to 2026-09-14 00:00:00+00:00, run_after=2026-09-15 00:00:00+00:00
[2026-09-15T21:35:46.431+0000] {processor.py:183} INFO - Processing /home/airflow/.local/lib/python3.12/site-packages/airflow/example_dags/example_branch_datetime_operator.py took 0.068 seconds
[2026-09-15T21:36:16.537+0000] {processor.py:161} INFO - Started process (PID=7568) to work on /home/airflow/.local/lib/python3.12/site-packages/airflow/example_dags/example_branch_datetime_operator.py
[2026-09-15T21:36:16.538+0000] {processor.py:830} INFO - Processing file /home/airflow/.local/lib/python3.12/site-packages/airflow/example_dags/example_branch_datetime_operator.py for tasks to queue
[2026-09-15T21:36:16.540+0000] {logging_mixin.py:188} INFO - [2026-09-15T21:36:16.540+0000] {dagbag.py:545} INFO - Filling up the DagBag from /home/airflow/.local/lib/python3.12/site-packages/airflow/example_dags/example_branch_datetime_operator.py
[2026-09-15T21:36:16.547+0000] {processor.py:840} INFO - DAG(s) 'example_branch_datetime_operator', 'example_branch_datetime_operator_2', 'example_branch_datetime_operator_3' retrieved from /home/airflow/.local/lib/python3.12/site-packages/airflow/example_dags/example_branch_datetime_operator.py
[2026-09-15T21:36:16.568+0000] {logging_mixin.py:188} INFO - [2026-09-15T21:36:16.568+0000] {dag.py:3089} INFO - Sync 3 DAGs
[2026-09-15T21:36:16.585+0000] {logging_mixin.py:188} INFO - [2026-09-15T21:36:16.585+0000] {dag.py:3947} INFO - Setting next_dagrun for example_branch_datetime_operator to 2026-09-14 00:00:00+00:00, run_after=2026-09-15 00:00:00+00:00
[2026-09-15T21:36:16.589+0000] {logging_mixin.py:188} INFO - [2026-09-15T21:36:16.588+0000] {dag.py:3947} INFO - Setting next_dagrun for example_branch_datetime_operator_2 to 2026-09-14 00:00:00+00:00, run_after=2026-09-15 00:00:00+00:00
[2026-09-15T21:36:16.591+0000] {logging_mixin.py:188} INFO - [2026-09-15T21:36:16.591+0000] {dag.py:3947} INFO - Setting next_dagrun for example_branch_datetime_operator_3 to 2026-09-14 00:00:00+00:00, run_after=2026-09-15 00:00:00+00:00
[2026-09-15T21:36:16.603+0000] {processor.py:183} INFO - Processing /home/airflow/.local/lib/python3.12/site-packages/airflow/example_dags/example_branch_datetime_operator.py took 0.070 seconds
[2026-09-15T21:36:46.657+0000] {processor.py:161} INFO - Started process (PID=7830) to work on /home/airflow/.local/lib/python3.12/site-packages/airflow/example_dags/example_branch_datetime_operator.py
[2026-09-15T21:36:46.658+0000] {processor.py:830} INFO - Processing file /home/airflow/.local/lib/python3.12/site-packages/airflow/example_dags/example_branch_datetime_operator.py for tasks to queue
[2026-09-15T21:36:46.660+0000] {logging_mixin.py:188} INFO - [2026-09-15T21:36:46.659+0000] {dagbag.py:545} INFO - Filling up the DagBag from /home/airflow/.local/lib/python3.12/site-packages/airflow/example_dags/example_branch_datetime_operator.py
[2026-09-15T21:36:46.666+0000] {processor.py:840} INFO - DAG(s) 'example_branch_datetime_operator_3', 'example_branch_datetime_operator_2', 'example_branch_datetime_operator' retrieved from /home/airflow/.local/lib/python3.12/site-packages/airflow/example_dags/example_branch_datetime_operator.py
[2026-09-15T21:36:46.687+0000] {logging_mixin.py:188} INFO - [2026-09-15T21:36:46.687+0000] {dag.py:3089} INFO - Sync 3 DAGs
[2026-09-15T21:36:46.703+0000] {logging_mixin.py:188} INFO - [2026-09-15T21:36:46.703+0000] {dag.py:3947} INFO - Setting next_dagrun for example_branch_datetime_operator to 2026-09-14 00:00:00+00:00, run_after=2026-09-15 00:00:00+00:00
[2026-09-15T21:36:46.707+0000] {logging_mixin.py:188} INFO - [2026-09-15T21:36:46.707+0000] {dag.py:3947} INFO - Setting next_dagrun for example_branch_datetime_operator_2 to 2026-09-14 00:00:00+00:00, run_after=2026-09-15 00:00:00+00:00
[2026-09-15T21:36:46.709+0000] {logging_mixin.py:188} INFO - [2026-09-15T21:36:46.709+0000] {dag.py:3947} INFO - Setting next_dagrun for example_branch_datetime_operator_3 to 2026-09-14 00:00:00+00:00, run_after=2026-09-15 00:00:00+00:00
[2026-09-15T21:36:46.722+0000] {processor.py:183} INFO - Processing /home/airflow/.local/lib/python3.12/site-packages/airflow/example_dags/example_branch_datetime_operator.py took 0.069 seconds
[2026-09-15T21:37:17.083+0000] {processor.py:161} INFO - Started process (PID=8092) to work on /home/airflow/.local/lib/python3.12/site-packages/airflow/example_dags/example_branch_datetime_operator.py
[2026-09-15T21:37:17.084+0000] {processor.py:830} INFO - Processing file /home/airflow/.local/lib/python3.12/site-packages/airflow/example_dags/example_branch_datetime_operator.py for tasks to queue
[2026-09-15T21:37:17.086+0000] {logging_mixin.py:188} INFO - [2026-09-15T21:37:17.085+0000] {dagbag.py:545} INFO - Filling up the DagBag from /home/airflow/.local/lib/python3.12/site-packages/airflow/example_dags/example_branch_datetime_operator.py
[2026-09-15T21:37:17.093+0000] {processor.py:840} INFO - DAG(s) 'example_branch_datetime_operator', 'example_branch_datetime_operator_2', 'example_branch_datetime_operator_3' retrieved from /home/airflow/.local/lib/python3.12/site-packages/airflow/example_dags/example_branch_datetime_operator.py
[2026-09-15T21:37:17.113+0000] {logging_mixin.py:188} INFO - [2026-09-15T21:37:17.113+0000] {dag.py:3089} INFO - Sync 3 DAGs
[2026-09-15T21:37:17.129+0000] {logging_mixin.py:188} INFO - [2026-09-15T21:37:17.129+0000] {dag.py:3947} INFO - Setting next_dagrun for example_branch_datetime_operator to 2026-09-14 00:00:00+00:00, run_after=2026-09-15 00:00:00+00:00
[2026-09-15T21:37:17.133+0000] {logging_mixin.py:188} INFO - [2026-09-15T21:37:17.133+0000] {dag.py:3947} INFO - Setting next_dagrun for example_branch_datetime_operator_2 to 2026-09-14 00:00:00+00:00, run_after=2026-09-15 00:00:00+00:00
[2026-09-15T21:37:17.135+0000] {logging_mixin.py:188} INFO - [2026-09-15T21:37:17.135+0000] {dag.py:3947} INFO - Setting next_dagrun for example_branch_datetime_operator_3 to 2026-09-14 00:00:00+00:00, run_after=2026-09-15 00:00:00+00:00
[2026-09-15T21:37:17.148+0000] {processor.py:183} INFO - Processing /home/airflow/.local/lib/python3.12/site-packages/airflow/example_dags/example_branch_datetime_operator.py took 0.070 seconds
[2026-09-15T21:37:47.320+0000] {processor.py:161} INFO - Started process (PID=8356) to work on /home/airflow/.local/lib/python3.12/site-packages/airflow/example_dags/example_branch_datetime_operator.py
[2026-09-15T21:37:47.322+0000] {processor.py:830} INFO - Processing file /home/airflow/.local/lib/python3.12/site-packages/airflow/example_dags/example_branch_datetime_operator.py for tasks to queue
[2026-09-15T21:37:47.323+0000] {logging_mixin.py:188} INFO - [2026-09-15T21:37:47.323+0000] {dagbag.py:545} INFO - Filling up the DagBag from /home/airflow/.local/lib/python3.12/site-packages/airflow/example_dags/example_branch_datetime_operator.py
[2026-09-15T21:37:47.330+0000] {processor.py:840} INFO - DAG(s) 'example_branch_datetime_operator_2', 'example_branch_datetime_operator', 'example_branch_datetime_operator_3' retrieved from /home/airflow/.local/lib/python3.12/site-packages/airflow/example_dags/example_branch_datetime_operator.py
[2026-09-15T21:37:47.350+0000] {logging_mixin.py:188} INFO - [2026-09-15T21:37:47.350+0000] {dag.py:3089} INFO - Sync 3 DAGs
[2026-09-15T21:37:47.366+0000] {logging_mixin.py:188} INFO - [2026-09-15T21:37:47.366+0000] {dag.py:3947} INFO - Setting next_dagrun for example_branch_datetime_operator to 2026-09-14 00:00:00+00:00, run_after=2026-09-15 00:00:00+00:00
[2026-09-15T21:37:47.370+0000] {logging_mixin.py:188} INFO - [2026-09-15T21:37:47.370+0000] {dag.py:3947} INFO - Setting next_dagrun for example_branch_datetime_operator_2 to 2026-09-14 00:00:00+00:00, run_after=2026-09-15 00:00:00+00:00
[2026-09-15T21:37:47.372+0000] {logging_mixin.py:188} INFO - [2026-09-15T21:37:47.372+0000] {dag.py:3947} INFO - Setting next_dagrun for example_branch_datetime_operator_3 to 2026-09-14 00:00:00+00:00, run_after=2026-09-15 00:00:00+00:00
[2026-09-15T21:37:47.384+0000] {processor.py:183} INFO - Processing /home/airflow/.local/lib/python3.12/site-packages/airflow/example_dags/example_branch_datetime_operator.py took 0.068 seconds
[2026-09-15T21:38:17.655+0000] {processor.py:161} INFO - Started process (PID=8616) to work on /home/airflow/.local/lib/python3.12/site-packages/airflow/example_dags/example_branch_datetime_operator.py
[2026-09-15T21:38:17.656+0000] {processor.py:830} INFO - Processing file /home/airflow/.local/lib/python3.12/site-packages/airflow/example_dags/example_branch_datetime_operator.py for tasks to queue
[2026-09-15T21:38:17.658+0000] {logging_mixin.py:188} INFO - [2026-09-15T21:38:17.657+0000] {dagbag.py:545} INFO - Filling up the DagBag from /home/airflow/.local/lib/python3.12/site-packages/airflow/example_dags/example_branch_datetime_operator.py
[2026-09-15T21:38:17.665+0000] {processor.py:840} INFO - DAG(s) 'example_branch_datetime_operator_3', 'example_branch_datetime_operator', 'example_branch_datetime_operator_2' retrieved from /home/airflow/.local/lib/python3.12/site-packages/airflow/example_dags/example_branch_datetime_operator.py
[2026-09-15T21:38:17.687+0000] {logging_mixin.py:188} INFO - [2026-09-15T21:38:17.687+0000] {dag.py:3089} INFO - Sync 3 DAGs
[2026-09-15T21:38:17.704+0000] {logging_mixin.py:188} INFO - [2026-09-15T21:38:17.704+0000] {dag.py:3947} INFO - Setting next_dagrun for example_branch_datetime_operator to 2026-09-14 00:00:00+00:00, run_after=2026-09-15 00:00:00+00:00
[2026-09-15T21:38:17.708+0000] {logging_mixin.py:188} INFO - [2026-09-15T21:38:17.708+0000] {dag.py:3947} INFO - Setting next_dagrun for example_branch_datetime_operator_2 to 2026-09-14 00:00:00+00:00, run_after=2026-09-15 00:00:00+00:00
[2026-09-15T21:38:17.710+0000] {logging_mixin.py:188} INFO - [2026-09-15T21:38:17.710+0000] {dag.py:3947} INFO - Setting next_dagrun for example_branch_datetime_operator_3 to 2026-09-14 00:00:00+00:00, run_after=2026-09-15 00:00:00+00:00
[2026-09-15T21:38:17.725+0000] {processor.py:183} INFO - Processing /home/airflow/.local/lib/python3.12/site-packages/airflow/example_dags/example_branch_datetime_operator.py took 0.074 seconds
[2026-09-15T21:38:47.813+0000] {processor.py:161} INFO - Started process (PID=8907) to work on /home/airflow/.local/lib/python3.12/site-packages/airflow/example_dags/example_branch_datetime_operator.py
[2026-09-15T21:38:47.814+0000] {processor.py:830} INFO - Processing file /home/airflow/.local/lib/python3.12/site-packages/airflow/example_dags/example_branch_datetime_operator.py for tasks to queue
[2026-09-15T21:38:47.816+0000] {logging_mixin.py:188} INFO - [2026-09-15T21:38:47.816+0000] {dagbag.py:545} INFO - Filling up the DagBag from /home/airflow/.local/lib/python3.12/site-packages/airflow/example_dags/example_branch_datetime_operator.py
[2026-09-15T21:38:47.824+0000] {processor.py:840} INFO - DAG(s) 'example_branch_datetime_operator', 'example_branch_datetime_operator_3', 'example_branch_datetime_operator_2' retrieved from /home/airflow/.local/lib/python3.12/site-packages/airflow/example_dags/example_branch_datetime_operator.py
[2026-09-15T21:38:47.847+0000] {logging_mixin.py:188} INFO - [2026-09-15T21:38:47.846+0000] {dag.py:3089} INFO - Sync 3 DAGs
[2026-09-15T21:38:47.864+0000] {logging_mixin.py:188} INFO - [2026-09-15T21:38:47.864+0000] {dag.py:3947} INFO - Setting next_dagrun for example_branch_datetime_operator to 2026-09-14 00:00:00+00:00, run_after=2026-09-15 00:00:00+00:00
[2026-09-15T21:38:47.869+0000] {logging_mixin.py:188} INFO - [2026-09-15T21:38:47.869+0000] {dag.py:3947} INFO - Setting next_dagrun for example_branch_datetime_operator_2 to 2026-09-14 00:00:00+00:00, run_after=2026-09-15 00:00:00+00:00
[2026-09-15T21:38:47.871+0000] {logging_mixin.py:188} INFO - [2026-09-15T21:38:47.871+0000] {dag.py:3947} INFO - Setting next_dagrun for example_branch_datetime_operator_3 to 2026-09-14 00:00:00+00:00, run_after=2026-09-15 00:00:00+00:00
[2026-09-15T21:38:47.885+0000] {processor.py:183} INFO - Processing /home/airflow/.local/lib/python3.12/site-packages/airflow/example_dags/example_branch_datetime_operator.py took 0.077 seconds
[2026-09-15T21:39:18.242+0000] {processor.py:161} INFO - Started process (PID=9169) to work on /home/airflow/.local/lib/python3.12/site-packages/airflow/example_dags/example_branch_datetime_operator.py
[2026-09-15T21:39:18.243+0000] {processor.py:830} INFO - Processing file /home/airflow/.local/lib/python3.12/site-packages/airflow/example_dags/example_branch_datetime_operator.py for tasks to queue
[2026-09-15T21:39:18.245+0000] {logging_mixin.py:188} INFO - [2026-09-15T21:39:18.245+0000] {dagbag.py:545} INFO - Filling up the DagBag from /home/airflow/.local/lib/python3.12/site-packages/airflow/example_dags/example_branch_datetime_operator.py
[2026-09-15T21:39:18.252+0000] {processor.py:840} INFO - DAG(s) 'example_branch_datetime_operator', 'example_branch_datetime_operator_3', 'example_branch_datetime_operator_2' retrieved from /home/airflow/.local/lib/python3.12/site-packages/airflow/example_dags/example_branch_datetime_operator.py
[2026-09-15T21:39:18.274+0000] {logging_mixin.py:188} INFO - [2026-09-15T21:39:18.273+0000] {dag.py:3089} INFO - Sync 3 DAGs
[2026-09-15T21:39:18.292+0000] {logging_mixin.py:188} INFO - [2026-09-15T21:39:18.292+0000] {dag.py:3947} INFO - Setting next_dagrun for example_branch_datetime_operator to 2026-09-14 00:00:00+00:00, run_after=2026-09-15 00:00:00+00:00
[2026-09-15T21:39:18.296+0000] {logging_mixin.py:188} INFO - [2026-09-15T21:39:18.296+0000] {dag.py:3947} INFO - Setting next_dagrun for example_branch_datetime_operator_2 to 2026-09-14 00:00:00+00:00, run_after=2026-09-15 00:00:00+00:00
[2026-09-15T21:39:18.298+0000] {logging_mixin.py:188} INFO - [2026-09-15T21:39:18.298+0000] {dag.py:3947} INFO - Setting next_dagrun for example_branch_datetime_operator_3 to 2026-09-14 00:00:00+00:00, run_after=2026-09-15 00:00:00+00:00
[2026-09-15T21:39:18.312+0000] {processor.py:183} INFO - Processing /home/airflow/.local/lib/python3.12/site-packages/airflow/example_dags/example_branch_datetime_operator.py took 0.075 seconds
[2026-09-15T21:39:48.451+0000] {processor.py:161} INFO - Started process (PID=9431) to work on /home/airflow/.local/lib/python3.12/site-packages/airflow/example_dags/example_branch_datetime_operator.py
[2026-09-15T21:39:48.453+0000] {processor.py:830} INFO - Processing file /home/airflow/.local/lib/python3.12/site-packages/airflow/example_dags/example_branch_datetime_operator.py for tasks to queue
[2026-09-15T21:39:48.455+0000] {logging_mixin.py:188} INFO - [2026-09-15T21:39:48.454+0000] {dagbag.py:545} INFO - Filling up the DagBag from /home/airflow/.local/lib/python3.12/site-packages/airflow/example_dags/example_branch_datetime_operator.py
[2026-09-15T21:39:48.462+0000] {processor.py:840} INFO - DAG(s) 'example_branch_datetime_operator_2', 'example_branch_datetime_operator', 'example_branch_datetime_operator_3' retrieved from /home/airflow/.local/lib/python3.12/site-packages/airflow/example_dags/example_branch_datetime_operator.py
[2026-09-15T21:39:48.486+0000] {logging_mixin.py:188} INFO - [2026-09-15T21:39:48.486+0000] {dag.py:3089} INFO - Sync 3 DAGs
[2026-09-15T21:39:48.514+0000] {logging_mixin.py:188} INFO - [2026-09-15T21:39:48.514+0000] {dag.py:3947} INFO - Setting next_dagrun for example_branch_datetime_operator to 2026-09-14 00:00:00+00:00, run_after=2026-09-15 00:00:00+00:00
[2026-09-15T21:39:48.519+0000] {logging_mixin.py:188} INFO - [2026-09-15T21:39:48.519+0000] {dag.py:3947} INFO - Setting next_dagrun for example_branch_datetime_operator_2 to 2026-09-14 00:00:00+00:00, run_after=2026-09-15 00:00:00+00:00
[2026-09-15T21:39:48.522+0000] {logging_mixin.py:188} INFO - [2026-09-15T21:39:48.522+0000] {dag.py:3947} INFO - Setting next_dagrun for example_branch_datetime_operator_3 to 2026-09-14 00:00:00+00:00, run_after=2026-09-15 00:00:00+00:00
[2026-09-15T21:39:48.538+0000] {processor.py:183} INFO - Processing /home/airflow/.local/lib/python3.12/site-packages/airflow/example_dags/example_branch_datetime_operator.py took 0.092 seconds
[2026-09-15T21:40:18.636+0000] {processor.py:161} INFO - Started process (PID=9693) to work on /home/airflow/.local/lib/python3.12/site-packages/airflow/example_dags/example_branch_datetime_operator.py
[2026-09-15T21:40:18.637+0000] {processor.py:830} INFO - Processing file /home/airflow/.local/lib/python3.12/site-packages/airflow/example_dags/example_branch_datetime_operator.py for tasks to queue
[2026-09-15T21:40:18.639+0000] {logging_mixin.py:188} INFO - [2026-09-15T21:40:18.639+0000] {dagbag.py:545} INFO - Filling up the DagBag from /home/airflow/.local/lib/python3.12/site-packages/airflow/example_dags/example_branch_datetime_operator.py
[2026-09-15T21:40:18.646+0000] {processor.py:840} INFO - DAG(s) 'example_branch_datetime_operator_2', 'example_branch_datetime_operator', 'example_branch_datetime_operator_3' retrieved from /home/airflow/.local/lib/python3.12/site-packages/airflow/example_dags/example_branch_datetime_operator.py
[2026-09-15T21:40:18.666+0000] {logging_mixin.py:188} INFO - [2026-09-15T21:40:18.666+0000] {dag.py:3089} INFO - Sync 3 DAGs
[2026-09-15T21:40:18.686+0000] {logging_mixin.py:188} INFO - [2026-09-15T21:40:18.685+0000] {dag.py:3947} INFO - Setting next_dagrun for example_branch_datetime_operator to 2026-09-14 00:00:00+00:00, run_after=2026-09-15 00:00:00+00:00
[2026-09-15T21:40:18.690+0000] {logging_mixin.py:188} INFO - [2026-09-15T21:40:18.690+0000] {dag.py:3947} INFO - Setting next_dagrun for example_branch_datetime_operator_2 to 2026-09-14 00:00:00+00:00, run_after=2026-09-15 00:00:00+00:00
[2026-09-15T21:40:18.692+0000] {logging_mixin.py:188} INFO - [2026-09-15T21:40:18.692+0000] {dag.py:3947} INFO - Setting next_dagrun for example_branch_datetime_operator_3 to 2026-09-14 00:00:00+00:00, run_after=2026-09-15 00:00:00+00:00
[2026-09-15T21:40:18.706+0000] {processor.py:183} INFO - Processing /home/airflow/.local/lib/python3.12/site-packages/airflow/example_dags/example_branch_datetime_operator.py took 0.075 seconds
[2026-09-15T21:40:49.473+0000] {processor.py:161} INFO - Started process (PID=9955) to work on /home/airflow/.local/lib/python3.12/site-packages/airflow/example_dags/example_branch_datetime_operator.py
[2026-09-15T21:40:49.475+0000] {processor.py:830} INFO - Processing file /home/airflow/.local/lib/python3.12/site-packages/airflow/example_dags/example_branch_datetime_operator.py for tasks to queue
[2026-09-15T21:40:49.477+0000] {logging_mixin.py:188} INFO - [2026-09-15T21:40:49.477+0000] {dagbag.py:545} INFO - Filling up the DagBag from /home/airflow/.local/lib/python3.12/site-packages/airflow/example_dags/example_branch_datetime_operator.py
[2026-09-15T21:40:49.489+0000] {processor.py:840} INFO - DAG(s) 'example_branch_datetime_operator_3', 'example_branch_datetime_operator_2', 'example_branch_datetime_operator' retrieved from /home/airflow/.local/lib/python3.12/site-packages/airflow/example_dags/example_branch_datetime_operator.py
[2026-09-15T21:40:49.527+0000] {logging_mixin.py:188} INFO - [2026-09-15T21:40:49.526+0000] {dag.py:3089} INFO - Sync 3 DAGs
[2026-09-15T21:40:49.559+0000] {logging_mixin.py:188} INFO - [2026-09-15T21:40:49.559+0000] {dag.py:3947} INFO - Setting next_dagrun for example_branch_datetime_operator to 2026-09-14 00:00:00+00:00, run_after=2026-09-15 00:00:00+00:00
[2026-09-15T21:40:49.727+0000] {logging_mixin.py:188} INFO - [2026-09-15T21:40:49.727+0000] {dag.py:3947} INFO - Setting next_dagrun for example_branch_datetime_operator_2 to 2026-09-14 00:00:00+00:00, run_after=2026-09-15 00:00:00+00:00
[2026-09-15T21:40:49.730+0000] {logging_mixin.py:188} INFO - [2026-09-15T21:40:49.730+0000] {dag.py:3947} INFO - Setting next_dagrun for example_branch_datetime_operator_3 to 2026-09-14 00:00:00+00:00, run_after=2026-09-15 00:00:00+00:00
[2026-09-15T21:40:49.744+0000] {processor.py:183} INFO - Processing /home/airflow/.local/lib/python3.12/site-packages/airflow/example_dags/example_branch_datetime_operator.py took 0.278 seconds
[2026-09-15T21:41:20.017+0000] {processor.py:161} INFO - Started process (PID=10219) to work on /home/airflow/.local/lib/python3.12/site-packages/airflow/example_dags/example_branch_datetime_operator.py
[2026-09-15T21:41:20.018+0000] {processor.py:830} INFO - Processing file /home/airflow/.local/lib/python3.12/site-packages/airflow/example_dags/example_branch_datetime_operator.py for tasks to queue
[2026-09-15T21:41:20.020+0000] {logging_mixin.py:188} INFO - [2026-09-15T21:41:20.020+0000] {dagbag.py:545} INFO - Filling up the DagBag from /home/airflow/.local/lib/python3.12/site-packages/airflow/example_dags/example_branch_datetime_operator.py
[2026-09-15T21:41:20.027+0000] {processor.py:840} INFO - DAG(s) 'example_branch_datetime_operator_2', 'example_branch_datetime_operator', 'example_branch_datetime_operator_3' retrieved from /home/airflow/.local/lib/python3.12/site-packages/airflow/example_dags/example_branch_datetime_operator.py
[2026-09-15T21:41:20.049+0000] {logging_mixin.py:188} INFO - [2026-09-15T21:41:20.049+0000] {dag.py:3089} INFO - Sync 3 DAGs
[2026-09-15T21:41:20.064+0000] {logging_mixin.py:188} INFO - [2026-09-15T21:41:20.064+0000] {dag.py:3947} INFO - Setting next_dagrun for example_branch_datetime_operator to 2026-09-14 00:00:00+00:00, run_after=2026-09-15 00:00:00+00:00
[2026-09-15T21:41:20.069+0000] {logging_mixin.py:188} INFO - [2026-09-15T21:41:20.069+0000] {dag.py:3947} INFO - Setting next_dagrun for example_branch_datetime_operator_2 to 2026-09-14 00:00:00+00:00, run_after=2026-09-15 00:00:00+00:00
[2026-09-15T21:41:20.072+0000] {logging_mixin.py:188} INFO - [2026-09-15T21:41:20.071+0000] {dag.py:3947} INFO - Setting next_dagrun for example_branch_datetime_operator_3 to 2026-09-14 00:00:00+00:00, run_after=2026-09-15 00:00:00+00:00
[2026-09-15T21:41:20.227+0000] {processor.py:183} INFO - Processing /home/airflow/.local/lib/python3.12/site-packages/airflow/example_dags/example_branch_datetime_operator.py took 0.214 seconds
[2026-09-15T21:41:50.998+0000] {processor.py:161} INFO - Started process (PID=10479) to work on /home/airflow/.local/lib/python3.12/site-packages/airflow/example_dags/example_branch_datetime_operator.py
[2026-09-15T21:41:50.999+0000] {processor.py:830} INFO - Processing file /home/airflow/.local/lib/python3.12/site-packages/airflow/example_dags/example_branch_datetime_operator.py for tasks to queue
[2026-09-15T21:41:51.001+0000] {logging_mixin.py:188} INFO - [2026-09-15T21:41:51.001+0000] {dagbag.py:545} INFO - Filling up the DagBag from /home/airflow/.local/lib/python3.12/site-packages/airflow/example_dags/example_branch_datetime_operator.py
[2026-09-15T21:41:51.009+0000] {processor.py:840} INFO - DAG(s) 'example_branch_datetime_operator_3', 'example_branch_datetime_operator_2', 'example_branch_datetime_operator' retrieved from /home/airflow/.local/lib/python3.12/site-packages/airflow/example_dags/example_branch_datetime_operator.py
[2026-09-15T21:41:51.030+0000] {logging_mixin.py:188} INFO - [2026-09-15T21:41:51.030+0000] {dag.py:3089} INFO - Sync 3 DAGs
[2026-09-15T21:41:51.049+0000] {logging_mixin.py:188} INFO - [2026-09-15T21:41:51.049+0000] {dag.py:3947} INFO - Setting next_dagrun for example_branch_datetime_operator to 2026-09-14 00:00:00+00:00, run_after=2026-09-15 00:00:00+00:00
[2026-09-15T21:41:51.054+0000] {logging_mixin.py:188} INFO - [2026-09-15T21:41:51.054+0000] {dag.py:3947} INFO - Setting next_dagrun for example_branch_datetime_operator_2 to 2026-09-14 00:00:00+00:00, run_after=2026-09-15 00:00:00+00:00
[2026-09-15T21:41:51.058+0000] {logging_mixin.py:188} INFO - [2026-09-15T21:41:51.058+0000] {dag.py:3947} INFO - Setting next_dagrun for example_branch_datetime_operator_3 to 2026-09-14 00:00:00+00:00, run_after=2026-09-15 00:00:00+00:00
[2026-09-15T21:41:51.074+0000] {processor.py:183} INFO - Processing /home/airflow/.local/lib/python3.12/site-packages/airflow/example_dags/example_branch_datetime_operator.py took 0.080 seconds
[2026-09-15T21:42:21.268+0000] {processor.py:161} INFO - Started process (PID=10741) to work on /home/airflow/.local/lib/python3.12/site-packages/airflow/example_dags/example_branch_datetime_operator.py
[2026-09-15T21:42:21.270+0000] {processor.py:830} INFO - Processing file /home/airflow/.local/lib/python3.12/site-packages/airflow/example_dags/example_branch_datetime_operator.py for tasks to queue
[2026-09-15T21:42:21.272+0000] {logging_mixin.py:188} INFO - [2026-09-15T21:42:21.271+0000] {dagbag.py:545} INFO - Filling up the DagBag from /home/airflow/.local/lib/python3.12/site-packages/airflow/example_dags/example_branch_datetime_operator.py
[2026-09-15T21:42:21.280+0000] {processor.py:840} INFO - DAG(s) 'example_branch_datetime_operator_3', 'example_branch_datetime_operator', 'example_branch_datetime_operator_2' retrieved from /home/airflow/.local/lib/python3.12/site-packages/airflow/example_dags/example_branch_datetime_operator.py
[2026-09-15T21:42:21.307+0000] {logging_mixin.py:188} INFO - [2026-09-15T21:42:21.307+0000] {dag.py:3089} INFO - Sync 3 DAGs
[2026-09-15T21:42:21.327+0000] {logging_mixin.py:188} INFO - [2026-09-15T21:42:21.327+0000] {dag.py:3947} INFO - Setting next_dagrun for example_branch_datetime_operator to 2026-09-14 00:00:00+00:00, run_after=2026-09-15 00:00:00+00:00
[2026-09-15T21:42:21.332+0000] {logging_mixin.py:188} INFO - [2026-09-15T21:42:21.332+0000] {dag.py:3947} INFO - Setting next_dagrun for example_branch_datetime_operator_2 to 2026-09-14 00:00:00+00:00, run_after=2026-09-15 00:00:00+00:00
[2026-09-15T21:42:21.334+0000] {logging_mixin.py:188} INFO - [2026-09-15T21:42:21.334+0000] {dag.py:3947} INFO - Setting next_dagrun for example_branch_datetime_operator_3 to 2026-09-14 00:00:00+00:00, run_after=2026-09-15 00:00:00+00:00
[2026-09-15T21:42:21.350+0000] {processor.py:183} INFO - Processing /home/airflow/.local/lib/python3.12/site-packages/airflow/example_dags/example_branch_datetime_operator.py took 0.086 seconds
[2026-09-15T21:42:52.108+0000] {processor.py:161} INFO - Started process (PID=11003) to work on /home/airflow/.local/lib/python3.12/site-packages/airflow/example_dags/example_branch_datetime_operator.py
[2026-09-15T21:42:52.109+0000] {processor.py:830} INFO - Processing file /home/airflow/.local/lib/python3.12/site-packages/airflow/example_dags/example_branch_datetime_operator.py for tasks to queue
[2026-09-15T21:42:52.111+0000] {logging_mixin.py:188} INFO - [2026-09-15T21:42:52.111+0000] {dagbag.py:545} INFO - Filling up the DagBag from /home/airflow/.local/lib/python3.12/site-packages/airflow/example_dags/example_branch_datetime_operator.py
[2026-09-15T21:42:52.118+0000] {processor.py:840} INFO - DAG(s) 'example_branch_datetime_operator_3', 'example_branch_datetime_operator_2', 'example_branch_datetime_operator' retrieved from /home/airflow/.local/lib/python3.12/site-packages/airflow/example_dags/example_branch_datetime_operator.py
[2026-09-15T21:42:52.139+0000] {logging_mixin.py:188} INFO - [2026-09-15T21:42:52.139+0000] {dag.py:3089} INFO - Sync 3 DAGs
[2026-09-15T21:42:52.155+0000] {logging_mixin.py:188} INFO - [2026-09-15T21:42:52.154+0000] {dag.py:3947} INFO - Setting next_dagrun for example_branch_datetime_operator to 2026-09-14 00:00:00+00:00, run_after=2026-09-15 00:00:00+00:00
[2026-09-15T21:42:52.159+0000] {logging_mixin.py:188} INFO - [2026-09-15T21:42:52.159+0000] {dag.py:3947} INFO - Setting next_dagrun for example_branch_datetime_operator_2 to 2026-09-14 00:00:00+00:00, run_after=2026-09-15 00:00:00+00:00
[2026-09-15T21:42:52.162+0000] {logging_mixin.py:188} INFO - [2026-09-15T21:42:52.162+0000] {dag.py:3947} INFO - Setting next_dagrun for example_branch_datetime_operator_3 to 2026-09-14 00:00:00+00:00, run_after=2026-09-15 00:00:00+00:00
[2026-09-15T21:42:52.175+0000] {processor.py:183} INFO - Processing /home/airflow/.local/lib/python3.12/site-packages/airflow/example_dags/example_branch_datetime_operator.py took 0.071 seconds
[2026-09-15T21:43:22.895+0000] {processor.py:161} INFO - Started process (PID=11265) to work on /home/airflow/.local/lib/python3.12/site-packages/airflow/example_dags/example_branch_datetime_operator.py
[2026-09-15T21:43:22.896+0000] {processor.py:830} INFO - Processing file /home/airflow/.local/lib/python3.12/site-packages/airflow/example_dags/example_branch_datetime_operator.py for tasks to queue
[2026-09-15T21:43:22.898+0000] {logging_mixin.py:188} INFO - [2026-09-15T21:43:22.898+0000] {dagbag.py:545} INFO - Filling up the DagBag from /home/airflow/.local/lib/python3.12/site-packages/airflow/example_dags/example_branch_datetime_operator.py
[2026-09-15T21:43:22.905+0000] {processor.py:840} INFO - DAG(s) 'example_branch_datetime_operator_3', 'example_branch_datetime_operator', 'example_branch_datetime_operator_2' retrieved from /home/airflow/.local/lib/python3.12/site-packages/airflow/example_dags/example_branch_datetime_operator.py
[2026-09-15T21:43:22.928+0000] {logging_mixin.py:188} INFO - [2026-09-15T21:43:22.928+0000] {dag.py:3089} INFO - Sync 3 DAGs
[2026-09-15T21:43:22.946+0000] {logging_mixin.py:188} INFO - [2026-09-15T21:43:22.946+0000] {dag.py:3947} INFO - Setting next_dagrun for example_branch_datetime_operator to 2026-09-14 00:00:00+00:00, run_after=2026-09-15 00:00:00+00:00
[2026-09-15T21:43:22.950+0000] {logging_mixin.py:188} INFO - [2026-09-15T21:43:22.950+0000] {dag.py:3947} INFO - Setting next_dagrun for example_branch_datetime_operator_2 to 2026-09-14 00:00:00+00:00, run_after=2026-09-15 00:00:00+00:00
[2026-09-15T21:43:22.952+0000] {logging_mixin.py:188} INFO - [2026-09-15T21:43:22.952+0000] {dag.py:3947} INFO - Setting next_dagrun for example_branch_datetime_operator_3 to 2026-09-14 00:00:00+00:00, run_after=2026-09-15 00:00:00+00:00
[2026-09-15T21:43:22.968+0000] {processor.py:183} INFO - Processing /home/airflow/.local/lib/python3.12/site-packages/airflow/example_dags/example_branch_datetime_operator.py took 0.076 seconds
[2026-09-15T21:43:53.123+0000] {processor.py:161} INFO - Started process (PID=11527) to work on /home/airflow/.local/lib/python3.12/site-packages/airflow/example_dags/example_branch_datetime_operator.py
[2026-09-15T21:43:53.123+0000] {processor.py:830} INFO - Processing file /home/airflow/.local/lib/python3.12/site-packages/airflow/example_dags/example_branch_datetime_operator.py for tasks to queue
[2026-09-15T21:43:53.126+0000] {logging_mixin.py:188} INFO - [2026-09-15T21:43:53.125+0000] {dagbag.py:545} INFO - Filling up the DagBag from /home/airflow/.local/lib/python3.12/site-packages/airflow/example_dags/example_branch_datetime_operator.py
[2026-09-15T21:43:53.133+0000] {processor.py:840} INFO - DAG(s) 'example_branch_datetime_operator_3', 'example_branch_datetime_operator', 'example_branch_datetime_operator_2' retrieved from /home/airflow/.local/lib/python3.12/site-packages/airflow/example_dags/example_branch_datetime_operator.py
[2026-09-15T21:43:53.154+0000] {logging_mixin.py:188} INFO - [2026-09-15T21:43:53.154+0000] {dag.py:3089} INFO - Sync 3 DAGs
[2026-09-15T21:43:53.170+0000] {logging_mixin.py:188} INFO - [2026-09-15T21:43:53.170+0000] {dag.py:3947} INFO - Setting next_dagrun for example_branch_datetime_operator to 2026-09-14 00:00:00+00:00, run_after=2026-09-15 00:00:00+00:00
[2026-09-15T21:43:53.174+0000] {logging_mixin.py:188} INFO - [2026-09-15T21:43:53.174+0000] {dag.py:3947} INFO - Setting next_dagrun for example_branch_datetime_operator_2 to 2026-09-14 00:00:00+00:00, run_after=2026-09-15 00:00:00+00:00
[2026-09-15T21:43:53.176+0000] {logging_mixin.py:188} INFO - [2026-09-15T21:43:53.176+0000] {dag.py:3947} INFO - Setting next_dagrun for example_branch_datetime_operator_3 to 2026-09-14 00:00:00+00:00, run_after=2026-09-15 00:00:00+00:00
[2026-09-15T21:43:53.189+0000] {processor.py:183} INFO - Processing /home/airflow/.local/lib/python3.12/site-packages/airflow/example_dags/example_branch_datetime_operator.py took 0.070 seconds
[2026-09-15T21:44:23.353+0000] {processor.py:161} INFO - Started process (PID=11789) to work on /home/airflow/.local/lib/python3.12/site-packages/airflow/example_dags/example_branch_datetime_operator.py
[2026-09-15T21:44:23.355+0000] {processor.py:830} INFO - Processing file /home/airflow/.local/lib/python3.12/site-packages/airflow/example_dags/example_branch_datetime_operator.py for tasks to queue
[2026-09-15T21:44:23.356+0000] {logging_mixin.py:188} INFO - [2026-09-15T21:44:23.356+0000] {dagbag.py:545} INFO - Filling up the DagBag from /home/airflow/.local/lib/python3.12/site-packages/airflow/example_dags/example_branch_datetime_operator.py
[2026-09-15T21:44:23.363+0000] {processor.py:840} INFO - DAG(s) 'example_branch_datetime_operator_2', 'example_branch_datetime_operator', 'example_branch_datetime_operator_3' retrieved from /home/airflow/.local/lib/python3.12/site-packages/airflow/example_dags/example_branch_datetime_operator.py
[2026-09-15T21:44:23.384+0000] {logging_mixin.py:188} INFO - [2026-09-15T21:44:23.383+0000] {dag.py:3089} INFO - Sync 3 DAGs
[2026-09-15T21:44:23.401+0000] {logging_mixin.py:188} INFO - [2026-09-15T21:44:23.401+0000] {dag.py:3947} INFO - Setting next_dagrun for example_branch_datetime_operator to 2026-09-14 00:00:00+00:00, run_after=2026-09-15 00:00:00+00:00
[2026-09-15T21:44:23.405+0000] {logging_mixin.py:188} INFO - [2026-09-15T21:44:23.405+0000] {dag.py:3947} INFO - Setting next_dagrun for example_branch_datetime_operator_2 to 2026-09-14 00:00:00+00:00, run_after=2026-09-15 00:00:00+00:00
[2026-09-15T21:44:23.407+0000] {logging_mixin.py:188} INFO - [2026-09-15T21:44:23.407+0000] {dag.py:3947} INFO - Setting next_dagrun for example_branch_datetime_operator_3 to 2026-09-14 00:00:00+00:00, run_after=2026-09-15 00:00:00+00:00
[2026-09-15T21:44:23.420+0000] {processor.py:183} INFO - Processing /home/airflow/.local/lib/python3.12/site-packages/airflow/example_dags/example_branch_datetime_operator.py took 0.071 seconds
[2026-09-15T21:44:53.603+0000] {processor.py:161} INFO - Started process (PID=12061) to work on /home/airflow/.local/lib/python3.12/site-packages/airflow/example_dags/example_branch_datetime_operator.py
[2026-09-15T21:44:53.604+0000] {processor.py:830} INFO - Processing file /home/airflow/.local/lib/python3.12/site-packages/airflow/example_dags/example_branch_datetime_operator.py for tasks to queue
[2026-09-15T21:44:53.606+0000] {logging_mixin.py:188} INFO - [2026-09-15T21:44:53.606+0000] {dagbag.py:545} INFO - Filling up the DagBag from /home/airflow/.local/lib/python3.12/site-packages/airflow/example_dags/example_branch_datetime_operator.py
[2026-09-15T21:44:53.612+0000] {processor.py:840} INFO - DAG(s) 'example_branch_datetime_operator_3', 'example_branch_datetime_operator', 'example_branch_datetime_operator_2' retrieved from /home/airflow/.local/lib/python3.12/site-packages/airflow/example_dags/example_branch_datetime_operator.py
[2026-09-15T21:44:53.635+0000] {logging_mixin.py:188} INFO - [2026-09-15T21:44:53.635+0000] {dag.py:3089} INFO - Sync 3 DAGs
[2026-09-15T21:44:53.652+0000] {logging_mixin.py:188} INFO - [2026-09-15T21:44:53.652+0000] {dag.py:3947} INFO - Setting next_dagrun for example_branch_datetime_operator to 2026-09-14 00:00:00+00:00, run_after=2026-09-15 00:00:00+00:00
[2026-09-15T21:44:53.656+0000] {logging_mixin.py:188} INFO - [2026-09-15T21:44:53.656+0000] {dag.py:3947} INFO - Setting next_dagrun for example_branch_datetime_operator_2 to 2026-09-14 00:00:00+00:00, run_after=2026-09-15 00:00:00+00:00
[2026-09-15T21:44:53.658+0000] {logging_mixin.py:188} INFO - [2026-09-15T21:44:53.658+0000] {dag.py:3947} INFO - Setting next_dagrun for example_branch_datetime_operator_3 to 2026-09-14 00:00:00+00:00, run_after=2026-09-15 00:00:00+00:00
[2026-09-15T21:44:53.671+0000] {processor.py:183} INFO - Processing /home/airflow/.local/lib/python3.12/site-packages/airflow/example_dags/example_branch_datetime_operator.py took 0.072 seconds
