[2026-09-15T21:01:00.909+0000] {processor.py:161} INFO - Started process (PID=92) to work on /home/airflow/.local/lib/python3.12/site-packages/airflow/example_dags/tutorial_taskflow_api.py
[2026-09-15T21:01:00.911+0000] {processor.py:830} INFO - Processing file /home/airflow/.local/lib/python3.12/site-packages/airflow/example_dags/tutorial_taskflow_api.py for tasks to queue
[2026-09-15T21:01:00.913+0000] {logging_mixin.py:188} INFO - [2026-09-15T21:01:00.913+0000] {dagbag.py:545} INFO - Filling up the DagBag from /home/airflow/.local/lib/python3.12/site-packages/airflow/example_dags/tutorial_taskflow_api.py
[2026-09-15T21:01:00.921+0000] {processor.py:840} INFO - DAG(s) 'tutorial_taskflow_api' retrieved from /home/airflow/.local/lib/python3.12/site-packages/airflow/example_dags/tutorial_taskflow_api.py
[2026-09-15T21:01:00.935+0000] {logging_mixin.py:188} INFO - [2026-09-15T21:01:00.934+0000] {dag.py:3089} INFO - Sync 1 DAGs
[2026-09-15T21:01:00.949+0000] {logging_mixin.py:188} INFO - [2026-09-15T21:01:00.949+0000] {dag.py:3947} INFO - Setting next_dagrun for tutorial_taskflow_api to None, run_after=None
[2026-09-15T21:01:00.970+0000] {processor.py:183} INFO - Processing /home/airflow/.local/lib/python3.12/site-packages/airflow/example_dags/tutorial_taskflow_api.py took 0.066 seconds
[2026-09-15T21:01:32.388+0000] {processor.py:161} INFO - Started process (PID=150) to work on /home/airflow/.local/lib/python3.12/site-packages/airflow/example_dags/tutorial_taskflow_api.py
[2026-09-15T21:01:32.390+0000] {processor.py:830} INFO - Processing file /home/airflow/.local/lib/python3.12/site-packages/airflow/example_dags/tutorial_taskflow_api.py for tasks to queue
[2026-09-15T21:01:32.391+0000] {logging_mixin.py:188} INFO - [2026-09-15T21:01:32.391+0000] {dagbag.py:545} INFO - Filling up the DagBag from /home/airflow/.local/lib/python3.12/site-packages/airflow/example_dags/tutorial_taskflow_api.py
[2026-09-15T21:01:32.397+0000] {processor.py:840} INFO - DAG(s) 'tutorial_taskflow_api' retrieved from /home/airflow/.local/lib/python3.12/site-packages/airflow/example_dags/tutorial_taskflow_api.py
[2026-09-15T21:01:32.469+0000] {logging_mixin.py:188} INFO - [2026-09-15T21:01:32.469+0000] {dag.py:3089} INFO - Sync 1 DAGs
[2026-09-15T21:01:32.477+0000] {logging_mixin.py:188} INFO - [2026-09-15T21:01:32.477+0000] {dag.py:3947} INFO - Setting next_dagrun for tutorial_taskflow_api to None, run_after=None
[2026-09-15T21:01:32.494+0000] {processor.py:183} INFO - Processing /home/airflow/.local/lib/python3.12/site-packages/airflow/example_dags/tutorial_taskflow_api.py took 0.110 seconds
[2026-09-15T21:02:02.619+0000] {processor.py:161} INFO - Started process (PID=208) to work on /home/airflow/.local/lib/python3.12/site-packages/airflow/example_dags/tutorial_taskflow_api.py
[2026-09-15T21:02:02.621+0000] {processor.py:830} INFO - Processing file /home/airflow/.local/lib/python3.12/site-packages/airflow/example_dags/tutorial_taskflow_api.py for tasks to queue
[2026-09-15T21:02:02.623+0000] {logging_mixin.py:188} INFO - [2026-09-15T21:02:02.622+0000] {dagbag.py:545} INFO - Filling up the DagBag from /home/airflow/.local/lib/python3.12/site-packages/airflow/example_dags/tutorial_taskflow_api.py
[2026-09-15T21:02:02.628+0000] {processor.py:840} INFO - DAG(s) 'tutorial_taskflow_api' retrieved from /home/airflow/.local/lib/python3.12/site-packages/airflow/example_dags/tutorial_taskflow_api.py
[2026-09-15T21:02:02.647+0000] {logging_mixin.py:188} INFO - [2026-09-15T21:02:02.646+0000] {dag.py:3089} INFO - Sync 1 DAGs
[2026-09-15T21:02:02.656+0000] {logging_mixin.py:188} INFO - [2026-09-15T21:02:02.656+0000] {dag.py:3947} INFO - Setting next_dagrun for tutorial_taskflow_api to None, run_after=None
[2026-09-15T21:02:02.675+0000] {processor.py:183} INFO - Processing /home/airflow/.local/lib/python3.12/site-packages/airflow/example_dags/tutorial_taskflow_api.py took 0.061 seconds
[2026-09-15T21:02:33.585+0000] {processor.py:161} INFO - Started process (PID=273) to work on /home/airflow/.local/lib/python3.12/site-packages/airflow/example_dags/tutorial_taskflow_api.py
[2026-09-15T21:02:33.587+0000] {processor.py:830} INFO - Processing file /home/airflow/.local/lib/python3.12/site-packages/airflow/example_dags/tutorial_taskflow_api.py for tasks to queue
[2026-09-15T21:02:33.590+0000] {logging_mixin.py:188} INFO - [2026-09-15T21:02:33.589+0000] {dagbag.py:545} INFO - Filling up the DagBag from /home/airflow/.local/lib/python3.12/site-packages/airflow/example_dags/tutorial_taskflow_api.py
[2026-09-15T21:02:33.597+0000] {processor.py:840} INFO - DAG(s) 'tutorial_taskflow_api' retrieved from /home/airflow/.local/lib/python3.12/site-packages/airflow/example_dags/tutorial_taskflow_api.py
[2026-09-15T21:02:33.618+0000] {logging_mixin.py:188} INFO - [2026-09-15T21:02:33.618+0000] {dag.py:3089} INFO - Sync 1 DAGs
[2026-09-15T21:02:33.629+0000] {logging_mixin.py:188} INFO - [2026-09-15T21:02:33.629+0000] {dag.py:3947} INFO - Setting next_dagrun for tutorial_taskflow_api to None, run_after=None
[2026-09-15T21:02:33.646+0000] {processor.py:183} INFO - Processing /home/airflow/.local/lib/python3.12/site-packages/airflow/example_dags/tutorial_taskflow_api.py took 0.067 seconds
[2026-09-15T21:03:03.890+0000] {processor.py:161} INFO - Started process (PID=331) to work on /home/airflow/.local/lib/python3.12/site-packages/airflow/example_dags/tutorial_taskflow_api.py
[2026-09-15T21:03:03.892+0000] {processor.py:830} INFO - Processing file /home/airflow/.local/lib/python3.12/site-packages/airflow/example_dags/tutorial_taskflow_api.py for tasks to queue
[2026-09-15T21:03:03.894+0000] {logging_mixin.py:188} INFO - [2026-09-15T21:03:03.893+0000] {dagbag.py:545} INFO - Filling up the DagBag from /home/airflow/.local/lib/python3.12/site-packages/airflow/example_dags/tutorial_taskflow_api.py
[2026-09-15T21:03:03.899+0000] {processor.py:840} INFO - DAG(s) 'tutorial_taskflow_api' retrieved from /home/airflow/.local/lib/python3.12/site-packages/airflow/example_dags/tutorial_taskflow_api.py
[2026-09-15T21:03:03.918+0000] {logging_mixin.py:188} INFO - [2026-09-15T21:03:03.917+0000] {dag.py:3089} INFO - Sync 1 DAGs
[2026-09-15T21:03:03.929+0000] {logging_mixin.py:188} INFO - [2026-09-15T21:03:03.929+0000] {dag.py:3947} INFO - Setting next_dagrun for tutorial_taskflow_api to None, run_after=None
[2026-09-15T21:03:03.946+0000] {processor.py:183} INFO - Processing /home/airflow/.local/lib/python3.12/site-packages/airflow/example_dags/tutorial_taskflow_api.py took 0.060 seconds
[2026-09-15T21:03:34.026+0000] {processor.py:161} INFO - Started process (PID=389) to work on /home/airflow/.local/lib/python3.12/site-packages/airflow/example_dags/tutorial_taskflow_api.py
[2026-09-15T21:03:34.027+0000] {processor.py:830} INFO - Processing file /home/airflow/.local/lib/python3.12/site-packages/airflow/example_dags/tutorial_taskflow_api.py for tasks to queue
[2026-09-15T21:03:34.029+0000] {logging_mixin.py:188} INFO - [2026-09-15T21:03:34.029+0000] {dagbag.py:545} INFO - Filling up the DagBag from /home/airflow/.local/lib/python3.12/site-packages/airflow/example_dags/tutorial_taskflow_api.py
[2026-09-15T21:03:34.034+0000] {processor.py:840} INFO - DAG(s) 'tutorial_taskflow_api' retrieved from /home/airflow/.local/lib/python3.12/site-packages/airflow/example_dags/tutorial_taskflow_api.py
[2026-09-15T21:03:34.050+0000] {logging_mixin.py:188} INFO - [2026-09-15T21:03:34.049+0000] {dag.py:3089} INFO - Sync 1 DAGs
[2026-09-15T21:03:34.058+0000] {logging_mixin.py:188} INFO - [2026-09-15T21:03:34.058+0000] {dag.py:3947} INFO - Setting next_dagrun for tutorial_taskflow_api to None, run_after=None
[2026-09-15T21:03:34.072+0000] {processor.py:183} INFO - Processing /home/airflow/.local/lib/python3.12/site-packages/airflow/example_dags/tutorial_taskflow_api.py took 0.050 seconds
[2026-09-15T21:04:04.250+0000] {processor.py:161} INFO - Started process (PID=447) to work on /home/airflow/.local/lib/python3.12/site-packages/airflow/example_dags/tutorial_taskflow_api.py
[2026-09-15T21:04:04.251+0000] {processor.py:830} INFO - Processing file /home/airflow/.local/lib/python3.12/site-packages/airflow/example_dags/tutorial_taskflow_api.py for tasks to queue
[2026-09-15T21:04:04.253+0000] {logging_mixin.py:188} INFO - [2026-09-15T21:04:04.253+0000] {dagbag.py:545} INFO - Filling up the DagBag from /home/airflow/.local/lib/python3.12/site-packages/airflow/example_dags/tutorial_taskflow_api.py
[2026-09-15T21:04:04.259+0000] {processor.py:840} INFO - DAG(s) 'tutorial_taskflow_api' retrieved from /home/airflow/.local/lib/python3.12/site-packages/airflow/example_dags/tutorial_taskflow_api.py
[2026-09-15T21:04:04.274+0000] {logging_mixin.py:188} INFO - [2026-09-15T21:04:04.273+0000] {dag.py:3089} INFO - Sync 1 DAGs
[2026-09-15T21:04:04.283+0000] {logging_mixin.py:188} INFO - [2026-09-15T21:04:04.283+0000] {dag.py:3947} INFO - Setting next_dagrun for tutorial_taskflow_api to None, run_after=None
[2026-09-15T21:04:04.298+0000] {processor.py:183} INFO - Processing /home/airflow/.local/lib/python3.12/site-packages/airflow/example_dags/tutorial_taskflow_api.py took 0.051 seconds
[2026-09-15T21:04:34.363+0000] {processor.py:161} INFO - Started process (PID=505) to work on /home/airflow/.local/lib/python3.12/site-packages/airflow/example_dags/tutorial_taskflow_api.py
[2026-09-15T21:04:34.365+0000] {processor.py:830} INFO - Processing file /home/airflow/.local/lib/python3.12/site-packages/airflow/example_dags/tutorial_taskflow_api.py for tasks to queue
[2026-09-15T21:04:34.367+0000] {logging_mixin.py:188} INFO - [2026-09-15T21:04:34.366+0000] {dagbag.py:545} INFO - Filling up the DagBag from /home/airflow/.local/lib/python3.12/site-packages/airflow/example_dags/tutorial_taskflow_api.py
[2026-09-15T21:04:34.373+0000] {processor.py:840} INFO - DAG(s) 'tutorial_taskflow_api' retrieved from /home/airflow/.local/lib/python3.12/site-packages/airflow/example_dags/tutorial_taskflow_api.py
[2026-09-15T21:04:34.390+0000] {logging_mixin.py:188} INFO - [2026-09-15T21:04:34.389+0000] {dag.py:3089} INFO - Sync 1 DAGs
[2026-09-15T21:04:34.400+0000] {logging_mixin.py:188} INFO - [2026-09-15T21:04:34.400+0000] {dag.py:3947} INFO - Setting next_dagrun for tutorial_taskflow_api to None, run_after=None
[2026-09-15T21:04:34.418+0000] {processor.py:183} INFO - Processing /home/airflow/.local/lib/python3.12/site-packages/airflow/example_dags/tutorial_taskflow_api.py took 0.060 seconds
[2026-09-15T21:05:04.722+0000] {processor.py:161} INFO - Started process (PID=563) to work on /home/airflow/.local/lib/python3.12/site-packages/airflow/example_dags/tutorial_taskflow_api.py
[2026-09-15T21:05:04.724+0000] {processor.py:830} INFO - Processing file /home/airflow/.local/lib/python3.12/site-packages/airflow/example_dags/tutorial_taskflow_api.py for tasks to queue
[2026-09-15T21:05:04.726+0000] {logging_mixin.py:188} INFO - [2026-09-15T21:05:04.726+0000] {dagbag.py:545} INFO - Filling up the DagBag from /home/airflow/.local/lib/python3.12/site-packages/airflow/example_dags/tutorial_taskflow_api.py
[2026-09-15T21:05:04.732+0000] {processor.py:840} INFO - DAG(s) 'tutorial_taskflow_api' retrieved from /home/airflow/.local/lib/python3.12/site-packages/airflow/example_dags/tutorial_taskflow_api.py
[2026-09-15T21:05:04.749+0000] {logging_mixin.py:188} INFO - [2026-09-15T21:05:04.748+0000] {dag.py:3089} INFO - Sync 1 DAGs
[2026-09-15T21:05:04.758+0000] {logging_mixin.py:188} INFO - [2026-09-15T21:05:04.757+0000] {dag.py:3947} INFO - Setting next_dagrun for tutorial_taskflow_api to None, run_after=None
[2026-09-15T21:05:04.771+0000] {processor.py:183} INFO - Processing /home/airflow/.local/lib/python3.12/site-packages/airflow/example_dags/tutorial_taskflow_api.py took 0.054 seconds
[2026-09-15T21:05:35.592+0000] {processor.py:161} INFO - Started process (PID=621) to work on /home/airflow/.local/lib/python3.12/site-packages/airflow/example_dags/tutorial_taskflow_api.py
[2026-09-15T21:05:35.594+0000] {processor.py:830} INFO - Processing file /home/airflow/.local/lib/python3.12/site-packages/airflow/example_dags/tutorial_taskflow_api.py for tasks to queue
[2026-09-15T21:05:35.596+0000] {logging_mixin.py:188} INFO - [2026-09-15T21:05:35.595+0000] {dagbag.py:545} INFO - Filling up the DagBag from /home/airflow/.local/lib/python3.12/site-packages/airflow/example_dags/tutorial_taskflow_api.py
[2026-09-15T21:05:35.602+0000] {processor.py:840} INFO - DAG(s) 'tutorial_taskflow_api' retrieved from /home/airflow/.local/lib/python3.12/site-packages/airflow/example_dags/tutorial_taskflow_api.py
[2026-09-15T21:05:35.619+0000] {logging_mixin.py:188} INFO - [2026-09-15T21:05:35.619+0000] {dag.py:3089} INFO - Sync 1 DAGs
[2026-09-15T21:05:35.629+0000] {logging_mixin.py:188} INFO - [2026-09-15T21:05:35.629+0000] {dag.py:3947} INFO - Setting next_dagrun for tutorial_taskflow_api to None, run_after=None
[2026-09-15T21:05:35.646+0000] {processor.py:183} INFO - Processing /home/airflow/.local/lib/python3.12/site-packages/airflow/example_dags/tutorial_taskflow_api.py took 0.059 seconds
[2026-09-15T21:06:06.116+0000] {processor.py:161} INFO - Started process (PID=679) to work on /home/airflow/.local/lib/python3.12/site-packages/airflow/example_dags/tutorial_taskflow_api.py
[2026-09-15T21:06:06.117+0000] {processor.py:830} INFO - Processing file /home/airflow/.local/lib/python3.12/site-packages/airflow/example_dags/tutorial_taskflow_api.py for tasks to queue
[2026-09-15T21:06:06.119+0000] {logging_mixin.py:188} INFO - [2026-09-15T21:06:06.118+0000] {dagbag.py:545} INFO - Filling up the DagBag from /home/airflow/.local/lib/python3.12/site-packages/airflow/example_dags/tutorial_taskflow_api.py
[2026-09-15T21:06:06.124+0000] {processor.py:840} INFO - DAG(s) 'tutorial_taskflow_api' retrieved from /home/airflow/.local/lib/python3.12/site-packages/airflow/example_dags/tutorial_taskflow_api.py
[2026-09-15T21:06:06.140+0000] {logging_mixin.py:188} INFO - [2026-09-15T21:06:06.140+0000] {dag.py:3089} INFO - Sync 1 DAGs
[2026-09-15T21:06:06.150+0000] {logging_mixin.py:188} INFO - [2026-09-15T21:06:06.150+0000] {dag.py:3947} INFO - Setting next_dagrun for tutorial_taskflow_api to None, run_after=None
[2026-09-15T21:06:06.164+0000] {processor.py:183} INFO - Processing /home/airflow/.local/lib/python3.12/site-packages/airflow/example_dags/tutorial_taskflow_api.py took 0.052 seconds
[2026-09-15T21:06:36.276+0000] {processor.py:161} INFO - Started process (PID=740) to work on /home/airflow/.local/lib/python3.12/site-packages/airflow/example_dags/tutorial_taskflow_api.py
[2026-09-15T21:06:36.277+0000] {processor.py:830} INFO - Processing file /home/airflow/.local/lib/python3.12/site-packages/airflow/example_dags/tutorial_taskflow_api.py for tasks to queue
[2026-09-15T21:06:36.279+0000] {logging_mixin.py:188} INFO - [2026-09-15T21:06:36.279+0000] {dagbag.py:545} INFO - Filling up the DagBag from /home/airflow/.local/lib/python3.12/site-packages/airflow/example_dags/tutorial_taskflow_api.py
[2026-09-15T21:06:36.284+0000] {processor.py:840} INFO - DAG(s) 'tutorial_taskflow_api' retrieved from /home/airflow/.local/lib/python3.12/site-packages/airflow/example_dags/tutorial_taskflow_api.py
[2026-09-15T21:06:36.302+0000] {logging_mixin.py:188} INFO - [2026-09-15T21:06:36.302+0000] {dag.py:3089} INFO - Sync 1 DAGs
[2026-09-15T21:06:36.312+0000] {logging_mixin.py:188} INFO - [2026-09-15T21:06:36.312+0000] {dag.py:3947} INFO - Setting next_dagrun for tutorial_taskflow_api to None, run_after=None
[2026-09-15T21:06:36.334+0000] {processor.py:183} INFO - Processing /home/airflow/.local/lib/python3.12/site-packages/airflow/example_dags/tutorial_taskflow_api.py took 0.063 seconds
[2026-09-15T21:07:06.613+0000] {processor.py:161} INFO - Started process (PID=798) to work on /home/airflow/.local/lib/python3.12/site-packages/airflow/example_dags/tutorial_taskflow_api.py
[2026-09-15T21:07:06.614+0000] {processor.py:830} INFO - Processing file /home/airflow/.local/lib/python3.12/site-packages/airflow/example_dags/tutorial_taskflow_api.py for tasks to queue
[2026-09-15T21:07:06.616+0000] {logging_mixin.py:188} INFO - [2026-09-15T21:07:06.616+0000] {dagbag.py:545} INFO - Filling up the DagBag from /home/airflow/.local/lib/python3.12/site-packages/airflow/example_dags/tutorial_taskflow_api.py
[2026-09-15T21:07:06.622+0000] {processor.py:840} INFO - DAG(s) 'tutorial_taskflow_api' retrieved from /home/airflow/.local/lib/python3.12/site-packages/airflow/example_dags/tutorial_taskflow_api.py
[2026-09-15T21:07:06.641+0000] {logging_mixin.py:188} INFO - [2026-09-15T21:07:06.641+0000] {dag.py:3089} INFO - Sync 1 DAGs
[2026-09-15T21:07:06.651+0000] {logging_mixin.py:188} INFO - [2026-09-15T21:07:06.650+0000] {dag.py:3947} INFO - Setting next_dagrun for tutorial_taskflow_api to None, run_after=None
[2026-09-15T21:07:06.666+0000] {processor.py:183} INFO - Processing /home/airflow/.local/lib/python3.12/site-packages/airflow/example_dags/tutorial_taskflow_api.py took 0.058 seconds
[2026-09-15T21:07:37.113+0000] {processor.py:161} INFO - Started process (PID=856) to work on /home/airflow/.local/lib/python3.12/site-packages/airflow/example_dags/tutorial_taskflow_api.py
[2026-09-15T21:07:37.114+0000] {processor.py:830} INFO - Processing file /home/airflow/.local/lib/python3.12/site-packages/airflow/example_dags/tutorial_taskflow_api.py for tasks to queue
[2026-09-15T21:07:37.116+0000] {logging_mixin.py:188} INFO - [2026-09-15T21:07:37.115+0000] {dagbag.py:545} INFO - Filling up the DagBag from /home/airflow/.local/lib/python3.12/site-packages/airflow/example_dags/tutorial_taskflow_api.py
[2026-09-15T21:07:37.122+0000] {processor.py:840} INFO - DAG(s) 'tutorial_taskflow_api' retrieved from /home/airflow/.local/lib/python3.12/site-packages/airflow/example_dags/tutorial_taskflow_api.py
[2026-09-15T21:07:37.141+0000] {logging_mixin.py:188} INFO - [2026-09-15T21:07:37.141+0000] {dag.py:3089} INFO - Sync 1 DAGs
[2026-09-15T21:07:37.151+0000] {logging_mixin.py:188} INFO - [2026-09-15T21:07:37.151+0000] {dag.py:3947} INFO - Setting next_dagrun for tutorial_taskflow_api to None, run_after=None
[2026-09-15T21:07:37.167+0000] {processor.py:183} INFO - Processing /home/airflow/.local/lib/python3.12/site-packages/airflow/example_dags/tutorial_taskflow_api.py took 0.060 seconds
[2026-09-15T21:08:07.913+0000] {processor.py:161} INFO - Started process (PID=914) to work on /home/airflow/.local/lib/python3.12/site-packages/airflow/example_dags/tutorial_taskflow_api.py
[2026-09-15T21:08:07.915+0000] {processor.py:830} INFO - Processing file /home/airflow/.local/lib/python3.12/site-packages/airflow/example_dags/tutorial_taskflow_api.py for tasks to queue
[2026-09-15T21:08:07.916+0000] {logging_mixin.py:188} INFO - [2026-09-15T21:08:07.916+0000] {dagbag.py:545} INFO - Filling up the DagBag from /home/airflow/.local/lib/python3.12/site-packages/airflow/example_dags/tutorial_taskflow_api.py
[2026-09-15T21:08:07.922+0000] {processor.py:840} INFO - DAG(s) 'tutorial_taskflow_api' retrieved from /home/airflow/.local/lib/python3.12/site-packages/airflow/example_dags/tutorial_taskflow_api.py
[2026-09-15T21:08:07.937+0000] {logging_mixin.py:188} INFO - [2026-09-15T21:08:07.936+0000] {dag.py:3089} INFO - Sync 1 DAGs
[2026-09-15T21:08:07.945+0000] {logging_mixin.py:188} INFO - [2026-09-15T21:08:07.945+0000] {dag.py:3947} INFO - Setting next_dagrun for tutorial_taskflow_api to None, run_after=None
[2026-09-15T21:08:07.959+0000] {processor.py:183} INFO - Processing /home/airflow/.local/lib/python3.12/site-packages/airflow/example_dags/tutorial_taskflow_api.py took 0.049 seconds
[2026-09-15T21:08:38.278+0000] {processor.py:161} INFO - Started process (PID=972) to work on /home/airflow/.local/lib/python3.12/site-packages/airflow/example_dags/tutorial_taskflow_api.py
[2026-09-15T21:08:38.280+0000] {processor.py:830} INFO - Processing file /home/airflow/.local/lib/python3.12/site-packages/airflow/example_dags/tutorial_taskflow_api.py for tasks to queue
[2026-09-15T21:08:38.282+0000] {logging_mixin.py:188} INFO - [2026-09-15T21:08:38.281+0000] {dagbag.py:545} INFO - Filling up the DagBag from /home/airflow/.local/lib/python3.12/site-packages/airflow/example_dags/tutorial_taskflow_api.py
[2026-09-15T21:08:38.287+0000] {processor.py:840} INFO - DAG(s) 'tutorial_taskflow_api' retrieved from /home/airflow/.local/lib/python3.12/site-packages/airflow/example_dags/tutorial_taskflow_api.py
[2026-09-15T21:08:38.305+0000] {logging_mixin.py:188} INFO - [2026-09-15T21:08:38.305+0000] {dag.py:3089} INFO - Sync 1 DAGs
[2026-09-15T21:08:38.315+0000] {logging_mixin.py:188} INFO - [2026-09-15T21:08:38.315+0000] {dag.py:3947} INFO - Setting next_dagrun for tutorial_taskflow_api to None, run_after=None
[2026-09-15T21:08:38.331+0000] {processor.py:183} INFO - Processing /home/airflow/.local/lib/python3.12/site-packages/airflow/example_dags/tutorial_taskflow_api.py took 0.059 seconds
[2026-09-15T21:09:08.461+0000] {processor.py:161} INFO - Started process (PID=1030) to work on /home/airflow/.local/lib/python3.12/site-packages/airflow/example_dags/tutorial_taskflow_api.py
[2026-09-15T21:09:08.462+0000] {processor.py:830} INFO - Processing file /home/airflow/.local/lib/python3.12/site-packages/airflow/example_dags/tutorial_taskflow_api.py for tasks to queue
[2026-09-15T21:09:08.464+0000] {logging_mixin.py:188} INFO - [2026-09-15T21:09:08.464+0000] {dagbag.py:545} INFO - Filling up the DagBag from /home/airflow/.local/lib/python3.12/site-packages/airflow/example_dags/tutorial_taskflow_api.py
[2026-09-15T21:09:08.469+0000] {processor.py:840} INFO - DAG(s) 'tutorial_taskflow_api' retrieved from /home/airflow/.local/lib/python3.12/site-packages/airflow/example_dags/tutorial_taskflow_api.py
[2026-09-15T21:09:08.486+0000] {logging_mixin.py:188} INFO - [2026-09-15T21:09:08.486+0000] {dag.py:3089} INFO - Sync 1 DAGs
[2026-09-15T21:09:08.497+0000] {logging_mixin.py:188} INFO - [2026-09-15T21:09:08.496+0000] {dag.py:3947} INFO - Setting next_dagrun for tutorial_taskflow_api to None, run_after=None
[2026-09-15T21:09:08.513+0000] {processor.py:183} INFO - Processing /home/airflow/.local/lib/python3.12/site-packages/airflow/example_dags/tutorial_taskflow_api.py took 0.056 seconds
[2026-09-15T21:09:38.823+0000] {processor.py:161} INFO - Started process (PID=1088) to work on /home/airflow/.local/lib/python3.12/site-packages/airflow/example_dags/tutorial_taskflow_api.py
[2026-09-15T21:09:38.823+0000] {processor.py:830} INFO - Processing file /home/airflow/.local/lib/python3.12/site-packages/airflow/example_dags/tutorial_taskflow_api.py for tasks to queue
[2026-09-15T21:09:38.825+0000] {logging_mixin.py:188} INFO - [2026-09-15T21:09:38.825+0000] {dagbag.py:545} INFO - Filling up the DagBag from /home/airflow/.local/lib/python3.12/site-packages/airflow/example_dags/tutorial_taskflow_api.py
[2026-09-15T21:09:38.830+0000] {processor.py:840} INFO - DAG(s) 'tutorial_taskflow_api' retrieved from /home/airflow/.local/lib/python3.12/site-packages/airflow/example_dags/tutorial_taskflow_api.py
[2026-09-15T21:09:38.847+0000] {logging_mixin.py:188} INFO - [2026-09-15T21:09:38.847+0000] {dag.py:3089} INFO - Sync 1 DAGs
[2026-09-15T21:09:38.856+0000] {logging_mixin.py:188} INFO - [2026-09-15T21:09:38.856+0000] {dag.py:3947} INFO - Setting next_dagrun for tutorial_taskflow_api to None, run_after=None
[2026-09-15T21:09:38.872+0000] {processor.py:183} INFO - Processing /home/airflow/.local/lib/python3.12/site-packages/airflow/example_dags/tutorial_taskflow_api.py took 0.053 seconds
[2026-09-15T21:10:09.388+0000] {processor.py:161} INFO - Started process (PID=1146) to work on /home/airflow/.local/lib/python3.12/site-packages/airflow/example_dags/tutorial_taskflow_api.py
[2026-09-15T21:10:09.389+0000] {processor.py:830} INFO - Processing file /home/airflow/.local/lib/python3.12/site-packages/airflow/example_dags/tutorial_taskflow_api.py for tasks to queue
[2026-09-15T21:10:09.391+0000] {logging_mixin.py:188} INFO - [2026-09-15T21:10:09.390+0000] {dagbag.py:545} INFO - Filling up the DagBag from /home/airflow/.local/lib/python3.12/site-packages/airflow/example_dags/tutorial_taskflow_api.py
[2026-09-15T21:10:09.396+0000] {processor.py:840} INFO - DAG(s) 'tutorial_taskflow_api' retrieved from /home/airflow/.local/lib/python3.12/site-packages/airflow/example_dags/tutorial_taskflow_api.py
[2026-09-15T21:10:09.412+0000] {logging_mixin.py:188} INFO - [2026-09-15T21:10:09.412+0000] {dag.py:3089} INFO - Sync 1 DAGs
[2026-09-15T21:10:09.422+0000] {logging_mixin.py:188} INFO - [2026-09-15T21:10:09.422+0000] {dag.py:3947} INFO - Setting next_dagrun for tutorial_taskflow_api to None, run_after=None
[2026-09-15T21:10:09.438+0000] {processor.py:183} INFO - Processing /home/airflow/.local/lib/python3.12/site-packages/airflow/example_dags/tutorial_taskflow_api.py took 0.054 seconds
[2026-09-15T21:10:40.575+0000] {processor.py:161} INFO - Started process (PID=1204) to work on /home/airflow/.local/lib/python3.12/site-packages/airflow/example_dags/tutorial_taskflow_api.py
[2026-09-15T21:10:40.577+0000] {processor.py:830} INFO - Processing file /home/airflow/.local/lib/python3.12/site-packages/airflow/example_dags/tutorial_taskflow_api.py for tasks to queue
[2026-09-15T21:10:40.579+0000] {logging_mixin.py:188} INFO - [2026-09-15T21:10:40.578+0000] {dagbag.py:545} INFO - Filling up the DagBag from /home/airflow/.local/lib/python3.12/site-packages/airflow/example_dags/tutorial_taskflow_api.py
[2026-09-15T21:10:40.585+0000] {processor.py:840} INFO - DAG(s) 'tutorial_taskflow_api' retrieved from /home/airflow/.local/lib/python3.12/site-packages/airflow/example_dags/tutorial_taskflow_api.py
[2026-09-15T21:10:40.658+0000] {logging_mixin.py:188} INFO - [2026-09-15T21:10:40.657+0000] {dag.py:3089} INFO - Sync 1 DAGs
[2026-09-15T21:10:40.667+0000] {logging_mixin.py:188} INFO - [2026-09-15T21:10:40.666+0000] {dag.py:3947} INFO - Setting next_dagrun for tutorial_taskflow_api to None, run_after=None
[2026-09-15T21:10:40.684+0000] {processor.py:183} INFO - Processing /home/airflow/.local/lib/python3.12/site-packages/airflow/example_dags/tutorial_taskflow_api.py took 0.114 seconds
[2026-09-15T21:11:11.168+0000] {processor.py:161} INFO - Started process (PID=1262) to work on /home/airflow/.local/lib/python3.12/site-packages/airflow/example_dags/tutorial_taskflow_api.py
[2026-09-15T21:11:11.170+0000] {processor.py:830} INFO - Processing file /home/airflow/.local/lib/python3.12/site-packages/airflow/example_dags/tutorial_taskflow_api.py for tasks to queue
[2026-09-15T21:11:11.171+0000] {logging_mixin.py:188} INFO - [2026-09-15T21:11:11.171+0000] {dagbag.py:545} INFO - Filling up the DagBag from /home/airflow/.local/lib/python3.12/site-packages/airflow/example_dags/tutorial_taskflow_api.py
[2026-09-15T21:11:11.176+0000] {processor.py:840} INFO - DAG(s) 'tutorial_taskflow_api' retrieved from /home/airflow/.local/lib/python3.12/site-packages/airflow/example_dags/tutorial_taskflow_api.py
[2026-09-15T21:11:11.193+0000] {logging_mixin.py:188} INFO - [2026-09-15T21:11:11.192+0000] {dag.py:3089} INFO - Sync 1 DAGs
[2026-09-15T21:11:11.202+0000] {logging_mixin.py:188} INFO - [2026-09-15T21:11:11.202+0000] {dag.py:3947} INFO - Setting next_dagrun for tutorial_taskflow_api to None, run_after=None
[2026-09-15T21:11:11.217+0000] {processor.py:183} INFO - Processing /home/airflow/.local/lib/python3.12/site-packages/airflow/example_dags/tutorial_taskflow_api.py took 0.053 seconds
[2026-09-15T21:11:41.363+0000] {processor.py:161} INFO - Started process (PID=1320) to work on /home/airflow/.local/lib/python3.12/site-packages/airflow/example_dags/tutorial_taskflow_api.py
[2026-09-15T21:11:41.364+0000] {processor.py:830} INFO - Processing file /home/airflow/.local/lib/python3.12/site-packages/airflow/example_dags/tutorial_taskflow_api.py for tasks to queue
[2026-09-15T21:11:41.366+0000] {logging_mixin.py:188} INFO - [2026-09-15T21:11:41.366+0000] {dagbag.py:545} INFO - Filling up the DagBag from /home/airflow/.local/lib/python3.12/site-packages/airflow/example_dags/tutorial_taskflow_api.py
[2026-09-15T21:11:41.371+0000] {processor.py:840} INFO - DAG(s) 'tutorial_taskflow_api' retrieved from /home/airflow/.local/lib/python3.12/site-packages/airflow/example_dags/tutorial_taskflow_api.py
[2026-09-15T21:11:41.388+0000] {logging_mixin.py:188} INFO - [2026-09-15T21:11:41.388+0000] {dag.py:3089} INFO - Sync 1 DAGs
[2026-09-15T21:11:41.398+0000] {logging_mixin.py:188} INFO - [2026-09-15T21:11:41.398+0000] {dag.py:3947} INFO - Setting next_dagrun for tutorial_taskflow_api to None, run_after=None
[2026-09-15T21:11:41.414+0000] {processor.py:183} INFO - Processing /home/airflow/.local/lib/python3.12/site-packages/airflow/example_dags/tutorial_taskflow_api.py took 0.056 seconds
[2026-09-15T21:12:11.688+0000] {processor.py:161} INFO - Started process (PID=1378) to work on /home/airflow/.local/lib/python3.12/site-packages/airflow/example_dags/tutorial_taskflow_api.py
[2026-09-15T21:12:11.690+0000] {processor.py:830} INFO - Processing file /home/airflow/.local/lib/python3.12/site-packages/airflow/example_dags/tutorial_taskflow_api.py for tasks to queue
[2026-09-15T21:12:11.691+0000] {logging_mixin.py:188} INFO - [2026-09-15T21:12:11.691+0000] {dagbag.py:545} INFO - Filling up the DagBag from /home/airflow/.local/lib/python3.12/site-packages/airflow/example_dags/tutorial_taskflow_api.py
[2026-09-15T21:12:11.696+0000] {processor.py:840} INFO - DAG(s) 'tutorial_taskflow_api' retrieved from /home/airflow/.local/lib/python3.12/site-packages/airflow/example_dags/tutorial_taskflow_api.py
[2026-09-15T21:12:11.712+0000] {logging_mixin.py:188} INFO - [2026-09-15T21:12:11.712+0000] {dag.py:3089} INFO - Sync 1 DAGs
[2026-09-15T21:12:11.721+0000] {logging_mixin.py:188} INFO - [2026-09-15T21:12:11.721+0000] {dag.py:3947} INFO - Setting next_dagrun for tutorial_taskflow_api to None, run_after=None
[2026-09-15T21:12:11.736+0000] {processor.py:183} INFO - Processing /home/airflow/.local/lib/python3.12/site-packages/airflow/example_dags/tutorial_taskflow_api.py took 0.052 seconds
[2026-09-15T21:12:42.037+0000] {processor.py:161} INFO - Started process (PID=1436) to work on /home/airflow/.local/lib/python3.12/site-packages/airflow/example_dags/tutorial_taskflow_api.py
[2026-09-15T21:12:42.039+0000] {processor.py:830} INFO - Processing file /home/airflow/.local/lib/python3.12/site-packages/airflow/example_dags/tutorial_taskflow_api.py for tasks to queue
[2026-09-15T21:12:42.040+0000] {logging_mixin.py:188} INFO - [2026-09-15T21:12:42.040+0000] {dagbag.py:545} INFO - Filling up the DagBag from /home/airflow/.local/lib/python3.12/site-packages/airflow/example_dags/tutorial_taskflow_api.py
[2026-09-15T21:12:42.046+0000] {processor.py:840} INFO - DAG(s) 'tutorial_taskflow_api' retrieved from /home/airflow/.local/lib/python3.12/site-packages/airflow/example_dags/tutorial_taskflow_api.py
[2026-09-15T21:12:42.062+0000] {logging_mixin.py:188} INFO - [2026-09-15T21:12:42.062+0000] {dag.py:3089} INFO - Sync 1 DAGs
[2026-09-15T21:12:42.071+0000] {logging_mixin.py:188} INFO - [2026-09-15T21:12:42.071+0000] {dag.py:3947} INFO - Setting next_dagrun for tutorial_taskflow_api to None, run_after=None
[2026-09-15T21:12:42.084+0000] {processor.py:183} INFO - Processing /home/airflow/.local/lib/python3.12/site-packages/airflow/example_dags/tutorial_taskflow_api.py took 0.051 seconds
[2026-09-15T21:13:12.291+0000] {processor.py:161} INFO - Started process (PID=1494) to work on /home/airflow/.local/lib/python3.12/site-packages/airflow/example_dags/tutorial_taskflow_api.py
[2026-09-15T21:13:12.292+0000] {processor.py:830} INFO - Processing file /home/airflow/.local/lib/python3.12/site-packages/airflow/example_dags/tutorial_taskflow_api.py for tasks to queue
[2026-09-15T21:13:12.294+0000] {logging_mixin.py:188} INFO - [2026-09-15T21:13:12.294+0000] {dagbag.py:545} INFO - Filling up the DagBag from /home/airflow/.local/lib/python3.12/site-packages/airflow/example_dags/tutorial_taskflow_api.py
[2026-09-15T21:13:12.301+0000] {processor.py:840} INFO - DAG(s) 'tutorial_taskflow_api' retrieved from /home/airflow/.local/lib/python3.12/site-packages/airflow/example_dags/tutorial_taskflow_api.py
[2026-09-15T21:13:12.320+0000] {logging_mixin.py:188} INFO - [2026-09-15T21:13:12.319+0000] {dag.py:3089} INFO - Sync 1 DAGs
[2026-09-15T21:13:12.330+0000] {logging_mixin.py:188} INFO - [2026-09-15T21:13:12.330+0000] {dag.py:3947} INFO - Setting next_dagrun for tutorial_taskflow_api to None, run_after=None
[2026-09-15T21:13:12.346+0000] {processor.py:183} INFO - Processing /home/airflow/.local/lib/python3.12/site-packages/airflow/example_dags/tutorial_taskflow_api.py took 0.061 seconds
[2026-09-15T21:13:42.585+0000] {processor.py:161} INFO - Started process (PID=1552) to work on /home/airflow/.local/lib/python3.12/site-packages/airflow/example_dags/tutorial_taskflow_api.py
[2026-09-15T21:13:42.586+0000] {processor.py:830} INFO - Processing file /home/airflow/.local/lib/python3.12/site-packages/airflow/example_dags/tutorial_taskflow_api.py for tasks to queue
[2026-09-15T21:13:42.588+0000] {logging_mixin.py:188} INFO - [2026-09-15T21:13:42.588+0000] {dagbag.py:545} INFO - Filling up the DagBag from /home/airflow/.local/lib/python3.12/site-packages/airflow/example_dags/tutorial_taskflow_api.py
[2026-09-15T21:13:42.593+0000] {processor.py:840} INFO - DAG(s) 'tutorial_taskflow_api' retrieved from /home/airflow/.local/lib/python3.12/site-packages/airflow/example_dags/tutorial_taskflow_api.py
[2026-09-15T21:13:42.611+0000] {logging_mixin.py:188} INFO - [2026-09-15T21:13:42.610+0000] {dag.py:3089} INFO - Sync 1 DAGs
[2026-09-15T21:13:42.621+0000] {logging_mixin.py:188} INFO - [2026-09-15T21:13:42.621+0000] {dag.py:3947} INFO - Setting next_dagrun for tutorial_taskflow_api to None, run_after=None
[2026-09-15T21:13:42.636+0000] {processor.py:183} INFO - Processing /home/airflow/.local/lib/python3.12/site-packages/airflow/example_dags/tutorial_taskflow_api.py took 0.055 seconds
[2026-09-15T21:14:13.463+0000] {processor.py:161} INFO - Started process (PID=1610) to work on /home/airflow/.local/lib/python3.12/site-packages/airflow/example_dags/tutorial_taskflow_api.py
[2026-09-15T21:14:13.464+0000] {processor.py:830} INFO - Processing file /home/airflow/.local/lib/python3.12/site-packages/airflow/example_dags/tutorial_taskflow_api.py for tasks to queue
[2026-09-15T21:14:13.467+0000] {logging_mixin.py:188} INFO - [2026-09-15T21:14:13.466+0000] {dagbag.py:545} INFO - Filling up the DagBag from /home/airflow/.local/lib/python3.12/site-packages/airflow/example_dags/tutorial_taskflow_api.py
[2026-09-15T21:14:13.472+0000] {processor.py:840} INFO - DAG(s) 'tutorial_taskflow_api' retrieved from /home/airflow/.local/lib/python3.12/site-packages/airflow/example_dags/tutorial_taskflow_api.py
[2026-09-15T21:14:13.490+0000] {logging_mixin.py:188} INFO - [2026-09-15T21:14:13.490+0000] {dag.py:3089} INFO - Sync 1 DAGs
[2026-09-15T21:14:13.500+0000] {logging_mixin.py:188} INFO - [2026-09-15T21:14:13.500+0000] {dag.py:3947} INFO - Setting next_dagrun for tutorial_taskflow_api to None, run_after=None
[2026-09-15T21:14:13.514+0000] {processor.py:183} INFO - Processing /home/airflow/.local/lib/python3.12/site-packages/airflow/example_dags/tutorial_taskflow_api.py took 0.056 seconds
[2026-09-15T21:14:43.703+0000] {processor.py:161} INFO - Started process (PID=1668) to work on /home/airflow/.local/lib/python3.12/site-packages/airflow/example_dags/tutorial_taskflow_api.py
[2026-09-15T21:14:43.704+0000] {processor.py:830} INFO - Processing file /home/airflow/.local/lib/python3.12/site-packages/airflow/example_dags/tutorial_taskflow_api.py for tasks to queue
[2026-09-15T21:14:43.706+0000] {logging_mixin.py:188} INFO - [2026-09-15T21:14:43.706+0000] {dagbag.py:545} INFO - Filling up the DagBag from /home/airflow/.local/lib/python3.12/site-packages/airflow/example_dags/tutorial_taskflow_api.py
[2026-09-15T21:14:43.713+0000] {processor.py:840} INFO - DAG(s) 'tutorial_taskflow_api' retrieved from /home/airflow/.local/lib/python3.12/site-packages/airflow/example_dags/tutorial_taskflow_api.py
[2026-09-15T21:14:43.730+0000] {logging_mixin.py:188} INFO - [2026-09-15T21:14:43.730+0000] {dag.py:3089} INFO - Sync 1 DAGs
[2026-09-15T21:14:43.741+0000] {logging_mixin.py:188} INFO - [2026-09-15T21:14:43.740+0000] {dag.py:3947} INFO - Setting next_dagrun for tutorial_taskflow_api to None, run_after=None
[2026-09-15T21:14:43.759+0000] {processor.py:183} INFO - Processing /home/airflow/.local/lib/python3.12/site-packages/airflow/example_dags/tutorial_taskflow_api.py took 0.061 seconds
[2026-09-15T21:15:14.449+0000] {processor.py:161} INFO - Started process (PID=1726) to work on /home/airflow/.local/lib/python3.12/site-packages/airflow/example_dags/tutorial_taskflow_api.py
[2026-09-15T21:15:14.450+0000] {processor.py:830} INFO - Processing file /home/airflow/.local/lib/python3.12/site-packages/airflow/example_dags/tutorial_taskflow_api.py for tasks to queue
[2026-09-15T21:15:14.452+0000] {logging_mixin.py:188} INFO - [2026-09-15T21:15:14.452+0000] {dagbag.py:545} INFO - Filling up the DagBag from /home/airflow/.local/lib/python3.12/site-packages/airflow/example_dags/tutorial_taskflow_api.py
[2026-09-15T21:15:14.456+0000] {processor.py:840} INFO - DAG(s) 'tutorial_taskflow_api' retrieved from /home/airflow/.local/lib/python3.12/site-packages/airflow/example_dags/tutorial_taskflow_api.py
[2026-09-15T21:15:14.472+0000] {logging_mixin.py:188} INFO - [2026-09-15T21:15:14.472+0000] {dag.py:3089} INFO - Sync 1 DAGs
[2026-09-15T21:15:14.481+0000] {logging_mixin.py:188} INFO - [2026-09-15T21:15:14.481+0000] {dag.py:3947} INFO - Setting next_dagrun for tutorial_taskflow_api to None, run_after=None
[2026-09-15T21:15:14.496+0000] {processor.py:183} INFO - Processing /home/airflow/.local/lib/python3.12/site-packages/airflow/example_dags/tutorial_taskflow_api.py took 0.051 seconds
[2026-09-15T21:15:44.965+0000] {processor.py:161} INFO - Started process (PID=1784) to work on /home/airflow/.local/lib/python3.12/site-packages/airflow/example_dags/tutorial_taskflow_api.py
[2026-09-15T21:15:44.966+0000] {processor.py:830} INFO - Processing file /home/airflow/.local/lib/python3.12/site-packages/airflow/example_dags/tutorial_taskflow_api.py for tasks to queue
[2026-09-15T21:15:44.969+0000] {logging_mixin.py:188} INFO - [2026-09-15T21:15:44.969+0000] {dagbag.py:545} INFO - Filling up the DagBag from /home/airflow/.local/lib/python3.12/site-packages/airflow/example_dags/tutorial_taskflow_api.py
[2026-09-15T21:15:44.976+0000] {processor.py:840} INFO - DAG(s) 'tutorial_taskflow_api' retrieved from /home/airflow/.local/lib/python3.12/site-packages/airflow/example_dags/tutorial_taskflow_api.py
[2026-09-15T21:15:45.007+0000] {logging_mixin.py:188} INFO - [2026-09-15T21:15:45.006+0000] {dag.py:3089} INFO - Sync 1 DAGs
[2026-09-15T21:15:45.030+0000] {logging_mixin.py:188} INFO - [2026-09-15T21:15:45.030+0000] {dag.py:3947} INFO - Setting next_dagrun for tutorial_taskflow_api to None, run_after=None
[2026-09-15T21:15:45.064+0000] {processor.py:183} INFO - Processing /home/airflow/.local/lib/python3.12/site-packages/airflow/example_dags/tutorial_taskflow_api.py took 0.104 seconds
[2026-09-15T21:16:15.367+0000] {processor.py:161} INFO - Started process (PID=1841) to work on /home/airflow/.local/lib/python3.12/site-packages/airflow/example_dags/tutorial_taskflow_api.py
[2026-09-15T21:16:15.369+0000] {processor.py:830} INFO - Processing file /home/airflow/.local/lib/python3.12/site-packages/airflow/example_dags/tutorial_taskflow_api.py for tasks to queue
[2026-09-15T21:16:15.371+0000] {logging_mixin.py:188} INFO - [2026-09-15T21:16:15.370+0000] {dagbag.py:545} INFO - Filling up the DagBag from /home/airflow/.local/lib/python3.12/site-packages/airflow/example_dags/tutorial_taskflow_api.py
[2026-09-15T21:16:15.376+0000] {processor.py:840} INFO - DAG(s) 'tutorial_taskflow_api' retrieved from /home/airflow/.local/lib/python3.12/site-packages/airflow/example_dags/tutorial_taskflow_api.py
[2026-09-15T21:16:15.395+0000] {logging_mixin.py:188} INFO - [2026-09-15T21:16:15.395+0000] {dag.py:3089} INFO - Sync 1 DAGs
[2026-09-15T21:16:15.407+0000] {logging_mixin.py:188} INFO - [2026-09-15T21:16:15.407+0000] {dag.py:3947} INFO - Setting next_dagrun for tutorial_taskflow_api to None, run_after=None
[2026-09-15T21:16:15.590+0000] {processor.py:183} INFO - Processing /home/airflow/.local/lib/python3.12/site-packages/airflow/example_dags/tutorial_taskflow_api.py took 0.227 seconds
[2026-09-15T21:17:36.786+0000] {processor.py:161} INFO - Started process (PID=94) to work on /home/airflow/.local/lib/python3.12/site-packages/airflow/example_dags/tutorial_taskflow_api.py
[2026-09-15T21:17:36.787+0000] {processor.py:830} INFO - Processing file /home/airflow/.local/lib/python3.12/site-packages/airflow/example_dags/tutorial_taskflow_api.py for tasks to queue
[2026-09-15T21:17:36.789+0000] {logging_mixin.py:188} INFO - [2026-09-15T21:17:36.789+0000] {dagbag.py:545} INFO - Filling up the DagBag from /home/airflow/.local/lib/python3.12/site-packages/airflow/example_dags/tutorial_taskflow_api.py
[2026-09-15T21:17:36.795+0000] {processor.py:840} INFO - DAG(s) 'tutorial_taskflow_api' retrieved from /home/airflow/.local/lib/python3.12/site-packages/airflow/example_dags/tutorial_taskflow_api.py
[2026-09-15T21:17:36.807+0000] {logging_mixin.py:188} INFO - [2026-09-15T21:17:36.806+0000] {dag.py:3089} INFO - Sync 1 DAGs
[2026-09-15T21:17:36.817+0000] {logging_mixin.py:188} INFO - [2026-09-15T21:17:36.817+0000] {dag.py:3947} INFO - Setting next_dagrun for tutorial_taskflow_api to None, run_after=None
[2026-09-15T21:17:36.835+0000] {processor.py:183} INFO - Processing /home/airflow/.local/lib/python3.12/site-packages/airflow/example_dags/tutorial_taskflow_api.py took 0.053 seconds
[2026-09-15T21:18:08.192+0000] {processor.py:161} INFO - Started process (PID=153) to work on /home/airflow/.local/lib/python3.12/site-packages/airflow/example_dags/tutorial_taskflow_api.py
[2026-09-15T21:18:08.193+0000] {processor.py:830} INFO - Processing file /home/airflow/.local/lib/python3.12/site-packages/airflow/example_dags/tutorial_taskflow_api.py for tasks to queue
[2026-09-15T21:18:08.195+0000] {logging_mixin.py:188} INFO - [2026-09-15T21:18:08.195+0000] {dagbag.py:545} INFO - Filling up the DagBag from /home/airflow/.local/lib/python3.12/site-packages/airflow/example_dags/tutorial_taskflow_api.py
[2026-09-15T21:18:08.200+0000] {processor.py:840} INFO - DAG(s) 'tutorial_taskflow_api' retrieved from /home/airflow/.local/lib/python3.12/site-packages/airflow/example_dags/tutorial_taskflow_api.py
[2026-09-15T21:18:08.275+0000] {logging_mixin.py:188} INFO - [2026-09-15T21:18:08.275+0000] {dag.py:3089} INFO - Sync 1 DAGs
[2026-09-15T21:18:08.285+0000] {logging_mixin.py:188} INFO - [2026-09-15T21:18:08.285+0000] {dag.py:3947} INFO - Setting next_dagrun for tutorial_taskflow_api to None, run_after=None
[2026-09-15T21:18:08.304+0000] {processor.py:183} INFO - Processing /home/airflow/.local/lib/python3.12/site-packages/airflow/example_dags/tutorial_taskflow_api.py took 0.117 seconds
[2026-09-15T21:18:38.568+0000] {processor.py:161} INFO - Started process (PID=211) to work on /home/airflow/.local/lib/python3.12/site-packages/airflow/example_dags/tutorial_taskflow_api.py
[2026-09-15T21:18:38.569+0000] {processor.py:830} INFO - Processing file /home/airflow/.local/lib/python3.12/site-packages/airflow/example_dags/tutorial_taskflow_api.py for tasks to queue
[2026-09-15T21:18:38.571+0000] {logging_mixin.py:188} INFO - [2026-09-15T21:18:38.571+0000] {dagbag.py:545} INFO - Filling up the DagBag from /home/airflow/.local/lib/python3.12/site-packages/airflow/example_dags/tutorial_taskflow_api.py
[2026-09-15T21:18:38.576+0000] {processor.py:840} INFO - DAG(s) 'tutorial_taskflow_api' retrieved from /home/airflow/.local/lib/python3.12/site-packages/airflow/example_dags/tutorial_taskflow_api.py
[2026-09-15T21:18:38.595+0000] {logging_mixin.py:188} INFO - [2026-09-15T21:18:38.595+0000] {dag.py:3089} INFO - Sync 1 DAGs
[2026-09-15T21:18:38.608+0000] {logging_mixin.py:188} INFO - [2026-09-15T21:18:38.607+0000] {dag.py:3947} INFO - Setting next_dagrun for tutorial_taskflow_api to None, run_after=None
[2026-09-15T21:18:38.624+0000] {processor.py:183} INFO - Processing /home/airflow/.local/lib/python3.12/site-packages/airflow/example_dags/tutorial_taskflow_api.py took 0.060 seconds
[2026-09-15T21:19:09.308+0000] {processor.py:161} INFO - Started process (PID=269) to work on /home/airflow/.local/lib/python3.12/site-packages/airflow/example_dags/tutorial_taskflow_api.py
[2026-09-15T21:19:09.309+0000] {processor.py:830} INFO - Processing file /home/airflow/.local/lib/python3.12/site-packages/airflow/example_dags/tutorial_taskflow_api.py for tasks to queue
[2026-09-15T21:19:09.311+0000] {logging_mixin.py:188} INFO - [2026-09-15T21:19:09.311+0000] {dagbag.py:545} INFO - Filling up the DagBag from /home/airflow/.local/lib/python3.12/site-packages/airflow/example_dags/tutorial_taskflow_api.py
[2026-09-15T21:19:09.316+0000] {processor.py:840} INFO - DAG(s) 'tutorial_taskflow_api' retrieved from /home/airflow/.local/lib/python3.12/site-packages/airflow/example_dags/tutorial_taskflow_api.py
[2026-09-15T21:19:09.334+0000] {logging_mixin.py:188} INFO - [2026-09-15T21:19:09.334+0000] {dag.py:3089} INFO - Sync 1 DAGs
[2026-09-15T21:19:09.345+0000] {logging_mixin.py:188} INFO - [2026-09-15T21:19:09.345+0000] {dag.py:3947} INFO - Setting next_dagrun for tutorial_taskflow_api to None, run_after=None
[2026-09-15T21:19:09.362+0000] {processor.py:183} INFO - Processing /home/airflow/.local/lib/python3.12/site-packages/airflow/example_dags/tutorial_taskflow_api.py took 0.058 seconds
[2026-09-15T21:19:39.975+0000] {processor.py:161} INFO - Started process (PID=327) to work on /home/airflow/.local/lib/python3.12/site-packages/airflow/example_dags/tutorial_taskflow_api.py
[2026-09-15T21:19:39.976+0000] {processor.py:830} INFO - Processing file /home/airflow/.local/lib/python3.12/site-packages/airflow/example_dags/tutorial_taskflow_api.py for tasks to queue
[2026-09-15T21:19:39.978+0000] {logging_mixin.py:188} INFO - [2026-09-15T21:19:39.978+0000] {dagbag.py:545} INFO - Filling up the DagBag from /home/airflow/.local/lib/python3.12/site-packages/airflow/example_dags/tutorial_taskflow_api.py
[2026-09-15T21:19:39.983+0000] {processor.py:840} INFO - DAG(s) 'tutorial_taskflow_api' retrieved from /home/airflow/.local/lib/python3.12/site-packages/airflow/example_dags/tutorial_taskflow_api.py
[2026-09-15T21:19:39.998+0000] {logging_mixin.py:188} INFO - [2026-09-15T21:19:39.998+0000] {dag.py:3089} INFO - Sync 1 DAGs
[2026-09-15T21:19:40.007+0000] {logging_mixin.py:188} INFO - [2026-09-15T21:19:40.007+0000] {dag.py:3947} INFO - Setting next_dagrun for tutorial_taskflow_api to None, run_after=None
[2026-09-15T21:19:40.021+0000] {processor.py:183} INFO - Processing /home/airflow/.local/lib/python3.12/site-packages/airflow/example_dags/tutorial_taskflow_api.py took 0.050 seconds
[2026-09-15T21:20:10.221+0000] {processor.py:161} INFO - Started process (PID=385) to work on /home/airflow/.local/lib/python3.12/site-packages/airflow/example_dags/tutorial_taskflow_api.py
[2026-09-15T21:20:10.222+0000] {processor.py:830} INFO - Processing file /home/airflow/.local/lib/python3.12/site-packages/airflow/example_dags/tutorial_taskflow_api.py for tasks to queue
[2026-09-15T21:20:10.224+0000] {logging_mixin.py:188} INFO - [2026-09-15T21:20:10.224+0000] {dagbag.py:545} INFO - Filling up the DagBag from /home/airflow/.local/lib/python3.12/site-packages/airflow/example_dags/tutorial_taskflow_api.py
[2026-09-15T21:20:10.229+0000] {processor.py:840} INFO - DAG(s) 'tutorial_taskflow_api' retrieved from /home/airflow/.local/lib/python3.12/site-packages/airflow/example_dags/tutorial_taskflow_api.py
[2026-09-15T21:20:10.245+0000] {logging_mixin.py:188} INFO - [2026-09-15T21:20:10.245+0000] {dag.py:3089} INFO - Sync 1 DAGs
[2026-09-15T21:20:10.254+0000] {logging_mixin.py:188} INFO - [2026-09-15T21:20:10.254+0000] {dag.py:3947} INFO - Setting next_dagrun for tutorial_taskflow_api to None, run_after=None
[2026-09-15T21:20:10.269+0000] {processor.py:183} INFO - Processing /home/airflow/.local/lib/python3.12/site-packages/airflow/example_dags/tutorial_taskflow_api.py took 0.052 seconds
[2026-09-15T21:20:40.468+0000] {processor.py:161} INFO - Started process (PID=443) to work on /home/airflow/.local/lib/python3.12/site-packages/airflow/example_dags/tutorial_taskflow_api.py
[2026-09-15T21:20:40.469+0000] {processor.py:830} INFO - Processing file /home/airflow/.local/lib/python3.12/site-packages/airflow/example_dags/tutorial_taskflow_api.py for tasks to queue
[2026-09-15T21:20:40.471+0000] {logging_mixin.py:188} INFO - [2026-09-15T21:20:40.471+0000] {dagbag.py:545} INFO - Filling up the DagBag from /home/airflow/.local/lib/python3.12/site-packages/airflow/example_dags/tutorial_taskflow_api.py
[2026-09-15T21:20:40.476+0000] {processor.py:840} INFO - DAG(s) 'tutorial_taskflow_api' retrieved from /home/airflow/.local/lib/python3.12/site-packages/airflow/example_dags/tutorial_taskflow_api.py
[2026-09-15T21:20:40.493+0000] {logging_mixin.py:188} INFO - [2026-09-15T21:20:40.493+0000] {dag.py:3089} INFO - Sync 1 DAGs
[2026-09-15T21:20:40.503+0000] {logging_mixin.py:188} INFO - [2026-09-15T21:20:40.502+0000] {dag.py:3947} INFO - Setting next_dagrun for tutorial_taskflow_api to None, run_after=None
[2026-09-15T21:20:40.519+0000] {processor.py:183} INFO - Processing /home/airflow/.local/lib/python3.12/site-packages/airflow/example_dags/tutorial_taskflow_api.py took 0.055 seconds
[2026-09-15T21:22:08.768+0000] {processor.py:161} INFO - Started process (PID=363) to work on /home/airflow/.local/lib/python3.12/site-packages/airflow/example_dags/tutorial_taskflow_api.py
[2026-09-15T21:22:08.770+0000] {processor.py:830} INFO - Processing file /home/airflow/.local/lib/python3.12/site-packages/airflow/example_dags/tutorial_taskflow_api.py for tasks to queue
[2026-09-15T21:22:08.772+0000] {logging_mixin.py:188} INFO - [2026-09-15T21:22:08.772+0000] {dagbag.py:545} INFO - Filling up the DagBag from /home/airflow/.local/lib/python3.12/site-packages/airflow/example_dags/tutorial_taskflow_api.py
[2026-09-15T21:22:08.782+0000] {processor.py:840} INFO - DAG(s) 'tutorial_taskflow_api' retrieved from /home/airflow/.local/lib/python3.12/site-packages/airflow/example_dags/tutorial_taskflow_api.py
[2026-09-15T21:22:08.799+0000] {logging_mixin.py:188} INFO - [2026-09-15T21:22:08.799+0000] {dag.py:3089} INFO - Sync 1 DAGs
[2026-09-15T21:22:08.813+0000] {logging_mixin.py:188} INFO - [2026-09-15T21:22:08.812+0000] {dag.py:3947} INFO - Setting next_dagrun for tutorial_taskflow_api to None, run_after=None
[2026-09-15T21:22:08.835+0000] {processor.py:183} INFO - Processing /home/airflow/.local/lib/python3.12/site-packages/airflow/example_dags/tutorial_taskflow_api.py took 0.073 seconds
[2026-09-15T21:22:40.380+0000] {processor.py:161} INFO - Started process (PID=631) to work on /home/airflow/.local/lib/python3.12/site-packages/airflow/example_dags/tutorial_taskflow_api.py
[2026-09-15T21:22:40.381+0000] {processor.py:830} INFO - Processing file /home/airflow/.local/lib/python3.12/site-packages/airflow/example_dags/tutorial_taskflow_api.py for tasks to queue
[2026-09-15T21:22:40.383+0000] {logging_mixin.py:188} INFO - [2026-09-15T21:22:40.383+0000] {dagbag.py:545} INFO - Filling up the DagBag from /home/airflow/.local/lib/python3.12/site-packages/airflow/example_dags/tutorial_taskflow_api.py
[2026-09-15T21:22:40.388+0000] {processor.py:840} INFO - DAG(s) 'tutorial_taskflow_api' retrieved from /home/airflow/.local/lib/python3.12/site-packages/airflow/example_dags/tutorial_taskflow_api.py
[2026-09-15T21:22:40.464+0000] {logging_mixin.py:188} INFO - [2026-09-15T21:22:40.464+0000] {dag.py:3089} INFO - Sync 1 DAGs
[2026-09-15T21:22:40.471+0000] {logging_mixin.py:188} INFO - [2026-09-15T21:22:40.471+0000] {dag.py:3947} INFO - Setting next_dagrun for tutorial_taskflow_api to None, run_after=None
[2026-09-15T21:22:40.487+0000] {processor.py:183} INFO - Processing /home/airflow/.local/lib/python3.12/site-packages/airflow/example_dags/tutorial_taskflow_api.py took 0.110 seconds
[2026-09-15T21:23:10.673+0000] {processor.py:161} INFO - Started process (PID=893) to work on /home/airflow/.local/lib/python3.12/site-packages/airflow/example_dags/tutorial_taskflow_api.py
[2026-09-15T21:23:10.675+0000] {processor.py:830} INFO - Processing file /home/airflow/.local/lib/python3.12/site-packages/airflow/example_dags/tutorial_taskflow_api.py for tasks to queue
[2026-09-15T21:23:10.677+0000] {logging_mixin.py:188} INFO - [2026-09-15T21:23:10.677+0000] {dagbag.py:545} INFO - Filling up the DagBag from /home/airflow/.local/lib/python3.12/site-packages/airflow/example_dags/tutorial_taskflow_api.py
[2026-09-15T21:23:10.684+0000] {processor.py:840} INFO - DAG(s) 'tutorial_taskflow_api' retrieved from /home/airflow/.local/lib/python3.12/site-packages/airflow/example_dags/tutorial_taskflow_api.py
[2026-09-15T21:23:10.701+0000] {logging_mixin.py:188} INFO - [2026-09-15T21:23:10.701+0000] {dag.py:3089} INFO - Sync 1 DAGs
[2026-09-15T21:23:10.712+0000] {logging_mixin.py:188} INFO - [2026-09-15T21:23:10.711+0000] {dag.py:3947} INFO - Setting next_dagrun for tutorial_taskflow_api to None, run_after=None
[2026-09-15T21:23:10.728+0000] {processor.py:183} INFO - Processing /home/airflow/.local/lib/python3.12/site-packages/airflow/example_dags/tutorial_taskflow_api.py took 0.061 seconds
[2026-09-15T21:23:40.841+0000] {processor.py:161} INFO - Started process (PID=1157) to work on /home/airflow/.local/lib/python3.12/site-packages/airflow/example_dags/tutorial_taskflow_api.py
[2026-09-15T21:23:40.842+0000] {processor.py:830} INFO - Processing file /home/airflow/.local/lib/python3.12/site-packages/airflow/example_dags/tutorial_taskflow_api.py for tasks to queue
[2026-09-15T21:23:40.844+0000] {logging_mixin.py:188} INFO - [2026-09-15T21:23:40.844+0000] {dagbag.py:545} INFO - Filling up the DagBag from /home/airflow/.local/lib/python3.12/site-packages/airflow/example_dags/tutorial_taskflow_api.py
[2026-09-15T21:23:40.849+0000] {processor.py:840} INFO - DAG(s) 'tutorial_taskflow_api' retrieved from /home/airflow/.local/lib/python3.12/site-packages/airflow/example_dags/tutorial_taskflow_api.py
[2026-09-15T21:23:40.866+0000] {logging_mixin.py:188} INFO - [2026-09-15T21:23:40.866+0000] {dag.py:3089} INFO - Sync 1 DAGs
[2026-09-15T21:23:40.877+0000] {logging_mixin.py:188} INFO - [2026-09-15T21:23:40.877+0000] {dag.py:3947} INFO - Setting next_dagrun for tutorial_taskflow_api to None, run_after=None
[2026-09-15T21:23:40.893+0000] {processor.py:183} INFO - Processing /home/airflow/.local/lib/python3.12/site-packages/airflow/example_dags/tutorial_taskflow_api.py took 0.055 seconds
[2026-09-15T21:24:11.015+0000] {processor.py:161} INFO - Started process (PID=1417) to work on /home/airflow/.local/lib/python3.12/site-packages/airflow/example_dags/tutorial_taskflow_api.py
[2026-09-15T21:24:11.016+0000] {processor.py:830} INFO - Processing file /home/airflow/.local/lib/python3.12/site-packages/airflow/example_dags/tutorial_taskflow_api.py for tasks to queue
[2026-09-15T21:24:11.018+0000] {logging_mixin.py:188} INFO - [2026-09-15T21:24:11.018+0000] {dagbag.py:545} INFO - Filling up the DagBag from /home/airflow/.local/lib/python3.12/site-packages/airflow/example_dags/tutorial_taskflow_api.py
[2026-09-15T21:24:11.023+0000] {processor.py:840} INFO - DAG(s) 'tutorial_taskflow_api' retrieved from /home/airflow/.local/lib/python3.12/site-packages/airflow/example_dags/tutorial_taskflow_api.py
[2026-09-15T21:24:11.039+0000] {logging_mixin.py:188} INFO - [2026-09-15T21:24:11.039+0000] {dag.py:3089} INFO - Sync 1 DAGs
[2026-09-15T21:24:11.048+0000] {logging_mixin.py:188} INFO - [2026-09-15T21:24:11.048+0000] {dag.py:3947} INFO - Setting next_dagrun for tutorial_taskflow_api to None, run_after=None
[2026-09-15T21:24:11.062+0000] {processor.py:183} INFO - Processing /home/airflow/.local/lib/python3.12/site-packages/airflow/example_dags/tutorial_taskflow_api.py took 0.051 seconds
[2026-09-15T21:24:41.226+0000] {processor.py:161} INFO - Started process (PID=1679) to work on /home/airflow/.local/lib/python3.12/site-packages/airflow/example_dags/tutorial_taskflow_api.py
[2026-09-15T21:24:41.227+0000] {processor.py:830} INFO - Processing file /home/airflow/.local/lib/python3.12/site-packages/airflow/example_dags/tutorial_taskflow_api.py for tasks to queue
[2026-09-15T21:24:41.229+0000] {logging_mixin.py:188} INFO - [2026-09-15T21:24:41.229+0000] {dagbag.py:545} INFO - Filling up the DagBag from /home/airflow/.local/lib/python3.12/site-packages/airflow/example_dags/tutorial_taskflow_api.py
[2026-09-15T21:24:41.235+0000] {processor.py:840} INFO - DAG(s) 'tutorial_taskflow_api' retrieved from /home/airflow/.local/lib/python3.12/site-packages/airflow/example_dags/tutorial_taskflow_api.py
[2026-09-15T21:24:41.250+0000] {logging_mixin.py:188} INFO - [2026-09-15T21:24:41.250+0000] {dag.py:3089} INFO - Sync 1 DAGs
[2026-09-15T21:24:41.259+0000] {logging_mixin.py:188} INFO - [2026-09-15T21:24:41.259+0000] {dag.py:3947} INFO - Setting next_dagrun for tutorial_taskflow_api to None, run_after=None
[2026-09-15T21:24:41.273+0000] {processor.py:183} INFO - Processing /home/airflow/.local/lib/python3.12/site-packages/airflow/example_dags/tutorial_taskflow_api.py took 0.051 seconds
[2026-09-15T21:25:11.440+0000] {processor.py:161} INFO - Started process (PID=1941) to work on /home/airflow/.local/lib/python3.12/site-packages/airflow/example_dags/tutorial_taskflow_api.py
[2026-09-15T21:25:11.442+0000] {processor.py:830} INFO - Processing file /home/airflow/.local/lib/python3.12/site-packages/airflow/example_dags/tutorial_taskflow_api.py for tasks to queue
[2026-09-15T21:25:11.443+0000] {logging_mixin.py:188} INFO - [2026-09-15T21:25:11.443+0000] {dagbag.py:545} INFO - Filling up the DagBag from /home/airflow/.local/lib/python3.12/site-packages/airflow/example_dags/tutorial_taskflow_api.py
[2026-09-15T21:25:11.449+0000] {processor.py:840} INFO - DAG(s) 'tutorial_taskflow_api' retrieved from /home/airflow/.local/lib/python3.12/site-packages/airflow/example_dags/tutorial_taskflow_api.py
[2026-09-15T21:25:11.466+0000] {logging_mixin.py:188} INFO - [2026-09-15T21:25:11.466+0000] {dag.py:3089} INFO - Sync 1 DAGs
[2026-09-15T21:25:11.475+0000] {logging_mixin.py:188} INFO - [2026-09-15T21:25:11.475+0000] {dag.py:3947} INFO - Setting next_dagrun for tutorial_taskflow_api to None, run_after=None
[2026-09-15T21:25:11.489+0000] {processor.py:183} INFO - Processing /home/airflow/.local/lib/python3.12/site-packages/airflow/example_dags/tutorial_taskflow_api.py took 0.053 seconds
[2026-09-15T21:25:41.862+0000] {processor.py:161} INFO - Started process (PID=2203) to work on /home/airflow/.local/lib/python3.12/site-packages/airflow/example_dags/tutorial_taskflow_api.py
[2026-09-15T21:25:41.863+0000] {processor.py:830} INFO - Processing file /home/airflow/.local/lib/python3.12/site-packages/airflow/example_dags/tutorial_taskflow_api.py for tasks to queue
[2026-09-15T21:25:41.865+0000] {logging_mixin.py:188} INFO - [2026-09-15T21:25:41.864+0000] {dagbag.py:545} INFO - Filling up the DagBag from /home/airflow/.local/lib/python3.12/site-packages/airflow/example_dags/tutorial_taskflow_api.py
[2026-09-15T21:25:41.869+0000] {processor.py:840} INFO - DAG(s) 'tutorial_taskflow_api' retrieved from /home/airflow/.local/lib/python3.12/site-packages/airflow/example_dags/tutorial_taskflow_api.py
[2026-09-15T21:25:41.886+0000] {logging_mixin.py:188} INFO - [2026-09-15T21:25:41.885+0000] {dag.py:3089} INFO - Sync 1 DAGs
[2026-09-15T21:25:41.894+0000] {logging_mixin.py:188} INFO - [2026-09-15T21:25:41.894+0000] {dag.py:3947} INFO - Setting next_dagrun for tutorial_taskflow_api to None, run_after=None
[2026-09-15T21:25:41.908+0000] {processor.py:183} INFO - Processing /home/airflow/.local/lib/python3.12/site-packages/airflow/example_dags/tutorial_taskflow_api.py took 0.050 seconds
[2026-09-15T21:26:12.068+0000] {processor.py:161} INFO - Started process (PID=2465) to work on /home/airflow/.local/lib/python3.12/site-packages/airflow/example_dags/tutorial_taskflow_api.py
[2026-09-15T21:26:12.069+0000] {processor.py:830} INFO - Processing file /home/airflow/.local/lib/python3.12/site-packages/airflow/example_dags/tutorial_taskflow_api.py for tasks to queue
[2026-09-15T21:26:12.071+0000] {logging_mixin.py:188} INFO - [2026-09-15T21:26:12.070+0000] {dagbag.py:545} INFO - Filling up the DagBag from /home/airflow/.local/lib/python3.12/site-packages/airflow/example_dags/tutorial_taskflow_api.py
[2026-09-15T21:26:12.075+0000] {processor.py:840} INFO - DAG(s) 'tutorial_taskflow_api' retrieved from /home/airflow/.local/lib/python3.12/site-packages/airflow/example_dags/tutorial_taskflow_api.py
[2026-09-15T21:26:12.091+0000] {logging_mixin.py:188} INFO - [2026-09-15T21:26:12.090+0000] {dag.py:3089} INFO - Sync 1 DAGs
[2026-09-15T21:26:12.100+0000] {logging_mixin.py:188} INFO - [2026-09-15T21:26:12.100+0000] {dag.py:3947} INFO - Setting next_dagrun for tutorial_taskflow_api to None, run_after=None
[2026-09-15T21:26:12.115+0000] {processor.py:183} INFO - Processing /home/airflow/.local/lib/python3.12/site-packages/airflow/example_dags/tutorial_taskflow_api.py took 0.050 seconds
[2026-09-15T21:26:42.187+0000] {processor.py:161} INFO - Started process (PID=2727) to work on /home/airflow/.local/lib/python3.12/site-packages/airflow/example_dags/tutorial_taskflow_api.py
[2026-09-15T21:26:42.188+0000] {processor.py:830} INFO - Processing file /home/airflow/.local/lib/python3.12/site-packages/airflow/example_dags/tutorial_taskflow_api.py for tasks to queue
[2026-09-15T21:26:42.190+0000] {logging_mixin.py:188} INFO - [2026-09-15T21:26:42.189+0000] {dagbag.py:545} INFO - Filling up the DagBag from /home/airflow/.local/lib/python3.12/site-packages/airflow/example_dags/tutorial_taskflow_api.py
[2026-09-15T21:26:42.195+0000] {processor.py:840} INFO - DAG(s) 'tutorial_taskflow_api' retrieved from /home/airflow/.local/lib/python3.12/site-packages/airflow/example_dags/tutorial_taskflow_api.py
[2026-09-15T21:26:42.210+0000] {logging_mixin.py:188} INFO - [2026-09-15T21:26:42.210+0000] {dag.py:3089} INFO - Sync 1 DAGs
[2026-09-15T21:26:42.219+0000] {logging_mixin.py:188} INFO - [2026-09-15T21:26:42.219+0000] {dag.py:3947} INFO - Setting next_dagrun for tutorial_taskflow_api to None, run_after=None
[2026-09-15T21:26:42.233+0000] {processor.py:183} INFO - Processing /home/airflow/.local/lib/python3.12/site-packages/airflow/example_dags/tutorial_taskflow_api.py took 0.050 seconds
[2026-09-15T21:27:12.391+0000] {processor.py:161} INFO - Started process (PID=2991) to work on /home/airflow/.local/lib/python3.12/site-packages/airflow/example_dags/tutorial_taskflow_api.py
[2026-09-15T21:27:12.393+0000] {processor.py:830} INFO - Processing file /home/airflow/.local/lib/python3.12/site-packages/airflow/example_dags/tutorial_taskflow_api.py for tasks to queue
[2026-09-15T21:27:12.395+0000] {logging_mixin.py:188} INFO - [2026-09-15T21:27:12.394+0000] {dagbag.py:545} INFO - Filling up the DagBag from /home/airflow/.local/lib/python3.12/site-packages/airflow/example_dags/tutorial_taskflow_api.py
[2026-09-15T21:27:12.400+0000] {processor.py:840} INFO - DAG(s) 'tutorial_taskflow_api' retrieved from /home/airflow/.local/lib/python3.12/site-packages/airflow/example_dags/tutorial_taskflow_api.py
[2026-09-15T21:27:12.419+0000] {logging_mixin.py:188} INFO - [2026-09-15T21:27:12.419+0000] {dag.py:3089} INFO - Sync 1 DAGs
[2026-09-15T21:27:12.429+0000] {logging_mixin.py:188} INFO - [2026-09-15T21:27:12.429+0000] {dag.py:3947} INFO - Setting next_dagrun for tutorial_taskflow_api to None, run_after=None
[2026-09-15T21:27:12.444+0000] {processor.py:183} INFO - Processing /home/airflow/.local/lib/python3.12/site-packages/airflow/example_dags/tutorial_taskflow_api.py took 0.059 seconds
[2026-09-15T21:27:42.593+0000] {processor.py:161} INFO - Started process (PID=3253) to work on /home/airflow/.local/lib/python3.12/site-packages/airflow/example_dags/tutorial_taskflow_api.py
[2026-09-15T21:27:42.594+0000] {processor.py:830} INFO - Processing file /home/airflow/.local/lib/python3.12/site-packages/airflow/example_dags/tutorial_taskflow_api.py for tasks to queue
[2026-09-15T21:27:42.596+0000] {logging_mixin.py:188} INFO - [2026-09-15T21:27:42.595+0000] {dagbag.py:545} INFO - Filling up the DagBag from /home/airflow/.local/lib/python3.12/site-packages/airflow/example_dags/tutorial_taskflow_api.py
[2026-09-15T21:27:42.601+0000] {processor.py:840} INFO - DAG(s) 'tutorial_taskflow_api' retrieved from /home/airflow/.local/lib/python3.12/site-packages/airflow/example_dags/tutorial_taskflow_api.py
[2026-09-15T21:27:42.617+0000] {logging_mixin.py:188} INFO - [2026-09-15T21:27:42.617+0000] {dag.py:3089} INFO - Sync 1 DAGs
[2026-09-15T21:27:42.626+0000] {logging_mixin.py:188} INFO - [2026-09-15T21:27:42.626+0000] {dag.py:3947} INFO - Setting next_dagrun for tutorial_taskflow_api to None, run_after=None
[2026-09-15T21:27:42.641+0000] {processor.py:183} INFO - Processing /home/airflow/.local/lib/python3.12/site-packages/airflow/example_dags/tutorial_taskflow_api.py took 0.053 seconds
[2026-09-15T21:28:13.216+0000] {processor.py:161} INFO - Started process (PID=3513) to work on /home/airflow/.local/lib/python3.12/site-packages/airflow/example_dags/tutorial_taskflow_api.py
[2026-09-15T21:28:13.218+0000] {processor.py:830} INFO - Processing file /home/airflow/.local/lib/python3.12/site-packages/airflow/example_dags/tutorial_taskflow_api.py for tasks to queue
[2026-09-15T21:28:13.219+0000] {logging_mixin.py:188} INFO - [2026-09-15T21:28:13.219+0000] {dagbag.py:545} INFO - Filling up the DagBag from /home/airflow/.local/lib/python3.12/site-packages/airflow/example_dags/tutorial_taskflow_api.py
[2026-09-15T21:28:13.225+0000] {processor.py:840} INFO - DAG(s) 'tutorial_taskflow_api' retrieved from /home/airflow/.local/lib/python3.12/site-packages/airflow/example_dags/tutorial_taskflow_api.py
[2026-09-15T21:28:13.241+0000] {logging_mixin.py:188} INFO - [2026-09-15T21:28:13.241+0000] {dag.py:3089} INFO - Sync 1 DAGs
[2026-09-15T21:28:13.251+0000] {logging_mixin.py:188} INFO - [2026-09-15T21:28:13.251+0000] {dag.py:3947} INFO - Setting next_dagrun for tutorial_taskflow_api to None, run_after=None
[2026-09-15T21:28:13.267+0000] {processor.py:183} INFO - Processing /home/airflow/.local/lib/python3.12/site-packages/airflow/example_dags/tutorial_taskflow_api.py took 0.055 seconds
[2026-09-15T21:28:44.146+0000] {processor.py:161} INFO - Started process (PID=3776) to work on /home/airflow/.local/lib/python3.12/site-packages/airflow/example_dags/tutorial_taskflow_api.py
[2026-09-15T21:28:44.147+0000] {processor.py:830} INFO - Processing file /home/airflow/.local/lib/python3.12/site-packages/airflow/example_dags/tutorial_taskflow_api.py for tasks to queue
[2026-09-15T21:28:44.149+0000] {logging_mixin.py:188} INFO - [2026-09-15T21:28:44.148+0000] {dagbag.py:545} INFO - Filling up the DagBag from /home/airflow/.local/lib/python3.12/site-packages/airflow/example_dags/tutorial_taskflow_api.py
[2026-09-15T21:28:44.154+0000] {processor.py:840} INFO - DAG(s) 'tutorial_taskflow_api' retrieved from /home/airflow/.local/lib/python3.12/site-packages/airflow/example_dags/tutorial_taskflow_api.py
[2026-09-15T21:28:44.170+0000] {logging_mixin.py:188} INFO - [2026-09-15T21:28:44.170+0000] {dag.py:3089} INFO - Sync 1 DAGs
[2026-09-15T21:28:44.179+0000] {logging_mixin.py:188} INFO - [2026-09-15T21:28:44.179+0000] {dag.py:3947} INFO - Setting next_dagrun for tutorial_taskflow_api to None, run_after=None
[2026-09-15T21:28:44.194+0000] {processor.py:183} INFO - Processing /home/airflow/.local/lib/python3.12/site-packages/airflow/example_dags/tutorial_taskflow_api.py took 0.052 seconds
[2026-09-15T21:29:14.327+0000] {processor.py:161} INFO - Started process (PID=4038) to work on /home/airflow/.local/lib/python3.12/site-packages/airflow/example_dags/tutorial_taskflow_api.py
[2026-09-15T21:29:14.328+0000] {processor.py:830} INFO - Processing file /home/airflow/.local/lib/python3.12/site-packages/airflow/example_dags/tutorial_taskflow_api.py for tasks to queue
[2026-09-15T21:29:14.330+0000] {logging_mixin.py:188} INFO - [2026-09-15T21:29:14.329+0000] {dagbag.py:545} INFO - Filling up the DagBag from /home/airflow/.local/lib/python3.12/site-packages/airflow/example_dags/tutorial_taskflow_api.py
[2026-09-15T21:29:14.335+0000] {processor.py:840} INFO - DAG(s) 'tutorial_taskflow_api' retrieved from /home/airflow/.local/lib/python3.12/site-packages/airflow/example_dags/tutorial_taskflow_api.py
[2026-09-15T21:29:14.353+0000] {logging_mixin.py:188} INFO - [2026-09-15T21:29:14.353+0000] {dag.py:3089} INFO - Sync 1 DAGs
[2026-09-15T21:29:14.366+0000] {logging_mixin.py:188} INFO - [2026-09-15T21:29:14.366+0000] {dag.py:3947} INFO - Setting next_dagrun for tutorial_taskflow_api to None, run_after=None
[2026-09-15T21:29:14.382+0000] {processor.py:183} INFO - Processing /home/airflow/.local/lib/python3.12/site-packages/airflow/example_dags/tutorial_taskflow_api.py took 0.060 seconds
[2026-09-15T21:29:44.878+0000] {processor.py:161} INFO - Started process (PID=4308) to work on /home/airflow/.local/lib/python3.12/site-packages/airflow/example_dags/tutorial_taskflow_api.py
[2026-09-15T21:29:44.879+0000] {processor.py:830} INFO - Processing file /home/airflow/.local/lib/python3.12/site-packages/airflow/example_dags/tutorial_taskflow_api.py for tasks to queue
[2026-09-15T21:29:44.881+0000] {logging_mixin.py:188} INFO - [2026-09-15T21:29:44.881+0000] {dagbag.py:545} INFO - Filling up the DagBag from /home/airflow/.local/lib/python3.12/site-packages/airflow/example_dags/tutorial_taskflow_api.py
[2026-09-15T21:29:44.886+0000] {processor.py:840} INFO - DAG(s) 'tutorial_taskflow_api' retrieved from /home/airflow/.local/lib/python3.12/site-packages/airflow/example_dags/tutorial_taskflow_api.py
[2026-09-15T21:29:44.902+0000] {logging_mixin.py:188} INFO - [2026-09-15T21:29:44.902+0000] {dag.py:3089} INFO - Sync 1 DAGs
[2026-09-15T21:29:44.912+0000] {logging_mixin.py:188} INFO - [2026-09-15T21:29:44.911+0000] {dag.py:3947} INFO - Setting next_dagrun for tutorial_taskflow_api to None, run_after=None
[2026-09-15T21:29:44.927+0000] {processor.py:183} INFO - Processing /home/airflow/.local/lib/python3.12/site-packages/airflow/example_dags/tutorial_taskflow_api.py took 0.053 seconds
[2026-09-15T21:30:15.028+0000] {processor.py:161} INFO - Started process (PID=4571) to work on /home/airflow/.local/lib/python3.12/site-packages/airflow/example_dags/tutorial_taskflow_api.py
[2026-09-15T21:30:15.030+0000] {processor.py:830} INFO - Processing file /home/airflow/.local/lib/python3.12/site-packages/airflow/example_dags/tutorial_taskflow_api.py for tasks to queue
[2026-09-15T21:30:15.032+0000] {logging_mixin.py:188} INFO - [2026-09-15T21:30:15.031+0000] {dagbag.py:545} INFO - Filling up the DagBag from /home/airflow/.local/lib/python3.12/site-packages/airflow/example_dags/tutorial_taskflow_api.py
[2026-09-15T21:30:15.038+0000] {processor.py:840} INFO - DAG(s) 'tutorial_taskflow_api' retrieved from /home/airflow/.local/lib/python3.12/site-packages/airflow/example_dags/tutorial_taskflow_api.py
[2026-09-15T21:30:15.063+0000] {logging_mixin.py:188} INFO - [2026-09-15T21:30:15.063+0000] {dag.py:3089} INFO - Sync 1 DAGs
[2026-09-15T21:30:15.078+0000] {logging_mixin.py:188} INFO - [2026-09-15T21:30:15.078+0000] {dag.py:3947} INFO - Setting next_dagrun for tutorial_taskflow_api to None, run_after=None
[2026-09-15T21:30:15.100+0000] {processor.py:183} INFO - Processing /home/airflow/.local/lib/python3.12/site-packages/airflow/example_dags/tutorial_taskflow_api.py took 0.076 seconds
[2026-09-15T21:30:45.723+0000] {processor.py:161} INFO - Started process (PID=4833) to work on /home/airflow/.local/lib/python3.12/site-packages/airflow/example_dags/tutorial_taskflow_api.py
[2026-09-15T21:30:45.724+0000] {processor.py:830} INFO - Processing file /home/airflow/.local/lib/python3.12/site-packages/airflow/example_dags/tutorial_taskflow_api.py for tasks to queue
[2026-09-15T21:30:45.726+0000] {logging_mixin.py:188} INFO - [2026-09-15T21:30:45.726+0000] {dagbag.py:545} INFO - Filling up the DagBag from /home/airflow/.local/lib/python3.12/site-packages/airflow/example_dags/tutorial_taskflow_api.py
[2026-09-15T21:30:45.732+0000] {processor.py:840} INFO - DAG(s) 'tutorial_taskflow_api' retrieved from /home/airflow/.local/lib/python3.12/site-packages/airflow/example_dags/tutorial_taskflow_api.py
[2026-09-15T21:30:45.750+0000] {logging_mixin.py:188} INFO - [2026-09-15T21:30:45.750+0000] {dag.py:3089} INFO - Sync 1 DAGs
[2026-09-15T21:30:45.760+0000] {logging_mixin.py:188} INFO - [2026-09-15T21:30:45.760+0000] {dag.py:3947} INFO - Setting next_dagrun for tutorial_taskflow_api to None, run_after=None
[2026-09-15T21:30:45.776+0000] {processor.py:183} INFO - Processing /home/airflow/.local/lib/python3.12/site-packages/airflow/example_dags/tutorial_taskflow_api.py took 0.057 seconds
[2026-09-15T21:31:16.273+0000] {processor.py:161} INFO - Started process (PID=5095) to work on /home/airflow/.local/lib/python3.12/site-packages/airflow/example_dags/tutorial_taskflow_api.py
[2026-09-15T21:31:16.274+0000] {processor.py:830} INFO - Processing file /home/airflow/.local/lib/python3.12/site-packages/airflow/example_dags/tutorial_taskflow_api.py for tasks to queue
[2026-09-15T21:31:16.276+0000] {logging_mixin.py:188} INFO - [2026-09-15T21:31:16.276+0000] {dagbag.py:545} INFO - Filling up the DagBag from /home/airflow/.local/lib/python3.12/site-packages/airflow/example_dags/tutorial_taskflow_api.py
[2026-09-15T21:31:16.282+0000] {processor.py:840} INFO - DAG(s) 'tutorial_taskflow_api' retrieved from /home/airflow/.local/lib/python3.12/site-packages/airflow/example_dags/tutorial_taskflow_api.py
[2026-09-15T21:31:16.300+0000] {logging_mixin.py:188} INFO - [2026-09-15T21:31:16.299+0000] {dag.py:3089} INFO - Sync 1 DAGs
[2026-09-15T21:31:16.309+0000] {logging_mixin.py:188} INFO - [2026-09-15T21:31:16.309+0000] {dag.py:3947} INFO - Setting next_dagrun for tutorial_taskflow_api to None, run_after=None
[2026-09-15T21:31:16.326+0000] {processor.py:183} INFO - Processing /home/airflow/.local/lib/python3.12/site-packages/airflow/example_dags/tutorial_taskflow_api.py took 0.058 seconds
[2026-09-15T21:31:47.035+0000] {processor.py:161} INFO - Started process (PID=5357) to work on /home/airflow/.local/lib/python3.12/site-packages/airflow/example_dags/tutorial_taskflow_api.py
[2026-09-15T21:31:47.036+0000] {processor.py:830} INFO - Processing file /home/airflow/.local/lib/python3.12/site-packages/airflow/example_dags/tutorial_taskflow_api.py for tasks to queue
[2026-09-15T21:31:47.038+0000] {logging_mixin.py:188} INFO - [2026-09-15T21:31:47.038+0000] {dagbag.py:545} INFO - Filling up the DagBag from /home/airflow/.local/lib/python3.12/site-packages/airflow/example_dags/tutorial_taskflow_api.py
[2026-09-15T21:31:47.043+0000] {processor.py:840} INFO - DAG(s) 'tutorial_taskflow_api' retrieved from /home/airflow/.local/lib/python3.12/site-packages/airflow/example_dags/tutorial_taskflow_api.py
[2026-09-15T21:31:47.059+0000] {logging_mixin.py:188} INFO - [2026-09-15T21:31:47.059+0000] {dag.py:3089} INFO - Sync 1 DAGs
[2026-09-15T21:31:47.069+0000] {logging_mixin.py:188} INFO - [2026-09-15T21:31:47.069+0000] {dag.py:3947} INFO - Setting next_dagrun for tutorial_taskflow_api to None, run_after=None
[2026-09-15T21:31:47.085+0000] {processor.py:183} INFO - Processing /home/airflow/.local/lib/python3.12/site-packages/airflow/example_dags/tutorial_taskflow_api.py took 0.053 seconds
[2026-09-15T21:32:18.080+0000] {processor.py:161} INFO - Started process (PID=5619) to work on /home/airflow/.local/lib/python3.12/site-packages/airflow/example_dags/tutorial_taskflow_api.py
[2026-09-15T21:32:18.081+0000] {processor.py:830} INFO - Processing file /home/airflow/.local/lib/python3.12/site-packages/airflow/example_dags/tutorial_taskflow_api.py for tasks to queue
[2026-09-15T21:32:18.082+0000] {logging_mixin.py:188} INFO - [2026-09-15T21:32:18.082+0000] {dagbag.py:545} INFO - Filling up the DagBag from /home/airflow/.local/lib/python3.12/site-packages/airflow/example_dags/tutorial_taskflow_api.py
[2026-09-15T21:32:18.087+0000] {processor.py:840} INFO - DAG(s) 'tutorial_taskflow_api' retrieved from /home/airflow/.local/lib/python3.12/site-packages/airflow/example_dags/tutorial_taskflow_api.py
[2026-09-15T21:32:18.104+0000] {logging_mixin.py:188} INFO - [2026-09-15T21:32:18.103+0000] {dag.py:3089} INFO - Sync 1 DAGs
[2026-09-15T21:32:18.113+0000] {logging_mixin.py:188} INFO - [2026-09-15T21:32:18.113+0000] {dag.py:3947} INFO - Setting next_dagrun for tutorial_taskflow_api to None, run_after=None
[2026-09-15T21:32:18.128+0000] {processor.py:183} INFO - Processing /home/airflow/.local/lib/python3.12/site-packages/airflow/example_dags/tutorial_taskflow_api.py took 0.051 seconds
[2026-09-15T21:32:48.353+0000] {processor.py:161} INFO - Started process (PID=5881) to work on /home/airflow/.local/lib/python3.12/site-packages/airflow/example_dags/tutorial_taskflow_api.py
[2026-09-15T21:32:48.354+0000] {processor.py:830} INFO - Processing file /home/airflow/.local/lib/python3.12/site-packages/airflow/example_dags/tutorial_taskflow_api.py for tasks to queue
[2026-09-15T21:32:48.356+0000] {logging_mixin.py:188} INFO - [2026-09-15T21:32:48.356+0000] {dagbag.py:545} INFO - Filling up the DagBag from /home/airflow/.local/lib/python3.12/site-packages/airflow/example_dags/tutorial_taskflow_api.py
[2026-09-15T21:32:48.362+0000] {processor.py:840} INFO - DAG(s) 'tutorial_taskflow_api' retrieved from /home/airflow/.local/lib/python3.12/site-packages/airflow/example_dags/tutorial_taskflow_api.py
[2026-09-15T21:32:48.379+0000] {logging_mixin.py:188} INFO - [2026-09-15T21:32:48.379+0000] {dag.py:3089} INFO - Sync 1 DAGs
[2026-09-15T21:32:48.389+0000] {logging_mixin.py:188} INFO - [2026-09-15T21:32:48.389+0000] {dag.py:3947} INFO - Setting next_dagrun for tutorial_taskflow_api to None, run_after=None
[2026-09-15T21:32:48.405+0000] {processor.py:183} INFO - Processing /home/airflow/.local/lib/python3.12/site-packages/airflow/example_dags/tutorial_taskflow_api.py took 0.056 seconds
[2026-09-15T21:33:19.506+0000] {processor.py:161} INFO - Started process (PID=6143) to work on /home/airflow/.local/lib/python3.12/site-packages/airflow/example_dags/tutorial_taskflow_api.py
[2026-09-15T21:33:19.507+0000] {processor.py:830} INFO - Processing file /home/airflow/.local/lib/python3.12/site-packages/airflow/example_dags/tutorial_taskflow_api.py for tasks to queue
[2026-09-15T21:33:19.509+0000] {logging_mixin.py:188} INFO - [2026-09-15T21:33:19.509+0000] {dagbag.py:545} INFO - Filling up the DagBag from /home/airflow/.local/lib/python3.12/site-packages/airflow/example_dags/tutorial_taskflow_api.py
[2026-09-15T21:33:19.516+0000] {processor.py:840} INFO - DAG(s) 'tutorial_taskflow_api' retrieved from /home/airflow/.local/lib/python3.12/site-packages/airflow/example_dags/tutorial_taskflow_api.py
[2026-09-15T21:33:19.536+0000] {logging_mixin.py:188} INFO - [2026-09-15T21:33:19.535+0000] {dag.py:3089} INFO - Sync 1 DAGs
[2026-09-15T21:33:19.545+0000] {logging_mixin.py:188} INFO - [2026-09-15T21:33:19.545+0000] {dag.py:3947} INFO - Setting next_dagrun for tutorial_taskflow_api to None, run_after=None
[2026-09-15T21:33:19.562+0000] {processor.py:183} INFO - Processing /home/airflow/.local/lib/python3.12/site-packages/airflow/example_dags/tutorial_taskflow_api.py took 0.062 seconds
[2026-09-15T21:33:50.654+0000] {processor.py:161} INFO - Started process (PID=6411) to work on /home/airflow/.local/lib/python3.12/site-packages/airflow/example_dags/tutorial_taskflow_api.py
[2026-09-15T21:33:50.655+0000] {processor.py:830} INFO - Processing file /home/airflow/.local/lib/python3.12/site-packages/airflow/example_dags/tutorial_taskflow_api.py for tasks to queue
[2026-09-15T21:33:50.657+0000] {logging_mixin.py:188} INFO - [2026-09-15T21:33:50.657+0000] {dagbag.py:545} INFO - Filling up the DagBag from /home/airflow/.local/lib/python3.12/site-packages/airflow/example_dags/tutorial_taskflow_api.py
[2026-09-15T21:33:50.662+0000] {processor.py:840} INFO - DAG(s) 'tutorial_taskflow_api' retrieved from /home/airflow/.local/lib/python3.12/site-packages/airflow/example_dags/tutorial_taskflow_api.py
[2026-09-15T21:33:50.678+0000] {logging_mixin.py:188} INFO - [2026-09-15T21:33:50.677+0000] {dag.py:3089} INFO - Sync 1 DAGs
[2026-09-15T21:33:50.687+0000] {logging_mixin.py:188} INFO - [2026-09-15T21:33:50.687+0000] {dag.py:3947} INFO - Setting next_dagrun for tutorial_taskflow_api to None, run_after=None
[2026-09-15T21:33:50.702+0000] {processor.py:183} INFO - Processing /home/airflow/.local/lib/python3.12/site-packages/airflow/example_dags/tutorial_taskflow_api.py took 0.052 seconds
[2026-09-15T21:34:20.881+0000] {processor.py:161} INFO - Started process (PID=6671) to work on /home/airflow/.local/lib/python3.12/site-packages/airflow/example_dags/tutorial_taskflow_api.py
[2026-09-15T21:34:20.882+0000] {processor.py:830} INFO - Processing file /home/airflow/.local/lib/python3.12/site-packages/airflow/example_dags/tutorial_taskflow_api.py for tasks to queue
[2026-09-15T21:34:20.884+0000] {logging_mixin.py:188} INFO - [2026-09-15T21:34:20.884+0000] {dagbag.py:545} INFO - Filling up the DagBag from /home/airflow/.local/lib/python3.12/site-packages/airflow/example_dags/tutorial_taskflow_api.py
[2026-09-15T21:34:20.889+0000] {processor.py:840} INFO - DAG(s) 'tutorial_taskflow_api' retrieved from /home/airflow/.local/lib/python3.12/site-packages/airflow/example_dags/tutorial_taskflow_api.py
[2026-09-15T21:34:20.906+0000] {logging_mixin.py:188} INFO - [2026-09-15T21:34:20.906+0000] {dag.py:3089} INFO - Sync 1 DAGs
[2026-09-15T21:34:20.916+0000] {logging_mixin.py:188} INFO - [2026-09-15T21:34:20.916+0000] {dag.py:3947} INFO - Setting next_dagrun for tutorial_taskflow_api to None, run_after=None
[2026-09-15T21:34:20.932+0000] {processor.py:183} INFO - Processing /home/airflow/.local/lib/python3.12/site-packages/airflow/example_dags/tutorial_taskflow_api.py took 0.055 seconds
[2026-09-15T21:34:51.339+0000] {processor.py:161} INFO - Started process (PID=6935) to work on /home/airflow/.local/lib/python3.12/site-packages/airflow/example_dags/tutorial_taskflow_api.py
[2026-09-15T21:34:51.340+0000] {processor.py:830} INFO - Processing file /home/airflow/.local/lib/python3.12/site-packages/airflow/example_dags/tutorial_taskflow_api.py for tasks to queue
[2026-09-15T21:34:51.342+0000] {logging_mixin.py:188} INFO - [2026-09-15T21:34:51.342+0000] {dagbag.py:545} INFO - Filling up the DagBag from /home/airflow/.local/lib/python3.12/site-packages/airflow/example_dags/tutorial_taskflow_api.py
[2026-09-15T21:34:51.348+0000] {processor.py:840} INFO - DAG(s) 'tutorial_taskflow_api' retrieved from /home/airflow/.local/lib/python3.12/site-packages/airflow/example_dags/tutorial_taskflow_api.py
[2026-09-15T21:34:51.365+0000] {logging_mixin.py:188} INFO - [2026-09-15T21:34:51.365+0000] {dag.py:3089} INFO - Sync 1 DAGs
[2026-09-15T21:34:51.375+0000] {logging_mixin.py:188} INFO - [2026-09-15T21:34:51.375+0000] {dag.py:3947} INFO - Setting next_dagrun for tutorial_taskflow_api to None, run_after=None
[2026-09-15T21:34:51.391+0000] {processor.py:183} INFO - Processing /home/airflow/.local/lib/python3.12/site-packages/airflow/example_dags/tutorial_taskflow_api.py took 0.057 seconds
[2026-09-15T21:35:21.691+0000] {processor.py:161} INFO - Started process (PID=7201) to work on /home/airflow/.local/lib/python3.12/site-packages/airflow/example_dags/tutorial_taskflow_api.py
[2026-09-15T21:35:21.692+0000] {processor.py:830} INFO - Processing file /home/airflow/.local/lib/python3.12/site-packages/airflow/example_dags/tutorial_taskflow_api.py for tasks to queue
[2026-09-15T21:35:21.694+0000] {logging_mixin.py:188} INFO - [2026-09-15T21:35:21.694+0000] {dagbag.py:545} INFO - Filling up the DagBag from /home/airflow/.local/lib/python3.12/site-packages/airflow/example_dags/tutorial_taskflow_api.py
[2026-09-15T21:35:21.699+0000] {processor.py:840} INFO - DAG(s) 'tutorial_taskflow_api' retrieved from /home/airflow/.local/lib/python3.12/site-packages/airflow/example_dags/tutorial_taskflow_api.py
[2026-09-15T21:35:21.715+0000] {logging_mixin.py:188} INFO - [2026-09-15T21:35:21.715+0000] {dag.py:3089} INFO - Sync 1 DAGs
[2026-09-15T21:35:21.724+0000] {logging_mixin.py:188} INFO - [2026-09-15T21:35:21.724+0000] {dag.py:3947} INFO - Setting next_dagrun for tutorial_taskflow_api to None, run_after=None
[2026-09-15T21:35:21.739+0000] {processor.py:183} INFO - Processing /home/airflow/.local/lib/python3.12/site-packages/airflow/example_dags/tutorial_taskflow_api.py took 0.052 seconds
[2026-09-15T21:35:51.902+0000] {processor.py:161} INFO - Started process (PID=7463) to work on /home/airflow/.local/lib/python3.12/site-packages/airflow/example_dags/tutorial_taskflow_api.py
[2026-09-15T21:35:51.903+0000] {processor.py:830} INFO - Processing file /home/airflow/.local/lib/python3.12/site-packages/airflow/example_dags/tutorial_taskflow_api.py for tasks to queue
[2026-09-15T21:35:51.904+0000] {logging_mixin.py:188} INFO - [2026-09-15T21:35:51.904+0000] {dagbag.py:545} INFO - Filling up the DagBag from /home/airflow/.local/lib/python3.12/site-packages/airflow/example_dags/tutorial_taskflow_api.py
[2026-09-15T21:35:51.909+0000] {processor.py:840} INFO - DAG(s) 'tutorial_taskflow_api' retrieved from /home/airflow/.local/lib/python3.12/site-packages/airflow/example_dags/tutorial_taskflow_api.py
[2026-09-15T21:35:51.925+0000] {logging_mixin.py:188} INFO - [2026-09-15T21:35:51.925+0000] {dag.py:3089} INFO - Sync 1 DAGs
[2026-09-15T21:35:51.933+0000] {logging_mixin.py:188} INFO - [2026-09-15T21:35:51.933+0000] {dag.py:3947} INFO - Setting next_dagrun for tutorial_taskflow_api to None, run_after=None
[2026-09-15T21:35:51.948+0000] {processor.py:183} INFO - Processing /home/airflow/.local/lib/python3.12/site-packages/airflow/example_dags/tutorial_taskflow_api.py took 0.051 seconds
[2026-09-15T21:36:22.129+0000] {processor.py:161} INFO - Started process (PID=7723) to work on /home/airflow/.local/lib/python3.12/site-packages/airflow/example_dags/tutorial_taskflow_api.py
[2026-09-15T21:36:22.130+0000] {processor.py:830} INFO - Processing file /home/airflow/.local/lib/python3.12/site-packages/airflow/example_dags/tutorial_taskflow_api.py for tasks to queue
[2026-09-15T21:36:22.132+0000] {logging_mixin.py:188} INFO - [2026-09-15T21:36:22.132+0000] {dagbag.py:545} INFO - Filling up the DagBag from /home/airflow/.local/lib/python3.12/site-packages/airflow/example_dags/tutorial_taskflow_api.py
[2026-09-15T21:36:22.137+0000] {processor.py:840} INFO - DAG(s) 'tutorial_taskflow_api' retrieved from /home/airflow/.local/lib/python3.12/site-packages/airflow/example_dags/tutorial_taskflow_api.py
[2026-09-15T21:36:22.155+0000] {logging_mixin.py:188} INFO - [2026-09-15T21:36:22.155+0000] {dag.py:3089} INFO - Sync 1 DAGs
[2026-09-15T21:36:22.166+0000] {logging_mixin.py:188} INFO - [2026-09-15T21:36:22.165+0000] {dag.py:3947} INFO - Setting next_dagrun for tutorial_taskflow_api to None, run_after=None
[2026-09-15T21:36:22.191+0000] {processor.py:183} INFO - Processing /home/airflow/.local/lib/python3.12/site-packages/airflow/example_dags/tutorial_taskflow_api.py took 0.066 seconds
[2026-09-15T21:36:52.544+0000] {processor.py:161} INFO - Started process (PID=7987) to work on /home/airflow/.local/lib/python3.12/site-packages/airflow/example_dags/tutorial_taskflow_api.py
[2026-09-15T21:36:52.545+0000] {processor.py:830} INFO - Processing file /home/airflow/.local/lib/python3.12/site-packages/airflow/example_dags/tutorial_taskflow_api.py for tasks to queue
[2026-09-15T21:36:52.547+0000] {logging_mixin.py:188} INFO - [2026-09-15T21:36:52.547+0000] {dagbag.py:545} INFO - Filling up the DagBag from /home/airflow/.local/lib/python3.12/site-packages/airflow/example_dags/tutorial_taskflow_api.py
[2026-09-15T21:36:52.552+0000] {processor.py:840} INFO - DAG(s) 'tutorial_taskflow_api' retrieved from /home/airflow/.local/lib/python3.12/site-packages/airflow/example_dags/tutorial_taskflow_api.py
[2026-09-15T21:36:52.569+0000] {logging_mixin.py:188} INFO - [2026-09-15T21:36:52.569+0000] {dag.py:3089} INFO - Sync 1 DAGs
[2026-09-15T21:36:52.579+0000] {logging_mixin.py:188} INFO - [2026-09-15T21:36:52.579+0000] {dag.py:3947} INFO - Setting next_dagrun for tutorial_taskflow_api to None, run_after=None
[2026-09-15T21:36:52.593+0000] {processor.py:183} INFO - Processing /home/airflow/.local/lib/python3.12/site-packages/airflow/example_dags/tutorial_taskflow_api.py took 0.053 seconds
[2026-09-15T21:37:23.556+0000] {processor.py:161} INFO - Started process (PID=8247) to work on /home/airflow/.local/lib/python3.12/site-packages/airflow/example_dags/tutorial_taskflow_api.py
[2026-09-15T21:37:23.557+0000] {processor.py:830} INFO - Processing file /home/airflow/.local/lib/python3.12/site-packages/airflow/example_dags/tutorial_taskflow_api.py for tasks to queue
[2026-09-15T21:37:23.560+0000] {logging_mixin.py:188} INFO - [2026-09-15T21:37:23.560+0000] {dagbag.py:545} INFO - Filling up the DagBag from /home/airflow/.local/lib/python3.12/site-packages/airflow/example_dags/tutorial_taskflow_api.py
[2026-09-15T21:37:23.565+0000] {processor.py:840} INFO - DAG(s) 'tutorial_taskflow_api' retrieved from /home/airflow/.local/lib/python3.12/site-packages/airflow/example_dags/tutorial_taskflow_api.py
[2026-09-15T21:37:23.584+0000] {logging_mixin.py:188} INFO - [2026-09-15T21:37:23.584+0000] {dag.py:3089} INFO - Sync 1 DAGs
[2026-09-15T21:37:23.594+0000] {logging_mixin.py:188} INFO - [2026-09-15T21:37:23.594+0000] {dag.py:3947} INFO - Setting next_dagrun for tutorial_taskflow_api to None, run_after=None
[2026-09-15T21:37:23.609+0000] {processor.py:183} INFO - Processing /home/airflow/.local/lib/python3.12/site-packages/airflow/example_dags/tutorial_taskflow_api.py took 0.058 seconds
[2026-09-15T21:37:54.118+0000] {processor.py:161} INFO - Started process (PID=8509) to work on /home/airflow/.local/lib/python3.12/site-packages/airflow/example_dags/tutorial_taskflow_api.py
[2026-09-15T21:37:54.120+0000] {processor.py:830} INFO - Processing file /home/airflow/.local/lib/python3.12/site-packages/airflow/example_dags/tutorial_taskflow_api.py for tasks to queue
[2026-09-15T21:37:54.123+0000] {logging_mixin.py:188} INFO - [2026-09-15T21:37:54.123+0000] {dagbag.py:545} INFO - Filling up the DagBag from /home/airflow/.local/lib/python3.12/site-packages/airflow/example_dags/tutorial_taskflow_api.py
[2026-09-15T21:37:54.132+0000] {processor.py:840} INFO - DAG(s) 'tutorial_taskflow_api' retrieved from /home/airflow/.local/lib/python3.12/site-packages/airflow/example_dags/tutorial_taskflow_api.py
[2026-09-15T21:37:54.159+0000] {logging_mixin.py:188} INFO - [2026-09-15T21:37:54.158+0000] {dag.py:3089} INFO - Sync 1 DAGs
[2026-09-15T21:37:54.177+0000] {logging_mixin.py:188} INFO - [2026-09-15T21:37:54.176+0000] {dag.py:3947} INFO - Setting next_dagrun for tutorial_taskflow_api to None, run_after=None
[2026-09-15T21:37:54.206+0000] {processor.py:183} INFO - Processing /home/airflow/.local/lib/python3.12/site-packages/airflow/example_dags/tutorial_taskflow_api.py took 0.094 seconds
[2026-09-15T21:38:24.290+0000] {processor.py:161} INFO - Started process (PID=8768) to work on /home/airflow/.local/lib/python3.12/site-packages/airflow/example_dags/tutorial_taskflow_api.py
[2026-09-15T21:38:24.292+0000] {processor.py:830} INFO - Processing file /home/airflow/.local/lib/python3.12/site-packages/airflow/example_dags/tutorial_taskflow_api.py for tasks to queue
[2026-09-15T21:38:24.294+0000] {logging_mixin.py:188} INFO - [2026-09-15T21:38:24.294+0000] {dagbag.py:545} INFO - Filling up the DagBag from /home/airflow/.local/lib/python3.12/site-packages/airflow/example_dags/tutorial_taskflow_api.py
[2026-09-15T21:38:24.299+0000] {processor.py:840} INFO - DAG(s) 'tutorial_taskflow_api' retrieved from /home/airflow/.local/lib/python3.12/site-packages/airflow/example_dags/tutorial_taskflow_api.py
[2026-09-15T21:38:24.317+0000] {logging_mixin.py:188} INFO - [2026-09-15T21:38:24.317+0000] {dag.py:3089} INFO - Sync 1 DAGs
[2026-09-15T21:38:24.327+0000] {logging_mixin.py:188} INFO - [2026-09-15T21:38:24.326+0000] {dag.py:3947} INFO - Setting next_dagrun for tutorial_taskflow_api to None, run_after=None
[2026-09-15T21:38:24.342+0000] {processor.py:183} INFO - Processing /home/airflow/.local/lib/python3.12/site-packages/airflow/example_dags/tutorial_taskflow_api.py took 0.057 seconds
[2026-09-15T21:38:54.577+0000] {processor.py:161} INFO - Started process (PID=9059) to work on /home/airflow/.local/lib/python3.12/site-packages/airflow/example_dags/tutorial_taskflow_api.py
[2026-09-15T21:38:54.578+0000] {processor.py:830} INFO - Processing file /home/airflow/.local/lib/python3.12/site-packages/airflow/example_dags/tutorial_taskflow_api.py for tasks to queue
[2026-09-15T21:38:54.580+0000] {logging_mixin.py:188} INFO - [2026-09-15T21:38:54.579+0000] {dagbag.py:545} INFO - Filling up the DagBag from /home/airflow/.local/lib/python3.12/site-packages/airflow/example_dags/tutorial_taskflow_api.py
[2026-09-15T21:38:54.584+0000] {processor.py:840} INFO - DAG(s) 'tutorial_taskflow_api' retrieved from /home/airflow/.local/lib/python3.12/site-packages/airflow/example_dags/tutorial_taskflow_api.py
[2026-09-15T21:38:54.600+0000] {logging_mixin.py:188} INFO - [2026-09-15T21:38:54.600+0000] {dag.py:3089} INFO - Sync 1 DAGs
[2026-09-15T21:38:54.609+0000] {logging_mixin.py:188} INFO - [2026-09-15T21:38:54.608+0000] {dag.py:3947} INFO - Setting next_dagrun for tutorial_taskflow_api to None, run_after=None
[2026-09-15T21:38:54.623+0000] {processor.py:183} INFO - Processing /home/airflow/.local/lib/python3.12/site-packages/airflow/example_dags/tutorial_taskflow_api.py took 0.050 seconds
[2026-09-15T21:39:24.895+0000] {processor.py:161} INFO - Started process (PID=9321) to work on /home/airflow/.local/lib/python3.12/site-packages/airflow/example_dags/tutorial_taskflow_api.py
[2026-09-15T21:39:24.896+0000] {processor.py:830} INFO - Processing file /home/airflow/.local/lib/python3.12/site-packages/airflow/example_dags/tutorial_taskflow_api.py for tasks to queue
[2026-09-15T21:39:24.899+0000] {logging_mixin.py:188} INFO - [2026-09-15T21:39:24.899+0000] {dagbag.py:545} INFO - Filling up the DagBag from /home/airflow/.local/lib/python3.12/site-packages/airflow/example_dags/tutorial_taskflow_api.py
[2026-09-15T21:39:24.905+0000] {processor.py:840} INFO - DAG(s) 'tutorial_taskflow_api' retrieved from /home/airflow/.local/lib/python3.12/site-packages/airflow/example_dags/tutorial_taskflow_api.py
[2026-09-15T21:39:24.927+0000] {logging_mixin.py:188} INFO - [2026-09-15T21:39:24.926+0000] {dag.py:3089} INFO - Sync 1 DAGs
[2026-09-15T21:39:24.941+0000] {logging_mixin.py:188} INFO - [2026-09-15T21:39:24.940+0000] {dag.py:3947} INFO - Setting next_dagrun for tutorial_taskflow_api to None, run_after=None
[2026-09-15T21:39:24.964+0000] {processor.py:183} INFO - Processing /home/airflow/.local/lib/python3.12/site-packages/airflow/example_dags/tutorial_taskflow_api.py took 0.075 seconds
[2026-09-15T21:39:56.004+0000] {processor.py:161} INFO - Started process (PID=9583) to work on /home/airflow/.local/lib/python3.12/site-packages/airflow/example_dags/tutorial_taskflow_api.py
[2026-09-15T21:39:56.005+0000] {processor.py:830} INFO - Processing file /home/airflow/.local/lib/python3.12/site-packages/airflow/example_dags/tutorial_taskflow_api.py for tasks to queue
[2026-09-15T21:39:56.007+0000] {logging_mixin.py:188} INFO - [2026-09-15T21:39:56.007+0000] {dagbag.py:545} INFO - Filling up the DagBag from /home/airflow/.local/lib/python3.12/site-packages/airflow/example_dags/tutorial_taskflow_api.py
[2026-09-15T21:39:56.012+0000] {processor.py:840} INFO - DAG(s) 'tutorial_taskflow_api' retrieved from /home/airflow/.local/lib/python3.12/site-packages/airflow/example_dags/tutorial_taskflow_api.py
[2026-09-15T21:39:56.027+0000] {logging_mixin.py:188} INFO - [2026-09-15T21:39:56.026+0000] {dag.py:3089} INFO - Sync 1 DAGs
[2026-09-15T21:39:56.035+0000] {logging_mixin.py:188} INFO - [2026-09-15T21:39:56.035+0000] {dag.py:3947} INFO - Setting next_dagrun for tutorial_taskflow_api to None, run_after=None
[2026-09-15T21:39:56.050+0000] {processor.py:183} INFO - Processing /home/airflow/.local/lib/python3.12/site-packages/airflow/example_dags/tutorial_taskflow_api.py took 0.049 seconds
[2026-09-15T21:40:26.176+0000] {processor.py:161} INFO - Started process (PID=9845) to work on /home/airflow/.local/lib/python3.12/site-packages/airflow/example_dags/tutorial_taskflow_api.py
[2026-09-15T21:40:26.177+0000] {processor.py:830} INFO - Processing file /home/airflow/.local/lib/python3.12/site-packages/airflow/example_dags/tutorial_taskflow_api.py for tasks to queue
[2026-09-15T21:40:26.182+0000] {logging_mixin.py:188} INFO - [2026-09-15T21:40:26.181+0000] {dagbag.py:545} INFO - Filling up the DagBag from /home/airflow/.local/lib/python3.12/site-packages/airflow/example_dags/tutorial_taskflow_api.py
[2026-09-15T21:40:26.195+0000] {processor.py:840} INFO - DAG(s) 'tutorial_taskflow_api' retrieved from /home/airflow/.local/lib/python3.12/site-packages/airflow/example_dags/tutorial_taskflow_api.py
[2026-09-15T21:40:26.233+0000] {logging_mixin.py:188} INFO - [2026-09-15T21:40:26.232+0000] {dag.py:3089} INFO - Sync 1 DAGs
[2026-09-15T21:40:26.245+0000] {logging_mixin.py:188} INFO - [2026-09-15T21:40:26.245+0000] {dag.py:3947} INFO - Setting next_dagrun for tutorial_taskflow_api to None, run_after=None
[2026-09-15T21:40:26.263+0000] {processor.py:183} INFO - Processing /home/airflow/.local/lib/python3.12/site-packages/airflow/example_dags/tutorial_taskflow_api.py took 0.094 seconds
[2026-09-15T21:40:56.876+0000] {processor.py:161} INFO - Started process (PID=10107) to work on /home/airflow/.local/lib/python3.12/site-packages/airflow/example_dags/tutorial_taskflow_api.py
[2026-09-15T21:40:56.878+0000] {processor.py:830} INFO - Processing file /home/airflow/.local/lib/python3.12/site-packages/airflow/example_dags/tutorial_taskflow_api.py for tasks to queue
[2026-09-15T21:40:56.880+0000] {logging_mixin.py:188} INFO - [2026-09-15T21:40:56.880+0000] {dagbag.py:545} INFO - Filling up the DagBag from /home/airflow/.local/lib/python3.12/site-packages/airflow/example_dags/tutorial_taskflow_api.py
[2026-09-15T21:40:56.886+0000] {processor.py:840} INFO - DAG(s) 'tutorial_taskflow_api' retrieved from /home/airflow/.local/lib/python3.12/site-packages/airflow/example_dags/tutorial_taskflow_api.py
[2026-09-15T21:40:56.904+0000] {logging_mixin.py:188} INFO - [2026-09-15T21:40:56.903+0000] {dag.py:3089} INFO - Sync 1 DAGs
[2026-09-15T21:40:56.915+0000] {logging_mixin.py:188} INFO - [2026-09-15T21:40:56.915+0000] {dag.py:3947} INFO - Setting next_dagrun for tutorial_taskflow_api to None, run_after=None
[2026-09-15T21:40:56.931+0000] {processor.py:183} INFO - Processing /home/airflow/.local/lib/python3.12/site-packages/airflow/example_dags/tutorial_taskflow_api.py took 0.059 seconds
[2026-09-15T21:41:27.864+0000] {processor.py:161} INFO - Started process (PID=10369) to work on /home/airflow/.local/lib/python3.12/site-packages/airflow/example_dags/tutorial_taskflow_api.py
[2026-09-15T21:41:27.866+0000] {processor.py:830} INFO - Processing file /home/airflow/.local/lib/python3.12/site-packages/airflow/example_dags/tutorial_taskflow_api.py for tasks to queue
[2026-09-15T21:41:27.867+0000] {logging_mixin.py:188} INFO - [2026-09-15T21:41:27.867+0000] {dagbag.py:545} INFO - Filling up the DagBag from /home/airflow/.local/lib/python3.12/site-packages/airflow/example_dags/tutorial_taskflow_api.py
[2026-09-15T21:41:27.873+0000] {processor.py:840} INFO - DAG(s) 'tutorial_taskflow_api' retrieved from /home/airflow/.local/lib/python3.12/site-packages/airflow/example_dags/tutorial_taskflow_api.py
[2026-09-15T21:41:27.893+0000] {logging_mixin.py:188} INFO - [2026-09-15T21:41:27.892+0000] {dag.py:3089} INFO - Sync 1 DAGs
[2026-09-15T21:41:27.903+0000] {logging_mixin.py:188} INFO - [2026-09-15T21:41:27.903+0000] {dag.py:3947} INFO - Setting next_dagrun for tutorial_taskflow_api to None, run_after=None
[2026-09-15T21:41:27.921+0000] {processor.py:183} INFO - Processing /home/airflow/.local/lib/python3.12/site-packages/airflow/example_dags/tutorial_taskflow_api.py took 0.062 seconds
[2026-09-15T21:41:58.561+0000] {processor.py:161} INFO - Started process (PID=10631) to work on /home/airflow/.local/lib/python3.12/site-packages/airflow/example_dags/tutorial_taskflow_api.py
[2026-09-15T21:41:58.563+0000] {processor.py:830} INFO - Processing file /home/airflow/.local/lib/python3.12/site-packages/airflow/example_dags/tutorial_taskflow_api.py for tasks to queue
[2026-09-15T21:41:58.566+0000] {logging_mixin.py:188} INFO - [2026-09-15T21:41:58.565+0000] {dagbag.py:545} INFO - Filling up the DagBag from /home/airflow/.local/lib/python3.12/site-packages/airflow/example_dags/tutorial_taskflow_api.py
[2026-09-15T21:41:58.573+0000] {processor.py:840} INFO - DAG(s) 'tutorial_taskflow_api' retrieved from /home/airflow/.local/lib/python3.12/site-packages/airflow/example_dags/tutorial_taskflow_api.py
[2026-09-15T21:41:58.593+0000] {logging_mixin.py:188} INFO - [2026-09-15T21:41:58.593+0000] {dag.py:3089} INFO - Sync 1 DAGs
[2026-09-15T21:41:58.770+0000] {logging_mixin.py:188} INFO - [2026-09-15T21:41:58.770+0000] {dag.py:3947} INFO - Setting next_dagrun for tutorial_taskflow_api to None, run_after=None
[2026-09-15T21:41:58.785+0000] {processor.py:183} INFO - Processing /home/airflow/.local/lib/python3.12/site-packages/airflow/example_dags/tutorial_taskflow_api.py took 0.230 seconds
[2026-09-15T21:42:29.204+0000] {processor.py:161} INFO - Started process (PID=10893) to work on /home/airflow/.local/lib/python3.12/site-packages/airflow/example_dags/tutorial_taskflow_api.py
[2026-09-15T21:42:29.205+0000] {processor.py:830} INFO - Processing file /home/airflow/.local/lib/python3.12/site-packages/airflow/example_dags/tutorial_taskflow_api.py for tasks to queue
[2026-09-15T21:42:29.207+0000] {logging_mixin.py:188} INFO - [2026-09-15T21:42:29.207+0000] {dagbag.py:545} INFO - Filling up the DagBag from /home/airflow/.local/lib/python3.12/site-packages/airflow/example_dags/tutorial_taskflow_api.py
[2026-09-15T21:42:29.212+0000] {processor.py:840} INFO - DAG(s) 'tutorial_taskflow_api' retrieved from /home/airflow/.local/lib/python3.12/site-packages/airflow/example_dags/tutorial_taskflow_api.py
[2026-09-15T21:42:29.231+0000] {logging_mixin.py:188} INFO - [2026-09-15T21:42:29.230+0000] {dag.py:3089} INFO - Sync 1 DAGs
[2026-09-15T21:42:29.241+0000] {logging_mixin.py:188} INFO - [2026-09-15T21:42:29.241+0000] {dag.py:3947} INFO - Setting next_dagrun for tutorial_taskflow_api to None, run_after=None
[2026-09-15T21:42:29.406+0000] {processor.py:183} INFO - Processing /home/airflow/.local/lib/python3.12/site-packages/airflow/example_dags/tutorial_taskflow_api.py took 0.206 seconds
[2026-09-15T21:42:59.730+0000] {processor.py:161} INFO - Started process (PID=11155) to work on /home/airflow/.local/lib/python3.12/site-packages/airflow/example_dags/tutorial_taskflow_api.py
[2026-09-15T21:42:59.731+0000] {processor.py:830} INFO - Processing file /home/airflow/.local/lib/python3.12/site-packages/airflow/example_dags/tutorial_taskflow_api.py for tasks to queue
[2026-09-15T21:42:59.733+0000] {logging_mixin.py:188} INFO - [2026-09-15T21:42:59.733+0000] {dagbag.py:545} INFO - Filling up the DagBag from /home/airflow/.local/lib/python3.12/site-packages/airflow/example_dags/tutorial_taskflow_api.py
[2026-09-15T21:42:59.738+0000] {processor.py:840} INFO - DAG(s) 'tutorial_taskflow_api' retrieved from /home/airflow/.local/lib/python3.12/site-packages/airflow/example_dags/tutorial_taskflow_api.py
[2026-09-15T21:42:59.755+0000] {logging_mixin.py:188} INFO - [2026-09-15T21:42:59.754+0000] {dag.py:3089} INFO - Sync 1 DAGs
[2026-09-15T21:42:59.764+0000] {logging_mixin.py:188} INFO - [2026-09-15T21:42:59.764+0000] {dag.py:3947} INFO - Setting next_dagrun for tutorial_taskflow_api to None, run_after=None
[2026-09-15T21:42:59.782+0000] {processor.py:183} INFO - Processing /home/airflow/.local/lib/python3.12/site-packages/airflow/example_dags/tutorial_taskflow_api.py took 0.056 seconds
[2026-09-15T21:43:29.998+0000] {processor.py:161} INFO - Started process (PID=11417) to work on /home/airflow/.local/lib/python3.12/site-packages/airflow/example_dags/tutorial_taskflow_api.py
[2026-09-15T21:43:30.000+0000] {processor.py:830} INFO - Processing file /home/airflow/.local/lib/python3.12/site-packages/airflow/example_dags/tutorial_taskflow_api.py for tasks to queue
[2026-09-15T21:43:30.002+0000] {logging_mixin.py:188} INFO - [2026-09-15T21:43:30.002+0000] {dagbag.py:545} INFO - Filling up the DagBag from /home/airflow/.local/lib/python3.12/site-packages/airflow/example_dags/tutorial_taskflow_api.py
[2026-09-15T21:43:30.007+0000] {processor.py:840} INFO - DAG(s) 'tutorial_taskflow_api' retrieved from /home/airflow/.local/lib/python3.12/site-packages/airflow/example_dags/tutorial_taskflow_api.py
[2026-09-15T21:43:30.027+0000] {logging_mixin.py:188} INFO - [2026-09-15T21:43:30.026+0000] {dag.py:3089} INFO - Sync 1 DAGs
[2026-09-15T21:43:30.037+0000] {logging_mixin.py:188} INFO - [2026-09-15T21:43:30.037+0000] {dag.py:3947} INFO - Setting next_dagrun for tutorial_taskflow_api to None, run_after=None
[2026-09-15T21:43:30.056+0000] {processor.py:183} INFO - Processing /home/airflow/.local/lib/python3.12/site-packages/airflow/example_dags/tutorial_taskflow_api.py took 0.064 seconds
[2026-09-15T21:44:00.111+0000] {processor.py:161} INFO - Started process (PID=11679) to work on /home/airflow/.local/lib/python3.12/site-packages/airflow/example_dags/tutorial_taskflow_api.py
[2026-09-15T21:44:00.112+0000] {processor.py:830} INFO - Processing file /home/airflow/.local/lib/python3.12/site-packages/airflow/example_dags/tutorial_taskflow_api.py for tasks to queue
[2026-09-15T21:44:00.114+0000] {logging_mixin.py:188} INFO - [2026-09-15T21:44:00.114+0000] {dagbag.py:545} INFO - Filling up the DagBag from /home/airflow/.local/lib/python3.12/site-packages/airflow/example_dags/tutorial_taskflow_api.py
[2026-09-15T21:44:00.119+0000] {processor.py:840} INFO - DAG(s) 'tutorial_taskflow_api' retrieved from /home/airflow/.local/lib/python3.12/site-packages/airflow/example_dags/tutorial_taskflow_api.py
[2026-09-15T21:44:00.136+0000] {logging_mixin.py:188} INFO - [2026-09-15T21:44:00.136+0000] {dag.py:3089} INFO - Sync 1 DAGs
[2026-09-15T21:44:00.147+0000] {logging_mixin.py:188} INFO - [2026-09-15T21:44:00.147+0000] {dag.py:3947} INFO - Setting next_dagrun for tutorial_taskflow_api to None, run_after=None
[2026-09-15T21:44:00.162+0000] {processor.py:183} INFO - Processing /home/airflow/.local/lib/python3.12/site-packages/airflow/example_dags/tutorial_taskflow_api.py took 0.055 seconds
[2026-09-15T21:44:30.324+0000] {processor.py:161} INFO - Started process (PID=11941) to work on /home/airflow/.local/lib/python3.12/site-packages/airflow/example_dags/tutorial_taskflow_api.py
[2026-09-15T21:44:30.326+0000] {processor.py:830} INFO - Processing file /home/airflow/.local/lib/python3.12/site-packages/airflow/example_dags/tutorial_taskflow_api.py for tasks to queue
[2026-09-15T21:44:30.329+0000] {logging_mixin.py:188} INFO - [2026-09-15T21:44:30.329+0000] {dagbag.py:545} INFO - Filling up the DagBag from /home/airflow/.local/lib/python3.12/site-packages/airflow/example_dags/tutorial_taskflow_api.py
[2026-09-15T21:44:30.335+0000] {processor.py:840} INFO - DAG(s) 'tutorial_taskflow_api' retrieved from /home/airflow/.local/lib/python3.12/site-packages/airflow/example_dags/tutorial_taskflow_api.py
[2026-09-15T21:44:30.356+0000] {logging_mixin.py:188} INFO - [2026-09-15T21:44:30.356+0000] {dag.py:3089} INFO - Sync 1 DAGs
[2026-09-15T21:44:30.366+0000] {logging_mixin.py:188} INFO - [2026-09-15T21:44:30.366+0000] {dag.py:3947} INFO - Setting next_dagrun for tutorial_taskflow_api to None, run_after=None
[2026-09-15T21:44:30.383+0000] {processor.py:183} INFO - Processing /home/airflow/.local/lib/python3.12/site-packages/airflow/example_dags/tutorial_taskflow_api.py took 0.065 seconds
