[2026-09-26T19:47:46.429+0000] {processor.py:161} INFO - Started process (PID=179) to work on /opt/airflow/dags/lcbo_pipeline_dag.py
[2026-09-26T19:47:46.431+0000] {processor.py:830} INFO - Processing file /opt/airflow/dags/lcbo_pipeline_dag.py for tasks to queue
[2026-09-26T19:47:46.434+0000] {logging_mixin.py:188} INFO - [2026-09-26T19:47:46.433+0000] {dagbag.py:545} INFO - Filling up the DagBag from /opt/airflow/dags/lcbo_pipeline_dag.py
[2026-09-26T19:47:46.492+0000] {processor.py:840} INFO - DAG(s) 'medallion_settlement_pipeline' retrieved from /opt/airflow/dags/lcbo_pipeline_dag.py
[2026-09-26T19:47:46.737+0000] {logging_mixin.py:188} INFO - [2026-09-26T19:47:46.736+0000] {dag.py:3089} INFO - Sync 1 DAGs
[2026-09-26T19:47:46.749+0000] {logging_mixin.py:188} INFO - [2026-09-26T19:47:46.749+0000] {dag.py:3947} INFO - Setting next_dagrun for medallion_settlement_pipeline to None, run_after=None
[2026-09-26T19:47:46.770+0000] {processor.py:183} INFO - Processing /opt/airflow/dags/lcbo_pipeline_dag.py took 0.347 seconds
[2026-09-26T19:48:16.966+0000] {processor.py:161} INFO - Started process (PID=196) to work on /opt/airflow/dags/lcbo_pipeline_dag.py
[2026-09-26T19:48:16.968+0000] {processor.py:830} INFO - Processing file /opt/airflow/dags/lcbo_pipeline_dag.py for tasks to queue
[2026-09-26T19:48:16.970+0000] {logging_mixin.py:188} INFO - [2026-09-26T19:48:16.970+0000] {dagbag.py:545} INFO - Filling up the DagBag from /opt/airflow/dags/lcbo_pipeline_dag.py
[2026-09-26T19:48:17.011+0000] {processor.py:840} INFO - DAG(s) 'medallion_settlement_pipeline' retrieved from /opt/airflow/dags/lcbo_pipeline_dag.py
[2026-09-26T19:48:17.031+0000] {logging_mixin.py:188} INFO - [2026-09-26T19:48:17.031+0000] {dag.py:3089} INFO - Sync 1 DAGs
[2026-09-26T19:48:17.043+0000] {logging_mixin.py:188} INFO - [2026-09-26T19:48:17.043+0000] {dag.py:3947} INFO - Setting next_dagrun for medallion_settlement_pipeline to None, run_after=None
[2026-09-26T19:48:17.059+0000] {processor.py:183} INFO - Processing /opt/airflow/dags/lcbo_pipeline_dag.py took 0.099 seconds
[2026-09-26T19:48:47.141+0000] {processor.py:161} INFO - Started process (PID=207) to work on /opt/airflow/dags/lcbo_pipeline_dag.py
[2026-09-26T19:48:47.143+0000] {processor.py:830} INFO - Processing file /opt/airflow/dags/lcbo_pipeline_dag.py for tasks to queue
[2026-09-26T19:48:47.145+0000] {logging_mixin.py:188} INFO - [2026-09-26T19:48:47.145+0000] {dagbag.py:545} INFO - Filling up the DagBag from /opt/airflow/dags/lcbo_pipeline_dag.py
[2026-09-26T19:48:47.183+0000] {processor.py:840} INFO - DAG(s) 'medallion_settlement_pipeline' retrieved from /opt/airflow/dags/lcbo_pipeline_dag.py
[2026-09-26T19:48:47.203+0000] {logging_mixin.py:188} INFO - [2026-09-26T19:48:47.202+0000] {dag.py:3089} INFO - Sync 1 DAGs
[2026-09-26T19:48:47.215+0000] {logging_mixin.py:188} INFO - [2026-09-26T19:48:47.215+0000] {dag.py:3947} INFO - Setting next_dagrun for medallion_settlement_pipeline to None, run_after=None
[2026-09-26T19:48:47.233+0000] {processor.py:183} INFO - Processing /opt/airflow/dags/lcbo_pipeline_dag.py took 0.095 seconds
[2026-09-26T19:49:17.418+0000] {processor.py:161} INFO - Started process (PID=218) to work on /opt/airflow/dags/lcbo_pipeline_dag.py
[2026-09-26T19:49:17.420+0000] {processor.py:830} INFO - Processing file /opt/airflow/dags/lcbo_pipeline_dag.py for tasks to queue
[2026-09-26T19:49:17.422+0000] {logging_mixin.py:188} INFO - [2026-09-26T19:49:17.422+0000] {dagbag.py:545} INFO - Filling up the DagBag from /opt/airflow/dags/lcbo_pipeline_dag.py
[2026-09-26T19:49:17.453+0000] {processor.py:840} INFO - DAG(s) 'medallion_settlement_pipeline' retrieved from /opt/airflow/dags/lcbo_pipeline_dag.py
[2026-09-26T19:49:17.470+0000] {logging_mixin.py:188} INFO - [2026-09-26T19:49:17.470+0000] {dag.py:3089} INFO - Sync 1 DAGs
[2026-09-26T19:49:17.481+0000] {logging_mixin.py:188} INFO - [2026-09-26T19:49:17.481+0000] {dag.py:3947} INFO - Setting next_dagrun for medallion_settlement_pipeline to None, run_after=None
[2026-09-26T19:49:17.497+0000] {processor.py:183} INFO - Processing /opt/airflow/dags/lcbo_pipeline_dag.py took 0.082 seconds
[2026-09-26T19:49:47.610+0000] {processor.py:161} INFO - Started process (PID=229) to work on /opt/airflow/dags/lcbo_pipeline_dag.py
[2026-09-26T19:49:47.611+0000] {processor.py:830} INFO - Processing file /opt/airflow/dags/lcbo_pipeline_dag.py for tasks to queue
[2026-09-26T19:49:47.612+0000] {logging_mixin.py:188} INFO - [2026-09-26T19:49:47.612+0000] {dagbag.py:545} INFO - Filling up the DagBag from /opt/airflow/dags/lcbo_pipeline_dag.py
[2026-09-26T19:49:47.644+0000] {processor.py:840} INFO - DAG(s) 'medallion_settlement_pipeline' retrieved from /opt/airflow/dags/lcbo_pipeline_dag.py
[2026-09-26T19:49:47.661+0000] {logging_mixin.py:188} INFO - [2026-09-26T19:49:47.661+0000] {dag.py:3089} INFO - Sync 1 DAGs
[2026-09-26T19:49:47.671+0000] {logging_mixin.py:188} INFO - [2026-09-26T19:49:47.671+0000] {dag.py:3947} INFO - Setting next_dagrun for medallion_settlement_pipeline to None, run_after=None
[2026-09-26T19:49:47.687+0000] {processor.py:183} INFO - Processing /opt/airflow/dags/lcbo_pipeline_dag.py took 0.081 seconds
[2026-09-26T19:50:17.847+0000] {processor.py:161} INFO - Started process (PID=240) to work on /opt/airflow/dags/lcbo_pipeline_dag.py
[2026-09-26T19:50:17.848+0000] {processor.py:830} INFO - Processing file /opt/airflow/dags/lcbo_pipeline_dag.py for tasks to queue
[2026-09-26T19:50:17.851+0000] {logging_mixin.py:188} INFO - [2026-09-26T19:50:17.850+0000] {dagbag.py:545} INFO - Filling up the DagBag from /opt/airflow/dags/lcbo_pipeline_dag.py
[2026-09-26T19:50:17.888+0000] {processor.py:840} INFO - DAG(s) 'medallion_settlement_pipeline' retrieved from /opt/airflow/dags/lcbo_pipeline_dag.py
[2026-09-26T19:50:17.909+0000] {logging_mixin.py:188} INFO - [2026-09-26T19:50:17.909+0000] {dag.py:3089} INFO - Sync 1 DAGs
[2026-09-26T19:50:17.922+0000] {logging_mixin.py:188} INFO - [2026-09-26T19:50:17.922+0000] {dag.py:3947} INFO - Setting next_dagrun for medallion_settlement_pipeline to None, run_after=None
[2026-09-26T19:50:17.941+0000] {processor.py:183} INFO - Processing /opt/airflow/dags/lcbo_pipeline_dag.py took 0.098 seconds
[2026-09-26T19:50:48.046+0000] {processor.py:161} INFO - Started process (PID=251) to work on /opt/airflow/dags/lcbo_pipeline_dag.py
[2026-09-26T19:50:48.047+0000] {processor.py:830} INFO - Processing file /opt/airflow/dags/lcbo_pipeline_dag.py for tasks to queue
[2026-09-26T19:50:48.048+0000] {logging_mixin.py:188} INFO - [2026-09-26T19:50:48.048+0000] {dagbag.py:545} INFO - Filling up the DagBag from /opt/airflow/dags/lcbo_pipeline_dag.py
[2026-09-26T19:50:48.080+0000] {processor.py:840} INFO - DAG(s) 'medallion_settlement_pipeline' retrieved from /opt/airflow/dags/lcbo_pipeline_dag.py
[2026-09-26T19:50:48.098+0000] {logging_mixin.py:188} INFO - [2026-09-26T19:50:48.098+0000] {dag.py:3089} INFO - Sync 1 DAGs
[2026-09-26T19:50:48.106+0000] {logging_mixin.py:188} INFO - [2026-09-26T19:50:48.106+0000] {dag.py:3947} INFO - Setting next_dagrun for medallion_settlement_pipeline to None, run_after=None
[2026-09-26T19:50:48.122+0000] {processor.py:183} INFO - Processing /opt/airflow/dags/lcbo_pipeline_dag.py took 0.080 seconds
[2026-09-26T19:51:18.308+0000] {processor.py:161} INFO - Started process (PID=263) to work on /opt/airflow/dags/lcbo_pipeline_dag.py
[2026-09-26T19:51:18.309+0000] {processor.py:830} INFO - Processing file /opt/airflow/dags/lcbo_pipeline_dag.py for tasks to queue
[2026-09-26T19:51:18.311+0000] {logging_mixin.py:188} INFO - [2026-09-26T19:51:18.311+0000] {dagbag.py:545} INFO - Filling up the DagBag from /opt/airflow/dags/lcbo_pipeline_dag.py
[2026-09-26T19:51:18.341+0000] {processor.py:840} INFO - DAG(s) 'medallion_settlement_pipeline' retrieved from /opt/airflow/dags/lcbo_pipeline_dag.py
[2026-09-26T19:51:18.356+0000] {logging_mixin.py:188} INFO - [2026-09-26T19:51:18.356+0000] {dag.py:3089} INFO - Sync 1 DAGs
[2026-09-26T19:51:18.365+0000] {logging_mixin.py:188} INFO - [2026-09-26T19:51:18.364+0000] {dag.py:3947} INFO - Setting next_dagrun for medallion_settlement_pipeline to None, run_after=None
[2026-09-26T19:51:18.380+0000] {processor.py:183} INFO - Processing /opt/airflow/dags/lcbo_pipeline_dag.py took 0.076 seconds
[2026-09-26T19:51:48.508+0000] {processor.py:161} INFO - Started process (PID=274) to work on /opt/airflow/dags/lcbo_pipeline_dag.py
[2026-09-26T19:51:48.509+0000] {processor.py:830} INFO - Processing file /opt/airflow/dags/lcbo_pipeline_dag.py for tasks to queue
[2026-09-26T19:51:48.511+0000] {logging_mixin.py:188} INFO - [2026-09-26T19:51:48.511+0000] {dagbag.py:545} INFO - Filling up the DagBag from /opt/airflow/dags/lcbo_pipeline_dag.py
[2026-09-26T19:51:48.542+0000] {processor.py:840} INFO - DAG(s) 'medallion_settlement_pipeline' retrieved from /opt/airflow/dags/lcbo_pipeline_dag.py
[2026-09-26T19:51:48.560+0000] {logging_mixin.py:188} INFO - [2026-09-26T19:51:48.560+0000] {dag.py:3089} INFO - Sync 1 DAGs
[2026-09-26T19:51:48.572+0000] {logging_mixin.py:188} INFO - [2026-09-26T19:51:48.572+0000] {dag.py:3947} INFO - Setting next_dagrun for medallion_settlement_pipeline to None, run_after=None
[2026-09-26T19:51:48.589+0000] {processor.py:183} INFO - Processing /opt/airflow/dags/lcbo_pipeline_dag.py took 0.085 seconds
[2026-09-26T19:52:18.734+0000] {processor.py:161} INFO - Started process (PID=285) to work on /opt/airflow/dags/lcbo_pipeline_dag.py
[2026-09-26T19:52:18.735+0000] {processor.py:830} INFO - Processing file /opt/airflow/dags/lcbo_pipeline_dag.py for tasks to queue
[2026-09-26T19:52:18.737+0000] {logging_mixin.py:188} INFO - [2026-09-26T19:52:18.736+0000] {dagbag.py:545} INFO - Filling up the DagBag from /opt/airflow/dags/lcbo_pipeline_dag.py
[2026-09-26T19:52:18.766+0000] {processor.py:840} INFO - DAG(s) 'medallion_settlement_pipeline' retrieved from /opt/airflow/dags/lcbo_pipeline_dag.py
[2026-09-26T19:52:18.781+0000] {logging_mixin.py:188} INFO - [2026-09-26T19:52:18.781+0000] {dag.py:3089} INFO - Sync 1 DAGs
[2026-09-26T19:52:18.791+0000] {logging_mixin.py:188} INFO - [2026-09-26T19:52:18.791+0000] {dag.py:3947} INFO - Setting next_dagrun for medallion_settlement_pipeline to None, run_after=None
[2026-09-26T19:52:18.809+0000] {processor.py:183} INFO - Processing /opt/airflow/dags/lcbo_pipeline_dag.py took 0.079 seconds
[2026-09-26T19:52:48.978+0000] {processor.py:161} INFO - Started process (PID=296) to work on /opt/airflow/dags/lcbo_pipeline_dag.py
[2026-09-26T19:52:48.980+0000] {processor.py:830} INFO - Processing file /opt/airflow/dags/lcbo_pipeline_dag.py for tasks to queue
[2026-09-26T19:52:48.982+0000] {logging_mixin.py:188} INFO - [2026-09-26T19:52:48.982+0000] {dagbag.py:545} INFO - Filling up the DagBag from /opt/airflow/dags/lcbo_pipeline_dag.py
[2026-09-26T19:52:49.018+0000] {processor.py:840} INFO - DAG(s) 'medallion_settlement_pipeline' retrieved from /opt/airflow/dags/lcbo_pipeline_dag.py
[2026-09-26T19:52:49.036+0000] {logging_mixin.py:188} INFO - [2026-09-26T19:52:49.036+0000] {dag.py:3089} INFO - Sync 1 DAGs
[2026-09-26T19:52:49.046+0000] {logging_mixin.py:188} INFO - [2026-09-26T19:52:49.046+0000] {dag.py:3947} INFO - Setting next_dagrun for medallion_settlement_pipeline to None, run_after=None
[2026-09-26T19:52:49.064+0000] {processor.py:183} INFO - Processing /opt/airflow/dags/lcbo_pipeline_dag.py took 0.090 seconds
[2026-09-26T19:53:19.170+0000] {processor.py:161} INFO - Started process (PID=307) to work on /opt/airflow/dags/lcbo_pipeline_dag.py
[2026-09-26T19:53:19.172+0000] {processor.py:830} INFO - Processing file /opt/airflow/dags/lcbo_pipeline_dag.py for tasks to queue
[2026-09-26T19:53:19.173+0000] {logging_mixin.py:188} INFO - [2026-09-26T19:53:19.173+0000] {dagbag.py:545} INFO - Filling up the DagBag from /opt/airflow/dags/lcbo_pipeline_dag.py
[2026-09-26T19:53:19.208+0000] {processor.py:840} INFO - DAG(s) 'medallion_settlement_pipeline' retrieved from /opt/airflow/dags/lcbo_pipeline_dag.py
[2026-09-26T19:53:19.227+0000] {logging_mixin.py:188} INFO - [2026-09-26T19:53:19.227+0000] {dag.py:3089} INFO - Sync 1 DAGs
[2026-09-26T19:53:19.237+0000] {logging_mixin.py:188} INFO - [2026-09-26T19:53:19.237+0000] {dag.py:3947} INFO - Setting next_dagrun for medallion_settlement_pipeline to None, run_after=None
[2026-09-26T19:53:19.255+0000] {processor.py:183} INFO - Processing /opt/airflow/dags/lcbo_pipeline_dag.py took 0.089 seconds
[2026-09-26T19:53:49.421+0000] {processor.py:161} INFO - Started process (PID=318) to work on /opt/airflow/dags/lcbo_pipeline_dag.py
[2026-09-26T19:53:49.422+0000] {processor.py:830} INFO - Processing file /opt/airflow/dags/lcbo_pipeline_dag.py for tasks to queue
[2026-09-26T19:53:49.424+0000] {logging_mixin.py:188} INFO - [2026-09-26T19:53:49.424+0000] {dagbag.py:545} INFO - Filling up the DagBag from /opt/airflow/dags/lcbo_pipeline_dag.py
[2026-09-26T19:53:49.459+0000] {processor.py:840} INFO - DAG(s) 'medallion_settlement_pipeline' retrieved from /opt/airflow/dags/lcbo_pipeline_dag.py
[2026-09-26T19:53:49.479+0000] {logging_mixin.py:188} INFO - [2026-09-26T19:53:49.479+0000] {dag.py:3089} INFO - Sync 1 DAGs
[2026-09-26T19:53:49.490+0000] {logging_mixin.py:188} INFO - [2026-09-26T19:53:49.490+0000] {dag.py:3947} INFO - Setting next_dagrun for medallion_settlement_pipeline to None, run_after=None
[2026-09-26T19:53:49.511+0000] {processor.py:183} INFO - Processing /opt/airflow/dags/lcbo_pipeline_dag.py took 0.094 seconds
[2026-09-26T19:54:19.597+0000] {processor.py:161} INFO - Started process (PID=329) to work on /opt/airflow/dags/lcbo_pipeline_dag.py
[2026-09-26T19:54:19.598+0000] {processor.py:830} INFO - Processing file /opt/airflow/dags/lcbo_pipeline_dag.py for tasks to queue
[2026-09-26T19:54:19.600+0000] {logging_mixin.py:188} INFO - [2026-09-26T19:54:19.600+0000] {dagbag.py:545} INFO - Filling up the DagBag from /opt/airflow/dags/lcbo_pipeline_dag.py
[2026-09-26T19:54:19.636+0000] {processor.py:840} INFO - DAG(s) 'medallion_settlement_pipeline' retrieved from /opt/airflow/dags/lcbo_pipeline_dag.py
[2026-09-26T19:54:19.655+0000] {logging_mixin.py:188} INFO - [2026-09-26T19:54:19.655+0000] {dag.py:3089} INFO - Sync 1 DAGs
[2026-09-26T19:54:19.666+0000] {logging_mixin.py:188} INFO - [2026-09-26T19:54:19.666+0000] {dag.py:3947} INFO - Setting next_dagrun for medallion_settlement_pipeline to None, run_after=None
[2026-09-26T19:54:19.684+0000] {processor.py:183} INFO - Processing /opt/airflow/dags/lcbo_pipeline_dag.py took 0.092 seconds
[2026-09-26T19:54:49.847+0000] {processor.py:161} INFO - Started process (PID=430) to work on /opt/airflow/dags/lcbo_pipeline_dag.py
[2026-09-26T19:54:49.849+0000] {processor.py:830} INFO - Processing file /opt/airflow/dags/lcbo_pipeline_dag.py for tasks to queue
[2026-09-26T19:54:49.852+0000] {logging_mixin.py:188} INFO - [2026-09-26T19:54:49.851+0000] {dagbag.py:545} INFO - Filling up the DagBag from /opt/airflow/dags/lcbo_pipeline_dag.py
[2026-09-26T19:54:49.891+0000] {processor.py:840} INFO - DAG(s) 'medallion_settlement_pipeline' retrieved from /opt/airflow/dags/lcbo_pipeline_dag.py
[2026-09-26T19:54:49.912+0000] {logging_mixin.py:188} INFO - [2026-09-26T19:54:49.911+0000] {dag.py:3089} INFO - Sync 1 DAGs
[2026-09-26T19:54:49.927+0000] {logging_mixin.py:188} INFO - [2026-09-26T19:54:49.927+0000] {dag.py:3947} INFO - Setting next_dagrun for medallion_settlement_pipeline to None, run_after=None
[2026-09-26T19:54:49.949+0000] {processor.py:183} INFO - Processing /opt/airflow/dags/lcbo_pipeline_dag.py took 0.107 seconds
[2026-09-26T19:55:20.026+0000] {processor.py:161} INFO - Started process (PID=484) to work on /opt/airflow/dags/lcbo_pipeline_dag.py
[2026-09-26T19:55:20.027+0000] {processor.py:830} INFO - Processing file /opt/airflow/dags/lcbo_pipeline_dag.py for tasks to queue
[2026-09-26T19:55:20.029+0000] {logging_mixin.py:188} INFO - [2026-09-26T19:55:20.029+0000] {dagbag.py:545} INFO - Filling up the DagBag from /opt/airflow/dags/lcbo_pipeline_dag.py
[2026-09-26T19:55:20.065+0000] {processor.py:840} INFO - DAG(s) 'medallion_settlement_pipeline' retrieved from /opt/airflow/dags/lcbo_pipeline_dag.py
[2026-09-26T19:55:20.085+0000] {logging_mixin.py:188} INFO - [2026-09-26T19:55:20.084+0000] {dag.py:3089} INFO - Sync 1 DAGs
[2026-09-26T19:55:20.094+0000] {logging_mixin.py:188} INFO - [2026-09-26T19:55:20.094+0000] {dag.py:3947} INFO - Setting next_dagrun for medallion_settlement_pipeline to None, run_after=None
[2026-09-26T19:55:20.112+0000] {processor.py:183} INFO - Processing /opt/airflow/dags/lcbo_pipeline_dag.py took 0.090 seconds
[2026-09-26T19:55:50.304+0000] {processor.py:161} INFO - Started process (PID=495) to work on /opt/airflow/dags/lcbo_pipeline_dag.py
[2026-09-26T19:55:50.305+0000] {processor.py:830} INFO - Processing file /opt/airflow/dags/lcbo_pipeline_dag.py for tasks to queue
[2026-09-26T19:55:50.307+0000] {logging_mixin.py:188} INFO - [2026-09-26T19:55:50.306+0000] {dagbag.py:545} INFO - Filling up the DagBag from /opt/airflow/dags/lcbo_pipeline_dag.py
[2026-09-26T19:55:50.339+0000] {processor.py:840} INFO - DAG(s) 'medallion_settlement_pipeline' retrieved from /opt/airflow/dags/lcbo_pipeline_dag.py
[2026-09-26T19:55:50.357+0000] {logging_mixin.py:188} INFO - [2026-09-26T19:55:50.357+0000] {dag.py:3089} INFO - Sync 1 DAGs
[2026-09-26T19:55:50.369+0000] {logging_mixin.py:188} INFO - [2026-09-26T19:55:50.369+0000] {dag.py:3947} INFO - Setting next_dagrun for medallion_settlement_pipeline to None, run_after=None
[2026-09-26T19:55:50.388+0000] {processor.py:183} INFO - Processing /opt/airflow/dags/lcbo_pipeline_dag.py took 0.088 seconds
[2026-09-26T19:56:20.503+0000] {processor.py:161} INFO - Started process (PID=507) to work on /opt/airflow/dags/lcbo_pipeline_dag.py
[2026-09-26T19:56:20.504+0000] {processor.py:830} INFO - Processing file /opt/airflow/dags/lcbo_pipeline_dag.py for tasks to queue
[2026-09-26T19:56:20.508+0000] {logging_mixin.py:188} INFO - [2026-09-26T19:56:20.507+0000] {dagbag.py:545} INFO - Filling up the DagBag from /opt/airflow/dags/lcbo_pipeline_dag.py
[2026-09-26T19:56:20.549+0000] {processor.py:840} INFO - DAG(s) 'medallion_settlement_pipeline' retrieved from /opt/airflow/dags/lcbo_pipeline_dag.py
[2026-09-26T19:56:20.570+0000] {logging_mixin.py:188} INFO - [2026-09-26T19:56:20.570+0000] {dag.py:3089} INFO - Sync 1 DAGs
[2026-09-26T19:56:20.581+0000] {logging_mixin.py:188} INFO - [2026-09-26T19:56:20.581+0000] {dag.py:3947} INFO - Setting next_dagrun for medallion_settlement_pipeline to None, run_after=None
[2026-09-26T19:56:20.600+0000] {processor.py:183} INFO - Processing /opt/airflow/dags/lcbo_pipeline_dag.py took 0.103 seconds
[2026-09-26T19:56:50.736+0000] {processor.py:161} INFO - Started process (PID=518) to work on /opt/airflow/dags/lcbo_pipeline_dag.py
[2026-09-26T19:56:50.737+0000] {processor.py:830} INFO - Processing file /opt/airflow/dags/lcbo_pipeline_dag.py for tasks to queue
[2026-09-26T19:56:50.739+0000] {logging_mixin.py:188} INFO - [2026-09-26T19:56:50.739+0000] {dagbag.py:545} INFO - Filling up the DagBag from /opt/airflow/dags/lcbo_pipeline_dag.py
[2026-09-26T19:56:50.771+0000] {processor.py:840} INFO - DAG(s) 'medallion_settlement_pipeline' retrieved from /opt/airflow/dags/lcbo_pipeline_dag.py
[2026-09-26T19:56:50.790+0000] {logging_mixin.py:188} INFO - [2026-09-26T19:56:50.790+0000] {dag.py:3089} INFO - Sync 1 DAGs
[2026-09-26T19:56:50.799+0000] {logging_mixin.py:188} INFO - [2026-09-26T19:56:50.798+0000] {dag.py:3947} INFO - Setting next_dagrun for medallion_settlement_pipeline to None, run_after=None
[2026-09-26T19:56:50.814+0000] {processor.py:183} INFO - Processing /opt/airflow/dags/lcbo_pipeline_dag.py took 0.083 seconds
[2026-09-26T19:57:20.939+0000] {processor.py:161} INFO - Started process (PID=529) to work on /opt/airflow/dags/lcbo_pipeline_dag.py
[2026-09-26T19:57:20.941+0000] {processor.py:830} INFO - Processing file /opt/airflow/dags/lcbo_pipeline_dag.py for tasks to queue
[2026-09-26T19:57:20.942+0000] {logging_mixin.py:188} INFO - [2026-09-26T19:57:20.942+0000] {dagbag.py:545} INFO - Filling up the DagBag from /opt/airflow/dags/lcbo_pipeline_dag.py
[2026-09-26T19:57:20.974+0000] {processor.py:840} INFO - DAG(s) 'medallion_settlement_pipeline' retrieved from /opt/airflow/dags/lcbo_pipeline_dag.py
[2026-09-26T19:57:20.990+0000] {logging_mixin.py:188} INFO - [2026-09-26T19:57:20.989+0000] {dag.py:3089} INFO - Sync 1 DAGs
[2026-09-26T19:57:20.998+0000] {logging_mixin.py:188} INFO - [2026-09-26T19:57:20.998+0000] {dag.py:3947} INFO - Setting next_dagrun for medallion_settlement_pipeline to None, run_after=None
[2026-09-26T19:57:21.015+0000] {processor.py:183} INFO - Processing /opt/airflow/dags/lcbo_pipeline_dag.py took 0.080 seconds
[2026-09-26T19:57:51.199+0000] {processor.py:161} INFO - Started process (PID=540) to work on /opt/airflow/dags/lcbo_pipeline_dag.py
[2026-09-26T19:57:51.200+0000] {processor.py:830} INFO - Processing file /opt/airflow/dags/lcbo_pipeline_dag.py for tasks to queue
[2026-09-26T19:57:51.202+0000] {logging_mixin.py:188} INFO - [2026-09-26T19:57:51.202+0000] {dagbag.py:545} INFO - Filling up the DagBag from /opt/airflow/dags/lcbo_pipeline_dag.py
[2026-09-26T19:57:51.236+0000] {processor.py:840} INFO - DAG(s) 'medallion_settlement_pipeline' retrieved from /opt/airflow/dags/lcbo_pipeline_dag.py
[2026-09-26T19:57:51.254+0000] {logging_mixin.py:188} INFO - [2026-09-26T19:57:51.254+0000] {dag.py:3089} INFO - Sync 1 DAGs
[2026-09-26T19:57:51.264+0000] {logging_mixin.py:188} INFO - [2026-09-26T19:57:51.264+0000] {dag.py:3947} INFO - Setting next_dagrun for medallion_settlement_pipeline to None, run_after=None
[2026-09-26T19:57:51.281+0000] {processor.py:183} INFO - Processing /opt/airflow/dags/lcbo_pipeline_dag.py took 0.087 seconds
[2026-09-26T19:58:21.384+0000] {processor.py:161} INFO - Started process (PID=551) to work on /opt/airflow/dags/lcbo_pipeline_dag.py
[2026-09-26T19:58:21.386+0000] {processor.py:830} INFO - Processing file /opt/airflow/dags/lcbo_pipeline_dag.py for tasks to queue
[2026-09-26T19:58:21.388+0000] {logging_mixin.py:188} INFO - [2026-09-26T19:58:21.388+0000] {dagbag.py:545} INFO - Filling up the DagBag from /opt/airflow/dags/lcbo_pipeline_dag.py
[2026-09-26T19:58:21.429+0000] {processor.py:840} INFO - DAG(s) 'medallion_settlement_pipeline' retrieved from /opt/airflow/dags/lcbo_pipeline_dag.py
[2026-09-26T19:58:21.452+0000] {logging_mixin.py:188} INFO - [2026-09-26T19:58:21.452+0000] {dag.py:3089} INFO - Sync 1 DAGs
[2026-09-26T19:58:21.463+0000] {logging_mixin.py:188} INFO - [2026-09-26T19:58:21.463+0000] {dag.py:3947} INFO - Setting next_dagrun for medallion_settlement_pipeline to None, run_after=None
[2026-09-26T19:58:21.480+0000] {processor.py:183} INFO - Processing /opt/airflow/dags/lcbo_pipeline_dag.py took 0.102 seconds
[2026-09-26T19:58:51.628+0000] {processor.py:161} INFO - Started process (PID=562) to work on /opt/airflow/dags/lcbo_pipeline_dag.py
[2026-09-26T19:58:51.629+0000] {processor.py:830} INFO - Processing file /opt/airflow/dags/lcbo_pipeline_dag.py for tasks to queue
[2026-09-26T19:58:51.631+0000] {logging_mixin.py:188} INFO - [2026-09-26T19:58:51.630+0000] {dagbag.py:545} INFO - Filling up the DagBag from /opt/airflow/dags/lcbo_pipeline_dag.py
[2026-09-26T19:58:51.660+0000] {processor.py:840} INFO - DAG(s) 'medallion_settlement_pipeline' retrieved from /opt/airflow/dags/lcbo_pipeline_dag.py
[2026-09-26T19:58:51.676+0000] {logging_mixin.py:188} INFO - [2026-09-26T19:58:51.676+0000] {dag.py:3089} INFO - Sync 1 DAGs
[2026-09-26T19:58:51.686+0000] {logging_mixin.py:188} INFO - [2026-09-26T19:58:51.686+0000] {dag.py:3947} INFO - Setting next_dagrun for medallion_settlement_pipeline to None, run_after=None
[2026-09-26T19:58:51.702+0000] {processor.py:183} INFO - Processing /opt/airflow/dags/lcbo_pipeline_dag.py took 0.079 seconds
[2026-09-26T19:59:21.837+0000] {processor.py:161} INFO - Started process (PID=573) to work on /opt/airflow/dags/lcbo_pipeline_dag.py
[2026-09-26T19:59:21.838+0000] {processor.py:830} INFO - Processing file /opt/airflow/dags/lcbo_pipeline_dag.py for tasks to queue
[2026-09-26T19:59:21.839+0000] {logging_mixin.py:188} INFO - [2026-09-26T19:59:21.839+0000] {dagbag.py:545} INFO - Filling up the DagBag from /opt/airflow/dags/lcbo_pipeline_dag.py
[2026-09-26T19:59:21.875+0000] {processor.py:840} INFO - DAG(s) 'medallion_settlement_pipeline' retrieved from /opt/airflow/dags/lcbo_pipeline_dag.py
[2026-09-26T19:59:21.892+0000] {logging_mixin.py:188} INFO - [2026-09-26T19:59:21.892+0000] {dag.py:3089} INFO - Sync 1 DAGs
[2026-09-26T19:59:21.902+0000] {logging_mixin.py:188} INFO - [2026-09-26T19:59:21.902+0000] {dag.py:3947} INFO - Setting next_dagrun for medallion_settlement_pipeline to None, run_after=None
[2026-09-26T19:59:21.919+0000] {processor.py:183} INFO - Processing /opt/airflow/dags/lcbo_pipeline_dag.py took 0.086 seconds
[2026-09-26T19:59:52.076+0000] {processor.py:161} INFO - Started process (PID=584) to work on /opt/airflow/dags/lcbo_pipeline_dag.py
[2026-09-26T19:59:52.077+0000] {processor.py:830} INFO - Processing file /opt/airflow/dags/lcbo_pipeline_dag.py for tasks to queue
[2026-09-26T19:59:52.079+0000] {logging_mixin.py:188} INFO - [2026-09-26T19:59:52.078+0000] {dagbag.py:545} INFO - Filling up the DagBag from /opt/airflow/dags/lcbo_pipeline_dag.py
[2026-09-26T19:59:52.110+0000] {processor.py:840} INFO - DAG(s) 'medallion_settlement_pipeline' retrieved from /opt/airflow/dags/lcbo_pipeline_dag.py
[2026-09-26T19:59:52.127+0000] {logging_mixin.py:188} INFO - [2026-09-26T19:59:52.126+0000] {dag.py:3089} INFO - Sync 1 DAGs
[2026-09-26T19:59:52.135+0000] {logging_mixin.py:188} INFO - [2026-09-26T19:59:52.135+0000] {dag.py:3947} INFO - Setting next_dagrun for medallion_settlement_pipeline to None, run_after=None
[2026-09-26T19:59:52.150+0000] {processor.py:183} INFO - Processing /opt/airflow/dags/lcbo_pipeline_dag.py took 0.078 seconds
[2026-09-26T20:00:22.272+0000] {processor.py:161} INFO - Started process (PID=595) to work on /opt/airflow/dags/lcbo_pipeline_dag.py
[2026-09-26T20:00:22.273+0000] {processor.py:830} INFO - Processing file /opt/airflow/dags/lcbo_pipeline_dag.py for tasks to queue
[2026-09-26T20:00:22.275+0000] {logging_mixin.py:188} INFO - [2026-09-26T20:00:22.275+0000] {dagbag.py:545} INFO - Filling up the DagBag from /opt/airflow/dags/lcbo_pipeline_dag.py
[2026-09-26T20:00:22.308+0000] {processor.py:840} INFO - DAG(s) 'medallion_settlement_pipeline' retrieved from /opt/airflow/dags/lcbo_pipeline_dag.py
[2026-09-26T20:00:22.323+0000] {logging_mixin.py:188} INFO - [2026-09-26T20:00:22.323+0000] {dag.py:3089} INFO - Sync 1 DAGs
[2026-09-26T20:00:22.334+0000] {logging_mixin.py:188} INFO - [2026-09-26T20:00:22.334+0000] {dag.py:3947} INFO - Setting next_dagrun for medallion_settlement_pipeline to None, run_after=None
[2026-09-26T20:00:22.350+0000] {processor.py:183} INFO - Processing /opt/airflow/dags/lcbo_pipeline_dag.py took 0.083 seconds
[2026-09-26T20:00:52.519+0000] {processor.py:161} INFO - Started process (PID=606) to work on /opt/airflow/dags/lcbo_pipeline_dag.py
[2026-09-26T20:00:52.520+0000] {processor.py:830} INFO - Processing file /opt/airflow/dags/lcbo_pipeline_dag.py for tasks to queue
[2026-09-26T20:00:52.522+0000] {logging_mixin.py:188} INFO - [2026-09-26T20:00:52.522+0000] {dagbag.py:545} INFO - Filling up the DagBag from /opt/airflow/dags/lcbo_pipeline_dag.py
[2026-09-26T20:00:52.552+0000] {processor.py:840} INFO - DAG(s) 'medallion_settlement_pipeline' retrieved from /opt/airflow/dags/lcbo_pipeline_dag.py
[2026-09-26T20:00:52.568+0000] {logging_mixin.py:188} INFO - [2026-09-26T20:00:52.568+0000] {dag.py:3089} INFO - Sync 1 DAGs
[2026-09-26T20:00:52.578+0000] {logging_mixin.py:188} INFO - [2026-09-26T20:00:52.577+0000] {dag.py:3947} INFO - Setting next_dagrun for medallion_settlement_pipeline to None, run_after=None
[2026-09-26T20:00:52.592+0000] {processor.py:183} INFO - Processing /opt/airflow/dags/lcbo_pipeline_dag.py took 0.076 seconds
[2026-09-26T20:01:22.719+0000] {processor.py:161} INFO - Started process (PID=617) to work on /opt/airflow/dags/lcbo_pipeline_dag.py
[2026-09-26T20:01:22.720+0000] {processor.py:830} INFO - Processing file /opt/airflow/dags/lcbo_pipeline_dag.py for tasks to queue
[2026-09-26T20:01:22.722+0000] {logging_mixin.py:188} INFO - [2026-09-26T20:01:22.722+0000] {dagbag.py:545} INFO - Filling up the DagBag from /opt/airflow/dags/lcbo_pipeline_dag.py
[2026-09-26T20:01:22.757+0000] {processor.py:840} INFO - DAG(s) 'medallion_settlement_pipeline' retrieved from /opt/airflow/dags/lcbo_pipeline_dag.py
[2026-09-26T20:01:22.776+0000] {logging_mixin.py:188} INFO - [2026-09-26T20:01:22.776+0000] {dag.py:3089} INFO - Sync 1 DAGs
[2026-09-26T20:01:22.786+0000] {logging_mixin.py:188} INFO - [2026-09-26T20:01:22.786+0000] {dag.py:3947} INFO - Setting next_dagrun for medallion_settlement_pipeline to None, run_after=None
[2026-09-26T20:01:22.802+0000] {processor.py:183} INFO - Processing /opt/airflow/dags/lcbo_pipeline_dag.py took 0.088 seconds
[2026-09-26T20:01:52.959+0000] {processor.py:161} INFO - Started process (PID=628) to work on /opt/airflow/dags/lcbo_pipeline_dag.py
[2026-09-26T20:01:52.960+0000] {processor.py:830} INFO - Processing file /opt/airflow/dags/lcbo_pipeline_dag.py for tasks to queue
[2026-09-26T20:01:52.962+0000] {logging_mixin.py:188} INFO - [2026-09-26T20:01:52.962+0000] {dagbag.py:545} INFO - Filling up the DagBag from /opt/airflow/dags/lcbo_pipeline_dag.py
[2026-09-26T20:01:52.992+0000] {processor.py:840} INFO - DAG(s) 'medallion_settlement_pipeline' retrieved from /opt/airflow/dags/lcbo_pipeline_dag.py
[2026-09-26T20:01:53.007+0000] {logging_mixin.py:188} INFO - [2026-09-26T20:01:53.007+0000] {dag.py:3089} INFO - Sync 1 DAGs
[2026-09-26T20:01:53.016+0000] {logging_mixin.py:188} INFO - [2026-09-26T20:01:53.016+0000] {dag.py:3947} INFO - Setting next_dagrun for medallion_settlement_pipeline to None, run_after=None
[2026-09-26T20:01:53.030+0000] {processor.py:183} INFO - Processing /opt/airflow/dags/lcbo_pipeline_dag.py took 0.074 seconds
[2026-09-26T20:02:23.177+0000] {processor.py:161} INFO - Started process (PID=639) to work on /opt/airflow/dags/lcbo_pipeline_dag.py
[2026-09-26T20:02:23.178+0000] {processor.py:830} INFO - Processing file /opt/airflow/dags/lcbo_pipeline_dag.py for tasks to queue
[2026-09-26T20:02:23.180+0000] {logging_mixin.py:188} INFO - [2026-09-26T20:02:23.179+0000] {dagbag.py:545} INFO - Filling up the DagBag from /opt/airflow/dags/lcbo_pipeline_dag.py
[2026-09-26T20:02:23.209+0000] {processor.py:840} INFO - DAG(s) 'medallion_settlement_pipeline' retrieved from /opt/airflow/dags/lcbo_pipeline_dag.py
[2026-09-26T20:02:23.224+0000] {logging_mixin.py:188} INFO - [2026-09-26T20:02:23.224+0000] {dag.py:3089} INFO - Sync 1 DAGs
[2026-09-26T20:02:23.233+0000] {logging_mixin.py:188} INFO - [2026-09-26T20:02:23.233+0000] {dag.py:3947} INFO - Setting next_dagrun for medallion_settlement_pipeline to None, run_after=None
[2026-09-26T20:02:23.248+0000] {processor.py:183} INFO - Processing /opt/airflow/dags/lcbo_pipeline_dag.py took 0.075 seconds
[2026-09-26T20:02:53.439+0000] {processor.py:161} INFO - Started process (PID=650) to work on /opt/airflow/dags/lcbo_pipeline_dag.py
[2026-09-26T20:02:53.440+0000] {processor.py:830} INFO - Processing file /opt/airflow/dags/lcbo_pipeline_dag.py for tasks to queue
[2026-09-26T20:02:53.442+0000] {logging_mixin.py:188} INFO - [2026-09-26T20:02:53.442+0000] {dagbag.py:545} INFO - Filling up the DagBag from /opt/airflow/dags/lcbo_pipeline_dag.py
[2026-09-26T20:02:53.475+0000] {processor.py:840} INFO - DAG(s) 'medallion_settlement_pipeline' retrieved from /opt/airflow/dags/lcbo_pipeline_dag.py
[2026-09-26T20:02:53.492+0000] {logging_mixin.py:188} INFO - [2026-09-26T20:02:53.492+0000] {dag.py:3089} INFO - Sync 1 DAGs
[2026-09-26T20:02:53.503+0000] {logging_mixin.py:188} INFO - [2026-09-26T20:02:53.502+0000] {dag.py:3947} INFO - Setting next_dagrun for medallion_settlement_pipeline to None, run_after=None
[2026-09-26T20:02:53.517+0000] {processor.py:183} INFO - Processing /opt/airflow/dags/lcbo_pipeline_dag.py took 0.083 seconds
[2026-09-26T20:03:23.629+0000] {processor.py:161} INFO - Started process (PID=661) to work on /opt/airflow/dags/lcbo_pipeline_dag.py
[2026-09-26T20:03:23.630+0000] {processor.py:830} INFO - Processing file /opt/airflow/dags/lcbo_pipeline_dag.py for tasks to queue
[2026-09-26T20:03:23.631+0000] {logging_mixin.py:188} INFO - [2026-09-26T20:03:23.631+0000] {dagbag.py:545} INFO - Filling up the DagBag from /opt/airflow/dags/lcbo_pipeline_dag.py
[2026-09-26T20:03:23.664+0000] {processor.py:840} INFO - DAG(s) 'medallion_settlement_pipeline' retrieved from /opt/airflow/dags/lcbo_pipeline_dag.py
[2026-09-26T20:03:23.682+0000] {logging_mixin.py:188} INFO - [2026-09-26T20:03:23.682+0000] {dag.py:3089} INFO - Sync 1 DAGs
[2026-09-26T20:03:23.692+0000] {logging_mixin.py:188} INFO - [2026-09-26T20:03:23.692+0000] {dag.py:3947} INFO - Setting next_dagrun for medallion_settlement_pipeline to None, run_after=None
[2026-09-26T20:03:23.709+0000] {processor.py:183} INFO - Processing /opt/airflow/dags/lcbo_pipeline_dag.py took 0.084 seconds
[2026-09-26T20:03:53.864+0000] {processor.py:161} INFO - Started process (PID=672) to work on /opt/airflow/dags/lcbo_pipeline_dag.py
[2026-09-26T20:03:53.865+0000] {processor.py:830} INFO - Processing file /opt/airflow/dags/lcbo_pipeline_dag.py for tasks to queue
[2026-09-26T20:03:53.866+0000] {logging_mixin.py:188} INFO - [2026-09-26T20:03:53.866+0000] {dagbag.py:545} INFO - Filling up the DagBag from /opt/airflow/dags/lcbo_pipeline_dag.py
[2026-09-26T20:03:53.897+0000] {processor.py:840} INFO - DAG(s) 'medallion_settlement_pipeline' retrieved from /opt/airflow/dags/lcbo_pipeline_dag.py
[2026-09-26T20:03:53.912+0000] {logging_mixin.py:188} INFO - [2026-09-26T20:03:53.912+0000] {dag.py:3089} INFO - Sync 1 DAGs
[2026-09-26T20:03:53.920+0000] {logging_mixin.py:188} INFO - [2026-09-26T20:03:53.920+0000] {dag.py:3947} INFO - Setting next_dagrun for medallion_settlement_pipeline to None, run_after=None
[2026-09-26T20:03:53.935+0000] {processor.py:183} INFO - Processing /opt/airflow/dags/lcbo_pipeline_dag.py took 0.075 seconds
[2026-09-26T20:04:24.054+0000] {processor.py:161} INFO - Started process (PID=683) to work on /opt/airflow/dags/lcbo_pipeline_dag.py
[2026-09-26T20:04:24.055+0000] {processor.py:830} INFO - Processing file /opt/airflow/dags/lcbo_pipeline_dag.py for tasks to queue
[2026-09-26T20:04:24.056+0000] {logging_mixin.py:188} INFO - [2026-09-26T20:04:24.056+0000] {dagbag.py:545} INFO - Filling up the DagBag from /opt/airflow/dags/lcbo_pipeline_dag.py
[2026-09-26T20:04:24.087+0000] {processor.py:840} INFO - DAG(s) 'medallion_settlement_pipeline' retrieved from /opt/airflow/dags/lcbo_pipeline_dag.py
[2026-09-26T20:04:24.102+0000] {logging_mixin.py:188} INFO - [2026-09-26T20:04:24.102+0000] {dag.py:3089} INFO - Sync 1 DAGs
[2026-09-26T20:04:24.111+0000] {logging_mixin.py:188} INFO - [2026-09-26T20:04:24.110+0000] {dag.py:3947} INFO - Setting next_dagrun for medallion_settlement_pipeline to None, run_after=None
[2026-09-26T20:04:24.124+0000] {processor.py:183} INFO - Processing /opt/airflow/dags/lcbo_pipeline_dag.py took 0.074 seconds
[2026-09-26T20:04:54.314+0000] {processor.py:161} INFO - Started process (PID=694) to work on /opt/airflow/dags/lcbo_pipeline_dag.py
[2026-09-26T20:04:54.315+0000] {processor.py:830} INFO - Processing file /opt/airflow/dags/lcbo_pipeline_dag.py for tasks to queue
[2026-09-26T20:04:54.317+0000] {logging_mixin.py:188} INFO - [2026-09-26T20:04:54.316+0000] {dagbag.py:545} INFO - Filling up the DagBag from /opt/airflow/dags/lcbo_pipeline_dag.py
[2026-09-26T20:04:54.351+0000] {processor.py:840} INFO - DAG(s) 'medallion_settlement_pipeline' retrieved from /opt/airflow/dags/lcbo_pipeline_dag.py
[2026-09-26T20:04:54.366+0000] {logging_mixin.py:188} INFO - [2026-09-26T20:04:54.366+0000] {dag.py:3089} INFO - Sync 1 DAGs
[2026-09-26T20:04:54.376+0000] {logging_mixin.py:188} INFO - [2026-09-26T20:04:54.376+0000] {dag.py:3947} INFO - Setting next_dagrun for medallion_settlement_pipeline to None, run_after=None
[2026-09-26T20:04:54.391+0000] {processor.py:183} INFO - Processing /opt/airflow/dags/lcbo_pipeline_dag.py took 0.080 seconds
[2026-09-26T20:05:24.510+0000] {processor.py:161} INFO - Started process (PID=705) to work on /opt/airflow/dags/lcbo_pipeline_dag.py
[2026-09-26T20:05:24.511+0000] {processor.py:830} INFO - Processing file /opt/airflow/dags/lcbo_pipeline_dag.py for tasks to queue
[2026-09-26T20:05:24.513+0000] {logging_mixin.py:188} INFO - [2026-09-26T20:05:24.512+0000] {dagbag.py:545} INFO - Filling up the DagBag from /opt/airflow/dags/lcbo_pipeline_dag.py
[2026-09-26T20:05:24.542+0000] {processor.py:840} INFO - DAG(s) 'medallion_settlement_pipeline' retrieved from /opt/airflow/dags/lcbo_pipeline_dag.py
[2026-09-26T20:05:24.558+0000] {logging_mixin.py:188} INFO - [2026-09-26T20:05:24.557+0000] {dag.py:3089} INFO - Sync 1 DAGs
[2026-09-26T20:05:24.566+0000] {logging_mixin.py:188} INFO - [2026-09-26T20:05:24.566+0000] {dag.py:3947} INFO - Setting next_dagrun for medallion_settlement_pipeline to None, run_after=None
[2026-09-26T20:05:24.579+0000] {processor.py:183} INFO - Processing /opt/airflow/dags/lcbo_pipeline_dag.py took 0.073 seconds
[2026-09-26T20:05:54.762+0000] {processor.py:161} INFO - Started process (PID=716) to work on /opt/airflow/dags/lcbo_pipeline_dag.py
[2026-09-26T20:05:54.763+0000] {processor.py:830} INFO - Processing file /opt/airflow/dags/lcbo_pipeline_dag.py for tasks to queue
[2026-09-26T20:05:54.764+0000] {logging_mixin.py:188} INFO - [2026-09-26T20:05:54.764+0000] {dagbag.py:545} INFO - Filling up the DagBag from /opt/airflow/dags/lcbo_pipeline_dag.py
[2026-09-26T20:05:54.794+0000] {processor.py:840} INFO - DAG(s) 'medallion_settlement_pipeline' retrieved from /opt/airflow/dags/lcbo_pipeline_dag.py
[2026-09-26T20:05:54.810+0000] {logging_mixin.py:188} INFO - [2026-09-26T20:05:54.810+0000] {dag.py:3089} INFO - Sync 1 DAGs
[2026-09-26T20:05:54.822+0000] {logging_mixin.py:188} INFO - [2026-09-26T20:05:54.821+0000] {dag.py:3947} INFO - Setting next_dagrun for medallion_settlement_pipeline to None, run_after=None
[2026-09-26T20:05:54.836+0000] {processor.py:183} INFO - Processing /opt/airflow/dags/lcbo_pipeline_dag.py took 0.078 seconds
[2026-09-26T20:06:24.956+0000] {processor.py:161} INFO - Started process (PID=727) to work on /opt/airflow/dags/lcbo_pipeline_dag.py
[2026-09-26T20:06:24.957+0000] {processor.py:830} INFO - Processing file /opt/airflow/dags/lcbo_pipeline_dag.py for tasks to queue
[2026-09-26T20:06:24.959+0000] {logging_mixin.py:188} INFO - [2026-09-26T20:06:24.959+0000] {dagbag.py:545} INFO - Filling up the DagBag from /opt/airflow/dags/lcbo_pipeline_dag.py
[2026-09-26T20:06:24.996+0000] {processor.py:840} INFO - DAG(s) 'medallion_settlement_pipeline' retrieved from /opt/airflow/dags/lcbo_pipeline_dag.py
[2026-09-26T20:06:25.016+0000] {logging_mixin.py:188} INFO - [2026-09-26T20:06:25.016+0000] {dag.py:3089} INFO - Sync 1 DAGs
[2026-09-26T20:06:25.025+0000] {logging_mixin.py:188} INFO - [2026-09-26T20:06:25.025+0000] {dag.py:3947} INFO - Setting next_dagrun for medallion_settlement_pipeline to None, run_after=None
[2026-09-26T20:06:25.042+0000] {processor.py:183} INFO - Processing /opt/airflow/dags/lcbo_pipeline_dag.py took 0.090 seconds
[2026-09-26T20:06:55.216+0000] {processor.py:161} INFO - Started process (PID=738) to work on /opt/airflow/dags/lcbo_pipeline_dag.py
[2026-09-26T20:06:55.217+0000] {processor.py:830} INFO - Processing file /opt/airflow/dags/lcbo_pipeline_dag.py for tasks to queue
[2026-09-26T20:06:55.219+0000] {logging_mixin.py:188} INFO - [2026-09-26T20:06:55.218+0000] {dagbag.py:545} INFO - Filling up the DagBag from /opt/airflow/dags/lcbo_pipeline_dag.py
[2026-09-26T20:06:55.250+0000] {processor.py:840} INFO - DAG(s) 'medallion_settlement_pipeline' retrieved from /opt/airflow/dags/lcbo_pipeline_dag.py
[2026-09-26T20:06:55.266+0000] {logging_mixin.py:188} INFO - [2026-09-26T20:06:55.265+0000] {dag.py:3089} INFO - Sync 1 DAGs
[2026-09-26T20:06:55.275+0000] {logging_mixin.py:188} INFO - [2026-09-26T20:06:55.274+0000] {dag.py:3947} INFO - Setting next_dagrun for medallion_settlement_pipeline to None, run_after=None
[2026-09-26T20:06:55.289+0000] {processor.py:183} INFO - Processing /opt/airflow/dags/lcbo_pipeline_dag.py took 0.077 seconds
[2026-09-26T20:07:25.408+0000] {processor.py:161} INFO - Started process (PID=749) to work on /opt/airflow/dags/lcbo_pipeline_dag.py
[2026-09-26T20:07:25.409+0000] {processor.py:830} INFO - Processing file /opt/airflow/dags/lcbo_pipeline_dag.py for tasks to queue
[2026-09-26T20:07:25.411+0000] {logging_mixin.py:188} INFO - [2026-09-26T20:07:25.411+0000] {dagbag.py:545} INFO - Filling up the DagBag from /opt/airflow/dags/lcbo_pipeline_dag.py
[2026-09-26T20:07:25.445+0000] {processor.py:840} INFO - DAG(s) 'medallion_settlement_pipeline' retrieved from /opt/airflow/dags/lcbo_pipeline_dag.py
[2026-09-26T20:07:25.462+0000] {logging_mixin.py:188} INFO - [2026-09-26T20:07:25.462+0000] {dag.py:3089} INFO - Sync 1 DAGs
[2026-09-26T20:07:25.471+0000] {logging_mixin.py:188} INFO - [2026-09-26T20:07:25.471+0000] {dag.py:3947} INFO - Setting next_dagrun for medallion_settlement_pipeline to None, run_after=None
[2026-09-26T20:07:25.488+0000] {processor.py:183} INFO - Processing /opt/airflow/dags/lcbo_pipeline_dag.py took 0.084 seconds
[2026-09-26T20:07:55.677+0000] {processor.py:161} INFO - Started process (PID=760) to work on /opt/airflow/dags/lcbo_pipeline_dag.py
[2026-09-26T20:07:55.678+0000] {processor.py:830} INFO - Processing file /opt/airflow/dags/lcbo_pipeline_dag.py for tasks to queue
[2026-09-26T20:07:55.679+0000] {logging_mixin.py:188} INFO - [2026-09-26T20:07:55.679+0000] {dagbag.py:545} INFO - Filling up the DagBag from /opt/airflow/dags/lcbo_pipeline_dag.py
[2026-09-26T20:07:55.712+0000] {processor.py:840} INFO - DAG(s) 'medallion_settlement_pipeline' retrieved from /opt/airflow/dags/lcbo_pipeline_dag.py
[2026-09-26T20:07:55.728+0000] {logging_mixin.py:188} INFO - [2026-09-26T20:07:55.728+0000] {dag.py:3089} INFO - Sync 1 DAGs
[2026-09-26T20:07:55.737+0000] {logging_mixin.py:188} INFO - [2026-09-26T20:07:55.736+0000] {dag.py:3947} INFO - Setting next_dagrun for medallion_settlement_pipeline to None, run_after=None
[2026-09-26T20:07:55.752+0000] {processor.py:183} INFO - Processing /opt/airflow/dags/lcbo_pipeline_dag.py took 0.079 seconds
[2026-09-26T20:08:25.866+0000] {processor.py:161} INFO - Started process (PID=771) to work on /opt/airflow/dags/lcbo_pipeline_dag.py
[2026-09-26T20:08:25.867+0000] {processor.py:830} INFO - Processing file /opt/airflow/dags/lcbo_pipeline_dag.py for tasks to queue
[2026-09-26T20:08:25.869+0000] {logging_mixin.py:188} INFO - [2026-09-26T20:08:25.869+0000] {dagbag.py:545} INFO - Filling up the DagBag from /opt/airflow/dags/lcbo_pipeline_dag.py
[2026-09-26T20:08:25.903+0000] {processor.py:840} INFO - DAG(s) 'medallion_settlement_pipeline' retrieved from /opt/airflow/dags/lcbo_pipeline_dag.py
[2026-09-26T20:08:25.921+0000] {logging_mixin.py:188} INFO - [2026-09-26T20:08:25.920+0000] {dag.py:3089} INFO - Sync 1 DAGs
[2026-09-26T20:08:25.930+0000] {logging_mixin.py:188} INFO - [2026-09-26T20:08:25.929+0000] {dag.py:3947} INFO - Setting next_dagrun for medallion_settlement_pipeline to None, run_after=None
[2026-09-26T20:08:25.948+0000] {processor.py:183} INFO - Processing /opt/airflow/dags/lcbo_pipeline_dag.py took 0.086 seconds
[2026-09-26T20:08:56.094+0000] {processor.py:161} INFO - Started process (PID=782) to work on /opt/airflow/dags/lcbo_pipeline_dag.py
[2026-09-26T20:08:56.095+0000] {processor.py:830} INFO - Processing file /opt/airflow/dags/lcbo_pipeline_dag.py for tasks to queue
[2026-09-26T20:08:56.097+0000] {logging_mixin.py:188} INFO - [2026-09-26T20:08:56.097+0000] {dagbag.py:545} INFO - Filling up the DagBag from /opt/airflow/dags/lcbo_pipeline_dag.py
[2026-09-26T20:08:56.130+0000] {processor.py:840} INFO - DAG(s) 'medallion_settlement_pipeline' retrieved from /opt/airflow/dags/lcbo_pipeline_dag.py
[2026-09-26T20:08:56.149+0000] {logging_mixin.py:188} INFO - [2026-09-26T20:08:56.149+0000] {dag.py:3089} INFO - Sync 1 DAGs
[2026-09-26T20:08:56.159+0000] {logging_mixin.py:188} INFO - [2026-09-26T20:08:56.159+0000] {dag.py:3947} INFO - Setting next_dagrun for medallion_settlement_pipeline to None, run_after=None
[2026-09-26T20:08:56.177+0000] {processor.py:183} INFO - Processing /opt/airflow/dags/lcbo_pipeline_dag.py took 0.088 seconds
[2026-09-26T20:09:26.284+0000] {processor.py:161} INFO - Started process (PID=864) to work on /opt/airflow/dags/lcbo_pipeline_dag.py
[2026-09-26T20:09:26.285+0000] {processor.py:830} INFO - Processing file /opt/airflow/dags/lcbo_pipeline_dag.py for tasks to queue
[2026-09-26T20:09:26.288+0000] {logging_mixin.py:188} INFO - [2026-09-26T20:09:26.287+0000] {dagbag.py:545} INFO - Filling up the DagBag from /opt/airflow/dags/lcbo_pipeline_dag.py
[2026-09-26T20:09:26.326+0000] {processor.py:840} INFO - DAG(s) 'medallion_settlement_pipeline' retrieved from /opt/airflow/dags/lcbo_pipeline_dag.py
[2026-09-26T20:09:26.346+0000] {logging_mixin.py:188} INFO - [2026-09-26T20:09:26.345+0000] {dag.py:3089} INFO - Sync 1 DAGs
[2026-09-26T20:09:26.357+0000] {logging_mixin.py:188} INFO - [2026-09-26T20:09:26.357+0000] {dag.py:3947} INFO - Setting next_dagrun for medallion_settlement_pipeline to None, run_after=None
[2026-09-26T20:09:26.374+0000] {processor.py:183} INFO - Processing /opt/airflow/dags/lcbo_pipeline_dag.py took 0.096 seconds
[2026-09-26T20:09:56.513+0000] {processor.py:161} INFO - Started process (PID=921) to work on /opt/airflow/dags/lcbo_pipeline_dag.py
[2026-09-26T20:09:56.515+0000] {processor.py:830} INFO - Processing file /opt/airflow/dags/lcbo_pipeline_dag.py for tasks to queue
[2026-09-26T20:09:56.518+0000] {logging_mixin.py:188} INFO - [2026-09-26T20:09:56.518+0000] {dagbag.py:545} INFO - Filling up the DagBag from /opt/airflow/dags/lcbo_pipeline_dag.py
[2026-09-26T20:09:56.563+0000] {processor.py:840} INFO - DAG(s) 'medallion_settlement_pipeline' retrieved from /opt/airflow/dags/lcbo_pipeline_dag.py
[2026-09-26T20:09:56.585+0000] {logging_mixin.py:188} INFO - [2026-09-26T20:09:56.585+0000] {dag.py:3089} INFO - Sync 1 DAGs
[2026-09-26T20:09:56.596+0000] {logging_mixin.py:188} INFO - [2026-09-26T20:09:56.596+0000] {dag.py:3947} INFO - Setting next_dagrun for medallion_settlement_pipeline to None, run_after=None
[2026-09-26T20:09:56.620+0000] {processor.py:183} INFO - Processing /opt/airflow/dags/lcbo_pipeline_dag.py took 0.113 seconds
[2026-09-26T20:10:26.717+0000] {processor.py:161} INFO - Started process (PID=932) to work on /opt/airflow/dags/lcbo_pipeline_dag.py
[2026-09-26T20:10:26.718+0000] {processor.py:830} INFO - Processing file /opt/airflow/dags/lcbo_pipeline_dag.py for tasks to queue
[2026-09-26T20:10:26.720+0000] {logging_mixin.py:188} INFO - [2026-09-26T20:10:26.720+0000] {dagbag.py:545} INFO - Filling up the DagBag from /opt/airflow/dags/lcbo_pipeline_dag.py
[2026-09-26T20:10:26.753+0000] {processor.py:840} INFO - DAG(s) 'medallion_settlement_pipeline' retrieved from /opt/airflow/dags/lcbo_pipeline_dag.py
[2026-09-26T20:10:26.769+0000] {logging_mixin.py:188} INFO - [2026-09-26T20:10:26.768+0000] {dag.py:3089} INFO - Sync 1 DAGs
[2026-09-26T20:10:26.778+0000] {logging_mixin.py:188} INFO - [2026-09-26T20:10:26.777+0000] {dag.py:3947} INFO - Setting next_dagrun for medallion_settlement_pipeline to None, run_after=None
[2026-09-26T20:10:26.792+0000] {processor.py:183} INFO - Processing /opt/airflow/dags/lcbo_pipeline_dag.py took 0.080 seconds
[2026-09-26T20:10:56.966+0000] {processor.py:161} INFO - Started process (PID=943) to work on /opt/airflow/dags/lcbo_pipeline_dag.py
[2026-09-26T20:10:56.967+0000] {processor.py:830} INFO - Processing file /opt/airflow/dags/lcbo_pipeline_dag.py for tasks to queue
[2026-09-26T20:10:56.968+0000] {logging_mixin.py:188} INFO - [2026-09-26T20:10:56.968+0000] {dagbag.py:545} INFO - Filling up the DagBag from /opt/airflow/dags/lcbo_pipeline_dag.py
[2026-09-26T20:10:57.006+0000] {processor.py:840} INFO - DAG(s) 'medallion_settlement_pipeline' retrieved from /opt/airflow/dags/lcbo_pipeline_dag.py
[2026-09-26T20:10:57.027+0000] {logging_mixin.py:188} INFO - [2026-09-26T20:10:57.027+0000] {dag.py:3089} INFO - Sync 1 DAGs
[2026-09-26T20:10:57.036+0000] {logging_mixin.py:188} INFO - [2026-09-26T20:10:57.036+0000] {dag.py:3947} INFO - Setting next_dagrun for medallion_settlement_pipeline to None, run_after=None
[2026-09-26T20:10:57.050+0000] {processor.py:183} INFO - Processing /opt/airflow/dags/lcbo_pipeline_dag.py took 0.089 seconds
[2026-09-26T20:11:27.154+0000] {processor.py:161} INFO - Started process (PID=954) to work on /opt/airflow/dags/lcbo_pipeline_dag.py
[2026-09-26T20:11:27.155+0000] {processor.py:830} INFO - Processing file /opt/airflow/dags/lcbo_pipeline_dag.py for tasks to queue
[2026-09-26T20:11:27.157+0000] {logging_mixin.py:188} INFO - [2026-09-26T20:11:27.157+0000] {dagbag.py:545} INFO - Filling up the DagBag from /opt/airflow/dags/lcbo_pipeline_dag.py
[2026-09-26T20:11:27.188+0000] {processor.py:840} INFO - DAG(s) 'medallion_settlement_pipeline' retrieved from /opt/airflow/dags/lcbo_pipeline_dag.py
[2026-09-26T20:11:27.204+0000] {logging_mixin.py:188} INFO - [2026-09-26T20:11:27.204+0000] {dag.py:3089} INFO - Sync 1 DAGs
[2026-09-26T20:11:27.214+0000] {logging_mixin.py:188} INFO - [2026-09-26T20:11:27.213+0000] {dag.py:3947} INFO - Setting next_dagrun for medallion_settlement_pipeline to None, run_after=None
[2026-09-26T20:11:27.231+0000] {processor.py:183} INFO - Processing /opt/airflow/dags/lcbo_pipeline_dag.py took 0.081 seconds
[2026-09-26T20:11:57.404+0000] {processor.py:161} INFO - Started process (PID=965) to work on /opt/airflow/dags/lcbo_pipeline_dag.py
[2026-09-26T20:11:57.406+0000] {processor.py:830} INFO - Processing file /opt/airflow/dags/lcbo_pipeline_dag.py for tasks to queue
[2026-09-26T20:11:57.409+0000] {logging_mixin.py:188} INFO - [2026-09-26T20:11:57.408+0000] {dagbag.py:545} INFO - Filling up the DagBag from /opt/airflow/dags/lcbo_pipeline_dag.py
[2026-09-26T20:11:57.457+0000] {processor.py:840} INFO - DAG(s) 'medallion_settlement_pipeline' retrieved from /opt/airflow/dags/lcbo_pipeline_dag.py
[2026-09-26T20:11:57.481+0000] {logging_mixin.py:188} INFO - [2026-09-26T20:11:57.480+0000] {dag.py:3089} INFO - Sync 1 DAGs
[2026-09-26T20:11:57.496+0000] {logging_mixin.py:188} INFO - [2026-09-26T20:11:57.496+0000] {dag.py:3947} INFO - Setting next_dagrun for medallion_settlement_pipeline to None, run_after=None
[2026-09-26T20:11:57.528+0000] {processor.py:183} INFO - Processing /opt/airflow/dags/lcbo_pipeline_dag.py took 0.129 seconds
[2026-09-26T20:12:27.583+0000] {processor.py:161} INFO - Started process (PID=976) to work on /opt/airflow/dags/lcbo_pipeline_dag.py
[2026-09-26T20:12:27.583+0000] {processor.py:830} INFO - Processing file /opt/airflow/dags/lcbo_pipeline_dag.py for tasks to queue
[2026-09-26T20:12:27.585+0000] {logging_mixin.py:188} INFO - [2026-09-26T20:12:27.585+0000] {dagbag.py:545} INFO - Filling up the DagBag from /opt/airflow/dags/lcbo_pipeline_dag.py
[2026-09-26T20:12:27.625+0000] {processor.py:840} INFO - DAG(s) 'medallion_settlement_pipeline' retrieved from /opt/airflow/dags/lcbo_pipeline_dag.py
[2026-09-26T20:12:27.647+0000] {logging_mixin.py:188} INFO - [2026-09-26T20:12:27.647+0000] {dag.py:3089} INFO - Sync 1 DAGs
[2026-09-26T20:12:27.658+0000] {logging_mixin.py:188} INFO - [2026-09-26T20:12:27.658+0000] {dag.py:3947} INFO - Setting next_dagrun for medallion_settlement_pipeline to None, run_after=None
[2026-09-26T20:12:27.679+0000] {processor.py:183} INFO - Processing /opt/airflow/dags/lcbo_pipeline_dag.py took 0.101 seconds
[2026-09-26T20:12:57.926+0000] {processor.py:161} INFO - Started process (PID=987) to work on /opt/airflow/dags/lcbo_pipeline_dag.py
[2026-09-26T20:12:57.927+0000] {processor.py:830} INFO - Processing file /opt/airflow/dags/lcbo_pipeline_dag.py for tasks to queue
[2026-09-26T20:12:57.929+0000] {logging_mixin.py:188} INFO - [2026-09-26T20:12:57.929+0000] {dagbag.py:545} INFO - Filling up the DagBag from /opt/airflow/dags/lcbo_pipeline_dag.py
[2026-09-26T20:12:57.961+0000] {processor.py:840} INFO - DAG(s) 'medallion_settlement_pipeline' retrieved from /opt/airflow/dags/lcbo_pipeline_dag.py
[2026-09-26T20:12:57.978+0000] {logging_mixin.py:188} INFO - [2026-09-26T20:12:57.977+0000] {dag.py:3089} INFO - Sync 1 DAGs
[2026-09-26T20:12:57.987+0000] {logging_mixin.py:188} INFO - [2026-09-26T20:12:57.986+0000] {dag.py:3947} INFO - Setting next_dagrun for medallion_settlement_pipeline to None, run_after=None
[2026-09-26T20:12:58.002+0000] {processor.py:183} INFO - Processing /opt/airflow/dags/lcbo_pipeline_dag.py took 0.080 seconds
[2026-09-26T20:13:28.108+0000] {processor.py:161} INFO - Started process (PID=1072) to work on /opt/airflow/dags/lcbo_pipeline_dag.py
[2026-09-26T20:13:28.110+0000] {processor.py:830} INFO - Processing file /opt/airflow/dags/lcbo_pipeline_dag.py for tasks to queue
[2026-09-26T20:13:28.112+0000] {logging_mixin.py:188} INFO - [2026-09-26T20:13:28.111+0000] {dagbag.py:545} INFO - Filling up the DagBag from /opt/airflow/dags/lcbo_pipeline_dag.py
[2026-09-26T20:13:28.152+0000] {processor.py:840} INFO - DAG(s) 'medallion_settlement_pipeline' retrieved from /opt/airflow/dags/lcbo_pipeline_dag.py
[2026-09-26T20:13:28.174+0000] {logging_mixin.py:188} INFO - [2026-09-26T20:13:28.174+0000] {dag.py:3089} INFO - Sync 1 DAGs
[2026-09-26T20:13:28.187+0000] {logging_mixin.py:188} INFO - [2026-09-26T20:13:28.187+0000] {dag.py:3947} INFO - Setting next_dagrun for medallion_settlement_pipeline to None, run_after=None
[2026-09-26T20:13:28.207+0000] {processor.py:183} INFO - Processing /opt/airflow/dags/lcbo_pipeline_dag.py took 0.105 seconds
[2026-09-26T20:13:58.338+0000] {processor.py:161} INFO - Started process (PID=1126) to work on /opt/airflow/dags/lcbo_pipeline_dag.py
[2026-09-26T20:13:58.339+0000] {processor.py:830} INFO - Processing file /opt/airflow/dags/lcbo_pipeline_dag.py for tasks to queue
[2026-09-26T20:13:58.341+0000] {logging_mixin.py:188} INFO - [2026-09-26T20:13:58.340+0000] {dagbag.py:545} INFO - Filling up the DagBag from /opt/airflow/dags/lcbo_pipeline_dag.py
[2026-09-26T20:13:58.383+0000] {processor.py:840} INFO - DAG(s) 'medallion_settlement_pipeline' retrieved from /opt/airflow/dags/lcbo_pipeline_dag.py
[2026-09-26T20:13:58.415+0000] {logging_mixin.py:188} INFO - [2026-09-26T20:13:58.415+0000] {dag.py:3089} INFO - Sync 1 DAGs
[2026-09-26T20:13:58.426+0000] {logging_mixin.py:188} INFO - [2026-09-26T20:13:58.425+0000] {dag.py:3947} INFO - Setting next_dagrun for medallion_settlement_pipeline to None, run_after=None
[2026-09-26T20:13:58.444+0000] {processor.py:183} INFO - Processing /opt/airflow/dags/lcbo_pipeline_dag.py took 0.110 seconds
[2026-09-26T20:14:28.541+0000] {processor.py:161} INFO - Started process (PID=1137) to work on /opt/airflow/dags/lcbo_pipeline_dag.py
[2026-09-26T20:14:28.543+0000] {processor.py:830} INFO - Processing file /opt/airflow/dags/lcbo_pipeline_dag.py for tasks to queue
[2026-09-26T20:14:28.545+0000] {logging_mixin.py:188} INFO - [2026-09-26T20:14:28.545+0000] {dagbag.py:545} INFO - Filling up the DagBag from /opt/airflow/dags/lcbo_pipeline_dag.py
[2026-09-26T20:14:28.591+0000] {processor.py:840} INFO - DAG(s) 'medallion_settlement_pipeline' retrieved from /opt/airflow/dags/lcbo_pipeline_dag.py
[2026-09-26T20:14:28.614+0000] {logging_mixin.py:188} INFO - [2026-09-26T20:14:28.614+0000] {dag.py:3089} INFO - Sync 1 DAGs
[2026-09-26T20:14:28.625+0000] {logging_mixin.py:188} INFO - [2026-09-26T20:14:28.625+0000] {dag.py:3947} INFO - Setting next_dagrun for medallion_settlement_pipeline to None, run_after=None
[2026-09-26T20:14:28.640+0000] {processor.py:183} INFO - Processing /opt/airflow/dags/lcbo_pipeline_dag.py took 0.104 seconds
[2026-09-26T20:14:58.779+0000] {processor.py:161} INFO - Started process (PID=1148) to work on /opt/airflow/dags/lcbo_pipeline_dag.py
[2026-09-26T20:14:58.780+0000] {processor.py:830} INFO - Processing file /opt/airflow/dags/lcbo_pipeline_dag.py for tasks to queue
[2026-09-26T20:14:58.782+0000] {logging_mixin.py:188} INFO - [2026-09-26T20:14:58.782+0000] {dagbag.py:545} INFO - Filling up the DagBag from /opt/airflow/dags/lcbo_pipeline_dag.py
[2026-09-26T20:14:58.814+0000] {processor.py:840} INFO - DAG(s) 'medallion_settlement_pipeline' retrieved from /opt/airflow/dags/lcbo_pipeline_dag.py
[2026-09-26T20:14:58.837+0000] {logging_mixin.py:188} INFO - [2026-09-26T20:14:58.836+0000] {dag.py:3089} INFO - Sync 1 DAGs
[2026-09-26T20:14:58.850+0000] {logging_mixin.py:188} INFO - [2026-09-26T20:14:58.850+0000] {dag.py:3947} INFO - Setting next_dagrun for medallion_settlement_pipeline to None, run_after=None
[2026-09-26T20:14:58.869+0000] {processor.py:183} INFO - Processing /opt/airflow/dags/lcbo_pipeline_dag.py took 0.094 seconds
[2026-09-26T20:15:28.983+0000] {processor.py:161} INFO - Started process (PID=1159) to work on /opt/airflow/dags/lcbo_pipeline_dag.py
[2026-09-26T20:15:28.985+0000] {processor.py:830} INFO - Processing file /opt/airflow/dags/lcbo_pipeline_dag.py for tasks to queue
[2026-09-26T20:15:28.987+0000] {logging_mixin.py:188} INFO - [2026-09-26T20:15:28.986+0000] {dagbag.py:545} INFO - Filling up the DagBag from /opt/airflow/dags/lcbo_pipeline_dag.py
[2026-09-26T20:15:29.024+0000] {processor.py:840} INFO - DAG(s) 'medallion_settlement_pipeline' retrieved from /opt/airflow/dags/lcbo_pipeline_dag.py
[2026-09-26T20:15:29.045+0000] {logging_mixin.py:188} INFO - [2026-09-26T20:15:29.045+0000] {dag.py:3089} INFO - Sync 1 DAGs
[2026-09-26T20:15:29.055+0000] {logging_mixin.py:188} INFO - [2026-09-26T20:15:29.055+0000] {dag.py:3947} INFO - Setting next_dagrun for medallion_settlement_pipeline to None, run_after=None
[2026-09-26T20:15:29.087+0000] {processor.py:183} INFO - Processing /opt/airflow/dags/lcbo_pipeline_dag.py took 0.109 seconds
[2026-09-26T20:15:59.216+0000] {processor.py:161} INFO - Started process (PID=1170) to work on /opt/airflow/dags/lcbo_pipeline_dag.py
[2026-09-26T20:15:59.217+0000] {processor.py:830} INFO - Processing file /opt/airflow/dags/lcbo_pipeline_dag.py for tasks to queue
[2026-09-26T20:15:59.219+0000] {logging_mixin.py:188} INFO - [2026-09-26T20:15:59.219+0000] {dagbag.py:545} INFO - Filling up the DagBag from /opt/airflow/dags/lcbo_pipeline_dag.py
[2026-09-26T20:15:59.259+0000] {processor.py:840} INFO - DAG(s) 'medallion_settlement_pipeline' retrieved from /opt/airflow/dags/lcbo_pipeline_dag.py
[2026-09-26T20:15:59.278+0000] {logging_mixin.py:188} INFO - [2026-09-26T20:15:59.278+0000] {dag.py:3089} INFO - Sync 1 DAGs
[2026-09-26T20:15:59.289+0000] {logging_mixin.py:188} INFO - [2026-09-26T20:15:59.288+0000] {dag.py:3947} INFO - Setting next_dagrun for medallion_settlement_pipeline to None, run_after=None
[2026-09-26T20:15:59.306+0000] {processor.py:183} INFO - Processing /opt/airflow/dags/lcbo_pipeline_dag.py took 0.096 seconds
[2026-09-26T20:16:29.434+0000] {processor.py:161} INFO - Started process (PID=1181) to work on /opt/airflow/dags/lcbo_pipeline_dag.py
[2026-09-26T20:16:29.436+0000] {processor.py:830} INFO - Processing file /opt/airflow/dags/lcbo_pipeline_dag.py for tasks to queue
[2026-09-26T20:16:29.438+0000] {logging_mixin.py:188} INFO - [2026-09-26T20:16:29.437+0000] {dagbag.py:545} INFO - Filling up the DagBag from /opt/airflow/dags/lcbo_pipeline_dag.py
[2026-09-26T20:16:29.482+0000] {processor.py:840} INFO - DAG(s) 'medallion_settlement_pipeline' retrieved from /opt/airflow/dags/lcbo_pipeline_dag.py
[2026-09-26T20:16:29.502+0000] {logging_mixin.py:188} INFO - [2026-09-26T20:16:29.502+0000] {dag.py:3089} INFO - Sync 1 DAGs
[2026-09-26T20:16:29.514+0000] {logging_mixin.py:188} INFO - [2026-09-26T20:16:29.513+0000] {dag.py:3947} INFO - Setting next_dagrun for medallion_settlement_pipeline to None, run_after=None
[2026-09-26T20:16:29.542+0000] {processor.py:183} INFO - Processing /opt/airflow/dags/lcbo_pipeline_dag.py took 0.113 seconds
[2026-09-26T20:16:59.669+0000] {processor.py:161} INFO - Started process (PID=1192) to work on /opt/airflow/dags/lcbo_pipeline_dag.py
[2026-09-26T20:16:59.670+0000] {processor.py:830} INFO - Processing file /opt/airflow/dags/lcbo_pipeline_dag.py for tasks to queue
[2026-09-26T20:16:59.673+0000] {logging_mixin.py:188} INFO - [2026-09-26T20:16:59.673+0000] {dagbag.py:545} INFO - Filling up the DagBag from /opt/airflow/dags/lcbo_pipeline_dag.py
[2026-09-26T20:16:59.712+0000] {processor.py:840} INFO - DAG(s) 'medallion_settlement_pipeline' retrieved from /opt/airflow/dags/lcbo_pipeline_dag.py
[2026-09-26T20:16:59.734+0000] {logging_mixin.py:188} INFO - [2026-09-26T20:16:59.734+0000] {dag.py:3089} INFO - Sync 1 DAGs
[2026-09-26T20:16:59.746+0000] {logging_mixin.py:188} INFO - [2026-09-26T20:16:59.746+0000] {dag.py:3947} INFO - Setting next_dagrun for medallion_settlement_pipeline to None, run_after=None
[2026-09-26T20:16:59.773+0000] {processor.py:183} INFO - Processing /opt/airflow/dags/lcbo_pipeline_dag.py took 0.109 seconds
[2026-09-26T20:17:29.894+0000] {processor.py:161} INFO - Started process (PID=1203) to work on /opt/airflow/dags/lcbo_pipeline_dag.py
[2026-09-26T20:17:29.895+0000] {processor.py:830} INFO - Processing file /opt/airflow/dags/lcbo_pipeline_dag.py for tasks to queue
[2026-09-26T20:17:29.897+0000] {logging_mixin.py:188} INFO - [2026-09-26T20:17:29.897+0000] {dagbag.py:545} INFO - Filling up the DagBag from /opt/airflow/dags/lcbo_pipeline_dag.py
[2026-09-26T20:17:29.935+0000] {processor.py:840} INFO - DAG(s) 'medallion_settlement_pipeline' retrieved from /opt/airflow/dags/lcbo_pipeline_dag.py
[2026-09-26T20:17:29.955+0000] {logging_mixin.py:188} INFO - [2026-09-26T20:17:29.955+0000] {dag.py:3089} INFO - Sync 1 DAGs
[2026-09-26T20:17:29.967+0000] {logging_mixin.py:188} INFO - [2026-09-26T20:17:29.967+0000] {dag.py:3947} INFO - Setting next_dagrun for medallion_settlement_pipeline to None, run_after=None
[2026-09-26T20:17:29.985+0000] {processor.py:183} INFO - Processing /opt/airflow/dags/lcbo_pipeline_dag.py took 0.096 seconds
[2026-09-26T20:18:00.175+0000] {processor.py:161} INFO - Started process (PID=1214) to work on /opt/airflow/dags/lcbo_pipeline_dag.py
[2026-09-26T20:18:00.176+0000] {processor.py:830} INFO - Processing file /opt/airflow/dags/lcbo_pipeline_dag.py for tasks to queue
[2026-09-26T20:18:00.178+0000] {logging_mixin.py:188} INFO - [2026-09-26T20:18:00.178+0000] {dagbag.py:545} INFO - Filling up the DagBag from /opt/airflow/dags/lcbo_pipeline_dag.py
[2026-09-26T20:18:00.216+0000] {processor.py:840} INFO - DAG(s) 'medallion_settlement_pipeline' retrieved from /opt/airflow/dags/lcbo_pipeline_dag.py
[2026-09-26T20:18:00.237+0000] {logging_mixin.py:188} INFO - [2026-09-26T20:18:00.236+0000] {dag.py:3089} INFO - Sync 1 DAGs
[2026-09-26T20:18:00.248+0000] {logging_mixin.py:188} INFO - [2026-09-26T20:18:00.248+0000] {dag.py:3947} INFO - Setting next_dagrun for medallion_settlement_pipeline to None, run_after=None
[2026-09-26T20:18:00.267+0000] {processor.py:183} INFO - Processing /opt/airflow/dags/lcbo_pipeline_dag.py took 0.096 seconds
[2026-09-26T20:18:30.359+0000] {processor.py:161} INFO - Started process (PID=1225) to work on /opt/airflow/dags/lcbo_pipeline_dag.py
[2026-09-26T20:18:30.360+0000] {processor.py:830} INFO - Processing file /opt/airflow/dags/lcbo_pipeline_dag.py for tasks to queue
[2026-09-26T20:18:30.362+0000] {logging_mixin.py:188} INFO - [2026-09-26T20:18:30.362+0000] {dagbag.py:545} INFO - Filling up the DagBag from /opt/airflow/dags/lcbo_pipeline_dag.py
[2026-09-26T20:18:30.399+0000] {processor.py:840} INFO - DAG(s) 'medallion_settlement_pipeline' retrieved from /opt/airflow/dags/lcbo_pipeline_dag.py
[2026-09-26T20:18:30.419+0000] {logging_mixin.py:188} INFO - [2026-09-26T20:18:30.418+0000] {dag.py:3089} INFO - Sync 1 DAGs
[2026-09-26T20:18:30.429+0000] {logging_mixin.py:188} INFO - [2026-09-26T20:18:30.429+0000] {dag.py:3947} INFO - Setting next_dagrun for medallion_settlement_pipeline to None, run_after=None
[2026-09-26T20:18:30.450+0000] {processor.py:183} INFO - Processing /opt/airflow/dags/lcbo_pipeline_dag.py took 0.096 seconds
[2026-09-26T20:19:00.621+0000] {processor.py:161} INFO - Started process (PID=1236) to work on /opt/airflow/dags/lcbo_pipeline_dag.py
[2026-09-26T20:19:00.623+0000] {processor.py:830} INFO - Processing file /opt/airflow/dags/lcbo_pipeline_dag.py for tasks to queue
[2026-09-26T20:19:00.625+0000] {logging_mixin.py:188} INFO - [2026-09-26T20:19:00.624+0000] {dagbag.py:545} INFO - Filling up the DagBag from /opt/airflow/dags/lcbo_pipeline_dag.py
[2026-09-26T20:19:00.661+0000] {processor.py:840} INFO - DAG(s) 'medallion_settlement_pipeline' retrieved from /opt/airflow/dags/lcbo_pipeline_dag.py
[2026-09-26T20:19:00.681+0000] {logging_mixin.py:188} INFO - [2026-09-26T20:19:00.680+0000] {dag.py:3089} INFO - Sync 1 DAGs
[2026-09-26T20:19:00.690+0000] {logging_mixin.py:188} INFO - [2026-09-26T20:19:00.690+0000] {dag.py:3947} INFO - Setting next_dagrun for medallion_settlement_pipeline to None, run_after=None
[2026-09-26T20:19:00.712+0000] {processor.py:183} INFO - Processing /opt/airflow/dags/lcbo_pipeline_dag.py took 0.094 seconds
[2026-09-26T20:19:30.814+0000] {processor.py:161} INFO - Started process (PID=1247) to work on /opt/airflow/dags/lcbo_pipeline_dag.py
[2026-09-26T20:19:30.815+0000] {processor.py:830} INFO - Processing file /opt/airflow/dags/lcbo_pipeline_dag.py for tasks to queue
[2026-09-26T20:19:30.817+0000] {logging_mixin.py:188} INFO - [2026-09-26T20:19:30.817+0000] {dagbag.py:545} INFO - Filling up the DagBag from /opt/airflow/dags/lcbo_pipeline_dag.py
[2026-09-26T20:19:30.853+0000] {processor.py:840} INFO - DAG(s) 'medallion_settlement_pipeline' retrieved from /opt/airflow/dags/lcbo_pipeline_dag.py
[2026-09-26T20:19:30.870+0000] {logging_mixin.py:188} INFO - [2026-09-26T20:19:30.870+0000] {dag.py:3089} INFO - Sync 1 DAGs
[2026-09-26T20:19:30.881+0000] {logging_mixin.py:188} INFO - [2026-09-26T20:19:30.881+0000] {dag.py:3947} INFO - Setting next_dagrun for medallion_settlement_pipeline to None, run_after=None
[2026-09-26T20:19:30.898+0000] {processor.py:183} INFO - Processing /opt/airflow/dags/lcbo_pipeline_dag.py took 0.089 seconds
[2026-09-26T20:20:01.066+0000] {processor.py:161} INFO - Started process (PID=1258) to work on /opt/airflow/dags/lcbo_pipeline_dag.py
[2026-09-26T20:20:01.068+0000] {processor.py:830} INFO - Processing file /opt/airflow/dags/lcbo_pipeline_dag.py for tasks to queue
[2026-09-26T20:20:01.069+0000] {logging_mixin.py:188} INFO - [2026-09-26T20:20:01.069+0000] {dagbag.py:545} INFO - Filling up the DagBag from /opt/airflow/dags/lcbo_pipeline_dag.py
[2026-09-26T20:20:01.112+0000] {processor.py:840} INFO - DAG(s) 'medallion_settlement_pipeline' retrieved from /opt/airflow/dags/lcbo_pipeline_dag.py
[2026-09-26T20:20:01.137+0000] {logging_mixin.py:188} INFO - [2026-09-26T20:20:01.137+0000] {dag.py:3089} INFO - Sync 1 DAGs
[2026-09-26T20:20:01.148+0000] {logging_mixin.py:188} INFO - [2026-09-26T20:20:01.148+0000] {dag.py:3947} INFO - Setting next_dagrun for medallion_settlement_pipeline to None, run_after=None
[2026-09-26T20:20:01.168+0000] {processor.py:183} INFO - Processing /opt/airflow/dags/lcbo_pipeline_dag.py took 0.106 seconds
[2026-09-26T20:20:31.249+0000] {processor.py:161} INFO - Started process (PID=1269) to work on /opt/airflow/dags/lcbo_pipeline_dag.py
[2026-09-26T20:20:31.251+0000] {processor.py:830} INFO - Processing file /opt/airflow/dags/lcbo_pipeline_dag.py for tasks to queue
[2026-09-26T20:20:31.253+0000] {logging_mixin.py:188} INFO - [2026-09-26T20:20:31.253+0000] {dagbag.py:545} INFO - Filling up the DagBag from /opt/airflow/dags/lcbo_pipeline_dag.py
[2026-09-26T20:20:31.289+0000] {processor.py:840} INFO - DAG(s) 'medallion_settlement_pipeline' retrieved from /opt/airflow/dags/lcbo_pipeline_dag.py
[2026-09-26T20:20:31.308+0000] {logging_mixin.py:188} INFO - [2026-09-26T20:20:31.308+0000] {dag.py:3089} INFO - Sync 1 DAGs
[2026-09-26T20:20:31.319+0000] {logging_mixin.py:188} INFO - [2026-09-26T20:20:31.319+0000] {dag.py:3947} INFO - Setting next_dagrun for medallion_settlement_pipeline to None, run_after=None
[2026-09-26T20:20:31.338+0000] {processor.py:183} INFO - Processing /opt/airflow/dags/lcbo_pipeline_dag.py took 0.093 seconds
[2026-09-26T20:21:01.516+0000] {processor.py:161} INFO - Started process (PID=1280) to work on /opt/airflow/dags/lcbo_pipeline_dag.py
[2026-09-26T20:21:01.517+0000] {processor.py:830} INFO - Processing file /opt/airflow/dags/lcbo_pipeline_dag.py for tasks to queue
[2026-09-26T20:21:01.519+0000] {logging_mixin.py:188} INFO - [2026-09-26T20:21:01.519+0000] {dagbag.py:545} INFO - Filling up the DagBag from /opt/airflow/dags/lcbo_pipeline_dag.py
[2026-09-26T20:21:01.555+0000] {processor.py:840} INFO - DAG(s) 'medallion_settlement_pipeline' retrieved from /opt/airflow/dags/lcbo_pipeline_dag.py
[2026-09-26T20:21:01.575+0000] {logging_mixin.py:188} INFO - [2026-09-26T20:21:01.575+0000] {dag.py:3089} INFO - Sync 1 DAGs
[2026-09-26T20:21:01.585+0000] {logging_mixin.py:188} INFO - [2026-09-26T20:21:01.585+0000] {dag.py:3947} INFO - Setting next_dagrun for medallion_settlement_pipeline to None, run_after=None
[2026-09-26T20:21:01.602+0000] {processor.py:183} INFO - Processing /opt/airflow/dags/lcbo_pipeline_dag.py took 0.090 seconds
[2026-09-26T20:21:31.704+0000] {processor.py:161} INFO - Started process (PID=1291) to work on /opt/airflow/dags/lcbo_pipeline_dag.py
[2026-09-26T20:21:31.705+0000] {processor.py:830} INFO - Processing file /opt/airflow/dags/lcbo_pipeline_dag.py for tasks to queue
[2026-09-26T20:21:31.707+0000] {logging_mixin.py:188} INFO - [2026-09-26T20:21:31.707+0000] {dagbag.py:545} INFO - Filling up the DagBag from /opt/airflow/dags/lcbo_pipeline_dag.py
[2026-09-26T20:21:31.740+0000] {processor.py:840} INFO - DAG(s) 'medallion_settlement_pipeline' retrieved from /opt/airflow/dags/lcbo_pipeline_dag.py
[2026-09-26T20:21:31.756+0000] {logging_mixin.py:188} INFO - [2026-09-26T20:21:31.756+0000] {dag.py:3089} INFO - Sync 1 DAGs
[2026-09-26T20:21:31.766+0000] {logging_mixin.py:188} INFO - [2026-09-26T20:21:31.766+0000] {dag.py:3947} INFO - Setting next_dagrun for medallion_settlement_pipeline to None, run_after=None
[2026-09-26T20:21:31.781+0000] {processor.py:183} INFO - Processing /opt/airflow/dags/lcbo_pipeline_dag.py took 0.082 seconds
[2026-09-26T20:22:01.958+0000] {processor.py:161} INFO - Started process (PID=1302) to work on /opt/airflow/dags/lcbo_pipeline_dag.py
[2026-09-26T20:22:01.959+0000] {processor.py:830} INFO - Processing file /opt/airflow/dags/lcbo_pipeline_dag.py for tasks to queue
[2026-09-26T20:22:01.961+0000] {logging_mixin.py:188} INFO - [2026-09-26T20:22:01.960+0000] {dagbag.py:545} INFO - Filling up the DagBag from /opt/airflow/dags/lcbo_pipeline_dag.py
[2026-09-26T20:22:01.994+0000] {processor.py:840} INFO - DAG(s) 'medallion_settlement_pipeline' retrieved from /opt/airflow/dags/lcbo_pipeline_dag.py
[2026-09-26T20:22:02.015+0000] {logging_mixin.py:188} INFO - [2026-09-26T20:22:02.014+0000] {dag.py:3089} INFO - Sync 1 DAGs
[2026-09-26T20:22:02.026+0000] {logging_mixin.py:188} INFO - [2026-09-26T20:22:02.026+0000] {dag.py:3947} INFO - Setting next_dagrun for medallion_settlement_pipeline to None, run_after=None
[2026-09-26T20:22:02.043+0000] {processor.py:183} INFO - Processing /opt/airflow/dags/lcbo_pipeline_dag.py took 0.089 seconds
[2026-09-26T20:22:32.158+0000] {processor.py:161} INFO - Started process (PID=1313) to work on /opt/airflow/dags/lcbo_pipeline_dag.py
[2026-09-26T20:22:32.160+0000] {processor.py:830} INFO - Processing file /opt/airflow/dags/lcbo_pipeline_dag.py for tasks to queue
[2026-09-26T20:22:32.162+0000] {logging_mixin.py:188} INFO - [2026-09-26T20:22:32.161+0000] {dagbag.py:545} INFO - Filling up the DagBag from /opt/airflow/dags/lcbo_pipeline_dag.py
[2026-09-26T20:22:32.201+0000] {processor.py:840} INFO - DAG(s) 'medallion_settlement_pipeline' retrieved from /opt/airflow/dags/lcbo_pipeline_dag.py
[2026-09-26T20:22:32.223+0000] {logging_mixin.py:188} INFO - [2026-09-26T20:22:32.223+0000] {dag.py:3089} INFO - Sync 1 DAGs
[2026-09-26T20:22:32.235+0000] {logging_mixin.py:188} INFO - [2026-09-26T20:22:32.234+0000] {dag.py:3947} INFO - Setting next_dagrun for medallion_settlement_pipeline to None, run_after=None
[2026-09-26T20:22:32.254+0000] {processor.py:183} INFO - Processing /opt/airflow/dags/lcbo_pipeline_dag.py took 0.101 seconds
[2026-09-26T20:23:02.428+0000] {processor.py:161} INFO - Started process (PID=1324) to work on /opt/airflow/dags/lcbo_pipeline_dag.py
[2026-09-26T20:23:02.429+0000] {processor.py:830} INFO - Processing file /opt/airflow/dags/lcbo_pipeline_dag.py for tasks to queue
[2026-09-26T20:23:02.431+0000] {logging_mixin.py:188} INFO - [2026-09-26T20:23:02.431+0000] {dagbag.py:545} INFO - Filling up the DagBag from /opt/airflow/dags/lcbo_pipeline_dag.py
[2026-09-26T20:23:02.465+0000] {processor.py:840} INFO - DAG(s) 'medallion_settlement_pipeline' retrieved from /opt/airflow/dags/lcbo_pipeline_dag.py
[2026-09-26T20:23:02.483+0000] {logging_mixin.py:188} INFO - [2026-09-26T20:23:02.483+0000] {dag.py:3089} INFO - Sync 1 DAGs
[2026-09-26T20:23:02.495+0000] {logging_mixin.py:188} INFO - [2026-09-26T20:23:02.495+0000] {dag.py:3947} INFO - Setting next_dagrun for medallion_settlement_pipeline to None, run_after=None
[2026-09-26T20:23:02.510+0000] {processor.py:183} INFO - Processing /opt/airflow/dags/lcbo_pipeline_dag.py took 0.087 seconds
[2026-09-26T20:23:32.631+0000] {processor.py:161} INFO - Started process (PID=1334) to work on /opt/airflow/dags/lcbo_pipeline_dag.py
[2026-09-26T20:23:32.632+0000] {processor.py:830} INFO - Processing file /opt/airflow/dags/lcbo_pipeline_dag.py for tasks to queue
[2026-09-26T20:23:32.634+0000] {logging_mixin.py:188} INFO - [2026-09-26T20:23:32.634+0000] {dagbag.py:545} INFO - Filling up the DagBag from /opt/airflow/dags/lcbo_pipeline_dag.py
[2026-09-26T20:23:32.670+0000] {processor.py:840} INFO - DAG(s) 'medallion_settlement_pipeline' retrieved from /opt/airflow/dags/lcbo_pipeline_dag.py
[2026-09-26T20:23:32.692+0000] {logging_mixin.py:188} INFO - [2026-09-26T20:23:32.691+0000] {dag.py:3089} INFO - Sync 1 DAGs
[2026-09-26T20:23:32.701+0000] {logging_mixin.py:188} INFO - [2026-09-26T20:23:32.701+0000] {dag.py:3947} INFO - Setting next_dagrun for medallion_settlement_pipeline to None, run_after=None
[2026-09-26T20:23:32.717+0000] {processor.py:183} INFO - Processing /opt/airflow/dags/lcbo_pipeline_dag.py took 0.092 seconds
[2026-09-26T20:24:02.873+0000] {processor.py:161} INFO - Started process (PID=1345) to work on /opt/airflow/dags/lcbo_pipeline_dag.py
[2026-09-26T20:24:02.875+0000] {processor.py:830} INFO - Processing file /opt/airflow/dags/lcbo_pipeline_dag.py for tasks to queue
[2026-09-26T20:24:02.876+0000] {logging_mixin.py:188} INFO - [2026-09-26T20:24:02.876+0000] {dagbag.py:545} INFO - Filling up the DagBag from /opt/airflow/dags/lcbo_pipeline_dag.py
[2026-09-26T20:24:02.912+0000] {processor.py:840} INFO - DAG(s) 'medallion_settlement_pipeline' retrieved from /opt/airflow/dags/lcbo_pipeline_dag.py
[2026-09-26T20:24:02.929+0000] {logging_mixin.py:188} INFO - [2026-09-26T20:24:02.929+0000] {dag.py:3089} INFO - Sync 1 DAGs
[2026-09-26T20:24:02.939+0000] {logging_mixin.py:188} INFO - [2026-09-26T20:24:02.939+0000] {dag.py:3947} INFO - Setting next_dagrun for medallion_settlement_pipeline to None, run_after=None
[2026-09-26T20:24:02.956+0000] {processor.py:183} INFO - Processing /opt/airflow/dags/lcbo_pipeline_dag.py took 0.088 seconds
[2026-09-26T20:24:33.066+0000] {processor.py:161} INFO - Started process (PID=1356) to work on /opt/airflow/dags/lcbo_pipeline_dag.py
[2026-09-26T20:24:33.068+0000] {processor.py:830} INFO - Processing file /opt/airflow/dags/lcbo_pipeline_dag.py for tasks to queue
[2026-09-26T20:24:33.069+0000] {logging_mixin.py:188} INFO - [2026-09-26T20:24:33.069+0000] {dagbag.py:545} INFO - Filling up the DagBag from /opt/airflow/dags/lcbo_pipeline_dag.py
[2026-09-26T20:24:33.105+0000] {processor.py:840} INFO - DAG(s) 'medallion_settlement_pipeline' retrieved from /opt/airflow/dags/lcbo_pipeline_dag.py
[2026-09-26T20:24:33.124+0000] {logging_mixin.py:188} INFO - [2026-09-26T20:24:33.124+0000] {dag.py:3089} INFO - Sync 1 DAGs
[2026-09-26T20:24:33.134+0000] {logging_mixin.py:188} INFO - [2026-09-26T20:24:33.134+0000] {dag.py:3947} INFO - Setting next_dagrun for medallion_settlement_pipeline to None, run_after=None
[2026-09-26T20:24:33.151+0000] {processor.py:183} INFO - Processing /opt/airflow/dags/lcbo_pipeline_dag.py took 0.089 seconds
[2026-09-26T20:25:03.331+0000] {processor.py:161} INFO - Started process (PID=1367) to work on /opt/airflow/dags/lcbo_pipeline_dag.py
[2026-09-26T20:25:03.332+0000] {processor.py:830} INFO - Processing file /opt/airflow/dags/lcbo_pipeline_dag.py for tasks to queue
[2026-09-26T20:25:03.334+0000] {logging_mixin.py:188} INFO - [2026-09-26T20:25:03.334+0000] {dagbag.py:545} INFO - Filling up the DagBag from /opt/airflow/dags/lcbo_pipeline_dag.py
[2026-09-26T20:25:03.367+0000] {processor.py:840} INFO - DAG(s) 'medallion_settlement_pipeline' retrieved from /opt/airflow/dags/lcbo_pipeline_dag.py
[2026-09-26T20:25:03.384+0000] {logging_mixin.py:188} INFO - [2026-09-26T20:25:03.384+0000] {dag.py:3089} INFO - Sync 1 DAGs
[2026-09-26T20:25:03.393+0000] {logging_mixin.py:188} INFO - [2026-09-26T20:25:03.393+0000] {dag.py:3947} INFO - Setting next_dagrun for medallion_settlement_pipeline to None, run_after=None
[2026-09-26T20:25:03.410+0000] {processor.py:183} INFO - Processing /opt/airflow/dags/lcbo_pipeline_dag.py took 0.084 seconds
[2026-09-26T20:25:33.512+0000] {processor.py:161} INFO - Started process (PID=1378) to work on /opt/airflow/dags/lcbo_pipeline_dag.py
[2026-09-26T20:25:33.513+0000] {processor.py:830} INFO - Processing file /opt/airflow/dags/lcbo_pipeline_dag.py for tasks to queue
[2026-09-26T20:25:33.515+0000] {logging_mixin.py:188} INFO - [2026-09-26T20:25:33.515+0000] {dagbag.py:545} INFO - Filling up the DagBag from /opt/airflow/dags/lcbo_pipeline_dag.py
[2026-09-26T20:25:33.551+0000] {processor.py:840} INFO - DAG(s) 'medallion_settlement_pipeline' retrieved from /opt/airflow/dags/lcbo_pipeline_dag.py
[2026-09-26T20:25:33.571+0000] {logging_mixin.py:188} INFO - [2026-09-26T20:25:33.571+0000] {dag.py:3089} INFO - Sync 1 DAGs
[2026-09-26T20:25:33.583+0000] {logging_mixin.py:188} INFO - [2026-09-26T20:25:33.582+0000] {dag.py:3947} INFO - Setting next_dagrun for medallion_settlement_pipeline to None, run_after=None
[2026-09-26T20:25:33.604+0000] {processor.py:183} INFO - Processing /opt/airflow/dags/lcbo_pipeline_dag.py took 0.096 seconds
[2026-09-26T20:26:03.766+0000] {processor.py:161} INFO - Started process (PID=1389) to work on /opt/airflow/dags/lcbo_pipeline_dag.py
[2026-09-26T20:26:03.767+0000] {processor.py:830} INFO - Processing file /opt/airflow/dags/lcbo_pipeline_dag.py for tasks to queue
[2026-09-26T20:26:03.769+0000] {logging_mixin.py:188} INFO - [2026-09-26T20:26:03.768+0000] {dagbag.py:545} INFO - Filling up the DagBag from /opt/airflow/dags/lcbo_pipeline_dag.py
[2026-09-26T20:26:03.802+0000] {processor.py:840} INFO - DAG(s) 'medallion_settlement_pipeline' retrieved from /opt/airflow/dags/lcbo_pipeline_dag.py
[2026-09-26T20:26:03.821+0000] {logging_mixin.py:188} INFO - [2026-09-26T20:26:03.820+0000] {dag.py:3089} INFO - Sync 1 DAGs
[2026-09-26T20:26:03.832+0000] {logging_mixin.py:188} INFO - [2026-09-26T20:26:03.832+0000] {dag.py:3947} INFO - Setting next_dagrun for medallion_settlement_pipeline to None, run_after=None
[2026-09-26T20:26:03.849+0000] {processor.py:183} INFO - Processing /opt/airflow/dags/lcbo_pipeline_dag.py took 0.087 seconds
[2026-09-26T20:26:33.964+0000] {processor.py:161} INFO - Started process (PID=1400) to work on /opt/airflow/dags/lcbo_pipeline_dag.py
[2026-09-26T20:26:33.965+0000] {processor.py:830} INFO - Processing file /opt/airflow/dags/lcbo_pipeline_dag.py for tasks to queue
[2026-09-26T20:26:33.967+0000] {logging_mixin.py:188} INFO - [2026-09-26T20:26:33.967+0000] {dagbag.py:545} INFO - Filling up the DagBag from /opt/airflow/dags/lcbo_pipeline_dag.py
[2026-09-26T20:26:34.002+0000] {processor.py:840} INFO - DAG(s) 'medallion_settlement_pipeline' retrieved from /opt/airflow/dags/lcbo_pipeline_dag.py
[2026-09-26T20:26:34.022+0000] {logging_mixin.py:188} INFO - [2026-09-26T20:26:34.022+0000] {dag.py:3089} INFO - Sync 1 DAGs
[2026-09-26T20:26:34.032+0000] {logging_mixin.py:188} INFO - [2026-09-26T20:26:34.032+0000] {dag.py:3947} INFO - Setting next_dagrun for medallion_settlement_pipeline to None, run_after=None
[2026-09-26T20:26:34.048+0000] {processor.py:183} INFO - Processing /opt/airflow/dags/lcbo_pipeline_dag.py took 0.089 seconds
[2026-09-26T20:27:04.222+0000] {processor.py:161} INFO - Started process (PID=1411) to work on /opt/airflow/dags/lcbo_pipeline_dag.py
[2026-09-26T20:27:04.223+0000] {processor.py:830} INFO - Processing file /opt/airflow/dags/lcbo_pipeline_dag.py for tasks to queue
[2026-09-26T20:27:04.225+0000] {logging_mixin.py:188} INFO - [2026-09-26T20:27:04.224+0000] {dagbag.py:545} INFO - Filling up the DagBag from /opt/airflow/dags/lcbo_pipeline_dag.py
[2026-09-26T20:27:04.257+0000] {processor.py:840} INFO - DAG(s) 'medallion_settlement_pipeline' retrieved from /opt/airflow/dags/lcbo_pipeline_dag.py
[2026-09-26T20:27:04.273+0000] {logging_mixin.py:188} INFO - [2026-09-26T20:27:04.273+0000] {dag.py:3089} INFO - Sync 1 DAGs
[2026-09-26T20:27:04.283+0000] {logging_mixin.py:188} INFO - [2026-09-26T20:27:04.283+0000] {dag.py:3947} INFO - Setting next_dagrun for medallion_settlement_pipeline to None, run_after=None
[2026-09-26T20:27:04.300+0000] {processor.py:183} INFO - Processing /opt/airflow/dags/lcbo_pipeline_dag.py took 0.082 seconds
[2026-09-26T20:27:34.430+0000] {processor.py:161} INFO - Started process (PID=1422) to work on /opt/airflow/dags/lcbo_pipeline_dag.py
[2026-09-26T20:27:34.431+0000] {processor.py:830} INFO - Processing file /opt/airflow/dags/lcbo_pipeline_dag.py for tasks to queue
[2026-09-26T20:27:34.434+0000] {logging_mixin.py:188} INFO - [2026-09-26T20:27:34.433+0000] {dagbag.py:545} INFO - Filling up the DagBag from /opt/airflow/dags/lcbo_pipeline_dag.py
[2026-09-26T20:27:34.467+0000] {processor.py:840} INFO - DAG(s) 'medallion_settlement_pipeline' retrieved from /opt/airflow/dags/lcbo_pipeline_dag.py
[2026-09-26T20:27:34.485+0000] {logging_mixin.py:188} INFO - [2026-09-26T20:27:34.485+0000] {dag.py:3089} INFO - Sync 1 DAGs
[2026-09-26T20:27:34.496+0000] {logging_mixin.py:188} INFO - [2026-09-26T20:27:34.495+0000] {dag.py:3947} INFO - Setting next_dagrun for medallion_settlement_pipeline to None, run_after=None
[2026-09-26T20:27:34.513+0000] {processor.py:183} INFO - Processing /opt/airflow/dags/lcbo_pipeline_dag.py took 0.091 seconds
[2026-09-26T20:28:04.705+0000] {processor.py:161} INFO - Started process (PID=1433) to work on /opt/airflow/dags/lcbo_pipeline_dag.py
[2026-09-26T20:28:04.706+0000] {processor.py:830} INFO - Processing file /opt/airflow/dags/lcbo_pipeline_dag.py for tasks to queue
[2026-09-26T20:28:04.708+0000] {logging_mixin.py:188} INFO - [2026-09-26T20:28:04.708+0000] {dagbag.py:545} INFO - Filling up the DagBag from /opt/airflow/dags/lcbo_pipeline_dag.py
[2026-09-26T20:28:04.743+0000] {processor.py:840} INFO - DAG(s) 'medallion_settlement_pipeline' retrieved from /opt/airflow/dags/lcbo_pipeline_dag.py
[2026-09-26T20:28:04.760+0000] {logging_mixin.py:188} INFO - [2026-09-26T20:28:04.760+0000] {dag.py:3089} INFO - Sync 1 DAGs
[2026-09-26T20:28:04.770+0000] {logging_mixin.py:188} INFO - [2026-09-26T20:28:04.770+0000] {dag.py:3947} INFO - Setting next_dagrun for medallion_settlement_pipeline to None, run_after=None
[2026-09-26T20:28:04.785+0000] {processor.py:183} INFO - Processing /opt/airflow/dags/lcbo_pipeline_dag.py took 0.085 seconds
[2026-09-26T20:28:34.902+0000] {processor.py:161} INFO - Started process (PID=1444) to work on /opt/airflow/dags/lcbo_pipeline_dag.py
[2026-09-26T20:28:34.903+0000] {processor.py:830} INFO - Processing file /opt/airflow/dags/lcbo_pipeline_dag.py for tasks to queue
[2026-09-26T20:28:34.905+0000] {logging_mixin.py:188} INFO - [2026-09-26T20:28:34.904+0000] {dagbag.py:545} INFO - Filling up the DagBag from /opt/airflow/dags/lcbo_pipeline_dag.py
[2026-09-26T20:28:34.939+0000] {processor.py:840} INFO - DAG(s) 'medallion_settlement_pipeline' retrieved from /opt/airflow/dags/lcbo_pipeline_dag.py
[2026-09-26T20:28:34.957+0000] {logging_mixin.py:188} INFO - [2026-09-26T20:28:34.956+0000] {dag.py:3089} INFO - Sync 1 DAGs
[2026-09-26T20:28:34.967+0000] {logging_mixin.py:188} INFO - [2026-09-26T20:28:34.966+0000] {dag.py:3947} INFO - Setting next_dagrun for medallion_settlement_pipeline to None, run_after=None
[2026-09-26T20:28:34.984+0000] {processor.py:183} INFO - Processing /opt/airflow/dags/lcbo_pipeline_dag.py took 0.087 seconds
[2026-09-26T20:29:05.170+0000] {processor.py:161} INFO - Started process (PID=1455) to work on /opt/airflow/dags/lcbo_pipeline_dag.py
[2026-09-26T20:29:05.172+0000] {processor.py:830} INFO - Processing file /opt/airflow/dags/lcbo_pipeline_dag.py for tasks to queue
[2026-09-26T20:29:05.174+0000] {logging_mixin.py:188} INFO - [2026-09-26T20:29:05.174+0000] {dagbag.py:545} INFO - Filling up the DagBag from /opt/airflow/dags/lcbo_pipeline_dag.py
[2026-09-26T20:29:05.211+0000] {processor.py:840} INFO - DAG(s) 'medallion_settlement_pipeline' retrieved from /opt/airflow/dags/lcbo_pipeline_dag.py
[2026-09-26T20:29:05.231+0000] {logging_mixin.py:188} INFO - [2026-09-26T20:29:05.231+0000] {dag.py:3089} INFO - Sync 1 DAGs
[2026-09-26T20:29:05.242+0000] {logging_mixin.py:188} INFO - [2026-09-26T20:29:05.242+0000] {dag.py:3947} INFO - Setting next_dagrun for medallion_settlement_pipeline to None, run_after=None
[2026-09-26T20:29:05.259+0000] {processor.py:183} INFO - Processing /opt/airflow/dags/lcbo_pipeline_dag.py took 0.094 seconds
[2026-09-26T20:29:35.364+0000] {processor.py:161} INFO - Started process (PID=1466) to work on /opt/airflow/dags/lcbo_pipeline_dag.py
[2026-09-26T20:29:35.366+0000] {processor.py:830} INFO - Processing file /opt/airflow/dags/lcbo_pipeline_dag.py for tasks to queue
[2026-09-26T20:29:35.368+0000] {logging_mixin.py:188} INFO - [2026-09-26T20:29:35.368+0000] {dagbag.py:545} INFO - Filling up the DagBag from /opt/airflow/dags/lcbo_pipeline_dag.py
[2026-09-26T20:29:35.404+0000] {processor.py:840} INFO - DAG(s) 'medallion_settlement_pipeline' retrieved from /opt/airflow/dags/lcbo_pipeline_dag.py
[2026-09-26T20:29:35.422+0000] {logging_mixin.py:188} INFO - [2026-09-26T20:29:35.422+0000] {dag.py:3089} INFO - Sync 1 DAGs
[2026-09-26T20:29:35.432+0000] {logging_mixin.py:188} INFO - [2026-09-26T20:29:35.432+0000] {dag.py:3947} INFO - Setting next_dagrun for medallion_settlement_pipeline to None, run_after=None
[2026-09-26T20:29:35.450+0000] {processor.py:183} INFO - Processing /opt/airflow/dags/lcbo_pipeline_dag.py took 0.090 seconds
[2026-09-26T20:30:05.629+0000] {processor.py:161} INFO - Started process (PID=1477) to work on /opt/airflow/dags/lcbo_pipeline_dag.py
[2026-09-26T20:30:05.630+0000] {processor.py:830} INFO - Processing file /opt/airflow/dags/lcbo_pipeline_dag.py for tasks to queue
[2026-09-26T20:30:05.632+0000] {logging_mixin.py:188} INFO - [2026-09-26T20:30:05.632+0000] {dagbag.py:545} INFO - Filling up the DagBag from /opt/airflow/dags/lcbo_pipeline_dag.py
[2026-09-26T20:30:05.664+0000] {processor.py:840} INFO - DAG(s) 'medallion_settlement_pipeline' retrieved from /opt/airflow/dags/lcbo_pipeline_dag.py
[2026-09-26T20:30:05.681+0000] {logging_mixin.py:188} INFO - [2026-09-26T20:30:05.681+0000] {dag.py:3089} INFO - Sync 1 DAGs
[2026-09-26T20:30:05.691+0000] {logging_mixin.py:188} INFO - [2026-09-26T20:30:05.691+0000] {dag.py:3947} INFO - Setting next_dagrun for medallion_settlement_pipeline to None, run_after=None
[2026-09-26T20:30:05.709+0000] {processor.py:183} INFO - Processing /opt/airflow/dags/lcbo_pipeline_dag.py took 0.084 seconds
[2026-09-26T20:30:35.824+0000] {processor.py:161} INFO - Started process (PID=1488) to work on /opt/airflow/dags/lcbo_pipeline_dag.py
[2026-09-26T20:30:35.825+0000] {processor.py:830} INFO - Processing file /opt/airflow/dags/lcbo_pipeline_dag.py for tasks to queue
[2026-09-26T20:30:35.827+0000] {logging_mixin.py:188} INFO - [2026-09-26T20:30:35.827+0000] {dagbag.py:545} INFO - Filling up the DagBag from /opt/airflow/dags/lcbo_pipeline_dag.py
[2026-09-26T20:30:35.863+0000] {processor.py:840} INFO - DAG(s) 'medallion_settlement_pipeline' retrieved from /opt/airflow/dags/lcbo_pipeline_dag.py
[2026-09-26T20:30:35.882+0000] {logging_mixin.py:188} INFO - [2026-09-26T20:30:35.882+0000] {dag.py:3089} INFO - Sync 1 DAGs
[2026-09-26T20:30:35.893+0000] {logging_mixin.py:188} INFO - [2026-09-26T20:30:35.893+0000] {dag.py:3947} INFO - Setting next_dagrun for medallion_settlement_pipeline to None, run_after=None
[2026-09-26T20:30:35.910+0000] {processor.py:183} INFO - Processing /opt/airflow/dags/lcbo_pipeline_dag.py took 0.090 seconds
[2026-09-26T20:31:06.078+0000] {processor.py:161} INFO - Started process (PID=1499) to work on /opt/airflow/dags/lcbo_pipeline_dag.py
[2026-09-26T20:31:06.079+0000] {processor.py:830} INFO - Processing file /opt/airflow/dags/lcbo_pipeline_dag.py for tasks to queue
[2026-09-26T20:31:06.080+0000] {logging_mixin.py:188} INFO - [2026-09-26T20:31:06.080+0000] {dagbag.py:545} INFO - Filling up the DagBag from /opt/airflow/dags/lcbo_pipeline_dag.py
[2026-09-26T20:31:06.113+0000] {processor.py:840} INFO - DAG(s) 'medallion_settlement_pipeline' retrieved from /opt/airflow/dags/lcbo_pipeline_dag.py
[2026-09-26T20:31:06.132+0000] {logging_mixin.py:188} INFO - [2026-09-26T20:31:06.132+0000] {dag.py:3089} INFO - Sync 1 DAGs
[2026-09-26T20:31:06.144+0000] {logging_mixin.py:188} INFO - [2026-09-26T20:31:06.143+0000] {dag.py:3947} INFO - Setting next_dagrun for medallion_settlement_pipeline to None, run_after=None
[2026-09-26T20:31:06.161+0000] {processor.py:183} INFO - Processing /opt/airflow/dags/lcbo_pipeline_dag.py took 0.087 seconds
[2026-09-26T20:31:36.277+0000] {processor.py:161} INFO - Started process (PID=1510) to work on /opt/airflow/dags/lcbo_pipeline_dag.py
[2026-09-26T20:31:36.278+0000] {processor.py:830} INFO - Processing file /opt/airflow/dags/lcbo_pipeline_dag.py for tasks to queue
[2026-09-26T20:31:36.280+0000] {logging_mixin.py:188} INFO - [2026-09-26T20:31:36.280+0000] {dagbag.py:545} INFO - Filling up the DagBag from /opt/airflow/dags/lcbo_pipeline_dag.py
[2026-09-26T20:31:36.313+0000] {processor.py:840} INFO - DAG(s) 'medallion_settlement_pipeline' retrieved from /opt/airflow/dags/lcbo_pipeline_dag.py
[2026-09-26T20:31:36.330+0000] {logging_mixin.py:188} INFO - [2026-09-26T20:31:36.330+0000] {dag.py:3089} INFO - Sync 1 DAGs
[2026-09-26T20:31:36.340+0000] {logging_mixin.py:188} INFO - [2026-09-26T20:31:36.340+0000] {dag.py:3947} INFO - Setting next_dagrun for medallion_settlement_pipeline to None, run_after=None
[2026-09-26T20:31:36.358+0000] {processor.py:183} INFO - Processing /opt/airflow/dags/lcbo_pipeline_dag.py took 0.085 seconds
[2026-09-26T20:32:06.529+0000] {processor.py:161} INFO - Started process (PID=1521) to work on /opt/airflow/dags/lcbo_pipeline_dag.py
[2026-09-26T20:32:06.530+0000] {processor.py:830} INFO - Processing file /opt/airflow/dags/lcbo_pipeline_dag.py for tasks to queue
[2026-09-26T20:32:06.532+0000] {logging_mixin.py:188} INFO - [2026-09-26T20:32:06.532+0000] {dagbag.py:545} INFO - Filling up the DagBag from /opt/airflow/dags/lcbo_pipeline_dag.py
[2026-09-26T20:32:06.564+0000] {processor.py:840} INFO - DAG(s) 'medallion_settlement_pipeline' retrieved from /opt/airflow/dags/lcbo_pipeline_dag.py
[2026-09-26T20:32:06.580+0000] {logging_mixin.py:188} INFO - [2026-09-26T20:32:06.580+0000] {dag.py:3089} INFO - Sync 1 DAGs
[2026-09-26T20:32:06.592+0000] {logging_mixin.py:188} INFO - [2026-09-26T20:32:06.592+0000] {dag.py:3947} INFO - Setting next_dagrun for medallion_settlement_pipeline to None, run_after=None
[2026-09-26T20:32:06.607+0000] {processor.py:183} INFO - Processing /opt/airflow/dags/lcbo_pipeline_dag.py took 0.082 seconds
[2026-09-26T20:32:36.734+0000] {processor.py:161} INFO - Started process (PID=1532) to work on /opt/airflow/dags/lcbo_pipeline_dag.py
[2026-09-26T20:32:36.735+0000] {processor.py:830} INFO - Processing file /opt/airflow/dags/lcbo_pipeline_dag.py for tasks to queue
[2026-09-26T20:32:36.737+0000] {logging_mixin.py:188} INFO - [2026-09-26T20:32:36.737+0000] {dagbag.py:545} INFO - Filling up the DagBag from /opt/airflow/dags/lcbo_pipeline_dag.py
[2026-09-26T20:32:36.774+0000] {processor.py:840} INFO - DAG(s) 'medallion_settlement_pipeline' retrieved from /opt/airflow/dags/lcbo_pipeline_dag.py
[2026-09-26T20:32:36.794+0000] {logging_mixin.py:188} INFO - [2026-09-26T20:32:36.794+0000] {dag.py:3089} INFO - Sync 1 DAGs
[2026-09-26T20:32:36.804+0000] {logging_mixin.py:188} INFO - [2026-09-26T20:32:36.804+0000] {dag.py:3947} INFO - Setting next_dagrun for medallion_settlement_pipeline to None, run_after=None
[2026-09-26T20:32:36.821+0000] {processor.py:183} INFO - Processing /opt/airflow/dags/lcbo_pipeline_dag.py took 0.093 seconds
[2026-09-26T20:33:07.017+0000] {processor.py:161} INFO - Started process (PID=1543) to work on /opt/airflow/dags/lcbo_pipeline_dag.py
[2026-09-26T20:33:07.019+0000] {processor.py:830} INFO - Processing file /opt/airflow/dags/lcbo_pipeline_dag.py for tasks to queue
[2026-09-26T20:33:07.021+0000] {logging_mixin.py:188} INFO - [2026-09-26T20:33:07.020+0000] {dagbag.py:545} INFO - Filling up the DagBag from /opt/airflow/dags/lcbo_pipeline_dag.py
[2026-09-26T20:33:07.057+0000] {processor.py:840} INFO - DAG(s) 'medallion_settlement_pipeline' retrieved from /opt/airflow/dags/lcbo_pipeline_dag.py
[2026-09-26T20:33:07.082+0000] {logging_mixin.py:188} INFO - [2026-09-26T20:33:07.082+0000] {dag.py:3089} INFO - Sync 1 DAGs
[2026-09-26T20:33:07.094+0000] {logging_mixin.py:188} INFO - [2026-09-26T20:33:07.094+0000] {dag.py:3947} INFO - Setting next_dagrun for medallion_settlement_pipeline to None, run_after=None
[2026-09-26T20:33:07.113+0000] {processor.py:183} INFO - Processing /opt/airflow/dags/lcbo_pipeline_dag.py took 0.101 seconds
[2026-09-26T20:33:37.216+0000] {processor.py:161} INFO - Started process (PID=1554) to work on /opt/airflow/dags/lcbo_pipeline_dag.py
[2026-09-26T20:33:37.217+0000] {processor.py:830} INFO - Processing file /opt/airflow/dags/lcbo_pipeline_dag.py for tasks to queue
[2026-09-26T20:33:37.218+0000] {logging_mixin.py:188} INFO - [2026-09-26T20:33:37.218+0000] {dagbag.py:545} INFO - Filling up the DagBag from /opt/airflow/dags/lcbo_pipeline_dag.py
[2026-09-26T20:33:37.252+0000] {processor.py:840} INFO - DAG(s) 'medallion_settlement_pipeline' retrieved from /opt/airflow/dags/lcbo_pipeline_dag.py
[2026-09-26T20:33:37.270+0000] {logging_mixin.py:188} INFO - [2026-09-26T20:33:37.270+0000] {dag.py:3089} INFO - Sync 1 DAGs
[2026-09-26T20:33:37.280+0000] {logging_mixin.py:188} INFO - [2026-09-26T20:33:37.280+0000] {dag.py:3947} INFO - Setting next_dagrun for medallion_settlement_pipeline to None, run_after=None
[2026-09-26T20:33:37.297+0000] {processor.py:183} INFO - Processing /opt/airflow/dags/lcbo_pipeline_dag.py took 0.086 seconds
[2026-09-26T20:34:07.479+0000] {processor.py:161} INFO - Started process (PID=1565) to work on /opt/airflow/dags/lcbo_pipeline_dag.py
[2026-09-26T20:34:07.480+0000] {processor.py:830} INFO - Processing file /opt/airflow/dags/lcbo_pipeline_dag.py for tasks to queue
[2026-09-26T20:34:07.482+0000] {logging_mixin.py:188} INFO - [2026-09-26T20:34:07.482+0000] {dagbag.py:545} INFO - Filling up the DagBag from /opt/airflow/dags/lcbo_pipeline_dag.py
[2026-09-26T20:34:07.517+0000] {processor.py:840} INFO - DAG(s) 'medallion_settlement_pipeline' retrieved from /opt/airflow/dags/lcbo_pipeline_dag.py
[2026-09-26T20:34:07.535+0000] {logging_mixin.py:188} INFO - [2026-09-26T20:34:07.534+0000] {dag.py:3089} INFO - Sync 1 DAGs
[2026-09-26T20:34:07.545+0000] {logging_mixin.py:188} INFO - [2026-09-26T20:34:07.544+0000] {dag.py:3947} INFO - Setting next_dagrun for medallion_settlement_pipeline to None, run_after=None
[2026-09-26T20:34:07.562+0000] {processor.py:183} INFO - Processing /opt/airflow/dags/lcbo_pipeline_dag.py took 0.087 seconds
[2026-09-26T20:34:37.683+0000] {processor.py:161} INFO - Started process (PID=1576) to work on /opt/airflow/dags/lcbo_pipeline_dag.py
[2026-09-26T20:34:37.684+0000] {processor.py:830} INFO - Processing file /opt/airflow/dags/lcbo_pipeline_dag.py for tasks to queue
[2026-09-26T20:34:37.686+0000] {logging_mixin.py:188} INFO - [2026-09-26T20:34:37.686+0000] {dagbag.py:545} INFO - Filling up the DagBag from /opt/airflow/dags/lcbo_pipeline_dag.py
[2026-09-26T20:34:37.719+0000] {processor.py:840} INFO - DAG(s) 'medallion_settlement_pipeline' retrieved from /opt/airflow/dags/lcbo_pipeline_dag.py
[2026-09-26T20:34:37.737+0000] {logging_mixin.py:188} INFO - [2026-09-26T20:34:37.737+0000] {dag.py:3089} INFO - Sync 1 DAGs
[2026-09-26T20:34:37.747+0000] {logging_mixin.py:188} INFO - [2026-09-26T20:34:37.747+0000] {dag.py:3947} INFO - Setting next_dagrun for medallion_settlement_pipeline to None, run_after=None
[2026-09-26T20:34:37.762+0000] {processor.py:183} INFO - Processing /opt/airflow/dags/lcbo_pipeline_dag.py took 0.083 seconds
[2026-09-26T20:35:07.932+0000] {processor.py:161} INFO - Started process (PID=1587) to work on /opt/airflow/dags/lcbo_pipeline_dag.py
[2026-09-26T20:35:07.934+0000] {processor.py:830} INFO - Processing file /opt/airflow/dags/lcbo_pipeline_dag.py for tasks to queue
[2026-09-26T20:35:07.935+0000] {logging_mixin.py:188} INFO - [2026-09-26T20:35:07.935+0000] {dagbag.py:545} INFO - Filling up the DagBag from /opt/airflow/dags/lcbo_pipeline_dag.py
[2026-09-26T20:35:07.968+0000] {processor.py:840} INFO - DAG(s) 'medallion_settlement_pipeline' retrieved from /opt/airflow/dags/lcbo_pipeline_dag.py
[2026-09-26T20:35:07.986+0000] {logging_mixin.py:188} INFO - [2026-09-26T20:35:07.986+0000] {dag.py:3089} INFO - Sync 1 DAGs
[2026-09-26T20:35:07.996+0000] {logging_mixin.py:188} INFO - [2026-09-26T20:35:07.996+0000] {dag.py:3947} INFO - Setting next_dagrun for medallion_settlement_pipeline to None, run_after=None
[2026-09-26T20:35:08.011+0000] {processor.py:183} INFO - Processing /opt/airflow/dags/lcbo_pipeline_dag.py took 0.083 seconds
[2026-09-26T20:35:38.139+0000] {processor.py:161} INFO - Started process (PID=1598) to work on /opt/airflow/dags/lcbo_pipeline_dag.py
[2026-09-26T20:35:38.141+0000] {processor.py:830} INFO - Processing file /opt/airflow/dags/lcbo_pipeline_dag.py for tasks to queue
[2026-09-26T20:35:38.143+0000] {logging_mixin.py:188} INFO - [2026-09-26T20:35:38.143+0000] {dagbag.py:545} INFO - Filling up the DagBag from /opt/airflow/dags/lcbo_pipeline_dag.py
[2026-09-26T20:35:38.177+0000] {processor.py:840} INFO - DAG(s) 'medallion_settlement_pipeline' retrieved from /opt/airflow/dags/lcbo_pipeline_dag.py
[2026-09-26T20:35:38.194+0000] {logging_mixin.py:188} INFO - [2026-09-26T20:35:38.194+0000] {dag.py:3089} INFO - Sync 1 DAGs
[2026-09-26T20:35:38.204+0000] {logging_mixin.py:188} INFO - [2026-09-26T20:35:38.204+0000] {dag.py:3947} INFO - Setting next_dagrun for medallion_settlement_pipeline to None, run_after=None
[2026-09-26T20:35:38.222+0000] {processor.py:183} INFO - Processing /opt/airflow/dags/lcbo_pipeline_dag.py took 0.087 seconds
[2026-09-26T20:36:08.390+0000] {processor.py:161} INFO - Started process (PID=1609) to work on /opt/airflow/dags/lcbo_pipeline_dag.py
[2026-09-26T20:36:08.391+0000] {processor.py:830} INFO - Processing file /opt/airflow/dags/lcbo_pipeline_dag.py for tasks to queue
[2026-09-26T20:36:08.392+0000] {logging_mixin.py:188} INFO - [2026-09-26T20:36:08.392+0000] {dagbag.py:545} INFO - Filling up the DagBag from /opt/airflow/dags/lcbo_pipeline_dag.py
[2026-09-26T20:36:08.424+0000] {processor.py:840} INFO - DAG(s) 'medallion_settlement_pipeline' retrieved from /opt/airflow/dags/lcbo_pipeline_dag.py
[2026-09-26T20:36:08.441+0000] {logging_mixin.py:188} INFO - [2026-09-26T20:36:08.441+0000] {dag.py:3089} INFO - Sync 1 DAGs
[2026-09-26T20:36:08.450+0000] {logging_mixin.py:188} INFO - [2026-09-26T20:36:08.450+0000] {dag.py:3947} INFO - Setting next_dagrun for medallion_settlement_pipeline to None, run_after=None
[2026-09-26T20:36:08.466+0000] {processor.py:183} INFO - Processing /opt/airflow/dags/lcbo_pipeline_dag.py took 0.080 seconds
[2026-09-26T20:36:38.613+0000] {processor.py:161} INFO - Started process (PID=1621) to work on /opt/airflow/dags/lcbo_pipeline_dag.py
[2026-09-26T20:36:38.614+0000] {processor.py:830} INFO - Processing file /opt/airflow/dags/lcbo_pipeline_dag.py for tasks to queue
[2026-09-26T20:36:38.617+0000] {logging_mixin.py:188} INFO - [2026-09-26T20:36:38.617+0000] {dagbag.py:545} INFO - Filling up the DagBag from /opt/airflow/dags/lcbo_pipeline_dag.py
[2026-09-26T20:36:38.661+0000] {processor.py:840} INFO - DAG(s) 'medallion_settlement_pipeline' retrieved from /opt/airflow/dags/lcbo_pipeline_dag.py
[2026-09-26T20:36:38.682+0000] {logging_mixin.py:188} INFO - [2026-09-26T20:36:38.682+0000] {dag.py:3089} INFO - Sync 1 DAGs
[2026-09-26T20:36:38.694+0000] {logging_mixin.py:188} INFO - [2026-09-26T20:36:38.694+0000] {dag.py:3947} INFO - Setting next_dagrun for medallion_settlement_pipeline to None, run_after=None
[2026-09-26T20:36:38.714+0000] {processor.py:183} INFO - Processing /opt/airflow/dags/lcbo_pipeline_dag.py took 0.108 seconds
[2026-09-26T20:37:08.852+0000] {processor.py:161} INFO - Started process (PID=1632) to work on /opt/airflow/dags/lcbo_pipeline_dag.py
[2026-09-26T20:37:08.853+0000] {processor.py:830} INFO - Processing file /opt/airflow/dags/lcbo_pipeline_dag.py for tasks to queue
[2026-09-26T20:37:08.856+0000] {logging_mixin.py:188} INFO - [2026-09-26T20:37:08.855+0000] {dagbag.py:545} INFO - Filling up the DagBag from /opt/airflow/dags/lcbo_pipeline_dag.py
[2026-09-26T20:37:08.899+0000] {processor.py:840} INFO - DAG(s) 'medallion_settlement_pipeline' retrieved from /opt/airflow/dags/lcbo_pipeline_dag.py
[2026-09-26T20:37:08.922+0000] {logging_mixin.py:188} INFO - [2026-09-26T20:37:08.922+0000] {dag.py:3089} INFO - Sync 1 DAGs
[2026-09-26T20:37:08.936+0000] {logging_mixin.py:188} INFO - [2026-09-26T20:37:08.935+0000] {dag.py:3947} INFO - Setting next_dagrun for medallion_settlement_pipeline to None, run_after=None
[2026-09-26T20:37:08.955+0000] {processor.py:183} INFO - Processing /opt/airflow/dags/lcbo_pipeline_dag.py took 0.109 seconds
[2026-09-26T20:37:39.085+0000] {processor.py:161} INFO - Started process (PID=1643) to work on /opt/airflow/dags/lcbo_pipeline_dag.py
[2026-09-26T20:37:39.087+0000] {processor.py:830} INFO - Processing file /opt/airflow/dags/lcbo_pipeline_dag.py for tasks to queue
[2026-09-26T20:37:39.089+0000] {logging_mixin.py:188} INFO - [2026-09-26T20:37:39.089+0000] {dagbag.py:545} INFO - Filling up the DagBag from /opt/airflow/dags/lcbo_pipeline_dag.py
[2026-09-26T20:37:39.128+0000] {processor.py:840} INFO - DAG(s) 'medallion_settlement_pipeline' retrieved from /opt/airflow/dags/lcbo_pipeline_dag.py
[2026-09-26T20:37:39.147+0000] {logging_mixin.py:188} INFO - [2026-09-26T20:37:39.147+0000] {dag.py:3089} INFO - Sync 1 DAGs
[2026-09-26T20:37:39.159+0000] {logging_mixin.py:188} INFO - [2026-09-26T20:37:39.159+0000] {dag.py:3947} INFO - Setting next_dagrun for medallion_settlement_pipeline to None, run_after=None
[2026-09-26T20:37:39.175+0000] {processor.py:183} INFO - Processing /opt/airflow/dags/lcbo_pipeline_dag.py took 0.096 seconds
[2026-09-26T20:38:09.354+0000] {processor.py:161} INFO - Started process (PID=1654) to work on /opt/airflow/dags/lcbo_pipeline_dag.py
[2026-09-26T20:38:09.355+0000] {processor.py:830} INFO - Processing file /opt/airflow/dags/lcbo_pipeline_dag.py for tasks to queue
[2026-09-26T20:38:09.357+0000] {logging_mixin.py:188} INFO - [2026-09-26T20:38:09.357+0000] {dagbag.py:545} INFO - Filling up the DagBag from /opt/airflow/dags/lcbo_pipeline_dag.py
[2026-09-26T20:38:09.392+0000] {processor.py:840} INFO - DAG(s) 'medallion_settlement_pipeline' retrieved from /opt/airflow/dags/lcbo_pipeline_dag.py
[2026-09-26T20:38:09.410+0000] {logging_mixin.py:188} INFO - [2026-09-26T20:38:09.410+0000] {dag.py:3089} INFO - Sync 1 DAGs
[2026-09-26T20:38:09.421+0000] {logging_mixin.py:188} INFO - [2026-09-26T20:38:09.421+0000] {dag.py:3947} INFO - Setting next_dagrun for medallion_settlement_pipeline to None, run_after=None
[2026-09-26T20:38:09.439+0000] {processor.py:183} INFO - Processing /opt/airflow/dags/lcbo_pipeline_dag.py took 0.090 seconds
[2026-09-26T20:38:39.552+0000] {processor.py:161} INFO - Started process (PID=1665) to work on /opt/airflow/dags/lcbo_pipeline_dag.py
[2026-09-26T20:38:39.553+0000] {processor.py:830} INFO - Processing file /opt/airflow/dags/lcbo_pipeline_dag.py for tasks to queue
[2026-09-26T20:38:39.555+0000] {logging_mixin.py:188} INFO - [2026-09-26T20:38:39.555+0000] {dagbag.py:545} INFO - Filling up the DagBag from /opt/airflow/dags/lcbo_pipeline_dag.py
[2026-09-26T20:38:39.590+0000] {processor.py:840} INFO - DAG(s) 'medallion_settlement_pipeline' retrieved from /opt/airflow/dags/lcbo_pipeline_dag.py
[2026-09-26T20:38:39.609+0000] {logging_mixin.py:188} INFO - [2026-09-26T20:38:39.608+0000] {dag.py:3089} INFO - Sync 1 DAGs
[2026-09-26T20:38:39.619+0000] {logging_mixin.py:188} INFO - [2026-09-26T20:38:39.619+0000] {dag.py:3947} INFO - Setting next_dagrun for medallion_settlement_pipeline to None, run_after=None
[2026-09-26T20:38:39.635+0000] {processor.py:183} INFO - Processing /opt/airflow/dags/lcbo_pipeline_dag.py took 0.088 seconds
[2026-09-26T20:39:09.828+0000] {processor.py:161} INFO - Started process (PID=1676) to work on /opt/airflow/dags/lcbo_pipeline_dag.py
[2026-09-26T20:39:09.829+0000] {processor.py:830} INFO - Processing file /opt/airflow/dags/lcbo_pipeline_dag.py for tasks to queue
[2026-09-26T20:39:09.831+0000] {logging_mixin.py:188} INFO - [2026-09-26T20:39:09.831+0000] {dagbag.py:545} INFO - Filling up the DagBag from /opt/airflow/dags/lcbo_pipeline_dag.py
[2026-09-26T20:39:09.862+0000] {processor.py:840} INFO - DAG(s) 'medallion_settlement_pipeline' retrieved from /opt/airflow/dags/lcbo_pipeline_dag.py
[2026-09-26T20:39:09.877+0000] {logging_mixin.py:188} INFO - [2026-09-26T20:39:09.877+0000] {dag.py:3089} INFO - Sync 1 DAGs
[2026-09-26T20:39:09.886+0000] {logging_mixin.py:188} INFO - [2026-09-26T20:39:09.886+0000] {dag.py:3947} INFO - Setting next_dagrun for medallion_settlement_pipeline to None, run_after=None
[2026-09-26T20:39:09.902+0000] {processor.py:183} INFO - Processing /opt/airflow/dags/lcbo_pipeline_dag.py took 0.077 seconds
[2026-09-26T20:39:40.047+0000] {processor.py:161} INFO - Started process (PID=1687) to work on /opt/airflow/dags/lcbo_pipeline_dag.py
[2026-09-26T20:39:40.048+0000] {processor.py:830} INFO - Processing file /opt/airflow/dags/lcbo_pipeline_dag.py for tasks to queue
[2026-09-26T20:39:40.050+0000] {logging_mixin.py:188} INFO - [2026-09-26T20:39:40.050+0000] {dagbag.py:545} INFO - Filling up the DagBag from /opt/airflow/dags/lcbo_pipeline_dag.py
[2026-09-26T20:39:40.079+0000] {processor.py:840} INFO - DAG(s) 'medallion_settlement_pipeline' retrieved from /opt/airflow/dags/lcbo_pipeline_dag.py
[2026-09-26T20:39:40.095+0000] {logging_mixin.py:188} INFO - [2026-09-26T20:39:40.095+0000] {dag.py:3089} INFO - Sync 1 DAGs
[2026-09-26T20:39:40.104+0000] {logging_mixin.py:188} INFO - [2026-09-26T20:39:40.104+0000] {dag.py:3947} INFO - Setting next_dagrun for medallion_settlement_pipeline to None, run_after=None
[2026-09-26T20:39:40.120+0000] {processor.py:183} INFO - Processing /opt/airflow/dags/lcbo_pipeline_dag.py took 0.077 seconds
[2026-09-26T20:40:10.320+0000] {processor.py:161} INFO - Started process (PID=1698) to work on /opt/airflow/dags/lcbo_pipeline_dag.py
[2026-09-26T20:40:10.321+0000] {processor.py:830} INFO - Processing file /opt/airflow/dags/lcbo_pipeline_dag.py for tasks to queue
[2026-09-26T20:40:10.323+0000] {logging_mixin.py:188} INFO - [2026-09-26T20:40:10.323+0000] {dagbag.py:545} INFO - Filling up the DagBag from /opt/airflow/dags/lcbo_pipeline_dag.py
[2026-09-26T20:40:10.357+0000] {processor.py:840} INFO - DAG(s) 'medallion_settlement_pipeline' retrieved from /opt/airflow/dags/lcbo_pipeline_dag.py
[2026-09-26T20:40:10.373+0000] {logging_mixin.py:188} INFO - [2026-09-26T20:40:10.373+0000] {dag.py:3089} INFO - Sync 1 DAGs
[2026-09-26T20:40:10.383+0000] {logging_mixin.py:188} INFO - [2026-09-26T20:40:10.383+0000] {dag.py:3947} INFO - Setting next_dagrun for medallion_settlement_pipeline to None, run_after=None
[2026-09-26T20:40:10.400+0000] {processor.py:183} INFO - Processing /opt/airflow/dags/lcbo_pipeline_dag.py took 0.084 seconds
[2026-09-26T20:40:40.536+0000] {processor.py:161} INFO - Started process (PID=1709) to work on /opt/airflow/dags/lcbo_pipeline_dag.py
[2026-09-26T20:40:40.537+0000] {processor.py:830} INFO - Processing file /opt/airflow/dags/lcbo_pipeline_dag.py for tasks to queue
[2026-09-26T20:40:40.538+0000] {logging_mixin.py:188} INFO - [2026-09-26T20:40:40.538+0000] {dagbag.py:545} INFO - Filling up the DagBag from /opt/airflow/dags/lcbo_pipeline_dag.py
[2026-09-26T20:40:40.570+0000] {processor.py:840} INFO - DAG(s) 'medallion_settlement_pipeline' retrieved from /opt/airflow/dags/lcbo_pipeline_dag.py
[2026-09-26T20:40:40.585+0000] {logging_mixin.py:188} INFO - [2026-09-26T20:40:40.585+0000] {dag.py:3089} INFO - Sync 1 DAGs
[2026-09-26T20:40:40.594+0000] {logging_mixin.py:188} INFO - [2026-09-26T20:40:40.594+0000] {dag.py:3947} INFO - Setting next_dagrun for medallion_settlement_pipeline to None, run_after=None
[2026-09-26T20:40:40.609+0000] {processor.py:183} INFO - Processing /opt/airflow/dags/lcbo_pipeline_dag.py took 0.077 seconds
[2026-09-26T20:41:10.800+0000] {processor.py:161} INFO - Started process (PID=1720) to work on /opt/airflow/dags/lcbo_pipeline_dag.py
[2026-09-26T20:41:10.801+0000] {processor.py:830} INFO - Processing file /opt/airflow/dags/lcbo_pipeline_dag.py for tasks to queue
[2026-09-26T20:41:10.803+0000] {logging_mixin.py:188} INFO - [2026-09-26T20:41:10.803+0000] {dagbag.py:545} INFO - Filling up the DagBag from /opt/airflow/dags/lcbo_pipeline_dag.py
[2026-09-26T20:41:10.833+0000] {processor.py:840} INFO - DAG(s) 'medallion_settlement_pipeline' retrieved from /opt/airflow/dags/lcbo_pipeline_dag.py
[2026-09-26T20:41:10.847+0000] {logging_mixin.py:188} INFO - [2026-09-26T20:41:10.847+0000] {dag.py:3089} INFO - Sync 1 DAGs
[2026-09-26T20:41:10.856+0000] {logging_mixin.py:188} INFO - [2026-09-26T20:41:10.856+0000] {dag.py:3947} INFO - Setting next_dagrun for medallion_settlement_pipeline to None, run_after=None
[2026-09-26T20:41:10.870+0000] {processor.py:183} INFO - Processing /opt/airflow/dags/lcbo_pipeline_dag.py took 0.074 seconds
[2026-09-26T20:41:41.014+0000] {processor.py:161} INFO - Started process (PID=1731) to work on /opt/airflow/dags/lcbo_pipeline_dag.py
[2026-09-26T20:41:41.016+0000] {processor.py:830} INFO - Processing file /opt/airflow/dags/lcbo_pipeline_dag.py for tasks to queue
[2026-09-26T20:41:41.018+0000] {logging_mixin.py:188} INFO - [2026-09-26T20:41:41.017+0000] {dagbag.py:545} INFO - Filling up the DagBag from /opt/airflow/dags/lcbo_pipeline_dag.py
[2026-09-26T20:41:41.048+0000] {processor.py:840} INFO - DAG(s) 'medallion_settlement_pipeline' retrieved from /opt/airflow/dags/lcbo_pipeline_dag.py
[2026-09-26T20:41:41.065+0000] {logging_mixin.py:188} INFO - [2026-09-26T20:41:41.065+0000] {dag.py:3089} INFO - Sync 1 DAGs
[2026-09-26T20:41:41.074+0000] {logging_mixin.py:188} INFO - [2026-09-26T20:41:41.074+0000] {dag.py:3947} INFO - Setting next_dagrun for medallion_settlement_pipeline to None, run_after=None
[2026-09-26T20:41:41.090+0000] {processor.py:183} INFO - Processing /opt/airflow/dags/lcbo_pipeline_dag.py took 0.080 seconds
[2026-09-26T20:42:11.286+0000] {processor.py:161} INFO - Started process (PID=1743) to work on /opt/airflow/dags/lcbo_pipeline_dag.py
[2026-09-26T20:42:11.287+0000] {processor.py:830} INFO - Processing file /opt/airflow/dags/lcbo_pipeline_dag.py for tasks to queue
[2026-09-26T20:42:11.289+0000] {logging_mixin.py:188} INFO - [2026-09-26T20:42:11.289+0000] {dagbag.py:545} INFO - Filling up the DagBag from /opt/airflow/dags/lcbo_pipeline_dag.py
[2026-09-26T20:42:11.325+0000] {processor.py:840} INFO - DAG(s) 'medallion_settlement_pipeline' retrieved from /opt/airflow/dags/lcbo_pipeline_dag.py
[2026-09-26T20:42:11.343+0000] {logging_mixin.py:188} INFO - [2026-09-26T20:42:11.343+0000] {dag.py:3089} INFO - Sync 1 DAGs
[2026-09-26T20:42:11.355+0000] {logging_mixin.py:188} INFO - [2026-09-26T20:42:11.355+0000] {dag.py:3947} INFO - Setting next_dagrun for medallion_settlement_pipeline to None, run_after=None
[2026-09-26T20:42:11.373+0000] {processor.py:183} INFO - Processing /opt/airflow/dags/lcbo_pipeline_dag.py took 0.092 seconds
[2026-09-26T20:42:41.507+0000] {processor.py:161} INFO - Started process (PID=1754) to work on /opt/airflow/dags/lcbo_pipeline_dag.py
[2026-09-26T20:42:41.508+0000] {processor.py:830} INFO - Processing file /opt/airflow/dags/lcbo_pipeline_dag.py for tasks to queue
[2026-09-26T20:42:41.510+0000] {logging_mixin.py:188} INFO - [2026-09-26T20:42:41.509+0000] {dagbag.py:545} INFO - Filling up the DagBag from /opt/airflow/dags/lcbo_pipeline_dag.py
[2026-09-26T20:42:41.543+0000] {processor.py:840} INFO - DAG(s) 'medallion_settlement_pipeline' retrieved from /opt/airflow/dags/lcbo_pipeline_dag.py
[2026-09-26T20:42:41.560+0000] {logging_mixin.py:188} INFO - [2026-09-26T20:42:41.559+0000] {dag.py:3089} INFO - Sync 1 DAGs
[2026-09-26T20:42:41.569+0000] {logging_mixin.py:188} INFO - [2026-09-26T20:42:41.569+0000] {dag.py:3947} INFO - Setting next_dagrun for medallion_settlement_pipeline to None, run_after=None
[2026-09-26T20:42:41.584+0000] {processor.py:183} INFO - Processing /opt/airflow/dags/lcbo_pipeline_dag.py took 0.081 seconds
[2026-09-26T20:43:11.838+0000] {processor.py:161} INFO - Started process (PID=1765) to work on /opt/airflow/dags/lcbo_pipeline_dag.py
[2026-09-26T20:43:11.839+0000] {processor.py:830} INFO - Processing file /opt/airflow/dags/lcbo_pipeline_dag.py for tasks to queue
[2026-09-26T20:43:11.841+0000] {logging_mixin.py:188} INFO - [2026-09-26T20:43:11.841+0000] {dagbag.py:545} INFO - Filling up the DagBag from /opt/airflow/dags/lcbo_pipeline_dag.py
[2026-09-26T20:43:11.871+0000] {processor.py:840} INFO - DAG(s) 'medallion_settlement_pipeline' retrieved from /opt/airflow/dags/lcbo_pipeline_dag.py
[2026-09-26T20:43:11.887+0000] {logging_mixin.py:188} INFO - [2026-09-26T20:43:11.887+0000] {dag.py:3089} INFO - Sync 1 DAGs
[2026-09-26T20:43:11.896+0000] {logging_mixin.py:188} INFO - [2026-09-26T20:43:11.896+0000] {dag.py:3947} INFO - Setting next_dagrun for medallion_settlement_pipeline to None, run_after=None
[2026-09-26T20:43:11.911+0000] {processor.py:183} INFO - Processing /opt/airflow/dags/lcbo_pipeline_dag.py took 0.076 seconds
[2026-09-26T20:43:42.067+0000] {processor.py:161} INFO - Started process (PID=1776) to work on /opt/airflow/dags/lcbo_pipeline_dag.py
[2026-09-26T20:43:42.068+0000] {processor.py:830} INFO - Processing file /opt/airflow/dags/lcbo_pipeline_dag.py for tasks to queue
[2026-09-26T20:43:42.070+0000] {logging_mixin.py:188} INFO - [2026-09-26T20:43:42.070+0000] {dagbag.py:545} INFO - Filling up the DagBag from /opt/airflow/dags/lcbo_pipeline_dag.py
[2026-09-26T20:43:42.101+0000] {processor.py:840} INFO - DAG(s) 'medallion_settlement_pipeline' retrieved from /opt/airflow/dags/lcbo_pipeline_dag.py
[2026-09-26T20:43:42.116+0000] {logging_mixin.py:188} INFO - [2026-09-26T20:43:42.116+0000] {dag.py:3089} INFO - Sync 1 DAGs
[2026-09-26T20:43:42.125+0000] {logging_mixin.py:188} INFO - [2026-09-26T20:43:42.125+0000] {dag.py:3947} INFO - Setting next_dagrun for medallion_settlement_pipeline to None, run_after=None
[2026-09-26T20:43:42.139+0000] {processor.py:183} INFO - Processing /opt/airflow/dags/lcbo_pipeline_dag.py took 0.076 seconds
[2026-09-26T20:44:12.355+0000] {processor.py:161} INFO - Started process (PID=1787) to work on /opt/airflow/dags/lcbo_pipeline_dag.py
[2026-09-26T20:44:12.356+0000] {processor.py:830} INFO - Processing file /opt/airflow/dags/lcbo_pipeline_dag.py for tasks to queue
[2026-09-26T20:44:12.358+0000] {logging_mixin.py:188} INFO - [2026-09-26T20:44:12.358+0000] {dagbag.py:545} INFO - Filling up the DagBag from /opt/airflow/dags/lcbo_pipeline_dag.py
[2026-09-26T20:44:12.391+0000] {processor.py:840} INFO - DAG(s) 'medallion_settlement_pipeline' retrieved from /opt/airflow/dags/lcbo_pipeline_dag.py
[2026-09-26T20:44:12.408+0000] {logging_mixin.py:188} INFO - [2026-09-26T20:44:12.408+0000] {dag.py:3089} INFO - Sync 1 DAGs
[2026-09-26T20:44:12.418+0000] {logging_mixin.py:188} INFO - [2026-09-26T20:44:12.418+0000] {dag.py:3947} INFO - Setting next_dagrun for medallion_settlement_pipeline to None, run_after=None
[2026-09-26T20:44:12.435+0000] {processor.py:183} INFO - Processing /opt/airflow/dags/lcbo_pipeline_dag.py took 0.083 seconds
[2026-09-26T20:44:42.587+0000] {processor.py:161} INFO - Started process (PID=1798) to work on /opt/airflow/dags/lcbo_pipeline_dag.py
[2026-09-26T20:44:42.588+0000] {processor.py:830} INFO - Processing file /opt/airflow/dags/lcbo_pipeline_dag.py for tasks to queue
[2026-09-26T20:44:42.590+0000] {logging_mixin.py:188} INFO - [2026-09-26T20:44:42.590+0000] {dagbag.py:545} INFO - Filling up the DagBag from /opt/airflow/dags/lcbo_pipeline_dag.py
[2026-09-26T20:44:42.621+0000] {processor.py:840} INFO - DAG(s) 'medallion_settlement_pipeline' retrieved from /opt/airflow/dags/lcbo_pipeline_dag.py
[2026-09-26T20:44:42.638+0000] {logging_mixin.py:188} INFO - [2026-09-26T20:44:42.638+0000] {dag.py:3089} INFO - Sync 1 DAGs
[2026-09-26T20:44:42.647+0000] {logging_mixin.py:188} INFO - [2026-09-26T20:44:42.647+0000] {dag.py:3947} INFO - Setting next_dagrun for medallion_settlement_pipeline to None, run_after=None
[2026-09-26T20:44:42.662+0000] {processor.py:183} INFO - Processing /opt/airflow/dags/lcbo_pipeline_dag.py took 0.079 seconds
[2026-09-26T20:45:12.867+0000] {processor.py:161} INFO - Started process (PID=1809) to work on /opt/airflow/dags/lcbo_pipeline_dag.py
[2026-09-26T20:45:12.868+0000] {processor.py:830} INFO - Processing file /opt/airflow/dags/lcbo_pipeline_dag.py for tasks to queue
[2026-09-26T20:45:12.869+0000] {logging_mixin.py:188} INFO - [2026-09-26T20:45:12.869+0000] {dagbag.py:545} INFO - Filling up the DagBag from /opt/airflow/dags/lcbo_pipeline_dag.py
[2026-09-26T20:45:12.900+0000] {processor.py:840} INFO - DAG(s) 'medallion_settlement_pipeline' retrieved from /opt/airflow/dags/lcbo_pipeline_dag.py
[2026-09-26T20:45:12.917+0000] {logging_mixin.py:188} INFO - [2026-09-26T20:45:12.917+0000] {dag.py:3089} INFO - Sync 1 DAGs
[2026-09-26T20:45:12.930+0000] {logging_mixin.py:188} INFO - [2026-09-26T20:45:12.930+0000] {dag.py:3947} INFO - Setting next_dagrun for medallion_settlement_pipeline to None, run_after=None
[2026-09-26T20:45:12.948+0000] {processor.py:183} INFO - Processing /opt/airflow/dags/lcbo_pipeline_dag.py took 0.085 seconds
[2026-09-26T20:45:43.068+0000] {processor.py:161} INFO - Started process (PID=1820) to work on /opt/airflow/dags/lcbo_pipeline_dag.py
[2026-09-26T20:45:43.069+0000] {processor.py:830} INFO - Processing file /opt/airflow/dags/lcbo_pipeline_dag.py for tasks to queue
[2026-09-26T20:45:43.071+0000] {logging_mixin.py:188} INFO - [2026-09-26T20:45:43.070+0000] {dagbag.py:545} INFO - Filling up the DagBag from /opt/airflow/dags/lcbo_pipeline_dag.py
[2026-09-26T20:45:43.105+0000] {processor.py:840} INFO - DAG(s) 'medallion_settlement_pipeline' retrieved from /opt/airflow/dags/lcbo_pipeline_dag.py
[2026-09-26T20:45:43.125+0000] {logging_mixin.py:188} INFO - [2026-09-26T20:45:43.125+0000] {dag.py:3089} INFO - Sync 1 DAGs
[2026-09-26T20:45:43.136+0000] {logging_mixin.py:188} INFO - [2026-09-26T20:45:43.136+0000] {dag.py:3947} INFO - Setting next_dagrun for medallion_settlement_pipeline to None, run_after=None
[2026-09-26T20:45:43.155+0000] {processor.py:183} INFO - Processing /opt/airflow/dags/lcbo_pipeline_dag.py took 0.091 seconds
[2026-09-26T20:46:13.367+0000] {processor.py:161} INFO - Started process (PID=1831) to work on /opt/airflow/dags/lcbo_pipeline_dag.py
[2026-09-26T20:46:13.368+0000] {processor.py:830} INFO - Processing file /opt/airflow/dags/lcbo_pipeline_dag.py for tasks to queue
[2026-09-26T20:46:13.370+0000] {logging_mixin.py:188} INFO - [2026-09-26T20:46:13.370+0000] {dagbag.py:545} INFO - Filling up the DagBag from /opt/airflow/dags/lcbo_pipeline_dag.py
[2026-09-26T20:46:13.407+0000] {processor.py:840} INFO - DAG(s) 'medallion_settlement_pipeline' retrieved from /opt/airflow/dags/lcbo_pipeline_dag.py
[2026-09-26T20:46:13.426+0000] {logging_mixin.py:188} INFO - [2026-09-26T20:46:13.426+0000] {dag.py:3089} INFO - Sync 1 DAGs
[2026-09-26T20:46:13.436+0000] {logging_mixin.py:188} INFO - [2026-09-26T20:46:13.436+0000] {dag.py:3947} INFO - Setting next_dagrun for medallion_settlement_pipeline to None, run_after=None
[2026-09-26T20:46:13.453+0000] {processor.py:183} INFO - Processing /opt/airflow/dags/lcbo_pipeline_dag.py took 0.091 seconds
[2026-09-26T20:46:43.585+0000] {processor.py:161} INFO - Started process (PID=1842) to work on /opt/airflow/dags/lcbo_pipeline_dag.py
[2026-09-26T20:46:43.586+0000] {processor.py:830} INFO - Processing file /opt/airflow/dags/lcbo_pipeline_dag.py for tasks to queue
[2026-09-26T20:46:43.588+0000] {logging_mixin.py:188} INFO - [2026-09-26T20:46:43.588+0000] {dagbag.py:545} INFO - Filling up the DagBag from /opt/airflow/dags/lcbo_pipeline_dag.py
[2026-09-26T20:46:43.621+0000] {processor.py:840} INFO - DAG(s) 'medallion_settlement_pipeline' retrieved from /opt/airflow/dags/lcbo_pipeline_dag.py
[2026-09-26T20:46:43.640+0000] {logging_mixin.py:188} INFO - [2026-09-26T20:46:43.640+0000] {dag.py:3089} INFO - Sync 1 DAGs
[2026-09-26T20:46:43.650+0000] {logging_mixin.py:188} INFO - [2026-09-26T20:46:43.650+0000] {dag.py:3947} INFO - Setting next_dagrun for medallion_settlement_pipeline to None, run_after=None
[2026-09-26T20:46:43.668+0000] {processor.py:183} INFO - Processing /opt/airflow/dags/lcbo_pipeline_dag.py took 0.087 seconds
[2026-09-26T20:47:13.862+0000] {processor.py:161} INFO - Started process (PID=1853) to work on /opt/airflow/dags/lcbo_pipeline_dag.py
[2026-09-26T20:47:13.864+0000] {processor.py:830} INFO - Processing file /opt/airflow/dags/lcbo_pipeline_dag.py for tasks to queue
[2026-09-26T20:47:13.865+0000] {logging_mixin.py:188} INFO - [2026-09-26T20:47:13.865+0000] {dagbag.py:545} INFO - Filling up the DagBag from /opt/airflow/dags/lcbo_pipeline_dag.py
[2026-09-26T20:47:13.895+0000] {processor.py:840} INFO - DAG(s) 'medallion_settlement_pipeline' retrieved from /opt/airflow/dags/lcbo_pipeline_dag.py
[2026-09-26T20:47:13.912+0000] {logging_mixin.py:188} INFO - [2026-09-26T20:47:13.912+0000] {dag.py:3089} INFO - Sync 1 DAGs
[2026-09-26T20:47:13.922+0000] {logging_mixin.py:188} INFO - [2026-09-26T20:47:13.921+0000] {dag.py:3947} INFO - Setting next_dagrun for medallion_settlement_pipeline to None, run_after=None
[2026-09-26T20:47:13.940+0000] {processor.py:183} INFO - Processing /opt/airflow/dags/lcbo_pipeline_dag.py took 0.082 seconds
[2026-09-26T20:47:44.078+0000] {processor.py:161} INFO - Started process (PID=1864) to work on /opt/airflow/dags/lcbo_pipeline_dag.py
[2026-09-26T20:47:44.079+0000] {processor.py:830} INFO - Processing file /opt/airflow/dags/lcbo_pipeline_dag.py for tasks to queue
[2026-09-26T20:47:44.083+0000] {logging_mixin.py:188} INFO - [2026-09-26T20:47:44.082+0000] {dagbag.py:545} INFO - Filling up the DagBag from /opt/airflow/dags/lcbo_pipeline_dag.py
[2026-09-26T20:47:44.131+0000] {processor.py:840} INFO - DAG(s) 'medallion_settlement_pipeline' retrieved from /opt/airflow/dags/lcbo_pipeline_dag.py
[2026-09-26T20:47:44.159+0000] {logging_mixin.py:188} INFO - [2026-09-26T20:47:44.158+0000] {dag.py:3089} INFO - Sync 1 DAGs
[2026-09-26T20:47:44.173+0000] {logging_mixin.py:188} INFO - [2026-09-26T20:47:44.172+0000] {dag.py:3947} INFO - Setting next_dagrun for medallion_settlement_pipeline to None, run_after=None
[2026-09-26T20:47:44.198+0000] {processor.py:183} INFO - Processing /opt/airflow/dags/lcbo_pipeline_dag.py took 0.127 seconds
[2026-09-26T20:48:14.356+0000] {processor.py:161} INFO - Started process (PID=1875) to work on /opt/airflow/dags/lcbo_pipeline_dag.py
[2026-09-26T20:48:14.357+0000] {processor.py:830} INFO - Processing file /opt/airflow/dags/lcbo_pipeline_dag.py for tasks to queue
[2026-09-26T20:48:14.359+0000] {logging_mixin.py:188} INFO - [2026-09-26T20:48:14.358+0000] {dagbag.py:545} INFO - Filling up the DagBag from /opt/airflow/dags/lcbo_pipeline_dag.py
[2026-09-26T20:48:14.391+0000] {processor.py:840} INFO - DAG(s) 'medallion_settlement_pipeline' retrieved from /opt/airflow/dags/lcbo_pipeline_dag.py
[2026-09-26T20:48:14.408+0000] {logging_mixin.py:188} INFO - [2026-09-26T20:48:14.408+0000] {dag.py:3089} INFO - Sync 1 DAGs
[2026-09-26T20:48:14.417+0000] {logging_mixin.py:188} INFO - [2026-09-26T20:48:14.417+0000] {dag.py:3947} INFO - Setting next_dagrun for medallion_settlement_pipeline to None, run_after=None
[2026-09-26T20:48:14.434+0000] {processor.py:183} INFO - Processing /opt/airflow/dags/lcbo_pipeline_dag.py took 0.081 seconds
[2026-09-26T20:48:44.606+0000] {processor.py:161} INFO - Started process (PID=1886) to work on /opt/airflow/dags/lcbo_pipeline_dag.py
[2026-09-26T20:48:44.608+0000] {processor.py:830} INFO - Processing file /opt/airflow/dags/lcbo_pipeline_dag.py for tasks to queue
[2026-09-26T20:48:44.611+0000] {logging_mixin.py:188} INFO - [2026-09-26T20:48:44.610+0000] {dagbag.py:545} INFO - Filling up the DagBag from /opt/airflow/dags/lcbo_pipeline_dag.py
[2026-09-26T20:48:44.665+0000] {processor.py:840} INFO - DAG(s) 'medallion_settlement_pipeline' retrieved from /opt/airflow/dags/lcbo_pipeline_dag.py
[2026-09-26T20:48:44.692+0000] {logging_mixin.py:188} INFO - [2026-09-26T20:48:44.691+0000] {dag.py:3089} INFO - Sync 1 DAGs
[2026-09-26T20:48:44.707+0000] {logging_mixin.py:188} INFO - [2026-09-26T20:48:44.707+0000] {dag.py:3947} INFO - Setting next_dagrun for medallion_settlement_pipeline to None, run_after=None
[2026-09-26T20:48:44.738+0000] {processor.py:183} INFO - Processing /opt/airflow/dags/lcbo_pipeline_dag.py took 0.138 seconds
[2026-09-26T20:49:14.845+0000] {processor.py:161} INFO - Started process (PID=1897) to work on /opt/airflow/dags/lcbo_pipeline_dag.py
[2026-09-26T20:49:14.846+0000] {processor.py:830} INFO - Processing file /opt/airflow/dags/lcbo_pipeline_dag.py for tasks to queue
[2026-09-26T20:49:14.849+0000] {logging_mixin.py:188} INFO - [2026-09-26T20:49:14.849+0000] {dagbag.py:545} INFO - Filling up the DagBag from /opt/airflow/dags/lcbo_pipeline_dag.py
[2026-09-26T20:49:14.894+0000] {processor.py:840} INFO - DAG(s) 'medallion_settlement_pipeline' retrieved from /opt/airflow/dags/lcbo_pipeline_dag.py
[2026-09-26T20:49:14.917+0000] {logging_mixin.py:188} INFO - [2026-09-26T20:49:14.916+0000] {dag.py:3089} INFO - Sync 1 DAGs
[2026-09-26T20:49:14.928+0000] {logging_mixin.py:188} INFO - [2026-09-26T20:49:14.927+0000] {dag.py:3947} INFO - Setting next_dagrun for medallion_settlement_pipeline to None, run_after=None
[2026-09-26T20:49:14.949+0000] {processor.py:183} INFO - Processing /opt/airflow/dags/lcbo_pipeline_dag.py took 0.110 seconds
[2026-09-26T20:49:45.132+0000] {processor.py:161} INFO - Started process (PID=1908) to work on /opt/airflow/dags/lcbo_pipeline_dag.py
[2026-09-26T20:49:45.133+0000] {processor.py:830} INFO - Processing file /opt/airflow/dags/lcbo_pipeline_dag.py for tasks to queue
[2026-09-26T20:49:45.135+0000] {logging_mixin.py:188} INFO - [2026-09-26T20:49:45.135+0000] {dagbag.py:545} INFO - Filling up the DagBag from /opt/airflow/dags/lcbo_pipeline_dag.py
[2026-09-26T20:49:45.166+0000] {processor.py:840} INFO - DAG(s) 'medallion_settlement_pipeline' retrieved from /opt/airflow/dags/lcbo_pipeline_dag.py
[2026-09-26T20:49:45.182+0000] {logging_mixin.py:188} INFO - [2026-09-26T20:49:45.181+0000] {dag.py:3089} INFO - Sync 1 DAGs
[2026-09-26T20:49:45.190+0000] {logging_mixin.py:188} INFO - [2026-09-26T20:49:45.190+0000] {dag.py:3947} INFO - Setting next_dagrun for medallion_settlement_pipeline to None, run_after=None
[2026-09-26T20:49:45.212+0000] {processor.py:183} INFO - Processing /opt/airflow/dags/lcbo_pipeline_dag.py took 0.084 seconds
[2026-09-26T20:50:15.335+0000] {processor.py:161} INFO - Started process (PID=1919) to work on /opt/airflow/dags/lcbo_pipeline_dag.py
[2026-09-26T20:50:15.337+0000] {processor.py:830} INFO - Processing file /opt/airflow/dags/lcbo_pipeline_dag.py for tasks to queue
[2026-09-26T20:50:15.340+0000] {logging_mixin.py:188} INFO - [2026-09-26T20:50:15.340+0000] {dagbag.py:545} INFO - Filling up the DagBag from /opt/airflow/dags/lcbo_pipeline_dag.py
[2026-09-26T20:50:15.377+0000] {processor.py:840} INFO - DAG(s) 'medallion_settlement_pipeline' retrieved from /opt/airflow/dags/lcbo_pipeline_dag.py
[2026-09-26T20:50:15.399+0000] {logging_mixin.py:188} INFO - [2026-09-26T20:50:15.398+0000] {dag.py:3089} INFO - Sync 1 DAGs
[2026-09-26T20:50:15.410+0000] {logging_mixin.py:188} INFO - [2026-09-26T20:50:15.410+0000] {dag.py:3947} INFO - Setting next_dagrun for medallion_settlement_pipeline to None, run_after=None
[2026-09-26T20:50:15.430+0000] {processor.py:183} INFO - Processing /opt/airflow/dags/lcbo_pipeline_dag.py took 0.101 seconds
[2026-09-26T20:50:45.589+0000] {processor.py:161} INFO - Started process (PID=1930) to work on /opt/airflow/dags/lcbo_pipeline_dag.py
[2026-09-26T20:50:45.590+0000] {processor.py:830} INFO - Processing file /opt/airflow/dags/lcbo_pipeline_dag.py for tasks to queue
[2026-09-26T20:50:45.592+0000] {logging_mixin.py:188} INFO - [2026-09-26T20:50:45.592+0000] {dagbag.py:545} INFO - Filling up the DagBag from /opt/airflow/dags/lcbo_pipeline_dag.py
[2026-09-26T20:50:45.621+0000] {processor.py:840} INFO - DAG(s) 'medallion_settlement_pipeline' retrieved from /opt/airflow/dags/lcbo_pipeline_dag.py
[2026-09-26T20:50:45.644+0000] {logging_mixin.py:188} INFO - [2026-09-26T20:50:45.643+0000] {dag.py:3089} INFO - Sync 1 DAGs
[2026-09-26T20:50:45.653+0000] {logging_mixin.py:188} INFO - [2026-09-26T20:50:45.653+0000] {dag.py:3947} INFO - Setting next_dagrun for medallion_settlement_pipeline to None, run_after=None
[2026-09-26T20:50:45.667+0000] {processor.py:183} INFO - Processing /opt/airflow/dags/lcbo_pipeline_dag.py took 0.082 seconds
[2026-09-26T20:51:15.796+0000] {processor.py:161} INFO - Started process (PID=1941) to work on /opt/airflow/dags/lcbo_pipeline_dag.py
[2026-09-26T20:51:15.798+0000] {processor.py:830} INFO - Processing file /opt/airflow/dags/lcbo_pipeline_dag.py for tasks to queue
[2026-09-26T20:51:15.799+0000] {logging_mixin.py:188} INFO - [2026-09-26T20:51:15.799+0000] {dagbag.py:545} INFO - Filling up the DagBag from /opt/airflow/dags/lcbo_pipeline_dag.py
[2026-09-26T20:51:15.838+0000] {processor.py:840} INFO - DAG(s) 'medallion_settlement_pipeline' retrieved from /opt/airflow/dags/lcbo_pipeline_dag.py
[2026-09-26T20:51:15.858+0000] {logging_mixin.py:188} INFO - [2026-09-26T20:51:15.858+0000] {dag.py:3089} INFO - Sync 1 DAGs
[2026-09-26T20:51:15.869+0000] {logging_mixin.py:188} INFO - [2026-09-26T20:51:15.869+0000] {dag.py:3947} INFO - Setting next_dagrun for medallion_settlement_pipeline to None, run_after=None
[2026-09-26T20:51:15.888+0000] {processor.py:183} INFO - Processing /opt/airflow/dags/lcbo_pipeline_dag.py took 0.095 seconds
[2026-09-26T20:51:46.018+0000] {processor.py:161} INFO - Started process (PID=1952) to work on /opt/airflow/dags/lcbo_pipeline_dag.py
[2026-09-26T20:51:46.019+0000] {processor.py:830} INFO - Processing file /opt/airflow/dags/lcbo_pipeline_dag.py for tasks to queue
[2026-09-26T20:51:46.020+0000] {logging_mixin.py:188} INFO - [2026-09-26T20:51:46.020+0000] {dagbag.py:545} INFO - Filling up the DagBag from /opt/airflow/dags/lcbo_pipeline_dag.py
[2026-09-26T20:51:46.053+0000] {processor.py:840} INFO - DAG(s) 'medallion_settlement_pipeline' retrieved from /opt/airflow/dags/lcbo_pipeline_dag.py
[2026-09-26T20:51:46.071+0000] {logging_mixin.py:188} INFO - [2026-09-26T20:51:46.071+0000] {dag.py:3089} INFO - Sync 1 DAGs
[2026-09-26T20:51:46.081+0000] {logging_mixin.py:188} INFO - [2026-09-26T20:51:46.080+0000] {dag.py:3947} INFO - Setting next_dagrun for medallion_settlement_pipeline to None, run_after=None
[2026-09-26T20:51:46.096+0000] {processor.py:183} INFO - Processing /opt/airflow/dags/lcbo_pipeline_dag.py took 0.083 seconds
[2026-09-26T20:52:16.248+0000] {processor.py:161} INFO - Started process (PID=1963) to work on /opt/airflow/dags/lcbo_pipeline_dag.py
[2026-09-26T20:52:16.250+0000] {processor.py:830} INFO - Processing file /opt/airflow/dags/lcbo_pipeline_dag.py for tasks to queue
[2026-09-26T20:52:16.254+0000] {logging_mixin.py:188} INFO - [2026-09-26T20:52:16.253+0000] {dagbag.py:545} INFO - Filling up the DagBag from /opt/airflow/dags/lcbo_pipeline_dag.py
[2026-09-26T20:52:16.292+0000] {processor.py:840} INFO - DAG(s) 'medallion_settlement_pipeline' retrieved from /opt/airflow/dags/lcbo_pipeline_dag.py
[2026-09-26T20:52:16.310+0000] {logging_mixin.py:188} INFO - [2026-09-26T20:52:16.310+0000] {dag.py:3089} INFO - Sync 1 DAGs
[2026-09-26T20:52:16.321+0000] {logging_mixin.py:188} INFO - [2026-09-26T20:52:16.320+0000] {dag.py:3947} INFO - Setting next_dagrun for medallion_settlement_pipeline to None, run_after=None
[2026-09-26T20:52:16.338+0000] {processor.py:183} INFO - Processing /opt/airflow/dags/lcbo_pipeline_dag.py took 0.098 seconds
[2026-09-26T20:52:46.453+0000] {processor.py:161} INFO - Started process (PID=1974) to work on /opt/airflow/dags/lcbo_pipeline_dag.py
[2026-09-26T20:52:46.454+0000] {processor.py:830} INFO - Processing file /opt/airflow/dags/lcbo_pipeline_dag.py for tasks to queue
[2026-09-26T20:52:46.456+0000] {logging_mixin.py:188} INFO - [2026-09-26T20:52:46.456+0000] {dagbag.py:545} INFO - Filling up the DagBag from /opt/airflow/dags/lcbo_pipeline_dag.py
[2026-09-26T20:52:46.492+0000] {processor.py:840} INFO - DAG(s) 'medallion_settlement_pipeline' retrieved from /opt/airflow/dags/lcbo_pipeline_dag.py
[2026-09-26T20:52:46.510+0000] {logging_mixin.py:188} INFO - [2026-09-26T20:52:46.510+0000] {dag.py:3089} INFO - Sync 1 DAGs
[2026-09-26T20:52:46.521+0000] {logging_mixin.py:188} INFO - [2026-09-26T20:52:46.521+0000] {dag.py:3947} INFO - Setting next_dagrun for medallion_settlement_pipeline to None, run_after=None
[2026-09-26T20:52:46.539+0000] {processor.py:183} INFO - Processing /opt/airflow/dags/lcbo_pipeline_dag.py took 0.090 seconds
[2026-09-26T20:53:16.768+0000] {processor.py:161} INFO - Started process (PID=1985) to work on /opt/airflow/dags/lcbo_pipeline_dag.py
[2026-09-26T20:53:16.770+0000] {processor.py:830} INFO - Processing file /opt/airflow/dags/lcbo_pipeline_dag.py for tasks to queue
[2026-09-26T20:53:16.772+0000] {logging_mixin.py:188} INFO - [2026-09-26T20:53:16.772+0000] {dagbag.py:545} INFO - Filling up the DagBag from /opt/airflow/dags/lcbo_pipeline_dag.py
[2026-09-26T20:53:16.808+0000] {processor.py:840} INFO - DAG(s) 'medallion_settlement_pipeline' retrieved from /opt/airflow/dags/lcbo_pipeline_dag.py
[2026-09-26T20:53:16.827+0000] {logging_mixin.py:188} INFO - [2026-09-26T20:53:16.827+0000] {dag.py:3089} INFO - Sync 1 DAGs
[2026-09-26T20:53:16.838+0000] {logging_mixin.py:188} INFO - [2026-09-26T20:53:16.838+0000] {dag.py:3947} INFO - Setting next_dagrun for medallion_settlement_pipeline to None, run_after=None
[2026-09-26T20:53:16.854+0000] {processor.py:183} INFO - Processing /opt/airflow/dags/lcbo_pipeline_dag.py took 0.091 seconds
[2026-09-26T20:53:46.966+0000] {processor.py:161} INFO - Started process (PID=1996) to work on /opt/airflow/dags/lcbo_pipeline_dag.py
[2026-09-26T20:53:46.967+0000] {processor.py:830} INFO - Processing file /opt/airflow/dags/lcbo_pipeline_dag.py for tasks to queue
[2026-09-26T20:53:46.969+0000] {logging_mixin.py:188} INFO - [2026-09-26T20:53:46.969+0000] {dagbag.py:545} INFO - Filling up the DagBag from /opt/airflow/dags/lcbo_pipeline_dag.py
[2026-09-26T20:53:47.001+0000] {processor.py:840} INFO - DAG(s) 'medallion_settlement_pipeline' retrieved from /opt/airflow/dags/lcbo_pipeline_dag.py
[2026-09-26T20:53:47.017+0000] {logging_mixin.py:188} INFO - [2026-09-26T20:53:47.017+0000] {dag.py:3089} INFO - Sync 1 DAGs
[2026-09-26T20:53:47.026+0000] {logging_mixin.py:188} INFO - [2026-09-26T20:53:47.026+0000] {dag.py:3947} INFO - Setting next_dagrun for medallion_settlement_pipeline to None, run_after=None
[2026-09-26T20:53:47.042+0000] {processor.py:183} INFO - Processing /opt/airflow/dags/lcbo_pipeline_dag.py took 0.080 seconds
[2026-09-26T20:54:17.242+0000] {processor.py:161} INFO - Started process (PID=2007) to work on /opt/airflow/dags/lcbo_pipeline_dag.py
[2026-09-26T20:54:17.243+0000] {processor.py:830} INFO - Processing file /opt/airflow/dags/lcbo_pipeline_dag.py for tasks to queue
[2026-09-26T20:54:17.246+0000] {logging_mixin.py:188} INFO - [2026-09-26T20:54:17.246+0000] {dagbag.py:545} INFO - Filling up the DagBag from /opt/airflow/dags/lcbo_pipeline_dag.py
[2026-09-26T20:54:17.282+0000] {processor.py:840} INFO - DAG(s) 'medallion_settlement_pipeline' retrieved from /opt/airflow/dags/lcbo_pipeline_dag.py
[2026-09-26T20:54:17.300+0000] {logging_mixin.py:188} INFO - [2026-09-26T20:54:17.300+0000] {dag.py:3089} INFO - Sync 1 DAGs
[2026-09-26T20:54:17.310+0000] {logging_mixin.py:188} INFO - [2026-09-26T20:54:17.309+0000] {dag.py:3947} INFO - Setting next_dagrun for medallion_settlement_pipeline to None, run_after=None
[2026-09-26T20:54:17.326+0000] {processor.py:183} INFO - Processing /opt/airflow/dags/lcbo_pipeline_dag.py took 0.089 seconds
[2026-09-26T20:54:47.453+0000] {processor.py:161} INFO - Started process (PID=2019) to work on /opt/airflow/dags/lcbo_pipeline_dag.py
[2026-09-26T20:54:47.454+0000] {processor.py:830} INFO - Processing file /opt/airflow/dags/lcbo_pipeline_dag.py for tasks to queue
[2026-09-26T20:54:47.456+0000] {logging_mixin.py:188} INFO - [2026-09-26T20:54:47.456+0000] {dagbag.py:545} INFO - Filling up the DagBag from /opt/airflow/dags/lcbo_pipeline_dag.py
[2026-09-26T20:54:47.487+0000] {processor.py:840} INFO - DAG(s) 'medallion_settlement_pipeline' retrieved from /opt/airflow/dags/lcbo_pipeline_dag.py
[2026-09-26T20:54:47.504+0000] {logging_mixin.py:188} INFO - [2026-09-26T20:54:47.504+0000] {dag.py:3089} INFO - Sync 1 DAGs
[2026-09-26T20:54:47.515+0000] {logging_mixin.py:188} INFO - [2026-09-26T20:54:47.515+0000] {dag.py:3947} INFO - Setting next_dagrun for medallion_settlement_pipeline to None, run_after=None
[2026-09-26T20:54:47.532+0000] {processor.py:183} INFO - Processing /opt/airflow/dags/lcbo_pipeline_dag.py took 0.082 seconds
[2026-09-26T20:55:17.713+0000] {processor.py:161} INFO - Started process (PID=2030) to work on /opt/airflow/dags/lcbo_pipeline_dag.py
[2026-09-26T20:55:17.714+0000] {processor.py:830} INFO - Processing file /opt/airflow/dags/lcbo_pipeline_dag.py for tasks to queue
[2026-09-26T20:55:17.716+0000] {logging_mixin.py:188} INFO - [2026-09-26T20:55:17.716+0000] {dagbag.py:545} INFO - Filling up the DagBag from /opt/airflow/dags/lcbo_pipeline_dag.py
[2026-09-26T20:55:17.752+0000] {processor.py:840} INFO - DAG(s) 'medallion_settlement_pipeline' retrieved from /opt/airflow/dags/lcbo_pipeline_dag.py
[2026-09-26T20:55:17.772+0000] {logging_mixin.py:188} INFO - [2026-09-26T20:55:17.772+0000] {dag.py:3089} INFO - Sync 1 DAGs
[2026-09-26T20:55:17.782+0000] {logging_mixin.py:188} INFO - [2026-09-26T20:55:17.782+0000] {dag.py:3947} INFO - Setting next_dagrun for medallion_settlement_pipeline to None, run_after=None
[2026-09-26T20:55:17.798+0000] {processor.py:183} INFO - Processing /opt/airflow/dags/lcbo_pipeline_dag.py took 0.091 seconds
[2026-09-26T20:55:47.909+0000] {processor.py:161} INFO - Started process (PID=2041) to work on /opt/airflow/dags/lcbo_pipeline_dag.py
[2026-09-26T20:55:47.910+0000] {processor.py:830} INFO - Processing file /opt/airflow/dags/lcbo_pipeline_dag.py for tasks to queue
[2026-09-26T20:55:47.912+0000] {logging_mixin.py:188} INFO - [2026-09-26T20:55:47.911+0000] {dagbag.py:545} INFO - Filling up the DagBag from /opt/airflow/dags/lcbo_pipeline_dag.py
[2026-09-26T20:55:47.944+0000] {processor.py:840} INFO - DAG(s) 'medallion_settlement_pipeline' retrieved from /opt/airflow/dags/lcbo_pipeline_dag.py
[2026-09-26T20:55:47.960+0000] {logging_mixin.py:188} INFO - [2026-09-26T20:55:47.960+0000] {dag.py:3089} INFO - Sync 1 DAGs
[2026-09-26T20:55:47.969+0000] {logging_mixin.py:188} INFO - [2026-09-26T20:55:47.969+0000] {dag.py:3947} INFO - Setting next_dagrun for medallion_settlement_pipeline to None, run_after=None
[2026-09-26T20:55:47.984+0000] {processor.py:183} INFO - Processing /opt/airflow/dags/lcbo_pipeline_dag.py took 0.080 seconds
[2026-09-26T20:56:18.171+0000] {processor.py:161} INFO - Started process (PID=2052) to work on /opt/airflow/dags/lcbo_pipeline_dag.py
[2026-09-26T20:56:18.172+0000] {processor.py:830} INFO - Processing file /opt/airflow/dags/lcbo_pipeline_dag.py for tasks to queue
[2026-09-26T20:56:18.174+0000] {logging_mixin.py:188} INFO - [2026-09-26T20:56:18.174+0000] {dagbag.py:545} INFO - Filling up the DagBag from /opt/airflow/dags/lcbo_pipeline_dag.py
[2026-09-26T20:56:18.207+0000] {processor.py:840} INFO - DAG(s) 'medallion_settlement_pipeline' retrieved from /opt/airflow/dags/lcbo_pipeline_dag.py
[2026-09-26T20:56:18.223+0000] {logging_mixin.py:188} INFO - [2026-09-26T20:56:18.223+0000] {dag.py:3089} INFO - Sync 1 DAGs
[2026-09-26T20:56:18.233+0000] {logging_mixin.py:188} INFO - [2026-09-26T20:56:18.233+0000] {dag.py:3947} INFO - Setting next_dagrun for medallion_settlement_pipeline to None, run_after=None
[2026-09-26T20:56:18.248+0000] {processor.py:183} INFO - Processing /opt/airflow/dags/lcbo_pipeline_dag.py took 0.081 seconds
[2026-09-26T20:56:48.379+0000] {processor.py:161} INFO - Started process (PID=2063) to work on /opt/airflow/dags/lcbo_pipeline_dag.py
[2026-09-26T20:56:48.380+0000] {processor.py:830} INFO - Processing file /opt/airflow/dags/lcbo_pipeline_dag.py for tasks to queue
[2026-09-26T20:56:48.382+0000] {logging_mixin.py:188} INFO - [2026-09-26T20:56:48.382+0000] {dagbag.py:545} INFO - Filling up the DagBag from /opt/airflow/dags/lcbo_pipeline_dag.py
[2026-09-26T20:56:48.416+0000] {processor.py:840} INFO - DAG(s) 'medallion_settlement_pipeline' retrieved from /opt/airflow/dags/lcbo_pipeline_dag.py
[2026-09-26T20:56:48.434+0000] {logging_mixin.py:188} INFO - [2026-09-26T20:56:48.434+0000] {dag.py:3089} INFO - Sync 1 DAGs
[2026-09-26T20:56:48.445+0000] {logging_mixin.py:188} INFO - [2026-09-26T20:56:48.445+0000] {dag.py:3947} INFO - Setting next_dagrun for medallion_settlement_pipeline to None, run_after=None
[2026-09-26T20:56:48.465+0000] {processor.py:183} INFO - Processing /opt/airflow/dags/lcbo_pipeline_dag.py took 0.091 seconds
[2026-09-26T20:57:18.626+0000] {processor.py:161} INFO - Started process (PID=2074) to work on /opt/airflow/dags/lcbo_pipeline_dag.py
[2026-09-26T20:57:18.627+0000] {processor.py:830} INFO - Processing file /opt/airflow/dags/lcbo_pipeline_dag.py for tasks to queue
[2026-09-26T20:57:18.629+0000] {logging_mixin.py:188} INFO - [2026-09-26T20:57:18.629+0000] {dagbag.py:545} INFO - Filling up the DagBag from /opt/airflow/dags/lcbo_pipeline_dag.py
[2026-09-26T20:57:18.661+0000] {processor.py:840} INFO - DAG(s) 'medallion_settlement_pipeline' retrieved from /opt/airflow/dags/lcbo_pipeline_dag.py
[2026-09-26T20:57:18.677+0000] {logging_mixin.py:188} INFO - [2026-09-26T20:57:18.677+0000] {dag.py:3089} INFO - Sync 1 DAGs
[2026-09-26T20:57:18.687+0000] {logging_mixin.py:188} INFO - [2026-09-26T20:57:18.686+0000] {dag.py:3947} INFO - Setting next_dagrun for medallion_settlement_pipeline to None, run_after=None
[2026-09-26T20:57:18.704+0000] {processor.py:183} INFO - Processing /opt/airflow/dags/lcbo_pipeline_dag.py took 0.081 seconds
[2026-09-26T20:57:48.841+0000] {processor.py:161} INFO - Started process (PID=2085) to work on /opt/airflow/dags/lcbo_pipeline_dag.py
[2026-09-26T20:57:48.843+0000] {processor.py:830} INFO - Processing file /opt/airflow/dags/lcbo_pipeline_dag.py for tasks to queue
[2026-09-26T20:57:48.845+0000] {logging_mixin.py:188} INFO - [2026-09-26T20:57:48.845+0000] {dagbag.py:545} INFO - Filling up the DagBag from /opt/airflow/dags/lcbo_pipeline_dag.py
[2026-09-26T20:57:48.881+0000] {processor.py:840} INFO - DAG(s) 'medallion_settlement_pipeline' retrieved from /opt/airflow/dags/lcbo_pipeline_dag.py
[2026-09-26T20:57:48.898+0000] {logging_mixin.py:188} INFO - [2026-09-26T20:57:48.898+0000] {dag.py:3089} INFO - Sync 1 DAGs
[2026-09-26T20:57:48.909+0000] {logging_mixin.py:188} INFO - [2026-09-26T20:57:48.909+0000] {dag.py:3947} INFO - Setting next_dagrun for medallion_settlement_pipeline to None, run_after=None
[2026-09-26T20:57:48.925+0000] {processor.py:183} INFO - Processing /opt/airflow/dags/lcbo_pipeline_dag.py took 0.089 seconds
[2026-09-26T20:58:19.130+0000] {processor.py:161} INFO - Started process (PID=2096) to work on /opt/airflow/dags/lcbo_pipeline_dag.py
[2026-09-26T20:58:19.131+0000] {processor.py:830} INFO - Processing file /opt/airflow/dags/lcbo_pipeline_dag.py for tasks to queue
[2026-09-26T20:58:19.133+0000] {logging_mixin.py:188} INFO - [2026-09-26T20:58:19.133+0000] {dagbag.py:545} INFO - Filling up the DagBag from /opt/airflow/dags/lcbo_pipeline_dag.py
[2026-09-26T20:58:19.166+0000] {processor.py:840} INFO - DAG(s) 'medallion_settlement_pipeline' retrieved from /opt/airflow/dags/lcbo_pipeline_dag.py
[2026-09-26T20:58:19.185+0000] {logging_mixin.py:188} INFO - [2026-09-26T20:58:19.185+0000] {dag.py:3089} INFO - Sync 1 DAGs
[2026-09-26T20:58:19.196+0000] {logging_mixin.py:188} INFO - [2026-09-26T20:58:19.195+0000] {dag.py:3947} INFO - Setting next_dagrun for medallion_settlement_pipeline to None, run_after=None
[2026-09-26T20:58:19.211+0000] {processor.py:183} INFO - Processing /opt/airflow/dags/lcbo_pipeline_dag.py took 0.085 seconds
[2026-09-26T20:58:49.319+0000] {processor.py:161} INFO - Started process (PID=2107) to work on /opt/airflow/dags/lcbo_pipeline_dag.py
[2026-09-26T20:58:49.320+0000] {processor.py:830} INFO - Processing file /opt/airflow/dags/lcbo_pipeline_dag.py for tasks to queue
[2026-09-26T20:58:49.322+0000] {logging_mixin.py:188} INFO - [2026-09-26T20:58:49.322+0000] {dagbag.py:545} INFO - Filling up the DagBag from /opt/airflow/dags/lcbo_pipeline_dag.py
[2026-09-26T20:58:49.355+0000] {processor.py:840} INFO - DAG(s) 'medallion_settlement_pipeline' retrieved from /opt/airflow/dags/lcbo_pipeline_dag.py
[2026-09-26T20:58:49.372+0000] {logging_mixin.py:188} INFO - [2026-09-26T20:58:49.371+0000] {dag.py:3089} INFO - Sync 1 DAGs
[2026-09-26T20:58:49.382+0000] {logging_mixin.py:188} INFO - [2026-09-26T20:58:49.382+0000] {dag.py:3947} INFO - Setting next_dagrun for medallion_settlement_pipeline to None, run_after=None
[2026-09-26T20:58:49.403+0000] {processor.py:183} INFO - Processing /opt/airflow/dags/lcbo_pipeline_dag.py took 0.088 seconds
[2026-09-26T20:59:19.594+0000] {processor.py:161} INFO - Started process (PID=2118) to work on /opt/airflow/dags/lcbo_pipeline_dag.py
[2026-09-26T20:59:19.595+0000] {processor.py:830} INFO - Processing file /opt/airflow/dags/lcbo_pipeline_dag.py for tasks to queue
[2026-09-26T20:59:19.597+0000] {logging_mixin.py:188} INFO - [2026-09-26T20:59:19.597+0000] {dagbag.py:545} INFO - Filling up the DagBag from /opt/airflow/dags/lcbo_pipeline_dag.py
[2026-09-26T20:59:19.635+0000] {processor.py:840} INFO - DAG(s) 'medallion_settlement_pipeline' retrieved from /opt/airflow/dags/lcbo_pipeline_dag.py
[2026-09-26T20:59:19.655+0000] {logging_mixin.py:188} INFO - [2026-09-26T20:59:19.654+0000] {dag.py:3089} INFO - Sync 1 DAGs
[2026-09-26T20:59:19.665+0000] {logging_mixin.py:188} INFO - [2026-09-26T20:59:19.665+0000] {dag.py:3947} INFO - Setting next_dagrun for medallion_settlement_pipeline to None, run_after=None
[2026-09-26T20:59:19.682+0000] {processor.py:183} INFO - Processing /opt/airflow/dags/lcbo_pipeline_dag.py took 0.094 seconds
[2026-09-26T20:59:49.806+0000] {processor.py:161} INFO - Started process (PID=2129) to work on /opt/airflow/dags/lcbo_pipeline_dag.py
[2026-09-26T20:59:49.807+0000] {processor.py:830} INFO - Processing file /opt/airflow/dags/lcbo_pipeline_dag.py for tasks to queue
[2026-09-26T20:59:49.810+0000] {logging_mixin.py:188} INFO - [2026-09-26T20:59:49.809+0000] {dagbag.py:545} INFO - Filling up the DagBag from /opt/airflow/dags/lcbo_pipeline_dag.py
[2026-09-26T20:59:49.846+0000] {processor.py:840} INFO - DAG(s) 'medallion_settlement_pipeline' retrieved from /opt/airflow/dags/lcbo_pipeline_dag.py
[2026-09-26T20:59:49.865+0000] {logging_mixin.py:188} INFO - [2026-09-26T20:59:49.865+0000] {dag.py:3089} INFO - Sync 1 DAGs
[2026-09-26T20:59:49.877+0000] {logging_mixin.py:188} INFO - [2026-09-26T20:59:49.877+0000] {dag.py:3947} INFO - Setting next_dagrun for medallion_settlement_pipeline to None, run_after=None
[2026-09-26T20:59:49.894+0000] {processor.py:183} INFO - Processing /opt/airflow/dags/lcbo_pipeline_dag.py took 0.093 seconds
[2026-09-26T21:00:20.089+0000] {processor.py:161} INFO - Started process (PID=2140) to work on /opt/airflow/dags/lcbo_pipeline_dag.py
[2026-09-26T21:00:20.090+0000] {processor.py:830} INFO - Processing file /opt/airflow/dags/lcbo_pipeline_dag.py for tasks to queue
[2026-09-26T21:00:20.092+0000] {logging_mixin.py:188} INFO - [2026-09-26T21:00:20.092+0000] {dagbag.py:545} INFO - Filling up the DagBag from /opt/airflow/dags/lcbo_pipeline_dag.py
[2026-09-26T21:00:20.137+0000] {processor.py:840} INFO - DAG(s) 'medallion_settlement_pipeline' retrieved from /opt/airflow/dags/lcbo_pipeline_dag.py
[2026-09-26T21:00:20.158+0000] {logging_mixin.py:188} INFO - [2026-09-26T21:00:20.158+0000] {dag.py:3089} INFO - Sync 1 DAGs
[2026-09-26T21:00:20.169+0000] {logging_mixin.py:188} INFO - [2026-09-26T21:00:20.169+0000] {dag.py:3947} INFO - Setting next_dagrun for medallion_settlement_pipeline to None, run_after=None
[2026-09-26T21:00:20.186+0000] {processor.py:183} INFO - Processing /opt/airflow/dags/lcbo_pipeline_dag.py took 0.102 seconds
[2026-09-26T21:00:50.294+0000] {processor.py:161} INFO - Started process (PID=2151) to work on /opt/airflow/dags/lcbo_pipeline_dag.py
[2026-09-26T21:00:50.296+0000] {processor.py:830} INFO - Processing file /opt/airflow/dags/lcbo_pipeline_dag.py for tasks to queue
[2026-09-26T21:00:50.298+0000] {logging_mixin.py:188} INFO - [2026-09-26T21:00:50.298+0000] {dagbag.py:545} INFO - Filling up the DagBag from /opt/airflow/dags/lcbo_pipeline_dag.py
[2026-09-26T21:00:50.336+0000] {processor.py:840} INFO - DAG(s) 'medallion_settlement_pipeline' retrieved from /opt/airflow/dags/lcbo_pipeline_dag.py
[2026-09-26T21:00:50.356+0000] {logging_mixin.py:188} INFO - [2026-09-26T21:00:50.356+0000] {dag.py:3089} INFO - Sync 1 DAGs
[2026-09-26T21:00:50.367+0000] {logging_mixin.py:188} INFO - [2026-09-26T21:00:50.367+0000] {dag.py:3947} INFO - Setting next_dagrun for medallion_settlement_pipeline to None, run_after=None
[2026-09-26T21:00:50.387+0000] {processor.py:183} INFO - Processing /opt/airflow/dags/lcbo_pipeline_dag.py took 0.097 seconds
[2026-09-26T21:01:20.567+0000] {processor.py:161} INFO - Started process (PID=2162) to work on /opt/airflow/dags/lcbo_pipeline_dag.py
[2026-09-26T21:01:20.568+0000] {processor.py:830} INFO - Processing file /opt/airflow/dags/lcbo_pipeline_dag.py for tasks to queue
[2026-09-26T21:01:20.570+0000] {logging_mixin.py:188} INFO - [2026-09-26T21:01:20.569+0000] {dagbag.py:545} INFO - Filling up the DagBag from /opt/airflow/dags/lcbo_pipeline_dag.py
[2026-09-26T21:01:20.599+0000] {processor.py:840} INFO - DAG(s) 'medallion_settlement_pipeline' retrieved from /opt/airflow/dags/lcbo_pipeline_dag.py
[2026-09-26T21:01:20.615+0000] {logging_mixin.py:188} INFO - [2026-09-26T21:01:20.614+0000] {dag.py:3089} INFO - Sync 1 DAGs
[2026-09-26T21:01:20.623+0000] {logging_mixin.py:188} INFO - [2026-09-26T21:01:20.623+0000] {dag.py:3947} INFO - Setting next_dagrun for medallion_settlement_pipeline to None, run_after=None
[2026-09-26T21:01:20.638+0000] {processor.py:183} INFO - Processing /opt/airflow/dags/lcbo_pipeline_dag.py took 0.075 seconds
[2026-09-26T21:01:50.777+0000] {processor.py:161} INFO - Started process (PID=2173) to work on /opt/airflow/dags/lcbo_pipeline_dag.py
[2026-09-26T21:01:50.779+0000] {processor.py:830} INFO - Processing file /opt/airflow/dags/lcbo_pipeline_dag.py for tasks to queue
[2026-09-26T21:01:50.781+0000] {logging_mixin.py:188} INFO - [2026-09-26T21:01:50.781+0000] {dagbag.py:545} INFO - Filling up the DagBag from /opt/airflow/dags/lcbo_pipeline_dag.py
[2026-09-26T21:01:50.821+0000] {processor.py:840} INFO - DAG(s) 'medallion_settlement_pipeline' retrieved from /opt/airflow/dags/lcbo_pipeline_dag.py
[2026-09-26T21:01:50.840+0000] {logging_mixin.py:188} INFO - [2026-09-26T21:01:50.840+0000] {dag.py:3089} INFO - Sync 1 DAGs
[2026-09-26T21:01:50.852+0000] {logging_mixin.py:188} INFO - [2026-09-26T21:01:50.852+0000] {dag.py:3947} INFO - Setting next_dagrun for medallion_settlement_pipeline to None, run_after=None
[2026-09-26T21:01:50.871+0000] {processor.py:183} INFO - Processing /opt/airflow/dags/lcbo_pipeline_dag.py took 0.100 seconds
[2026-09-26T21:02:21.041+0000] {processor.py:161} INFO - Started process (PID=2184) to work on /opt/airflow/dags/lcbo_pipeline_dag.py
[2026-09-26T21:02:21.042+0000] {processor.py:830} INFO - Processing file /opt/airflow/dags/lcbo_pipeline_dag.py for tasks to queue
[2026-09-26T21:02:21.044+0000] {logging_mixin.py:188} INFO - [2026-09-26T21:02:21.044+0000] {dagbag.py:545} INFO - Filling up the DagBag from /opt/airflow/dags/lcbo_pipeline_dag.py
[2026-09-26T21:02:21.077+0000] {processor.py:840} INFO - DAG(s) 'medallion_settlement_pipeline' retrieved from /opt/airflow/dags/lcbo_pipeline_dag.py
[2026-09-26T21:02:21.096+0000] {logging_mixin.py:188} INFO - [2026-09-26T21:02:21.096+0000] {dag.py:3089} INFO - Sync 1 DAGs
[2026-09-26T21:02:21.106+0000] {logging_mixin.py:188} INFO - [2026-09-26T21:02:21.106+0000] {dag.py:3947} INFO - Setting next_dagrun for medallion_settlement_pipeline to None, run_after=None
[2026-09-26T21:02:21.122+0000] {processor.py:183} INFO - Processing /opt/airflow/dags/lcbo_pipeline_dag.py took 0.086 seconds
[2026-09-26T21:02:51.308+0000] {processor.py:161} INFO - Started process (PID=2195) to work on /opt/airflow/dags/lcbo_pipeline_dag.py
[2026-09-26T21:02:51.310+0000] {processor.py:830} INFO - Processing file /opt/airflow/dags/lcbo_pipeline_dag.py for tasks to queue
[2026-09-26T21:02:51.311+0000] {logging_mixin.py:188} INFO - [2026-09-26T21:02:51.311+0000] {dagbag.py:545} INFO - Filling up the DagBag from /opt/airflow/dags/lcbo_pipeline_dag.py
[2026-09-26T21:02:51.346+0000] {processor.py:840} INFO - DAG(s) 'medallion_settlement_pipeline' retrieved from /opt/airflow/dags/lcbo_pipeline_dag.py
[2026-09-26T21:02:51.362+0000] {logging_mixin.py:188} INFO - [2026-09-26T21:02:51.362+0000] {dag.py:3089} INFO - Sync 1 DAGs
[2026-09-26T21:02:51.373+0000] {logging_mixin.py:188} INFO - [2026-09-26T21:02:51.373+0000] {dag.py:3947} INFO - Setting next_dagrun for medallion_settlement_pipeline to None, run_after=None
[2026-09-26T21:02:51.389+0000] {processor.py:183} INFO - Processing /opt/airflow/dags/lcbo_pipeline_dag.py took 0.084 seconds
[2026-09-26T21:03:21.518+0000] {processor.py:161} INFO - Started process (PID=2206) to work on /opt/airflow/dags/lcbo_pipeline_dag.py
[2026-09-26T21:03:21.519+0000] {processor.py:830} INFO - Processing file /opt/airflow/dags/lcbo_pipeline_dag.py for tasks to queue
[2026-09-26T21:03:21.521+0000] {logging_mixin.py:188} INFO - [2026-09-26T21:03:21.521+0000] {dagbag.py:545} INFO - Filling up the DagBag from /opt/airflow/dags/lcbo_pipeline_dag.py
[2026-09-26T21:03:21.557+0000] {processor.py:840} INFO - DAG(s) 'medallion_settlement_pipeline' retrieved from /opt/airflow/dags/lcbo_pipeline_dag.py
[2026-09-26T21:03:21.576+0000] {logging_mixin.py:188} INFO - [2026-09-26T21:03:21.576+0000] {dag.py:3089} INFO - Sync 1 DAGs
[2026-09-26T21:03:21.587+0000] {logging_mixin.py:188} INFO - [2026-09-26T21:03:21.587+0000] {dag.py:3947} INFO - Setting next_dagrun for medallion_settlement_pipeline to None, run_after=None
[2026-09-26T21:03:21.606+0000] {processor.py:183} INFO - Processing /opt/airflow/dags/lcbo_pipeline_dag.py took 0.092 seconds
[2026-09-26T21:03:51.745+0000] {processor.py:161} INFO - Started process (PID=2217) to work on /opt/airflow/dags/lcbo_pipeline_dag.py
[2026-09-26T21:03:51.747+0000] {processor.py:830} INFO - Processing file /opt/airflow/dags/lcbo_pipeline_dag.py for tasks to queue
[2026-09-26T21:03:51.749+0000] {logging_mixin.py:188} INFO - [2026-09-26T21:03:51.748+0000] {dagbag.py:545} INFO - Filling up the DagBag from /opt/airflow/dags/lcbo_pipeline_dag.py
[2026-09-26T21:03:51.782+0000] {processor.py:840} INFO - DAG(s) 'medallion_settlement_pipeline' retrieved from /opt/airflow/dags/lcbo_pipeline_dag.py
[2026-09-26T21:03:51.799+0000] {logging_mixin.py:188} INFO - [2026-09-26T21:03:51.799+0000] {dag.py:3089} INFO - Sync 1 DAGs
[2026-09-26T21:03:51.808+0000] {logging_mixin.py:188} INFO - [2026-09-26T21:03:51.808+0000] {dag.py:3947} INFO - Setting next_dagrun for medallion_settlement_pipeline to None, run_after=None
[2026-09-26T21:03:51.824+0000] {processor.py:183} INFO - Processing /opt/airflow/dags/lcbo_pipeline_dag.py took 0.083 seconds
[2026-09-26T21:04:21.959+0000] {processor.py:161} INFO - Started process (PID=2228) to work on /opt/airflow/dags/lcbo_pipeline_dag.py
[2026-09-26T21:04:21.961+0000] {processor.py:830} INFO - Processing file /opt/airflow/dags/lcbo_pipeline_dag.py for tasks to queue
[2026-09-26T21:04:21.963+0000] {logging_mixin.py:188} INFO - [2026-09-26T21:04:21.962+0000] {dagbag.py:545} INFO - Filling up the DagBag from /opt/airflow/dags/lcbo_pipeline_dag.py
[2026-09-26T21:04:21.997+0000] {processor.py:840} INFO - DAG(s) 'medallion_settlement_pipeline' retrieved from /opt/airflow/dags/lcbo_pipeline_dag.py
[2026-09-26T21:04:22.016+0000] {logging_mixin.py:188} INFO - [2026-09-26T21:04:22.015+0000] {dag.py:3089} INFO - Sync 1 DAGs
[2026-09-26T21:04:22.026+0000] {logging_mixin.py:188} INFO - [2026-09-26T21:04:22.026+0000] {dag.py:3947} INFO - Setting next_dagrun for medallion_settlement_pipeline to None, run_after=None
[2026-09-26T21:04:22.042+0000] {processor.py:183} INFO - Processing /opt/airflow/dags/lcbo_pipeline_dag.py took 0.087 seconds
[2026-09-26T21:04:52.170+0000] {processor.py:161} INFO - Started process (PID=2239) to work on /opt/airflow/dags/lcbo_pipeline_dag.py
[2026-09-26T21:04:52.171+0000] {processor.py:830} INFO - Processing file /opt/airflow/dags/lcbo_pipeline_dag.py for tasks to queue
[2026-09-26T21:04:52.173+0000] {logging_mixin.py:188} INFO - [2026-09-26T21:04:52.173+0000] {dagbag.py:545} INFO - Filling up the DagBag from /opt/airflow/dags/lcbo_pipeline_dag.py
[2026-09-26T21:04:52.208+0000] {processor.py:840} INFO - DAG(s) 'medallion_settlement_pipeline' retrieved from /opt/airflow/dags/lcbo_pipeline_dag.py
[2026-09-26T21:04:52.225+0000] {logging_mixin.py:188} INFO - [2026-09-26T21:04:52.225+0000] {dag.py:3089} INFO - Sync 1 DAGs
[2026-09-26T21:04:52.236+0000] {logging_mixin.py:188} INFO - [2026-09-26T21:04:52.236+0000] {dag.py:3947} INFO - Setting next_dagrun for medallion_settlement_pipeline to None, run_after=None
[2026-09-26T21:04:52.254+0000] {processor.py:183} INFO - Processing /opt/airflow/dags/lcbo_pipeline_dag.py took 0.088 seconds
[2026-09-26T21:05:22.409+0000] {processor.py:161} INFO - Started process (PID=2250) to work on /opt/airflow/dags/lcbo_pipeline_dag.py
[2026-09-26T21:05:22.411+0000] {processor.py:830} INFO - Processing file /opt/airflow/dags/lcbo_pipeline_dag.py for tasks to queue
[2026-09-26T21:05:22.413+0000] {logging_mixin.py:188} INFO - [2026-09-26T21:05:22.413+0000] {dagbag.py:545} INFO - Filling up the DagBag from /opt/airflow/dags/lcbo_pipeline_dag.py
[2026-09-26T21:05:22.453+0000] {processor.py:840} INFO - DAG(s) 'medallion_settlement_pipeline' retrieved from /opt/airflow/dags/lcbo_pipeline_dag.py
[2026-09-26T21:05:22.473+0000] {logging_mixin.py:188} INFO - [2026-09-26T21:05:22.473+0000] {dag.py:3089} INFO - Sync 1 DAGs
[2026-09-26T21:05:22.484+0000] {logging_mixin.py:188} INFO - [2026-09-26T21:05:22.484+0000] {dag.py:3947} INFO - Setting next_dagrun for medallion_settlement_pipeline to None, run_after=None
[2026-09-26T21:05:22.504+0000] {processor.py:183} INFO - Processing /opt/airflow/dags/lcbo_pipeline_dag.py took 0.100 seconds
[2026-09-26T21:05:52.611+0000] {processor.py:161} INFO - Started process (PID=2261) to work on /opt/airflow/dags/lcbo_pipeline_dag.py
[2026-09-26T21:05:52.612+0000] {processor.py:830} INFO - Processing file /opt/airflow/dags/lcbo_pipeline_dag.py for tasks to queue
[2026-09-26T21:05:52.614+0000] {logging_mixin.py:188} INFO - [2026-09-26T21:05:52.613+0000] {dagbag.py:545} INFO - Filling up the DagBag from /opt/airflow/dags/lcbo_pipeline_dag.py
[2026-09-26T21:05:52.647+0000] {processor.py:840} INFO - DAG(s) 'medallion_settlement_pipeline' retrieved from /opt/airflow/dags/lcbo_pipeline_dag.py
[2026-09-26T21:05:52.665+0000] {logging_mixin.py:188} INFO - [2026-09-26T21:05:52.665+0000] {dag.py:3089} INFO - Sync 1 DAGs
[2026-09-26T21:05:52.675+0000] {logging_mixin.py:188} INFO - [2026-09-26T21:05:52.674+0000] {dag.py:3947} INFO - Setting next_dagrun for medallion_settlement_pipeline to None, run_after=None
[2026-09-26T21:05:52.691+0000] {processor.py:183} INFO - Processing /opt/airflow/dags/lcbo_pipeline_dag.py took 0.085 seconds
[2026-09-26T21:06:22.892+0000] {processor.py:161} INFO - Started process (PID=2272) to work on /opt/airflow/dags/lcbo_pipeline_dag.py
[2026-09-26T21:06:22.894+0000] {processor.py:830} INFO - Processing file /opt/airflow/dags/lcbo_pipeline_dag.py for tasks to queue
[2026-09-26T21:06:22.896+0000] {logging_mixin.py:188} INFO - [2026-09-26T21:06:22.896+0000] {dagbag.py:545} INFO - Filling up the DagBag from /opt/airflow/dags/lcbo_pipeline_dag.py
[2026-09-26T21:06:22.933+0000] {processor.py:840} INFO - DAG(s) 'medallion_settlement_pipeline' retrieved from /opt/airflow/dags/lcbo_pipeline_dag.py
[2026-09-26T21:06:22.951+0000] {logging_mixin.py:188} INFO - [2026-09-26T21:06:22.950+0000] {dag.py:3089} INFO - Sync 1 DAGs
[2026-09-26T21:06:22.962+0000] {logging_mixin.py:188} INFO - [2026-09-26T21:06:22.962+0000] {dag.py:3947} INFO - Setting next_dagrun for medallion_settlement_pipeline to None, run_after=None
[2026-09-26T21:06:22.980+0000] {processor.py:183} INFO - Processing /opt/airflow/dags/lcbo_pipeline_dag.py took 0.093 seconds
[2026-09-26T21:06:53.117+0000] {processor.py:161} INFO - Started process (PID=2290) to work on /opt/airflow/dags/lcbo_pipeline_dag.py
[2026-09-26T21:06:53.118+0000] {processor.py:830} INFO - Processing file /opt/airflow/dags/lcbo_pipeline_dag.py for tasks to queue
[2026-09-26T21:06:53.120+0000] {logging_mixin.py:188} INFO - [2026-09-26T21:06:53.120+0000] {dagbag.py:545} INFO - Filling up the DagBag from /opt/airflow/dags/lcbo_pipeline_dag.py
[2026-09-26T21:06:53.153+0000] {processor.py:840} INFO - DAG(s) 'medallion_settlement_pipeline' retrieved from /opt/airflow/dags/lcbo_pipeline_dag.py
[2026-09-26T21:06:53.170+0000] {logging_mixin.py:188} INFO - [2026-09-26T21:06:53.169+0000] {dag.py:3089} INFO - Sync 1 DAGs
[2026-09-26T21:06:53.179+0000] {logging_mixin.py:188} INFO - [2026-09-26T21:06:53.179+0000] {dag.py:3947} INFO - Setting next_dagrun for medallion_settlement_pipeline to None, run_after=None
[2026-09-26T21:06:53.197+0000] {processor.py:183} INFO - Processing /opt/airflow/dags/lcbo_pipeline_dag.py took 0.086 seconds
[2026-09-26T21:07:23.392+0000] {processor.py:161} INFO - Started process (PID=2301) to work on /opt/airflow/dags/lcbo_pipeline_dag.py
[2026-09-26T21:07:23.394+0000] {processor.py:830} INFO - Processing file /opt/airflow/dags/lcbo_pipeline_dag.py for tasks to queue
[2026-09-26T21:07:23.396+0000] {logging_mixin.py:188} INFO - [2026-09-26T21:07:23.396+0000] {dagbag.py:545} INFO - Filling up the DagBag from /opt/airflow/dags/lcbo_pipeline_dag.py
[2026-09-26T21:07:23.428+0000] {processor.py:840} INFO - DAG(s) 'medallion_settlement_pipeline' retrieved from /opt/airflow/dags/lcbo_pipeline_dag.py
[2026-09-26T21:07:23.445+0000] {logging_mixin.py:188} INFO - [2026-09-26T21:07:23.444+0000] {dag.py:3089} INFO - Sync 1 DAGs
[2026-09-26T21:07:23.453+0000] {logging_mixin.py:188} INFO - [2026-09-26T21:07:23.453+0000] {dag.py:3947} INFO - Setting next_dagrun for medallion_settlement_pipeline to None, run_after=None
[2026-09-26T21:07:23.469+0000] {processor.py:183} INFO - Processing /opt/airflow/dags/lcbo_pipeline_dag.py took 0.082 seconds
[2026-09-26T21:07:53.642+0000] {processor.py:161} INFO - Started process (PID=2312) to work on /opt/airflow/dags/lcbo_pipeline_dag.py
[2026-09-26T21:07:53.643+0000] {processor.py:830} INFO - Processing file /opt/airflow/dags/lcbo_pipeline_dag.py for tasks to queue
[2026-09-26T21:07:53.645+0000] {logging_mixin.py:188} INFO - [2026-09-26T21:07:53.645+0000] {dagbag.py:545} INFO - Filling up the DagBag from /opt/airflow/dags/lcbo_pipeline_dag.py
[2026-09-26T21:07:53.678+0000] {processor.py:840} INFO - DAG(s) 'medallion_settlement_pipeline' retrieved from /opt/airflow/dags/lcbo_pipeline_dag.py
[2026-09-26T21:07:53.695+0000] {logging_mixin.py:188} INFO - [2026-09-26T21:07:53.695+0000] {dag.py:3089} INFO - Sync 1 DAGs
[2026-09-26T21:07:53.706+0000] {logging_mixin.py:188} INFO - [2026-09-26T21:07:53.705+0000] {dag.py:3947} INFO - Setting next_dagrun for medallion_settlement_pipeline to None, run_after=None
[2026-09-26T21:07:53.721+0000] {processor.py:183} INFO - Processing /opt/airflow/dags/lcbo_pipeline_dag.py took 0.085 seconds
[2026-09-26T21:08:23.863+0000] {processor.py:161} INFO - Started process (PID=2323) to work on /opt/airflow/dags/lcbo_pipeline_dag.py
[2026-09-26T21:08:23.864+0000] {processor.py:830} INFO - Processing file /opt/airflow/dags/lcbo_pipeline_dag.py for tasks to queue
[2026-09-26T21:08:23.866+0000] {logging_mixin.py:188} INFO - [2026-09-26T21:08:23.866+0000] {dagbag.py:545} INFO - Filling up the DagBag from /opt/airflow/dags/lcbo_pipeline_dag.py
[2026-09-26T21:08:23.900+0000] {processor.py:840} INFO - DAG(s) 'medallion_settlement_pipeline' retrieved from /opt/airflow/dags/lcbo_pipeline_dag.py
[2026-09-26T21:08:23.915+0000] {logging_mixin.py:188} INFO - [2026-09-26T21:08:23.915+0000] {dag.py:3089} INFO - Sync 1 DAGs
[2026-09-26T21:08:23.925+0000] {logging_mixin.py:188} INFO - [2026-09-26T21:08:23.925+0000] {dag.py:3947} INFO - Setting next_dagrun for medallion_settlement_pipeline to None, run_after=None
[2026-09-26T21:08:23.942+0000] {processor.py:183} INFO - Processing /opt/airflow/dags/lcbo_pipeline_dag.py took 0.084 seconds
[2026-09-26T21:08:54.128+0000] {processor.py:161} INFO - Started process (PID=2334) to work on /opt/airflow/dags/lcbo_pipeline_dag.py
[2026-09-26T21:08:54.129+0000] {processor.py:830} INFO - Processing file /opt/airflow/dags/lcbo_pipeline_dag.py for tasks to queue
[2026-09-26T21:08:54.132+0000] {logging_mixin.py:188} INFO - [2026-09-26T21:08:54.131+0000] {dagbag.py:545} INFO - Filling up the DagBag from /opt/airflow/dags/lcbo_pipeline_dag.py
[2026-09-26T21:08:54.170+0000] {processor.py:840} INFO - DAG(s) 'medallion_settlement_pipeline' retrieved from /opt/airflow/dags/lcbo_pipeline_dag.py
[2026-09-26T21:08:54.188+0000] {logging_mixin.py:188} INFO - [2026-09-26T21:08:54.187+0000] {dag.py:3089} INFO - Sync 1 DAGs
[2026-09-26T21:08:54.198+0000] {logging_mixin.py:188} INFO - [2026-09-26T21:08:54.198+0000] {dag.py:3947} INFO - Setting next_dagrun for medallion_settlement_pipeline to None, run_after=None
[2026-09-26T21:08:54.215+0000] {processor.py:183} INFO - Processing /opt/airflow/dags/lcbo_pipeline_dag.py took 0.093 seconds
[2026-09-26T21:09:24.328+0000] {processor.py:161} INFO - Started process (PID=2345) to work on /opt/airflow/dags/lcbo_pipeline_dag.py
[2026-09-26T21:09:24.329+0000] {processor.py:830} INFO - Processing file /opt/airflow/dags/lcbo_pipeline_dag.py for tasks to queue
[2026-09-26T21:09:24.331+0000] {logging_mixin.py:188} INFO - [2026-09-26T21:09:24.331+0000] {dagbag.py:545} INFO - Filling up the DagBag from /opt/airflow/dags/lcbo_pipeline_dag.py
[2026-09-26T21:09:24.366+0000] {processor.py:840} INFO - DAG(s) 'medallion_settlement_pipeline' retrieved from /opt/airflow/dags/lcbo_pipeline_dag.py
[2026-09-26T21:09:24.383+0000] {logging_mixin.py:188} INFO - [2026-09-26T21:09:24.383+0000] {dag.py:3089} INFO - Sync 1 DAGs
[2026-09-26T21:09:24.393+0000] {logging_mixin.py:188} INFO - [2026-09-26T21:09:24.392+0000] {dag.py:3947} INFO - Setting next_dagrun for medallion_settlement_pipeline to None, run_after=None
[2026-09-26T21:09:24.412+0000] {processor.py:183} INFO - Processing /opt/airflow/dags/lcbo_pipeline_dag.py took 0.089 seconds
[2026-09-26T21:09:54.592+0000] {processor.py:161} INFO - Started process (PID=2356) to work on /opt/airflow/dags/lcbo_pipeline_dag.py
[2026-09-26T21:09:54.593+0000] {processor.py:830} INFO - Processing file /opt/airflow/dags/lcbo_pipeline_dag.py for tasks to queue
[2026-09-26T21:09:54.595+0000] {logging_mixin.py:188} INFO - [2026-09-26T21:09:54.595+0000] {dagbag.py:545} INFO - Filling up the DagBag from /opt/airflow/dags/lcbo_pipeline_dag.py
[2026-09-26T21:09:54.629+0000] {processor.py:840} INFO - DAG(s) 'medallion_settlement_pipeline' retrieved from /opt/airflow/dags/lcbo_pipeline_dag.py
[2026-09-26T21:09:54.646+0000] {logging_mixin.py:188} INFO - [2026-09-26T21:09:54.645+0000] {dag.py:3089} INFO - Sync 1 DAGs
[2026-09-26T21:09:54.656+0000] {logging_mixin.py:188} INFO - [2026-09-26T21:09:54.655+0000] {dag.py:3947} INFO - Setting next_dagrun for medallion_settlement_pipeline to None, run_after=None
[2026-09-26T21:09:54.672+0000] {processor.py:183} INFO - Processing /opt/airflow/dags/lcbo_pipeline_dag.py took 0.085 seconds
[2026-09-26T21:10:24.808+0000] {processor.py:161} INFO - Started process (PID=2367) to work on /opt/airflow/dags/lcbo_pipeline_dag.py
[2026-09-26T21:10:24.809+0000] {processor.py:830} INFO - Processing file /opt/airflow/dags/lcbo_pipeline_dag.py for tasks to queue
[2026-09-26T21:10:24.811+0000] {logging_mixin.py:188} INFO - [2026-09-26T21:10:24.811+0000] {dagbag.py:545} INFO - Filling up the DagBag from /opt/airflow/dags/lcbo_pipeline_dag.py
[2026-09-26T21:10:24.847+0000] {processor.py:840} INFO - DAG(s) 'medallion_settlement_pipeline' retrieved from /opt/airflow/dags/lcbo_pipeline_dag.py
[2026-09-26T21:10:24.864+0000] {logging_mixin.py:188} INFO - [2026-09-26T21:10:24.864+0000] {dag.py:3089} INFO - Sync 1 DAGs
[2026-09-26T21:10:24.873+0000] {logging_mixin.py:188} INFO - [2026-09-26T21:10:24.873+0000] {dag.py:3947} INFO - Setting next_dagrun for medallion_settlement_pipeline to None, run_after=None
[2026-09-26T21:10:24.889+0000] {processor.py:183} INFO - Processing /opt/airflow/dags/lcbo_pipeline_dag.py took 0.086 seconds
[2026-09-26T21:10:55.071+0000] {processor.py:161} INFO - Started process (PID=2378) to work on /opt/airflow/dags/lcbo_pipeline_dag.py
[2026-09-26T21:10:55.073+0000] {processor.py:830} INFO - Processing file /opt/airflow/dags/lcbo_pipeline_dag.py for tasks to queue
[2026-09-26T21:10:55.076+0000] {logging_mixin.py:188} INFO - [2026-09-26T21:10:55.075+0000] {dagbag.py:545} INFO - Filling up the DagBag from /opt/airflow/dags/lcbo_pipeline_dag.py
[2026-09-26T21:10:55.111+0000] {processor.py:840} INFO - DAG(s) 'medallion_settlement_pipeline' retrieved from /opt/airflow/dags/lcbo_pipeline_dag.py
[2026-09-26T21:10:55.129+0000] {logging_mixin.py:188} INFO - [2026-09-26T21:10:55.129+0000] {dag.py:3089} INFO - Sync 1 DAGs
[2026-09-26T21:10:55.139+0000] {logging_mixin.py:188} INFO - [2026-09-26T21:10:55.139+0000] {dag.py:3947} INFO - Setting next_dagrun for medallion_settlement_pipeline to None, run_after=None
[2026-09-26T21:10:55.154+0000] {processor.py:183} INFO - Processing /opt/airflow/dags/lcbo_pipeline_dag.py took 0.088 seconds
[2026-09-26T21:11:25.277+0000] {processor.py:161} INFO - Started process (PID=2389) to work on /opt/airflow/dags/lcbo_pipeline_dag.py
[2026-09-26T21:11:25.279+0000] {processor.py:830} INFO - Processing file /opt/airflow/dags/lcbo_pipeline_dag.py for tasks to queue
[2026-09-26T21:11:25.280+0000] {logging_mixin.py:188} INFO - [2026-09-26T21:11:25.280+0000] {dagbag.py:545} INFO - Filling up the DagBag from /opt/airflow/dags/lcbo_pipeline_dag.py
[2026-09-26T21:11:25.311+0000] {processor.py:840} INFO - DAG(s) 'medallion_settlement_pipeline' retrieved from /opt/airflow/dags/lcbo_pipeline_dag.py
[2026-09-26T21:11:25.326+0000] {logging_mixin.py:188} INFO - [2026-09-26T21:11:25.326+0000] {dag.py:3089} INFO - Sync 1 DAGs
[2026-09-26T21:11:25.335+0000] {logging_mixin.py:188} INFO - [2026-09-26T21:11:25.335+0000] {dag.py:3947} INFO - Setting next_dagrun for medallion_settlement_pipeline to None, run_after=None
[2026-09-26T21:11:25.352+0000] {processor.py:183} INFO - Processing /opt/airflow/dags/lcbo_pipeline_dag.py took 0.079 seconds
[2026-09-26T21:11:55.562+0000] {processor.py:161} INFO - Started process (PID=2400) to work on /opt/airflow/dags/lcbo_pipeline_dag.py
[2026-09-26T21:11:55.563+0000] {processor.py:830} INFO - Processing file /opt/airflow/dags/lcbo_pipeline_dag.py for tasks to queue
[2026-09-26T21:11:55.565+0000] {logging_mixin.py:188} INFO - [2026-09-26T21:11:55.564+0000] {dagbag.py:545} INFO - Filling up the DagBag from /opt/airflow/dags/lcbo_pipeline_dag.py
[2026-09-26T21:11:55.598+0000] {processor.py:840} INFO - DAG(s) 'medallion_settlement_pipeline' retrieved from /opt/airflow/dags/lcbo_pipeline_dag.py
[2026-09-26T21:11:55.620+0000] {logging_mixin.py:188} INFO - [2026-09-26T21:11:55.620+0000] {dag.py:3089} INFO - Sync 1 DAGs
[2026-09-26T21:11:55.644+0000] {logging_mixin.py:188} INFO - [2026-09-26T21:11:55.643+0000] {dag.py:3947} INFO - Setting next_dagrun for medallion_settlement_pipeline to None, run_after=None
[2026-09-26T21:11:55.663+0000] {processor.py:183} INFO - Processing /opt/airflow/dags/lcbo_pipeline_dag.py took 0.106 seconds
[2026-09-26T21:12:25.763+0000] {processor.py:161} INFO - Started process (PID=2411) to work on /opt/airflow/dags/lcbo_pipeline_dag.py
[2026-09-26T21:12:25.765+0000] {processor.py:830} INFO - Processing file /opt/airflow/dags/lcbo_pipeline_dag.py for tasks to queue
[2026-09-26T21:12:25.767+0000] {logging_mixin.py:188} INFO - [2026-09-26T21:12:25.766+0000] {dagbag.py:545} INFO - Filling up the DagBag from /opt/airflow/dags/lcbo_pipeline_dag.py
[2026-09-26T21:12:25.801+0000] {processor.py:840} INFO - DAG(s) 'medallion_settlement_pipeline' retrieved from /opt/airflow/dags/lcbo_pipeline_dag.py
[2026-09-26T21:12:25.818+0000] {logging_mixin.py:188} INFO - [2026-09-26T21:12:25.818+0000] {dag.py:3089} INFO - Sync 1 DAGs
[2026-09-26T21:12:25.829+0000] {logging_mixin.py:188} INFO - [2026-09-26T21:12:25.829+0000] {dag.py:3947} INFO - Setting next_dagrun for medallion_settlement_pipeline to None, run_after=None
[2026-09-26T21:12:25.847+0000] {processor.py:183} INFO - Processing /opt/airflow/dags/lcbo_pipeline_dag.py took 0.089 seconds
[2026-09-26T21:12:56.079+0000] {processor.py:161} INFO - Started process (PID=2422) to work on /opt/airflow/dags/lcbo_pipeline_dag.py
[2026-09-26T21:12:56.080+0000] {processor.py:830} INFO - Processing file /opt/airflow/dags/lcbo_pipeline_dag.py for tasks to queue
[2026-09-26T21:12:56.082+0000] {logging_mixin.py:188} INFO - [2026-09-26T21:12:56.082+0000] {dagbag.py:545} INFO - Filling up the DagBag from /opt/airflow/dags/lcbo_pipeline_dag.py
[2026-09-26T21:12:56.114+0000] {processor.py:840} INFO - DAG(s) 'medallion_settlement_pipeline' retrieved from /opt/airflow/dags/lcbo_pipeline_dag.py
[2026-09-26T21:12:56.131+0000] {logging_mixin.py:188} INFO - [2026-09-26T21:12:56.130+0000] {dag.py:3089} INFO - Sync 1 DAGs
[2026-09-26T21:12:56.141+0000] {logging_mixin.py:188} INFO - [2026-09-26T21:12:56.141+0000] {dag.py:3947} INFO - Setting next_dagrun for medallion_settlement_pipeline to None, run_after=None
[2026-09-26T21:12:56.155+0000] {processor.py:183} INFO - Processing /opt/airflow/dags/lcbo_pipeline_dag.py took 0.080 seconds
[2026-09-26T21:13:26.282+0000] {processor.py:161} INFO - Started process (PID=2433) to work on /opt/airflow/dags/lcbo_pipeline_dag.py
[2026-09-26T21:13:26.283+0000] {processor.py:830} INFO - Processing file /opt/airflow/dags/lcbo_pipeline_dag.py for tasks to queue
[2026-09-26T21:13:26.285+0000] {logging_mixin.py:188} INFO - [2026-09-26T21:13:26.284+0000] {dagbag.py:545} INFO - Filling up the DagBag from /opt/airflow/dags/lcbo_pipeline_dag.py
[2026-09-26T21:13:26.319+0000] {processor.py:840} INFO - DAG(s) 'medallion_settlement_pipeline' retrieved from /opt/airflow/dags/lcbo_pipeline_dag.py
[2026-09-26T21:13:26.335+0000] {logging_mixin.py:188} INFO - [2026-09-26T21:13:26.335+0000] {dag.py:3089} INFO - Sync 1 DAGs
[2026-09-26T21:13:26.346+0000] {logging_mixin.py:188} INFO - [2026-09-26T21:13:26.346+0000] {dag.py:3947} INFO - Setting next_dagrun for medallion_settlement_pipeline to None, run_after=None
[2026-09-26T21:13:26.362+0000] {processor.py:183} INFO - Processing /opt/airflow/dags/lcbo_pipeline_dag.py took 0.084 seconds
[2026-09-26T21:13:56.543+0000] {processor.py:161} INFO - Started process (PID=2444) to work on /opt/airflow/dags/lcbo_pipeline_dag.py
[2026-09-26T21:13:56.544+0000] {processor.py:830} INFO - Processing file /opt/airflow/dags/lcbo_pipeline_dag.py for tasks to queue
[2026-09-26T21:13:56.546+0000] {logging_mixin.py:188} INFO - [2026-09-26T21:13:56.546+0000] {dagbag.py:545} INFO - Filling up the DagBag from /opt/airflow/dags/lcbo_pipeline_dag.py
[2026-09-26T21:13:56.585+0000] {processor.py:840} INFO - DAG(s) 'medallion_settlement_pipeline' retrieved from /opt/airflow/dags/lcbo_pipeline_dag.py
[2026-09-26T21:13:56.603+0000] {logging_mixin.py:188} INFO - [2026-09-26T21:13:56.602+0000] {dag.py:3089} INFO - Sync 1 DAGs
[2026-09-26T21:13:56.613+0000] {logging_mixin.py:188} INFO - [2026-09-26T21:13:56.612+0000] {dag.py:3947} INFO - Setting next_dagrun for medallion_settlement_pipeline to None, run_after=None
[2026-09-26T21:13:56.631+0000] {processor.py:183} INFO - Processing /opt/airflow/dags/lcbo_pipeline_dag.py took 0.093 seconds
[2026-09-26T21:14:26.736+0000] {processor.py:161} INFO - Started process (PID=2455) to work on /opt/airflow/dags/lcbo_pipeline_dag.py
[2026-09-26T21:14:26.737+0000] {processor.py:830} INFO - Processing file /opt/airflow/dags/lcbo_pipeline_dag.py for tasks to queue
[2026-09-26T21:14:26.739+0000] {logging_mixin.py:188} INFO - [2026-09-26T21:14:26.738+0000] {dagbag.py:545} INFO - Filling up the DagBag from /opt/airflow/dags/lcbo_pipeline_dag.py
[2026-09-26T21:14:26.770+0000] {processor.py:840} INFO - DAG(s) 'medallion_settlement_pipeline' retrieved from /opt/airflow/dags/lcbo_pipeline_dag.py
[2026-09-26T21:14:26.787+0000] {logging_mixin.py:188} INFO - [2026-09-26T21:14:26.787+0000] {dag.py:3089} INFO - Sync 1 DAGs
[2026-09-26T21:14:26.797+0000] {logging_mixin.py:188} INFO - [2026-09-26T21:14:26.797+0000] {dag.py:3947} INFO - Setting next_dagrun for medallion_settlement_pipeline to None, run_after=None
[2026-09-26T21:14:26.815+0000] {processor.py:183} INFO - Processing /opt/airflow/dags/lcbo_pipeline_dag.py took 0.083 seconds
[2026-09-26T21:14:57.001+0000] {processor.py:161} INFO - Started process (PID=2466) to work on /opt/airflow/dags/lcbo_pipeline_dag.py
[2026-09-26T21:14:57.002+0000] {processor.py:830} INFO - Processing file /opt/airflow/dags/lcbo_pipeline_dag.py for tasks to queue
[2026-09-26T21:14:57.005+0000] {logging_mixin.py:188} INFO - [2026-09-26T21:14:57.004+0000] {dagbag.py:545} INFO - Filling up the DagBag from /opt/airflow/dags/lcbo_pipeline_dag.py
[2026-09-26T21:14:57.040+0000] {processor.py:840} INFO - DAG(s) 'medallion_settlement_pipeline' retrieved from /opt/airflow/dags/lcbo_pipeline_dag.py
[2026-09-26T21:14:57.057+0000] {logging_mixin.py:188} INFO - [2026-09-26T21:14:57.057+0000] {dag.py:3089} INFO - Sync 1 DAGs
[2026-09-26T21:14:57.069+0000] {logging_mixin.py:188} INFO - [2026-09-26T21:14:57.069+0000] {dag.py:3947} INFO - Setting next_dagrun for medallion_settlement_pipeline to None, run_after=None
[2026-09-26T21:14:57.089+0000] {processor.py:183} INFO - Processing /opt/airflow/dags/lcbo_pipeline_dag.py took 0.092 seconds
[2026-09-26T21:15:27.198+0000] {processor.py:161} INFO - Started process (PID=2477) to work on /opt/airflow/dags/lcbo_pipeline_dag.py
[2026-09-26T21:15:27.199+0000] {processor.py:830} INFO - Processing file /opt/airflow/dags/lcbo_pipeline_dag.py for tasks to queue
[2026-09-26T21:15:27.202+0000] {logging_mixin.py:188} INFO - [2026-09-26T21:15:27.201+0000] {dagbag.py:545} INFO - Filling up the DagBag from /opt/airflow/dags/lcbo_pipeline_dag.py
[2026-09-26T21:15:27.237+0000] {processor.py:840} INFO - DAG(s) 'medallion_settlement_pipeline' retrieved from /opt/airflow/dags/lcbo_pipeline_dag.py
[2026-09-26T21:15:27.255+0000] {logging_mixin.py:188} INFO - [2026-09-26T21:15:27.255+0000] {dag.py:3089} INFO - Sync 1 DAGs
[2026-09-26T21:15:27.267+0000] {logging_mixin.py:188} INFO - [2026-09-26T21:15:27.266+0000] {dag.py:3947} INFO - Setting next_dagrun for medallion_settlement_pipeline to None, run_after=None
[2026-09-26T21:15:27.286+0000] {processor.py:183} INFO - Processing /opt/airflow/dags/lcbo_pipeline_dag.py took 0.093 seconds
[2026-09-26T21:15:57.452+0000] {processor.py:161} INFO - Started process (PID=2488) to work on /opt/airflow/dags/lcbo_pipeline_dag.py
[2026-09-26T21:15:57.453+0000] {processor.py:830} INFO - Processing file /opt/airflow/dags/lcbo_pipeline_dag.py for tasks to queue
[2026-09-26T21:15:57.455+0000] {logging_mixin.py:188} INFO - [2026-09-26T21:15:57.455+0000] {dagbag.py:545} INFO - Filling up the DagBag from /opt/airflow/dags/lcbo_pipeline_dag.py
[2026-09-26T21:15:57.493+0000] {processor.py:840} INFO - DAG(s) 'medallion_settlement_pipeline' retrieved from /opt/airflow/dags/lcbo_pipeline_dag.py
[2026-09-26T21:15:57.511+0000] {logging_mixin.py:188} INFO - [2026-09-26T21:15:57.511+0000] {dag.py:3089} INFO - Sync 1 DAGs
[2026-09-26T21:15:57.521+0000] {logging_mixin.py:188} INFO - [2026-09-26T21:15:57.521+0000] {dag.py:3947} INFO - Setting next_dagrun for medallion_settlement_pipeline to None, run_after=None
[2026-09-26T21:15:57.538+0000] {processor.py:183} INFO - Processing /opt/airflow/dags/lcbo_pipeline_dag.py took 0.091 seconds
[2026-09-26T21:16:27.671+0000] {processor.py:161} INFO - Started process (PID=2499) to work on /opt/airflow/dags/lcbo_pipeline_dag.py
[2026-09-26T21:16:27.672+0000] {processor.py:830} INFO - Processing file /opt/airflow/dags/lcbo_pipeline_dag.py for tasks to queue
[2026-09-26T21:16:27.674+0000] {logging_mixin.py:188} INFO - [2026-09-26T21:16:27.673+0000] {dagbag.py:545} INFO - Filling up the DagBag from /opt/airflow/dags/lcbo_pipeline_dag.py
[2026-09-26T21:16:27.707+0000] {processor.py:840} INFO - DAG(s) 'medallion_settlement_pipeline' retrieved from /opt/airflow/dags/lcbo_pipeline_dag.py
[2026-09-26T21:16:27.723+0000] {logging_mixin.py:188} INFO - [2026-09-26T21:16:27.723+0000] {dag.py:3089} INFO - Sync 1 DAGs
[2026-09-26T21:16:27.734+0000] {logging_mixin.py:188} INFO - [2026-09-26T21:16:27.733+0000] {dag.py:3947} INFO - Setting next_dagrun for medallion_settlement_pipeline to None, run_after=None
[2026-09-26T21:16:27.750+0000] {processor.py:183} INFO - Processing /opt/airflow/dags/lcbo_pipeline_dag.py took 0.083 seconds
[2026-09-26T21:16:57.918+0000] {processor.py:161} INFO - Started process (PID=2510) to work on /opt/airflow/dags/lcbo_pipeline_dag.py
[2026-09-26T21:16:57.919+0000] {processor.py:830} INFO - Processing file /opt/airflow/dags/lcbo_pipeline_dag.py for tasks to queue
[2026-09-26T21:16:57.921+0000] {logging_mixin.py:188} INFO - [2026-09-26T21:16:57.921+0000] {dagbag.py:545} INFO - Filling up the DagBag from /opt/airflow/dags/lcbo_pipeline_dag.py
[2026-09-26T21:16:57.957+0000] {processor.py:840} INFO - DAG(s) 'medallion_settlement_pipeline' retrieved from /opt/airflow/dags/lcbo_pipeline_dag.py
[2026-09-26T21:16:57.974+0000] {logging_mixin.py:188} INFO - [2026-09-26T21:16:57.974+0000] {dag.py:3089} INFO - Sync 1 DAGs
[2026-09-26T21:16:57.985+0000] {logging_mixin.py:188} INFO - [2026-09-26T21:16:57.985+0000] {dag.py:3947} INFO - Setting next_dagrun for medallion_settlement_pipeline to None, run_after=None
[2026-09-26T21:16:58.002+0000] {processor.py:183} INFO - Processing /opt/airflow/dags/lcbo_pipeline_dag.py took 0.089 seconds
[2026-09-26T21:17:28.117+0000] {processor.py:161} INFO - Started process (PID=2521) to work on /opt/airflow/dags/lcbo_pipeline_dag.py
[2026-09-26T21:17:28.118+0000] {processor.py:830} INFO - Processing file /opt/airflow/dags/lcbo_pipeline_dag.py for tasks to queue
[2026-09-26T21:17:28.120+0000] {logging_mixin.py:188} INFO - [2026-09-26T21:17:28.120+0000] {dagbag.py:545} INFO - Filling up the DagBag from /opt/airflow/dags/lcbo_pipeline_dag.py
[2026-09-26T21:17:28.156+0000] {processor.py:840} INFO - DAG(s) 'medallion_settlement_pipeline' retrieved from /opt/airflow/dags/lcbo_pipeline_dag.py
[2026-09-26T21:17:28.176+0000] {logging_mixin.py:188} INFO - [2026-09-26T21:17:28.176+0000] {dag.py:3089} INFO - Sync 1 DAGs
[2026-09-26T21:17:28.187+0000] {logging_mixin.py:188} INFO - [2026-09-26T21:17:28.187+0000] {dag.py:3947} INFO - Setting next_dagrun for medallion_settlement_pipeline to None, run_after=None
[2026-09-26T21:17:28.205+0000] {processor.py:183} INFO - Processing /opt/airflow/dags/lcbo_pipeline_dag.py took 0.093 seconds
[2026-09-26T21:17:58.410+0000] {processor.py:161} INFO - Started process (PID=2532) to work on /opt/airflow/dags/lcbo_pipeline_dag.py
[2026-09-26T21:17:58.411+0000] {processor.py:830} INFO - Processing file /opt/airflow/dags/lcbo_pipeline_dag.py for tasks to queue
[2026-09-26T21:17:58.413+0000] {logging_mixin.py:188} INFO - [2026-09-26T21:17:58.413+0000] {dagbag.py:545} INFO - Filling up the DagBag from /opt/airflow/dags/lcbo_pipeline_dag.py
[2026-09-26T21:17:58.453+0000] {processor.py:840} INFO - DAG(s) 'medallion_settlement_pipeline' retrieved from /opt/airflow/dags/lcbo_pipeline_dag.py
[2026-09-26T21:17:58.473+0000] {logging_mixin.py:188} INFO - [2026-09-26T21:17:58.472+0000] {dag.py:3089} INFO - Sync 1 DAGs
[2026-09-26T21:17:58.483+0000] {logging_mixin.py:188} INFO - [2026-09-26T21:17:58.483+0000] {dag.py:3947} INFO - Setting next_dagrun for medallion_settlement_pipeline to None, run_after=None
[2026-09-26T21:17:58.499+0000] {processor.py:183} INFO - Processing /opt/airflow/dags/lcbo_pipeline_dag.py took 0.094 seconds
[2026-09-26T21:18:28.617+0000] {processor.py:161} INFO - Started process (PID=2543) to work on /opt/airflow/dags/lcbo_pipeline_dag.py
[2026-09-26T21:18:28.619+0000] {processor.py:830} INFO - Processing file /opt/airflow/dags/lcbo_pipeline_dag.py for tasks to queue
[2026-09-26T21:18:28.621+0000] {logging_mixin.py:188} INFO - [2026-09-26T21:18:28.621+0000] {dagbag.py:545} INFO - Filling up the DagBag from /opt/airflow/dags/lcbo_pipeline_dag.py
[2026-09-26T21:18:28.661+0000] {processor.py:840} INFO - DAG(s) 'medallion_settlement_pipeline' retrieved from /opt/airflow/dags/lcbo_pipeline_dag.py
[2026-09-26T21:18:28.681+0000] {logging_mixin.py:188} INFO - [2026-09-26T21:18:28.681+0000] {dag.py:3089} INFO - Sync 1 DAGs
[2026-09-26T21:18:28.693+0000] {logging_mixin.py:188} INFO - [2026-09-26T21:18:28.692+0000] {dag.py:3947} INFO - Setting next_dagrun for medallion_settlement_pipeline to None, run_after=None
[2026-09-26T21:18:28.712+0000] {processor.py:183} INFO - Processing /opt/airflow/dags/lcbo_pipeline_dag.py took 0.099 seconds
[2026-09-26T21:18:58.869+0000] {processor.py:161} INFO - Started process (PID=2554) to work on /opt/airflow/dags/lcbo_pipeline_dag.py
[2026-09-26T21:18:58.871+0000] {processor.py:830} INFO - Processing file /opt/airflow/dags/lcbo_pipeline_dag.py for tasks to queue
[2026-09-26T21:18:58.873+0000] {logging_mixin.py:188} INFO - [2026-09-26T21:18:58.873+0000] {dagbag.py:545} INFO - Filling up the DagBag from /opt/airflow/dags/lcbo_pipeline_dag.py
[2026-09-26T21:18:58.909+0000] {processor.py:840} INFO - DAG(s) 'medallion_settlement_pipeline' retrieved from /opt/airflow/dags/lcbo_pipeline_dag.py
[2026-09-26T21:18:58.929+0000] {logging_mixin.py:188} INFO - [2026-09-26T21:18:58.928+0000] {dag.py:3089} INFO - Sync 1 DAGs
[2026-09-26T21:18:58.939+0000] {logging_mixin.py:188} INFO - [2026-09-26T21:18:58.939+0000] {dag.py:3947} INFO - Setting next_dagrun for medallion_settlement_pipeline to None, run_after=None
[2026-09-26T21:18:58.957+0000] {processor.py:183} INFO - Processing /opt/airflow/dags/lcbo_pipeline_dag.py took 0.093 seconds
[2026-09-26T21:19:29.071+0000] {processor.py:161} INFO - Started process (PID=2565) to work on /opt/airflow/dags/lcbo_pipeline_dag.py
[2026-09-26T21:19:29.072+0000] {processor.py:830} INFO - Processing file /opt/airflow/dags/lcbo_pipeline_dag.py for tasks to queue
[2026-09-26T21:19:29.074+0000] {logging_mixin.py:188} INFO - [2026-09-26T21:19:29.074+0000] {dagbag.py:545} INFO - Filling up the DagBag from /opt/airflow/dags/lcbo_pipeline_dag.py
[2026-09-26T21:19:29.111+0000] {processor.py:840} INFO - DAG(s) 'medallion_settlement_pipeline' retrieved from /opt/airflow/dags/lcbo_pipeline_dag.py
[2026-09-26T21:19:29.129+0000] {logging_mixin.py:188} INFO - [2026-09-26T21:19:29.128+0000] {dag.py:3089} INFO - Sync 1 DAGs
[2026-09-26T21:19:29.138+0000] {logging_mixin.py:188} INFO - [2026-09-26T21:19:29.138+0000] {dag.py:3947} INFO - Setting next_dagrun for medallion_settlement_pipeline to None, run_after=None
[2026-09-26T21:19:29.156+0000] {processor.py:183} INFO - Processing /opt/airflow/dags/lcbo_pipeline_dag.py took 0.089 seconds
[2026-09-26T21:19:59.337+0000] {processor.py:161} INFO - Started process (PID=2576) to work on /opt/airflow/dags/lcbo_pipeline_dag.py
[2026-09-26T21:19:59.338+0000] {processor.py:830} INFO - Processing file /opt/airflow/dags/lcbo_pipeline_dag.py for tasks to queue
[2026-09-26T21:19:59.339+0000] {logging_mixin.py:188} INFO - [2026-09-26T21:19:59.339+0000] {dagbag.py:545} INFO - Filling up the DagBag from /opt/airflow/dags/lcbo_pipeline_dag.py
[2026-09-26T21:19:59.373+0000] {processor.py:840} INFO - DAG(s) 'medallion_settlement_pipeline' retrieved from /opt/airflow/dags/lcbo_pipeline_dag.py
[2026-09-26T21:19:59.390+0000] {logging_mixin.py:188} INFO - [2026-09-26T21:19:59.390+0000] {dag.py:3089} INFO - Sync 1 DAGs
[2026-09-26T21:19:59.400+0000] {logging_mixin.py:188} INFO - [2026-09-26T21:19:59.399+0000] {dag.py:3947} INFO - Setting next_dagrun for medallion_settlement_pipeline to None, run_after=None
[2026-09-26T21:19:59.417+0000] {processor.py:183} INFO - Processing /opt/airflow/dags/lcbo_pipeline_dag.py took 0.084 seconds
[2026-09-26T21:20:29.533+0000] {processor.py:161} INFO - Started process (PID=2587) to work on /opt/airflow/dags/lcbo_pipeline_dag.py
[2026-09-26T21:20:29.535+0000] {processor.py:830} INFO - Processing file /opt/airflow/dags/lcbo_pipeline_dag.py for tasks to queue
[2026-09-26T21:20:29.536+0000] {logging_mixin.py:188} INFO - [2026-09-26T21:20:29.536+0000] {dagbag.py:545} INFO - Filling up the DagBag from /opt/airflow/dags/lcbo_pipeline_dag.py
[2026-09-26T21:20:29.569+0000] {processor.py:840} INFO - DAG(s) 'medallion_settlement_pipeline' retrieved from /opt/airflow/dags/lcbo_pipeline_dag.py
[2026-09-26T21:20:29.588+0000] {logging_mixin.py:188} INFO - [2026-09-26T21:20:29.588+0000] {dag.py:3089} INFO - Sync 1 DAGs
[2026-09-26T21:20:29.598+0000] {logging_mixin.py:188} INFO - [2026-09-26T21:20:29.598+0000] {dag.py:3947} INFO - Setting next_dagrun for medallion_settlement_pipeline to None, run_after=None
[2026-09-26T21:20:29.617+0000] {processor.py:183} INFO - Processing /opt/airflow/dags/lcbo_pipeline_dag.py took 0.087 seconds
[2026-09-26T21:20:59.797+0000] {processor.py:161} INFO - Started process (PID=2598) to work on /opt/airflow/dags/lcbo_pipeline_dag.py
[2026-09-26T21:20:59.798+0000] {processor.py:830} INFO - Processing file /opt/airflow/dags/lcbo_pipeline_dag.py for tasks to queue
[2026-09-26T21:20:59.800+0000] {logging_mixin.py:188} INFO - [2026-09-26T21:20:59.799+0000] {dagbag.py:545} INFO - Filling up the DagBag from /opt/airflow/dags/lcbo_pipeline_dag.py
[2026-09-26T21:20:59.835+0000] {processor.py:840} INFO - DAG(s) 'medallion_settlement_pipeline' retrieved from /opt/airflow/dags/lcbo_pipeline_dag.py
[2026-09-26T21:20:59.852+0000] {logging_mixin.py:188} INFO - [2026-09-26T21:20:59.851+0000] {dag.py:3089} INFO - Sync 1 DAGs
[2026-09-26T21:20:59.861+0000] {logging_mixin.py:188} INFO - [2026-09-26T21:20:59.861+0000] {dag.py:3947} INFO - Setting next_dagrun for medallion_settlement_pipeline to None, run_after=None
[2026-09-26T21:20:59.877+0000] {processor.py:183} INFO - Processing /opt/airflow/dags/lcbo_pipeline_dag.py took 0.085 seconds
[2026-09-26T21:21:29.998+0000] {processor.py:161} INFO - Started process (PID=2609) to work on /opt/airflow/dags/lcbo_pipeline_dag.py
[2026-09-26T21:21:29.999+0000] {processor.py:830} INFO - Processing file /opt/airflow/dags/lcbo_pipeline_dag.py for tasks to queue
[2026-09-26T21:21:30.001+0000] {logging_mixin.py:188} INFO - [2026-09-26T21:21:30.001+0000] {dagbag.py:545} INFO - Filling up the DagBag from /opt/airflow/dags/lcbo_pipeline_dag.py
[2026-09-26T21:21:30.032+0000] {processor.py:840} INFO - DAG(s) 'medallion_settlement_pipeline' retrieved from /opt/airflow/dags/lcbo_pipeline_dag.py
[2026-09-26T21:21:30.049+0000] {logging_mixin.py:188} INFO - [2026-09-26T21:21:30.049+0000] {dag.py:3089} INFO - Sync 1 DAGs
[2026-09-26T21:21:30.058+0000] {logging_mixin.py:188} INFO - [2026-09-26T21:21:30.058+0000] {dag.py:3947} INFO - Setting next_dagrun for medallion_settlement_pipeline to None, run_after=None
[2026-09-26T21:21:30.072+0000] {processor.py:183} INFO - Processing /opt/airflow/dags/lcbo_pipeline_dag.py took 0.078 seconds
[2026-09-26T21:22:00.247+0000] {processor.py:161} INFO - Started process (PID=2620) to work on /opt/airflow/dags/lcbo_pipeline_dag.py
[2026-09-26T21:22:00.248+0000] {processor.py:830} INFO - Processing file /opt/airflow/dags/lcbo_pipeline_dag.py for tasks to queue
[2026-09-26T21:22:00.250+0000] {logging_mixin.py:188} INFO - [2026-09-26T21:22:00.250+0000] {dagbag.py:545} INFO - Filling up the DagBag from /opt/airflow/dags/lcbo_pipeline_dag.py
[2026-09-26T21:22:00.282+0000] {processor.py:840} INFO - DAG(s) 'medallion_settlement_pipeline' retrieved from /opt/airflow/dags/lcbo_pipeline_dag.py
[2026-09-26T21:22:00.305+0000] {logging_mixin.py:188} INFO - [2026-09-26T21:22:00.304+0000] {dag.py:3089} INFO - Sync 1 DAGs
[2026-09-26T21:22:00.320+0000] {logging_mixin.py:188} INFO - [2026-09-26T21:22:00.320+0000] {dag.py:3947} INFO - Setting next_dagrun for medallion_settlement_pipeline to None, run_after=None
[2026-09-26T21:22:00.343+0000] {processor.py:183} INFO - Processing /opt/airflow/dags/lcbo_pipeline_dag.py took 0.101 seconds
[2026-09-26T21:22:30.450+0000] {processor.py:161} INFO - Started process (PID=2631) to work on /opt/airflow/dags/lcbo_pipeline_dag.py
[2026-09-26T21:22:30.451+0000] {processor.py:830} INFO - Processing file /opt/airflow/dags/lcbo_pipeline_dag.py for tasks to queue
[2026-09-26T21:22:30.453+0000] {logging_mixin.py:188} INFO - [2026-09-26T21:22:30.453+0000] {dagbag.py:545} INFO - Filling up the DagBag from /opt/airflow/dags/lcbo_pipeline_dag.py
[2026-09-26T21:22:30.485+0000] {processor.py:840} INFO - DAG(s) 'medallion_settlement_pipeline' retrieved from /opt/airflow/dags/lcbo_pipeline_dag.py
[2026-09-26T21:22:30.502+0000] {logging_mixin.py:188} INFO - [2026-09-26T21:22:30.502+0000] {dag.py:3089} INFO - Sync 1 DAGs
[2026-09-26T21:22:30.511+0000] {logging_mixin.py:188} INFO - [2026-09-26T21:22:30.511+0000] {dag.py:3947} INFO - Setting next_dagrun for medallion_settlement_pipeline to None, run_after=None
[2026-09-26T21:22:30.530+0000] {processor.py:183} INFO - Processing /opt/airflow/dags/lcbo_pipeline_dag.py took 0.084 seconds
[2026-09-26T21:23:00.766+0000] {processor.py:161} INFO - Started process (PID=2642) to work on /opt/airflow/dags/lcbo_pipeline_dag.py
[2026-09-26T21:23:00.767+0000] {processor.py:830} INFO - Processing file /opt/airflow/dags/lcbo_pipeline_dag.py for tasks to queue
[2026-09-26T21:23:00.771+0000] {logging_mixin.py:188} INFO - [2026-09-26T21:23:00.770+0000] {dagbag.py:545} INFO - Filling up the DagBag from /opt/airflow/dags/lcbo_pipeline_dag.py
[2026-09-26T21:23:00.808+0000] {processor.py:840} INFO - DAG(s) 'medallion_settlement_pipeline' retrieved from /opt/airflow/dags/lcbo_pipeline_dag.py
[2026-09-26T21:23:00.828+0000] {logging_mixin.py:188} INFO - [2026-09-26T21:23:00.827+0000] {dag.py:3089} INFO - Sync 1 DAGs
[2026-09-26T21:23:00.840+0000] {logging_mixin.py:188} INFO - [2026-09-26T21:23:00.839+0000] {dag.py:3947} INFO - Setting next_dagrun for medallion_settlement_pipeline to None, run_after=None
[2026-09-26T21:23:00.858+0000] {processor.py:183} INFO - Processing /opt/airflow/dags/lcbo_pipeline_dag.py took 0.100 seconds
[2026-09-26T21:23:30.963+0000] {processor.py:161} INFO - Started process (PID=2653) to work on /opt/airflow/dags/lcbo_pipeline_dag.py
[2026-09-26T21:23:30.965+0000] {processor.py:830} INFO - Processing file /opt/airflow/dags/lcbo_pipeline_dag.py for tasks to queue
[2026-09-26T21:23:30.969+0000] {logging_mixin.py:188} INFO - [2026-09-26T21:23:30.968+0000] {dagbag.py:545} INFO - Filling up the DagBag from /opt/airflow/dags/lcbo_pipeline_dag.py
[2026-09-26T21:23:31.010+0000] {processor.py:840} INFO - DAG(s) 'medallion_settlement_pipeline' retrieved from /opt/airflow/dags/lcbo_pipeline_dag.py
[2026-09-26T21:23:31.036+0000] {logging_mixin.py:188} INFO - [2026-09-26T21:23:31.036+0000] {dag.py:3089} INFO - Sync 1 DAGs
[2026-09-26T21:23:31.049+0000] {logging_mixin.py:188} INFO - [2026-09-26T21:23:31.049+0000] {dag.py:3947} INFO - Setting next_dagrun for medallion_settlement_pipeline to None, run_after=None
[2026-09-26T21:23:31.070+0000] {processor.py:183} INFO - Processing /opt/airflow/dags/lcbo_pipeline_dag.py took 0.114 seconds
[2026-09-26T21:24:01.220+0000] {processor.py:161} INFO - Started process (PID=2664) to work on /opt/airflow/dags/lcbo_pipeline_dag.py
[2026-09-26T21:24:01.222+0000] {processor.py:830} INFO - Processing file /opt/airflow/dags/lcbo_pipeline_dag.py for tasks to queue
[2026-09-26T21:24:01.225+0000] {logging_mixin.py:188} INFO - [2026-09-26T21:24:01.225+0000] {dagbag.py:545} INFO - Filling up the DagBag from /opt/airflow/dags/lcbo_pipeline_dag.py
[2026-09-26T21:24:01.264+0000] {processor.py:840} INFO - DAG(s) 'medallion_settlement_pipeline' retrieved from /opt/airflow/dags/lcbo_pipeline_dag.py
[2026-09-26T21:24:01.282+0000] {logging_mixin.py:188} INFO - [2026-09-26T21:24:01.282+0000] {dag.py:3089} INFO - Sync 1 DAGs
[2026-09-26T21:24:01.293+0000] {logging_mixin.py:188} INFO - [2026-09-26T21:24:01.292+0000] {dag.py:3947} INFO - Setting next_dagrun for medallion_settlement_pipeline to None, run_after=None
[2026-09-26T21:24:01.309+0000] {processor.py:183} INFO - Processing /opt/airflow/dags/lcbo_pipeline_dag.py took 0.096 seconds
[2026-09-26T21:24:31.426+0000] {processor.py:161} INFO - Started process (PID=2675) to work on /opt/airflow/dags/lcbo_pipeline_dag.py
[2026-09-26T21:24:31.427+0000] {processor.py:830} INFO - Processing file /opt/airflow/dags/lcbo_pipeline_dag.py for tasks to queue
[2026-09-26T21:24:31.429+0000] {logging_mixin.py:188} INFO - [2026-09-26T21:24:31.429+0000] {dagbag.py:545} INFO - Filling up the DagBag from /opt/airflow/dags/lcbo_pipeline_dag.py
[2026-09-26T21:24:31.466+0000] {processor.py:840} INFO - DAG(s) 'medallion_settlement_pipeline' retrieved from /opt/airflow/dags/lcbo_pipeline_dag.py
[2026-09-26T21:24:31.484+0000] {logging_mixin.py:188} INFO - [2026-09-26T21:24:31.484+0000] {dag.py:3089} INFO - Sync 1 DAGs
[2026-09-26T21:24:31.494+0000] {logging_mixin.py:188} INFO - [2026-09-26T21:24:31.493+0000] {dag.py:3947} INFO - Setting next_dagrun for medallion_settlement_pipeline to None, run_after=None
[2026-09-26T21:24:31.510+0000] {processor.py:183} INFO - Processing /opt/airflow/dags/lcbo_pipeline_dag.py took 0.089 seconds
[2026-09-26T21:25:01.678+0000] {processor.py:161} INFO - Started process (PID=2686) to work on /opt/airflow/dags/lcbo_pipeline_dag.py
[2026-09-26T21:25:01.679+0000] {processor.py:830} INFO - Processing file /opt/airflow/dags/lcbo_pipeline_dag.py for tasks to queue
[2026-09-26T21:25:01.681+0000] {logging_mixin.py:188} INFO - [2026-09-26T21:25:01.681+0000] {dagbag.py:545} INFO - Filling up the DagBag from /opt/airflow/dags/lcbo_pipeline_dag.py
[2026-09-26T21:25:01.720+0000] {processor.py:840} INFO - DAG(s) 'medallion_settlement_pipeline' retrieved from /opt/airflow/dags/lcbo_pipeline_dag.py
[2026-09-26T21:25:01.742+0000] {logging_mixin.py:188} INFO - [2026-09-26T21:25:01.742+0000] {dag.py:3089} INFO - Sync 1 DAGs
[2026-09-26T21:25:01.755+0000] {logging_mixin.py:188} INFO - [2026-09-26T21:25:01.755+0000] {dag.py:3947} INFO - Setting next_dagrun for medallion_settlement_pipeline to None, run_after=None
[2026-09-26T21:25:01.779+0000] {processor.py:183} INFO - Processing /opt/airflow/dags/lcbo_pipeline_dag.py took 0.106 seconds
[2026-09-26T21:25:31.876+0000] {processor.py:161} INFO - Started process (PID=2697) to work on /opt/airflow/dags/lcbo_pipeline_dag.py
[2026-09-26T21:25:31.878+0000] {processor.py:830} INFO - Processing file /opt/airflow/dags/lcbo_pipeline_dag.py for tasks to queue
[2026-09-26T21:25:31.880+0000] {logging_mixin.py:188} INFO - [2026-09-26T21:25:31.880+0000] {dagbag.py:545} INFO - Filling up the DagBag from /opt/airflow/dags/lcbo_pipeline_dag.py
[2026-09-26T21:25:31.915+0000] {processor.py:840} INFO - DAG(s) 'medallion_settlement_pipeline' retrieved from /opt/airflow/dags/lcbo_pipeline_dag.py
[2026-09-26T21:25:31.933+0000] {logging_mixin.py:188} INFO - [2026-09-26T21:25:31.933+0000] {dag.py:3089} INFO - Sync 1 DAGs
[2026-09-26T21:25:31.944+0000] {logging_mixin.py:188} INFO - [2026-09-26T21:25:31.944+0000] {dag.py:3947} INFO - Setting next_dagrun for medallion_settlement_pipeline to None, run_after=None
[2026-09-26T21:25:31.961+0000] {processor.py:183} INFO - Processing /opt/airflow/dags/lcbo_pipeline_dag.py took 0.090 seconds
[2026-09-26T21:26:02.154+0000] {processor.py:161} INFO - Started process (PID=2708) to work on /opt/airflow/dags/lcbo_pipeline_dag.py
[2026-09-26T21:26:02.155+0000] {processor.py:830} INFO - Processing file /opt/airflow/dags/lcbo_pipeline_dag.py for tasks to queue
[2026-09-26T21:26:02.157+0000] {logging_mixin.py:188} INFO - [2026-09-26T21:26:02.157+0000] {dagbag.py:545} INFO - Filling up the DagBag from /opt/airflow/dags/lcbo_pipeline_dag.py
[2026-09-26T21:26:02.193+0000] {processor.py:840} INFO - DAG(s) 'medallion_settlement_pipeline' retrieved from /opt/airflow/dags/lcbo_pipeline_dag.py
[2026-09-26T21:26:02.212+0000] {logging_mixin.py:188} INFO - [2026-09-26T21:26:02.212+0000] {dag.py:3089} INFO - Sync 1 DAGs
[2026-09-26T21:26:02.224+0000] {logging_mixin.py:188} INFO - [2026-09-26T21:26:02.223+0000] {dag.py:3947} INFO - Setting next_dagrun for medallion_settlement_pipeline to None, run_after=None
[2026-09-26T21:26:02.242+0000] {processor.py:183} INFO - Processing /opt/airflow/dags/lcbo_pipeline_dag.py took 0.093 seconds
[2026-09-26T21:26:32.363+0000] {processor.py:161} INFO - Started process (PID=2719) to work on /opt/airflow/dags/lcbo_pipeline_dag.py
[2026-09-26T21:26:32.365+0000] {processor.py:830} INFO - Processing file /opt/airflow/dags/lcbo_pipeline_dag.py for tasks to queue
[2026-09-26T21:26:32.367+0000] {logging_mixin.py:188} INFO - [2026-09-26T21:26:32.367+0000] {dagbag.py:545} INFO - Filling up the DagBag from /opt/airflow/dags/lcbo_pipeline_dag.py
[2026-09-26T21:26:32.404+0000] {processor.py:840} INFO - DAG(s) 'medallion_settlement_pipeline' retrieved from /opt/airflow/dags/lcbo_pipeline_dag.py
[2026-09-26T21:26:32.423+0000] {logging_mixin.py:188} INFO - [2026-09-26T21:26:32.423+0000] {dag.py:3089} INFO - Sync 1 DAGs
[2026-09-26T21:26:32.434+0000] {logging_mixin.py:188} INFO - [2026-09-26T21:26:32.434+0000] {dag.py:3947} INFO - Setting next_dagrun for medallion_settlement_pipeline to None, run_after=None
[2026-09-26T21:26:32.449+0000] {processor.py:183} INFO - Processing /opt/airflow/dags/lcbo_pipeline_dag.py took 0.092 seconds
[2026-09-26T21:27:02.610+0000] {processor.py:161} INFO - Started process (PID=2730) to work on /opt/airflow/dags/lcbo_pipeline_dag.py
[2026-09-26T21:27:02.610+0000] {processor.py:830} INFO - Processing file /opt/airflow/dags/lcbo_pipeline_dag.py for tasks to queue
[2026-09-26T21:27:02.612+0000] {logging_mixin.py:188} INFO - [2026-09-26T21:27:02.612+0000] {dagbag.py:545} INFO - Filling up the DagBag from /opt/airflow/dags/lcbo_pipeline_dag.py
[2026-09-26T21:27:02.644+0000] {processor.py:840} INFO - DAG(s) 'medallion_settlement_pipeline' retrieved from /opt/airflow/dags/lcbo_pipeline_dag.py
[2026-09-26T21:27:02.662+0000] {logging_mixin.py:188} INFO - [2026-09-26T21:27:02.662+0000] {dag.py:3089} INFO - Sync 1 DAGs
[2026-09-26T21:27:02.671+0000] {logging_mixin.py:188} INFO - [2026-09-26T21:27:02.671+0000] {dag.py:3947} INFO - Setting next_dagrun for medallion_settlement_pipeline to None, run_after=None
[2026-09-26T21:27:02.685+0000] {processor.py:183} INFO - Processing /opt/airflow/dags/lcbo_pipeline_dag.py took 0.081 seconds
[2026-09-26T21:27:32.810+0000] {processor.py:161} INFO - Started process (PID=2741) to work on /opt/airflow/dags/lcbo_pipeline_dag.py
[2026-09-26T21:27:32.811+0000] {processor.py:830} INFO - Processing file /opt/airflow/dags/lcbo_pipeline_dag.py for tasks to queue
[2026-09-26T21:27:32.813+0000] {logging_mixin.py:188} INFO - [2026-09-26T21:27:32.813+0000] {dagbag.py:545} INFO - Filling up the DagBag from /opt/airflow/dags/lcbo_pipeline_dag.py
[2026-09-26T21:27:32.849+0000] {processor.py:840} INFO - DAG(s) 'medallion_settlement_pipeline' retrieved from /opt/airflow/dags/lcbo_pipeline_dag.py
[2026-09-26T21:27:32.870+0000] {logging_mixin.py:188} INFO - [2026-09-26T21:27:32.869+0000] {dag.py:3089} INFO - Sync 1 DAGs
[2026-09-26T21:27:32.880+0000] {logging_mixin.py:188} INFO - [2026-09-26T21:27:32.880+0000] {dag.py:3947} INFO - Setting next_dagrun for medallion_settlement_pipeline to None, run_after=None
[2026-09-26T21:27:32.901+0000] {processor.py:183} INFO - Processing /opt/airflow/dags/lcbo_pipeline_dag.py took 0.096 seconds
[2026-09-26T21:28:03.089+0000] {processor.py:161} INFO - Started process (PID=2752) to work on /opt/airflow/dags/lcbo_pipeline_dag.py
[2026-09-26T21:28:03.090+0000] {processor.py:830} INFO - Processing file /opt/airflow/dags/lcbo_pipeline_dag.py for tasks to queue
[2026-09-26T21:28:03.092+0000] {logging_mixin.py:188} INFO - [2026-09-26T21:28:03.091+0000] {dagbag.py:545} INFO - Filling up the DagBag from /opt/airflow/dags/lcbo_pipeline_dag.py
[2026-09-26T21:28:03.133+0000] {processor.py:840} INFO - DAG(s) 'medallion_settlement_pipeline' retrieved from /opt/airflow/dags/lcbo_pipeline_dag.py
[2026-09-26T21:28:03.152+0000] {logging_mixin.py:188} INFO - [2026-09-26T21:28:03.152+0000] {dag.py:3089} INFO - Sync 1 DAGs
[2026-09-26T21:28:03.165+0000] {logging_mixin.py:188} INFO - [2026-09-26T21:28:03.164+0000] {dag.py:3947} INFO - Setting next_dagrun for medallion_settlement_pipeline to None, run_after=None
[2026-09-26T21:28:03.185+0000] {processor.py:183} INFO - Processing /opt/airflow/dags/lcbo_pipeline_dag.py took 0.103 seconds
[2026-09-26T21:28:33.305+0000] {processor.py:161} INFO - Started process (PID=2763) to work on /opt/airflow/dags/lcbo_pipeline_dag.py
[2026-09-26T21:28:33.306+0000] {processor.py:830} INFO - Processing file /opt/airflow/dags/lcbo_pipeline_dag.py for tasks to queue
[2026-09-26T21:28:33.309+0000] {logging_mixin.py:188} INFO - [2026-09-26T21:28:33.308+0000] {dagbag.py:545} INFO - Filling up the DagBag from /opt/airflow/dags/lcbo_pipeline_dag.py
[2026-09-26T21:28:33.347+0000] {processor.py:840} INFO - DAG(s) 'medallion_settlement_pipeline' retrieved from /opt/airflow/dags/lcbo_pipeline_dag.py
[2026-09-26T21:28:33.371+0000] {logging_mixin.py:188} INFO - [2026-09-26T21:28:33.371+0000] {dag.py:3089} INFO - Sync 1 DAGs
[2026-09-26T21:28:33.381+0000] {logging_mixin.py:188} INFO - [2026-09-26T21:28:33.381+0000] {dag.py:3947} INFO - Setting next_dagrun for medallion_settlement_pipeline to None, run_after=None
[2026-09-26T21:28:33.402+0000] {processor.py:183} INFO - Processing /opt/airflow/dags/lcbo_pipeline_dag.py took 0.105 seconds
[2026-09-26T21:29:03.560+0000] {processor.py:161} INFO - Started process (PID=2774) to work on /opt/airflow/dags/lcbo_pipeline_dag.py
[2026-09-26T21:29:03.561+0000] {processor.py:830} INFO - Processing file /opt/airflow/dags/lcbo_pipeline_dag.py for tasks to queue
[2026-09-26T21:29:03.563+0000] {logging_mixin.py:188} INFO - [2026-09-26T21:29:03.563+0000] {dagbag.py:545} INFO - Filling up the DagBag from /opt/airflow/dags/lcbo_pipeline_dag.py
[2026-09-26T21:29:03.607+0000] {processor.py:840} INFO - DAG(s) 'medallion_settlement_pipeline' retrieved from /opt/airflow/dags/lcbo_pipeline_dag.py
[2026-09-26T21:29:03.630+0000] {logging_mixin.py:188} INFO - [2026-09-26T21:29:03.629+0000] {dag.py:3089} INFO - Sync 1 DAGs
[2026-09-26T21:29:03.643+0000] {logging_mixin.py:188} INFO - [2026-09-26T21:29:03.642+0000] {dag.py:3947} INFO - Setting next_dagrun for medallion_settlement_pipeline to None, run_after=None
[2026-09-26T21:29:03.660+0000] {processor.py:183} INFO - Processing /opt/airflow/dags/lcbo_pipeline_dag.py took 0.110 seconds
[2026-09-26T21:29:33.779+0000] {processor.py:161} INFO - Started process (PID=2785) to work on /opt/airflow/dags/lcbo_pipeline_dag.py
[2026-09-26T21:29:33.781+0000] {processor.py:830} INFO - Processing file /opt/airflow/dags/lcbo_pipeline_dag.py for tasks to queue
[2026-09-26T21:29:33.788+0000] {logging_mixin.py:188} INFO - [2026-09-26T21:29:33.787+0000] {dagbag.py:545} INFO - Filling up the DagBag from /opt/airflow/dags/lcbo_pipeline_dag.py
[2026-09-26T21:29:33.833+0000] {processor.py:840} INFO - DAG(s) 'medallion_settlement_pipeline' retrieved from /opt/airflow/dags/lcbo_pipeline_dag.py
[2026-09-26T21:29:33.852+0000] {logging_mixin.py:188} INFO - [2026-09-26T21:29:33.852+0000] {dag.py:3089} INFO - Sync 1 DAGs
[2026-09-26T21:29:33.866+0000] {logging_mixin.py:188} INFO - [2026-09-26T21:29:33.866+0000] {dag.py:3947} INFO - Setting next_dagrun for medallion_settlement_pipeline to None, run_after=None
[2026-09-26T21:29:33.887+0000] {processor.py:183} INFO - Processing /opt/airflow/dags/lcbo_pipeline_dag.py took 0.129 seconds
[2026-09-26T21:30:04.021+0000] {processor.py:161} INFO - Started process (PID=2796) to work on /opt/airflow/dags/lcbo_pipeline_dag.py
[2026-09-26T21:30:04.023+0000] {processor.py:830} INFO - Processing file /opt/airflow/dags/lcbo_pipeline_dag.py for tasks to queue
[2026-09-26T21:30:04.025+0000] {logging_mixin.py:188} INFO - [2026-09-26T21:30:04.024+0000] {dagbag.py:545} INFO - Filling up the DagBag from /opt/airflow/dags/lcbo_pipeline_dag.py
[2026-09-26T21:30:04.060+0000] {processor.py:840} INFO - DAG(s) 'medallion_settlement_pipeline' retrieved from /opt/airflow/dags/lcbo_pipeline_dag.py
[2026-09-26T21:30:04.080+0000] {logging_mixin.py:188} INFO - [2026-09-26T21:30:04.080+0000] {dag.py:3089} INFO - Sync 1 DAGs
[2026-09-26T21:30:04.090+0000] {logging_mixin.py:188} INFO - [2026-09-26T21:30:04.090+0000] {dag.py:3947} INFO - Setting next_dagrun for medallion_settlement_pipeline to None, run_after=None
[2026-09-26T21:30:04.106+0000] {processor.py:183} INFO - Processing /opt/airflow/dags/lcbo_pipeline_dag.py took 0.090 seconds
[2026-09-26T21:30:34.254+0000] {processor.py:161} INFO - Started process (PID=2807) to work on /opt/airflow/dags/lcbo_pipeline_dag.py
[2026-09-26T21:30:34.255+0000] {processor.py:830} INFO - Processing file /opt/airflow/dags/lcbo_pipeline_dag.py for tasks to queue
[2026-09-26T21:30:34.257+0000] {logging_mixin.py:188} INFO - [2026-09-26T21:30:34.257+0000] {dagbag.py:545} INFO - Filling up the DagBag from /opt/airflow/dags/lcbo_pipeline_dag.py
[2026-09-26T21:30:34.292+0000] {processor.py:840} INFO - DAG(s) 'medallion_settlement_pipeline' retrieved from /opt/airflow/dags/lcbo_pipeline_dag.py
[2026-09-26T21:30:34.320+0000] {logging_mixin.py:188} INFO - [2026-09-26T21:30:34.319+0000] {dag.py:3089} INFO - Sync 1 DAGs
[2026-09-26T21:30:34.336+0000] {logging_mixin.py:188} INFO - [2026-09-26T21:30:34.336+0000] {dag.py:3947} INFO - Setting next_dagrun for medallion_settlement_pipeline to None, run_after=None
[2026-09-26T21:30:34.361+0000] {processor.py:183} INFO - Processing /opt/airflow/dags/lcbo_pipeline_dag.py took 0.112 seconds
[2026-09-26T21:31:04.473+0000] {processor.py:161} INFO - Started process (PID=2818) to work on /opt/airflow/dags/lcbo_pipeline_dag.py
[2026-09-26T21:31:04.475+0000] {processor.py:830} INFO - Processing file /opt/airflow/dags/lcbo_pipeline_dag.py for tasks to queue
[2026-09-26T21:31:04.478+0000] {logging_mixin.py:188} INFO - [2026-09-26T21:31:04.477+0000] {dagbag.py:545} INFO - Filling up the DagBag from /opt/airflow/dags/lcbo_pipeline_dag.py
[2026-09-26T21:31:04.522+0000] {processor.py:840} INFO - DAG(s) 'medallion_settlement_pipeline' retrieved from /opt/airflow/dags/lcbo_pipeline_dag.py
[2026-09-26T21:31:04.542+0000] {logging_mixin.py:188} INFO - [2026-09-26T21:31:04.542+0000] {dag.py:3089} INFO - Sync 1 DAGs
[2026-09-26T21:31:04.554+0000] {logging_mixin.py:188} INFO - [2026-09-26T21:31:04.554+0000] {dag.py:3947} INFO - Setting next_dagrun for medallion_settlement_pipeline to None, run_after=None
[2026-09-26T21:31:04.573+0000] {processor.py:183} INFO - Processing /opt/airflow/dags/lcbo_pipeline_dag.py took 0.106 seconds
[2026-09-26T21:31:34.711+0000] {processor.py:161} INFO - Started process (PID=2829) to work on /opt/airflow/dags/lcbo_pipeline_dag.py
[2026-09-26T21:31:34.712+0000] {processor.py:830} INFO - Processing file /opt/airflow/dags/lcbo_pipeline_dag.py for tasks to queue
[2026-09-26T21:31:34.714+0000] {logging_mixin.py:188} INFO - [2026-09-26T21:31:34.714+0000] {dagbag.py:545} INFO - Filling up the DagBag from /opt/airflow/dags/lcbo_pipeline_dag.py
[2026-09-26T21:31:34.749+0000] {processor.py:840} INFO - DAG(s) 'medallion_settlement_pipeline' retrieved from /opt/airflow/dags/lcbo_pipeline_dag.py
[2026-09-26T21:31:34.767+0000] {logging_mixin.py:188} INFO - [2026-09-26T21:31:34.767+0000] {dag.py:3089} INFO - Sync 1 DAGs
[2026-09-26T21:31:34.778+0000] {logging_mixin.py:188} INFO - [2026-09-26T21:31:34.777+0000] {dag.py:3947} INFO - Setting next_dagrun for medallion_settlement_pipeline to None, run_after=None
[2026-09-26T21:31:34.796+0000] {processor.py:183} INFO - Processing /opt/airflow/dags/lcbo_pipeline_dag.py took 0.090 seconds
[2026-09-26T21:32:04.923+0000] {processor.py:161} INFO - Started process (PID=2840) to work on /opt/airflow/dags/lcbo_pipeline_dag.py
[2026-09-26T21:32:04.924+0000] {processor.py:830} INFO - Processing file /opt/airflow/dags/lcbo_pipeline_dag.py for tasks to queue
[2026-09-26T21:32:04.927+0000] {logging_mixin.py:188} INFO - [2026-09-26T21:32:04.927+0000] {dagbag.py:545} INFO - Filling up the DagBag from /opt/airflow/dags/lcbo_pipeline_dag.py
[2026-09-26T21:32:04.963+0000] {processor.py:840} INFO - DAG(s) 'medallion_settlement_pipeline' retrieved from /opt/airflow/dags/lcbo_pipeline_dag.py
[2026-09-26T21:32:04.983+0000] {logging_mixin.py:188} INFO - [2026-09-26T21:32:04.983+0000] {dag.py:3089} INFO - Sync 1 DAGs
[2026-09-26T21:32:04.994+0000] {logging_mixin.py:188} INFO - [2026-09-26T21:32:04.994+0000] {dag.py:3947} INFO - Setting next_dagrun for medallion_settlement_pipeline to None, run_after=None
[2026-09-26T21:32:05.010+0000] {processor.py:183} INFO - Processing /opt/airflow/dags/lcbo_pipeline_dag.py took 0.093 seconds
[2026-09-26T21:32:35.153+0000] {processor.py:161} INFO - Started process (PID=2852) to work on /opt/airflow/dags/lcbo_pipeline_dag.py
[2026-09-26T21:32:35.154+0000] {processor.py:830} INFO - Processing file /opt/airflow/dags/lcbo_pipeline_dag.py for tasks to queue
[2026-09-26T21:32:35.156+0000] {logging_mixin.py:188} INFO - [2026-09-26T21:32:35.156+0000] {dagbag.py:545} INFO - Filling up the DagBag from /opt/airflow/dags/lcbo_pipeline_dag.py
[2026-09-26T21:32:35.189+0000] {processor.py:840} INFO - DAG(s) 'medallion_settlement_pipeline' retrieved from /opt/airflow/dags/lcbo_pipeline_dag.py
[2026-09-26T21:32:35.206+0000] {logging_mixin.py:188} INFO - [2026-09-26T21:32:35.206+0000] {dag.py:3089} INFO - Sync 1 DAGs
[2026-09-26T21:32:35.215+0000] {logging_mixin.py:188} INFO - [2026-09-26T21:32:35.215+0000] {dag.py:3947} INFO - Setting next_dagrun for medallion_settlement_pipeline to None, run_after=None
[2026-09-26T21:32:35.230+0000] {processor.py:183} INFO - Processing /opt/airflow/dags/lcbo_pipeline_dag.py took 0.084 seconds
[2026-09-26T21:33:05.389+0000] {processor.py:161} INFO - Started process (PID=2863) to work on /opt/airflow/dags/lcbo_pipeline_dag.py
[2026-09-26T21:33:05.390+0000] {processor.py:830} INFO - Processing file /opt/airflow/dags/lcbo_pipeline_dag.py for tasks to queue
[2026-09-26T21:33:05.392+0000] {logging_mixin.py:188} INFO - [2026-09-26T21:33:05.392+0000] {dagbag.py:545} INFO - Filling up the DagBag from /opt/airflow/dags/lcbo_pipeline_dag.py
[2026-09-26T21:33:05.425+0000] {processor.py:840} INFO - DAG(s) 'medallion_settlement_pipeline' retrieved from /opt/airflow/dags/lcbo_pipeline_dag.py
[2026-09-26T21:33:05.442+0000] {logging_mixin.py:188} INFO - [2026-09-26T21:33:05.442+0000] {dag.py:3089} INFO - Sync 1 DAGs
[2026-09-26T21:33:05.451+0000] {logging_mixin.py:188} INFO - [2026-09-26T21:33:05.451+0000] {dag.py:3947} INFO - Setting next_dagrun for medallion_settlement_pipeline to None, run_after=None
[2026-09-26T21:33:05.466+0000] {processor.py:183} INFO - Processing /opt/airflow/dags/lcbo_pipeline_dag.py took 0.082 seconds
[2026-09-26T21:33:35.594+0000] {processor.py:161} INFO - Started process (PID=2874) to work on /opt/airflow/dags/lcbo_pipeline_dag.py
[2026-09-26T21:33:35.596+0000] {processor.py:830} INFO - Processing file /opt/airflow/dags/lcbo_pipeline_dag.py for tasks to queue
[2026-09-26T21:33:35.598+0000] {logging_mixin.py:188} INFO - [2026-09-26T21:33:35.597+0000] {dagbag.py:545} INFO - Filling up the DagBag from /opt/airflow/dags/lcbo_pipeline_dag.py
[2026-09-26T21:33:35.635+0000] {processor.py:840} INFO - DAG(s) 'medallion_settlement_pipeline' retrieved from /opt/airflow/dags/lcbo_pipeline_dag.py
[2026-09-26T21:33:35.653+0000] {logging_mixin.py:188} INFO - [2026-09-26T21:33:35.653+0000] {dag.py:3089} INFO - Sync 1 DAGs
[2026-09-26T21:33:35.664+0000] {logging_mixin.py:188} INFO - [2026-09-26T21:33:35.664+0000] {dag.py:3947} INFO - Setting next_dagrun for medallion_settlement_pipeline to None, run_after=None
[2026-09-26T21:33:35.681+0000] {processor.py:183} INFO - Processing /opt/airflow/dags/lcbo_pipeline_dag.py took 0.092 seconds
[2026-09-26T21:34:05.809+0000] {processor.py:161} INFO - Started process (PID=2885) to work on /opt/airflow/dags/lcbo_pipeline_dag.py
[2026-09-26T21:34:05.810+0000] {processor.py:830} INFO - Processing file /opt/airflow/dags/lcbo_pipeline_dag.py for tasks to queue
[2026-09-26T21:34:05.811+0000] {logging_mixin.py:188} INFO - [2026-09-26T21:34:05.811+0000] {dagbag.py:545} INFO - Filling up the DagBag from /opt/airflow/dags/lcbo_pipeline_dag.py
[2026-09-26T21:34:05.843+0000] {processor.py:840} INFO - DAG(s) 'medallion_settlement_pipeline' retrieved from /opt/airflow/dags/lcbo_pipeline_dag.py
[2026-09-26T21:34:05.860+0000] {logging_mixin.py:188} INFO - [2026-09-26T21:34:05.860+0000] {dag.py:3089} INFO - Sync 1 DAGs
[2026-09-26T21:34:05.869+0000] {logging_mixin.py:188} INFO - [2026-09-26T21:34:05.869+0000] {dag.py:3947} INFO - Setting next_dagrun for medallion_settlement_pipeline to None, run_after=None
[2026-09-26T21:34:05.885+0000] {processor.py:183} INFO - Processing /opt/airflow/dags/lcbo_pipeline_dag.py took 0.081 seconds
[2026-09-26T21:34:36.029+0000] {processor.py:161} INFO - Started process (PID=2896) to work on /opt/airflow/dags/lcbo_pipeline_dag.py
[2026-09-26T21:34:36.030+0000] {processor.py:830} INFO - Processing file /opt/airflow/dags/lcbo_pipeline_dag.py for tasks to queue
[2026-09-26T21:34:36.032+0000] {logging_mixin.py:188} INFO - [2026-09-26T21:34:36.031+0000] {dagbag.py:545} INFO - Filling up the DagBag from /opt/airflow/dags/lcbo_pipeline_dag.py
[2026-09-26T21:34:36.065+0000] {processor.py:840} INFO - DAG(s) 'medallion_settlement_pipeline' retrieved from /opt/airflow/dags/lcbo_pipeline_dag.py
[2026-09-26T21:34:36.082+0000] {logging_mixin.py:188} INFO - [2026-09-26T21:34:36.082+0000] {dag.py:3089} INFO - Sync 1 DAGs
[2026-09-26T21:34:36.094+0000] {logging_mixin.py:188} INFO - [2026-09-26T21:34:36.093+0000] {dag.py:3947} INFO - Setting next_dagrun for medallion_settlement_pipeline to None, run_after=None
[2026-09-26T21:34:36.109+0000] {processor.py:183} INFO - Processing /opt/airflow/dags/lcbo_pipeline_dag.py took 0.084 seconds
[2026-09-26T21:35:06.240+0000] {processor.py:161} INFO - Started process (PID=2907) to work on /opt/airflow/dags/lcbo_pipeline_dag.py
[2026-09-26T21:35:06.241+0000] {processor.py:830} INFO - Processing file /opt/airflow/dags/lcbo_pipeline_dag.py for tasks to queue
[2026-09-26T21:35:06.244+0000] {logging_mixin.py:188} INFO - [2026-09-26T21:35:06.243+0000] {dagbag.py:545} INFO - Filling up the DagBag from /opt/airflow/dags/lcbo_pipeline_dag.py
[2026-09-26T21:35:06.280+0000] {processor.py:840} INFO - DAG(s) 'medallion_settlement_pipeline' retrieved from /opt/airflow/dags/lcbo_pipeline_dag.py
[2026-09-26T21:35:06.298+0000] {logging_mixin.py:188} INFO - [2026-09-26T21:35:06.298+0000] {dag.py:3089} INFO - Sync 1 DAGs
[2026-09-26T21:35:06.307+0000] {logging_mixin.py:188} INFO - [2026-09-26T21:35:06.307+0000] {dag.py:3947} INFO - Setting next_dagrun for medallion_settlement_pipeline to None, run_after=None
[2026-09-26T21:35:06.321+0000] {processor.py:183} INFO - Processing /opt/airflow/dags/lcbo_pipeline_dag.py took 0.086 seconds
[2026-09-26T21:35:36.455+0000] {processor.py:161} INFO - Started process (PID=2918) to work on /opt/airflow/dags/lcbo_pipeline_dag.py
[2026-09-26T21:35:36.456+0000] {processor.py:830} INFO - Processing file /opt/airflow/dags/lcbo_pipeline_dag.py for tasks to queue
[2026-09-26T21:35:36.458+0000] {logging_mixin.py:188} INFO - [2026-09-26T21:35:36.458+0000] {dagbag.py:545} INFO - Filling up the DagBag from /opt/airflow/dags/lcbo_pipeline_dag.py
[2026-09-26T21:35:36.492+0000] {processor.py:840} INFO - DAG(s) 'medallion_settlement_pipeline' retrieved from /opt/airflow/dags/lcbo_pipeline_dag.py
[2026-09-26T21:35:36.512+0000] {logging_mixin.py:188} INFO - [2026-09-26T21:35:36.511+0000] {dag.py:3089} INFO - Sync 1 DAGs
[2026-09-26T21:35:36.521+0000] {logging_mixin.py:188} INFO - [2026-09-26T21:35:36.521+0000] {dag.py:3947} INFO - Setting next_dagrun for medallion_settlement_pipeline to None, run_after=None
[2026-09-26T21:35:36.539+0000] {processor.py:183} INFO - Processing /opt/airflow/dags/lcbo_pipeline_dag.py took 0.088 seconds
[2026-09-26T21:36:06.678+0000] {processor.py:161} INFO - Started process (PID=2929) to work on /opt/airflow/dags/lcbo_pipeline_dag.py
[2026-09-26T21:36:06.680+0000] {processor.py:830} INFO - Processing file /opt/airflow/dags/lcbo_pipeline_dag.py for tasks to queue
[2026-09-26T21:36:06.682+0000] {logging_mixin.py:188} INFO - [2026-09-26T21:36:06.682+0000] {dagbag.py:545} INFO - Filling up the DagBag from /opt/airflow/dags/lcbo_pipeline_dag.py
[2026-09-26T21:36:06.717+0000] {processor.py:840} INFO - DAG(s) 'medallion_settlement_pipeline' retrieved from /opt/airflow/dags/lcbo_pipeline_dag.py
[2026-09-26T21:36:06.760+0000] {logging_mixin.py:188} INFO - [2026-09-26T21:36:06.760+0000] {dag.py:3089} INFO - Sync 1 DAGs
[2026-09-26T21:36:06.791+0000] {logging_mixin.py:188} INFO - [2026-09-26T21:36:06.791+0000] {dag.py:3947} INFO - Setting next_dagrun for medallion_settlement_pipeline to None, run_after=None
[2026-09-26T21:36:06.822+0000] {processor.py:183} INFO - Processing /opt/airflow/dags/lcbo_pipeline_dag.py took 0.149 seconds
[2026-09-26T21:36:36.893+0000] {processor.py:161} INFO - Started process (PID=2940) to work on /opt/airflow/dags/lcbo_pipeline_dag.py
[2026-09-26T21:36:36.894+0000] {processor.py:830} INFO - Processing file /opt/airflow/dags/lcbo_pipeline_dag.py for tasks to queue
[2026-09-26T21:36:36.895+0000] {logging_mixin.py:188} INFO - [2026-09-26T21:36:36.895+0000] {dagbag.py:545} INFO - Filling up the DagBag from /opt/airflow/dags/lcbo_pipeline_dag.py
[2026-09-26T21:36:36.931+0000] {processor.py:840} INFO - DAG(s) 'medallion_settlement_pipeline' retrieved from /opt/airflow/dags/lcbo_pipeline_dag.py
[2026-09-26T21:36:36.948+0000] {logging_mixin.py:188} INFO - [2026-09-26T21:36:36.948+0000] {dag.py:3089} INFO - Sync 1 DAGs
[2026-09-26T21:36:36.959+0000] {logging_mixin.py:188} INFO - [2026-09-26T21:36:36.959+0000] {dag.py:3947} INFO - Setting next_dagrun for medallion_settlement_pipeline to None, run_after=None
[2026-09-26T21:36:36.977+0000] {processor.py:183} INFO - Processing /opt/airflow/dags/lcbo_pipeline_dag.py took 0.089 seconds
[2026-09-26T21:37:07.193+0000] {processor.py:161} INFO - Started process (PID=2951) to work on /opt/airflow/dags/lcbo_pipeline_dag.py
[2026-09-26T21:37:07.194+0000] {processor.py:830} INFO - Processing file /opt/airflow/dags/lcbo_pipeline_dag.py for tasks to queue
[2026-09-26T21:37:07.196+0000] {logging_mixin.py:188} INFO - [2026-09-26T21:37:07.196+0000] {dagbag.py:545} INFO - Filling up the DagBag from /opt/airflow/dags/lcbo_pipeline_dag.py
[2026-09-26T21:37:07.232+0000] {processor.py:840} INFO - DAG(s) 'medallion_settlement_pipeline' retrieved from /opt/airflow/dags/lcbo_pipeline_dag.py
[2026-09-26T21:37:07.251+0000] {logging_mixin.py:188} INFO - [2026-09-26T21:37:07.251+0000] {dag.py:3089} INFO - Sync 1 DAGs
[2026-09-26T21:37:07.262+0000] {logging_mixin.py:188} INFO - [2026-09-26T21:37:07.262+0000] {dag.py:3947} INFO - Setting next_dagrun for medallion_settlement_pipeline to None, run_after=None
[2026-09-26T21:37:07.281+0000] {processor.py:183} INFO - Processing /opt/airflow/dags/lcbo_pipeline_dag.py took 0.093 seconds
[2026-09-26T21:37:37.381+0000] {processor.py:161} INFO - Started process (PID=2962) to work on /opt/airflow/dags/lcbo_pipeline_dag.py
[2026-09-26T21:37:37.383+0000] {processor.py:830} INFO - Processing file /opt/airflow/dags/lcbo_pipeline_dag.py for tasks to queue
[2026-09-26T21:37:37.384+0000] {logging_mixin.py:188} INFO - [2026-09-26T21:37:37.384+0000] {dagbag.py:545} INFO - Filling up the DagBag from /opt/airflow/dags/lcbo_pipeline_dag.py
[2026-09-26T21:37:37.418+0000] {processor.py:840} INFO - DAG(s) 'medallion_settlement_pipeline' retrieved from /opt/airflow/dags/lcbo_pipeline_dag.py
[2026-09-26T21:37:37.435+0000] {logging_mixin.py:188} INFO - [2026-09-26T21:37:37.435+0000] {dag.py:3089} INFO - Sync 1 DAGs
[2026-09-26T21:37:37.445+0000] {logging_mixin.py:188} INFO - [2026-09-26T21:37:37.445+0000] {dag.py:3947} INFO - Setting next_dagrun for medallion_settlement_pipeline to None, run_after=None
[2026-09-26T21:37:37.461+0000] {processor.py:183} INFO - Processing /opt/airflow/dags/lcbo_pipeline_dag.py took 0.085 seconds
[2026-09-26T21:38:07.671+0000] {processor.py:161} INFO - Started process (PID=2973) to work on /opt/airflow/dags/lcbo_pipeline_dag.py
[2026-09-26T21:38:07.672+0000] {processor.py:830} INFO - Processing file /opt/airflow/dags/lcbo_pipeline_dag.py for tasks to queue
[2026-09-26T21:38:07.675+0000] {logging_mixin.py:188} INFO - [2026-09-26T21:38:07.674+0000] {dagbag.py:545} INFO - Filling up the DagBag from /opt/airflow/dags/lcbo_pipeline_dag.py
[2026-09-26T21:38:07.714+0000] {processor.py:840} INFO - DAG(s) 'medallion_settlement_pipeline' retrieved from /opt/airflow/dags/lcbo_pipeline_dag.py
[2026-09-26T21:38:07.737+0000] {logging_mixin.py:188} INFO - [2026-09-26T21:38:07.737+0000] {dag.py:3089} INFO - Sync 1 DAGs
[2026-09-26T21:38:07.751+0000] {logging_mixin.py:188} INFO - [2026-09-26T21:38:07.751+0000] {dag.py:3947} INFO - Setting next_dagrun for medallion_settlement_pipeline to None, run_after=None
[2026-09-26T21:38:07.770+0000] {processor.py:183} INFO - Processing /opt/airflow/dags/lcbo_pipeline_dag.py took 0.106 seconds
[2026-09-26T21:38:37.855+0000] {processor.py:161} INFO - Started process (PID=2984) to work on /opt/airflow/dags/lcbo_pipeline_dag.py
[2026-09-26T21:38:37.857+0000] {processor.py:830} INFO - Processing file /opt/airflow/dags/lcbo_pipeline_dag.py for tasks to queue
[2026-09-26T21:38:37.858+0000] {logging_mixin.py:188} INFO - [2026-09-26T21:38:37.858+0000] {dagbag.py:545} INFO - Filling up the DagBag from /opt/airflow/dags/lcbo_pipeline_dag.py
[2026-09-26T21:38:37.897+0000] {processor.py:840} INFO - DAG(s) 'medallion_settlement_pipeline' retrieved from /opt/airflow/dags/lcbo_pipeline_dag.py
[2026-09-26T21:38:37.919+0000] {logging_mixin.py:188} INFO - [2026-09-26T21:38:37.919+0000] {dag.py:3089} INFO - Sync 1 DAGs
[2026-09-26T21:38:37.932+0000] {logging_mixin.py:188} INFO - [2026-09-26T21:38:37.931+0000] {dag.py:3947} INFO - Setting next_dagrun for medallion_settlement_pipeline to None, run_after=None
[2026-09-26T21:38:37.951+0000] {processor.py:183} INFO - Processing /opt/airflow/dags/lcbo_pipeline_dag.py took 0.100 seconds
[2026-09-26T21:39:08.126+0000] {processor.py:161} INFO - Started process (PID=2995) to work on /opt/airflow/dags/lcbo_pipeline_dag.py
[2026-09-26T21:39:08.127+0000] {processor.py:830} INFO - Processing file /opt/airflow/dags/lcbo_pipeline_dag.py for tasks to queue
[2026-09-26T21:39:08.129+0000] {logging_mixin.py:188} INFO - [2026-09-26T21:39:08.128+0000] {dagbag.py:545} INFO - Filling up the DagBag from /opt/airflow/dags/lcbo_pipeline_dag.py
[2026-09-26T21:39:08.165+0000] {processor.py:840} INFO - DAG(s) 'medallion_settlement_pipeline' retrieved from /opt/airflow/dags/lcbo_pipeline_dag.py
[2026-09-26T21:39:08.182+0000] {logging_mixin.py:188} INFO - [2026-09-26T21:39:08.182+0000] {dag.py:3089} INFO - Sync 1 DAGs
[2026-09-26T21:39:08.192+0000] {logging_mixin.py:188} INFO - [2026-09-26T21:39:08.192+0000] {dag.py:3947} INFO - Setting next_dagrun for medallion_settlement_pipeline to None, run_after=None
[2026-09-26T21:39:08.206+0000] {processor.py:183} INFO - Processing /opt/airflow/dags/lcbo_pipeline_dag.py took 0.085 seconds
[2026-09-26T21:39:38.325+0000] {processor.py:161} INFO - Started process (PID=3006) to work on /opt/airflow/dags/lcbo_pipeline_dag.py
[2026-09-26T21:39:38.327+0000] {processor.py:830} INFO - Processing file /opt/airflow/dags/lcbo_pipeline_dag.py for tasks to queue
[2026-09-26T21:39:38.329+0000] {logging_mixin.py:188} INFO - [2026-09-26T21:39:38.329+0000] {dagbag.py:545} INFO - Filling up the DagBag from /opt/airflow/dags/lcbo_pipeline_dag.py
[2026-09-26T21:39:38.371+0000] {processor.py:840} INFO - DAG(s) 'medallion_settlement_pipeline' retrieved from /opt/airflow/dags/lcbo_pipeline_dag.py
[2026-09-26T21:39:38.393+0000] {logging_mixin.py:188} INFO - [2026-09-26T21:39:38.392+0000] {dag.py:3089} INFO - Sync 1 DAGs
[2026-09-26T21:39:38.406+0000] {logging_mixin.py:188} INFO - [2026-09-26T21:39:38.406+0000] {dag.py:3947} INFO - Setting next_dagrun for medallion_settlement_pipeline to None, run_after=None
[2026-09-26T21:39:38.426+0000] {processor.py:183} INFO - Processing /opt/airflow/dags/lcbo_pipeline_dag.py took 0.107 seconds
[2026-09-26T21:40:08.547+0000] {processor.py:161} INFO - Started process (PID=3017) to work on /opt/airflow/dags/lcbo_pipeline_dag.py
[2026-09-26T21:40:08.548+0000] {processor.py:830} INFO - Processing file /opt/airflow/dags/lcbo_pipeline_dag.py for tasks to queue
[2026-09-26T21:40:08.551+0000] {logging_mixin.py:188} INFO - [2026-09-26T21:40:08.550+0000] {dagbag.py:545} INFO - Filling up the DagBag from /opt/airflow/dags/lcbo_pipeline_dag.py
[2026-09-26T21:40:08.584+0000] {processor.py:840} INFO - DAG(s) 'medallion_settlement_pipeline' retrieved from /opt/airflow/dags/lcbo_pipeline_dag.py
[2026-09-26T21:40:08.601+0000] {logging_mixin.py:188} INFO - [2026-09-26T21:40:08.600+0000] {dag.py:3089} INFO - Sync 1 DAGs
[2026-09-26T21:40:08.611+0000] {logging_mixin.py:188} INFO - [2026-09-26T21:40:08.611+0000] {dag.py:3947} INFO - Setting next_dagrun for medallion_settlement_pipeline to None, run_after=None
[2026-09-26T21:40:08.630+0000] {processor.py:183} INFO - Processing /opt/airflow/dags/lcbo_pipeline_dag.py took 0.087 seconds
[2026-09-26T21:40:38.777+0000] {processor.py:161} INFO - Started process (PID=3028) to work on /opt/airflow/dags/lcbo_pipeline_dag.py
[2026-09-26T21:40:38.778+0000] {processor.py:830} INFO - Processing file /opt/airflow/dags/lcbo_pipeline_dag.py for tasks to queue
[2026-09-26T21:40:38.780+0000] {logging_mixin.py:188} INFO - [2026-09-26T21:40:38.780+0000] {dagbag.py:545} INFO - Filling up the DagBag from /opt/airflow/dags/lcbo_pipeline_dag.py
[2026-09-26T21:40:38.811+0000] {processor.py:840} INFO - DAG(s) 'medallion_settlement_pipeline' retrieved from /opt/airflow/dags/lcbo_pipeline_dag.py
[2026-09-26T21:40:38.827+0000] {logging_mixin.py:188} INFO - [2026-09-26T21:40:38.827+0000] {dag.py:3089} INFO - Sync 1 DAGs
[2026-09-26T21:40:38.837+0000] {logging_mixin.py:188} INFO - [2026-09-26T21:40:38.837+0000] {dag.py:3947} INFO - Setting next_dagrun for medallion_settlement_pipeline to None, run_after=None
[2026-09-26T21:40:38.856+0000] {processor.py:183} INFO - Processing /opt/airflow/dags/lcbo_pipeline_dag.py took 0.082 seconds
[2026-09-26T21:41:08.992+0000] {processor.py:161} INFO - Started process (PID=3039) to work on /opt/airflow/dags/lcbo_pipeline_dag.py
[2026-09-26T21:41:08.993+0000] {processor.py:830} INFO - Processing file /opt/airflow/dags/lcbo_pipeline_dag.py for tasks to queue
[2026-09-26T21:41:08.994+0000] {logging_mixin.py:188} INFO - [2026-09-26T21:41:08.994+0000] {dagbag.py:545} INFO - Filling up the DagBag from /opt/airflow/dags/lcbo_pipeline_dag.py
[2026-09-26T21:41:09.028+0000] {processor.py:840} INFO - DAG(s) 'medallion_settlement_pipeline' retrieved from /opt/airflow/dags/lcbo_pipeline_dag.py
[2026-09-26T21:41:09.047+0000] {logging_mixin.py:188} INFO - [2026-09-26T21:41:09.046+0000] {dag.py:3089} INFO - Sync 1 DAGs
[2026-09-26T21:41:09.056+0000] {logging_mixin.py:188} INFO - [2026-09-26T21:41:09.056+0000] {dag.py:3947} INFO - Setting next_dagrun for medallion_settlement_pipeline to None, run_after=None
[2026-09-26T21:41:09.072+0000] {processor.py:183} INFO - Processing /opt/airflow/dags/lcbo_pipeline_dag.py took 0.084 seconds
[2026-09-26T21:41:39.216+0000] {processor.py:161} INFO - Started process (PID=3050) to work on /opt/airflow/dags/lcbo_pipeline_dag.py
[2026-09-26T21:41:39.217+0000] {processor.py:830} INFO - Processing file /opt/airflow/dags/lcbo_pipeline_dag.py for tasks to queue
[2026-09-26T21:41:39.219+0000] {logging_mixin.py:188} INFO - [2026-09-26T21:41:39.219+0000] {dagbag.py:545} INFO - Filling up the DagBag from /opt/airflow/dags/lcbo_pipeline_dag.py
[2026-09-26T21:41:39.250+0000] {processor.py:840} INFO - DAG(s) 'medallion_settlement_pipeline' retrieved from /opt/airflow/dags/lcbo_pipeline_dag.py
[2026-09-26T21:41:39.267+0000] {logging_mixin.py:188} INFO - [2026-09-26T21:41:39.266+0000] {dag.py:3089} INFO - Sync 1 DAGs
[2026-09-26T21:41:39.277+0000] {logging_mixin.py:188} INFO - [2026-09-26T21:41:39.277+0000] {dag.py:3947} INFO - Setting next_dagrun for medallion_settlement_pipeline to None, run_after=None
[2026-09-26T21:41:39.293+0000] {processor.py:183} INFO - Processing /opt/airflow/dags/lcbo_pipeline_dag.py took 0.080 seconds
[2026-09-26T21:42:09.441+0000] {processor.py:161} INFO - Started process (PID=3061) to work on /opt/airflow/dags/lcbo_pipeline_dag.py
[2026-09-26T21:42:09.442+0000] {processor.py:830} INFO - Processing file /opt/airflow/dags/lcbo_pipeline_dag.py for tasks to queue
[2026-09-26T21:42:09.444+0000] {logging_mixin.py:188} INFO - [2026-09-26T21:42:09.444+0000] {dagbag.py:545} INFO - Filling up the DagBag from /opt/airflow/dags/lcbo_pipeline_dag.py
[2026-09-26T21:42:09.479+0000] {processor.py:840} INFO - DAG(s) 'medallion_settlement_pipeline' retrieved from /opt/airflow/dags/lcbo_pipeline_dag.py
[2026-09-26T21:42:09.496+0000] {logging_mixin.py:188} INFO - [2026-09-26T21:42:09.496+0000] {dag.py:3089} INFO - Sync 1 DAGs
[2026-09-26T21:42:09.506+0000] {logging_mixin.py:188} INFO - [2026-09-26T21:42:09.506+0000] {dag.py:3947} INFO - Setting next_dagrun for medallion_settlement_pipeline to None, run_after=None
[2026-09-26T21:42:09.520+0000] {processor.py:183} INFO - Processing /opt/airflow/dags/lcbo_pipeline_dag.py took 0.085 seconds
[2026-09-26T21:42:39.668+0000] {processor.py:161} INFO - Started process (PID=3072) to work on /opt/airflow/dags/lcbo_pipeline_dag.py
[2026-09-26T21:42:39.669+0000] {processor.py:830} INFO - Processing file /opt/airflow/dags/lcbo_pipeline_dag.py for tasks to queue
[2026-09-26T21:42:39.672+0000] {logging_mixin.py:188} INFO - [2026-09-26T21:42:39.672+0000] {dagbag.py:545} INFO - Filling up the DagBag from /opt/airflow/dags/lcbo_pipeline_dag.py
[2026-09-26T21:42:39.710+0000] {processor.py:840} INFO - DAG(s) 'medallion_settlement_pipeline' retrieved from /opt/airflow/dags/lcbo_pipeline_dag.py
[2026-09-26T21:42:39.729+0000] {logging_mixin.py:188} INFO - [2026-09-26T21:42:39.728+0000] {dag.py:3089} INFO - Sync 1 DAGs
[2026-09-26T21:42:39.740+0000] {logging_mixin.py:188} INFO - [2026-09-26T21:42:39.740+0000] {dag.py:3947} INFO - Setting next_dagrun for medallion_settlement_pipeline to None, run_after=None
[2026-09-26T21:42:39.757+0000] {processor.py:183} INFO - Processing /opt/airflow/dags/lcbo_pipeline_dag.py took 0.095 seconds
[2026-09-26T21:43:09.922+0000] {processor.py:161} INFO - Started process (PID=3083) to work on /opt/airflow/dags/lcbo_pipeline_dag.py
[2026-09-26T21:43:09.923+0000] {processor.py:830} INFO - Processing file /opt/airflow/dags/lcbo_pipeline_dag.py for tasks to queue
[2026-09-26T21:43:09.925+0000] {logging_mixin.py:188} INFO - [2026-09-26T21:43:09.925+0000] {dagbag.py:545} INFO - Filling up the DagBag from /opt/airflow/dags/lcbo_pipeline_dag.py
[2026-09-26T21:43:09.955+0000] {processor.py:840} INFO - DAG(s) 'medallion_settlement_pipeline' retrieved from /opt/airflow/dags/lcbo_pipeline_dag.py
[2026-09-26T21:43:09.971+0000] {logging_mixin.py:188} INFO - [2026-09-26T21:43:09.971+0000] {dag.py:3089} INFO - Sync 1 DAGs
[2026-09-26T21:43:09.982+0000] {logging_mixin.py:188} INFO - [2026-09-26T21:43:09.982+0000] {dag.py:3947} INFO - Setting next_dagrun for medallion_settlement_pipeline to None, run_after=None
[2026-09-26T21:43:10.000+0000] {processor.py:183} INFO - Processing /opt/airflow/dags/lcbo_pipeline_dag.py took 0.081 seconds
[2026-09-26T21:43:40.136+0000] {processor.py:161} INFO - Started process (PID=3094) to work on /opt/airflow/dags/lcbo_pipeline_dag.py
[2026-09-26T21:43:40.137+0000] {processor.py:830} INFO - Processing file /opt/airflow/dags/lcbo_pipeline_dag.py for tasks to queue
[2026-09-26T21:43:40.139+0000] {logging_mixin.py:188} INFO - [2026-09-26T21:43:40.139+0000] {dagbag.py:545} INFO - Filling up the DagBag from /opt/airflow/dags/lcbo_pipeline_dag.py
[2026-09-26T21:43:40.175+0000] {processor.py:840} INFO - DAG(s) 'medallion_settlement_pipeline' retrieved from /opt/airflow/dags/lcbo_pipeline_dag.py
[2026-09-26T21:43:40.194+0000] {logging_mixin.py:188} INFO - [2026-09-26T21:43:40.194+0000] {dag.py:3089} INFO - Sync 1 DAGs
[2026-09-26T21:43:40.204+0000] {logging_mixin.py:188} INFO - [2026-09-26T21:43:40.204+0000] {dag.py:3947} INFO - Setting next_dagrun for medallion_settlement_pipeline to None, run_after=None
[2026-09-26T21:43:40.222+0000] {processor.py:183} INFO - Processing /opt/airflow/dags/lcbo_pipeline_dag.py took 0.090 seconds
[2026-09-26T21:44:10.358+0000] {processor.py:161} INFO - Started process (PID=3105) to work on /opt/airflow/dags/lcbo_pipeline_dag.py
[2026-09-26T21:44:10.359+0000] {processor.py:830} INFO - Processing file /opt/airflow/dags/lcbo_pipeline_dag.py for tasks to queue
[2026-09-26T21:44:10.361+0000] {logging_mixin.py:188} INFO - [2026-09-26T21:44:10.361+0000] {dagbag.py:545} INFO - Filling up the DagBag from /opt/airflow/dags/lcbo_pipeline_dag.py
[2026-09-26T21:44:10.397+0000] {processor.py:840} INFO - DAG(s) 'medallion_settlement_pipeline' retrieved from /opt/airflow/dags/lcbo_pipeline_dag.py
[2026-09-26T21:44:10.414+0000] {logging_mixin.py:188} INFO - [2026-09-26T21:44:10.414+0000] {dag.py:3089} INFO - Sync 1 DAGs
[2026-09-26T21:44:10.424+0000] {logging_mixin.py:188} INFO - [2026-09-26T21:44:10.423+0000] {dag.py:3947} INFO - Setting next_dagrun for medallion_settlement_pipeline to None, run_after=None
[2026-09-26T21:44:10.442+0000] {processor.py:183} INFO - Processing /opt/airflow/dags/lcbo_pipeline_dag.py took 0.089 seconds
[2026-09-26T21:44:40.587+0000] {processor.py:161} INFO - Started process (PID=3116) to work on /opt/airflow/dags/lcbo_pipeline_dag.py
[2026-09-26T21:44:40.589+0000] {processor.py:830} INFO - Processing file /opt/airflow/dags/lcbo_pipeline_dag.py for tasks to queue
[2026-09-26T21:44:40.590+0000] {logging_mixin.py:188} INFO - [2026-09-26T21:44:40.590+0000] {dagbag.py:545} INFO - Filling up the DagBag from /opt/airflow/dags/lcbo_pipeline_dag.py
[2026-09-26T21:44:40.621+0000] {processor.py:840} INFO - DAG(s) 'medallion_settlement_pipeline' retrieved from /opt/airflow/dags/lcbo_pipeline_dag.py
[2026-09-26T21:44:40.637+0000] {logging_mixin.py:188} INFO - [2026-09-26T21:44:40.637+0000] {dag.py:3089} INFO - Sync 1 DAGs
[2026-09-26T21:44:40.648+0000] {logging_mixin.py:188} INFO - [2026-09-26T21:44:40.648+0000] {dag.py:3947} INFO - Setting next_dagrun for medallion_settlement_pipeline to None, run_after=None
[2026-09-26T21:44:40.662+0000] {processor.py:183} INFO - Processing /opt/airflow/dags/lcbo_pipeline_dag.py took 0.079 seconds
[2026-09-26T21:45:10.799+0000] {processor.py:161} INFO - Started process (PID=3127) to work on /opt/airflow/dags/lcbo_pipeline_dag.py
[2026-09-26T21:45:10.800+0000] {processor.py:830} INFO - Processing file /opt/airflow/dags/lcbo_pipeline_dag.py for tasks to queue
[2026-09-26T21:45:10.802+0000] {logging_mixin.py:188} INFO - [2026-09-26T21:45:10.802+0000] {dagbag.py:545} INFO - Filling up the DagBag from /opt/airflow/dags/lcbo_pipeline_dag.py
[2026-09-26T21:45:10.833+0000] {processor.py:840} INFO - DAG(s) 'medallion_settlement_pipeline' retrieved from /opt/airflow/dags/lcbo_pipeline_dag.py
[2026-09-26T21:45:10.849+0000] {logging_mixin.py:188} INFO - [2026-09-26T21:45:10.849+0000] {dag.py:3089} INFO - Sync 1 DAGs
[2026-09-26T21:45:10.858+0000] {logging_mixin.py:188} INFO - [2026-09-26T21:45:10.858+0000] {dag.py:3947} INFO - Setting next_dagrun for medallion_settlement_pipeline to None, run_after=None
[2026-09-26T21:45:10.875+0000] {processor.py:183} INFO - Processing /opt/airflow/dags/lcbo_pipeline_dag.py took 0.080 seconds
[2026-09-26T21:45:41.032+0000] {processor.py:161} INFO - Started process (PID=3138) to work on /opt/airflow/dags/lcbo_pipeline_dag.py
[2026-09-26T21:45:41.033+0000] {processor.py:830} INFO - Processing file /opt/airflow/dags/lcbo_pipeline_dag.py for tasks to queue
[2026-09-26T21:45:41.034+0000] {logging_mixin.py:188} INFO - [2026-09-26T21:45:41.034+0000] {dagbag.py:545} INFO - Filling up the DagBag from /opt/airflow/dags/lcbo_pipeline_dag.py
[2026-09-26T21:45:41.067+0000] {processor.py:840} INFO - DAG(s) 'medallion_settlement_pipeline' retrieved from /opt/airflow/dags/lcbo_pipeline_dag.py
[2026-09-26T21:45:41.085+0000] {logging_mixin.py:188} INFO - [2026-09-26T21:45:41.084+0000] {dag.py:3089} INFO - Sync 1 DAGs
[2026-09-26T21:45:41.094+0000] {logging_mixin.py:188} INFO - [2026-09-26T21:45:41.094+0000] {dag.py:3947} INFO - Setting next_dagrun for medallion_settlement_pipeline to None, run_after=None
[2026-09-26T21:45:41.112+0000] {processor.py:183} INFO - Processing /opt/airflow/dags/lcbo_pipeline_dag.py took 0.086 seconds
[2026-09-26T21:46:11.239+0000] {processor.py:161} INFO - Started process (PID=3149) to work on /opt/airflow/dags/lcbo_pipeline_dag.py
[2026-09-26T21:46:11.240+0000] {processor.py:830} INFO - Processing file /opt/airflow/dags/lcbo_pipeline_dag.py for tasks to queue
[2026-09-26T21:46:11.242+0000] {logging_mixin.py:188} INFO - [2026-09-26T21:46:11.241+0000] {dagbag.py:545} INFO - Filling up the DagBag from /opt/airflow/dags/lcbo_pipeline_dag.py
[2026-09-26T21:46:11.276+0000] {processor.py:840} INFO - DAG(s) 'medallion_settlement_pipeline' retrieved from /opt/airflow/dags/lcbo_pipeline_dag.py
[2026-09-26T21:46:11.296+0000] {logging_mixin.py:188} INFO - [2026-09-26T21:46:11.296+0000] {dag.py:3089} INFO - Sync 1 DAGs
[2026-09-26T21:46:11.307+0000] {logging_mixin.py:188} INFO - [2026-09-26T21:46:11.307+0000] {dag.py:3947} INFO - Setting next_dagrun for medallion_settlement_pipeline to None, run_after=None
[2026-09-26T21:46:11.326+0000] {processor.py:183} INFO - Processing /opt/airflow/dags/lcbo_pipeline_dag.py took 0.092 seconds
[2026-09-26T21:46:41.479+0000] {processor.py:161} INFO - Started process (PID=3160) to work on /opt/airflow/dags/lcbo_pipeline_dag.py
[2026-09-26T21:46:41.480+0000] {processor.py:830} INFO - Processing file /opt/airflow/dags/lcbo_pipeline_dag.py for tasks to queue
[2026-09-26T21:46:41.482+0000] {logging_mixin.py:188} INFO - [2026-09-26T21:46:41.482+0000] {dagbag.py:545} INFO - Filling up the DagBag from /opt/airflow/dags/lcbo_pipeline_dag.py
[2026-09-26T21:46:41.516+0000] {processor.py:840} INFO - DAG(s) 'medallion_settlement_pipeline' retrieved from /opt/airflow/dags/lcbo_pipeline_dag.py
[2026-09-26T21:46:41.534+0000] {logging_mixin.py:188} INFO - [2026-09-26T21:46:41.534+0000] {dag.py:3089} INFO - Sync 1 DAGs
[2026-09-26T21:46:41.544+0000] {logging_mixin.py:188} INFO - [2026-09-26T21:46:41.544+0000] {dag.py:3947} INFO - Setting next_dagrun for medallion_settlement_pipeline to None, run_after=None
[2026-09-26T21:46:41.562+0000] {processor.py:183} INFO - Processing /opt/airflow/dags/lcbo_pipeline_dag.py took 0.087 seconds
[2026-09-26T21:47:11.680+0000] {processor.py:161} INFO - Started process (PID=3171) to work on /opt/airflow/dags/lcbo_pipeline_dag.py
[2026-09-26T21:47:11.681+0000] {processor.py:830} INFO - Processing file /opt/airflow/dags/lcbo_pipeline_dag.py for tasks to queue
[2026-09-26T21:47:11.683+0000] {logging_mixin.py:188} INFO - [2026-09-26T21:47:11.682+0000] {dagbag.py:545} INFO - Filling up the DagBag from /opt/airflow/dags/lcbo_pipeline_dag.py
[2026-09-26T21:47:11.717+0000] {processor.py:840} INFO - DAG(s) 'medallion_settlement_pipeline' retrieved from /opt/airflow/dags/lcbo_pipeline_dag.py
[2026-09-26T21:47:11.735+0000] {logging_mixin.py:188} INFO - [2026-09-26T21:47:11.734+0000] {dag.py:3089} INFO - Sync 1 DAGs
[2026-09-26T21:47:11.743+0000] {logging_mixin.py:188} INFO - [2026-09-26T21:47:11.743+0000] {dag.py:3947} INFO - Setting next_dagrun for medallion_settlement_pipeline to None, run_after=None
[2026-09-26T21:47:11.758+0000] {processor.py:183} INFO - Processing /opt/airflow/dags/lcbo_pipeline_dag.py took 0.082 seconds
[2026-09-26T21:47:41.926+0000] {processor.py:161} INFO - Started process (PID=3183) to work on /opt/airflow/dags/lcbo_pipeline_dag.py
[2026-09-26T21:47:41.927+0000] {processor.py:830} INFO - Processing file /opt/airflow/dags/lcbo_pipeline_dag.py for tasks to queue
[2026-09-26T21:47:41.929+0000] {logging_mixin.py:188} INFO - [2026-09-26T21:47:41.929+0000] {dagbag.py:545} INFO - Filling up the DagBag from /opt/airflow/dags/lcbo_pipeline_dag.py
[2026-09-26T21:47:41.970+0000] {processor.py:840} INFO - DAG(s) 'medallion_settlement_pipeline' retrieved from /opt/airflow/dags/lcbo_pipeline_dag.py
[2026-09-26T21:47:41.990+0000] {logging_mixin.py:188} INFO - [2026-09-26T21:47:41.990+0000] {dag.py:3089} INFO - Sync 1 DAGs
[2026-09-26T21:47:42.002+0000] {logging_mixin.py:188} INFO - [2026-09-26T21:47:42.002+0000] {dag.py:3947} INFO - Setting next_dagrun for medallion_settlement_pipeline to None, run_after=None
[2026-09-26T21:47:42.021+0000] {processor.py:183} INFO - Processing /opt/airflow/dags/lcbo_pipeline_dag.py took 0.100 seconds
[2026-09-26T21:48:12.154+0000] {processor.py:161} INFO - Started process (PID=3194) to work on /opt/airflow/dags/lcbo_pipeline_dag.py
[2026-09-26T21:48:12.155+0000] {processor.py:830} INFO - Processing file /opt/airflow/dags/lcbo_pipeline_dag.py for tasks to queue
[2026-09-26T21:48:12.157+0000] {logging_mixin.py:188} INFO - [2026-09-26T21:48:12.157+0000] {dagbag.py:545} INFO - Filling up the DagBag from /opt/airflow/dags/lcbo_pipeline_dag.py
[2026-09-26T21:48:12.191+0000] {processor.py:840} INFO - DAG(s) 'medallion_settlement_pipeline' retrieved from /opt/airflow/dags/lcbo_pipeline_dag.py
[2026-09-26T21:48:12.209+0000] {logging_mixin.py:188} INFO - [2026-09-26T21:48:12.209+0000] {dag.py:3089} INFO - Sync 1 DAGs
[2026-09-26T21:48:12.219+0000] {logging_mixin.py:188} INFO - [2026-09-26T21:48:12.219+0000] {dag.py:3947} INFO - Setting next_dagrun for medallion_settlement_pipeline to None, run_after=None
[2026-09-26T21:48:12.236+0000] {processor.py:183} INFO - Processing /opt/airflow/dags/lcbo_pipeline_dag.py took 0.086 seconds
[2026-09-26T21:48:42.389+0000] {processor.py:161} INFO - Started process (PID=3205) to work on /opt/airflow/dags/lcbo_pipeline_dag.py
[2026-09-26T21:48:42.390+0000] {processor.py:830} INFO - Processing file /opt/airflow/dags/lcbo_pipeline_dag.py for tasks to queue
[2026-09-26T21:48:42.392+0000] {logging_mixin.py:188} INFO - [2026-09-26T21:48:42.391+0000] {dagbag.py:545} INFO - Filling up the DagBag from /opt/airflow/dags/lcbo_pipeline_dag.py
[2026-09-26T21:48:42.428+0000] {processor.py:840} INFO - DAG(s) 'medallion_settlement_pipeline' retrieved from /opt/airflow/dags/lcbo_pipeline_dag.py
[2026-09-26T21:48:42.446+0000] {logging_mixin.py:188} INFO - [2026-09-26T21:48:42.446+0000] {dag.py:3089} INFO - Sync 1 DAGs
[2026-09-26T21:48:42.458+0000] {logging_mixin.py:188} INFO - [2026-09-26T21:48:42.457+0000] {dag.py:3947} INFO - Setting next_dagrun for medallion_settlement_pipeline to None, run_after=None
[2026-09-26T21:48:42.477+0000] {processor.py:183} INFO - Processing /opt/airflow/dags/lcbo_pipeline_dag.py took 0.094 seconds
[2026-09-26T21:49:12.587+0000] {processor.py:161} INFO - Started process (PID=3216) to work on /opt/airflow/dags/lcbo_pipeline_dag.py
[2026-09-26T21:49:12.588+0000] {processor.py:830} INFO - Processing file /opt/airflow/dags/lcbo_pipeline_dag.py for tasks to queue
[2026-09-26T21:49:12.589+0000] {logging_mixin.py:188} INFO - [2026-09-26T21:49:12.589+0000] {dagbag.py:545} INFO - Filling up the DagBag from /opt/airflow/dags/lcbo_pipeline_dag.py
[2026-09-26T21:49:12.622+0000] {processor.py:840} INFO - DAG(s) 'medallion_settlement_pipeline' retrieved from /opt/airflow/dags/lcbo_pipeline_dag.py
[2026-09-26T21:49:12.639+0000] {logging_mixin.py:188} INFO - [2026-09-26T21:49:12.639+0000] {dag.py:3089} INFO - Sync 1 DAGs
[2026-09-26T21:49:12.648+0000] {logging_mixin.py:188} INFO - [2026-09-26T21:49:12.648+0000] {dag.py:3947} INFO - Setting next_dagrun for medallion_settlement_pipeline to None, run_after=None
[2026-09-26T21:49:12.663+0000] {processor.py:183} INFO - Processing /opt/airflow/dags/lcbo_pipeline_dag.py took 0.081 seconds
[2026-09-26T21:49:42.823+0000] {processor.py:161} INFO - Started process (PID=3227) to work on /opt/airflow/dags/lcbo_pipeline_dag.py
[2026-09-26T21:49:42.824+0000] {processor.py:830} INFO - Processing file /opt/airflow/dags/lcbo_pipeline_dag.py for tasks to queue
[2026-09-26T21:49:42.826+0000] {logging_mixin.py:188} INFO - [2026-09-26T21:49:42.826+0000] {dagbag.py:545} INFO - Filling up the DagBag from /opt/airflow/dags/lcbo_pipeline_dag.py
[2026-09-26T21:49:42.867+0000] {processor.py:840} INFO - DAG(s) 'medallion_settlement_pipeline' retrieved from /opt/airflow/dags/lcbo_pipeline_dag.py
[2026-09-26T21:49:42.893+0000] {logging_mixin.py:188} INFO - [2026-09-26T21:49:42.893+0000] {dag.py:3089} INFO - Sync 1 DAGs
[2026-09-26T21:49:42.907+0000] {logging_mixin.py:188} INFO - [2026-09-26T21:49:42.906+0000] {dag.py:3947} INFO - Setting next_dagrun for medallion_settlement_pipeline to None, run_after=None
[2026-09-26T21:49:42.926+0000] {processor.py:183} INFO - Processing /opt/airflow/dags/lcbo_pipeline_dag.py took 0.107 seconds
[2026-09-26T21:50:13.011+0000] {processor.py:161} INFO - Started process (PID=3238) to work on /opt/airflow/dags/lcbo_pipeline_dag.py
[2026-09-26T21:50:13.013+0000] {processor.py:830} INFO - Processing file /opt/airflow/dags/lcbo_pipeline_dag.py for tasks to queue
[2026-09-26T21:50:13.015+0000] {logging_mixin.py:188} INFO - [2026-09-26T21:50:13.014+0000] {dagbag.py:545} INFO - Filling up the DagBag from /opt/airflow/dags/lcbo_pipeline_dag.py
[2026-09-26T21:50:13.047+0000] {processor.py:840} INFO - DAG(s) 'medallion_settlement_pipeline' retrieved from /opt/airflow/dags/lcbo_pipeline_dag.py
[2026-09-26T21:50:13.065+0000] {logging_mixin.py:188} INFO - [2026-09-26T21:50:13.065+0000] {dag.py:3089} INFO - Sync 1 DAGs
[2026-09-26T21:50:13.074+0000] {logging_mixin.py:188} INFO - [2026-09-26T21:50:13.074+0000] {dag.py:3947} INFO - Setting next_dagrun for medallion_settlement_pipeline to None, run_after=None
[2026-09-26T21:50:13.092+0000] {processor.py:183} INFO - Processing /opt/airflow/dags/lcbo_pipeline_dag.py took 0.085 seconds
[2026-09-26T21:50:43.278+0000] {processor.py:161} INFO - Started process (PID=3249) to work on /opt/airflow/dags/lcbo_pipeline_dag.py
[2026-09-26T21:50:43.279+0000] {processor.py:830} INFO - Processing file /opt/airflow/dags/lcbo_pipeline_dag.py for tasks to queue
[2026-09-26T21:50:43.281+0000] {logging_mixin.py:188} INFO - [2026-09-26T21:50:43.280+0000] {dagbag.py:545} INFO - Filling up the DagBag from /opt/airflow/dags/lcbo_pipeline_dag.py
[2026-09-26T21:50:43.311+0000] {processor.py:840} INFO - DAG(s) 'medallion_settlement_pipeline' retrieved from /opt/airflow/dags/lcbo_pipeline_dag.py
[2026-09-26T21:50:43.327+0000] {logging_mixin.py:188} INFO - [2026-09-26T21:50:43.327+0000] {dag.py:3089} INFO - Sync 1 DAGs
[2026-09-26T21:50:43.336+0000] {logging_mixin.py:188} INFO - [2026-09-26T21:50:43.336+0000] {dag.py:3947} INFO - Setting next_dagrun for medallion_settlement_pipeline to None, run_after=None
[2026-09-26T21:50:43.351+0000] {processor.py:183} INFO - Processing /opt/airflow/dags/lcbo_pipeline_dag.py took 0.077 seconds
[2026-09-26T21:51:13.471+0000] {processor.py:161} INFO - Started process (PID=3260) to work on /opt/airflow/dags/lcbo_pipeline_dag.py
[2026-09-26T21:51:13.472+0000] {processor.py:830} INFO - Processing file /opt/airflow/dags/lcbo_pipeline_dag.py for tasks to queue
[2026-09-26T21:51:13.475+0000] {logging_mixin.py:188} INFO - [2026-09-26T21:51:13.474+0000] {dagbag.py:545} INFO - Filling up the DagBag from /opt/airflow/dags/lcbo_pipeline_dag.py
[2026-09-26T21:51:13.507+0000] {processor.py:840} INFO - DAG(s) 'medallion_settlement_pipeline' retrieved from /opt/airflow/dags/lcbo_pipeline_dag.py
[2026-09-26T21:51:13.523+0000] {logging_mixin.py:188} INFO - [2026-09-26T21:51:13.523+0000] {dag.py:3089} INFO - Sync 1 DAGs
[2026-09-26T21:51:13.534+0000] {logging_mixin.py:188} INFO - [2026-09-26T21:51:13.534+0000] {dag.py:3947} INFO - Setting next_dagrun for medallion_settlement_pipeline to None, run_after=None
[2026-09-26T21:51:13.550+0000] {processor.py:183} INFO - Processing /opt/airflow/dags/lcbo_pipeline_dag.py took 0.083 seconds
[2026-09-26T21:51:43.700+0000] {processor.py:161} INFO - Started process (PID=3271) to work on /opt/airflow/dags/lcbo_pipeline_dag.py
[2026-09-26T21:51:43.701+0000] {processor.py:830} INFO - Processing file /opt/airflow/dags/lcbo_pipeline_dag.py for tasks to queue
[2026-09-26T21:51:43.703+0000] {logging_mixin.py:188} INFO - [2026-09-26T21:51:43.702+0000] {dagbag.py:545} INFO - Filling up the DagBag from /opt/airflow/dags/lcbo_pipeline_dag.py
[2026-09-26T21:51:43.735+0000] {processor.py:840} INFO - DAG(s) 'medallion_settlement_pipeline' retrieved from /opt/airflow/dags/lcbo_pipeline_dag.py
[2026-09-26T21:51:43.752+0000] {logging_mixin.py:188} INFO - [2026-09-26T21:51:43.752+0000] {dag.py:3089} INFO - Sync 1 DAGs
[2026-09-26T21:51:43.762+0000] {logging_mixin.py:188} INFO - [2026-09-26T21:51:43.762+0000] {dag.py:3947} INFO - Setting next_dagrun for medallion_settlement_pipeline to None, run_after=None
[2026-09-26T21:51:43.779+0000] {processor.py:183} INFO - Processing /opt/airflow/dags/lcbo_pipeline_dag.py took 0.083 seconds
[2026-09-26T21:52:13.915+0000] {processor.py:161} INFO - Started process (PID=3282) to work on /opt/airflow/dags/lcbo_pipeline_dag.py
[2026-09-26T21:52:13.916+0000] {processor.py:830} INFO - Processing file /opt/airflow/dags/lcbo_pipeline_dag.py for tasks to queue
[2026-09-26T21:52:13.918+0000] {logging_mixin.py:188} INFO - [2026-09-26T21:52:13.918+0000] {dagbag.py:545} INFO - Filling up the DagBag from /opt/airflow/dags/lcbo_pipeline_dag.py
[2026-09-26T21:52:13.953+0000] {processor.py:840} INFO - DAG(s) 'medallion_settlement_pipeline' retrieved from /opt/airflow/dags/lcbo_pipeline_dag.py
[2026-09-26T21:52:13.971+0000] {logging_mixin.py:188} INFO - [2026-09-26T21:52:13.971+0000] {dag.py:3089} INFO - Sync 1 DAGs
[2026-09-26T21:52:13.983+0000] {logging_mixin.py:188} INFO - [2026-09-26T21:52:13.983+0000] {dag.py:3947} INFO - Setting next_dagrun for medallion_settlement_pipeline to None, run_after=None
[2026-09-26T21:52:14.000+0000] {processor.py:183} INFO - Processing /opt/airflow/dags/lcbo_pipeline_dag.py took 0.090 seconds
[2026-09-26T21:52:44.156+0000] {processor.py:161} INFO - Started process (PID=3293) to work on /opt/airflow/dags/lcbo_pipeline_dag.py
[2026-09-26T21:52:44.157+0000] {processor.py:830} INFO - Processing file /opt/airflow/dags/lcbo_pipeline_dag.py for tasks to queue
[2026-09-26T21:52:44.159+0000] {logging_mixin.py:188} INFO - [2026-09-26T21:52:44.158+0000] {dagbag.py:545} INFO - Filling up the DagBag from /opt/airflow/dags/lcbo_pipeline_dag.py
[2026-09-26T21:52:44.191+0000] {processor.py:840} INFO - DAG(s) 'medallion_settlement_pipeline' retrieved from /opt/airflow/dags/lcbo_pipeline_dag.py
[2026-09-26T21:52:44.209+0000] {logging_mixin.py:188} INFO - [2026-09-26T21:52:44.208+0000] {dag.py:3089} INFO - Sync 1 DAGs
[2026-09-26T21:52:44.219+0000] {logging_mixin.py:188} INFO - [2026-09-26T21:52:44.219+0000] {dag.py:3947} INFO - Setting next_dagrun for medallion_settlement_pipeline to None, run_after=None
[2026-09-26T21:52:44.236+0000] {processor.py:183} INFO - Processing /opt/airflow/dags/lcbo_pipeline_dag.py took 0.085 seconds
[2026-09-26T21:53:14.407+0000] {processor.py:161} INFO - Started process (PID=3304) to work on /opt/airflow/dags/lcbo_pipeline_dag.py
[2026-09-26T21:53:14.408+0000] {processor.py:830} INFO - Processing file /opt/airflow/dags/lcbo_pipeline_dag.py for tasks to queue
[2026-09-26T21:53:14.409+0000] {logging_mixin.py:188} INFO - [2026-09-26T21:53:14.409+0000] {dagbag.py:545} INFO - Filling up the DagBag from /opt/airflow/dags/lcbo_pipeline_dag.py
[2026-09-26T21:53:14.440+0000] {processor.py:840} INFO - DAG(s) 'medallion_settlement_pipeline' retrieved from /opt/airflow/dags/lcbo_pipeline_dag.py
[2026-09-26T21:53:14.456+0000] {logging_mixin.py:188} INFO - [2026-09-26T21:53:14.456+0000] {dag.py:3089} INFO - Sync 1 DAGs
[2026-09-26T21:53:14.467+0000] {logging_mixin.py:188} INFO - [2026-09-26T21:53:14.466+0000] {dag.py:3947} INFO - Setting next_dagrun for medallion_settlement_pipeline to None, run_after=None
[2026-09-26T21:53:14.482+0000] {processor.py:183} INFO - Processing /opt/airflow/dags/lcbo_pipeline_dag.py took 0.079 seconds
[2026-09-26T21:53:44.614+0000] {processor.py:161} INFO - Started process (PID=3315) to work on /opt/airflow/dags/lcbo_pipeline_dag.py
[2026-09-26T21:53:44.615+0000] {processor.py:830} INFO - Processing file /opt/airflow/dags/lcbo_pipeline_dag.py for tasks to queue
[2026-09-26T21:53:44.617+0000] {logging_mixin.py:188} INFO - [2026-09-26T21:53:44.617+0000] {dagbag.py:545} INFO - Filling up the DagBag from /opt/airflow/dags/lcbo_pipeline_dag.py
[2026-09-26T21:53:44.654+0000] {processor.py:840} INFO - DAG(s) 'medallion_settlement_pipeline' retrieved from /opt/airflow/dags/lcbo_pipeline_dag.py
[2026-09-26T21:53:44.674+0000] {logging_mixin.py:188} INFO - [2026-09-26T21:53:44.674+0000] {dag.py:3089} INFO - Sync 1 DAGs
[2026-09-26T21:53:44.686+0000] {logging_mixin.py:188} INFO - [2026-09-26T21:53:44.686+0000] {dag.py:3947} INFO - Setting next_dagrun for medallion_settlement_pipeline to None, run_after=None
[2026-09-26T21:53:44.705+0000] {processor.py:183} INFO - Processing /opt/airflow/dags/lcbo_pipeline_dag.py took 0.096 seconds
[2026-09-26T21:54:14.848+0000] {processor.py:161} INFO - Started process (PID=3326) to work on /opt/airflow/dags/lcbo_pipeline_dag.py
[2026-09-26T21:54:14.849+0000] {processor.py:830} INFO - Processing file /opt/airflow/dags/lcbo_pipeline_dag.py for tasks to queue
[2026-09-26T21:54:14.851+0000] {logging_mixin.py:188} INFO - [2026-09-26T21:54:14.851+0000] {dagbag.py:545} INFO - Filling up the DagBag from /opt/airflow/dags/lcbo_pipeline_dag.py
[2026-09-26T21:54:14.884+0000] {processor.py:840} INFO - DAG(s) 'medallion_settlement_pipeline' retrieved from /opt/airflow/dags/lcbo_pipeline_dag.py
[2026-09-26T21:54:14.901+0000] {logging_mixin.py:188} INFO - [2026-09-26T21:54:14.901+0000] {dag.py:3089} INFO - Sync 1 DAGs
[2026-09-26T21:54:14.911+0000] {logging_mixin.py:188} INFO - [2026-09-26T21:54:14.911+0000] {dag.py:3947} INFO - Setting next_dagrun for medallion_settlement_pipeline to None, run_after=None
[2026-09-26T21:54:14.927+0000] {processor.py:183} INFO - Processing /opt/airflow/dags/lcbo_pipeline_dag.py took 0.083 seconds
[2026-09-26T21:54:45.088+0000] {processor.py:161} INFO - Started process (PID=3337) to work on /opt/airflow/dags/lcbo_pipeline_dag.py
[2026-09-26T21:54:45.089+0000] {processor.py:830} INFO - Processing file /opt/airflow/dags/lcbo_pipeline_dag.py for tasks to queue
[2026-09-26T21:54:45.091+0000] {logging_mixin.py:188} INFO - [2026-09-26T21:54:45.091+0000] {dagbag.py:545} INFO - Filling up the DagBag from /opt/airflow/dags/lcbo_pipeline_dag.py
[2026-09-26T21:54:45.124+0000] {processor.py:840} INFO - DAG(s) 'medallion_settlement_pipeline' retrieved from /opt/airflow/dags/lcbo_pipeline_dag.py
[2026-09-26T21:54:45.139+0000] {logging_mixin.py:188} INFO - [2026-09-26T21:54:45.139+0000] {dag.py:3089} INFO - Sync 1 DAGs
[2026-09-26T21:54:45.164+0000] {logging_mixin.py:188} INFO - [2026-09-26T21:54:45.163+0000] {dag.py:3947} INFO - Setting next_dagrun for medallion_settlement_pipeline to None, run_after=None
[2026-09-26T21:54:45.192+0000] {processor.py:183} INFO - Processing /opt/airflow/dags/lcbo_pipeline_dag.py took 0.109 seconds
[2026-09-26T21:55:15.298+0000] {processor.py:161} INFO - Started process (PID=3348) to work on /opt/airflow/dags/lcbo_pipeline_dag.py
[2026-09-26T21:55:15.299+0000] {processor.py:830} INFO - Processing file /opt/airflow/dags/lcbo_pipeline_dag.py for tasks to queue
[2026-09-26T21:55:15.301+0000] {logging_mixin.py:188} INFO - [2026-09-26T21:55:15.301+0000] {dagbag.py:545} INFO - Filling up the DagBag from /opt/airflow/dags/lcbo_pipeline_dag.py
[2026-09-26T21:55:15.334+0000] {processor.py:840} INFO - DAG(s) 'medallion_settlement_pipeline' retrieved from /opt/airflow/dags/lcbo_pipeline_dag.py
[2026-09-26T21:55:15.365+0000] {logging_mixin.py:188} INFO - [2026-09-26T21:55:15.365+0000] {dag.py:3089} INFO - Sync 1 DAGs
[2026-09-26T21:55:15.394+0000] {logging_mixin.py:188} INFO - [2026-09-26T21:55:15.394+0000] {dag.py:3947} INFO - Setting next_dagrun for medallion_settlement_pipeline to None, run_after=None
[2026-09-26T21:55:15.427+0000] {processor.py:183} INFO - Processing /opt/airflow/dags/lcbo_pipeline_dag.py took 0.132 seconds
[2026-09-26T21:55:45.561+0000] {processor.py:161} INFO - Started process (PID=3359) to work on /opt/airflow/dags/lcbo_pipeline_dag.py
[2026-09-26T21:55:45.562+0000] {processor.py:830} INFO - Processing file /opt/airflow/dags/lcbo_pipeline_dag.py for tasks to queue
[2026-09-26T21:55:45.564+0000] {logging_mixin.py:188} INFO - [2026-09-26T21:55:45.563+0000] {dagbag.py:545} INFO - Filling up the DagBag from /opt/airflow/dags/lcbo_pipeline_dag.py
[2026-09-26T21:55:45.596+0000] {processor.py:840} INFO - DAG(s) 'medallion_settlement_pipeline' retrieved from /opt/airflow/dags/lcbo_pipeline_dag.py
[2026-09-26T21:55:45.612+0000] {logging_mixin.py:188} INFO - [2026-09-26T21:55:45.612+0000] {dag.py:3089} INFO - Sync 1 DAGs
[2026-09-26T21:55:45.622+0000] {logging_mixin.py:188} INFO - [2026-09-26T21:55:45.622+0000] {dag.py:3947} INFO - Setting next_dagrun for medallion_settlement_pipeline to None, run_after=None
[2026-09-26T21:55:45.643+0000] {processor.py:183} INFO - Processing /opt/airflow/dags/lcbo_pipeline_dag.py took 0.086 seconds
[2026-09-26T21:56:15.801+0000] {processor.py:161} INFO - Started process (PID=3370) to work on /opt/airflow/dags/lcbo_pipeline_dag.py
[2026-09-26T21:56:15.802+0000] {processor.py:830} INFO - Processing file /opt/airflow/dags/lcbo_pipeline_dag.py for tasks to queue
[2026-09-26T21:56:15.804+0000] {logging_mixin.py:188} INFO - [2026-09-26T21:56:15.804+0000] {dagbag.py:545} INFO - Filling up the DagBag from /opt/airflow/dags/lcbo_pipeline_dag.py
[2026-09-26T21:56:15.836+0000] {processor.py:840} INFO - DAG(s) 'medallion_settlement_pipeline' retrieved from /opt/airflow/dags/lcbo_pipeline_dag.py
[2026-09-26T21:56:15.854+0000] {logging_mixin.py:188} INFO - [2026-09-26T21:56:15.853+0000] {dag.py:3089} INFO - Sync 1 DAGs
[2026-09-26T21:56:15.865+0000] {logging_mixin.py:188} INFO - [2026-09-26T21:56:15.865+0000] {dag.py:3947} INFO - Setting next_dagrun for medallion_settlement_pipeline to None, run_after=None
[2026-09-26T21:56:15.883+0000] {processor.py:183} INFO - Processing /opt/airflow/dags/lcbo_pipeline_dag.py took 0.085 seconds
[2026-09-26T21:56:46.010+0000] {processor.py:161} INFO - Started process (PID=3381) to work on /opt/airflow/dags/lcbo_pipeline_dag.py
[2026-09-26T21:56:46.011+0000] {processor.py:830} INFO - Processing file /opt/airflow/dags/lcbo_pipeline_dag.py for tasks to queue
[2026-09-26T21:56:46.013+0000] {logging_mixin.py:188} INFO - [2026-09-26T21:56:46.013+0000] {dagbag.py:545} INFO - Filling up the DagBag from /opt/airflow/dags/lcbo_pipeline_dag.py
[2026-09-26T21:56:46.043+0000] {processor.py:840} INFO - DAG(s) 'medallion_settlement_pipeline' retrieved from /opt/airflow/dags/lcbo_pipeline_dag.py
[2026-09-26T21:56:46.060+0000] {logging_mixin.py:188} INFO - [2026-09-26T21:56:46.060+0000] {dag.py:3089} INFO - Sync 1 DAGs
[2026-09-26T21:56:46.070+0000] {logging_mixin.py:188} INFO - [2026-09-26T21:56:46.070+0000] {dag.py:3947} INFO - Setting next_dagrun for medallion_settlement_pipeline to None, run_after=None
[2026-09-26T21:56:46.086+0000] {processor.py:183} INFO - Processing /opt/airflow/dags/lcbo_pipeline_dag.py took 0.080 seconds
[2026-09-26T21:57:16.261+0000] {processor.py:161} INFO - Started process (PID=3392) to work on /opt/airflow/dags/lcbo_pipeline_dag.py
[2026-09-26T21:57:16.262+0000] {processor.py:830} INFO - Processing file /opt/airflow/dags/lcbo_pipeline_dag.py for tasks to queue
[2026-09-26T21:57:16.264+0000] {logging_mixin.py:188} INFO - [2026-09-26T21:57:16.263+0000] {dagbag.py:545} INFO - Filling up the DagBag from /opt/airflow/dags/lcbo_pipeline_dag.py
[2026-09-26T21:57:16.299+0000] {processor.py:840} INFO - DAG(s) 'medallion_settlement_pipeline' retrieved from /opt/airflow/dags/lcbo_pipeline_dag.py
[2026-09-26T21:57:16.318+0000] {logging_mixin.py:188} INFO - [2026-09-26T21:57:16.318+0000] {dag.py:3089} INFO - Sync 1 DAGs
[2026-09-26T21:57:16.330+0000] {logging_mixin.py:188} INFO - [2026-09-26T21:57:16.329+0000] {dag.py:3947} INFO - Setting next_dagrun for medallion_settlement_pipeline to None, run_after=None
[2026-09-26T21:57:16.348+0000] {processor.py:183} INFO - Processing /opt/airflow/dags/lcbo_pipeline_dag.py took 0.092 seconds
[2026-09-26T21:57:46.466+0000] {processor.py:161} INFO - Started process (PID=3403) to work on /opt/airflow/dags/lcbo_pipeline_dag.py
[2026-09-26T21:57:46.467+0000] {processor.py:830} INFO - Processing file /opt/airflow/dags/lcbo_pipeline_dag.py for tasks to queue
[2026-09-26T21:57:46.469+0000] {logging_mixin.py:188} INFO - [2026-09-26T21:57:46.469+0000] {dagbag.py:545} INFO - Filling up the DagBag from /opt/airflow/dags/lcbo_pipeline_dag.py
[2026-09-26T21:57:46.502+0000] {processor.py:840} INFO - DAG(s) 'medallion_settlement_pipeline' retrieved from /opt/airflow/dags/lcbo_pipeline_dag.py
[2026-09-26T21:57:46.519+0000] {logging_mixin.py:188} INFO - [2026-09-26T21:57:46.519+0000] {dag.py:3089} INFO - Sync 1 DAGs
[2026-09-26T21:57:46.530+0000] {logging_mixin.py:188} INFO - [2026-09-26T21:57:46.530+0000] {dag.py:3947} INFO - Setting next_dagrun for medallion_settlement_pipeline to None, run_after=None
[2026-09-26T21:57:46.546+0000] {processor.py:183} INFO - Processing /opt/airflow/dags/lcbo_pipeline_dag.py took 0.085 seconds
[2026-09-26T21:58:16.756+0000] {processor.py:161} INFO - Started process (PID=3414) to work on /opt/airflow/dags/lcbo_pipeline_dag.py
[2026-09-26T21:58:16.757+0000] {processor.py:830} INFO - Processing file /opt/airflow/dags/lcbo_pipeline_dag.py for tasks to queue
[2026-09-26T21:58:16.759+0000] {logging_mixin.py:188} INFO - [2026-09-26T21:58:16.759+0000] {dagbag.py:545} INFO - Filling up the DagBag from /opt/airflow/dags/lcbo_pipeline_dag.py
[2026-09-26T21:58:16.791+0000] {processor.py:840} INFO - DAG(s) 'medallion_settlement_pipeline' retrieved from /opt/airflow/dags/lcbo_pipeline_dag.py
[2026-09-26T21:58:16.810+0000] {logging_mixin.py:188} INFO - [2026-09-26T21:58:16.810+0000] {dag.py:3089} INFO - Sync 1 DAGs
[2026-09-26T21:58:16.819+0000] {logging_mixin.py:188} INFO - [2026-09-26T21:58:16.819+0000] {dag.py:3947} INFO - Setting next_dagrun for medallion_settlement_pipeline to None, run_after=None
[2026-09-26T21:58:16.837+0000] {processor.py:183} INFO - Processing /opt/airflow/dags/lcbo_pipeline_dag.py took 0.085 seconds
[2026-09-26T21:58:46.955+0000] {processor.py:161} INFO - Started process (PID=3425) to work on /opt/airflow/dags/lcbo_pipeline_dag.py
[2026-09-26T21:58:46.956+0000] {processor.py:830} INFO - Processing file /opt/airflow/dags/lcbo_pipeline_dag.py for tasks to queue
[2026-09-26T21:58:46.959+0000] {logging_mixin.py:188} INFO - [2026-09-26T21:58:46.958+0000] {dagbag.py:545} INFO - Filling up the DagBag from /opt/airflow/dags/lcbo_pipeline_dag.py
[2026-09-26T21:58:46.994+0000] {processor.py:840} INFO - DAG(s) 'medallion_settlement_pipeline' retrieved from /opt/airflow/dags/lcbo_pipeline_dag.py
[2026-09-26T21:58:47.014+0000] {logging_mixin.py:188} INFO - [2026-09-26T21:58:47.013+0000] {dag.py:3089} INFO - Sync 1 DAGs
[2026-09-26T21:58:47.024+0000] {logging_mixin.py:188} INFO - [2026-09-26T21:58:47.023+0000] {dag.py:3947} INFO - Setting next_dagrun for medallion_settlement_pipeline to None, run_after=None
[2026-09-26T21:58:47.039+0000] {processor.py:183} INFO - Processing /opt/airflow/dags/lcbo_pipeline_dag.py took 0.090 seconds
[2026-09-26T21:59:17.220+0000] {processor.py:161} INFO - Started process (PID=3436) to work on /opt/airflow/dags/lcbo_pipeline_dag.py
[2026-09-26T21:59:17.222+0000] {processor.py:830} INFO - Processing file /opt/airflow/dags/lcbo_pipeline_dag.py for tasks to queue
[2026-09-26T21:59:17.223+0000] {logging_mixin.py:188} INFO - [2026-09-26T21:59:17.223+0000] {dagbag.py:545} INFO - Filling up the DagBag from /opt/airflow/dags/lcbo_pipeline_dag.py
[2026-09-26T21:59:17.256+0000] {processor.py:840} INFO - DAG(s) 'medallion_settlement_pipeline' retrieved from /opt/airflow/dags/lcbo_pipeline_dag.py
[2026-09-26T21:59:17.271+0000] {logging_mixin.py:188} INFO - [2026-09-26T21:59:17.271+0000] {dag.py:3089} INFO - Sync 1 DAGs
[2026-09-26T21:59:17.281+0000] {logging_mixin.py:188} INFO - [2026-09-26T21:59:17.280+0000] {dag.py:3947} INFO - Setting next_dagrun for medallion_settlement_pipeline to None, run_after=None
[2026-09-26T21:59:17.297+0000] {processor.py:183} INFO - Processing /opt/airflow/dags/lcbo_pipeline_dag.py took 0.082 seconds
[2026-09-26T21:59:47.449+0000] {processor.py:161} INFO - Started process (PID=3447) to work on /opt/airflow/dags/lcbo_pipeline_dag.py
[2026-09-26T21:59:47.450+0000] {processor.py:830} INFO - Processing file /opt/airflow/dags/lcbo_pipeline_dag.py for tasks to queue
[2026-09-26T21:59:47.452+0000] {logging_mixin.py:188} INFO - [2026-09-26T21:59:47.452+0000] {dagbag.py:545} INFO - Filling up the DagBag from /opt/airflow/dags/lcbo_pipeline_dag.py
[2026-09-26T21:59:47.486+0000] {processor.py:840} INFO - DAG(s) 'medallion_settlement_pipeline' retrieved from /opt/airflow/dags/lcbo_pipeline_dag.py
[2026-09-26T21:59:47.503+0000] {logging_mixin.py:188} INFO - [2026-09-26T21:59:47.502+0000] {dag.py:3089} INFO - Sync 1 DAGs
[2026-09-26T21:59:47.513+0000] {logging_mixin.py:188} INFO - [2026-09-26T21:59:47.513+0000] {dag.py:3947} INFO - Setting next_dagrun for medallion_settlement_pipeline to None, run_after=None
[2026-09-26T21:59:47.530+0000] {processor.py:183} INFO - Processing /opt/airflow/dags/lcbo_pipeline_dag.py took 0.085 seconds
[2026-09-26T22:00:17.702+0000] {processor.py:161} INFO - Started process (PID=3458) to work on /opt/airflow/dags/lcbo_pipeline_dag.py
[2026-09-26T22:00:17.704+0000] {processor.py:830} INFO - Processing file /opt/airflow/dags/lcbo_pipeline_dag.py for tasks to queue
[2026-09-26T22:00:17.705+0000] {logging_mixin.py:188} INFO - [2026-09-26T22:00:17.705+0000] {dagbag.py:545} INFO - Filling up the DagBag from /opt/airflow/dags/lcbo_pipeline_dag.py
[2026-09-26T22:00:17.737+0000] {processor.py:840} INFO - DAG(s) 'medallion_settlement_pipeline' retrieved from /opt/airflow/dags/lcbo_pipeline_dag.py
[2026-09-26T22:00:17.755+0000] {logging_mixin.py:188} INFO - [2026-09-26T22:00:17.755+0000] {dag.py:3089} INFO - Sync 1 DAGs
[2026-09-26T22:00:17.766+0000] {logging_mixin.py:188} INFO - [2026-09-26T22:00:17.766+0000] {dag.py:3947} INFO - Setting next_dagrun for medallion_settlement_pipeline to None, run_after=None
[2026-09-26T22:00:17.784+0000] {processor.py:183} INFO - Processing /opt/airflow/dags/lcbo_pipeline_dag.py took 0.086 seconds
[2026-09-26T22:00:47.915+0000] {processor.py:161} INFO - Started process (PID=3469) to work on /opt/airflow/dags/lcbo_pipeline_dag.py
[2026-09-26T22:00:47.916+0000] {processor.py:830} INFO - Processing file /opt/airflow/dags/lcbo_pipeline_dag.py for tasks to queue
[2026-09-26T22:00:47.917+0000] {logging_mixin.py:188} INFO - [2026-09-26T22:00:47.917+0000] {dagbag.py:545} INFO - Filling up the DagBag from /opt/airflow/dags/lcbo_pipeline_dag.py
[2026-09-26T22:00:47.950+0000] {processor.py:840} INFO - DAG(s) 'medallion_settlement_pipeline' retrieved from /opt/airflow/dags/lcbo_pipeline_dag.py
[2026-09-26T22:00:47.967+0000] {logging_mixin.py:188} INFO - [2026-09-26T22:00:47.967+0000] {dag.py:3089} INFO - Sync 1 DAGs
[2026-09-26T22:00:47.976+0000] {logging_mixin.py:188} INFO - [2026-09-26T22:00:47.975+0000] {dag.py:3947} INFO - Setting next_dagrun for medallion_settlement_pipeline to None, run_after=None
[2026-09-26T22:00:47.992+0000] {processor.py:183} INFO - Processing /opt/airflow/dags/lcbo_pipeline_dag.py took 0.081 seconds
[2026-09-26T22:01:18.176+0000] {processor.py:161} INFO - Started process (PID=3480) to work on /opt/airflow/dags/lcbo_pipeline_dag.py
[2026-09-26T22:01:18.177+0000] {processor.py:830} INFO - Processing file /opt/airflow/dags/lcbo_pipeline_dag.py for tasks to queue
[2026-09-26T22:01:18.179+0000] {logging_mixin.py:188} INFO - [2026-09-26T22:01:18.179+0000] {dagbag.py:545} INFO - Filling up the DagBag from /opt/airflow/dags/lcbo_pipeline_dag.py
[2026-09-26T22:01:18.211+0000] {processor.py:840} INFO - DAG(s) 'medallion_settlement_pipeline' retrieved from /opt/airflow/dags/lcbo_pipeline_dag.py
[2026-09-26T22:01:18.227+0000] {logging_mixin.py:188} INFO - [2026-09-26T22:01:18.227+0000] {dag.py:3089} INFO - Sync 1 DAGs
[2026-09-26T22:01:18.236+0000] {logging_mixin.py:188} INFO - [2026-09-26T22:01:18.236+0000] {dag.py:3947} INFO - Setting next_dagrun for medallion_settlement_pipeline to None, run_after=None
[2026-09-26T22:01:18.254+0000] {processor.py:183} INFO - Processing /opt/airflow/dags/lcbo_pipeline_dag.py took 0.082 seconds
[2026-09-26T22:01:48.417+0000] {processor.py:161} INFO - Started process (PID=3491) to work on /opt/airflow/dags/lcbo_pipeline_dag.py
[2026-09-26T22:01:48.418+0000] {processor.py:830} INFO - Processing file /opt/airflow/dags/lcbo_pipeline_dag.py for tasks to queue
[2026-09-26T22:01:48.420+0000] {logging_mixin.py:188} INFO - [2026-09-26T22:01:48.420+0000] {dagbag.py:545} INFO - Filling up the DagBag from /opt/airflow/dags/lcbo_pipeline_dag.py
[2026-09-26T22:01:48.451+0000] {processor.py:840} INFO - DAG(s) 'medallion_settlement_pipeline' retrieved from /opt/airflow/dags/lcbo_pipeline_dag.py
[2026-09-26T22:01:48.467+0000] {logging_mixin.py:188} INFO - [2026-09-26T22:01:48.467+0000] {dag.py:3089} INFO - Sync 1 DAGs
[2026-09-26T22:01:48.478+0000] {logging_mixin.py:188} INFO - [2026-09-26T22:01:48.477+0000] {dag.py:3947} INFO - Setting next_dagrun for medallion_settlement_pipeline to None, run_after=None
[2026-09-26T22:01:48.494+0000] {processor.py:183} INFO - Processing /opt/airflow/dags/lcbo_pipeline_dag.py took 0.081 seconds
[2026-09-26T22:02:18.657+0000] {processor.py:161} INFO - Started process (PID=3502) to work on /opt/airflow/dags/lcbo_pipeline_dag.py
[2026-09-26T22:02:18.658+0000] {processor.py:830} INFO - Processing file /opt/airflow/dags/lcbo_pipeline_dag.py for tasks to queue
[2026-09-26T22:02:18.660+0000] {logging_mixin.py:188} INFO - [2026-09-26T22:02:18.660+0000] {dagbag.py:545} INFO - Filling up the DagBag from /opt/airflow/dags/lcbo_pipeline_dag.py
[2026-09-26T22:02:18.690+0000] {processor.py:840} INFO - DAG(s) 'medallion_settlement_pipeline' retrieved from /opt/airflow/dags/lcbo_pipeline_dag.py
[2026-09-26T22:02:18.706+0000] {logging_mixin.py:188} INFO - [2026-09-26T22:02:18.705+0000] {dag.py:3089} INFO - Sync 1 DAGs
[2026-09-26T22:02:18.714+0000] {logging_mixin.py:188} INFO - [2026-09-26T22:02:18.714+0000] {dag.py:3947} INFO - Setting next_dagrun for medallion_settlement_pipeline to None, run_after=None
[2026-09-26T22:02:18.728+0000] {processor.py:183} INFO - Processing /opt/airflow/dags/lcbo_pipeline_dag.py took 0.075 seconds
[2026-09-26T22:02:48.906+0000] {processor.py:161} INFO - Started process (PID=3513) to work on /opt/airflow/dags/lcbo_pipeline_dag.py
[2026-09-26T22:02:48.907+0000] {processor.py:830} INFO - Processing file /opt/airflow/dags/lcbo_pipeline_dag.py for tasks to queue
[2026-09-26T22:02:48.909+0000] {logging_mixin.py:188} INFO - [2026-09-26T22:02:48.909+0000] {dagbag.py:545} INFO - Filling up the DagBag from /opt/airflow/dags/lcbo_pipeline_dag.py
[2026-09-26T22:02:48.939+0000] {processor.py:840} INFO - DAG(s) 'medallion_settlement_pipeline' retrieved from /opt/airflow/dags/lcbo_pipeline_dag.py
[2026-09-26T22:02:48.955+0000] {logging_mixin.py:188} INFO - [2026-09-26T22:02:48.955+0000] {dag.py:3089} INFO - Sync 1 DAGs
[2026-09-26T22:02:48.965+0000] {logging_mixin.py:188} INFO - [2026-09-26T22:02:48.965+0000] {dag.py:3947} INFO - Setting next_dagrun for medallion_settlement_pipeline to None, run_after=None
[2026-09-26T22:02:48.981+0000] {processor.py:183} INFO - Processing /opt/airflow/dags/lcbo_pipeline_dag.py took 0.078 seconds
[2026-09-26T22:03:19.181+0000] {processor.py:161} INFO - Started process (PID=3524) to work on /opt/airflow/dags/lcbo_pipeline_dag.py
[2026-09-26T22:03:19.182+0000] {processor.py:830} INFO - Processing file /opt/airflow/dags/lcbo_pipeline_dag.py for tasks to queue
[2026-09-26T22:03:19.183+0000] {logging_mixin.py:188} INFO - [2026-09-26T22:03:19.183+0000] {dagbag.py:545} INFO - Filling up the DagBag from /opt/airflow/dags/lcbo_pipeline_dag.py
[2026-09-26T22:03:19.215+0000] {processor.py:840} INFO - DAG(s) 'medallion_settlement_pipeline' retrieved from /opt/airflow/dags/lcbo_pipeline_dag.py
[2026-09-26T22:03:19.231+0000] {logging_mixin.py:188} INFO - [2026-09-26T22:03:19.231+0000] {dag.py:3089} INFO - Sync 1 DAGs
[2026-09-26T22:03:19.241+0000] {logging_mixin.py:188} INFO - [2026-09-26T22:03:19.241+0000] {dag.py:3947} INFO - Setting next_dagrun for medallion_settlement_pipeline to None, run_after=None
[2026-09-26T22:03:19.259+0000] {processor.py:183} INFO - Processing /opt/airflow/dags/lcbo_pipeline_dag.py took 0.082 seconds
[2026-09-26T22:03:49.418+0000] {processor.py:161} INFO - Started process (PID=3535) to work on /opt/airflow/dags/lcbo_pipeline_dag.py
[2026-09-26T22:03:49.419+0000] {processor.py:830} INFO - Processing file /opt/airflow/dags/lcbo_pipeline_dag.py for tasks to queue
[2026-09-26T22:03:49.421+0000] {logging_mixin.py:188} INFO - [2026-09-26T22:03:49.421+0000] {dagbag.py:545} INFO - Filling up the DagBag from /opt/airflow/dags/lcbo_pipeline_dag.py
[2026-09-26T22:03:49.455+0000] {processor.py:840} INFO - DAG(s) 'medallion_settlement_pipeline' retrieved from /opt/airflow/dags/lcbo_pipeline_dag.py
[2026-09-26T22:03:49.472+0000] {logging_mixin.py:188} INFO - [2026-09-26T22:03:49.471+0000] {dag.py:3089} INFO - Sync 1 DAGs
[2026-09-26T22:03:49.481+0000] {logging_mixin.py:188} INFO - [2026-09-26T22:03:49.481+0000] {dag.py:3947} INFO - Setting next_dagrun for medallion_settlement_pipeline to None, run_after=None
[2026-09-26T22:03:49.497+0000] {processor.py:183} INFO - Processing /opt/airflow/dags/lcbo_pipeline_dag.py took 0.083 seconds
[2026-09-26T22:04:19.691+0000] {processor.py:161} INFO - Started process (PID=3546) to work on /opt/airflow/dags/lcbo_pipeline_dag.py
[2026-09-26T22:04:19.693+0000] {processor.py:830} INFO - Processing file /opt/airflow/dags/lcbo_pipeline_dag.py for tasks to queue
[2026-09-26T22:04:19.694+0000] {logging_mixin.py:188} INFO - [2026-09-26T22:04:19.694+0000] {dagbag.py:545} INFO - Filling up the DagBag from /opt/airflow/dags/lcbo_pipeline_dag.py
[2026-09-26T22:04:19.728+0000] {processor.py:840} INFO - DAG(s) 'medallion_settlement_pipeline' retrieved from /opt/airflow/dags/lcbo_pipeline_dag.py
[2026-09-26T22:04:19.745+0000] {logging_mixin.py:188} INFO - [2026-09-26T22:04:19.745+0000] {dag.py:3089} INFO - Sync 1 DAGs
[2026-09-26T22:04:19.755+0000] {logging_mixin.py:188} INFO - [2026-09-26T22:04:19.755+0000] {dag.py:3947} INFO - Setting next_dagrun for medallion_settlement_pipeline to None, run_after=None
[2026-09-26T22:04:19.772+0000] {processor.py:183} INFO - Processing /opt/airflow/dags/lcbo_pipeline_dag.py took 0.084 seconds
[2026-09-26T22:04:49.917+0000] {processor.py:161} INFO - Started process (PID=3557) to work on /opt/airflow/dags/lcbo_pipeline_dag.py
[2026-09-26T22:04:49.918+0000] {processor.py:830} INFO - Processing file /opt/airflow/dags/lcbo_pipeline_dag.py for tasks to queue
[2026-09-26T22:04:49.920+0000] {logging_mixin.py:188} INFO - [2026-09-26T22:04:49.920+0000] {dagbag.py:545} INFO - Filling up the DagBag from /opt/airflow/dags/lcbo_pipeline_dag.py
[2026-09-26T22:04:49.950+0000] {processor.py:840} INFO - DAG(s) 'medallion_settlement_pipeline' retrieved from /opt/airflow/dags/lcbo_pipeline_dag.py
[2026-09-26T22:04:49.967+0000] {logging_mixin.py:188} INFO - [2026-09-26T22:04:49.966+0000] {dag.py:3089} INFO - Sync 1 DAGs
[2026-09-26T22:04:49.976+0000] {logging_mixin.py:188} INFO - [2026-09-26T22:04:49.976+0000] {dag.py:3947} INFO - Setting next_dagrun for medallion_settlement_pipeline to None, run_after=None
[2026-09-26T22:04:49.991+0000] {processor.py:183} INFO - Processing /opt/airflow/dags/lcbo_pipeline_dag.py took 0.078 seconds
[2026-09-26T22:05:20.186+0000] {processor.py:161} INFO - Started process (PID=3568) to work on /opt/airflow/dags/lcbo_pipeline_dag.py
[2026-09-26T22:05:20.187+0000] {processor.py:830} INFO - Processing file /opt/airflow/dags/lcbo_pipeline_dag.py for tasks to queue
[2026-09-26T22:05:20.189+0000] {logging_mixin.py:188} INFO - [2026-09-26T22:05:20.189+0000] {dagbag.py:545} INFO - Filling up the DagBag from /opt/airflow/dags/lcbo_pipeline_dag.py
[2026-09-26T22:05:20.221+0000] {processor.py:840} INFO - DAG(s) 'medallion_settlement_pipeline' retrieved from /opt/airflow/dags/lcbo_pipeline_dag.py
[2026-09-26T22:05:20.239+0000] {logging_mixin.py:188} INFO - [2026-09-26T22:05:20.238+0000] {dag.py:3089} INFO - Sync 1 DAGs
[2026-09-26T22:05:20.249+0000] {logging_mixin.py:188} INFO - [2026-09-26T22:05:20.249+0000] {dag.py:3947} INFO - Setting next_dagrun for medallion_settlement_pipeline to None, run_after=None
[2026-09-26T22:05:20.266+0000] {processor.py:183} INFO - Processing /opt/airflow/dags/lcbo_pipeline_dag.py took 0.083 seconds
[2026-09-26T22:05:50.413+0000] {processor.py:161} INFO - Started process (PID=3579) to work on /opt/airflow/dags/lcbo_pipeline_dag.py
[2026-09-26T22:05:50.414+0000] {processor.py:830} INFO - Processing file /opt/airflow/dags/lcbo_pipeline_dag.py for tasks to queue
[2026-09-26T22:05:50.415+0000] {logging_mixin.py:188} INFO - [2026-09-26T22:05:50.415+0000] {dagbag.py:545} INFO - Filling up the DagBag from /opt/airflow/dags/lcbo_pipeline_dag.py
[2026-09-26T22:05:50.446+0000] {processor.py:840} INFO - DAG(s) 'medallion_settlement_pipeline' retrieved from /opt/airflow/dags/lcbo_pipeline_dag.py
[2026-09-26T22:05:50.461+0000] {logging_mixin.py:188} INFO - [2026-09-26T22:05:50.460+0000] {dag.py:3089} INFO - Sync 1 DAGs
[2026-09-26T22:05:50.471+0000] {logging_mixin.py:188} INFO - [2026-09-26T22:05:50.471+0000] {dag.py:3947} INFO - Setting next_dagrun for medallion_settlement_pipeline to None, run_after=None
[2026-09-26T22:05:50.487+0000] {processor.py:183} INFO - Processing /opt/airflow/dags/lcbo_pipeline_dag.py took 0.078 seconds
[2026-09-26T22:06:20.710+0000] {processor.py:161} INFO - Started process (PID=3590) to work on /opt/airflow/dags/lcbo_pipeline_dag.py
[2026-09-26T22:06:20.711+0000] {processor.py:830} INFO - Processing file /opt/airflow/dags/lcbo_pipeline_dag.py for tasks to queue
[2026-09-26T22:06:20.713+0000] {logging_mixin.py:188} INFO - [2026-09-26T22:06:20.713+0000] {dagbag.py:545} INFO - Filling up the DagBag from /opt/airflow/dags/lcbo_pipeline_dag.py
[2026-09-26T22:06:20.759+0000] {processor.py:840} INFO - DAG(s) 'medallion_settlement_pipeline' retrieved from /opt/airflow/dags/lcbo_pipeline_dag.py
[2026-09-26T22:06:20.801+0000] {logging_mixin.py:188} INFO - [2026-09-26T22:06:20.801+0000] {dag.py:3089} INFO - Sync 1 DAGs
[2026-09-26T22:06:20.823+0000] {logging_mixin.py:188} INFO - [2026-09-26T22:06:20.822+0000] {dag.py:3947} INFO - Setting next_dagrun for medallion_settlement_pipeline to None, run_after=None
[2026-09-26T22:06:20.847+0000] {processor.py:183} INFO - Processing /opt/airflow/dags/lcbo_pipeline_dag.py took 0.141 seconds
[2026-09-26T22:06:50.913+0000] {processor.py:161} INFO - Started process (PID=3601) to work on /opt/airflow/dags/lcbo_pipeline_dag.py
[2026-09-26T22:06:50.914+0000] {processor.py:830} INFO - Processing file /opt/airflow/dags/lcbo_pipeline_dag.py for tasks to queue
[2026-09-26T22:06:50.916+0000] {logging_mixin.py:188} INFO - [2026-09-26T22:06:50.916+0000] {dagbag.py:545} INFO - Filling up the DagBag from /opt/airflow/dags/lcbo_pipeline_dag.py
[2026-09-26T22:06:50.947+0000] {processor.py:840} INFO - DAG(s) 'medallion_settlement_pipeline' retrieved from /opt/airflow/dags/lcbo_pipeline_dag.py
[2026-09-26T22:06:50.964+0000] {logging_mixin.py:188} INFO - [2026-09-26T22:06:50.964+0000] {dag.py:3089} INFO - Sync 1 DAGs
[2026-09-26T22:06:50.975+0000] {logging_mixin.py:188} INFO - [2026-09-26T22:06:50.975+0000] {dag.py:3947} INFO - Setting next_dagrun for medallion_settlement_pipeline to None, run_after=None
[2026-09-26T22:06:50.995+0000] {processor.py:183} INFO - Processing /opt/airflow/dags/lcbo_pipeline_dag.py took 0.086 seconds
[2026-09-26T22:07:21.103+0000] {processor.py:161} INFO - Started process (PID=3612) to work on /opt/airflow/dags/lcbo_pipeline_dag.py
[2026-09-26T22:07:21.104+0000] {processor.py:830} INFO - Processing file /opt/airflow/dags/lcbo_pipeline_dag.py for tasks to queue
[2026-09-26T22:07:21.106+0000] {logging_mixin.py:188} INFO - [2026-09-26T22:07:21.105+0000] {dagbag.py:545} INFO - Filling up the DagBag from /opt/airflow/dags/lcbo_pipeline_dag.py
[2026-09-26T22:07:21.138+0000] {processor.py:840} INFO - DAG(s) 'medallion_settlement_pipeline' retrieved from /opt/airflow/dags/lcbo_pipeline_dag.py
[2026-09-26T22:07:21.154+0000] {logging_mixin.py:188} INFO - [2026-09-26T22:07:21.153+0000] {dag.py:3089} INFO - Sync 1 DAGs
[2026-09-26T22:07:21.162+0000] {logging_mixin.py:188} INFO - [2026-09-26T22:07:21.162+0000] {dag.py:3947} INFO - Setting next_dagrun for medallion_settlement_pipeline to None, run_after=None
[2026-09-26T22:07:21.176+0000] {processor.py:183} INFO - Processing /opt/airflow/dags/lcbo_pipeline_dag.py took 0.077 seconds
[2026-09-26T22:07:51.376+0000] {processor.py:161} INFO - Started process (PID=3623) to work on /opt/airflow/dags/lcbo_pipeline_dag.py
[2026-09-26T22:07:51.377+0000] {processor.py:830} INFO - Processing file /opt/airflow/dags/lcbo_pipeline_dag.py for tasks to queue
[2026-09-26T22:07:51.379+0000] {logging_mixin.py:188} INFO - [2026-09-26T22:07:51.379+0000] {dagbag.py:545} INFO - Filling up the DagBag from /opt/airflow/dags/lcbo_pipeline_dag.py
[2026-09-26T22:07:51.414+0000] {processor.py:840} INFO - DAG(s) 'medallion_settlement_pipeline' retrieved from /opt/airflow/dags/lcbo_pipeline_dag.py
[2026-09-26T22:07:51.434+0000] {logging_mixin.py:188} INFO - [2026-09-26T22:07:51.434+0000] {dag.py:3089} INFO - Sync 1 DAGs
[2026-09-26T22:07:51.446+0000] {logging_mixin.py:188} INFO - [2026-09-26T22:07:51.446+0000] {dag.py:3947} INFO - Setting next_dagrun for medallion_settlement_pipeline to None, run_after=None
[2026-09-26T22:07:51.465+0000] {processor.py:183} INFO - Processing /opt/airflow/dags/lcbo_pipeline_dag.py took 0.094 seconds
[2026-09-26T22:08:21.614+0000] {processor.py:161} INFO - Started process (PID=3634) to work on /opt/airflow/dags/lcbo_pipeline_dag.py
[2026-09-26T22:08:21.615+0000] {processor.py:830} INFO - Processing file /opt/airflow/dags/lcbo_pipeline_dag.py for tasks to queue
[2026-09-26T22:08:21.617+0000] {logging_mixin.py:188} INFO - [2026-09-26T22:08:21.617+0000] {dagbag.py:545} INFO - Filling up the DagBag from /opt/airflow/dags/lcbo_pipeline_dag.py
[2026-09-26T22:08:21.652+0000] {processor.py:840} INFO - DAG(s) 'medallion_settlement_pipeline' retrieved from /opt/airflow/dags/lcbo_pipeline_dag.py
[2026-09-26T22:08:21.670+0000] {logging_mixin.py:188} INFO - [2026-09-26T22:08:21.670+0000] {dag.py:3089} INFO - Sync 1 DAGs
[2026-09-26T22:08:21.680+0000] {logging_mixin.py:188} INFO - [2026-09-26T22:08:21.679+0000] {dag.py:3947} INFO - Setting next_dagrun for medallion_settlement_pipeline to None, run_after=None
[2026-09-26T22:08:21.697+0000] {processor.py:183} INFO - Processing /opt/airflow/dags/lcbo_pipeline_dag.py took 0.089 seconds
[2026-09-26T22:08:51.845+0000] {processor.py:161} INFO - Started process (PID=3645) to work on /opt/airflow/dags/lcbo_pipeline_dag.py
[2026-09-26T22:08:51.846+0000] {processor.py:830} INFO - Processing file /opt/airflow/dags/lcbo_pipeline_dag.py for tasks to queue
[2026-09-26T22:08:51.848+0000] {logging_mixin.py:188} INFO - [2026-09-26T22:08:51.847+0000] {dagbag.py:545} INFO - Filling up the DagBag from /opt/airflow/dags/lcbo_pipeline_dag.py
[2026-09-26T22:08:51.879+0000] {processor.py:840} INFO - DAG(s) 'medallion_settlement_pipeline' retrieved from /opt/airflow/dags/lcbo_pipeline_dag.py
[2026-09-26T22:08:51.896+0000] {logging_mixin.py:188} INFO - [2026-09-26T22:08:51.896+0000] {dag.py:3089} INFO - Sync 1 DAGs
[2026-09-26T22:08:51.906+0000] {logging_mixin.py:188} INFO - [2026-09-26T22:08:51.906+0000] {dag.py:3947} INFO - Setting next_dagrun for medallion_settlement_pipeline to None, run_after=None
[2026-09-26T22:08:51.923+0000] {processor.py:183} INFO - Processing /opt/airflow/dags/lcbo_pipeline_dag.py took 0.083 seconds
[2026-09-26T22:09:22.070+0000] {processor.py:161} INFO - Started process (PID=3656) to work on /opt/airflow/dags/lcbo_pipeline_dag.py
[2026-09-26T22:09:22.071+0000] {processor.py:830} INFO - Processing file /opt/airflow/dags/lcbo_pipeline_dag.py for tasks to queue
[2026-09-26T22:09:22.073+0000] {logging_mixin.py:188} INFO - [2026-09-26T22:09:22.073+0000] {dagbag.py:545} INFO - Filling up the DagBag from /opt/airflow/dags/lcbo_pipeline_dag.py
[2026-09-26T22:09:22.104+0000] {processor.py:840} INFO - DAG(s) 'medallion_settlement_pipeline' retrieved from /opt/airflow/dags/lcbo_pipeline_dag.py
[2026-09-26T22:09:22.121+0000] {logging_mixin.py:188} INFO - [2026-09-26T22:09:22.121+0000] {dag.py:3089} INFO - Sync 1 DAGs
[2026-09-26T22:09:22.132+0000] {logging_mixin.py:188} INFO - [2026-09-26T22:09:22.132+0000] {dag.py:3947} INFO - Setting next_dagrun for medallion_settlement_pipeline to None, run_after=None
[2026-09-26T22:09:22.151+0000] {processor.py:183} INFO - Processing /opt/airflow/dags/lcbo_pipeline_dag.py took 0.085 seconds
[2026-09-26T22:09:52.283+0000] {processor.py:161} INFO - Started process (PID=3667) to work on /opt/airflow/dags/lcbo_pipeline_dag.py
[2026-09-26T22:09:52.284+0000] {processor.py:830} INFO - Processing file /opt/airflow/dags/lcbo_pipeline_dag.py for tasks to queue
[2026-09-26T22:09:52.286+0000] {logging_mixin.py:188} INFO - [2026-09-26T22:09:52.285+0000] {dagbag.py:545} INFO - Filling up the DagBag from /opt/airflow/dags/lcbo_pipeline_dag.py
[2026-09-26T22:09:52.319+0000] {processor.py:840} INFO - DAG(s) 'medallion_settlement_pipeline' retrieved from /opt/airflow/dags/lcbo_pipeline_dag.py
[2026-09-26T22:09:52.335+0000] {logging_mixin.py:188} INFO - [2026-09-26T22:09:52.335+0000] {dag.py:3089} INFO - Sync 1 DAGs
[2026-09-26T22:09:52.344+0000] {logging_mixin.py:188} INFO - [2026-09-26T22:09:52.344+0000] {dag.py:3947} INFO - Setting next_dagrun for medallion_settlement_pipeline to None, run_after=None
[2026-09-26T22:09:52.360+0000] {processor.py:183} INFO - Processing /opt/airflow/dags/lcbo_pipeline_dag.py took 0.082 seconds
[2026-09-26T22:10:22.530+0000] {processor.py:161} INFO - Started process (PID=3678) to work on /opt/airflow/dags/lcbo_pipeline_dag.py
[2026-09-26T22:10:22.532+0000] {processor.py:830} INFO - Processing file /opt/airflow/dags/lcbo_pipeline_dag.py for tasks to queue
[2026-09-26T22:10:22.533+0000] {logging_mixin.py:188} INFO - [2026-09-26T22:10:22.533+0000] {dagbag.py:545} INFO - Filling up the DagBag from /opt/airflow/dags/lcbo_pipeline_dag.py
[2026-09-26T22:10:22.564+0000] {processor.py:840} INFO - DAG(s) 'medallion_settlement_pipeline' retrieved from /opt/airflow/dags/lcbo_pipeline_dag.py
[2026-09-26T22:10:22.579+0000] {logging_mixin.py:188} INFO - [2026-09-26T22:10:22.579+0000] {dag.py:3089} INFO - Sync 1 DAGs
[2026-09-26T22:10:22.588+0000] {logging_mixin.py:188} INFO - [2026-09-26T22:10:22.588+0000] {dag.py:3947} INFO - Setting next_dagrun for medallion_settlement_pipeline to None, run_after=None
[2026-09-26T22:10:22.604+0000] {processor.py:183} INFO - Processing /opt/airflow/dags/lcbo_pipeline_dag.py took 0.077 seconds
[2026-09-26T22:10:52.732+0000] {processor.py:161} INFO - Started process (PID=3689) to work on /opt/airflow/dags/lcbo_pipeline_dag.py
[2026-09-26T22:10:52.733+0000] {processor.py:830} INFO - Processing file /opt/airflow/dags/lcbo_pipeline_dag.py for tasks to queue
[2026-09-26T22:10:52.734+0000] {logging_mixin.py:188} INFO - [2026-09-26T22:10:52.734+0000] {dagbag.py:545} INFO - Filling up the DagBag from /opt/airflow/dags/lcbo_pipeline_dag.py
[2026-09-26T22:10:52.770+0000] {processor.py:840} INFO - DAG(s) 'medallion_settlement_pipeline' retrieved from /opt/airflow/dags/lcbo_pipeline_dag.py
[2026-09-26T22:10:52.788+0000] {logging_mixin.py:188} INFO - [2026-09-26T22:10:52.788+0000] {dag.py:3089} INFO - Sync 1 DAGs
[2026-09-26T22:10:52.799+0000] {logging_mixin.py:188} INFO - [2026-09-26T22:10:52.798+0000] {dag.py:3947} INFO - Setting next_dagrun for medallion_settlement_pipeline to None, run_after=None
[2026-09-26T22:10:52.816+0000] {processor.py:183} INFO - Processing /opt/airflow/dags/lcbo_pipeline_dag.py took 0.088 seconds
[2026-09-26T22:11:22.971+0000] {processor.py:161} INFO - Started process (PID=3700) to work on /opt/airflow/dags/lcbo_pipeline_dag.py
[2026-09-26T22:11:22.972+0000] {processor.py:830} INFO - Processing file /opt/airflow/dags/lcbo_pipeline_dag.py for tasks to queue
[2026-09-26T22:11:22.974+0000] {logging_mixin.py:188} INFO - [2026-09-26T22:11:22.974+0000] {dagbag.py:545} INFO - Filling up the DagBag from /opt/airflow/dags/lcbo_pipeline_dag.py
[2026-09-26T22:11:23.004+0000] {processor.py:840} INFO - DAG(s) 'medallion_settlement_pipeline' retrieved from /opt/airflow/dags/lcbo_pipeline_dag.py
[2026-09-26T22:11:23.021+0000] {logging_mixin.py:188} INFO - [2026-09-26T22:11:23.020+0000] {dag.py:3089} INFO - Sync 1 DAGs
[2026-09-26T22:11:23.030+0000] {logging_mixin.py:188} INFO - [2026-09-26T22:11:23.030+0000] {dag.py:3947} INFO - Setting next_dagrun for medallion_settlement_pipeline to None, run_after=None
[2026-09-26T22:11:23.047+0000] {processor.py:183} INFO - Processing /opt/airflow/dags/lcbo_pipeline_dag.py took 0.080 seconds
[2026-09-26T22:11:53.187+0000] {processor.py:161} INFO - Started process (PID=3711) to work on /opt/airflow/dags/lcbo_pipeline_dag.py
[2026-09-26T22:11:53.188+0000] {processor.py:830} INFO - Processing file /opt/airflow/dags/lcbo_pipeline_dag.py for tasks to queue
[2026-09-26T22:11:53.190+0000] {logging_mixin.py:188} INFO - [2026-09-26T22:11:53.189+0000] {dagbag.py:545} INFO - Filling up the DagBag from /opt/airflow/dags/lcbo_pipeline_dag.py
[2026-09-26T22:11:53.224+0000] {processor.py:840} INFO - DAG(s) 'medallion_settlement_pipeline' retrieved from /opt/airflow/dags/lcbo_pipeline_dag.py
[2026-09-26T22:11:53.241+0000] {logging_mixin.py:188} INFO - [2026-09-26T22:11:53.241+0000] {dag.py:3089} INFO - Sync 1 DAGs
[2026-09-26T22:11:53.252+0000] {logging_mixin.py:188} INFO - [2026-09-26T22:11:53.252+0000] {dag.py:3947} INFO - Setting next_dagrun for medallion_settlement_pipeline to None, run_after=None
[2026-09-26T22:11:53.272+0000] {processor.py:183} INFO - Processing /opt/airflow/dags/lcbo_pipeline_dag.py took 0.090 seconds
[2026-09-26T22:12:23.414+0000] {processor.py:161} INFO - Started process (PID=3722) to work on /opt/airflow/dags/lcbo_pipeline_dag.py
[2026-09-26T22:12:23.415+0000] {processor.py:830} INFO - Processing file /opt/airflow/dags/lcbo_pipeline_dag.py for tasks to queue
[2026-09-26T22:12:23.417+0000] {logging_mixin.py:188} INFO - [2026-09-26T22:12:23.417+0000] {dagbag.py:545} INFO - Filling up the DagBag from /opt/airflow/dags/lcbo_pipeline_dag.py
[2026-09-26T22:12:23.451+0000] {processor.py:840} INFO - DAG(s) 'medallion_settlement_pipeline' retrieved from /opt/airflow/dags/lcbo_pipeline_dag.py
[2026-09-26T22:12:23.469+0000] {logging_mixin.py:188} INFO - [2026-09-26T22:12:23.469+0000] {dag.py:3089} INFO - Sync 1 DAGs
[2026-09-26T22:12:23.479+0000] {logging_mixin.py:188} INFO - [2026-09-26T22:12:23.479+0000] {dag.py:3947} INFO - Setting next_dagrun for medallion_settlement_pipeline to None, run_after=None
[2026-09-26T22:12:23.496+0000] {processor.py:183} INFO - Processing /opt/airflow/dags/lcbo_pipeline_dag.py took 0.086 seconds
[2026-09-26T22:12:53.651+0000] {processor.py:161} INFO - Started process (PID=3733) to work on /opt/airflow/dags/lcbo_pipeline_dag.py
[2026-09-26T22:12:53.652+0000] {processor.py:830} INFO - Processing file /opt/airflow/dags/lcbo_pipeline_dag.py for tasks to queue
[2026-09-26T22:12:53.654+0000] {logging_mixin.py:188} INFO - [2026-09-26T22:12:53.654+0000] {dagbag.py:545} INFO - Filling up the DagBag from /opt/airflow/dags/lcbo_pipeline_dag.py
[2026-09-26T22:12:53.685+0000] {processor.py:840} INFO - DAG(s) 'medallion_settlement_pipeline' retrieved from /opt/airflow/dags/lcbo_pipeline_dag.py
[2026-09-26T22:12:53.702+0000] {logging_mixin.py:188} INFO - [2026-09-26T22:12:53.701+0000] {dag.py:3089} INFO - Sync 1 DAGs
[2026-09-26T22:12:53.711+0000] {logging_mixin.py:188} INFO - [2026-09-26T22:12:53.711+0000] {dag.py:3947} INFO - Setting next_dagrun for medallion_settlement_pipeline to None, run_after=None
[2026-09-26T22:12:53.730+0000] {processor.py:183} INFO - Processing /opt/airflow/dags/lcbo_pipeline_dag.py took 0.082 seconds
[2026-09-26T22:13:23.911+0000] {processor.py:161} INFO - Started process (PID=3744) to work on /opt/airflow/dags/lcbo_pipeline_dag.py
[2026-09-26T22:13:23.912+0000] {processor.py:830} INFO - Processing file /opt/airflow/dags/lcbo_pipeline_dag.py for tasks to queue
[2026-09-26T22:13:23.913+0000] {logging_mixin.py:188} INFO - [2026-09-26T22:13:23.913+0000] {dagbag.py:545} INFO - Filling up the DagBag from /opt/airflow/dags/lcbo_pipeline_dag.py
[2026-09-26T22:13:23.944+0000] {processor.py:840} INFO - DAG(s) 'medallion_settlement_pipeline' retrieved from /opt/airflow/dags/lcbo_pipeline_dag.py
[2026-09-26T22:13:23.960+0000] {logging_mixin.py:188} INFO - [2026-09-26T22:13:23.960+0000] {dag.py:3089} INFO - Sync 1 DAGs
[2026-09-26T22:13:23.970+0000] {logging_mixin.py:188} INFO - [2026-09-26T22:13:23.969+0000] {dag.py:3947} INFO - Setting next_dagrun for medallion_settlement_pipeline to None, run_after=None
[2026-09-26T22:13:23.988+0000] {processor.py:183} INFO - Processing /opt/airflow/dags/lcbo_pipeline_dag.py took 0.081 seconds
[2026-09-26T22:13:54.110+0000] {processor.py:161} INFO - Started process (PID=3755) to work on /opt/airflow/dags/lcbo_pipeline_dag.py
[2026-09-26T22:13:54.111+0000] {processor.py:830} INFO - Processing file /opt/airflow/dags/lcbo_pipeline_dag.py for tasks to queue
[2026-09-26T22:13:54.113+0000] {logging_mixin.py:188} INFO - [2026-09-26T22:13:54.113+0000] {dagbag.py:545} INFO - Filling up the DagBag from /opt/airflow/dags/lcbo_pipeline_dag.py
[2026-09-26T22:13:54.148+0000] {processor.py:840} INFO - DAG(s) 'medallion_settlement_pipeline' retrieved from /opt/airflow/dags/lcbo_pipeline_dag.py
[2026-09-26T22:13:54.165+0000] {logging_mixin.py:188} INFO - [2026-09-26T22:13:54.164+0000] {dag.py:3089} INFO - Sync 1 DAGs
[2026-09-26T22:13:54.175+0000] {logging_mixin.py:188} INFO - [2026-09-26T22:13:54.175+0000] {dag.py:3947} INFO - Setting next_dagrun for medallion_settlement_pipeline to None, run_after=None
[2026-09-26T22:13:54.192+0000] {processor.py:183} INFO - Processing /opt/airflow/dags/lcbo_pipeline_dag.py took 0.086 seconds
[2026-09-26T22:14:24.359+0000] {processor.py:161} INFO - Started process (PID=3766) to work on /opt/airflow/dags/lcbo_pipeline_dag.py
[2026-09-26T22:14:24.360+0000] {processor.py:830} INFO - Processing file /opt/airflow/dags/lcbo_pipeline_dag.py for tasks to queue
[2026-09-26T22:14:24.361+0000] {logging_mixin.py:188} INFO - [2026-09-26T22:14:24.361+0000] {dagbag.py:545} INFO - Filling up the DagBag from /opt/airflow/dags/lcbo_pipeline_dag.py
[2026-09-26T22:14:24.393+0000] {processor.py:840} INFO - DAG(s) 'medallion_settlement_pipeline' retrieved from /opt/airflow/dags/lcbo_pipeline_dag.py
[2026-09-26T22:14:24.410+0000] {logging_mixin.py:188} INFO - [2026-09-26T22:14:24.410+0000] {dag.py:3089} INFO - Sync 1 DAGs
[2026-09-26T22:14:24.421+0000] {logging_mixin.py:188} INFO - [2026-09-26T22:14:24.421+0000] {dag.py:3947} INFO - Setting next_dagrun for medallion_settlement_pipeline to None, run_after=None
[2026-09-26T22:14:24.438+0000] {processor.py:183} INFO - Processing /opt/airflow/dags/lcbo_pipeline_dag.py took 0.083 seconds
[2026-09-26T22:14:54.557+0000] {processor.py:161} INFO - Started process (PID=3777) to work on /opt/airflow/dags/lcbo_pipeline_dag.py
[2026-09-26T22:14:54.558+0000] {processor.py:830} INFO - Processing file /opt/airflow/dags/lcbo_pipeline_dag.py for tasks to queue
[2026-09-26T22:14:54.559+0000] {logging_mixin.py:188} INFO - [2026-09-26T22:14:54.559+0000] {dagbag.py:545} INFO - Filling up the DagBag from /opt/airflow/dags/lcbo_pipeline_dag.py
[2026-09-26T22:14:54.592+0000] {processor.py:840} INFO - DAG(s) 'medallion_settlement_pipeline' retrieved from /opt/airflow/dags/lcbo_pipeline_dag.py
[2026-09-26T22:14:54.609+0000] {logging_mixin.py:188} INFO - [2026-09-26T22:14:54.609+0000] {dag.py:3089} INFO - Sync 1 DAGs
[2026-09-26T22:14:54.619+0000] {logging_mixin.py:188} INFO - [2026-09-26T22:14:54.619+0000] {dag.py:3947} INFO - Setting next_dagrun for medallion_settlement_pipeline to None, run_after=None
[2026-09-26T22:14:54.636+0000] {processor.py:183} INFO - Processing /opt/airflow/dags/lcbo_pipeline_dag.py took 0.083 seconds
[2026-09-26T22:15:24.806+0000] {processor.py:161} INFO - Started process (PID=3788) to work on /opt/airflow/dags/lcbo_pipeline_dag.py
[2026-09-26T22:15:24.807+0000] {processor.py:830} INFO - Processing file /opt/airflow/dags/lcbo_pipeline_dag.py for tasks to queue
[2026-09-26T22:15:24.809+0000] {logging_mixin.py:188} INFO - [2026-09-26T22:15:24.809+0000] {dagbag.py:545} INFO - Filling up the DagBag from /opt/airflow/dags/lcbo_pipeline_dag.py
[2026-09-26T22:15:24.843+0000] {processor.py:840} INFO - DAG(s) 'medallion_settlement_pipeline' retrieved from /opt/airflow/dags/lcbo_pipeline_dag.py
[2026-09-26T22:15:24.862+0000] {logging_mixin.py:188} INFO - [2026-09-26T22:15:24.862+0000] {dag.py:3089} INFO - Sync 1 DAGs
[2026-09-26T22:15:24.872+0000] {logging_mixin.py:188} INFO - [2026-09-26T22:15:24.872+0000] {dag.py:3947} INFO - Setting next_dagrun for medallion_settlement_pipeline to None, run_after=None
[2026-09-26T22:15:24.888+0000] {processor.py:183} INFO - Processing /opt/airflow/dags/lcbo_pipeline_dag.py took 0.086 seconds
[2026-09-26T22:15:55.016+0000] {processor.py:161} INFO - Started process (PID=3799) to work on /opt/airflow/dags/lcbo_pipeline_dag.py
[2026-09-26T22:15:55.017+0000] {processor.py:830} INFO - Processing file /opt/airflow/dags/lcbo_pipeline_dag.py for tasks to queue
[2026-09-26T22:15:55.019+0000] {logging_mixin.py:188} INFO - [2026-09-26T22:15:55.019+0000] {dagbag.py:545} INFO - Filling up the DagBag from /opt/airflow/dags/lcbo_pipeline_dag.py
[2026-09-26T22:15:55.054+0000] {processor.py:840} INFO - DAG(s) 'medallion_settlement_pipeline' retrieved from /opt/airflow/dags/lcbo_pipeline_dag.py
[2026-09-26T22:15:55.071+0000] {logging_mixin.py:188} INFO - [2026-09-26T22:15:55.071+0000] {dag.py:3089} INFO - Sync 1 DAGs
[2026-09-26T22:15:55.081+0000] {logging_mixin.py:188} INFO - [2026-09-26T22:15:55.081+0000] {dag.py:3947} INFO - Setting next_dagrun for medallion_settlement_pipeline to None, run_after=None
[2026-09-26T22:15:55.098+0000] {processor.py:183} INFO - Processing /opt/airflow/dags/lcbo_pipeline_dag.py took 0.087 seconds
[2026-09-26T22:16:25.266+0000] {processor.py:161} INFO - Started process (PID=3810) to work on /opt/airflow/dags/lcbo_pipeline_dag.py
[2026-09-26T22:16:25.267+0000] {processor.py:830} INFO - Processing file /opt/airflow/dags/lcbo_pipeline_dag.py for tasks to queue
[2026-09-26T22:16:25.269+0000] {logging_mixin.py:188} INFO - [2026-09-26T22:16:25.269+0000] {dagbag.py:545} INFO - Filling up the DagBag from /opt/airflow/dags/lcbo_pipeline_dag.py
[2026-09-26T22:16:25.299+0000] {processor.py:840} INFO - DAG(s) 'medallion_settlement_pipeline' retrieved from /opt/airflow/dags/lcbo_pipeline_dag.py
[2026-09-26T22:16:25.314+0000] {logging_mixin.py:188} INFO - [2026-09-26T22:16:25.314+0000] {dag.py:3089} INFO - Sync 1 DAGs
[2026-09-26T22:16:25.324+0000] {logging_mixin.py:188} INFO - [2026-09-26T22:16:25.324+0000] {dag.py:3947} INFO - Setting next_dagrun for medallion_settlement_pipeline to None, run_after=None
[2026-09-26T22:16:25.340+0000] {processor.py:183} INFO - Processing /opt/airflow/dags/lcbo_pipeline_dag.py took 0.078 seconds
[2026-09-26T22:16:55.471+0000] {processor.py:161} INFO - Started process (PID=3821) to work on /opt/airflow/dags/lcbo_pipeline_dag.py
[2026-09-26T22:16:55.472+0000] {processor.py:830} INFO - Processing file /opt/airflow/dags/lcbo_pipeline_dag.py for tasks to queue
[2026-09-26T22:16:55.473+0000] {logging_mixin.py:188} INFO - [2026-09-26T22:16:55.473+0000] {dagbag.py:545} INFO - Filling up the DagBag from /opt/airflow/dags/lcbo_pipeline_dag.py
[2026-09-26T22:16:55.506+0000] {processor.py:840} INFO - DAG(s) 'medallion_settlement_pipeline' retrieved from /opt/airflow/dags/lcbo_pipeline_dag.py
[2026-09-26T22:16:55.523+0000] {logging_mixin.py:188} INFO - [2026-09-26T22:16:55.523+0000] {dag.py:3089} INFO - Sync 1 DAGs
[2026-09-26T22:16:55.533+0000] {logging_mixin.py:188} INFO - [2026-09-26T22:16:55.532+0000] {dag.py:3947} INFO - Setting next_dagrun for medallion_settlement_pipeline to None, run_after=None
[2026-09-26T22:16:55.550+0000] {processor.py:183} INFO - Processing /opt/airflow/dags/lcbo_pipeline_dag.py took 0.084 seconds
[2026-09-26T22:17:25.708+0000] {processor.py:161} INFO - Started process (PID=3832) to work on /opt/airflow/dags/lcbo_pipeline_dag.py
[2026-09-26T22:17:25.709+0000] {processor.py:830} INFO - Processing file /opt/airflow/dags/lcbo_pipeline_dag.py for tasks to queue
[2026-09-26T22:17:25.711+0000] {logging_mixin.py:188} INFO - [2026-09-26T22:17:25.711+0000] {dagbag.py:545} INFO - Filling up the DagBag from /opt/airflow/dags/lcbo_pipeline_dag.py
[2026-09-26T22:17:25.745+0000] {processor.py:840} INFO - DAG(s) 'medallion_settlement_pipeline' retrieved from /opt/airflow/dags/lcbo_pipeline_dag.py
[2026-09-26T22:17:25.763+0000] {logging_mixin.py:188} INFO - [2026-09-26T22:17:25.762+0000] {dag.py:3089} INFO - Sync 1 DAGs
[2026-09-26T22:17:25.774+0000] {logging_mixin.py:188} INFO - [2026-09-26T22:17:25.773+0000] {dag.py:3947} INFO - Setting next_dagrun for medallion_settlement_pipeline to None, run_after=None
[2026-09-26T22:17:25.794+0000] {processor.py:183} INFO - Processing /opt/airflow/dags/lcbo_pipeline_dag.py took 0.090 seconds
[2026-09-26T22:17:55.953+0000] {processor.py:161} INFO - Started process (PID=3843) to work on /opt/airflow/dags/lcbo_pipeline_dag.py
[2026-09-26T22:17:55.954+0000] {processor.py:830} INFO - Processing file /opt/airflow/dags/lcbo_pipeline_dag.py for tasks to queue
[2026-09-26T22:17:55.956+0000] {logging_mixin.py:188} INFO - [2026-09-26T22:17:55.955+0000] {dagbag.py:545} INFO - Filling up the DagBag from /opt/airflow/dags/lcbo_pipeline_dag.py
[2026-09-26T22:17:55.991+0000] {processor.py:840} INFO - DAG(s) 'medallion_settlement_pipeline' retrieved from /opt/airflow/dags/lcbo_pipeline_dag.py
[2026-09-26T22:17:56.010+0000] {logging_mixin.py:188} INFO - [2026-09-26T22:17:56.010+0000] {dag.py:3089} INFO - Sync 1 DAGs
[2026-09-26T22:17:56.021+0000] {logging_mixin.py:188} INFO - [2026-09-26T22:17:56.021+0000] {dag.py:3947} INFO - Setting next_dagrun for medallion_settlement_pipeline to None, run_after=None
[2026-09-26T22:17:56.036+0000] {processor.py:183} INFO - Processing /opt/airflow/dags/lcbo_pipeline_dag.py took 0.088 seconds
[2026-09-26T22:18:26.160+0000] {processor.py:161} INFO - Started process (PID=3854) to work on /opt/airflow/dags/lcbo_pipeline_dag.py
[2026-09-26T22:18:26.162+0000] {processor.py:830} INFO - Processing file /opt/airflow/dags/lcbo_pipeline_dag.py for tasks to queue
[2026-09-26T22:18:26.163+0000] {logging_mixin.py:188} INFO - [2026-09-26T22:18:26.163+0000] {dagbag.py:545} INFO - Filling up the DagBag from /opt/airflow/dags/lcbo_pipeline_dag.py
[2026-09-26T22:18:26.196+0000] {processor.py:840} INFO - DAG(s) 'medallion_settlement_pipeline' retrieved from /opt/airflow/dags/lcbo_pipeline_dag.py
[2026-09-26T22:18:26.213+0000] {logging_mixin.py:188} INFO - [2026-09-26T22:18:26.212+0000] {dag.py:3089} INFO - Sync 1 DAGs
[2026-09-26T22:18:26.223+0000] {logging_mixin.py:188} INFO - [2026-09-26T22:18:26.223+0000] {dag.py:3947} INFO - Setting next_dagrun for medallion_settlement_pipeline to None, run_after=None
[2026-09-26T22:18:26.239+0000] {processor.py:183} INFO - Processing /opt/airflow/dags/lcbo_pipeline_dag.py took 0.083 seconds
[2026-09-26T22:18:56.403+0000] {processor.py:161} INFO - Started process (PID=3865) to work on /opt/airflow/dags/lcbo_pipeline_dag.py
[2026-09-26T22:18:56.404+0000] {processor.py:830} INFO - Processing file /opt/airflow/dags/lcbo_pipeline_dag.py for tasks to queue
[2026-09-26T22:18:56.405+0000] {logging_mixin.py:188} INFO - [2026-09-26T22:18:56.405+0000] {dagbag.py:545} INFO - Filling up the DagBag from /opt/airflow/dags/lcbo_pipeline_dag.py
[2026-09-26T22:18:56.436+0000] {processor.py:840} INFO - DAG(s) 'medallion_settlement_pipeline' retrieved from /opt/airflow/dags/lcbo_pipeline_dag.py
[2026-09-26T22:18:56.453+0000] {logging_mixin.py:188} INFO - [2026-09-26T22:18:56.453+0000] {dag.py:3089} INFO - Sync 1 DAGs
[2026-09-26T22:18:56.463+0000] {logging_mixin.py:188} INFO - [2026-09-26T22:18:56.462+0000] {dag.py:3947} INFO - Setting next_dagrun for medallion_settlement_pipeline to None, run_after=None
[2026-09-26T22:18:56.478+0000] {processor.py:183} INFO - Processing /opt/airflow/dags/lcbo_pipeline_dag.py took 0.080 seconds
[2026-09-26T22:19:26.610+0000] {processor.py:161} INFO - Started process (PID=3876) to work on /opt/airflow/dags/lcbo_pipeline_dag.py
[2026-09-26T22:19:26.611+0000] {processor.py:830} INFO - Processing file /opt/airflow/dags/lcbo_pipeline_dag.py for tasks to queue
[2026-09-26T22:19:26.613+0000] {logging_mixin.py:188} INFO - [2026-09-26T22:19:26.613+0000] {dagbag.py:545} INFO - Filling up the DagBag from /opt/airflow/dags/lcbo_pipeline_dag.py
[2026-09-26T22:19:26.644+0000] {processor.py:840} INFO - DAG(s) 'medallion_settlement_pipeline' retrieved from /opt/airflow/dags/lcbo_pipeline_dag.py
[2026-09-26T22:19:26.661+0000] {logging_mixin.py:188} INFO - [2026-09-26T22:19:26.660+0000] {dag.py:3089} INFO - Sync 1 DAGs
[2026-09-26T22:19:26.673+0000] {logging_mixin.py:188} INFO - [2026-09-26T22:19:26.673+0000] {dag.py:3947} INFO - Setting next_dagrun for medallion_settlement_pipeline to None, run_after=None
[2026-09-26T22:19:26.689+0000] {processor.py:183} INFO - Processing /opt/airflow/dags/lcbo_pipeline_dag.py took 0.082 seconds
[2026-09-26T22:19:56.848+0000] {processor.py:161} INFO - Started process (PID=3887) to work on /opt/airflow/dags/lcbo_pipeline_dag.py
[2026-09-26T22:19:56.849+0000] {processor.py:830} INFO - Processing file /opt/airflow/dags/lcbo_pipeline_dag.py for tasks to queue
[2026-09-26T22:19:56.850+0000] {logging_mixin.py:188} INFO - [2026-09-26T22:19:56.850+0000] {dagbag.py:545} INFO - Filling up the DagBag from /opt/airflow/dags/lcbo_pipeline_dag.py
[2026-09-26T22:19:56.882+0000] {processor.py:840} INFO - DAG(s) 'medallion_settlement_pipeline' retrieved from /opt/airflow/dags/lcbo_pipeline_dag.py
[2026-09-26T22:19:56.899+0000] {logging_mixin.py:188} INFO - [2026-09-26T22:19:56.899+0000] {dag.py:3089} INFO - Sync 1 DAGs
[2026-09-26T22:19:56.908+0000] {logging_mixin.py:188} INFO - [2026-09-26T22:19:56.908+0000] {dag.py:3947} INFO - Setting next_dagrun for medallion_settlement_pipeline to None, run_after=None
[2026-09-26T22:19:56.922+0000] {processor.py:183} INFO - Processing /opt/airflow/dags/lcbo_pipeline_dag.py took 0.078 seconds
[2026-09-26T22:20:27.071+0000] {processor.py:161} INFO - Started process (PID=3898) to work on /opt/airflow/dags/lcbo_pipeline_dag.py
[2026-09-26T22:20:27.072+0000] {processor.py:830} INFO - Processing file /opt/airflow/dags/lcbo_pipeline_dag.py for tasks to queue
[2026-09-26T22:20:27.074+0000] {logging_mixin.py:188} INFO - [2026-09-26T22:20:27.074+0000] {dagbag.py:545} INFO - Filling up the DagBag from /opt/airflow/dags/lcbo_pipeline_dag.py
[2026-09-26T22:20:27.106+0000] {processor.py:840} INFO - DAG(s) 'medallion_settlement_pipeline' retrieved from /opt/airflow/dags/lcbo_pipeline_dag.py
[2026-09-26T22:20:27.123+0000] {logging_mixin.py:188} INFO - [2026-09-26T22:20:27.123+0000] {dag.py:3089} INFO - Sync 1 DAGs
[2026-09-26T22:20:27.132+0000] {logging_mixin.py:188} INFO - [2026-09-26T22:20:27.132+0000] {dag.py:3947} INFO - Setting next_dagrun for medallion_settlement_pipeline to None, run_after=None
[2026-09-26T22:20:27.147+0000] {processor.py:183} INFO - Processing /opt/airflow/dags/lcbo_pipeline_dag.py took 0.080 seconds
[2026-09-26T22:20:57.342+0000] {processor.py:161} INFO - Started process (PID=3909) to work on /opt/airflow/dags/lcbo_pipeline_dag.py
[2026-09-26T22:20:57.343+0000] {processor.py:830} INFO - Processing file /opt/airflow/dags/lcbo_pipeline_dag.py for tasks to queue
[2026-09-26T22:20:57.345+0000] {logging_mixin.py:188} INFO - [2026-09-26T22:20:57.345+0000] {dagbag.py:545} INFO - Filling up the DagBag from /opt/airflow/dags/lcbo_pipeline_dag.py
[2026-09-26T22:20:57.378+0000] {processor.py:840} INFO - DAG(s) 'medallion_settlement_pipeline' retrieved from /opt/airflow/dags/lcbo_pipeline_dag.py
[2026-09-26T22:20:57.395+0000] {logging_mixin.py:188} INFO - [2026-09-26T22:20:57.395+0000] {dag.py:3089} INFO - Sync 1 DAGs
[2026-09-26T22:20:57.405+0000] {logging_mixin.py:188} INFO - [2026-09-26T22:20:57.405+0000] {dag.py:3947} INFO - Setting next_dagrun for medallion_settlement_pipeline to None, run_after=None
[2026-09-26T22:20:57.421+0000] {processor.py:183} INFO - Processing /opt/airflow/dags/lcbo_pipeline_dag.py took 0.083 seconds
[2026-09-26T22:21:27.540+0000] {processor.py:161} INFO - Started process (PID=3920) to work on /opt/airflow/dags/lcbo_pipeline_dag.py
[2026-09-26T22:21:27.542+0000] {processor.py:830} INFO - Processing file /opt/airflow/dags/lcbo_pipeline_dag.py for tasks to queue
[2026-09-26T22:21:27.543+0000] {logging_mixin.py:188} INFO - [2026-09-26T22:21:27.543+0000] {dagbag.py:545} INFO - Filling up the DagBag from /opt/airflow/dags/lcbo_pipeline_dag.py
[2026-09-26T22:21:27.574+0000] {processor.py:840} INFO - DAG(s) 'medallion_settlement_pipeline' retrieved from /opt/airflow/dags/lcbo_pipeline_dag.py
[2026-09-26T22:21:27.591+0000] {logging_mixin.py:188} INFO - [2026-09-26T22:21:27.591+0000] {dag.py:3089} INFO - Sync 1 DAGs
[2026-09-26T22:21:27.599+0000] {logging_mixin.py:188} INFO - [2026-09-26T22:21:27.599+0000] {dag.py:3947} INFO - Setting next_dagrun for medallion_settlement_pipeline to None, run_after=None
[2026-09-26T22:21:27.613+0000] {processor.py:183} INFO - Processing /opt/airflow/dags/lcbo_pipeline_dag.py took 0.077 seconds
[2026-09-26T22:21:57.811+0000] {processor.py:161} INFO - Started process (PID=3931) to work on /opt/airflow/dags/lcbo_pipeline_dag.py
[2026-09-26T22:21:57.812+0000] {processor.py:830} INFO - Processing file /opt/airflow/dags/lcbo_pipeline_dag.py for tasks to queue
[2026-09-26T22:21:57.814+0000] {logging_mixin.py:188} INFO - [2026-09-26T22:21:57.814+0000] {dagbag.py:545} INFO - Filling up the DagBag from /opt/airflow/dags/lcbo_pipeline_dag.py
[2026-09-26T22:21:57.848+0000] {processor.py:840} INFO - DAG(s) 'medallion_settlement_pipeline' retrieved from /opt/airflow/dags/lcbo_pipeline_dag.py
[2026-09-26T22:21:57.865+0000] {logging_mixin.py:188} INFO - [2026-09-26T22:21:57.865+0000] {dag.py:3089} INFO - Sync 1 DAGs
[2026-09-26T22:21:57.877+0000] {logging_mixin.py:188} INFO - [2026-09-26T22:21:57.876+0000] {dag.py:3947} INFO - Setting next_dagrun for medallion_settlement_pipeline to None, run_after=None
[2026-09-26T22:21:57.892+0000] {processor.py:183} INFO - Processing /opt/airflow/dags/lcbo_pipeline_dag.py took 0.085 seconds
[2026-09-26T22:22:28.030+0000] {processor.py:161} INFO - Started process (PID=3942) to work on /opt/airflow/dags/lcbo_pipeline_dag.py
[2026-09-26T22:22:28.031+0000] {processor.py:830} INFO - Processing file /opt/airflow/dags/lcbo_pipeline_dag.py for tasks to queue
[2026-09-26T22:22:28.033+0000] {logging_mixin.py:188} INFO - [2026-09-26T22:22:28.032+0000] {dagbag.py:545} INFO - Filling up the DagBag from /opt/airflow/dags/lcbo_pipeline_dag.py
[2026-09-26T22:22:28.063+0000] {processor.py:840} INFO - DAG(s) 'medallion_settlement_pipeline' retrieved from /opt/airflow/dags/lcbo_pipeline_dag.py
[2026-09-26T22:22:28.080+0000] {logging_mixin.py:188} INFO - [2026-09-26T22:22:28.079+0000] {dag.py:3089} INFO - Sync 1 DAGs
[2026-09-26T22:22:28.089+0000] {logging_mixin.py:188} INFO - [2026-09-26T22:22:28.089+0000] {dag.py:3947} INFO - Setting next_dagrun for medallion_settlement_pipeline to None, run_after=None
[2026-09-26T22:22:28.103+0000] {processor.py:183} INFO - Processing /opt/airflow/dags/lcbo_pipeline_dag.py took 0.077 seconds
[2026-09-26T22:22:58.360+0000] {processor.py:161} INFO - Started process (PID=3953) to work on /opt/airflow/dags/lcbo_pipeline_dag.py
[2026-09-26T22:22:58.361+0000] {processor.py:830} INFO - Processing file /opt/airflow/dags/lcbo_pipeline_dag.py for tasks to queue
[2026-09-26T22:22:58.363+0000] {logging_mixin.py:188} INFO - [2026-09-26T22:22:58.363+0000] {dagbag.py:545} INFO - Filling up the DagBag from /opt/airflow/dags/lcbo_pipeline_dag.py
[2026-09-26T22:22:58.395+0000] {processor.py:840} INFO - DAG(s) 'medallion_settlement_pipeline' retrieved from /opt/airflow/dags/lcbo_pipeline_dag.py
[2026-09-26T22:22:58.411+0000] {logging_mixin.py:188} INFO - [2026-09-26T22:22:58.411+0000] {dag.py:3089} INFO - Sync 1 DAGs
[2026-09-26T22:22:58.421+0000] {logging_mixin.py:188} INFO - [2026-09-26T22:22:58.420+0000] {dag.py:3947} INFO - Setting next_dagrun for medallion_settlement_pipeline to None, run_after=None
[2026-09-26T22:22:58.440+0000] {processor.py:183} INFO - Processing /opt/airflow/dags/lcbo_pipeline_dag.py took 0.084 seconds
[2026-09-26T22:23:28.573+0000] {processor.py:161} INFO - Started process (PID=3964) to work on /opt/airflow/dags/lcbo_pipeline_dag.py
[2026-09-26T22:23:28.574+0000] {processor.py:830} INFO - Processing file /opt/airflow/dags/lcbo_pipeline_dag.py for tasks to queue
[2026-09-26T22:23:28.576+0000] {logging_mixin.py:188} INFO - [2026-09-26T22:23:28.576+0000] {dagbag.py:545} INFO - Filling up the DagBag from /opt/airflow/dags/lcbo_pipeline_dag.py
[2026-09-26T22:23:28.608+0000] {processor.py:840} INFO - DAG(s) 'medallion_settlement_pipeline' retrieved from /opt/airflow/dags/lcbo_pipeline_dag.py
[2026-09-26T22:23:28.625+0000] {logging_mixin.py:188} INFO - [2026-09-26T22:23:28.624+0000] {dag.py:3089} INFO - Sync 1 DAGs
[2026-09-26T22:23:28.634+0000] {logging_mixin.py:188} INFO - [2026-09-26T22:23:28.634+0000] {dag.py:3947} INFO - Setting next_dagrun for medallion_settlement_pipeline to None, run_after=None
[2026-09-26T22:23:28.651+0000] {processor.py:183} INFO - Processing /opt/airflow/dags/lcbo_pipeline_dag.py took 0.082 seconds
[2026-09-26T22:23:58.874+0000] {processor.py:161} INFO - Started process (PID=3975) to work on /opt/airflow/dags/lcbo_pipeline_dag.py
[2026-09-26T22:23:58.875+0000] {processor.py:830} INFO - Processing file /opt/airflow/dags/lcbo_pipeline_dag.py for tasks to queue
[2026-09-26T22:23:58.877+0000] {logging_mixin.py:188} INFO - [2026-09-26T22:23:58.877+0000] {dagbag.py:545} INFO - Filling up the DagBag from /opt/airflow/dags/lcbo_pipeline_dag.py
[2026-09-26T22:23:58.909+0000] {processor.py:840} INFO - DAG(s) 'medallion_settlement_pipeline' retrieved from /opt/airflow/dags/lcbo_pipeline_dag.py
[2026-09-26T22:23:58.924+0000] {logging_mixin.py:188} INFO - [2026-09-26T22:23:58.924+0000] {dag.py:3089} INFO - Sync 1 DAGs
[2026-09-26T22:23:58.933+0000] {logging_mixin.py:188} INFO - [2026-09-26T22:23:58.933+0000] {dag.py:3947} INFO - Setting next_dagrun for medallion_settlement_pipeline to None, run_after=None
[2026-09-26T22:23:58.947+0000] {processor.py:183} INFO - Processing /opt/airflow/dags/lcbo_pipeline_dag.py took 0.077 seconds
[2026-09-26T22:24:29.105+0000] {processor.py:161} INFO - Started process (PID=3986) to work on /opt/airflow/dags/lcbo_pipeline_dag.py
[2026-09-26T22:24:29.106+0000] {processor.py:830} INFO - Processing file /opt/airflow/dags/lcbo_pipeline_dag.py for tasks to queue
[2026-09-26T22:24:29.108+0000] {logging_mixin.py:188} INFO - [2026-09-26T22:24:29.108+0000] {dagbag.py:545} INFO - Filling up the DagBag from /opt/airflow/dags/lcbo_pipeline_dag.py
[2026-09-26T22:24:29.143+0000] {processor.py:840} INFO - DAG(s) 'medallion_settlement_pipeline' retrieved from /opt/airflow/dags/lcbo_pipeline_dag.py
[2026-09-26T22:24:29.161+0000] {logging_mixin.py:188} INFO - [2026-09-26T22:24:29.161+0000] {dag.py:3089} INFO - Sync 1 DAGs
[2026-09-26T22:24:29.171+0000] {logging_mixin.py:188} INFO - [2026-09-26T22:24:29.171+0000] {dag.py:3947} INFO - Setting next_dagrun for medallion_settlement_pipeline to None, run_after=None
[2026-09-26T22:24:29.191+0000] {processor.py:183} INFO - Processing /opt/airflow/dags/lcbo_pipeline_dag.py took 0.090 seconds
[2026-09-26T22:24:59.389+0000] {processor.py:161} INFO - Started process (PID=4003) to work on /opt/airflow/dags/lcbo_pipeline_dag.py
[2026-09-26T22:24:59.390+0000] {processor.py:830} INFO - Processing file /opt/airflow/dags/lcbo_pipeline_dag.py for tasks to queue
[2026-09-26T22:24:59.392+0000] {logging_mixin.py:188} INFO - [2026-09-26T22:24:59.392+0000] {dagbag.py:545} INFO - Filling up the DagBag from /opt/airflow/dags/lcbo_pipeline_dag.py
[2026-09-26T22:24:59.424+0000] {processor.py:840} INFO - DAG(s) 'medallion_settlement_pipeline' retrieved from /opt/airflow/dags/lcbo_pipeline_dag.py
[2026-09-26T22:24:59.441+0000] {logging_mixin.py:188} INFO - [2026-09-26T22:24:59.441+0000] {dag.py:3089} INFO - Sync 1 DAGs
[2026-09-26T22:24:59.451+0000] {logging_mixin.py:188} INFO - [2026-09-26T22:24:59.451+0000] {dag.py:3947} INFO - Setting next_dagrun for medallion_settlement_pipeline to None, run_after=None
[2026-09-26T22:24:59.465+0000] {processor.py:183} INFO - Processing /opt/airflow/dags/lcbo_pipeline_dag.py took 0.080 seconds
[2026-09-26T22:25:29.629+0000] {processor.py:161} INFO - Started process (PID=4014) to work on /opt/airflow/dags/lcbo_pipeline_dag.py
[2026-09-26T22:25:29.629+0000] {processor.py:830} INFO - Processing file /opt/airflow/dags/lcbo_pipeline_dag.py for tasks to queue
[2026-09-26T22:25:29.631+0000] {logging_mixin.py:188} INFO - [2026-09-26T22:25:29.631+0000] {dagbag.py:545} INFO - Filling up the DagBag from /opt/airflow/dags/lcbo_pipeline_dag.py
[2026-09-26T22:25:29.665+0000] {processor.py:840} INFO - DAG(s) 'medallion_settlement_pipeline' retrieved from /opt/airflow/dags/lcbo_pipeline_dag.py
[2026-09-26T22:25:29.681+0000] {logging_mixin.py:188} INFO - [2026-09-26T22:25:29.681+0000] {dag.py:3089} INFO - Sync 1 DAGs
[2026-09-26T22:25:29.691+0000] {logging_mixin.py:188} INFO - [2026-09-26T22:25:29.691+0000] {dag.py:3947} INFO - Setting next_dagrun for medallion_settlement_pipeline to None, run_after=None
[2026-09-26T22:25:29.709+0000] {processor.py:183} INFO - Processing /opt/airflow/dags/lcbo_pipeline_dag.py took 0.085 seconds
[2026-09-26T22:25:59.876+0000] {processor.py:161} INFO - Started process (PID=4025) to work on /opt/airflow/dags/lcbo_pipeline_dag.py
[2026-09-26T22:25:59.877+0000] {processor.py:830} INFO - Processing file /opt/airflow/dags/lcbo_pipeline_dag.py for tasks to queue
[2026-09-26T22:25:59.879+0000] {logging_mixin.py:188} INFO - [2026-09-26T22:25:59.879+0000] {dagbag.py:545} INFO - Filling up the DagBag from /opt/airflow/dags/lcbo_pipeline_dag.py
[2026-09-26T22:25:59.914+0000] {processor.py:840} INFO - DAG(s) 'medallion_settlement_pipeline' retrieved from /opt/airflow/dags/lcbo_pipeline_dag.py
[2026-09-26T22:25:59.934+0000] {logging_mixin.py:188} INFO - [2026-09-26T22:25:59.933+0000] {dag.py:3089} INFO - Sync 1 DAGs
[2026-09-26T22:25:59.945+0000] {logging_mixin.py:188} INFO - [2026-09-26T22:25:59.944+0000] {dag.py:3947} INFO - Setting next_dagrun for medallion_settlement_pipeline to None, run_after=None
[2026-09-26T22:25:59.962+0000] {processor.py:183} INFO - Processing /opt/airflow/dags/lcbo_pipeline_dag.py took 0.092 seconds
[2026-09-26T22:26:30.087+0000] {processor.py:161} INFO - Started process (PID=4036) to work on /opt/airflow/dags/lcbo_pipeline_dag.py
[2026-09-26T22:26:30.088+0000] {processor.py:830} INFO - Processing file /opt/airflow/dags/lcbo_pipeline_dag.py for tasks to queue
[2026-09-26T22:26:30.090+0000] {logging_mixin.py:188} INFO - [2026-09-26T22:26:30.090+0000] {dagbag.py:545} INFO - Filling up the DagBag from /opt/airflow/dags/lcbo_pipeline_dag.py
[2026-09-26T22:26:30.124+0000] {processor.py:840} INFO - DAG(s) 'medallion_settlement_pipeline' retrieved from /opt/airflow/dags/lcbo_pipeline_dag.py
[2026-09-26T22:26:30.141+0000] {logging_mixin.py:188} INFO - [2026-09-26T22:26:30.141+0000] {dag.py:3089} INFO - Sync 1 DAGs
[2026-09-26T22:26:30.152+0000] {logging_mixin.py:188} INFO - [2026-09-26T22:26:30.151+0000] {dag.py:3947} INFO - Setting next_dagrun for medallion_settlement_pipeline to None, run_after=None
[2026-09-26T22:26:30.168+0000] {processor.py:183} INFO - Processing /opt/airflow/dags/lcbo_pipeline_dag.py took 0.086 seconds
[2026-09-26T22:27:00.347+0000] {processor.py:161} INFO - Started process (PID=4047) to work on /opt/airflow/dags/lcbo_pipeline_dag.py
[2026-09-26T22:27:00.348+0000] {processor.py:830} INFO - Processing file /opt/airflow/dags/lcbo_pipeline_dag.py for tasks to queue
[2026-09-26T22:27:00.349+0000] {logging_mixin.py:188} INFO - [2026-09-26T22:27:00.349+0000] {dagbag.py:545} INFO - Filling up the DagBag from /opt/airflow/dags/lcbo_pipeline_dag.py
[2026-09-26T22:27:00.381+0000] {processor.py:840} INFO - DAG(s) 'medallion_settlement_pipeline' retrieved from /opt/airflow/dags/lcbo_pipeline_dag.py
[2026-09-26T22:27:00.397+0000] {logging_mixin.py:188} INFO - [2026-09-26T22:27:00.397+0000] {dag.py:3089} INFO - Sync 1 DAGs
[2026-09-26T22:27:00.405+0000] {logging_mixin.py:188} INFO - [2026-09-26T22:27:00.405+0000] {dag.py:3947} INFO - Setting next_dagrun for medallion_settlement_pipeline to None, run_after=None
[2026-09-26T22:27:00.424+0000] {processor.py:183} INFO - Processing /opt/airflow/dags/lcbo_pipeline_dag.py took 0.081 seconds
[2026-09-26T22:27:30.547+0000] {processor.py:161} INFO - Started process (PID=4058) to work on /opt/airflow/dags/lcbo_pipeline_dag.py
[2026-09-26T22:27:30.548+0000] {processor.py:830} INFO - Processing file /opt/airflow/dags/lcbo_pipeline_dag.py for tasks to queue
[2026-09-26T22:27:30.549+0000] {logging_mixin.py:188} INFO - [2026-09-26T22:27:30.549+0000] {dagbag.py:545} INFO - Filling up the DagBag from /opt/airflow/dags/lcbo_pipeline_dag.py
[2026-09-26T22:27:30.582+0000] {processor.py:840} INFO - DAG(s) 'medallion_settlement_pipeline' retrieved from /opt/airflow/dags/lcbo_pipeline_dag.py
[2026-09-26T22:27:30.600+0000] {logging_mixin.py:188} INFO - [2026-09-26T22:27:30.600+0000] {dag.py:3089} INFO - Sync 1 DAGs
[2026-09-26T22:27:30.610+0000] {logging_mixin.py:188} INFO - [2026-09-26T22:27:30.610+0000] {dag.py:3947} INFO - Setting next_dagrun for medallion_settlement_pipeline to None, run_after=None
[2026-09-26T22:27:30.627+0000] {processor.py:183} INFO - Processing /opt/airflow/dags/lcbo_pipeline_dag.py took 0.084 seconds
[2026-09-26T22:28:00.839+0000] {processor.py:161} INFO - Started process (PID=4069) to work on /opt/airflow/dags/lcbo_pipeline_dag.py
[2026-09-26T22:28:00.840+0000] {processor.py:830} INFO - Processing file /opt/airflow/dags/lcbo_pipeline_dag.py for tasks to queue
[2026-09-26T22:28:00.842+0000] {logging_mixin.py:188} INFO - [2026-09-26T22:28:00.842+0000] {dagbag.py:545} INFO - Filling up the DagBag from /opt/airflow/dags/lcbo_pipeline_dag.py
[2026-09-26T22:28:00.880+0000] {processor.py:840} INFO - DAG(s) 'medallion_settlement_pipeline' retrieved from /opt/airflow/dags/lcbo_pipeline_dag.py
[2026-09-26T22:28:00.898+0000] {logging_mixin.py:188} INFO - [2026-09-26T22:28:00.898+0000] {dag.py:3089} INFO - Sync 1 DAGs
[2026-09-26T22:28:00.909+0000] {logging_mixin.py:188} INFO - [2026-09-26T22:28:00.909+0000] {dag.py:3947} INFO - Setting next_dagrun for medallion_settlement_pipeline to None, run_after=None
[2026-09-26T22:28:00.926+0000] {processor.py:183} INFO - Processing /opt/airflow/dags/lcbo_pipeline_dag.py took 0.092 seconds
[2026-09-26T22:28:31.044+0000] {processor.py:161} INFO - Started process (PID=4080) to work on /opt/airflow/dags/lcbo_pipeline_dag.py
[2026-09-26T22:28:31.046+0000] {processor.py:830} INFO - Processing file /opt/airflow/dags/lcbo_pipeline_dag.py for tasks to queue
[2026-09-26T22:28:31.047+0000] {logging_mixin.py:188} INFO - [2026-09-26T22:28:31.047+0000] {dagbag.py:545} INFO - Filling up the DagBag from /opt/airflow/dags/lcbo_pipeline_dag.py
[2026-09-26T22:28:31.079+0000] {processor.py:840} INFO - DAG(s) 'medallion_settlement_pipeline' retrieved from /opt/airflow/dags/lcbo_pipeline_dag.py
[2026-09-26T22:28:31.095+0000] {logging_mixin.py:188} INFO - [2026-09-26T22:28:31.095+0000] {dag.py:3089} INFO - Sync 1 DAGs
[2026-09-26T22:28:31.104+0000] {logging_mixin.py:188} INFO - [2026-09-26T22:28:31.104+0000] {dag.py:3947} INFO - Setting next_dagrun for medallion_settlement_pipeline to None, run_after=None
[2026-09-26T22:28:31.121+0000] {processor.py:183} INFO - Processing /opt/airflow/dags/lcbo_pipeline_dag.py took 0.080 seconds
[2026-09-26T22:29:01.297+0000] {processor.py:161} INFO - Started process (PID=4091) to work on /opt/airflow/dags/lcbo_pipeline_dag.py
[2026-09-26T22:29:01.298+0000] {processor.py:830} INFO - Processing file /opt/airflow/dags/lcbo_pipeline_dag.py for tasks to queue
[2026-09-26T22:29:01.299+0000] {logging_mixin.py:188} INFO - [2026-09-26T22:29:01.299+0000] {dagbag.py:545} INFO - Filling up the DagBag from /opt/airflow/dags/lcbo_pipeline_dag.py
[2026-09-26T22:29:01.329+0000] {processor.py:840} INFO - DAG(s) 'medallion_settlement_pipeline' retrieved from /opt/airflow/dags/lcbo_pipeline_dag.py
[2026-09-26T22:29:01.345+0000] {logging_mixin.py:188} INFO - [2026-09-26T22:29:01.345+0000] {dag.py:3089} INFO - Sync 1 DAGs
[2026-09-26T22:29:01.355+0000] {logging_mixin.py:188} INFO - [2026-09-26T22:29:01.354+0000] {dag.py:3947} INFO - Setting next_dagrun for medallion_settlement_pipeline to None, run_after=None
[2026-09-26T22:29:01.371+0000] {processor.py:183} INFO - Processing /opt/airflow/dags/lcbo_pipeline_dag.py took 0.078 seconds
[2026-09-26T22:29:31.490+0000] {processor.py:161} INFO - Started process (PID=4102) to work on /opt/airflow/dags/lcbo_pipeline_dag.py
[2026-09-26T22:29:31.491+0000] {processor.py:830} INFO - Processing file /opt/airflow/dags/lcbo_pipeline_dag.py for tasks to queue
[2026-09-26T22:29:31.493+0000] {logging_mixin.py:188} INFO - [2026-09-26T22:29:31.493+0000] {dagbag.py:545} INFO - Filling up the DagBag from /opt/airflow/dags/lcbo_pipeline_dag.py
[2026-09-26T22:29:31.526+0000] {processor.py:840} INFO - DAG(s) 'medallion_settlement_pipeline' retrieved from /opt/airflow/dags/lcbo_pipeline_dag.py
[2026-09-26T22:29:31.544+0000] {logging_mixin.py:188} INFO - [2026-09-26T22:29:31.544+0000] {dag.py:3089} INFO - Sync 1 DAGs
[2026-09-26T22:29:31.561+0000] {logging_mixin.py:188} INFO - [2026-09-26T22:29:31.560+0000] {dag.py:3947} INFO - Setting next_dagrun for medallion_settlement_pipeline to None, run_after=None
[2026-09-26T22:29:31.580+0000] {processor.py:183} INFO - Processing /opt/airflow/dags/lcbo_pipeline_dag.py took 0.094 seconds
[2026-09-26T22:30:01.740+0000] {processor.py:161} INFO - Started process (PID=4113) to work on /opt/airflow/dags/lcbo_pipeline_dag.py
[2026-09-26T22:30:01.742+0000] {processor.py:830} INFO - Processing file /opt/airflow/dags/lcbo_pipeline_dag.py for tasks to queue
[2026-09-26T22:30:01.743+0000] {logging_mixin.py:188} INFO - [2026-09-26T22:30:01.743+0000] {dagbag.py:545} INFO - Filling up the DagBag from /opt/airflow/dags/lcbo_pipeline_dag.py
[2026-09-26T22:30:01.776+0000] {processor.py:840} INFO - DAG(s) 'medallion_settlement_pipeline' retrieved from /opt/airflow/dags/lcbo_pipeline_dag.py
[2026-09-26T22:30:01.792+0000] {logging_mixin.py:188} INFO - [2026-09-26T22:30:01.792+0000] {dag.py:3089} INFO - Sync 1 DAGs
[2026-09-26T22:30:01.801+0000] {logging_mixin.py:188} INFO - [2026-09-26T22:30:01.801+0000] {dag.py:3947} INFO - Setting next_dagrun for medallion_settlement_pipeline to None, run_after=None
[2026-09-26T22:30:01.818+0000] {processor.py:183} INFO - Processing /opt/airflow/dags/lcbo_pipeline_dag.py took 0.083 seconds
[2026-09-26T22:30:31.948+0000] {processor.py:161} INFO - Started process (PID=4124) to work on /opt/airflow/dags/lcbo_pipeline_dag.py
[2026-09-26T22:30:31.949+0000] {processor.py:830} INFO - Processing file /opt/airflow/dags/lcbo_pipeline_dag.py for tasks to queue
[2026-09-26T22:30:31.951+0000] {logging_mixin.py:188} INFO - [2026-09-26T22:30:31.951+0000] {dagbag.py:545} INFO - Filling up the DagBag from /opt/airflow/dags/lcbo_pipeline_dag.py
[2026-09-26T22:30:31.985+0000] {processor.py:840} INFO - DAG(s) 'medallion_settlement_pipeline' retrieved from /opt/airflow/dags/lcbo_pipeline_dag.py
[2026-09-26T22:30:32.002+0000] {logging_mixin.py:188} INFO - [2026-09-26T22:30:32.002+0000] {dag.py:3089} INFO - Sync 1 DAGs
[2026-09-26T22:30:32.012+0000] {logging_mixin.py:188} INFO - [2026-09-26T22:30:32.012+0000] {dag.py:3947} INFO - Setting next_dagrun for medallion_settlement_pipeline to None, run_after=None
[2026-09-26T22:30:32.029+0000] {processor.py:183} INFO - Processing /opt/airflow/dags/lcbo_pipeline_dag.py took 0.085 seconds
[2026-09-26T22:31:02.186+0000] {processor.py:161} INFO - Started process (PID=4135) to work on /opt/airflow/dags/lcbo_pipeline_dag.py
[2026-09-26T22:31:02.187+0000] {processor.py:830} INFO - Processing file /opt/airflow/dags/lcbo_pipeline_dag.py for tasks to queue
[2026-09-26T22:31:02.189+0000] {logging_mixin.py:188} INFO - [2026-09-26T22:31:02.189+0000] {dagbag.py:545} INFO - Filling up the DagBag from /opt/airflow/dags/lcbo_pipeline_dag.py
[2026-09-26T22:31:02.220+0000] {processor.py:840} INFO - DAG(s) 'medallion_settlement_pipeline' retrieved from /opt/airflow/dags/lcbo_pipeline_dag.py
[2026-09-26T22:31:02.236+0000] {logging_mixin.py:188} INFO - [2026-09-26T22:31:02.236+0000] {dag.py:3089} INFO - Sync 1 DAGs
[2026-09-26T22:31:02.244+0000] {logging_mixin.py:188} INFO - [2026-09-26T22:31:02.244+0000] {dag.py:3947} INFO - Setting next_dagrun for medallion_settlement_pipeline to None, run_after=None
[2026-09-26T22:31:02.259+0000] {processor.py:183} INFO - Processing /opt/airflow/dags/lcbo_pipeline_dag.py took 0.078 seconds
[2026-09-26T22:31:32.389+0000] {processor.py:161} INFO - Started process (PID=4146) to work on /opt/airflow/dags/lcbo_pipeline_dag.py
[2026-09-26T22:31:32.390+0000] {processor.py:830} INFO - Processing file /opt/airflow/dags/lcbo_pipeline_dag.py for tasks to queue
[2026-09-26T22:31:32.392+0000] {logging_mixin.py:188} INFO - [2026-09-26T22:31:32.392+0000] {dagbag.py:545} INFO - Filling up the DagBag from /opt/airflow/dags/lcbo_pipeline_dag.py
[2026-09-26T22:31:32.423+0000] {processor.py:840} INFO - DAG(s) 'medallion_settlement_pipeline' retrieved from /opt/airflow/dags/lcbo_pipeline_dag.py
[2026-09-26T22:31:32.438+0000] {logging_mixin.py:188} INFO - [2026-09-26T22:31:32.438+0000] {dag.py:3089} INFO - Sync 1 DAGs
[2026-09-26T22:31:32.448+0000] {logging_mixin.py:188} INFO - [2026-09-26T22:31:32.447+0000] {dag.py:3947} INFO - Setting next_dagrun for medallion_settlement_pipeline to None, run_after=None
[2026-09-26T22:31:32.465+0000] {processor.py:183} INFO - Processing /opt/airflow/dags/lcbo_pipeline_dag.py took 0.080 seconds
[2026-09-26T22:32:02.626+0000] {processor.py:161} INFO - Started process (PID=4157) to work on /opt/airflow/dags/lcbo_pipeline_dag.py
[2026-09-26T22:32:02.627+0000] {processor.py:830} INFO - Processing file /opt/airflow/dags/lcbo_pipeline_dag.py for tasks to queue
[2026-09-26T22:32:02.629+0000] {logging_mixin.py:188} INFO - [2026-09-26T22:32:02.629+0000] {dagbag.py:545} INFO - Filling up the DagBag from /opt/airflow/dags/lcbo_pipeline_dag.py
[2026-09-26T22:32:02.661+0000] {processor.py:840} INFO - DAG(s) 'medallion_settlement_pipeline' retrieved from /opt/airflow/dags/lcbo_pipeline_dag.py
[2026-09-26T22:32:02.678+0000] {logging_mixin.py:188} INFO - [2026-09-26T22:32:02.678+0000] {dag.py:3089} INFO - Sync 1 DAGs
[2026-09-26T22:32:02.690+0000] {logging_mixin.py:188} INFO - [2026-09-26T22:32:02.690+0000] {dag.py:3947} INFO - Setting next_dagrun for medallion_settlement_pipeline to None, run_after=None
[2026-09-26T22:32:02.706+0000] {processor.py:183} INFO - Processing /opt/airflow/dags/lcbo_pipeline_dag.py took 0.084 seconds
[2026-09-26T22:32:32.840+0000] {processor.py:161} INFO - Started process (PID=4168) to work on /opt/airflow/dags/lcbo_pipeline_dag.py
[2026-09-26T22:32:32.841+0000] {processor.py:830} INFO - Processing file /opt/airflow/dags/lcbo_pipeline_dag.py for tasks to queue
[2026-09-26T22:32:32.843+0000] {logging_mixin.py:188} INFO - [2026-09-26T22:32:32.842+0000] {dagbag.py:545} INFO - Filling up the DagBag from /opt/airflow/dags/lcbo_pipeline_dag.py
[2026-09-26T22:32:32.876+0000] {processor.py:840} INFO - DAG(s) 'medallion_settlement_pipeline' retrieved from /opt/airflow/dags/lcbo_pipeline_dag.py
[2026-09-26T22:32:32.893+0000] {logging_mixin.py:188} INFO - [2026-09-26T22:32:32.892+0000] {dag.py:3089} INFO - Sync 1 DAGs
[2026-09-26T22:32:32.902+0000] {logging_mixin.py:188} INFO - [2026-09-26T22:32:32.902+0000] {dag.py:3947} INFO - Setting next_dagrun for medallion_settlement_pipeline to None, run_after=None
[2026-09-26T22:32:32.918+0000] {processor.py:183} INFO - Processing /opt/airflow/dags/lcbo_pipeline_dag.py took 0.082 seconds
[2026-09-26T22:33:03.113+0000] {processor.py:161} INFO - Started process (PID=4179) to work on /opt/airflow/dags/lcbo_pipeline_dag.py
[2026-09-26T22:33:03.114+0000] {processor.py:830} INFO - Processing file /opt/airflow/dags/lcbo_pipeline_dag.py for tasks to queue
[2026-09-26T22:33:03.116+0000] {logging_mixin.py:188} INFO - [2026-09-26T22:33:03.115+0000] {dagbag.py:545} INFO - Filling up the DagBag from /opt/airflow/dags/lcbo_pipeline_dag.py
[2026-09-26T22:33:03.149+0000] {processor.py:840} INFO - DAG(s) 'medallion_settlement_pipeline' retrieved from /opt/airflow/dags/lcbo_pipeline_dag.py
[2026-09-26T22:33:03.167+0000] {logging_mixin.py:188} INFO - [2026-09-26T22:33:03.167+0000] {dag.py:3089} INFO - Sync 1 DAGs
[2026-09-26T22:33:03.177+0000] {logging_mixin.py:188} INFO - [2026-09-26T22:33:03.177+0000] {dag.py:3947} INFO - Setting next_dagrun for medallion_settlement_pipeline to None, run_after=None
[2026-09-26T22:33:03.192+0000] {processor.py:183} INFO - Processing /opt/airflow/dags/lcbo_pipeline_dag.py took 0.083 seconds
[2026-09-26T22:33:33.319+0000] {processor.py:161} INFO - Started process (PID=4190) to work on /opt/airflow/dags/lcbo_pipeline_dag.py
[2026-09-26T22:33:33.321+0000] {processor.py:830} INFO - Processing file /opt/airflow/dags/lcbo_pipeline_dag.py for tasks to queue
[2026-09-26T22:33:33.322+0000] {logging_mixin.py:188} INFO - [2026-09-26T22:33:33.322+0000] {dagbag.py:545} INFO - Filling up the DagBag from /opt/airflow/dags/lcbo_pipeline_dag.py
[2026-09-26T22:33:33.356+0000] {processor.py:840} INFO - DAG(s) 'medallion_settlement_pipeline' retrieved from /opt/airflow/dags/lcbo_pipeline_dag.py
[2026-09-26T22:33:33.374+0000] {logging_mixin.py:188} INFO - [2026-09-26T22:33:33.374+0000] {dag.py:3089} INFO - Sync 1 DAGs
[2026-09-26T22:33:33.385+0000] {logging_mixin.py:188} INFO - [2026-09-26T22:33:33.385+0000] {dag.py:3947} INFO - Setting next_dagrun for medallion_settlement_pipeline to None, run_after=None
[2026-09-26T22:33:33.403+0000] {processor.py:183} INFO - Processing /opt/airflow/dags/lcbo_pipeline_dag.py took 0.089 seconds
[2026-09-26T22:34:03.546+0000] {processor.py:161} INFO - Started process (PID=4201) to work on /opt/airflow/dags/lcbo_pipeline_dag.py
[2026-09-26T22:34:03.547+0000] {processor.py:830} INFO - Processing file /opt/airflow/dags/lcbo_pipeline_dag.py for tasks to queue
[2026-09-26T22:34:03.549+0000] {logging_mixin.py:188} INFO - [2026-09-26T22:34:03.549+0000] {dagbag.py:545} INFO - Filling up the DagBag from /opt/airflow/dags/lcbo_pipeline_dag.py
[2026-09-26T22:34:03.582+0000] {processor.py:840} INFO - DAG(s) 'medallion_settlement_pipeline' retrieved from /opt/airflow/dags/lcbo_pipeline_dag.py
[2026-09-26T22:34:03.599+0000] {logging_mixin.py:188} INFO - [2026-09-26T22:34:03.599+0000] {dag.py:3089} INFO - Sync 1 DAGs
[2026-09-26T22:34:03.611+0000] {logging_mixin.py:188} INFO - [2026-09-26T22:34:03.611+0000] {dag.py:3947} INFO - Setting next_dagrun for medallion_settlement_pipeline to None, run_after=None
[2026-09-26T22:34:03.627+0000] {processor.py:183} INFO - Processing /opt/airflow/dags/lcbo_pipeline_dag.py took 0.084 seconds
[2026-09-26T22:34:33.766+0000] {processor.py:161} INFO - Started process (PID=4212) to work on /opt/airflow/dags/lcbo_pipeline_dag.py
[2026-09-26T22:34:33.767+0000] {processor.py:830} INFO - Processing file /opt/airflow/dags/lcbo_pipeline_dag.py for tasks to queue
[2026-09-26T22:34:33.770+0000] {logging_mixin.py:188} INFO - [2026-09-26T22:34:33.769+0000] {dagbag.py:545} INFO - Filling up the DagBag from /opt/airflow/dags/lcbo_pipeline_dag.py
[2026-09-26T22:34:33.802+0000] {processor.py:840} INFO - DAG(s) 'medallion_settlement_pipeline' retrieved from /opt/airflow/dags/lcbo_pipeline_dag.py
[2026-09-26T22:34:33.820+0000] {logging_mixin.py:188} INFO - [2026-09-26T22:34:33.819+0000] {dag.py:3089} INFO - Sync 1 DAGs
[2026-09-26T22:34:33.830+0000] {logging_mixin.py:188} INFO - [2026-09-26T22:34:33.830+0000] {dag.py:3947} INFO - Setting next_dagrun for medallion_settlement_pipeline to None, run_after=None
[2026-09-26T22:34:33.845+0000] {processor.py:183} INFO - Processing /opt/airflow/dags/lcbo_pipeline_dag.py took 0.084 seconds
[2026-09-26T22:35:03.984+0000] {processor.py:161} INFO - Started process (PID=4223) to work on /opt/airflow/dags/lcbo_pipeline_dag.py
[2026-09-26T22:35:03.985+0000] {processor.py:830} INFO - Processing file /opt/airflow/dags/lcbo_pipeline_dag.py for tasks to queue
[2026-09-26T22:35:03.987+0000] {logging_mixin.py:188} INFO - [2026-09-26T22:35:03.987+0000] {dagbag.py:545} INFO - Filling up the DagBag from /opt/airflow/dags/lcbo_pipeline_dag.py
[2026-09-26T22:35:04.019+0000] {processor.py:840} INFO - DAG(s) 'medallion_settlement_pipeline' retrieved from /opt/airflow/dags/lcbo_pipeline_dag.py
[2026-09-26T22:35:04.036+0000] {logging_mixin.py:188} INFO - [2026-09-26T22:35:04.036+0000] {dag.py:3089} INFO - Sync 1 DAGs
[2026-09-26T22:35:04.046+0000] {logging_mixin.py:188} INFO - [2026-09-26T22:35:04.045+0000] {dag.py:3947} INFO - Setting next_dagrun for medallion_settlement_pipeline to None, run_after=None
[2026-09-26T22:35:04.061+0000] {processor.py:183} INFO - Processing /opt/airflow/dags/lcbo_pipeline_dag.py took 0.081 seconds
[2026-09-26T22:35:34.198+0000] {processor.py:161} INFO - Started process (PID=4234) to work on /opt/airflow/dags/lcbo_pipeline_dag.py
[2026-09-26T22:35:34.199+0000] {processor.py:830} INFO - Processing file /opt/airflow/dags/lcbo_pipeline_dag.py for tasks to queue
[2026-09-26T22:35:34.200+0000] {logging_mixin.py:188} INFO - [2026-09-26T22:35:34.200+0000] {dagbag.py:545} INFO - Filling up the DagBag from /opt/airflow/dags/lcbo_pipeline_dag.py
[2026-09-26T22:35:34.237+0000] {processor.py:840} INFO - DAG(s) 'medallion_settlement_pipeline' retrieved from /opt/airflow/dags/lcbo_pipeline_dag.py
[2026-09-26T22:35:34.255+0000] {logging_mixin.py:188} INFO - [2026-09-26T22:35:34.255+0000] {dag.py:3089} INFO - Sync 1 DAGs
[2026-09-26T22:35:34.265+0000] {logging_mixin.py:188} INFO - [2026-09-26T22:35:34.265+0000] {dag.py:3947} INFO - Setting next_dagrun for medallion_settlement_pipeline to None, run_after=None
[2026-09-26T22:35:34.281+0000] {processor.py:183} INFO - Processing /opt/airflow/dags/lcbo_pipeline_dag.py took 0.087 seconds
[2026-09-26T22:36:04.424+0000] {processor.py:161} INFO - Started process (PID=4245) to work on /opt/airflow/dags/lcbo_pipeline_dag.py
[2026-09-26T22:36:04.425+0000] {processor.py:830} INFO - Processing file /opt/airflow/dags/lcbo_pipeline_dag.py for tasks to queue
[2026-09-26T22:36:04.427+0000] {logging_mixin.py:188} INFO - [2026-09-26T22:36:04.427+0000] {dagbag.py:545} INFO - Filling up the DagBag from /opt/airflow/dags/lcbo_pipeline_dag.py
[2026-09-26T22:36:04.474+0000] {processor.py:840} INFO - DAG(s) 'medallion_settlement_pipeline' retrieved from /opt/airflow/dags/lcbo_pipeline_dag.py
[2026-09-26T22:36:04.497+0000] {logging_mixin.py:188} INFO - [2026-09-26T22:36:04.497+0000] {dag.py:3089} INFO - Sync 1 DAGs
[2026-09-26T22:36:04.508+0000] {logging_mixin.py:188} INFO - [2026-09-26T22:36:04.508+0000] {dag.py:3947} INFO - Setting next_dagrun for medallion_settlement_pipeline to None, run_after=None
[2026-09-26T22:36:04.524+0000] {processor.py:183} INFO - Processing /opt/airflow/dags/lcbo_pipeline_dag.py took 0.105 seconds
[2026-09-26T22:36:34.658+0000] {processor.py:161} INFO - Started process (PID=4256) to work on /opt/airflow/dags/lcbo_pipeline_dag.py
[2026-09-26T22:36:34.659+0000] {processor.py:830} INFO - Processing file /opt/airflow/dags/lcbo_pipeline_dag.py for tasks to queue
[2026-09-26T22:36:34.661+0000] {logging_mixin.py:188} INFO - [2026-09-26T22:36:34.661+0000] {dagbag.py:545} INFO - Filling up the DagBag from /opt/airflow/dags/lcbo_pipeline_dag.py
[2026-09-26T22:36:34.696+0000] {processor.py:840} INFO - DAG(s) 'medallion_settlement_pipeline' retrieved from /opt/airflow/dags/lcbo_pipeline_dag.py
[2026-09-26T22:36:34.714+0000] {logging_mixin.py:188} INFO - [2026-09-26T22:36:34.713+0000] {dag.py:3089} INFO - Sync 1 DAGs
[2026-09-26T22:36:34.724+0000] {logging_mixin.py:188} INFO - [2026-09-26T22:36:34.724+0000] {dag.py:3947} INFO - Setting next_dagrun for medallion_settlement_pipeline to None, run_after=None
[2026-09-26T22:36:34.742+0000] {processor.py:183} INFO - Processing /opt/airflow/dags/lcbo_pipeline_dag.py took 0.089 seconds
[2026-09-26T22:37:04.906+0000] {processor.py:161} INFO - Started process (PID=4267) to work on /opt/airflow/dags/lcbo_pipeline_dag.py
[2026-09-26T22:37:04.907+0000] {processor.py:830} INFO - Processing file /opt/airflow/dags/lcbo_pipeline_dag.py for tasks to queue
[2026-09-26T22:37:04.909+0000] {logging_mixin.py:188} INFO - [2026-09-26T22:37:04.909+0000] {dagbag.py:545} INFO - Filling up the DagBag from /opt/airflow/dags/lcbo_pipeline_dag.py
[2026-09-26T22:37:04.940+0000] {processor.py:840} INFO - DAG(s) 'medallion_settlement_pipeline' retrieved from /opt/airflow/dags/lcbo_pipeline_dag.py
[2026-09-26T22:37:04.958+0000] {logging_mixin.py:188} INFO - [2026-09-26T22:37:04.957+0000] {dag.py:3089} INFO - Sync 1 DAGs
[2026-09-26T22:37:04.970+0000] {logging_mixin.py:188} INFO - [2026-09-26T22:37:04.970+0000] {dag.py:3947} INFO - Setting next_dagrun for medallion_settlement_pipeline to None, run_after=None
[2026-09-26T22:37:04.988+0000] {processor.py:183} INFO - Processing /opt/airflow/dags/lcbo_pipeline_dag.py took 0.086 seconds
[2026-09-26T22:37:35.110+0000] {processor.py:161} INFO - Started process (PID=4278) to work on /opt/airflow/dags/lcbo_pipeline_dag.py
[2026-09-26T22:37:35.111+0000] {processor.py:830} INFO - Processing file /opt/airflow/dags/lcbo_pipeline_dag.py for tasks to queue
[2026-09-26T22:37:35.113+0000] {logging_mixin.py:188} INFO - [2026-09-26T22:37:35.112+0000] {dagbag.py:545} INFO - Filling up the DagBag from /opt/airflow/dags/lcbo_pipeline_dag.py
[2026-09-26T22:37:35.145+0000] {processor.py:840} INFO - DAG(s) 'medallion_settlement_pipeline' retrieved from /opt/airflow/dags/lcbo_pipeline_dag.py
[2026-09-26T22:37:35.162+0000] {logging_mixin.py:188} INFO - [2026-09-26T22:37:35.162+0000] {dag.py:3089} INFO - Sync 1 DAGs
[2026-09-26T22:37:35.174+0000] {logging_mixin.py:188} INFO - [2026-09-26T22:37:35.173+0000] {dag.py:3947} INFO - Setting next_dagrun for medallion_settlement_pipeline to None, run_after=None
[2026-09-26T22:37:35.195+0000] {processor.py:183} INFO - Processing /opt/airflow/dags/lcbo_pipeline_dag.py took 0.089 seconds
[2026-09-26T22:38:05.398+0000] {processor.py:161} INFO - Started process (PID=4289) to work on /opt/airflow/dags/lcbo_pipeline_dag.py
[2026-09-26T22:38:05.400+0000] {processor.py:830} INFO - Processing file /opt/airflow/dags/lcbo_pipeline_dag.py for tasks to queue
[2026-09-26T22:38:05.401+0000] {logging_mixin.py:188} INFO - [2026-09-26T22:38:05.401+0000] {dagbag.py:545} INFO - Filling up the DagBag from /opt/airflow/dags/lcbo_pipeline_dag.py
[2026-09-26T22:38:05.432+0000] {processor.py:840} INFO - DAG(s) 'medallion_settlement_pipeline' retrieved from /opt/airflow/dags/lcbo_pipeline_dag.py
[2026-09-26T22:38:05.450+0000] {logging_mixin.py:188} INFO - [2026-09-26T22:38:05.449+0000] {dag.py:3089} INFO - Sync 1 DAGs
[2026-09-26T22:38:05.459+0000] {logging_mixin.py:188} INFO - [2026-09-26T22:38:05.459+0000] {dag.py:3947} INFO - Setting next_dagrun for medallion_settlement_pipeline to None, run_after=None
[2026-09-26T22:38:05.478+0000] {processor.py:183} INFO - Processing /opt/airflow/dags/lcbo_pipeline_dag.py took 0.083 seconds
[2026-09-26T22:38:35.594+0000] {processor.py:161} INFO - Started process (PID=4300) to work on /opt/airflow/dags/lcbo_pipeline_dag.py
[2026-09-26T22:38:35.595+0000] {processor.py:830} INFO - Processing file /opt/airflow/dags/lcbo_pipeline_dag.py for tasks to queue
[2026-09-26T22:38:35.597+0000] {logging_mixin.py:188} INFO - [2026-09-26T22:38:35.596+0000] {dagbag.py:545} INFO - Filling up the DagBag from /opt/airflow/dags/lcbo_pipeline_dag.py
[2026-09-26T22:38:35.628+0000] {processor.py:840} INFO - DAG(s) 'medallion_settlement_pipeline' retrieved from /opt/airflow/dags/lcbo_pipeline_dag.py
[2026-09-26T22:38:35.646+0000] {logging_mixin.py:188} INFO - [2026-09-26T22:38:35.645+0000] {dag.py:3089} INFO - Sync 1 DAGs
[2026-09-26T22:38:35.655+0000] {logging_mixin.py:188} INFO - [2026-09-26T22:38:35.655+0000] {dag.py:3947} INFO - Setting next_dagrun for medallion_settlement_pipeline to None, run_after=None
[2026-09-26T22:38:35.672+0000] {processor.py:183} INFO - Processing /opt/airflow/dags/lcbo_pipeline_dag.py took 0.083 seconds
[2026-09-26T22:39:05.841+0000] {processor.py:161} INFO - Started process (PID=4311) to work on /opt/airflow/dags/lcbo_pipeline_dag.py
[2026-09-26T22:39:05.842+0000] {processor.py:830} INFO - Processing file /opt/airflow/dags/lcbo_pipeline_dag.py for tasks to queue
[2026-09-26T22:39:05.844+0000] {logging_mixin.py:188} INFO - [2026-09-26T22:39:05.844+0000] {dagbag.py:545} INFO - Filling up the DagBag from /opt/airflow/dags/lcbo_pipeline_dag.py
[2026-09-26T22:39:05.874+0000] {processor.py:840} INFO - DAG(s) 'medallion_settlement_pipeline' retrieved from /opt/airflow/dags/lcbo_pipeline_dag.py
[2026-09-26T22:39:05.890+0000] {logging_mixin.py:188} INFO - [2026-09-26T22:39:05.890+0000] {dag.py:3089} INFO - Sync 1 DAGs
[2026-09-26T22:39:05.899+0000] {logging_mixin.py:188} INFO - [2026-09-26T22:39:05.899+0000] {dag.py:3947} INFO - Setting next_dagrun for medallion_settlement_pipeline to None, run_after=None
[2026-09-26T22:39:05.912+0000] {processor.py:183} INFO - Processing /opt/airflow/dags/lcbo_pipeline_dag.py took 0.075 seconds
[2026-09-26T22:39:36.041+0000] {processor.py:161} INFO - Started process (PID=4322) to work on /opt/airflow/dags/lcbo_pipeline_dag.py
[2026-09-26T22:39:36.042+0000] {processor.py:830} INFO - Processing file /opt/airflow/dags/lcbo_pipeline_dag.py for tasks to queue
[2026-09-26T22:39:36.044+0000] {logging_mixin.py:188} INFO - [2026-09-26T22:39:36.043+0000] {dagbag.py:545} INFO - Filling up the DagBag from /opt/airflow/dags/lcbo_pipeline_dag.py
[2026-09-26T22:39:36.076+0000] {processor.py:840} INFO - DAG(s) 'medallion_settlement_pipeline' retrieved from /opt/airflow/dags/lcbo_pipeline_dag.py
[2026-09-26T22:39:36.093+0000] {logging_mixin.py:188} INFO - [2026-09-26T22:39:36.092+0000] {dag.py:3089} INFO - Sync 1 DAGs
[2026-09-26T22:39:36.102+0000] {logging_mixin.py:188} INFO - [2026-09-26T22:39:36.101+0000] {dag.py:3947} INFO - Setting next_dagrun for medallion_settlement_pipeline to None, run_after=None
[2026-09-26T22:39:36.117+0000] {processor.py:183} INFO - Processing /opt/airflow/dags/lcbo_pipeline_dag.py took 0.079 seconds
[2026-09-26T22:40:06.290+0000] {processor.py:161} INFO - Started process (PID=4333) to work on /opt/airflow/dags/lcbo_pipeline_dag.py
[2026-09-26T22:40:06.291+0000] {processor.py:830} INFO - Processing file /opt/airflow/dags/lcbo_pipeline_dag.py for tasks to queue
[2026-09-26T22:40:06.293+0000] {logging_mixin.py:188} INFO - [2026-09-26T22:40:06.292+0000] {dagbag.py:545} INFO - Filling up the DagBag from /opt/airflow/dags/lcbo_pipeline_dag.py
[2026-09-26T22:40:06.324+0000] {processor.py:840} INFO - DAG(s) 'medallion_settlement_pipeline' retrieved from /opt/airflow/dags/lcbo_pipeline_dag.py
[2026-09-26T22:40:06.340+0000] {logging_mixin.py:188} INFO - [2026-09-26T22:40:06.339+0000] {dag.py:3089} INFO - Sync 1 DAGs
[2026-09-26T22:40:06.349+0000] {logging_mixin.py:188} INFO - [2026-09-26T22:40:06.348+0000] {dag.py:3947} INFO - Setting next_dagrun for medallion_settlement_pipeline to None, run_after=None
[2026-09-26T22:40:06.366+0000] {processor.py:183} INFO - Processing /opt/airflow/dags/lcbo_pipeline_dag.py took 0.079 seconds
[2026-09-26T22:40:36.488+0000] {processor.py:161} INFO - Started process (PID=4344) to work on /opt/airflow/dags/lcbo_pipeline_dag.py
[2026-09-26T22:40:36.489+0000] {processor.py:830} INFO - Processing file /opt/airflow/dags/lcbo_pipeline_dag.py for tasks to queue
[2026-09-26T22:40:36.491+0000] {logging_mixin.py:188} INFO - [2026-09-26T22:40:36.491+0000] {dagbag.py:545} INFO - Filling up the DagBag from /opt/airflow/dags/lcbo_pipeline_dag.py
[2026-09-26T22:40:36.521+0000] {processor.py:840} INFO - DAG(s) 'medallion_settlement_pipeline' retrieved from /opt/airflow/dags/lcbo_pipeline_dag.py
[2026-09-26T22:40:36.538+0000] {logging_mixin.py:188} INFO - [2026-09-26T22:40:36.538+0000] {dag.py:3089} INFO - Sync 1 DAGs
[2026-09-26T22:40:36.547+0000] {logging_mixin.py:188} INFO - [2026-09-26T22:40:36.547+0000] {dag.py:3947} INFO - Setting next_dagrun for medallion_settlement_pipeline to None, run_after=None
[2026-09-26T22:40:36.562+0000] {processor.py:183} INFO - Processing /opt/airflow/dags/lcbo_pipeline_dag.py took 0.078 seconds
[2026-09-26T22:41:06.746+0000] {processor.py:161} INFO - Started process (PID=4355) to work on /opt/airflow/dags/lcbo_pipeline_dag.py
[2026-09-26T22:41:06.748+0000] {processor.py:830} INFO - Processing file /opt/airflow/dags/lcbo_pipeline_dag.py for tasks to queue
[2026-09-26T22:41:06.750+0000] {logging_mixin.py:188} INFO - [2026-09-26T22:41:06.750+0000] {dagbag.py:545} INFO - Filling up the DagBag from /opt/airflow/dags/lcbo_pipeline_dag.py
[2026-09-26T22:41:06.784+0000] {processor.py:840} INFO - DAG(s) 'medallion_settlement_pipeline' retrieved from /opt/airflow/dags/lcbo_pipeline_dag.py
[2026-09-26T22:41:06.804+0000] {logging_mixin.py:188} INFO - [2026-09-26T22:41:06.803+0000] {dag.py:3089} INFO - Sync 1 DAGs
[2026-09-26T22:41:06.815+0000] {logging_mixin.py:188} INFO - [2026-09-26T22:41:06.815+0000] {dag.py:3947} INFO - Setting next_dagrun for medallion_settlement_pipeline to None, run_after=None
[2026-09-26T22:41:06.833+0000] {processor.py:183} INFO - Processing /opt/airflow/dags/lcbo_pipeline_dag.py took 0.092 seconds
[2026-09-26T22:41:36.938+0000] {processor.py:161} INFO - Started process (PID=4366) to work on /opt/airflow/dags/lcbo_pipeline_dag.py
[2026-09-26T22:41:36.939+0000] {processor.py:830} INFO - Processing file /opt/airflow/dags/lcbo_pipeline_dag.py for tasks to queue
[2026-09-26T22:41:36.940+0000] {logging_mixin.py:188} INFO - [2026-09-26T22:41:36.940+0000] {dagbag.py:545} INFO - Filling up the DagBag from /opt/airflow/dags/lcbo_pipeline_dag.py
[2026-09-26T22:41:36.971+0000] {processor.py:840} INFO - DAG(s) 'medallion_settlement_pipeline' retrieved from /opt/airflow/dags/lcbo_pipeline_dag.py
[2026-09-26T22:41:36.987+0000] {logging_mixin.py:188} INFO - [2026-09-26T22:41:36.986+0000] {dag.py:3089} INFO - Sync 1 DAGs
[2026-09-26T22:41:36.995+0000] {logging_mixin.py:188} INFO - [2026-09-26T22:41:36.995+0000] {dag.py:3947} INFO - Setting next_dagrun for medallion_settlement_pipeline to None, run_after=None
[2026-09-26T22:41:37.010+0000] {processor.py:183} INFO - Processing /opt/airflow/dags/lcbo_pipeline_dag.py took 0.076 seconds
[2026-09-26T22:42:07.201+0000] {processor.py:161} INFO - Started process (PID=4377) to work on /opt/airflow/dags/lcbo_pipeline_dag.py
[2026-09-26T22:42:07.202+0000] {processor.py:830} INFO - Processing file /opt/airflow/dags/lcbo_pipeline_dag.py for tasks to queue
[2026-09-26T22:42:07.204+0000] {logging_mixin.py:188} INFO - [2026-09-26T22:42:07.203+0000] {dagbag.py:545} INFO - Filling up the DagBag from /opt/airflow/dags/lcbo_pipeline_dag.py
[2026-09-26T22:42:07.234+0000] {processor.py:840} INFO - DAG(s) 'medallion_settlement_pipeline' retrieved from /opt/airflow/dags/lcbo_pipeline_dag.py
[2026-09-26T22:42:07.250+0000] {logging_mixin.py:188} INFO - [2026-09-26T22:42:07.249+0000] {dag.py:3089} INFO - Sync 1 DAGs
[2026-09-26T22:42:07.260+0000] {logging_mixin.py:188} INFO - [2026-09-26T22:42:07.260+0000] {dag.py:3947} INFO - Setting next_dagrun for medallion_settlement_pipeline to None, run_after=None
[2026-09-26T22:42:07.277+0000] {processor.py:183} INFO - Processing /opt/airflow/dags/lcbo_pipeline_dag.py took 0.080 seconds
[2026-09-26T22:42:37.404+0000] {processor.py:161} INFO - Started process (PID=4388) to work on /opt/airflow/dags/lcbo_pipeline_dag.py
[2026-09-26T22:42:37.405+0000] {processor.py:830} INFO - Processing file /opt/airflow/dags/lcbo_pipeline_dag.py for tasks to queue
[2026-09-26T22:42:37.407+0000] {logging_mixin.py:188} INFO - [2026-09-26T22:42:37.407+0000] {dagbag.py:545} INFO - Filling up the DagBag from /opt/airflow/dags/lcbo_pipeline_dag.py
[2026-09-26T22:42:37.438+0000] {processor.py:840} INFO - DAG(s) 'medallion_settlement_pipeline' retrieved from /opt/airflow/dags/lcbo_pipeline_dag.py
[2026-09-26T22:42:37.453+0000] {logging_mixin.py:188} INFO - [2026-09-26T22:42:37.453+0000] {dag.py:3089} INFO - Sync 1 DAGs
[2026-09-26T22:42:37.463+0000] {logging_mixin.py:188} INFO - [2026-09-26T22:42:37.463+0000] {dag.py:3947} INFO - Setting next_dagrun for medallion_settlement_pipeline to None, run_after=None
[2026-09-26T22:42:37.478+0000] {processor.py:183} INFO - Processing /opt/airflow/dags/lcbo_pipeline_dag.py took 0.079 seconds
[2026-09-26T22:43:07.677+0000] {processor.py:161} INFO - Started process (PID=4399) to work on /opt/airflow/dags/lcbo_pipeline_dag.py
[2026-09-26T22:43:07.678+0000] {processor.py:830} INFO - Processing file /opt/airflow/dags/lcbo_pipeline_dag.py for tasks to queue
[2026-09-26T22:43:07.679+0000] {logging_mixin.py:188} INFO - [2026-09-26T22:43:07.679+0000] {dagbag.py:545} INFO - Filling up the DagBag from /opt/airflow/dags/lcbo_pipeline_dag.py
[2026-09-26T22:43:07.715+0000] {processor.py:840} INFO - DAG(s) 'medallion_settlement_pipeline' retrieved from /opt/airflow/dags/lcbo_pipeline_dag.py
[2026-09-26T22:43:07.731+0000] {logging_mixin.py:188} INFO - [2026-09-26T22:43:07.731+0000] {dag.py:3089} INFO - Sync 1 DAGs
[2026-09-26T22:43:07.742+0000] {logging_mixin.py:188} INFO - [2026-09-26T22:43:07.742+0000] {dag.py:3947} INFO - Setting next_dagrun for medallion_settlement_pipeline to None, run_after=None
[2026-09-26T22:43:07.761+0000] {processor.py:183} INFO - Processing /opt/airflow/dags/lcbo_pipeline_dag.py took 0.089 seconds
[2026-09-26T22:43:37.875+0000] {processor.py:161} INFO - Started process (PID=4410) to work on /opt/airflow/dags/lcbo_pipeline_dag.py
[2026-09-26T22:43:37.876+0000] {processor.py:830} INFO - Processing file /opt/airflow/dags/lcbo_pipeline_dag.py for tasks to queue
[2026-09-26T22:43:37.878+0000] {logging_mixin.py:188} INFO - [2026-09-26T22:43:37.878+0000] {dagbag.py:545} INFO - Filling up the DagBag from /opt/airflow/dags/lcbo_pipeline_dag.py
[2026-09-26T22:43:37.916+0000] {processor.py:840} INFO - DAG(s) 'medallion_settlement_pipeline' retrieved from /opt/airflow/dags/lcbo_pipeline_dag.py
[2026-09-26T22:43:37.938+0000] {logging_mixin.py:188} INFO - [2026-09-26T22:43:37.937+0000] {dag.py:3089} INFO - Sync 1 DAGs
[2026-09-26T22:43:37.949+0000] {logging_mixin.py:188} INFO - [2026-09-26T22:43:37.949+0000] {dag.py:3947} INFO - Setting next_dagrun for medallion_settlement_pipeline to None, run_after=None
[2026-09-26T22:43:37.968+0000] {processor.py:183} INFO - Processing /opt/airflow/dags/lcbo_pipeline_dag.py took 0.098 seconds
[2026-09-26T22:44:08.151+0000] {processor.py:161} INFO - Started process (PID=4421) to work on /opt/airflow/dags/lcbo_pipeline_dag.py
[2026-09-26T22:44:08.152+0000] {processor.py:830} INFO - Processing file /opt/airflow/dags/lcbo_pipeline_dag.py for tasks to queue
[2026-09-26T22:44:08.154+0000] {logging_mixin.py:188} INFO - [2026-09-26T22:44:08.153+0000] {dagbag.py:545} INFO - Filling up the DagBag from /opt/airflow/dags/lcbo_pipeline_dag.py
[2026-09-26T22:44:08.185+0000] {processor.py:840} INFO - DAG(s) 'medallion_settlement_pipeline' retrieved from /opt/airflow/dags/lcbo_pipeline_dag.py
[2026-09-26T22:44:08.201+0000] {logging_mixin.py:188} INFO - [2026-09-26T22:44:08.200+0000] {dag.py:3089} INFO - Sync 1 DAGs
[2026-09-26T22:44:08.210+0000] {logging_mixin.py:188} INFO - [2026-09-26T22:44:08.209+0000] {dag.py:3947} INFO - Setting next_dagrun for medallion_settlement_pipeline to None, run_after=None
[2026-09-26T22:44:08.226+0000] {processor.py:183} INFO - Processing /opt/airflow/dags/lcbo_pipeline_dag.py took 0.080 seconds
[2026-09-26T22:44:38.403+0000] {processor.py:161} INFO - Started process (PID=4432) to work on /opt/airflow/dags/lcbo_pipeline_dag.py
[2026-09-26T22:44:38.404+0000] {processor.py:830} INFO - Processing file /opt/airflow/dags/lcbo_pipeline_dag.py for tasks to queue
[2026-09-26T22:44:38.405+0000] {logging_mixin.py:188} INFO - [2026-09-26T22:44:38.405+0000] {dagbag.py:545} INFO - Filling up the DagBag from /opt/airflow/dags/lcbo_pipeline_dag.py
[2026-09-26T22:44:38.440+0000] {processor.py:840} INFO - DAG(s) 'medallion_settlement_pipeline' retrieved from /opt/airflow/dags/lcbo_pipeline_dag.py
[2026-09-26T22:44:38.457+0000] {logging_mixin.py:188} INFO - [2026-09-26T22:44:38.457+0000] {dag.py:3089} INFO - Sync 1 DAGs
[2026-09-26T22:44:38.468+0000] {logging_mixin.py:188} INFO - [2026-09-26T22:44:38.468+0000] {dag.py:3947} INFO - Setting next_dagrun for medallion_settlement_pipeline to None, run_after=None
[2026-09-26T22:44:38.484+0000] {processor.py:183} INFO - Processing /opt/airflow/dags/lcbo_pipeline_dag.py took 0.085 seconds
[2026-09-26T22:45:08.659+0000] {processor.py:161} INFO - Started process (PID=4443) to work on /opt/airflow/dags/lcbo_pipeline_dag.py
[2026-09-26T22:45:08.660+0000] {processor.py:830} INFO - Processing file /opt/airflow/dags/lcbo_pipeline_dag.py for tasks to queue
[2026-09-26T22:45:08.662+0000] {logging_mixin.py:188} INFO - [2026-09-26T22:45:08.661+0000] {dagbag.py:545} INFO - Filling up the DagBag from /opt/airflow/dags/lcbo_pipeline_dag.py
[2026-09-26T22:45:08.692+0000] {processor.py:840} INFO - DAG(s) 'medallion_settlement_pipeline' retrieved from /opt/airflow/dags/lcbo_pipeline_dag.py
[2026-09-26T22:45:08.707+0000] {logging_mixin.py:188} INFO - [2026-09-26T22:45:08.707+0000] {dag.py:3089} INFO - Sync 1 DAGs
[2026-09-26T22:45:08.717+0000] {logging_mixin.py:188} INFO - [2026-09-26T22:45:08.716+0000] {dag.py:3947} INFO - Setting next_dagrun for medallion_settlement_pipeline to None, run_after=None
[2026-09-26T22:45:08.734+0000] {processor.py:183} INFO - Processing /opt/airflow/dags/lcbo_pipeline_dag.py took 0.079 seconds
[2026-09-26T22:45:38.906+0000] {processor.py:161} INFO - Started process (PID=4454) to work on /opt/airflow/dags/lcbo_pipeline_dag.py
[2026-09-26T22:45:38.907+0000] {processor.py:830} INFO - Processing file /opt/airflow/dags/lcbo_pipeline_dag.py for tasks to queue
[2026-09-26T22:45:38.909+0000] {logging_mixin.py:188} INFO - [2026-09-26T22:45:38.908+0000] {dagbag.py:545} INFO - Filling up the DagBag from /opt/airflow/dags/lcbo_pipeline_dag.py
[2026-09-26T22:45:38.940+0000] {processor.py:840} INFO - DAG(s) 'medallion_settlement_pipeline' retrieved from /opt/airflow/dags/lcbo_pipeline_dag.py
[2026-09-26T22:45:38.956+0000] {logging_mixin.py:188} INFO - [2026-09-26T22:45:38.956+0000] {dag.py:3089} INFO - Sync 1 DAGs
[2026-09-26T22:45:38.966+0000] {logging_mixin.py:188} INFO - [2026-09-26T22:45:38.966+0000] {dag.py:3947} INFO - Setting next_dagrun for medallion_settlement_pipeline to None, run_after=None
[2026-09-26T22:45:38.983+0000] {processor.py:183} INFO - Processing /opt/airflow/dags/lcbo_pipeline_dag.py took 0.081 seconds
[2026-09-26T22:46:09.135+0000] {processor.py:161} INFO - Started process (PID=4465) to work on /opt/airflow/dags/lcbo_pipeline_dag.py
[2026-09-26T22:46:09.136+0000] {processor.py:830} INFO - Processing file /opt/airflow/dags/lcbo_pipeline_dag.py for tasks to queue
[2026-09-26T22:46:09.138+0000] {logging_mixin.py:188} INFO - [2026-09-26T22:46:09.137+0000] {dagbag.py:545} INFO - Filling up the DagBag from /opt/airflow/dags/lcbo_pipeline_dag.py
[2026-09-26T22:46:09.169+0000] {processor.py:840} INFO - DAG(s) 'medallion_settlement_pipeline' retrieved from /opt/airflow/dags/lcbo_pipeline_dag.py
[2026-09-26T22:46:09.185+0000] {logging_mixin.py:188} INFO - [2026-09-26T22:46:09.185+0000] {dag.py:3089} INFO - Sync 1 DAGs
[2026-09-26T22:46:09.194+0000] {logging_mixin.py:188} INFO - [2026-09-26T22:46:09.194+0000] {dag.py:3947} INFO - Setting next_dagrun for medallion_settlement_pipeline to None, run_after=None
[2026-09-26T22:46:09.208+0000] {processor.py:183} INFO - Processing /opt/airflow/dags/lcbo_pipeline_dag.py took 0.078 seconds
[2026-09-26T22:46:39.764+0000] {processor.py:161} INFO - Started process (PID=4476) to work on /opt/airflow/dags/lcbo_pipeline_dag.py
[2026-09-26T22:46:39.766+0000] {processor.py:830} INFO - Processing file /opt/airflow/dags/lcbo_pipeline_dag.py for tasks to queue
[2026-09-26T22:46:39.858+0000] {logging_mixin.py:188} INFO - [2026-09-26T22:46:39.857+0000] {dagbag.py:545} INFO - Filling up the DagBag from /opt/airflow/dags/lcbo_pipeline_dag.py
[2026-09-26T22:46:39.906+0000] {processor.py:840} INFO - DAG(s) 'medallion_settlement_pipeline' retrieved from /opt/airflow/dags/lcbo_pipeline_dag.py
[2026-09-26T22:46:39.925+0000] {logging_mixin.py:188} INFO - [2026-09-26T22:46:39.925+0000] {dag.py:3089} INFO - Sync 1 DAGs
[2026-09-26T22:46:39.936+0000] {logging_mixin.py:188} INFO - [2026-09-26T22:46:39.936+0000] {dag.py:3947} INFO - Setting next_dagrun for medallion_settlement_pipeline to None, run_after=None
[2026-09-26T22:46:39.954+0000] {processor.py:183} INFO - Processing /opt/airflow/dags/lcbo_pipeline_dag.py took 0.194 seconds
[2026-09-26T22:47:10.145+0000] {processor.py:161} INFO - Started process (PID=4487) to work on /opt/airflow/dags/lcbo_pipeline_dag.py
[2026-09-26T22:47:10.147+0000] {processor.py:830} INFO - Processing file /opt/airflow/dags/lcbo_pipeline_dag.py for tasks to queue
[2026-09-26T22:47:10.149+0000] {logging_mixin.py:188} INFO - [2026-09-26T22:47:10.149+0000] {dagbag.py:545} INFO - Filling up the DagBag from /opt/airflow/dags/lcbo_pipeline_dag.py
[2026-09-26T22:47:10.183+0000] {processor.py:840} INFO - DAG(s) 'medallion_settlement_pipeline' retrieved from /opt/airflow/dags/lcbo_pipeline_dag.py
[2026-09-26T22:47:10.200+0000] {logging_mixin.py:188} INFO - [2026-09-26T22:47:10.200+0000] {dag.py:3089} INFO - Sync 1 DAGs
[2026-09-26T22:47:10.212+0000] {logging_mixin.py:188} INFO - [2026-09-26T22:47:10.211+0000] {dag.py:3947} INFO - Setting next_dagrun for medallion_settlement_pipeline to None, run_after=None
[2026-09-26T22:47:10.230+0000] {processor.py:183} INFO - Processing /opt/airflow/dags/lcbo_pipeline_dag.py took 0.090 seconds
[2026-09-26T22:47:40.340+0000] {processor.py:161} INFO - Started process (PID=4498) to work on /opt/airflow/dags/lcbo_pipeline_dag.py
[2026-09-26T22:47:40.341+0000] {processor.py:830} INFO - Processing file /opt/airflow/dags/lcbo_pipeline_dag.py for tasks to queue
[2026-09-26T22:47:40.343+0000] {logging_mixin.py:188} INFO - [2026-09-26T22:47:40.343+0000] {dagbag.py:545} INFO - Filling up the DagBag from /opt/airflow/dags/lcbo_pipeline_dag.py
[2026-09-26T22:47:40.375+0000] {processor.py:840} INFO - DAG(s) 'medallion_settlement_pipeline' retrieved from /opt/airflow/dags/lcbo_pipeline_dag.py
[2026-09-26T22:47:40.393+0000] {logging_mixin.py:188} INFO - [2026-09-26T22:47:40.393+0000] {dag.py:3089} INFO - Sync 1 DAGs
[2026-09-26T22:47:40.402+0000] {logging_mixin.py:188} INFO - [2026-09-26T22:47:40.402+0000] {dag.py:3947} INFO - Setting next_dagrun for medallion_settlement_pipeline to None, run_after=None
[2026-09-26T22:47:40.417+0000] {processor.py:183} INFO - Processing /opt/airflow/dags/lcbo_pipeline_dag.py took 0.081 seconds
[2026-09-26T22:48:10.639+0000] {processor.py:161} INFO - Started process (PID=4509) to work on /opt/airflow/dags/lcbo_pipeline_dag.py
[2026-09-26T22:48:10.640+0000] {processor.py:830} INFO - Processing file /opt/airflow/dags/lcbo_pipeline_dag.py for tasks to queue
[2026-09-26T22:48:10.642+0000] {logging_mixin.py:188} INFO - [2026-09-26T22:48:10.642+0000] {dagbag.py:545} INFO - Filling up the DagBag from /opt/airflow/dags/lcbo_pipeline_dag.py
[2026-09-26T22:48:10.674+0000] {processor.py:840} INFO - DAG(s) 'medallion_settlement_pipeline' retrieved from /opt/airflow/dags/lcbo_pipeline_dag.py
[2026-09-26T22:48:10.692+0000] {logging_mixin.py:188} INFO - [2026-09-26T22:48:10.692+0000] {dag.py:3089} INFO - Sync 1 DAGs
[2026-09-26T22:48:10.703+0000] {logging_mixin.py:188} INFO - [2026-09-26T22:48:10.703+0000] {dag.py:3947} INFO - Setting next_dagrun for medallion_settlement_pipeline to None, run_after=None
[2026-09-26T22:48:10.720+0000] {processor.py:183} INFO - Processing /opt/airflow/dags/lcbo_pipeline_dag.py took 0.085 seconds
[2026-09-26T22:48:40.840+0000] {processor.py:161} INFO - Started process (PID=4520) to work on /opt/airflow/dags/lcbo_pipeline_dag.py
[2026-09-26T22:48:40.842+0000] {processor.py:830} INFO - Processing file /opt/airflow/dags/lcbo_pipeline_dag.py for tasks to queue
[2026-09-26T22:48:40.844+0000] {logging_mixin.py:188} INFO - [2026-09-26T22:48:40.843+0000] {dagbag.py:545} INFO - Filling up the DagBag from /opt/airflow/dags/lcbo_pipeline_dag.py
[2026-09-26T22:48:40.876+0000] {processor.py:840} INFO - DAG(s) 'medallion_settlement_pipeline' retrieved from /opt/airflow/dags/lcbo_pipeline_dag.py
[2026-09-26T22:48:40.895+0000] {logging_mixin.py:188} INFO - [2026-09-26T22:48:40.895+0000] {dag.py:3089} INFO - Sync 1 DAGs
[2026-09-26T22:48:40.905+0000] {logging_mixin.py:188} INFO - [2026-09-26T22:48:40.905+0000] {dag.py:3947} INFO - Setting next_dagrun for medallion_settlement_pipeline to None, run_after=None
[2026-09-26T22:48:40.925+0000] {processor.py:183} INFO - Processing /opt/airflow/dags/lcbo_pipeline_dag.py took 0.089 seconds
[2026-09-26T22:49:11.088+0000] {processor.py:161} INFO - Started process (PID=4531) to work on /opt/airflow/dags/lcbo_pipeline_dag.py
[2026-09-26T22:49:11.089+0000] {processor.py:830} INFO - Processing file /opt/airflow/dags/lcbo_pipeline_dag.py for tasks to queue
[2026-09-26T22:49:11.091+0000] {logging_mixin.py:188} INFO - [2026-09-26T22:49:11.091+0000] {dagbag.py:545} INFO - Filling up the DagBag from /opt/airflow/dags/lcbo_pipeline_dag.py
[2026-09-26T22:49:11.121+0000] {processor.py:840} INFO - DAG(s) 'medallion_settlement_pipeline' retrieved from /opt/airflow/dags/lcbo_pipeline_dag.py
[2026-09-26T22:49:11.137+0000] {logging_mixin.py:188} INFO - [2026-09-26T22:49:11.136+0000] {dag.py:3089} INFO - Sync 1 DAGs
[2026-09-26T22:49:11.147+0000] {logging_mixin.py:188} INFO - [2026-09-26T22:49:11.147+0000] {dag.py:3947} INFO - Setting next_dagrun for medallion_settlement_pipeline to None, run_after=None
[2026-09-26T22:49:11.162+0000] {processor.py:183} INFO - Processing /opt/airflow/dags/lcbo_pipeline_dag.py took 0.077 seconds
[2026-09-26T22:49:41.296+0000] {processor.py:161} INFO - Started process (PID=4542) to work on /opt/airflow/dags/lcbo_pipeline_dag.py
[2026-09-26T22:49:41.298+0000] {processor.py:830} INFO - Processing file /opt/airflow/dags/lcbo_pipeline_dag.py for tasks to queue
[2026-09-26T22:49:41.300+0000] {logging_mixin.py:188} INFO - [2026-09-26T22:49:41.299+0000] {dagbag.py:545} INFO - Filling up the DagBag from /opt/airflow/dags/lcbo_pipeline_dag.py
[2026-09-26T22:49:41.330+0000] {processor.py:840} INFO - DAG(s) 'medallion_settlement_pipeline' retrieved from /opt/airflow/dags/lcbo_pipeline_dag.py
[2026-09-26T22:49:41.346+0000] {logging_mixin.py:188} INFO - [2026-09-26T22:49:41.345+0000] {dag.py:3089} INFO - Sync 1 DAGs
[2026-09-26T22:49:41.355+0000] {logging_mixin.py:188} INFO - [2026-09-26T22:49:41.355+0000] {dag.py:3947} INFO - Setting next_dagrun for medallion_settlement_pipeline to None, run_after=None
[2026-09-26T22:49:41.373+0000] {processor.py:183} INFO - Processing /opt/airflow/dags/lcbo_pipeline_dag.py took 0.080 seconds
[2026-09-26T22:50:11.569+0000] {processor.py:161} INFO - Started process (PID=4553) to work on /opt/airflow/dags/lcbo_pipeline_dag.py
[2026-09-26T22:50:11.570+0000] {processor.py:830} INFO - Processing file /opt/airflow/dags/lcbo_pipeline_dag.py for tasks to queue
[2026-09-26T22:50:11.573+0000] {logging_mixin.py:188} INFO - [2026-09-26T22:50:11.572+0000] {dagbag.py:545} INFO - Filling up the DagBag from /opt/airflow/dags/lcbo_pipeline_dag.py
[2026-09-26T22:50:11.602+0000] {processor.py:840} INFO - DAG(s) 'medallion_settlement_pipeline' retrieved from /opt/airflow/dags/lcbo_pipeline_dag.py
[2026-09-26T22:50:11.617+0000] {logging_mixin.py:188} INFO - [2026-09-26T22:50:11.616+0000] {dag.py:3089} INFO - Sync 1 DAGs
[2026-09-26T22:50:11.625+0000] {logging_mixin.py:188} INFO - [2026-09-26T22:50:11.625+0000] {dag.py:3947} INFO - Setting next_dagrun for medallion_settlement_pipeline to None, run_after=None
[2026-09-26T22:50:11.642+0000] {processor.py:183} INFO - Processing /opt/airflow/dags/lcbo_pipeline_dag.py took 0.077 seconds
[2026-09-26T22:50:41.809+0000] {processor.py:161} INFO - Started process (PID=4564) to work on /opt/airflow/dags/lcbo_pipeline_dag.py
[2026-09-26T22:50:41.810+0000] {processor.py:830} INFO - Processing file /opt/airflow/dags/lcbo_pipeline_dag.py for tasks to queue
[2026-09-26T22:50:41.811+0000] {logging_mixin.py:188} INFO - [2026-09-26T22:50:41.811+0000] {dagbag.py:545} INFO - Filling up the DagBag from /opt/airflow/dags/lcbo_pipeline_dag.py
[2026-09-26T22:50:41.845+0000] {processor.py:840} INFO - DAG(s) 'medallion_settlement_pipeline' retrieved from /opt/airflow/dags/lcbo_pipeline_dag.py
[2026-09-26T22:50:41.863+0000] {logging_mixin.py:188} INFO - [2026-09-26T22:50:41.863+0000] {dag.py:3089} INFO - Sync 1 DAGs
[2026-09-26T22:50:41.874+0000] {logging_mixin.py:188} INFO - [2026-09-26T22:50:41.874+0000] {dag.py:3947} INFO - Setting next_dagrun for medallion_settlement_pipeline to None, run_after=None
[2026-09-26T22:50:41.889+0000] {processor.py:183} INFO - Processing /opt/airflow/dags/lcbo_pipeline_dag.py took 0.084 seconds
[2026-09-26T22:51:12.075+0000] {processor.py:161} INFO - Started process (PID=4575) to work on /opt/airflow/dags/lcbo_pipeline_dag.py
[2026-09-26T22:51:12.076+0000] {processor.py:830} INFO - Processing file /opt/airflow/dags/lcbo_pipeline_dag.py for tasks to queue
[2026-09-26T22:51:12.077+0000] {logging_mixin.py:188} INFO - [2026-09-26T22:51:12.077+0000] {dagbag.py:545} INFO - Filling up the DagBag from /opt/airflow/dags/lcbo_pipeline_dag.py
[2026-09-26T22:51:12.109+0000] {processor.py:840} INFO - DAG(s) 'medallion_settlement_pipeline' retrieved from /opt/airflow/dags/lcbo_pipeline_dag.py
[2026-09-26T22:51:12.127+0000] {logging_mixin.py:188} INFO - [2026-09-26T22:51:12.127+0000] {dag.py:3089} INFO - Sync 1 DAGs
[2026-09-26T22:51:12.135+0000] {logging_mixin.py:188} INFO - [2026-09-26T22:51:12.135+0000] {dag.py:3947} INFO - Setting next_dagrun for medallion_settlement_pipeline to None, run_after=None
[2026-09-26T22:51:12.151+0000] {processor.py:183} INFO - Processing /opt/airflow/dags/lcbo_pipeline_dag.py took 0.080 seconds
[2026-09-26T22:51:42.298+0000] {processor.py:161} INFO - Started process (PID=4586) to work on /opt/airflow/dags/lcbo_pipeline_dag.py
[2026-09-26T22:51:42.299+0000] {processor.py:830} INFO - Processing file /opt/airflow/dags/lcbo_pipeline_dag.py for tasks to queue
[2026-09-26T22:51:42.301+0000] {logging_mixin.py:188} INFO - [2026-09-26T22:51:42.301+0000] {dagbag.py:545} INFO - Filling up the DagBag from /opt/airflow/dags/lcbo_pipeline_dag.py
[2026-09-26T22:51:42.332+0000] {processor.py:840} INFO - DAG(s) 'medallion_settlement_pipeline' retrieved from /opt/airflow/dags/lcbo_pipeline_dag.py
[2026-09-26T22:51:42.348+0000] {logging_mixin.py:188} INFO - [2026-09-26T22:51:42.348+0000] {dag.py:3089} INFO - Sync 1 DAGs
[2026-09-26T22:51:42.358+0000] {logging_mixin.py:188} INFO - [2026-09-26T22:51:42.358+0000] {dag.py:3947} INFO - Setting next_dagrun for medallion_settlement_pipeline to None, run_after=None
[2026-09-26T22:51:42.376+0000] {processor.py:183} INFO - Processing /opt/airflow/dags/lcbo_pipeline_dag.py took 0.082 seconds
[2026-09-26T22:52:12.523+0000] {processor.py:161} INFO - Started process (PID=4597) to work on /opt/airflow/dags/lcbo_pipeline_dag.py
[2026-09-26T22:52:12.525+0000] {processor.py:830} INFO - Processing file /opt/airflow/dags/lcbo_pipeline_dag.py for tasks to queue
[2026-09-26T22:52:12.528+0000] {logging_mixin.py:188} INFO - [2026-09-26T22:52:12.528+0000] {dagbag.py:545} INFO - Filling up the DagBag from /opt/airflow/dags/lcbo_pipeline_dag.py
[2026-09-26T22:52:12.559+0000] {processor.py:840} INFO - DAG(s) 'medallion_settlement_pipeline' retrieved from /opt/airflow/dags/lcbo_pipeline_dag.py
[2026-09-26T22:52:12.574+0000] {logging_mixin.py:188} INFO - [2026-09-26T22:52:12.574+0000] {dag.py:3089} INFO - Sync 1 DAGs
[2026-09-26T22:52:12.583+0000] {logging_mixin.py:188} INFO - [2026-09-26T22:52:12.583+0000] {dag.py:3947} INFO - Setting next_dagrun for medallion_settlement_pipeline to None, run_after=None
[2026-09-26T22:52:12.600+0000] {processor.py:183} INFO - Processing /opt/airflow/dags/lcbo_pipeline_dag.py took 0.081 seconds
[2026-09-26T22:52:42.738+0000] {processor.py:161} INFO - Started process (PID=4608) to work on /opt/airflow/dags/lcbo_pipeline_dag.py
[2026-09-26T22:52:42.739+0000] {processor.py:830} INFO - Processing file /opt/airflow/dags/lcbo_pipeline_dag.py for tasks to queue
[2026-09-26T22:52:42.741+0000] {logging_mixin.py:188} INFO - [2026-09-26T22:52:42.740+0000] {dagbag.py:545} INFO - Filling up the DagBag from /opt/airflow/dags/lcbo_pipeline_dag.py
[2026-09-26T22:52:42.774+0000] {processor.py:840} INFO - DAG(s) 'medallion_settlement_pipeline' retrieved from /opt/airflow/dags/lcbo_pipeline_dag.py
[2026-09-26T22:52:42.791+0000] {logging_mixin.py:188} INFO - [2026-09-26T22:52:42.791+0000] {dag.py:3089} INFO - Sync 1 DAGs
[2026-09-26T22:52:42.801+0000] {logging_mixin.py:188} INFO - [2026-09-26T22:52:42.801+0000] {dag.py:3947} INFO - Setting next_dagrun for medallion_settlement_pipeline to None, run_after=None
[2026-09-26T22:52:42.818+0000] {processor.py:183} INFO - Processing /opt/airflow/dags/lcbo_pipeline_dag.py took 0.085 seconds
[2026-09-26T22:53:13.033+0000] {processor.py:161} INFO - Started process (PID=4619) to work on /opt/airflow/dags/lcbo_pipeline_dag.py
[2026-09-26T22:53:13.034+0000] {processor.py:830} INFO - Processing file /opt/airflow/dags/lcbo_pipeline_dag.py for tasks to queue
[2026-09-26T22:53:13.036+0000] {logging_mixin.py:188} INFO - [2026-09-26T22:53:13.036+0000] {dagbag.py:545} INFO - Filling up the DagBag from /opt/airflow/dags/lcbo_pipeline_dag.py
[2026-09-26T22:53:13.068+0000] {processor.py:840} INFO - DAG(s) 'medallion_settlement_pipeline' retrieved from /opt/airflow/dags/lcbo_pipeline_dag.py
[2026-09-26T22:53:13.084+0000] {logging_mixin.py:188} INFO - [2026-09-26T22:53:13.084+0000] {dag.py:3089} INFO - Sync 1 DAGs
[2026-09-26T22:53:13.094+0000] {logging_mixin.py:188} INFO - [2026-09-26T22:53:13.093+0000] {dag.py:3947} INFO - Setting next_dagrun for medallion_settlement_pipeline to None, run_after=None
[2026-09-26T22:53:13.109+0000] {processor.py:183} INFO - Processing /opt/airflow/dags/lcbo_pipeline_dag.py took 0.080 seconds
[2026-09-26T22:53:43.267+0000] {processor.py:161} INFO - Started process (PID=4630) to work on /opt/airflow/dags/lcbo_pipeline_dag.py
[2026-09-26T22:53:43.269+0000] {processor.py:830} INFO - Processing file /opt/airflow/dags/lcbo_pipeline_dag.py for tasks to queue
[2026-09-26T22:53:43.270+0000] {logging_mixin.py:188} INFO - [2026-09-26T22:53:43.270+0000] {dagbag.py:545} INFO - Filling up the DagBag from /opt/airflow/dags/lcbo_pipeline_dag.py
[2026-09-26T22:53:43.302+0000] {processor.py:840} INFO - DAG(s) 'medallion_settlement_pipeline' retrieved from /opt/airflow/dags/lcbo_pipeline_dag.py
[2026-09-26T22:53:43.318+0000] {logging_mixin.py:188} INFO - [2026-09-26T22:53:43.318+0000] {dag.py:3089} INFO - Sync 1 DAGs
[2026-09-26T22:53:43.328+0000] {logging_mixin.py:188} INFO - [2026-09-26T22:53:43.328+0000] {dag.py:3947} INFO - Setting next_dagrun for medallion_settlement_pipeline to None, run_after=None
[2026-09-26T22:53:43.345+0000] {processor.py:183} INFO - Processing /opt/airflow/dags/lcbo_pipeline_dag.py took 0.082 seconds
[2026-09-26T22:54:13.532+0000] {processor.py:161} INFO - Started process (PID=4641) to work on /opt/airflow/dags/lcbo_pipeline_dag.py
[2026-09-26T22:54:13.533+0000] {processor.py:830} INFO - Processing file /opt/airflow/dags/lcbo_pipeline_dag.py for tasks to queue
[2026-09-26T22:54:13.535+0000] {logging_mixin.py:188} INFO - [2026-09-26T22:54:13.534+0000] {dagbag.py:545} INFO - Filling up the DagBag from /opt/airflow/dags/lcbo_pipeline_dag.py
[2026-09-26T22:54:13.567+0000] {processor.py:840} INFO - DAG(s) 'medallion_settlement_pipeline' retrieved from /opt/airflow/dags/lcbo_pipeline_dag.py
[2026-09-26T22:54:13.583+0000] {logging_mixin.py:188} INFO - [2026-09-26T22:54:13.583+0000] {dag.py:3089} INFO - Sync 1 DAGs
[2026-09-26T22:54:13.593+0000] {logging_mixin.py:188} INFO - [2026-09-26T22:54:13.592+0000] {dag.py:3947} INFO - Setting next_dagrun for medallion_settlement_pipeline to None, run_after=None
[2026-09-26T22:54:13.610+0000] {processor.py:183} INFO - Processing /opt/airflow/dags/lcbo_pipeline_dag.py took 0.081 seconds
[2026-09-26T22:54:43.755+0000] {processor.py:161} INFO - Started process (PID=4652) to work on /opt/airflow/dags/lcbo_pipeline_dag.py
[2026-09-26T22:54:43.756+0000] {processor.py:830} INFO - Processing file /opt/airflow/dags/lcbo_pipeline_dag.py for tasks to queue
[2026-09-26T22:54:43.758+0000] {logging_mixin.py:188} INFO - [2026-09-26T22:54:43.758+0000] {dagbag.py:545} INFO - Filling up the DagBag from /opt/airflow/dags/lcbo_pipeline_dag.py
[2026-09-26T22:54:43.790+0000] {processor.py:840} INFO - DAG(s) 'medallion_settlement_pipeline' retrieved from /opt/airflow/dags/lcbo_pipeline_dag.py
[2026-09-26T22:54:43.806+0000] {logging_mixin.py:188} INFO - [2026-09-26T22:54:43.806+0000] {dag.py:3089} INFO - Sync 1 DAGs
[2026-09-26T22:54:43.815+0000] {logging_mixin.py:188} INFO - [2026-09-26T22:54:43.815+0000] {dag.py:3947} INFO - Setting next_dagrun for medallion_settlement_pipeline to None, run_after=None
[2026-09-26T22:54:43.831+0000] {processor.py:183} INFO - Processing /opt/airflow/dags/lcbo_pipeline_dag.py took 0.080 seconds
[2026-09-26T22:55:14.019+0000] {processor.py:161} INFO - Started process (PID=4663) to work on /opt/airflow/dags/lcbo_pipeline_dag.py
[2026-09-26T22:55:14.020+0000] {processor.py:830} INFO - Processing file /opt/airflow/dags/lcbo_pipeline_dag.py for tasks to queue
[2026-09-26T22:55:14.022+0000] {logging_mixin.py:188} INFO - [2026-09-26T22:55:14.022+0000] {dagbag.py:545} INFO - Filling up the DagBag from /opt/airflow/dags/lcbo_pipeline_dag.py
[2026-09-26T22:55:14.057+0000] {processor.py:840} INFO - DAG(s) 'medallion_settlement_pipeline' retrieved from /opt/airflow/dags/lcbo_pipeline_dag.py
[2026-09-26T22:55:14.075+0000] {logging_mixin.py:188} INFO - [2026-09-26T22:55:14.074+0000] {dag.py:3089} INFO - Sync 1 DAGs
[2026-09-26T22:55:14.086+0000] {logging_mixin.py:188} INFO - [2026-09-26T22:55:14.086+0000] {dag.py:3947} INFO - Setting next_dagrun for medallion_settlement_pipeline to None, run_after=None
[2026-09-26T22:55:14.104+0000] {processor.py:183} INFO - Processing /opt/airflow/dags/lcbo_pipeline_dag.py took 0.088 seconds
[2026-09-26T22:55:44.248+0000] {processor.py:161} INFO - Started process (PID=4674) to work on /opt/airflow/dags/lcbo_pipeline_dag.py
[2026-09-26T22:55:44.250+0000] {processor.py:830} INFO - Processing file /opt/airflow/dags/lcbo_pipeline_dag.py for tasks to queue
[2026-09-26T22:55:44.252+0000] {logging_mixin.py:188} INFO - [2026-09-26T22:55:44.252+0000] {dagbag.py:545} INFO - Filling up the DagBag from /opt/airflow/dags/lcbo_pipeline_dag.py
[2026-09-26T22:55:44.284+0000] {processor.py:840} INFO - DAG(s) 'medallion_settlement_pipeline' retrieved from /opt/airflow/dags/lcbo_pipeline_dag.py
[2026-09-26T22:55:44.301+0000] {logging_mixin.py:188} INFO - [2026-09-26T22:55:44.301+0000] {dag.py:3089} INFO - Sync 1 DAGs
[2026-09-26T22:55:44.310+0000] {logging_mixin.py:188} INFO - [2026-09-26T22:55:44.310+0000] {dag.py:3947} INFO - Setting next_dagrun for medallion_settlement_pipeline to None, run_after=None
[2026-09-26T22:55:44.327+0000] {processor.py:183} INFO - Processing /opt/airflow/dags/lcbo_pipeline_dag.py took 0.083 seconds
[2026-09-26T22:56:14.526+0000] {processor.py:161} INFO - Started process (PID=4685) to work on /opt/airflow/dags/lcbo_pipeline_dag.py
[2026-09-26T22:56:14.527+0000] {processor.py:830} INFO - Processing file /opt/airflow/dags/lcbo_pipeline_dag.py for tasks to queue
[2026-09-26T22:56:14.529+0000] {logging_mixin.py:188} INFO - [2026-09-26T22:56:14.528+0000] {dagbag.py:545} INFO - Filling up the DagBag from /opt/airflow/dags/lcbo_pipeline_dag.py
[2026-09-26T22:56:14.561+0000] {processor.py:840} INFO - DAG(s) 'medallion_settlement_pipeline' retrieved from /opt/airflow/dags/lcbo_pipeline_dag.py
[2026-09-26T22:56:14.577+0000] {logging_mixin.py:188} INFO - [2026-09-26T22:56:14.577+0000] {dag.py:3089} INFO - Sync 1 DAGs
[2026-09-26T22:56:14.586+0000] {logging_mixin.py:188} INFO - [2026-09-26T22:56:14.586+0000] {dag.py:3947} INFO - Setting next_dagrun for medallion_settlement_pipeline to None, run_after=None
[2026-09-26T22:56:14.603+0000] {processor.py:183} INFO - Processing /opt/airflow/dags/lcbo_pipeline_dag.py took 0.081 seconds
[2026-09-26T22:56:44.731+0000] {processor.py:161} INFO - Started process (PID=4696) to work on /opt/airflow/dags/lcbo_pipeline_dag.py
[2026-09-26T22:56:44.732+0000] {processor.py:830} INFO - Processing file /opt/airflow/dags/lcbo_pipeline_dag.py for tasks to queue
[2026-09-26T22:56:44.733+0000] {logging_mixin.py:188} INFO - [2026-09-26T22:56:44.733+0000] {dagbag.py:545} INFO - Filling up the DagBag from /opt/airflow/dags/lcbo_pipeline_dag.py
[2026-09-26T22:56:44.767+0000] {processor.py:840} INFO - DAG(s) 'medallion_settlement_pipeline' retrieved from /opt/airflow/dags/lcbo_pipeline_dag.py
[2026-09-26T22:56:44.784+0000] {logging_mixin.py:188} INFO - [2026-09-26T22:56:44.784+0000] {dag.py:3089} INFO - Sync 1 DAGs
[2026-09-26T22:56:44.795+0000] {logging_mixin.py:188} INFO - [2026-09-26T22:56:44.794+0000] {dag.py:3947} INFO - Setting next_dagrun for medallion_settlement_pipeline to None, run_after=None
[2026-09-26T22:56:44.810+0000] {processor.py:183} INFO - Processing /opt/airflow/dags/lcbo_pipeline_dag.py took 0.083 seconds
[2026-09-26T22:57:14.983+0000] {processor.py:161} INFO - Started process (PID=4707) to work on /opt/airflow/dags/lcbo_pipeline_dag.py
[2026-09-26T22:57:14.984+0000] {processor.py:830} INFO - Processing file /opt/airflow/dags/lcbo_pipeline_dag.py for tasks to queue
[2026-09-26T22:57:14.986+0000] {logging_mixin.py:188} INFO - [2026-09-26T22:57:14.986+0000] {dagbag.py:545} INFO - Filling up the DagBag from /opt/airflow/dags/lcbo_pipeline_dag.py
[2026-09-26T22:57:15.016+0000] {processor.py:840} INFO - DAG(s) 'medallion_settlement_pipeline' retrieved from /opt/airflow/dags/lcbo_pipeline_dag.py
[2026-09-26T22:57:15.032+0000] {logging_mixin.py:188} INFO - [2026-09-26T22:57:15.032+0000] {dag.py:3089} INFO - Sync 1 DAGs
[2026-09-26T22:57:15.042+0000] {logging_mixin.py:188} INFO - [2026-09-26T22:57:15.042+0000] {dag.py:3947} INFO - Setting next_dagrun for medallion_settlement_pipeline to None, run_after=None
[2026-09-26T22:57:15.061+0000] {processor.py:183} INFO - Processing /opt/airflow/dags/lcbo_pipeline_dag.py took 0.082 seconds
[2026-09-26T22:57:45.204+0000] {processor.py:161} INFO - Started process (PID=4718) to work on /opt/airflow/dags/lcbo_pipeline_dag.py
[2026-09-26T22:57:45.204+0000] {processor.py:830} INFO - Processing file /opt/airflow/dags/lcbo_pipeline_dag.py for tasks to queue
[2026-09-26T22:57:45.206+0000] {logging_mixin.py:188} INFO - [2026-09-26T22:57:45.206+0000] {dagbag.py:545} INFO - Filling up the DagBag from /opt/airflow/dags/lcbo_pipeline_dag.py
[2026-09-26T22:57:45.238+0000] {processor.py:840} INFO - DAG(s) 'medallion_settlement_pipeline' retrieved from /opt/airflow/dags/lcbo_pipeline_dag.py
[2026-09-26T22:57:45.254+0000] {logging_mixin.py:188} INFO - [2026-09-26T22:57:45.254+0000] {dag.py:3089} INFO - Sync 1 DAGs
[2026-09-26T22:57:45.264+0000] {logging_mixin.py:188} INFO - [2026-09-26T22:57:45.264+0000] {dag.py:3947} INFO - Setting next_dagrun for medallion_settlement_pipeline to None, run_after=None
[2026-09-26T22:57:45.279+0000] {processor.py:183} INFO - Processing /opt/airflow/dags/lcbo_pipeline_dag.py took 0.079 seconds
[2026-09-26T22:58:15.484+0000] {processor.py:161} INFO - Started process (PID=4729) to work on /opt/airflow/dags/lcbo_pipeline_dag.py
[2026-09-26T22:58:15.486+0000] {processor.py:830} INFO - Processing file /opt/airflow/dags/lcbo_pipeline_dag.py for tasks to queue
[2026-09-26T22:58:15.488+0000] {logging_mixin.py:188} INFO - [2026-09-26T22:58:15.487+0000] {dagbag.py:545} INFO - Filling up the DagBag from /opt/airflow/dags/lcbo_pipeline_dag.py
[2026-09-26T22:58:15.521+0000] {processor.py:840} INFO - DAG(s) 'medallion_settlement_pipeline' retrieved from /opt/airflow/dags/lcbo_pipeline_dag.py
[2026-09-26T22:58:15.539+0000] {logging_mixin.py:188} INFO - [2026-09-26T22:58:15.539+0000] {dag.py:3089} INFO - Sync 1 DAGs
[2026-09-26T22:58:15.549+0000] {logging_mixin.py:188} INFO - [2026-09-26T22:58:15.549+0000] {dag.py:3947} INFO - Setting next_dagrun for medallion_settlement_pipeline to None, run_after=None
[2026-09-26T22:58:15.567+0000] {processor.py:183} INFO - Processing /opt/airflow/dags/lcbo_pipeline_dag.py took 0.087 seconds
[2026-09-26T22:58:45.710+0000] {processor.py:161} INFO - Started process (PID=4740) to work on /opt/airflow/dags/lcbo_pipeline_dag.py
[2026-09-26T22:58:45.711+0000] {processor.py:830} INFO - Processing file /opt/airflow/dags/lcbo_pipeline_dag.py for tasks to queue
[2026-09-26T22:58:45.713+0000] {logging_mixin.py:188} INFO - [2026-09-26T22:58:45.712+0000] {dagbag.py:545} INFO - Filling up the DagBag from /opt/airflow/dags/lcbo_pipeline_dag.py
[2026-09-26T22:58:45.743+0000] {processor.py:840} INFO - DAG(s) 'medallion_settlement_pipeline' retrieved from /opt/airflow/dags/lcbo_pipeline_dag.py
[2026-09-26T22:58:45.758+0000] {logging_mixin.py:188} INFO - [2026-09-26T22:58:45.758+0000] {dag.py:3089} INFO - Sync 1 DAGs
[2026-09-26T22:58:45.768+0000] {logging_mixin.py:188} INFO - [2026-09-26T22:58:45.768+0000] {dag.py:3947} INFO - Setting next_dagrun for medallion_settlement_pipeline to None, run_after=None
[2026-09-26T22:58:45.781+0000] {processor.py:183} INFO - Processing /opt/airflow/dags/lcbo_pipeline_dag.py took 0.076 seconds
[2026-09-26T22:59:16.001+0000] {processor.py:161} INFO - Started process (PID=4751) to work on /opt/airflow/dags/lcbo_pipeline_dag.py
[2026-09-26T22:59:16.002+0000] {processor.py:830} INFO - Processing file /opt/airflow/dags/lcbo_pipeline_dag.py for tasks to queue
[2026-09-26T22:59:16.004+0000] {logging_mixin.py:188} INFO - [2026-09-26T22:59:16.004+0000] {dagbag.py:545} INFO - Filling up the DagBag from /opt/airflow/dags/lcbo_pipeline_dag.py
[2026-09-26T22:59:16.037+0000] {processor.py:840} INFO - DAG(s) 'medallion_settlement_pipeline' retrieved from /opt/airflow/dags/lcbo_pipeline_dag.py
[2026-09-26T22:59:16.053+0000] {logging_mixin.py:188} INFO - [2026-09-26T22:59:16.052+0000] {dag.py:3089} INFO - Sync 1 DAGs
[2026-09-26T22:59:16.063+0000] {logging_mixin.py:188} INFO - [2026-09-26T22:59:16.063+0000] {dag.py:3947} INFO - Setting next_dagrun for medallion_settlement_pipeline to None, run_after=None
[2026-09-26T22:59:16.080+0000] {processor.py:183} INFO - Processing /opt/airflow/dags/lcbo_pipeline_dag.py took 0.083 seconds
[2026-09-26T22:59:46.235+0000] {processor.py:161} INFO - Started process (PID=4762) to work on /opt/airflow/dags/lcbo_pipeline_dag.py
[2026-09-26T22:59:46.237+0000] {processor.py:830} INFO - Processing file /opt/airflow/dags/lcbo_pipeline_dag.py for tasks to queue
[2026-09-26T22:59:46.238+0000] {logging_mixin.py:188} INFO - [2026-09-26T22:59:46.238+0000] {dagbag.py:545} INFO - Filling up the DagBag from /opt/airflow/dags/lcbo_pipeline_dag.py
[2026-09-26T22:59:46.271+0000] {processor.py:840} INFO - DAG(s) 'medallion_settlement_pipeline' retrieved from /opt/airflow/dags/lcbo_pipeline_dag.py
[2026-09-26T22:59:46.286+0000] {logging_mixin.py:188} INFO - [2026-09-26T22:59:46.286+0000] {dag.py:3089} INFO - Sync 1 DAGs
[2026-09-26T22:59:46.296+0000] {logging_mixin.py:188} INFO - [2026-09-26T22:59:46.295+0000] {dag.py:3947} INFO - Setting next_dagrun for medallion_settlement_pipeline to None, run_after=None
[2026-09-26T22:59:46.313+0000] {processor.py:183} INFO - Processing /opt/airflow/dags/lcbo_pipeline_dag.py took 0.081 seconds
[2026-09-26T23:00:16.510+0000] {processor.py:161} INFO - Started process (PID=4773) to work on /opt/airflow/dags/lcbo_pipeline_dag.py
[2026-09-26T23:00:16.511+0000] {processor.py:830} INFO - Processing file /opt/airflow/dags/lcbo_pipeline_dag.py for tasks to queue
[2026-09-26T23:00:16.513+0000] {logging_mixin.py:188} INFO - [2026-09-26T23:00:16.513+0000] {dagbag.py:545} INFO - Filling up the DagBag from /opt/airflow/dags/lcbo_pipeline_dag.py
[2026-09-26T23:00:16.542+0000] {processor.py:840} INFO - DAG(s) 'medallion_settlement_pipeline' retrieved from /opt/airflow/dags/lcbo_pipeline_dag.py
[2026-09-26T23:00:16.557+0000] {logging_mixin.py:188} INFO - [2026-09-26T23:00:16.557+0000] {dag.py:3089} INFO - Sync 1 DAGs
[2026-09-26T23:00:16.565+0000] {logging_mixin.py:188} INFO - [2026-09-26T23:00:16.565+0000] {dag.py:3947} INFO - Setting next_dagrun for medallion_settlement_pipeline to None, run_after=None
[2026-09-26T23:00:16.583+0000] {processor.py:183} INFO - Processing /opt/airflow/dags/lcbo_pipeline_dag.py took 0.077 seconds
[2026-09-26T23:00:46.743+0000] {processor.py:161} INFO - Started process (PID=4784) to work on /opt/airflow/dags/lcbo_pipeline_dag.py
[2026-09-26T23:00:46.744+0000] {processor.py:830} INFO - Processing file /opt/airflow/dags/lcbo_pipeline_dag.py for tasks to queue
[2026-09-26T23:00:46.746+0000] {logging_mixin.py:188} INFO - [2026-09-26T23:00:46.746+0000] {dagbag.py:545} INFO - Filling up the DagBag from /opt/airflow/dags/lcbo_pipeline_dag.py
[2026-09-26T23:00:46.778+0000] {processor.py:840} INFO - DAG(s) 'medallion_settlement_pipeline' retrieved from /opt/airflow/dags/lcbo_pipeline_dag.py
[2026-09-26T23:00:46.794+0000] {logging_mixin.py:188} INFO - [2026-09-26T23:00:46.794+0000] {dag.py:3089} INFO - Sync 1 DAGs
[2026-09-26T23:00:46.805+0000] {logging_mixin.py:188} INFO - [2026-09-26T23:00:46.805+0000] {dag.py:3947} INFO - Setting next_dagrun for medallion_settlement_pipeline to None, run_after=None
[2026-09-26T23:00:46.820+0000] {processor.py:183} INFO - Processing /opt/airflow/dags/lcbo_pipeline_dag.py took 0.081 seconds
[2026-09-26T23:01:17.006+0000] {processor.py:161} INFO - Started process (PID=4795) to work on /opt/airflow/dags/lcbo_pipeline_dag.py
[2026-09-26T23:01:17.007+0000] {processor.py:830} INFO - Processing file /opt/airflow/dags/lcbo_pipeline_dag.py for tasks to queue
[2026-09-26T23:01:17.009+0000] {logging_mixin.py:188} INFO - [2026-09-26T23:01:17.009+0000] {dagbag.py:545} INFO - Filling up the DagBag from /opt/airflow/dags/lcbo_pipeline_dag.py
[2026-09-26T23:01:17.041+0000] {processor.py:840} INFO - DAG(s) 'medallion_settlement_pipeline' retrieved from /opt/airflow/dags/lcbo_pipeline_dag.py
[2026-09-26T23:01:17.060+0000] {logging_mixin.py:188} INFO - [2026-09-26T23:01:17.060+0000] {dag.py:3089} INFO - Sync 1 DAGs
[2026-09-26T23:01:17.070+0000] {logging_mixin.py:188} INFO - [2026-09-26T23:01:17.070+0000] {dag.py:3947} INFO - Setting next_dagrun for medallion_settlement_pipeline to None, run_after=None
[2026-09-26T23:01:17.087+0000] {processor.py:183} INFO - Processing /opt/airflow/dags/lcbo_pipeline_dag.py took 0.085 seconds
[2026-09-26T23:01:47.237+0000] {processor.py:161} INFO - Started process (PID=4806) to work on /opt/airflow/dags/lcbo_pipeline_dag.py
[2026-09-26T23:01:47.239+0000] {processor.py:830} INFO - Processing file /opt/airflow/dags/lcbo_pipeline_dag.py for tasks to queue
[2026-09-26T23:01:47.240+0000] {logging_mixin.py:188} INFO - [2026-09-26T23:01:47.240+0000] {dagbag.py:545} INFO - Filling up the DagBag from /opt/airflow/dags/lcbo_pipeline_dag.py
[2026-09-26T23:01:47.273+0000] {processor.py:840} INFO - DAG(s) 'medallion_settlement_pipeline' retrieved from /opt/airflow/dags/lcbo_pipeline_dag.py
[2026-09-26T23:01:47.288+0000] {logging_mixin.py:188} INFO - [2026-09-26T23:01:47.288+0000] {dag.py:3089} INFO - Sync 1 DAGs
[2026-09-26T23:01:47.298+0000] {logging_mixin.py:188} INFO - [2026-09-26T23:01:47.298+0000] {dag.py:3947} INFO - Setting next_dagrun for medallion_settlement_pipeline to None, run_after=None
[2026-09-26T23:01:47.314+0000] {processor.py:183} INFO - Processing /opt/airflow/dags/lcbo_pipeline_dag.py took 0.081 seconds
[2026-09-26T23:02:17.513+0000] {processor.py:161} INFO - Started process (PID=4817) to work on /opt/airflow/dags/lcbo_pipeline_dag.py
[2026-09-26T23:02:17.514+0000] {processor.py:830} INFO - Processing file /opt/airflow/dags/lcbo_pipeline_dag.py for tasks to queue
[2026-09-26T23:02:17.515+0000] {logging_mixin.py:188} INFO - [2026-09-26T23:02:17.515+0000] {dagbag.py:545} INFO - Filling up the DagBag from /opt/airflow/dags/lcbo_pipeline_dag.py
[2026-09-26T23:02:17.547+0000] {processor.py:840} INFO - DAG(s) 'medallion_settlement_pipeline' retrieved from /opt/airflow/dags/lcbo_pipeline_dag.py
[2026-09-26T23:02:17.565+0000] {logging_mixin.py:188} INFO - [2026-09-26T23:02:17.564+0000] {dag.py:3089} INFO - Sync 1 DAGs
[2026-09-26T23:02:17.574+0000] {logging_mixin.py:188} INFO - [2026-09-26T23:02:17.574+0000] {dag.py:3947} INFO - Setting next_dagrun for medallion_settlement_pipeline to None, run_after=None
[2026-09-26T23:02:17.590+0000] {processor.py:183} INFO - Processing /opt/airflow/dags/lcbo_pipeline_dag.py took 0.082 seconds
[2026-09-26T23:02:47.734+0000] {processor.py:161} INFO - Started process (PID=4828) to work on /opt/airflow/dags/lcbo_pipeline_dag.py
[2026-09-26T23:02:47.736+0000] {processor.py:830} INFO - Processing file /opt/airflow/dags/lcbo_pipeline_dag.py for tasks to queue
[2026-09-26T23:02:47.737+0000] {logging_mixin.py:188} INFO - [2026-09-26T23:02:47.737+0000] {dagbag.py:545} INFO - Filling up the DagBag from /opt/airflow/dags/lcbo_pipeline_dag.py
[2026-09-26T23:02:47.771+0000] {processor.py:840} INFO - DAG(s) 'medallion_settlement_pipeline' retrieved from /opt/airflow/dags/lcbo_pipeline_dag.py
[2026-09-26T23:02:47.789+0000] {logging_mixin.py:188} INFO - [2026-09-26T23:02:47.788+0000] {dag.py:3089} INFO - Sync 1 DAGs
[2026-09-26T23:02:47.798+0000] {logging_mixin.py:188} INFO - [2026-09-26T23:02:47.798+0000] {dag.py:3947} INFO - Setting next_dagrun for medallion_settlement_pipeline to None, run_after=None
[2026-09-26T23:02:47.817+0000] {processor.py:183} INFO - Processing /opt/airflow/dags/lcbo_pipeline_dag.py took 0.087 seconds
[2026-09-26T23:03:18.045+0000] {processor.py:161} INFO - Started process (PID=4839) to work on /opt/airflow/dags/lcbo_pipeline_dag.py
[2026-09-26T23:03:18.047+0000] {processor.py:830} INFO - Processing file /opt/airflow/dags/lcbo_pipeline_dag.py for tasks to queue
[2026-09-26T23:03:18.049+0000] {logging_mixin.py:188} INFO - [2026-09-26T23:03:18.048+0000] {dagbag.py:545} INFO - Filling up the DagBag from /opt/airflow/dags/lcbo_pipeline_dag.py
[2026-09-26T23:03:18.079+0000] {processor.py:840} INFO - DAG(s) 'medallion_settlement_pipeline' retrieved from /opt/airflow/dags/lcbo_pipeline_dag.py
[2026-09-26T23:03:18.096+0000] {logging_mixin.py:188} INFO - [2026-09-26T23:03:18.095+0000] {dag.py:3089} INFO - Sync 1 DAGs
[2026-09-26T23:03:18.105+0000] {logging_mixin.py:188} INFO - [2026-09-26T23:03:18.105+0000] {dag.py:3947} INFO - Setting next_dagrun for medallion_settlement_pipeline to None, run_after=None
[2026-09-26T23:03:18.121+0000] {processor.py:183} INFO - Processing /opt/airflow/dags/lcbo_pipeline_dag.py took 0.080 seconds
[2026-09-26T23:03:48.271+0000] {processor.py:161} INFO - Started process (PID=4850) to work on /opt/airflow/dags/lcbo_pipeline_dag.py
[2026-09-26T23:03:48.272+0000] {processor.py:830} INFO - Processing file /opt/airflow/dags/lcbo_pipeline_dag.py for tasks to queue
[2026-09-26T23:03:48.274+0000] {logging_mixin.py:188} INFO - [2026-09-26T23:03:48.273+0000] {dagbag.py:545} INFO - Filling up the DagBag from /opt/airflow/dags/lcbo_pipeline_dag.py
[2026-09-26T23:03:48.307+0000] {processor.py:840} INFO - DAG(s) 'medallion_settlement_pipeline' retrieved from /opt/airflow/dags/lcbo_pipeline_dag.py
[2026-09-26T23:03:48.322+0000] {logging_mixin.py:188} INFO - [2026-09-26T23:03:48.322+0000] {dag.py:3089} INFO - Sync 1 DAGs
[2026-09-26T23:03:48.331+0000] {logging_mixin.py:188} INFO - [2026-09-26T23:03:48.331+0000] {dag.py:3947} INFO - Setting next_dagrun for medallion_settlement_pipeline to None, run_after=None
[2026-09-26T23:03:48.346+0000] {processor.py:183} INFO - Processing /opt/airflow/dags/lcbo_pipeline_dag.py took 0.079 seconds
[2026-09-26T23:04:18.542+0000] {processor.py:161} INFO - Started process (PID=4861) to work on /opt/airflow/dags/lcbo_pipeline_dag.py
[2026-09-26T23:04:18.544+0000] {processor.py:830} INFO - Processing file /opt/airflow/dags/lcbo_pipeline_dag.py for tasks to queue
[2026-09-26T23:04:18.545+0000] {logging_mixin.py:188} INFO - [2026-09-26T23:04:18.545+0000] {dagbag.py:545} INFO - Filling up the DagBag from /opt/airflow/dags/lcbo_pipeline_dag.py
[2026-09-26T23:04:18.579+0000] {processor.py:840} INFO - DAG(s) 'medallion_settlement_pipeline' retrieved from /opt/airflow/dags/lcbo_pipeline_dag.py
[2026-09-26T23:04:18.596+0000] {logging_mixin.py:188} INFO - [2026-09-26T23:04:18.596+0000] {dag.py:3089} INFO - Sync 1 DAGs
[2026-09-26T23:04:18.606+0000] {logging_mixin.py:188} INFO - [2026-09-26T23:04:18.606+0000] {dag.py:3947} INFO - Setting next_dagrun for medallion_settlement_pipeline to None, run_after=None
[2026-09-26T23:04:18.626+0000] {processor.py:183} INFO - Processing /opt/airflow/dags/lcbo_pipeline_dag.py took 0.088 seconds
[2026-09-26T23:04:48.758+0000] {processor.py:161} INFO - Started process (PID=4872) to work on /opt/airflow/dags/lcbo_pipeline_dag.py
[2026-09-26T23:04:48.760+0000] {processor.py:830} INFO - Processing file /opt/airflow/dags/lcbo_pipeline_dag.py for tasks to queue
[2026-09-26T23:04:48.761+0000] {logging_mixin.py:188} INFO - [2026-09-26T23:04:48.761+0000] {dagbag.py:545} INFO - Filling up the DagBag from /opt/airflow/dags/lcbo_pipeline_dag.py
[2026-09-26T23:04:48.791+0000] {processor.py:840} INFO - DAG(s) 'medallion_settlement_pipeline' retrieved from /opt/airflow/dags/lcbo_pipeline_dag.py
[2026-09-26T23:04:48.806+0000] {logging_mixin.py:188} INFO - [2026-09-26T23:04:48.806+0000] {dag.py:3089} INFO - Sync 1 DAGs
[2026-09-26T23:04:48.814+0000] {logging_mixin.py:188} INFO - [2026-09-26T23:04:48.814+0000] {dag.py:3947} INFO - Setting next_dagrun for medallion_settlement_pipeline to None, run_after=None
[2026-09-26T23:04:48.830+0000] {processor.py:183} INFO - Processing /opt/airflow/dags/lcbo_pipeline_dag.py took 0.076 seconds
[2026-09-26T23:05:19.037+0000] {processor.py:161} INFO - Started process (PID=4883) to work on /opt/airflow/dags/lcbo_pipeline_dag.py
[2026-09-26T23:05:19.038+0000] {processor.py:830} INFO - Processing file /opt/airflow/dags/lcbo_pipeline_dag.py for tasks to queue
[2026-09-26T23:05:19.040+0000] {logging_mixin.py:188} INFO - [2026-09-26T23:05:19.040+0000] {dagbag.py:545} INFO - Filling up the DagBag from /opt/airflow/dags/lcbo_pipeline_dag.py
[2026-09-26T23:05:19.069+0000] {processor.py:840} INFO - DAG(s) 'medallion_settlement_pipeline' retrieved from /opt/airflow/dags/lcbo_pipeline_dag.py
[2026-09-26T23:05:19.084+0000] {logging_mixin.py:188} INFO - [2026-09-26T23:05:19.084+0000] {dag.py:3089} INFO - Sync 1 DAGs
[2026-09-26T23:05:19.093+0000] {logging_mixin.py:188} INFO - [2026-09-26T23:05:19.093+0000] {dag.py:3947} INFO - Setting next_dagrun for medallion_settlement_pipeline to None, run_after=None
[2026-09-26T23:05:19.108+0000] {processor.py:183} INFO - Processing /opt/airflow/dags/lcbo_pipeline_dag.py took 0.074 seconds
[2026-09-26T23:05:49.268+0000] {processor.py:161} INFO - Started process (PID=4894) to work on /opt/airflow/dags/lcbo_pipeline_dag.py
[2026-09-26T23:05:49.269+0000] {processor.py:830} INFO - Processing file /opt/airflow/dags/lcbo_pipeline_dag.py for tasks to queue
[2026-09-26T23:05:49.271+0000] {logging_mixin.py:188} INFO - [2026-09-26T23:05:49.271+0000] {dagbag.py:545} INFO - Filling up the DagBag from /opt/airflow/dags/lcbo_pipeline_dag.py
[2026-09-26T23:05:49.304+0000] {processor.py:840} INFO - DAG(s) 'medallion_settlement_pipeline' retrieved from /opt/airflow/dags/lcbo_pipeline_dag.py
[2026-09-26T23:05:49.322+0000] {logging_mixin.py:188} INFO - [2026-09-26T23:05:49.322+0000] {dag.py:3089} INFO - Sync 1 DAGs
[2026-09-26T23:05:49.333+0000] {logging_mixin.py:188} INFO - [2026-09-26T23:05:49.333+0000] {dag.py:3947} INFO - Setting next_dagrun for medallion_settlement_pipeline to None, run_after=None
[2026-09-26T23:05:49.351+0000] {processor.py:183} INFO - Processing /opt/airflow/dags/lcbo_pipeline_dag.py took 0.088 seconds
[2026-09-26T23:06:19.525+0000] {processor.py:161} INFO - Started process (PID=4905) to work on /opt/airflow/dags/lcbo_pipeline_dag.py
[2026-09-26T23:06:19.526+0000] {processor.py:830} INFO - Processing file /opt/airflow/dags/lcbo_pipeline_dag.py for tasks to queue
[2026-09-26T23:06:19.528+0000] {logging_mixin.py:188} INFO - [2026-09-26T23:06:19.528+0000] {dagbag.py:545} INFO - Filling up the DagBag from /opt/airflow/dags/lcbo_pipeline_dag.py
[2026-09-26T23:06:19.563+0000] {processor.py:840} INFO - DAG(s) 'medallion_settlement_pipeline' retrieved from /opt/airflow/dags/lcbo_pipeline_dag.py
[2026-09-26T23:06:19.579+0000] {logging_mixin.py:188} INFO - [2026-09-26T23:06:19.579+0000] {dag.py:3089} INFO - Sync 1 DAGs
[2026-09-26T23:06:19.589+0000] {logging_mixin.py:188} INFO - [2026-09-26T23:06:19.589+0000] {dag.py:3947} INFO - Setting next_dagrun for medallion_settlement_pipeline to None, run_after=None
[2026-09-26T23:06:19.606+0000] {processor.py:183} INFO - Processing /opt/airflow/dags/lcbo_pipeline_dag.py took 0.086 seconds
[2026-09-26T23:06:49.759+0000] {processor.py:161} INFO - Started process (PID=4916) to work on /opt/airflow/dags/lcbo_pipeline_dag.py
[2026-09-26T23:06:49.761+0000] {processor.py:830} INFO - Processing file /opt/airflow/dags/lcbo_pipeline_dag.py for tasks to queue
[2026-09-26T23:06:49.762+0000] {logging_mixin.py:188} INFO - [2026-09-26T23:06:49.762+0000] {dagbag.py:545} INFO - Filling up the DagBag from /opt/airflow/dags/lcbo_pipeline_dag.py
[2026-09-26T23:06:49.793+0000] {processor.py:840} INFO - DAG(s) 'medallion_settlement_pipeline' retrieved from /opt/airflow/dags/lcbo_pipeline_dag.py
[2026-09-26T23:06:49.809+0000] {logging_mixin.py:188} INFO - [2026-09-26T23:06:49.809+0000] {dag.py:3089} INFO - Sync 1 DAGs
[2026-09-26T23:06:49.817+0000] {logging_mixin.py:188} INFO - [2026-09-26T23:06:49.817+0000] {dag.py:3947} INFO - Setting next_dagrun for medallion_settlement_pipeline to None, run_after=None
[2026-09-26T23:06:49.832+0000] {processor.py:183} INFO - Processing /opt/airflow/dags/lcbo_pipeline_dag.py took 0.077 seconds
[2026-09-26T23:07:19.999+0000] {processor.py:161} INFO - Started process (PID=4927) to work on /opt/airflow/dags/lcbo_pipeline_dag.py
[2026-09-26T23:07:20.000+0000] {processor.py:830} INFO - Processing file /opt/airflow/dags/lcbo_pipeline_dag.py for tasks to queue
[2026-09-26T23:07:20.002+0000] {logging_mixin.py:188} INFO - [2026-09-26T23:07:20.002+0000] {dagbag.py:545} INFO - Filling up the DagBag from /opt/airflow/dags/lcbo_pipeline_dag.py
[2026-09-26T23:07:20.033+0000] {processor.py:840} INFO - DAG(s) 'medallion_settlement_pipeline' retrieved from /opt/airflow/dags/lcbo_pipeline_dag.py
[2026-09-26T23:07:20.048+0000] {logging_mixin.py:188} INFO - [2026-09-26T23:07:20.048+0000] {dag.py:3089} INFO - Sync 1 DAGs
[2026-09-26T23:07:20.056+0000] {logging_mixin.py:188} INFO - [2026-09-26T23:07:20.056+0000] {dag.py:3947} INFO - Setting next_dagrun for medallion_settlement_pipeline to None, run_after=None
[2026-09-26T23:07:20.070+0000] {processor.py:183} INFO - Processing /opt/airflow/dags/lcbo_pipeline_dag.py took 0.075 seconds
[2026-09-26T23:07:50.231+0000] {processor.py:161} INFO - Started process (PID=4938) to work on /opt/airflow/dags/lcbo_pipeline_dag.py
[2026-09-26T23:07:50.232+0000] {processor.py:830} INFO - Processing file /opt/airflow/dags/lcbo_pipeline_dag.py for tasks to queue
[2026-09-26T23:07:50.234+0000] {logging_mixin.py:188} INFO - [2026-09-26T23:07:50.234+0000] {dagbag.py:545} INFO - Filling up the DagBag from /opt/airflow/dags/lcbo_pipeline_dag.py
[2026-09-26T23:07:50.266+0000] {processor.py:840} INFO - DAG(s) 'medallion_settlement_pipeline' retrieved from /opt/airflow/dags/lcbo_pipeline_dag.py
[2026-09-26T23:07:50.288+0000] {logging_mixin.py:188} INFO - [2026-09-26T23:07:50.287+0000] {dag.py:3089} INFO - Sync 1 DAGs
[2026-09-26T23:07:50.302+0000] {logging_mixin.py:188} INFO - [2026-09-26T23:07:50.302+0000] {dag.py:3947} INFO - Setting next_dagrun for medallion_settlement_pipeline to None, run_after=None
[2026-09-26T23:07:50.320+0000] {processor.py:183} INFO - Processing /opt/airflow/dags/lcbo_pipeline_dag.py took 0.094 seconds
[2026-09-26T23:08:20.509+0000] {processor.py:161} INFO - Started process (PID=4949) to work on /opt/airflow/dags/lcbo_pipeline_dag.py
[2026-09-26T23:08:20.510+0000] {processor.py:830} INFO - Processing file /opt/airflow/dags/lcbo_pipeline_dag.py for tasks to queue
[2026-09-26T23:08:20.512+0000] {logging_mixin.py:188} INFO - [2026-09-26T23:08:20.512+0000] {dagbag.py:545} INFO - Filling up the DagBag from /opt/airflow/dags/lcbo_pipeline_dag.py
[2026-09-26T23:08:20.546+0000] {processor.py:840} INFO - DAG(s) 'medallion_settlement_pipeline' retrieved from /opt/airflow/dags/lcbo_pipeline_dag.py
[2026-09-26T23:08:20.563+0000] {logging_mixin.py:188} INFO - [2026-09-26T23:08:20.563+0000] {dag.py:3089} INFO - Sync 1 DAGs
[2026-09-26T23:08:20.573+0000] {logging_mixin.py:188} INFO - [2026-09-26T23:08:20.573+0000] {dag.py:3947} INFO - Setting next_dagrun for medallion_settlement_pipeline to None, run_after=None
[2026-09-26T23:08:20.588+0000] {processor.py:183} INFO - Processing /opt/airflow/dags/lcbo_pipeline_dag.py took 0.083 seconds
[2026-09-26T23:08:50.732+0000] {processor.py:161} INFO - Started process (PID=4960) to work on /opt/airflow/dags/lcbo_pipeline_dag.py
[2026-09-26T23:08:50.733+0000] {processor.py:830} INFO - Processing file /opt/airflow/dags/lcbo_pipeline_dag.py for tasks to queue
[2026-09-26T23:08:50.735+0000] {logging_mixin.py:188} INFO - [2026-09-26T23:08:50.734+0000] {dagbag.py:545} INFO - Filling up the DagBag from /opt/airflow/dags/lcbo_pipeline_dag.py
[2026-09-26T23:08:50.768+0000] {processor.py:840} INFO - DAG(s) 'medallion_settlement_pipeline' retrieved from /opt/airflow/dags/lcbo_pipeline_dag.py
[2026-09-26T23:08:50.785+0000] {logging_mixin.py:188} INFO - [2026-09-26T23:08:50.785+0000] {dag.py:3089} INFO - Sync 1 DAGs
[2026-09-26T23:08:50.794+0000] {logging_mixin.py:188} INFO - [2026-09-26T23:08:50.794+0000] {dag.py:3947} INFO - Setting next_dagrun for medallion_settlement_pipeline to None, run_after=None
[2026-09-26T23:08:50.811+0000] {processor.py:183} INFO - Processing /opt/airflow/dags/lcbo_pipeline_dag.py took 0.084 seconds
[2026-09-26T23:09:21.004+0000] {processor.py:161} INFO - Started process (PID=4971) to work on /opt/airflow/dags/lcbo_pipeline_dag.py
[2026-09-26T23:09:21.005+0000] {processor.py:830} INFO - Processing file /opt/airflow/dags/lcbo_pipeline_dag.py for tasks to queue
[2026-09-26T23:09:21.007+0000] {logging_mixin.py:188} INFO - [2026-09-26T23:09:21.007+0000] {dagbag.py:545} INFO - Filling up the DagBag from /opt/airflow/dags/lcbo_pipeline_dag.py
[2026-09-26T23:09:21.037+0000] {processor.py:840} INFO - DAG(s) 'medallion_settlement_pipeline' retrieved from /opt/airflow/dags/lcbo_pipeline_dag.py
[2026-09-26T23:09:21.053+0000] {logging_mixin.py:188} INFO - [2026-09-26T23:09:21.053+0000] {dag.py:3089} INFO - Sync 1 DAGs
[2026-09-26T23:09:21.063+0000] {logging_mixin.py:188} INFO - [2026-09-26T23:09:21.063+0000] {dag.py:3947} INFO - Setting next_dagrun for medallion_settlement_pipeline to None, run_after=None
[2026-09-26T23:09:21.078+0000] {processor.py:183} INFO - Processing /opt/airflow/dags/lcbo_pipeline_dag.py took 0.078 seconds
[2026-09-26T23:09:51.233+0000] {processor.py:161} INFO - Started process (PID=4982) to work on /opt/airflow/dags/lcbo_pipeline_dag.py
[2026-09-26T23:09:51.234+0000] {processor.py:830} INFO - Processing file /opt/airflow/dags/lcbo_pipeline_dag.py for tasks to queue
[2026-09-26T23:09:51.237+0000] {logging_mixin.py:188} INFO - [2026-09-26T23:09:51.237+0000] {dagbag.py:545} INFO - Filling up the DagBag from /opt/airflow/dags/lcbo_pipeline_dag.py
[2026-09-26T23:09:51.269+0000] {processor.py:840} INFO - DAG(s) 'medallion_settlement_pipeline' retrieved from /opt/airflow/dags/lcbo_pipeline_dag.py
[2026-09-26T23:09:51.284+0000] {logging_mixin.py:188} INFO - [2026-09-26T23:09:51.284+0000] {dag.py:3089} INFO - Sync 1 DAGs
[2026-09-26T23:09:51.293+0000] {logging_mixin.py:188} INFO - [2026-09-26T23:09:51.293+0000] {dag.py:3947} INFO - Setting next_dagrun for medallion_settlement_pipeline to None, run_after=None
[2026-09-26T23:09:51.309+0000] {processor.py:183} INFO - Processing /opt/airflow/dags/lcbo_pipeline_dag.py took 0.083 seconds
[2026-09-26T23:10:21.513+0000] {processor.py:161} INFO - Started process (PID=4993) to work on /opt/airflow/dags/lcbo_pipeline_dag.py
[2026-09-26T23:10:21.514+0000] {processor.py:830} INFO - Processing file /opt/airflow/dags/lcbo_pipeline_dag.py for tasks to queue
[2026-09-26T23:10:21.516+0000] {logging_mixin.py:188} INFO - [2026-09-26T23:10:21.516+0000] {dagbag.py:545} INFO - Filling up the DagBag from /opt/airflow/dags/lcbo_pipeline_dag.py
[2026-09-26T23:10:21.546+0000] {processor.py:840} INFO - DAG(s) 'medallion_settlement_pipeline' retrieved from /opt/airflow/dags/lcbo_pipeline_dag.py
[2026-09-26T23:10:21.562+0000] {logging_mixin.py:188} INFO - [2026-09-26T23:10:21.562+0000] {dag.py:3089} INFO - Sync 1 DAGs
[2026-09-26T23:10:21.573+0000] {logging_mixin.py:188} INFO - [2026-09-26T23:10:21.573+0000] {dag.py:3947} INFO - Setting next_dagrun for medallion_settlement_pipeline to None, run_after=None
[2026-09-26T23:10:21.590+0000] {processor.py:183} INFO - Processing /opt/airflow/dags/lcbo_pipeline_dag.py took 0.081 seconds
[2026-09-26T23:10:51.737+0000] {processor.py:161} INFO - Started process (PID=5004) to work on /opt/airflow/dags/lcbo_pipeline_dag.py
[2026-09-26T23:10:51.738+0000] {processor.py:830} INFO - Processing file /opt/airflow/dags/lcbo_pipeline_dag.py for tasks to queue
[2026-09-26T23:10:51.740+0000] {logging_mixin.py:188} INFO - [2026-09-26T23:10:51.740+0000] {dagbag.py:545} INFO - Filling up the DagBag from /opt/airflow/dags/lcbo_pipeline_dag.py
[2026-09-26T23:10:51.771+0000] {processor.py:840} INFO - DAG(s) 'medallion_settlement_pipeline' retrieved from /opt/airflow/dags/lcbo_pipeline_dag.py
[2026-09-26T23:10:51.787+0000] {logging_mixin.py:188} INFO - [2026-09-26T23:10:51.787+0000] {dag.py:3089} INFO - Sync 1 DAGs
[2026-09-26T23:10:51.797+0000] {logging_mixin.py:188} INFO - [2026-09-26T23:10:51.797+0000] {dag.py:3947} INFO - Setting next_dagrun for medallion_settlement_pipeline to None, run_after=None
[2026-09-26T23:10:51.814+0000] {processor.py:183} INFO - Processing /opt/airflow/dags/lcbo_pipeline_dag.py took 0.081 seconds
[2026-09-26T23:11:22.010+0000] {processor.py:161} INFO - Started process (PID=5015) to work on /opt/airflow/dags/lcbo_pipeline_dag.py
[2026-09-26T23:11:22.011+0000] {processor.py:830} INFO - Processing file /opt/airflow/dags/lcbo_pipeline_dag.py for tasks to queue
[2026-09-26T23:11:22.013+0000] {logging_mixin.py:188} INFO - [2026-09-26T23:11:22.013+0000] {dagbag.py:545} INFO - Filling up the DagBag from /opt/airflow/dags/lcbo_pipeline_dag.py
[2026-09-26T23:11:22.044+0000] {processor.py:840} INFO - DAG(s) 'medallion_settlement_pipeline' retrieved from /opt/airflow/dags/lcbo_pipeline_dag.py
[2026-09-26T23:11:22.059+0000] {logging_mixin.py:188} INFO - [2026-09-26T23:11:22.059+0000] {dag.py:3089} INFO - Sync 1 DAGs
[2026-09-26T23:11:22.069+0000] {logging_mixin.py:188} INFO - [2026-09-26T23:11:22.069+0000] {dag.py:3947} INFO - Setting next_dagrun for medallion_settlement_pipeline to None, run_after=None
[2026-09-26T23:11:22.087+0000] {processor.py:183} INFO - Processing /opt/airflow/dags/lcbo_pipeline_dag.py took 0.080 seconds
[2026-09-26T23:11:52.227+0000] {processor.py:161} INFO - Started process (PID=5026) to work on /opt/airflow/dags/lcbo_pipeline_dag.py
[2026-09-26T23:11:52.228+0000] {processor.py:830} INFO - Processing file /opt/airflow/dags/lcbo_pipeline_dag.py for tasks to queue
[2026-09-26T23:11:52.230+0000] {logging_mixin.py:188} INFO - [2026-09-26T23:11:52.229+0000] {dagbag.py:545} INFO - Filling up the DagBag from /opt/airflow/dags/lcbo_pipeline_dag.py
[2026-09-26T23:11:52.261+0000] {processor.py:840} INFO - DAG(s) 'medallion_settlement_pipeline' retrieved from /opt/airflow/dags/lcbo_pipeline_dag.py
[2026-09-26T23:11:52.277+0000] {logging_mixin.py:188} INFO - [2026-09-26T23:11:52.277+0000] {dag.py:3089} INFO - Sync 1 DAGs
[2026-09-26T23:11:52.287+0000] {logging_mixin.py:188} INFO - [2026-09-26T23:11:52.287+0000] {dag.py:3947} INFO - Setting next_dagrun for medallion_settlement_pipeline to None, run_after=None
[2026-09-26T23:11:52.302+0000] {processor.py:183} INFO - Processing /opt/airflow/dags/lcbo_pipeline_dag.py took 0.079 seconds
[2026-09-26T23:12:22.503+0000] {processor.py:161} INFO - Started process (PID=5037) to work on /opt/airflow/dags/lcbo_pipeline_dag.py
[2026-09-26T23:12:22.504+0000] {processor.py:830} INFO - Processing file /opt/airflow/dags/lcbo_pipeline_dag.py for tasks to queue
[2026-09-26T23:12:22.506+0000] {logging_mixin.py:188} INFO - [2026-09-26T23:12:22.506+0000] {dagbag.py:545} INFO - Filling up the DagBag from /opt/airflow/dags/lcbo_pipeline_dag.py
[2026-09-26T23:12:22.537+0000] {processor.py:840} INFO - DAG(s) 'medallion_settlement_pipeline' retrieved from /opt/airflow/dags/lcbo_pipeline_dag.py
[2026-09-26T23:12:22.553+0000] {logging_mixin.py:188} INFO - [2026-09-26T23:12:22.553+0000] {dag.py:3089} INFO - Sync 1 DAGs
[2026-09-26T23:12:22.563+0000] {logging_mixin.py:188} INFO - [2026-09-26T23:12:22.563+0000] {dag.py:3947} INFO - Setting next_dagrun for medallion_settlement_pipeline to None, run_after=None
[2026-09-26T23:12:22.580+0000] {processor.py:183} INFO - Processing /opt/airflow/dags/lcbo_pipeline_dag.py took 0.081 seconds
[2026-09-26T23:12:52.742+0000] {processor.py:161} INFO - Started process (PID=5048) to work on /opt/airflow/dags/lcbo_pipeline_dag.py
[2026-09-26T23:12:52.743+0000] {processor.py:830} INFO - Processing file /opt/airflow/dags/lcbo_pipeline_dag.py for tasks to queue
[2026-09-26T23:12:52.745+0000] {logging_mixin.py:188} INFO - [2026-09-26T23:12:52.745+0000] {dagbag.py:545} INFO - Filling up the DagBag from /opt/airflow/dags/lcbo_pipeline_dag.py
[2026-09-26T23:12:52.777+0000] {processor.py:840} INFO - DAG(s) 'medallion_settlement_pipeline' retrieved from /opt/airflow/dags/lcbo_pipeline_dag.py
[2026-09-26T23:12:52.793+0000] {logging_mixin.py:188} INFO - [2026-09-26T23:12:52.793+0000] {dag.py:3089} INFO - Sync 1 DAGs
[2026-09-26T23:12:52.802+0000] {logging_mixin.py:188} INFO - [2026-09-26T23:12:52.802+0000] {dag.py:3947} INFO - Setting next_dagrun for medallion_settlement_pipeline to None, run_after=None
[2026-09-26T23:12:52.823+0000] {processor.py:183} INFO - Processing /opt/airflow/dags/lcbo_pipeline_dag.py took 0.085 seconds
[2026-09-26T23:13:23.039+0000] {processor.py:161} INFO - Started process (PID=5059) to work on /opt/airflow/dags/lcbo_pipeline_dag.py
[2026-09-26T23:13:23.041+0000] {processor.py:830} INFO - Processing file /opt/airflow/dags/lcbo_pipeline_dag.py for tasks to queue
[2026-09-26T23:13:23.042+0000] {logging_mixin.py:188} INFO - [2026-09-26T23:13:23.042+0000] {dagbag.py:545} INFO - Filling up the DagBag from /opt/airflow/dags/lcbo_pipeline_dag.py
[2026-09-26T23:13:23.071+0000] {processor.py:840} INFO - DAG(s) 'medallion_settlement_pipeline' retrieved from /opt/airflow/dags/lcbo_pipeline_dag.py
[2026-09-26T23:13:23.087+0000] {logging_mixin.py:188} INFO - [2026-09-26T23:13:23.086+0000] {dag.py:3089} INFO - Sync 1 DAGs
[2026-09-26T23:13:23.097+0000] {logging_mixin.py:188} INFO - [2026-09-26T23:13:23.097+0000] {dag.py:3947} INFO - Setting next_dagrun for medallion_settlement_pipeline to None, run_after=None
[2026-09-26T23:13:23.115+0000] {processor.py:183} INFO - Processing /opt/airflow/dags/lcbo_pipeline_dag.py took 0.079 seconds
[2026-09-26T23:13:53.251+0000] {processor.py:161} INFO - Started process (PID=5070) to work on /opt/airflow/dags/lcbo_pipeline_dag.py
[2026-09-26T23:13:53.253+0000] {processor.py:830} INFO - Processing file /opt/airflow/dags/lcbo_pipeline_dag.py for tasks to queue
[2026-09-26T23:13:53.254+0000] {logging_mixin.py:188} INFO - [2026-09-26T23:13:53.254+0000] {dagbag.py:545} INFO - Filling up the DagBag from /opt/airflow/dags/lcbo_pipeline_dag.py
[2026-09-26T23:13:53.289+0000] {processor.py:840} INFO - DAG(s) 'medallion_settlement_pipeline' retrieved from /opt/airflow/dags/lcbo_pipeline_dag.py
[2026-09-26T23:13:53.306+0000] {logging_mixin.py:188} INFO - [2026-09-26T23:13:53.306+0000] {dag.py:3089} INFO - Sync 1 DAGs
[2026-09-26T23:13:53.318+0000] {logging_mixin.py:188} INFO - [2026-09-26T23:13:53.317+0000] {dag.py:3947} INFO - Setting next_dagrun for medallion_settlement_pipeline to None, run_after=None
[2026-09-26T23:13:53.335+0000] {processor.py:183} INFO - Processing /opt/airflow/dags/lcbo_pipeline_dag.py took 0.087 seconds
[2026-09-26T23:14:23.529+0000] {processor.py:161} INFO - Started process (PID=5081) to work on /opt/airflow/dags/lcbo_pipeline_dag.py
[2026-09-26T23:14:23.530+0000] {processor.py:830} INFO - Processing file /opt/airflow/dags/lcbo_pipeline_dag.py for tasks to queue
[2026-09-26T23:14:23.532+0000] {logging_mixin.py:188} INFO - [2026-09-26T23:14:23.532+0000] {dagbag.py:545} INFO - Filling up the DagBag from /opt/airflow/dags/lcbo_pipeline_dag.py
[2026-09-26T23:14:23.565+0000] {processor.py:840} INFO - DAG(s) 'medallion_settlement_pipeline' retrieved from /opt/airflow/dags/lcbo_pipeline_dag.py
[2026-09-26T23:14:23.581+0000] {logging_mixin.py:188} INFO - [2026-09-26T23:14:23.581+0000] {dag.py:3089} INFO - Sync 1 DAGs
[2026-09-26T23:14:23.592+0000] {logging_mixin.py:188} INFO - [2026-09-26T23:14:23.591+0000] {dag.py:3947} INFO - Setting next_dagrun for medallion_settlement_pipeline to None, run_after=None
[2026-09-26T23:14:23.610+0000] {processor.py:183} INFO - Processing /opt/airflow/dags/lcbo_pipeline_dag.py took 0.086 seconds
[2026-09-26T23:14:53.758+0000] {processor.py:161} INFO - Started process (PID=5092) to work on /opt/airflow/dags/lcbo_pipeline_dag.py
[2026-09-26T23:14:53.759+0000] {processor.py:830} INFO - Processing file /opt/airflow/dags/lcbo_pipeline_dag.py for tasks to queue
[2026-09-26T23:14:53.761+0000] {logging_mixin.py:188} INFO - [2026-09-26T23:14:53.761+0000] {dagbag.py:545} INFO - Filling up the DagBag from /opt/airflow/dags/lcbo_pipeline_dag.py
[2026-09-26T23:14:53.792+0000] {processor.py:840} INFO - DAG(s) 'medallion_settlement_pipeline' retrieved from /opt/airflow/dags/lcbo_pipeline_dag.py
[2026-09-26T23:14:53.807+0000] {logging_mixin.py:188} INFO - [2026-09-26T23:14:53.807+0000] {dag.py:3089} INFO - Sync 1 DAGs
[2026-09-26T23:14:53.817+0000] {logging_mixin.py:188} INFO - [2026-09-26T23:14:53.816+0000] {dag.py:3947} INFO - Setting next_dagrun for medallion_settlement_pipeline to None, run_after=None
[2026-09-26T23:14:53.834+0000] {processor.py:183} INFO - Processing /opt/airflow/dags/lcbo_pipeline_dag.py took 0.080 seconds
[2026-09-26T23:15:24.035+0000] {processor.py:161} INFO - Started process (PID=5103) to work on /opt/airflow/dags/lcbo_pipeline_dag.py
[2026-09-26T23:15:24.037+0000] {processor.py:830} INFO - Processing file /opt/airflow/dags/lcbo_pipeline_dag.py for tasks to queue
[2026-09-26T23:15:24.038+0000] {logging_mixin.py:188} INFO - [2026-09-26T23:15:24.038+0000] {dagbag.py:545} INFO - Filling up the DagBag from /opt/airflow/dags/lcbo_pipeline_dag.py
[2026-09-26T23:15:24.070+0000] {processor.py:840} INFO - DAG(s) 'medallion_settlement_pipeline' retrieved from /opt/airflow/dags/lcbo_pipeline_dag.py
[2026-09-26T23:15:24.088+0000] {logging_mixin.py:188} INFO - [2026-09-26T23:15:24.087+0000] {dag.py:3089} INFO - Sync 1 DAGs
[2026-09-26T23:15:24.098+0000] {logging_mixin.py:188} INFO - [2026-09-26T23:15:24.098+0000] {dag.py:3947} INFO - Setting next_dagrun for medallion_settlement_pipeline to None, run_after=None
[2026-09-26T23:15:24.115+0000] {processor.py:183} INFO - Processing /opt/airflow/dags/lcbo_pipeline_dag.py took 0.083 seconds
[2026-09-26T23:15:54.254+0000] {processor.py:161} INFO - Started process (PID=5114) to work on /opt/airflow/dags/lcbo_pipeline_dag.py
[2026-09-26T23:15:54.255+0000] {processor.py:830} INFO - Processing file /opt/airflow/dags/lcbo_pipeline_dag.py for tasks to queue
[2026-09-26T23:15:54.257+0000] {logging_mixin.py:188} INFO - [2026-09-26T23:15:54.257+0000] {dagbag.py:545} INFO - Filling up the DagBag from /opt/airflow/dags/lcbo_pipeline_dag.py
[2026-09-26T23:15:54.287+0000] {processor.py:840} INFO - DAG(s) 'medallion_settlement_pipeline' retrieved from /opt/airflow/dags/lcbo_pipeline_dag.py
[2026-09-26T23:15:54.303+0000] {logging_mixin.py:188} INFO - [2026-09-26T23:15:54.303+0000] {dag.py:3089} INFO - Sync 1 DAGs
[2026-09-26T23:15:54.311+0000] {logging_mixin.py:188} INFO - [2026-09-26T23:15:54.311+0000] {dag.py:3947} INFO - Setting next_dagrun for medallion_settlement_pipeline to None, run_after=None
[2026-09-26T23:15:54.327+0000] {processor.py:183} INFO - Processing /opt/airflow/dags/lcbo_pipeline_dag.py took 0.077 seconds
[2026-09-26T23:16:24.539+0000] {processor.py:161} INFO - Started process (PID=5125) to work on /opt/airflow/dags/lcbo_pipeline_dag.py
[2026-09-26T23:16:24.540+0000] {processor.py:830} INFO - Processing file /opt/airflow/dags/lcbo_pipeline_dag.py for tasks to queue
[2026-09-26T23:16:24.542+0000] {logging_mixin.py:188} INFO - [2026-09-26T23:16:24.542+0000] {dagbag.py:545} INFO - Filling up the DagBag from /opt/airflow/dags/lcbo_pipeline_dag.py
[2026-09-26T23:16:24.579+0000] {processor.py:840} INFO - DAG(s) 'medallion_settlement_pipeline' retrieved from /opt/airflow/dags/lcbo_pipeline_dag.py
[2026-09-26T23:16:24.599+0000] {logging_mixin.py:188} INFO - [2026-09-26T23:16:24.598+0000] {dag.py:3089} INFO - Sync 1 DAGs
[2026-09-26T23:16:24.610+0000] {logging_mixin.py:188} INFO - [2026-09-26T23:16:24.610+0000] {dag.py:3947} INFO - Setting next_dagrun for medallion_settlement_pipeline to None, run_after=None
[2026-09-26T23:16:24.626+0000] {processor.py:183} INFO - Processing /opt/airflow/dags/lcbo_pipeline_dag.py took 0.093 seconds
[2026-09-26T23:16:54.760+0000] {processor.py:161} INFO - Started process (PID=5136) to work on /opt/airflow/dags/lcbo_pipeline_dag.py
[2026-09-26T23:16:54.761+0000] {processor.py:830} INFO - Processing file /opt/airflow/dags/lcbo_pipeline_dag.py for tasks to queue
[2026-09-26T23:16:54.763+0000] {logging_mixin.py:188} INFO - [2026-09-26T23:16:54.762+0000] {dagbag.py:545} INFO - Filling up the DagBag from /opt/airflow/dags/lcbo_pipeline_dag.py
[2026-09-26T23:16:54.798+0000] {processor.py:840} INFO - DAG(s) 'medallion_settlement_pipeline' retrieved from /opt/airflow/dags/lcbo_pipeline_dag.py
[2026-09-26T23:16:54.818+0000] {logging_mixin.py:188} INFO - [2026-09-26T23:16:54.817+0000] {dag.py:3089} INFO - Sync 1 DAGs
[2026-09-26T23:16:54.829+0000] {logging_mixin.py:188} INFO - [2026-09-26T23:16:54.828+0000] {dag.py:3947} INFO - Setting next_dagrun for medallion_settlement_pipeline to None, run_after=None
[2026-09-26T23:16:54.845+0000] {processor.py:183} INFO - Processing /opt/airflow/dags/lcbo_pipeline_dag.py took 0.091 seconds
[2026-09-26T23:17:25.023+0000] {processor.py:161} INFO - Started process (PID=5147) to work on /opt/airflow/dags/lcbo_pipeline_dag.py
[2026-09-26T23:17:25.024+0000] {processor.py:830} INFO - Processing file /opt/airflow/dags/lcbo_pipeline_dag.py for tasks to queue
[2026-09-26T23:17:25.026+0000] {logging_mixin.py:188} INFO - [2026-09-26T23:17:25.025+0000] {dagbag.py:545} INFO - Filling up the DagBag from /opt/airflow/dags/lcbo_pipeline_dag.py
[2026-09-26T23:17:25.058+0000] {processor.py:840} INFO - DAG(s) 'medallion_settlement_pipeline' retrieved from /opt/airflow/dags/lcbo_pipeline_dag.py
[2026-09-26T23:17:25.078+0000] {logging_mixin.py:188} INFO - [2026-09-26T23:17:25.078+0000] {dag.py:3089} INFO - Sync 1 DAGs
[2026-09-26T23:17:25.089+0000] {logging_mixin.py:188} INFO - [2026-09-26T23:17:25.089+0000] {dag.py:3947} INFO - Setting next_dagrun for medallion_settlement_pipeline to None, run_after=None
[2026-09-26T23:17:25.107+0000] {processor.py:183} INFO - Processing /opt/airflow/dags/lcbo_pipeline_dag.py took 0.088 seconds
[2026-09-26T23:17:55.231+0000] {processor.py:161} INFO - Started process (PID=5158) to work on /opt/airflow/dags/lcbo_pipeline_dag.py
[2026-09-26T23:17:55.232+0000] {processor.py:830} INFO - Processing file /opt/airflow/dags/lcbo_pipeline_dag.py for tasks to queue
[2026-09-26T23:17:55.233+0000] {logging_mixin.py:188} INFO - [2026-09-26T23:17:55.233+0000] {dagbag.py:545} INFO - Filling up the DagBag from /opt/airflow/dags/lcbo_pipeline_dag.py
[2026-09-26T23:17:55.266+0000] {processor.py:840} INFO - DAG(s) 'medallion_settlement_pipeline' retrieved from /opt/airflow/dags/lcbo_pipeline_dag.py
[2026-09-26T23:17:55.284+0000] {logging_mixin.py:188} INFO - [2026-09-26T23:17:55.283+0000] {dag.py:3089} INFO - Sync 1 DAGs
[2026-09-26T23:17:55.297+0000] {logging_mixin.py:188} INFO - [2026-09-26T23:17:55.297+0000] {dag.py:3947} INFO - Setting next_dagrun for medallion_settlement_pipeline to None, run_after=None
[2026-09-26T23:17:55.317+0000] {processor.py:183} INFO - Processing /opt/airflow/dags/lcbo_pipeline_dag.py took 0.091 seconds
[2026-09-26T23:18:25.507+0000] {processor.py:161} INFO - Started process (PID=5169) to work on /opt/airflow/dags/lcbo_pipeline_dag.py
[2026-09-26T23:18:25.508+0000] {processor.py:830} INFO - Processing file /opt/airflow/dags/lcbo_pipeline_dag.py for tasks to queue
[2026-09-26T23:18:25.510+0000] {logging_mixin.py:188} INFO - [2026-09-26T23:18:25.509+0000] {dagbag.py:545} INFO - Filling up the DagBag from /opt/airflow/dags/lcbo_pipeline_dag.py
[2026-09-26T23:18:25.542+0000] {processor.py:840} INFO - DAG(s) 'medallion_settlement_pipeline' retrieved from /opt/airflow/dags/lcbo_pipeline_dag.py
[2026-09-26T23:18:25.558+0000] {logging_mixin.py:188} INFO - [2026-09-26T23:18:25.558+0000] {dag.py:3089} INFO - Sync 1 DAGs
[2026-09-26T23:18:25.568+0000] {logging_mixin.py:188} INFO - [2026-09-26T23:18:25.568+0000] {dag.py:3947} INFO - Setting next_dagrun for medallion_settlement_pipeline to None, run_after=None
[2026-09-26T23:18:25.584+0000] {processor.py:183} INFO - Processing /opt/airflow/dags/lcbo_pipeline_dag.py took 0.082 seconds
[2026-09-26T23:18:55.698+0000] {processor.py:161} INFO - Started process (PID=5180) to work on /opt/airflow/dags/lcbo_pipeline_dag.py
[2026-09-26T23:18:55.700+0000] {processor.py:830} INFO - Processing file /opt/airflow/dags/lcbo_pipeline_dag.py for tasks to queue
[2026-09-26T23:18:55.701+0000] {logging_mixin.py:188} INFO - [2026-09-26T23:18:55.701+0000] {dagbag.py:545} INFO - Filling up the DagBag from /opt/airflow/dags/lcbo_pipeline_dag.py
[2026-09-26T23:18:55.733+0000] {processor.py:840} INFO - DAG(s) 'medallion_settlement_pipeline' retrieved from /opt/airflow/dags/lcbo_pipeline_dag.py
[2026-09-26T23:18:55.749+0000] {logging_mixin.py:188} INFO - [2026-09-26T23:18:55.749+0000] {dag.py:3089} INFO - Sync 1 DAGs
[2026-09-26T23:18:55.759+0000] {logging_mixin.py:188} INFO - [2026-09-26T23:18:55.759+0000] {dag.py:3947} INFO - Setting next_dagrun for medallion_settlement_pipeline to None, run_after=None
[2026-09-26T23:18:55.777+0000] {processor.py:183} INFO - Processing /opt/airflow/dags/lcbo_pipeline_dag.py took 0.082 seconds
[2026-09-26T23:19:25.946+0000] {processor.py:161} INFO - Started process (PID=5191) to work on /opt/airflow/dags/lcbo_pipeline_dag.py
[2026-09-26T23:19:25.947+0000] {processor.py:830} INFO - Processing file /opt/airflow/dags/lcbo_pipeline_dag.py for tasks to queue
[2026-09-26T23:19:25.949+0000] {logging_mixin.py:188} INFO - [2026-09-26T23:19:25.949+0000] {dagbag.py:545} INFO - Filling up the DagBag from /opt/airflow/dags/lcbo_pipeline_dag.py
[2026-09-26T23:19:25.982+0000] {processor.py:840} INFO - DAG(s) 'medallion_settlement_pipeline' retrieved from /opt/airflow/dags/lcbo_pipeline_dag.py
[2026-09-26T23:19:26.002+0000] {logging_mixin.py:188} INFO - [2026-09-26T23:19:26.001+0000] {dag.py:3089} INFO - Sync 1 DAGs
[2026-09-26T23:19:26.016+0000] {logging_mixin.py:188} INFO - [2026-09-26T23:19:26.016+0000] {dag.py:3947} INFO - Setting next_dagrun for medallion_settlement_pipeline to None, run_after=None
[2026-09-26T23:19:26.035+0000] {processor.py:183} INFO - Processing /opt/airflow/dags/lcbo_pipeline_dag.py took 0.093 seconds
[2026-09-26T23:19:56.135+0000] {processor.py:161} INFO - Started process (PID=5202) to work on /opt/airflow/dags/lcbo_pipeline_dag.py
[2026-09-26T23:19:56.136+0000] {processor.py:830} INFO - Processing file /opt/airflow/dags/lcbo_pipeline_dag.py for tasks to queue
[2026-09-26T23:19:56.137+0000] {logging_mixin.py:188} INFO - [2026-09-26T23:19:56.137+0000] {dagbag.py:545} INFO - Filling up the DagBag from /opt/airflow/dags/lcbo_pipeline_dag.py
[2026-09-26T23:19:56.173+0000] {processor.py:840} INFO - DAG(s) 'medallion_settlement_pipeline' retrieved from /opt/airflow/dags/lcbo_pipeline_dag.py
[2026-09-26T23:19:56.194+0000] {logging_mixin.py:188} INFO - [2026-09-26T23:19:56.194+0000] {dag.py:3089} INFO - Sync 1 DAGs
[2026-09-26T23:19:56.203+0000] {logging_mixin.py:188} INFO - [2026-09-26T23:19:56.203+0000] {dag.py:3947} INFO - Setting next_dagrun for medallion_settlement_pipeline to None, run_after=None
[2026-09-26T23:19:56.224+0000] {processor.py:183} INFO - Processing /opt/airflow/dags/lcbo_pipeline_dag.py took 0.094 seconds
[2026-09-26T23:20:26.400+0000] {processor.py:161} INFO - Started process (PID=5213) to work on /opt/airflow/dags/lcbo_pipeline_dag.py
[2026-09-26T23:20:26.401+0000] {processor.py:830} INFO - Processing file /opt/airflow/dags/lcbo_pipeline_dag.py for tasks to queue
[2026-09-26T23:20:26.403+0000] {logging_mixin.py:188} INFO - [2026-09-26T23:20:26.403+0000] {dagbag.py:545} INFO - Filling up the DagBag from /opt/airflow/dags/lcbo_pipeline_dag.py
[2026-09-26T23:20:26.442+0000] {processor.py:840} INFO - DAG(s) 'medallion_settlement_pipeline' retrieved from /opt/airflow/dags/lcbo_pipeline_dag.py
[2026-09-26T23:20:26.466+0000] {logging_mixin.py:188} INFO - [2026-09-26T23:20:26.465+0000] {dag.py:3089} INFO - Sync 1 DAGs
[2026-09-26T23:20:26.479+0000] {logging_mixin.py:188} INFO - [2026-09-26T23:20:26.479+0000] {dag.py:3947} INFO - Setting next_dagrun for medallion_settlement_pipeline to None, run_after=None
[2026-09-26T23:20:26.498+0000] {processor.py:183} INFO - Processing /opt/airflow/dags/lcbo_pipeline_dag.py took 0.103 seconds
[2026-09-26T23:20:56.588+0000] {processor.py:161} INFO - Started process (PID=5224) to work on /opt/airflow/dags/lcbo_pipeline_dag.py
[2026-09-26T23:20:56.590+0000] {processor.py:830} INFO - Processing file /opt/airflow/dags/lcbo_pipeline_dag.py for tasks to queue
[2026-09-26T23:20:56.591+0000] {logging_mixin.py:188} INFO - [2026-09-26T23:20:56.591+0000] {dagbag.py:545} INFO - Filling up the DagBag from /opt/airflow/dags/lcbo_pipeline_dag.py
[2026-09-26T23:20:56.624+0000] {processor.py:840} INFO - DAG(s) 'medallion_settlement_pipeline' retrieved from /opt/airflow/dags/lcbo_pipeline_dag.py
[2026-09-26T23:20:56.641+0000] {logging_mixin.py:188} INFO - [2026-09-26T23:20:56.641+0000] {dag.py:3089} INFO - Sync 1 DAGs
[2026-09-26T23:20:56.650+0000] {logging_mixin.py:188} INFO - [2026-09-26T23:20:56.650+0000] {dag.py:3947} INFO - Setting next_dagrun for medallion_settlement_pipeline to None, run_after=None
[2026-09-26T23:20:56.665+0000] {processor.py:183} INFO - Processing /opt/airflow/dags/lcbo_pipeline_dag.py took 0.081 seconds
[2026-09-26T23:21:26.871+0000] {processor.py:161} INFO - Started process (PID=5235) to work on /opt/airflow/dags/lcbo_pipeline_dag.py
[2026-09-26T23:21:26.872+0000] {processor.py:830} INFO - Processing file /opt/airflow/dags/lcbo_pipeline_dag.py for tasks to queue
[2026-09-26T23:21:26.874+0000] {logging_mixin.py:188} INFO - [2026-09-26T23:21:26.874+0000] {dagbag.py:545} INFO - Filling up the DagBag from /opt/airflow/dags/lcbo_pipeline_dag.py
[2026-09-26T23:21:26.904+0000] {processor.py:840} INFO - DAG(s) 'medallion_settlement_pipeline' retrieved from /opt/airflow/dags/lcbo_pipeline_dag.py
[2026-09-26T23:21:26.920+0000] {logging_mixin.py:188} INFO - [2026-09-26T23:21:26.919+0000] {dag.py:3089} INFO - Sync 1 DAGs
[2026-09-26T23:21:26.929+0000] {logging_mixin.py:188} INFO - [2026-09-26T23:21:26.929+0000] {dag.py:3947} INFO - Setting next_dagrun for medallion_settlement_pipeline to None, run_after=None
[2026-09-26T23:21:26.946+0000] {processor.py:183} INFO - Processing /opt/airflow/dags/lcbo_pipeline_dag.py took 0.078 seconds
[2026-09-26T23:21:57.065+0000] {processor.py:161} INFO - Started process (PID=5246) to work on /opt/airflow/dags/lcbo_pipeline_dag.py
[2026-09-26T23:21:57.066+0000] {processor.py:830} INFO - Processing file /opt/airflow/dags/lcbo_pipeline_dag.py for tasks to queue
[2026-09-26T23:21:57.068+0000] {logging_mixin.py:188} INFO - [2026-09-26T23:21:57.068+0000] {dagbag.py:545} INFO - Filling up the DagBag from /opt/airflow/dags/lcbo_pipeline_dag.py
[2026-09-26T23:21:57.098+0000] {processor.py:840} INFO - DAG(s) 'medallion_settlement_pipeline' retrieved from /opt/airflow/dags/lcbo_pipeline_dag.py
[2026-09-26T23:21:57.114+0000] {logging_mixin.py:188} INFO - [2026-09-26T23:21:57.114+0000] {dag.py:3089} INFO - Sync 1 DAGs
[2026-09-26T23:21:57.123+0000] {logging_mixin.py:188} INFO - [2026-09-26T23:21:57.123+0000] {dag.py:3947} INFO - Setting next_dagrun for medallion_settlement_pipeline to None, run_after=None
[2026-09-26T23:21:57.139+0000] {processor.py:183} INFO - Processing /opt/airflow/dags/lcbo_pipeline_dag.py took 0.078 seconds
[2026-09-26T23:22:27.314+0000] {processor.py:161} INFO - Started process (PID=5257) to work on /opt/airflow/dags/lcbo_pipeline_dag.py
[2026-09-26T23:22:27.315+0000] {processor.py:830} INFO - Processing file /opt/airflow/dags/lcbo_pipeline_dag.py for tasks to queue
[2026-09-26T23:22:27.317+0000] {logging_mixin.py:188} INFO - [2026-09-26T23:22:27.317+0000] {dagbag.py:545} INFO - Filling up the DagBag from /opt/airflow/dags/lcbo_pipeline_dag.py
[2026-09-26T23:22:27.348+0000] {processor.py:840} INFO - DAG(s) 'medallion_settlement_pipeline' retrieved from /opt/airflow/dags/lcbo_pipeline_dag.py
[2026-09-26T23:22:27.363+0000] {logging_mixin.py:188} INFO - [2026-09-26T23:22:27.363+0000] {dag.py:3089} INFO - Sync 1 DAGs
[2026-09-26T23:22:27.372+0000] {logging_mixin.py:188} INFO - [2026-09-26T23:22:27.372+0000] {dag.py:3947} INFO - Setting next_dagrun for medallion_settlement_pipeline to None, run_after=None
[2026-09-26T23:22:27.389+0000] {processor.py:183} INFO - Processing /opt/airflow/dags/lcbo_pipeline_dag.py took 0.079 seconds
[2026-09-26T23:22:57.514+0000] {processor.py:161} INFO - Started process (PID=5268) to work on /opt/airflow/dags/lcbo_pipeline_dag.py
[2026-09-26T23:22:57.516+0000] {processor.py:830} INFO - Processing file /opt/airflow/dags/lcbo_pipeline_dag.py for tasks to queue
[2026-09-26T23:22:57.517+0000] {logging_mixin.py:188} INFO - [2026-09-26T23:22:57.517+0000] {dagbag.py:545} INFO - Filling up the DagBag from /opt/airflow/dags/lcbo_pipeline_dag.py
[2026-09-26T23:22:57.550+0000] {processor.py:840} INFO - DAG(s) 'medallion_settlement_pipeline' retrieved from /opt/airflow/dags/lcbo_pipeline_dag.py
[2026-09-26T23:22:57.566+0000] {logging_mixin.py:188} INFO - [2026-09-26T23:22:57.565+0000] {dag.py:3089} INFO - Sync 1 DAGs
[2026-09-26T23:22:57.575+0000] {logging_mixin.py:188} INFO - [2026-09-26T23:22:57.575+0000] {dag.py:3947} INFO - Setting next_dagrun for medallion_settlement_pipeline to None, run_after=None
[2026-09-26T23:22:57.590+0000] {processor.py:183} INFO - Processing /opt/airflow/dags/lcbo_pipeline_dag.py took 0.080 seconds
[2026-09-26T23:23:27.788+0000] {processor.py:161} INFO - Started process (PID=5279) to work on /opt/airflow/dags/lcbo_pipeline_dag.py
[2026-09-26T23:23:27.789+0000] {processor.py:830} INFO - Processing file /opt/airflow/dags/lcbo_pipeline_dag.py for tasks to queue
[2026-09-26T23:23:27.791+0000] {logging_mixin.py:188} INFO - [2026-09-26T23:23:27.791+0000] {dagbag.py:545} INFO - Filling up the DagBag from /opt/airflow/dags/lcbo_pipeline_dag.py
[2026-09-26T23:23:27.822+0000] {processor.py:840} INFO - DAG(s) 'medallion_settlement_pipeline' retrieved from /opt/airflow/dags/lcbo_pipeline_dag.py
[2026-09-26T23:23:27.837+0000] {logging_mixin.py:188} INFO - [2026-09-26T23:23:27.837+0000] {dag.py:3089} INFO - Sync 1 DAGs
[2026-09-26T23:23:27.849+0000] {logging_mixin.py:188} INFO - [2026-09-26T23:23:27.849+0000] {dag.py:3947} INFO - Setting next_dagrun for medallion_settlement_pipeline to None, run_after=None
[2026-09-26T23:23:27.863+0000] {processor.py:183} INFO - Processing /opt/airflow/dags/lcbo_pipeline_dag.py took 0.079 seconds
[2026-09-26T23:23:57.983+0000] {processor.py:161} INFO - Started process (PID=5290) to work on /opt/airflow/dags/lcbo_pipeline_dag.py
[2026-09-26T23:23:57.984+0000] {processor.py:830} INFO - Processing file /opt/airflow/dags/lcbo_pipeline_dag.py for tasks to queue
[2026-09-26T23:23:57.986+0000] {logging_mixin.py:188} INFO - [2026-09-26T23:23:57.986+0000] {dagbag.py:545} INFO - Filling up the DagBag from /opt/airflow/dags/lcbo_pipeline_dag.py
[2026-09-26T23:23:58.021+0000] {processor.py:840} INFO - DAG(s) 'medallion_settlement_pipeline' retrieved from /opt/airflow/dags/lcbo_pipeline_dag.py
[2026-09-26T23:23:58.041+0000] {logging_mixin.py:188} INFO - [2026-09-26T23:23:58.041+0000] {dag.py:3089} INFO - Sync 1 DAGs
[2026-09-26T23:23:58.052+0000] {logging_mixin.py:188} INFO - [2026-09-26T23:23:58.051+0000] {dag.py:3947} INFO - Setting next_dagrun for medallion_settlement_pipeline to None, run_after=None
[2026-09-26T23:23:58.072+0000] {processor.py:183} INFO - Processing /opt/airflow/dags/lcbo_pipeline_dag.py took 0.094 seconds
[2026-09-26T23:24:28.236+0000] {processor.py:161} INFO - Started process (PID=5301) to work on /opt/airflow/dags/lcbo_pipeline_dag.py
[2026-09-26T23:24:28.237+0000] {processor.py:830} INFO - Processing file /opt/airflow/dags/lcbo_pipeline_dag.py for tasks to queue
[2026-09-26T23:24:28.239+0000] {logging_mixin.py:188} INFO - [2026-09-26T23:24:28.239+0000] {dagbag.py:545} INFO - Filling up the DagBag from /opt/airflow/dags/lcbo_pipeline_dag.py
[2026-09-26T23:24:28.271+0000] {processor.py:840} INFO - DAG(s) 'medallion_settlement_pipeline' retrieved from /opt/airflow/dags/lcbo_pipeline_dag.py
[2026-09-26T23:24:28.290+0000] {logging_mixin.py:188} INFO - [2026-09-26T23:24:28.290+0000] {dag.py:3089} INFO - Sync 1 DAGs
[2026-09-26T23:24:28.301+0000] {logging_mixin.py:188} INFO - [2026-09-26T23:24:28.300+0000] {dag.py:3947} INFO - Setting next_dagrun for medallion_settlement_pipeline to None, run_after=None
[2026-09-26T23:24:28.316+0000] {processor.py:183} INFO - Processing /opt/airflow/dags/lcbo_pipeline_dag.py took 0.084 seconds
[2026-09-26T23:24:58.439+0000] {processor.py:161} INFO - Started process (PID=5312) to work on /opt/airflow/dags/lcbo_pipeline_dag.py
[2026-09-26T23:24:58.440+0000] {processor.py:830} INFO - Processing file /opt/airflow/dags/lcbo_pipeline_dag.py for tasks to queue
[2026-09-26T23:24:58.442+0000] {logging_mixin.py:188} INFO - [2026-09-26T23:24:58.442+0000] {dagbag.py:545} INFO - Filling up the DagBag from /opt/airflow/dags/lcbo_pipeline_dag.py
[2026-09-26T23:24:58.474+0000] {processor.py:840} INFO - DAG(s) 'medallion_settlement_pipeline' retrieved from /opt/airflow/dags/lcbo_pipeline_dag.py
[2026-09-26T23:24:58.492+0000] {logging_mixin.py:188} INFO - [2026-09-26T23:24:58.492+0000] {dag.py:3089} INFO - Sync 1 DAGs
[2026-09-26T23:24:58.504+0000] {logging_mixin.py:188} INFO - [2026-09-26T23:24:58.503+0000] {dag.py:3947} INFO - Setting next_dagrun for medallion_settlement_pipeline to None, run_after=None
[2026-09-26T23:24:58.522+0000] {processor.py:183} INFO - Processing /opt/airflow/dags/lcbo_pipeline_dag.py took 0.088 seconds
[2026-09-26T23:25:28.687+0000] {processor.py:161} INFO - Started process (PID=5323) to work on /opt/airflow/dags/lcbo_pipeline_dag.py
[2026-09-26T23:25:28.688+0000] {processor.py:830} INFO - Processing file /opt/airflow/dags/lcbo_pipeline_dag.py for tasks to queue
[2026-09-26T23:25:28.690+0000] {logging_mixin.py:188} INFO - [2026-09-26T23:25:28.690+0000] {dagbag.py:545} INFO - Filling up the DagBag from /opt/airflow/dags/lcbo_pipeline_dag.py
[2026-09-26T23:25:28.727+0000] {processor.py:840} INFO - DAG(s) 'medallion_settlement_pipeline' retrieved from /opt/airflow/dags/lcbo_pipeline_dag.py
[2026-09-26T23:25:28.747+0000] {logging_mixin.py:188} INFO - [2026-09-26T23:25:28.747+0000] {dag.py:3089} INFO - Sync 1 DAGs
[2026-09-26T23:25:28.758+0000] {logging_mixin.py:188} INFO - [2026-09-26T23:25:28.757+0000] {dag.py:3947} INFO - Setting next_dagrun for medallion_settlement_pipeline to None, run_after=None
[2026-09-26T23:25:28.775+0000] {processor.py:183} INFO - Processing /opt/airflow/dags/lcbo_pipeline_dag.py took 0.092 seconds
[2026-09-26T23:25:58.897+0000] {processor.py:161} INFO - Started process (PID=5334) to work on /opt/airflow/dags/lcbo_pipeline_dag.py
[2026-09-26T23:25:58.898+0000] {processor.py:830} INFO - Processing file /opt/airflow/dags/lcbo_pipeline_dag.py for tasks to queue
[2026-09-26T23:25:58.900+0000] {logging_mixin.py:188} INFO - [2026-09-26T23:25:58.899+0000] {dagbag.py:545} INFO - Filling up the DagBag from /opt/airflow/dags/lcbo_pipeline_dag.py
[2026-09-26T23:25:58.931+0000] {processor.py:840} INFO - DAG(s) 'medallion_settlement_pipeline' retrieved from /opt/airflow/dags/lcbo_pipeline_dag.py
[2026-09-26T23:25:58.948+0000] {logging_mixin.py:188} INFO - [2026-09-26T23:25:58.948+0000] {dag.py:3089} INFO - Sync 1 DAGs
[2026-09-26T23:25:58.958+0000] {logging_mixin.py:188} INFO - [2026-09-26T23:25:58.958+0000] {dag.py:3947} INFO - Setting next_dagrun for medallion_settlement_pipeline to None, run_after=None
[2026-09-26T23:25:58.977+0000] {processor.py:183} INFO - Processing /opt/airflow/dags/lcbo_pipeline_dag.py took 0.084 seconds
[2026-09-26T23:26:29.154+0000] {processor.py:161} INFO - Started process (PID=5345) to work on /opt/airflow/dags/lcbo_pipeline_dag.py
[2026-09-26T23:26:29.156+0000] {processor.py:830} INFO - Processing file /opt/airflow/dags/lcbo_pipeline_dag.py for tasks to queue
[2026-09-26T23:26:29.157+0000] {logging_mixin.py:188} INFO - [2026-09-26T23:26:29.157+0000] {dagbag.py:545} INFO - Filling up the DagBag from /opt/airflow/dags/lcbo_pipeline_dag.py
[2026-09-26T23:26:29.188+0000] {processor.py:840} INFO - DAG(s) 'medallion_settlement_pipeline' retrieved from /opt/airflow/dags/lcbo_pipeline_dag.py
[2026-09-26T23:26:29.205+0000] {logging_mixin.py:188} INFO - [2026-09-26T23:26:29.205+0000] {dag.py:3089} INFO - Sync 1 DAGs
[2026-09-26T23:26:29.215+0000] {logging_mixin.py:188} INFO - [2026-09-26T23:26:29.215+0000] {dag.py:3947} INFO - Setting next_dagrun for medallion_settlement_pipeline to None, run_after=None
[2026-09-26T23:26:29.232+0000] {processor.py:183} INFO - Processing /opt/airflow/dags/lcbo_pipeline_dag.py took 0.082 seconds
[2026-09-26T23:26:59.345+0000] {processor.py:161} INFO - Started process (PID=5356) to work on /opt/airflow/dags/lcbo_pipeline_dag.py
[2026-09-26T23:26:59.346+0000] {processor.py:830} INFO - Processing file /opt/airflow/dags/lcbo_pipeline_dag.py for tasks to queue
[2026-09-26T23:26:59.348+0000] {logging_mixin.py:188} INFO - [2026-09-26T23:26:59.348+0000] {dagbag.py:545} INFO - Filling up the DagBag from /opt/airflow/dags/lcbo_pipeline_dag.py
[2026-09-26T23:26:59.381+0000] {processor.py:840} INFO - DAG(s) 'medallion_settlement_pipeline' retrieved from /opt/airflow/dags/lcbo_pipeline_dag.py
[2026-09-26T23:26:59.399+0000] {logging_mixin.py:188} INFO - [2026-09-26T23:26:59.399+0000] {dag.py:3089} INFO - Sync 1 DAGs
[2026-09-26T23:26:59.410+0000] {logging_mixin.py:188} INFO - [2026-09-26T23:26:59.409+0000] {dag.py:3947} INFO - Setting next_dagrun for medallion_settlement_pipeline to None, run_after=None
[2026-09-26T23:26:59.426+0000] {processor.py:183} INFO - Processing /opt/airflow/dags/lcbo_pipeline_dag.py took 0.085 seconds
[2026-09-26T23:27:29.603+0000] {processor.py:161} INFO - Started process (PID=5367) to work on /opt/airflow/dags/lcbo_pipeline_dag.py
[2026-09-26T23:27:29.605+0000] {processor.py:830} INFO - Processing file /opt/airflow/dags/lcbo_pipeline_dag.py for tasks to queue
[2026-09-26T23:27:29.606+0000] {logging_mixin.py:188} INFO - [2026-09-26T23:27:29.606+0000] {dagbag.py:545} INFO - Filling up the DagBag from /opt/airflow/dags/lcbo_pipeline_dag.py
[2026-09-26T23:27:29.638+0000] {processor.py:840} INFO - DAG(s) 'medallion_settlement_pipeline' retrieved from /opt/airflow/dags/lcbo_pipeline_dag.py
[2026-09-26T23:27:29.656+0000] {logging_mixin.py:188} INFO - [2026-09-26T23:27:29.656+0000] {dag.py:3089} INFO - Sync 1 DAGs
[2026-09-26T23:27:29.667+0000] {logging_mixin.py:188} INFO - [2026-09-26T23:27:29.667+0000] {dag.py:3947} INFO - Setting next_dagrun for medallion_settlement_pipeline to None, run_after=None
[2026-09-26T23:27:29.684+0000] {processor.py:183} INFO - Processing /opt/airflow/dags/lcbo_pipeline_dag.py took 0.085 seconds
[2026-09-26T23:27:59.803+0000] {processor.py:161} INFO - Started process (PID=5378) to work on /opt/airflow/dags/lcbo_pipeline_dag.py
[2026-09-26T23:27:59.804+0000] {processor.py:830} INFO - Processing file /opt/airflow/dags/lcbo_pipeline_dag.py for tasks to queue
[2026-09-26T23:27:59.805+0000] {logging_mixin.py:188} INFO - [2026-09-26T23:27:59.805+0000] {dagbag.py:545} INFO - Filling up the DagBag from /opt/airflow/dags/lcbo_pipeline_dag.py
[2026-09-26T23:27:59.836+0000] {processor.py:840} INFO - DAG(s) 'medallion_settlement_pipeline' retrieved from /opt/airflow/dags/lcbo_pipeline_dag.py
[2026-09-26T23:27:59.853+0000] {logging_mixin.py:188} INFO - [2026-09-26T23:27:59.853+0000] {dag.py:3089} INFO - Sync 1 DAGs
[2026-09-26T23:27:59.863+0000] {logging_mixin.py:188} INFO - [2026-09-26T23:27:59.862+0000] {dag.py:3947} INFO - Setting next_dagrun for medallion_settlement_pipeline to None, run_after=None
[2026-09-26T23:27:59.877+0000] {processor.py:183} INFO - Processing /opt/airflow/dags/lcbo_pipeline_dag.py took 0.079 seconds
[2026-09-26T23:28:30.086+0000] {processor.py:161} INFO - Started process (PID=5389) to work on /opt/airflow/dags/lcbo_pipeline_dag.py
[2026-09-26T23:28:30.087+0000] {processor.py:830} INFO - Processing file /opt/airflow/dags/lcbo_pipeline_dag.py for tasks to queue
[2026-09-26T23:28:30.088+0000] {logging_mixin.py:188} INFO - [2026-09-26T23:28:30.088+0000] {dagbag.py:545} INFO - Filling up the DagBag from /opt/airflow/dags/lcbo_pipeline_dag.py
[2026-09-26T23:28:30.120+0000] {processor.py:840} INFO - DAG(s) 'medallion_settlement_pipeline' retrieved from /opt/airflow/dags/lcbo_pipeline_dag.py
[2026-09-26T23:28:30.139+0000] {logging_mixin.py:188} INFO - [2026-09-26T23:28:30.139+0000] {dag.py:3089} INFO - Sync 1 DAGs
[2026-09-26T23:28:30.151+0000] {logging_mixin.py:188} INFO - [2026-09-26T23:28:30.150+0000] {dag.py:3947} INFO - Setting next_dagrun for medallion_settlement_pipeline to None, run_after=None
[2026-09-26T23:28:30.168+0000] {processor.py:183} INFO - Processing /opt/airflow/dags/lcbo_pipeline_dag.py took 0.086 seconds
[2026-09-26T23:29:00.285+0000] {processor.py:161} INFO - Started process (PID=5400) to work on /opt/airflow/dags/lcbo_pipeline_dag.py
[2026-09-26T23:29:00.286+0000] {processor.py:830} INFO - Processing file /opt/airflow/dags/lcbo_pipeline_dag.py for tasks to queue
[2026-09-26T23:29:00.288+0000] {logging_mixin.py:188} INFO - [2026-09-26T23:29:00.288+0000] {dagbag.py:545} INFO - Filling up the DagBag from /opt/airflow/dags/lcbo_pipeline_dag.py
[2026-09-26T23:29:00.319+0000] {processor.py:840} INFO - DAG(s) 'medallion_settlement_pipeline' retrieved from /opt/airflow/dags/lcbo_pipeline_dag.py
[2026-09-26T23:29:00.335+0000] {logging_mixin.py:188} INFO - [2026-09-26T23:29:00.335+0000] {dag.py:3089} INFO - Sync 1 DAGs
[2026-09-26T23:29:00.346+0000] {logging_mixin.py:188} INFO - [2026-09-26T23:29:00.346+0000] {dag.py:3947} INFO - Setting next_dagrun for medallion_settlement_pipeline to None, run_after=None
[2026-09-26T23:29:00.361+0000] {processor.py:183} INFO - Processing /opt/airflow/dags/lcbo_pipeline_dag.py took 0.081 seconds
[2026-09-26T23:29:30.535+0000] {processor.py:161} INFO - Started process (PID=5411) to work on /opt/airflow/dags/lcbo_pipeline_dag.py
[2026-09-26T23:29:30.536+0000] {processor.py:830} INFO - Processing file /opt/airflow/dags/lcbo_pipeline_dag.py for tasks to queue
[2026-09-26T23:29:30.539+0000] {logging_mixin.py:188} INFO - [2026-09-26T23:29:30.538+0000] {dagbag.py:545} INFO - Filling up the DagBag from /opt/airflow/dags/lcbo_pipeline_dag.py
[2026-09-26T23:29:30.571+0000] {processor.py:840} INFO - DAG(s) 'medallion_settlement_pipeline' retrieved from /opt/airflow/dags/lcbo_pipeline_dag.py
[2026-09-26T23:29:30.589+0000] {logging_mixin.py:188} INFO - [2026-09-26T23:29:30.589+0000] {dag.py:3089} INFO - Sync 1 DAGs
[2026-09-26T23:29:30.600+0000] {logging_mixin.py:188} INFO - [2026-09-26T23:29:30.600+0000] {dag.py:3947} INFO - Setting next_dagrun for medallion_settlement_pipeline to None, run_after=None
[2026-09-26T23:29:30.620+0000] {processor.py:183} INFO - Processing /opt/airflow/dags/lcbo_pipeline_dag.py took 0.088 seconds
[2026-09-26T23:30:00.735+0000] {processor.py:161} INFO - Started process (PID=5422) to work on /opt/airflow/dags/lcbo_pipeline_dag.py
[2026-09-26T23:30:00.736+0000] {processor.py:830} INFO - Processing file /opt/airflow/dags/lcbo_pipeline_dag.py for tasks to queue
[2026-09-26T23:30:00.738+0000] {logging_mixin.py:188} INFO - [2026-09-26T23:30:00.737+0000] {dagbag.py:545} INFO - Filling up the DagBag from /opt/airflow/dags/lcbo_pipeline_dag.py
[2026-09-26T23:30:00.769+0000] {processor.py:840} INFO - DAG(s) 'medallion_settlement_pipeline' retrieved from /opt/airflow/dags/lcbo_pipeline_dag.py
[2026-09-26T23:30:00.785+0000] {logging_mixin.py:188} INFO - [2026-09-26T23:30:00.785+0000] {dag.py:3089} INFO - Sync 1 DAGs
[2026-09-26T23:30:00.794+0000] {logging_mixin.py:188} INFO - [2026-09-26T23:30:00.794+0000] {dag.py:3947} INFO - Setting next_dagrun for medallion_settlement_pipeline to None, run_after=None
[2026-09-26T23:30:00.812+0000] {processor.py:183} INFO - Processing /opt/airflow/dags/lcbo_pipeline_dag.py took 0.081 seconds
[2026-09-26T23:30:30.993+0000] {processor.py:161} INFO - Started process (PID=5433) to work on /opt/airflow/dags/lcbo_pipeline_dag.py
[2026-09-26T23:30:30.994+0000] {processor.py:830} INFO - Processing file /opt/airflow/dags/lcbo_pipeline_dag.py for tasks to queue
[2026-09-26T23:30:30.996+0000] {logging_mixin.py:188} INFO - [2026-09-26T23:30:30.995+0000] {dagbag.py:545} INFO - Filling up the DagBag from /opt/airflow/dags/lcbo_pipeline_dag.py
[2026-09-26T23:30:31.027+0000] {processor.py:840} INFO - DAG(s) 'medallion_settlement_pipeline' retrieved from /opt/airflow/dags/lcbo_pipeline_dag.py
[2026-09-26T23:30:31.043+0000] {logging_mixin.py:188} INFO - [2026-09-26T23:30:31.042+0000] {dag.py:3089} INFO - Sync 1 DAGs
[2026-09-26T23:30:31.053+0000] {logging_mixin.py:188} INFO - [2026-09-26T23:30:31.053+0000] {dag.py:3947} INFO - Setting next_dagrun for medallion_settlement_pipeline to None, run_after=None
[2026-09-26T23:30:31.068+0000] {processor.py:183} INFO - Processing /opt/airflow/dags/lcbo_pipeline_dag.py took 0.079 seconds
[2026-09-26T23:31:01.187+0000] {processor.py:161} INFO - Started process (PID=5444) to work on /opt/airflow/dags/lcbo_pipeline_dag.py
[2026-09-26T23:31:01.188+0000] {processor.py:830} INFO - Processing file /opt/airflow/dags/lcbo_pipeline_dag.py for tasks to queue
[2026-09-26T23:31:01.190+0000] {logging_mixin.py:188} INFO - [2026-09-26T23:31:01.189+0000] {dagbag.py:545} INFO - Filling up the DagBag from /opt/airflow/dags/lcbo_pipeline_dag.py
[2026-09-26T23:31:01.223+0000] {processor.py:840} INFO - DAG(s) 'medallion_settlement_pipeline' retrieved from /opt/airflow/dags/lcbo_pipeline_dag.py
[2026-09-26T23:31:01.240+0000] {logging_mixin.py:188} INFO - [2026-09-26T23:31:01.240+0000] {dag.py:3089} INFO - Sync 1 DAGs
[2026-09-26T23:31:01.250+0000] {logging_mixin.py:188} INFO - [2026-09-26T23:31:01.250+0000] {dag.py:3947} INFO - Setting next_dagrun for medallion_settlement_pipeline to None, run_after=None
[2026-09-26T23:31:01.268+0000] {processor.py:183} INFO - Processing /opt/airflow/dags/lcbo_pipeline_dag.py took 0.085 seconds
[2026-09-26T23:31:31.439+0000] {processor.py:161} INFO - Started process (PID=5455) to work on /opt/airflow/dags/lcbo_pipeline_dag.py
[2026-09-26T23:31:31.440+0000] {processor.py:830} INFO - Processing file /opt/airflow/dags/lcbo_pipeline_dag.py for tasks to queue
[2026-09-26T23:31:31.441+0000] {logging_mixin.py:188} INFO - [2026-09-26T23:31:31.441+0000] {dagbag.py:545} INFO - Filling up the DagBag from /opt/airflow/dags/lcbo_pipeline_dag.py
[2026-09-26T23:31:31.472+0000] {processor.py:840} INFO - DAG(s) 'medallion_settlement_pipeline' retrieved from /opt/airflow/dags/lcbo_pipeline_dag.py
[2026-09-26T23:31:31.488+0000] {logging_mixin.py:188} INFO - [2026-09-26T23:31:31.488+0000] {dag.py:3089} INFO - Sync 1 DAGs
[2026-09-26T23:31:31.499+0000] {logging_mixin.py:188} INFO - [2026-09-26T23:31:31.499+0000] {dag.py:3947} INFO - Setting next_dagrun for medallion_settlement_pipeline to None, run_after=None
[2026-09-26T23:31:31.516+0000] {processor.py:183} INFO - Processing /opt/airflow/dags/lcbo_pipeline_dag.py took 0.081 seconds
[2026-09-26T23:32:01.641+0000] {processor.py:161} INFO - Started process (PID=5466) to work on /opt/airflow/dags/lcbo_pipeline_dag.py
[2026-09-26T23:32:01.642+0000] {processor.py:830} INFO - Processing file /opt/airflow/dags/lcbo_pipeline_dag.py for tasks to queue
[2026-09-26T23:32:01.644+0000] {logging_mixin.py:188} INFO - [2026-09-26T23:32:01.644+0000] {dagbag.py:545} INFO - Filling up the DagBag from /opt/airflow/dags/lcbo_pipeline_dag.py
[2026-09-26T23:32:01.679+0000] {processor.py:840} INFO - DAG(s) 'medallion_settlement_pipeline' retrieved from /opt/airflow/dags/lcbo_pipeline_dag.py
[2026-09-26T23:32:01.696+0000] {logging_mixin.py:188} INFO - [2026-09-26T23:32:01.696+0000] {dag.py:3089} INFO - Sync 1 DAGs
[2026-09-26T23:32:01.707+0000] {logging_mixin.py:188} INFO - [2026-09-26T23:32:01.707+0000] {dag.py:3947} INFO - Setting next_dagrun for medallion_settlement_pipeline to None, run_after=None
[2026-09-26T23:32:01.724+0000] {processor.py:183} INFO - Processing /opt/airflow/dags/lcbo_pipeline_dag.py took 0.089 seconds
[2026-09-26T23:32:31.900+0000] {processor.py:161} INFO - Started process (PID=5477) to work on /opt/airflow/dags/lcbo_pipeline_dag.py
[2026-09-26T23:32:31.901+0000] {processor.py:830} INFO - Processing file /opt/airflow/dags/lcbo_pipeline_dag.py for tasks to queue
[2026-09-26T23:32:31.903+0000] {logging_mixin.py:188} INFO - [2026-09-26T23:32:31.903+0000] {dagbag.py:545} INFO - Filling up the DagBag from /opt/airflow/dags/lcbo_pipeline_dag.py
[2026-09-26T23:32:31.936+0000] {processor.py:840} INFO - DAG(s) 'medallion_settlement_pipeline' retrieved from /opt/airflow/dags/lcbo_pipeline_dag.py
[2026-09-26T23:32:31.953+0000] {logging_mixin.py:188} INFO - [2026-09-26T23:32:31.953+0000] {dag.py:3089} INFO - Sync 1 DAGs
[2026-09-26T23:32:31.964+0000] {logging_mixin.py:188} INFO - [2026-09-26T23:32:31.964+0000] {dag.py:3947} INFO - Setting next_dagrun for medallion_settlement_pipeline to None, run_after=None
[2026-09-26T23:32:31.981+0000] {processor.py:183} INFO - Processing /opt/airflow/dags/lcbo_pipeline_dag.py took 0.086 seconds
[2026-09-26T23:33:02.127+0000] {processor.py:161} INFO - Started process (PID=5488) to work on /opt/airflow/dags/lcbo_pipeline_dag.py
[2026-09-26T23:33:02.129+0000] {processor.py:830} INFO - Processing file /opt/airflow/dags/lcbo_pipeline_dag.py for tasks to queue
[2026-09-26T23:33:02.131+0000] {logging_mixin.py:188} INFO - [2026-09-26T23:33:02.130+0000] {dagbag.py:545} INFO - Filling up the DagBag from /opt/airflow/dags/lcbo_pipeline_dag.py
[2026-09-26T23:33:02.163+0000] {processor.py:840} INFO - DAG(s) 'medallion_settlement_pipeline' retrieved from /opt/airflow/dags/lcbo_pipeline_dag.py
[2026-09-26T23:33:02.180+0000] {logging_mixin.py:188} INFO - [2026-09-26T23:33:02.179+0000] {dag.py:3089} INFO - Sync 1 DAGs
[2026-09-26T23:33:02.189+0000] {logging_mixin.py:188} INFO - [2026-09-26T23:33:02.189+0000] {dag.py:3947} INFO - Setting next_dagrun for medallion_settlement_pipeline to None, run_after=None
[2026-09-26T23:33:02.207+0000] {processor.py:183} INFO - Processing /opt/airflow/dags/lcbo_pipeline_dag.py took 0.084 seconds
[2026-09-26T23:33:32.351+0000] {processor.py:161} INFO - Started process (PID=5499) to work on /opt/airflow/dags/lcbo_pipeline_dag.py
[2026-09-26T23:33:32.352+0000] {processor.py:830} INFO - Processing file /opt/airflow/dags/lcbo_pipeline_dag.py for tasks to queue
[2026-09-26T23:33:32.354+0000] {logging_mixin.py:188} INFO - [2026-09-26T23:33:32.354+0000] {dagbag.py:545} INFO - Filling up the DagBag from /opt/airflow/dags/lcbo_pipeline_dag.py
[2026-09-26T23:33:32.386+0000] {processor.py:840} INFO - DAG(s) 'medallion_settlement_pipeline' retrieved from /opt/airflow/dags/lcbo_pipeline_dag.py
[2026-09-26T23:33:32.402+0000] {logging_mixin.py:188} INFO - [2026-09-26T23:33:32.402+0000] {dag.py:3089} INFO - Sync 1 DAGs
[2026-09-26T23:33:32.411+0000] {logging_mixin.py:188} INFO - [2026-09-26T23:33:32.411+0000] {dag.py:3947} INFO - Setting next_dagrun for medallion_settlement_pipeline to None, run_after=None
[2026-09-26T23:33:32.425+0000] {processor.py:183} INFO - Processing /opt/airflow/dags/lcbo_pipeline_dag.py took 0.078 seconds
[2026-09-26T23:34:02.581+0000] {processor.py:161} INFO - Started process (PID=5511) to work on /opt/airflow/dags/lcbo_pipeline_dag.py
[2026-09-26T23:34:02.582+0000] {processor.py:830} INFO - Processing file /opt/airflow/dags/lcbo_pipeline_dag.py for tasks to queue
[2026-09-26T23:34:02.584+0000] {logging_mixin.py:188} INFO - [2026-09-26T23:34:02.584+0000] {dagbag.py:545} INFO - Filling up the DagBag from /opt/airflow/dags/lcbo_pipeline_dag.py
[2026-09-26T23:34:02.616+0000] {processor.py:840} INFO - DAG(s) 'medallion_settlement_pipeline' retrieved from /opt/airflow/dags/lcbo_pipeline_dag.py
[2026-09-26T23:34:02.634+0000] {logging_mixin.py:188} INFO - [2026-09-26T23:34:02.634+0000] {dag.py:3089} INFO - Sync 1 DAGs
[2026-09-26T23:34:02.643+0000] {logging_mixin.py:188} INFO - [2026-09-26T23:34:02.643+0000] {dag.py:3947} INFO - Setting next_dagrun for medallion_settlement_pipeline to None, run_after=None
[2026-09-26T23:34:02.658+0000] {processor.py:183} INFO - Processing /opt/airflow/dags/lcbo_pipeline_dag.py took 0.082 seconds
[2026-09-26T23:34:32.801+0000] {processor.py:161} INFO - Started process (PID=5522) to work on /opt/airflow/dags/lcbo_pipeline_dag.py
[2026-09-26T23:34:32.802+0000] {processor.py:830} INFO - Processing file /opt/airflow/dags/lcbo_pipeline_dag.py for tasks to queue
[2026-09-26T23:34:32.804+0000] {logging_mixin.py:188} INFO - [2026-09-26T23:34:32.804+0000] {dagbag.py:545} INFO - Filling up the DagBag from /opt/airflow/dags/lcbo_pipeline_dag.py
[2026-09-26T23:34:32.836+0000] {processor.py:840} INFO - DAG(s) 'medallion_settlement_pipeline' retrieved from /opt/airflow/dags/lcbo_pipeline_dag.py
[2026-09-26T23:34:32.854+0000] {logging_mixin.py:188} INFO - [2026-09-26T23:34:32.853+0000] {dag.py:3089} INFO - Sync 1 DAGs
[2026-09-26T23:34:32.863+0000] {logging_mixin.py:188} INFO - [2026-09-26T23:34:32.863+0000] {dag.py:3947} INFO - Setting next_dagrun for medallion_settlement_pipeline to None, run_after=None
[2026-09-26T23:34:32.883+0000] {processor.py:183} INFO - Processing /opt/airflow/dags/lcbo_pipeline_dag.py took 0.086 seconds
[2026-09-26T23:35:03.027+0000] {processor.py:161} INFO - Started process (PID=5533) to work on /opt/airflow/dags/lcbo_pipeline_dag.py
[2026-09-26T23:35:03.029+0000] {processor.py:830} INFO - Processing file /opt/airflow/dags/lcbo_pipeline_dag.py for tasks to queue
[2026-09-26T23:35:03.030+0000] {logging_mixin.py:188} INFO - [2026-09-26T23:35:03.030+0000] {dagbag.py:545} INFO - Filling up the DagBag from /opt/airflow/dags/lcbo_pipeline_dag.py
[2026-09-26T23:35:03.061+0000] {processor.py:840} INFO - DAG(s) 'medallion_settlement_pipeline' retrieved from /opt/airflow/dags/lcbo_pipeline_dag.py
[2026-09-26T23:35:03.078+0000] {logging_mixin.py:188} INFO - [2026-09-26T23:35:03.078+0000] {dag.py:3089} INFO - Sync 1 DAGs
[2026-09-26T23:35:03.089+0000] {logging_mixin.py:188} INFO - [2026-09-26T23:35:03.089+0000] {dag.py:3947} INFO - Setting next_dagrun for medallion_settlement_pipeline to None, run_after=None
[2026-09-26T23:35:03.106+0000] {processor.py:183} INFO - Processing /opt/airflow/dags/lcbo_pipeline_dag.py took 0.083 seconds
[2026-09-26T23:35:33.253+0000] {processor.py:161} INFO - Started process (PID=5544) to work on /opt/airflow/dags/lcbo_pipeline_dag.py
[2026-09-26T23:35:33.254+0000] {processor.py:830} INFO - Processing file /opt/airflow/dags/lcbo_pipeline_dag.py for tasks to queue
[2026-09-26T23:35:33.256+0000] {logging_mixin.py:188} INFO - [2026-09-26T23:35:33.256+0000] {dagbag.py:545} INFO - Filling up the DagBag from /opt/airflow/dags/lcbo_pipeline_dag.py
[2026-09-26T23:35:33.289+0000] {processor.py:840} INFO - DAG(s) 'medallion_settlement_pipeline' retrieved from /opt/airflow/dags/lcbo_pipeline_dag.py
[2026-09-26T23:35:33.307+0000] {logging_mixin.py:188} INFO - [2026-09-26T23:35:33.306+0000] {dag.py:3089} INFO - Sync 1 DAGs
[2026-09-26T23:35:33.318+0000] {logging_mixin.py:188} INFO - [2026-09-26T23:35:33.317+0000] {dag.py:3947} INFO - Setting next_dagrun for medallion_settlement_pipeline to None, run_after=None
[2026-09-26T23:35:33.335+0000] {processor.py:183} INFO - Processing /opt/airflow/dags/lcbo_pipeline_dag.py took 0.087 seconds
[2026-09-26T23:36:03.466+0000] {processor.py:161} INFO - Started process (PID=5555) to work on /opt/airflow/dags/lcbo_pipeline_dag.py
[2026-09-26T23:36:03.468+0000] {processor.py:830} INFO - Processing file /opt/airflow/dags/lcbo_pipeline_dag.py for tasks to queue
[2026-09-26T23:36:03.469+0000] {logging_mixin.py:188} INFO - [2026-09-26T23:36:03.469+0000] {dagbag.py:545} INFO - Filling up the DagBag from /opt/airflow/dags/lcbo_pipeline_dag.py
[2026-09-26T23:36:03.502+0000] {processor.py:840} INFO - DAG(s) 'medallion_settlement_pipeline' retrieved from /opt/airflow/dags/lcbo_pipeline_dag.py
[2026-09-26T23:36:03.519+0000] {logging_mixin.py:188} INFO - [2026-09-26T23:36:03.519+0000] {dag.py:3089} INFO - Sync 1 DAGs
[2026-09-26T23:36:03.531+0000] {logging_mixin.py:188} INFO - [2026-09-26T23:36:03.530+0000] {dag.py:3947} INFO - Setting next_dagrun for medallion_settlement_pipeline to None, run_after=None
[2026-09-26T23:36:03.549+0000] {processor.py:183} INFO - Processing /opt/airflow/dags/lcbo_pipeline_dag.py took 0.088 seconds
[2026-09-26T23:36:33.698+0000] {processor.py:161} INFO - Started process (PID=5566) to work on /opt/airflow/dags/lcbo_pipeline_dag.py
[2026-09-26T23:36:33.700+0000] {processor.py:830} INFO - Processing file /opt/airflow/dags/lcbo_pipeline_dag.py for tasks to queue
[2026-09-26T23:36:33.702+0000] {logging_mixin.py:188} INFO - [2026-09-26T23:36:33.701+0000] {dagbag.py:545} INFO - Filling up the DagBag from /opt/airflow/dags/lcbo_pipeline_dag.py
[2026-09-26T23:36:33.734+0000] {processor.py:840} INFO - DAG(s) 'medallion_settlement_pipeline' retrieved from /opt/airflow/dags/lcbo_pipeline_dag.py
[2026-09-26T23:36:33.750+0000] {logging_mixin.py:188} INFO - [2026-09-26T23:36:33.750+0000] {dag.py:3089} INFO - Sync 1 DAGs
[2026-09-26T23:36:33.759+0000] {logging_mixin.py:188} INFO - [2026-09-26T23:36:33.759+0000] {dag.py:3947} INFO - Setting next_dagrun for medallion_settlement_pipeline to None, run_after=None
[2026-09-26T23:36:33.774+0000] {processor.py:183} INFO - Processing /opt/airflow/dags/lcbo_pipeline_dag.py took 0.080 seconds
[2026-09-26T23:37:03.915+0000] {processor.py:161} INFO - Started process (PID=5577) to work on /opt/airflow/dags/lcbo_pipeline_dag.py
[2026-09-26T23:37:03.917+0000] {processor.py:830} INFO - Processing file /opt/airflow/dags/lcbo_pipeline_dag.py for tasks to queue
[2026-09-26T23:37:03.918+0000] {logging_mixin.py:188} INFO - [2026-09-26T23:37:03.918+0000] {dagbag.py:545} INFO - Filling up the DagBag from /opt/airflow/dags/lcbo_pipeline_dag.py
[2026-09-26T23:37:03.949+0000] {processor.py:840} INFO - DAG(s) 'medallion_settlement_pipeline' retrieved from /opt/airflow/dags/lcbo_pipeline_dag.py
[2026-09-26T23:37:03.964+0000] {logging_mixin.py:188} INFO - [2026-09-26T23:37:03.964+0000] {dag.py:3089} INFO - Sync 1 DAGs
[2026-09-26T23:37:03.973+0000] {logging_mixin.py:188} INFO - [2026-09-26T23:37:03.973+0000] {dag.py:3947} INFO - Setting next_dagrun for medallion_settlement_pipeline to None, run_after=None
[2026-09-26T23:37:03.988+0000] {processor.py:183} INFO - Processing /opt/airflow/dags/lcbo_pipeline_dag.py took 0.077 seconds
[2026-09-26T23:37:34.149+0000] {processor.py:161} INFO - Started process (PID=5588) to work on /opt/airflow/dags/lcbo_pipeline_dag.py
[2026-09-26T23:37:34.150+0000] {processor.py:830} INFO - Processing file /opt/airflow/dags/lcbo_pipeline_dag.py for tasks to queue
[2026-09-26T23:37:34.152+0000] {logging_mixin.py:188} INFO - [2026-09-26T23:37:34.152+0000] {dagbag.py:545} INFO - Filling up the DagBag from /opt/airflow/dags/lcbo_pipeline_dag.py
[2026-09-26T23:37:34.184+0000] {processor.py:840} INFO - DAG(s) 'medallion_settlement_pipeline' retrieved from /opt/airflow/dags/lcbo_pipeline_dag.py
[2026-09-26T23:37:34.201+0000] {logging_mixin.py:188} INFO - [2026-09-26T23:37:34.201+0000] {dag.py:3089} INFO - Sync 1 DAGs
[2026-09-26T23:37:34.211+0000] {logging_mixin.py:188} INFO - [2026-09-26T23:37:34.211+0000] {dag.py:3947} INFO - Setting next_dagrun for medallion_settlement_pipeline to None, run_after=None
[2026-09-26T23:37:34.229+0000] {processor.py:183} INFO - Processing /opt/airflow/dags/lcbo_pipeline_dag.py took 0.084 seconds
[2026-09-26T23:38:04.388+0000] {processor.py:161} INFO - Started process (PID=5599) to work on /opt/airflow/dags/lcbo_pipeline_dag.py
[2026-09-26T23:38:04.390+0000] {processor.py:830} INFO - Processing file /opt/airflow/dags/lcbo_pipeline_dag.py for tasks to queue
[2026-09-26T23:38:04.392+0000] {logging_mixin.py:188} INFO - [2026-09-26T23:38:04.392+0000] {dagbag.py:545} INFO - Filling up the DagBag from /opt/airflow/dags/lcbo_pipeline_dag.py
[2026-09-26T23:38:04.425+0000] {processor.py:840} INFO - DAG(s) 'medallion_settlement_pipeline' retrieved from /opt/airflow/dags/lcbo_pipeline_dag.py
[2026-09-26T23:38:04.445+0000] {logging_mixin.py:188} INFO - [2026-09-26T23:38:04.445+0000] {dag.py:3089} INFO - Sync 1 DAGs
[2026-09-26T23:38:04.456+0000] {logging_mixin.py:188} INFO - [2026-09-26T23:38:04.455+0000] {dag.py:3947} INFO - Setting next_dagrun for medallion_settlement_pipeline to None, run_after=None
[2026-09-26T23:38:04.471+0000] {processor.py:183} INFO - Processing /opt/airflow/dags/lcbo_pipeline_dag.py took 0.087 seconds
[2026-09-26T23:38:34.610+0000] {processor.py:161} INFO - Started process (PID=5610) to work on /opt/airflow/dags/lcbo_pipeline_dag.py
[2026-09-26T23:38:34.612+0000] {processor.py:830} INFO - Processing file /opt/airflow/dags/lcbo_pipeline_dag.py for tasks to queue
[2026-09-26T23:38:34.614+0000] {logging_mixin.py:188} INFO - [2026-09-26T23:38:34.614+0000] {dagbag.py:545} INFO - Filling up the DagBag from /opt/airflow/dags/lcbo_pipeline_dag.py
[2026-09-26T23:38:34.651+0000] {processor.py:840} INFO - DAG(s) 'medallion_settlement_pipeline' retrieved from /opt/airflow/dags/lcbo_pipeline_dag.py
[2026-09-26T23:38:34.670+0000] {logging_mixin.py:188} INFO - [2026-09-26T23:38:34.670+0000] {dag.py:3089} INFO - Sync 1 DAGs
[2026-09-26T23:38:34.681+0000] {logging_mixin.py:188} INFO - [2026-09-26T23:38:34.681+0000] {dag.py:3947} INFO - Setting next_dagrun for medallion_settlement_pipeline to None, run_after=None
[2026-09-26T23:38:34.698+0000] {processor.py:183} INFO - Processing /opt/airflow/dags/lcbo_pipeline_dag.py took 0.094 seconds
[2026-09-26T23:39:04.832+0000] {processor.py:161} INFO - Started process (PID=5627) to work on /opt/airflow/dags/lcbo_pipeline_dag.py
[2026-09-26T23:39:04.833+0000] {processor.py:830} INFO - Processing file /opt/airflow/dags/lcbo_pipeline_dag.py for tasks to queue
[2026-09-26T23:39:04.835+0000] {logging_mixin.py:188} INFO - [2026-09-26T23:39:04.835+0000] {dagbag.py:545} INFO - Filling up the DagBag from /opt/airflow/dags/lcbo_pipeline_dag.py
[2026-09-26T23:39:04.872+0000] {processor.py:840} INFO - DAG(s) 'medallion_settlement_pipeline' retrieved from /opt/airflow/dags/lcbo_pipeline_dag.py
[2026-09-26T23:39:04.890+0000] {logging_mixin.py:188} INFO - [2026-09-26T23:39:04.890+0000] {dag.py:3089} INFO - Sync 1 DAGs
[2026-09-26T23:39:04.902+0000] {logging_mixin.py:188} INFO - [2026-09-26T23:39:04.902+0000] {dag.py:3947} INFO - Setting next_dagrun for medallion_settlement_pipeline to None, run_after=None
[2026-09-26T23:39:04.918+0000] {processor.py:183} INFO - Processing /opt/airflow/dags/lcbo_pipeline_dag.py took 0.093 seconds
[2026-09-26T23:39:35.060+0000] {processor.py:161} INFO - Started process (PID=5638) to work on /opt/airflow/dags/lcbo_pipeline_dag.py
[2026-09-26T23:39:35.061+0000] {processor.py:830} INFO - Processing file /opt/airflow/dags/lcbo_pipeline_dag.py for tasks to queue
[2026-09-26T23:39:35.063+0000] {logging_mixin.py:188} INFO - [2026-09-26T23:39:35.063+0000] {dagbag.py:545} INFO - Filling up the DagBag from /opt/airflow/dags/lcbo_pipeline_dag.py
[2026-09-26T23:39:35.095+0000] {processor.py:840} INFO - DAG(s) 'medallion_settlement_pipeline' retrieved from /opt/airflow/dags/lcbo_pipeline_dag.py
[2026-09-26T23:39:35.111+0000] {logging_mixin.py:188} INFO - [2026-09-26T23:39:35.111+0000] {dag.py:3089} INFO - Sync 1 DAGs
[2026-09-26T23:39:35.121+0000] {logging_mixin.py:188} INFO - [2026-09-26T23:39:35.121+0000] {dag.py:3947} INFO - Setting next_dagrun for medallion_settlement_pipeline to None, run_after=None
[2026-09-26T23:39:35.138+0000] {processor.py:183} INFO - Processing /opt/airflow/dags/lcbo_pipeline_dag.py took 0.082 seconds
[2026-09-26T23:40:05.267+0000] {processor.py:161} INFO - Started process (PID=5649) to work on /opt/airflow/dags/lcbo_pipeline_dag.py
[2026-09-26T23:40:05.268+0000] {processor.py:830} INFO - Processing file /opt/airflow/dags/lcbo_pipeline_dag.py for tasks to queue
[2026-09-26T23:40:05.270+0000] {logging_mixin.py:188} INFO - [2026-09-26T23:40:05.269+0000] {dagbag.py:545} INFO - Filling up the DagBag from /opt/airflow/dags/lcbo_pipeline_dag.py
[2026-09-26T23:40:05.305+0000] {processor.py:840} INFO - DAG(s) 'medallion_settlement_pipeline' retrieved from /opt/airflow/dags/lcbo_pipeline_dag.py
[2026-09-26T23:40:05.323+0000] {logging_mixin.py:188} INFO - [2026-09-26T23:40:05.322+0000] {dag.py:3089} INFO - Sync 1 DAGs
[2026-09-26T23:40:05.332+0000] {logging_mixin.py:188} INFO - [2026-09-26T23:40:05.332+0000] {dag.py:3947} INFO - Setting next_dagrun for medallion_settlement_pipeline to None, run_after=None
[2026-09-26T23:40:05.348+0000] {processor.py:183} INFO - Processing /opt/airflow/dags/lcbo_pipeline_dag.py took 0.085 seconds
[2026-09-26T23:40:35.501+0000] {processor.py:161} INFO - Started process (PID=5660) to work on /opt/airflow/dags/lcbo_pipeline_dag.py
[2026-09-26T23:40:35.502+0000] {processor.py:830} INFO - Processing file /opt/airflow/dags/lcbo_pipeline_dag.py for tasks to queue
[2026-09-26T23:40:35.503+0000] {logging_mixin.py:188} INFO - [2026-09-26T23:40:35.503+0000] {dagbag.py:545} INFO - Filling up the DagBag from /opt/airflow/dags/lcbo_pipeline_dag.py
[2026-09-26T23:40:35.534+0000] {processor.py:840} INFO - DAG(s) 'medallion_settlement_pipeline' retrieved from /opt/airflow/dags/lcbo_pipeline_dag.py
[2026-09-26T23:40:35.549+0000] {logging_mixin.py:188} INFO - [2026-09-26T23:40:35.549+0000] {dag.py:3089} INFO - Sync 1 DAGs
[2026-09-26T23:40:35.559+0000] {logging_mixin.py:188} INFO - [2026-09-26T23:40:35.559+0000] {dag.py:3947} INFO - Setting next_dagrun for medallion_settlement_pipeline to None, run_after=None
[2026-09-26T23:40:35.574+0000] {processor.py:183} INFO - Processing /opt/airflow/dags/lcbo_pipeline_dag.py took 0.077 seconds
[2026-09-26T23:41:05.694+0000] {processor.py:161} INFO - Started process (PID=5671) to work on /opt/airflow/dags/lcbo_pipeline_dag.py
[2026-09-26T23:41:05.695+0000] {processor.py:830} INFO - Processing file /opt/airflow/dags/lcbo_pipeline_dag.py for tasks to queue
[2026-09-26T23:41:05.697+0000] {logging_mixin.py:188} INFO - [2026-09-26T23:41:05.697+0000] {dagbag.py:545} INFO - Filling up the DagBag from /opt/airflow/dags/lcbo_pipeline_dag.py
[2026-09-26T23:41:05.728+0000] {processor.py:840} INFO - DAG(s) 'medallion_settlement_pipeline' retrieved from /opt/airflow/dags/lcbo_pipeline_dag.py
[2026-09-26T23:41:05.746+0000] {logging_mixin.py:188} INFO - [2026-09-26T23:41:05.745+0000] {dag.py:3089} INFO - Sync 1 DAGs
[2026-09-26T23:41:05.756+0000] {logging_mixin.py:188} INFO - [2026-09-26T23:41:05.756+0000] {dag.py:3947} INFO - Setting next_dagrun for medallion_settlement_pipeline to None, run_after=None
[2026-09-26T23:41:05.773+0000] {processor.py:183} INFO - Processing /opt/airflow/dags/lcbo_pipeline_dag.py took 0.083 seconds
[2026-09-26T23:41:35.940+0000] {processor.py:161} INFO - Started process (PID=5682) to work on /opt/airflow/dags/lcbo_pipeline_dag.py
[2026-09-26T23:41:35.941+0000] {processor.py:830} INFO - Processing file /opt/airflow/dags/lcbo_pipeline_dag.py for tasks to queue
[2026-09-26T23:41:35.943+0000] {logging_mixin.py:188} INFO - [2026-09-26T23:41:35.942+0000] {dagbag.py:545} INFO - Filling up the DagBag from /opt/airflow/dags/lcbo_pipeline_dag.py
[2026-09-26T23:41:35.973+0000] {processor.py:840} INFO - DAG(s) 'medallion_settlement_pipeline' retrieved from /opt/airflow/dags/lcbo_pipeline_dag.py
[2026-09-26T23:41:35.990+0000] {logging_mixin.py:188} INFO - [2026-09-26T23:41:35.989+0000] {dag.py:3089} INFO - Sync 1 DAGs
[2026-09-26T23:41:35.998+0000] {logging_mixin.py:188} INFO - [2026-09-26T23:41:35.998+0000] {dag.py:3947} INFO - Setting next_dagrun for medallion_settlement_pipeline to None, run_after=None
[2026-09-26T23:41:36.012+0000] {processor.py:183} INFO - Processing /opt/airflow/dags/lcbo_pipeline_dag.py took 0.076 seconds
[2026-09-26T23:42:06.128+0000] {processor.py:161} INFO - Started process (PID=5693) to work on /opt/airflow/dags/lcbo_pipeline_dag.py
[2026-09-26T23:42:06.129+0000] {processor.py:830} INFO - Processing file /opt/airflow/dags/lcbo_pipeline_dag.py for tasks to queue
[2026-09-26T23:42:06.132+0000] {logging_mixin.py:188} INFO - [2026-09-26T23:42:06.131+0000] {dagbag.py:545} INFO - Filling up the DagBag from /opt/airflow/dags/lcbo_pipeline_dag.py
[2026-09-26T23:42:06.168+0000] {processor.py:840} INFO - DAG(s) 'medallion_settlement_pipeline' retrieved from /opt/airflow/dags/lcbo_pipeline_dag.py
[2026-09-26T23:42:06.185+0000] {logging_mixin.py:188} INFO - [2026-09-26T23:42:06.185+0000] {dag.py:3089} INFO - Sync 1 DAGs
[2026-09-26T23:42:06.195+0000] {logging_mixin.py:188} INFO - [2026-09-26T23:42:06.195+0000] {dag.py:3947} INFO - Setting next_dagrun for medallion_settlement_pipeline to None, run_after=None
[2026-09-26T23:42:06.210+0000] {processor.py:183} INFO - Processing /opt/airflow/dags/lcbo_pipeline_dag.py took 0.087 seconds
[2026-09-26T23:42:36.386+0000] {processor.py:161} INFO - Started process (PID=5704) to work on /opt/airflow/dags/lcbo_pipeline_dag.py
[2026-09-26T23:42:36.387+0000] {processor.py:830} INFO - Processing file /opt/airflow/dags/lcbo_pipeline_dag.py for tasks to queue
[2026-09-26T23:42:36.389+0000] {logging_mixin.py:188} INFO - [2026-09-26T23:42:36.388+0000] {dagbag.py:545} INFO - Filling up the DagBag from /opt/airflow/dags/lcbo_pipeline_dag.py
[2026-09-26T23:42:36.419+0000] {processor.py:840} INFO - DAG(s) 'medallion_settlement_pipeline' retrieved from /opt/airflow/dags/lcbo_pipeline_dag.py
[2026-09-26T23:42:36.436+0000] {logging_mixin.py:188} INFO - [2026-09-26T23:42:36.435+0000] {dag.py:3089} INFO - Sync 1 DAGs
[2026-09-26T23:42:36.444+0000] {logging_mixin.py:188} INFO - [2026-09-26T23:42:36.444+0000] {dag.py:3947} INFO - Setting next_dagrun for medallion_settlement_pipeline to None, run_after=None
[2026-09-26T23:42:36.459+0000] {processor.py:183} INFO - Processing /opt/airflow/dags/lcbo_pipeline_dag.py took 0.077 seconds
[2026-09-26T23:43:06.611+0000] {processor.py:161} INFO - Started process (PID=5715) to work on /opt/airflow/dags/lcbo_pipeline_dag.py
[2026-09-26T23:43:06.612+0000] {processor.py:830} INFO - Processing file /opt/airflow/dags/lcbo_pipeline_dag.py for tasks to queue
[2026-09-26T23:43:06.614+0000] {logging_mixin.py:188} INFO - [2026-09-26T23:43:06.614+0000] {dagbag.py:545} INFO - Filling up the DagBag from /opt/airflow/dags/lcbo_pipeline_dag.py
[2026-09-26T23:43:06.648+0000] {processor.py:840} INFO - DAG(s) 'medallion_settlement_pipeline' retrieved from /opt/airflow/dags/lcbo_pipeline_dag.py
[2026-09-26T23:43:06.663+0000] {logging_mixin.py:188} INFO - [2026-09-26T23:43:06.663+0000] {dag.py:3089} INFO - Sync 1 DAGs
[2026-09-26T23:43:06.672+0000] {logging_mixin.py:188} INFO - [2026-09-26T23:43:06.672+0000] {dag.py:3947} INFO - Setting next_dagrun for medallion_settlement_pipeline to None, run_after=None
[2026-09-26T23:43:06.689+0000] {processor.py:183} INFO - Processing /opt/airflow/dags/lcbo_pipeline_dag.py took 0.083 seconds
[2026-09-26T23:43:36.833+0000] {processor.py:161} INFO - Started process (PID=5726) to work on /opt/airflow/dags/lcbo_pipeline_dag.py
[2026-09-26T23:43:36.835+0000] {processor.py:830} INFO - Processing file /opt/airflow/dags/lcbo_pipeline_dag.py for tasks to queue
[2026-09-26T23:43:36.836+0000] {logging_mixin.py:188} INFO - [2026-09-26T23:43:36.836+0000] {dagbag.py:545} INFO - Filling up the DagBag from /opt/airflow/dags/lcbo_pipeline_dag.py
[2026-09-26T23:43:36.868+0000] {processor.py:840} INFO - DAG(s) 'medallion_settlement_pipeline' retrieved from /opt/airflow/dags/lcbo_pipeline_dag.py
[2026-09-26T23:43:36.884+0000] {logging_mixin.py:188} INFO - [2026-09-26T23:43:36.884+0000] {dag.py:3089} INFO - Sync 1 DAGs
[2026-09-26T23:43:36.894+0000] {logging_mixin.py:188} INFO - [2026-09-26T23:43:36.894+0000] {dag.py:3947} INFO - Setting next_dagrun for medallion_settlement_pipeline to None, run_after=None
[2026-09-26T23:43:36.911+0000] {processor.py:183} INFO - Processing /opt/airflow/dags/lcbo_pipeline_dag.py took 0.082 seconds
[2026-09-26T23:44:07.063+0000] {processor.py:161} INFO - Started process (PID=5737) to work on /opt/airflow/dags/lcbo_pipeline_dag.py
[2026-09-26T23:44:07.064+0000] {processor.py:830} INFO - Processing file /opt/airflow/dags/lcbo_pipeline_dag.py for tasks to queue
[2026-09-26T23:44:07.066+0000] {logging_mixin.py:188} INFO - [2026-09-26T23:44:07.066+0000] {dagbag.py:545} INFO - Filling up the DagBag from /opt/airflow/dags/lcbo_pipeline_dag.py
[2026-09-26T23:44:07.100+0000] {processor.py:840} INFO - DAG(s) 'medallion_settlement_pipeline' retrieved from /opt/airflow/dags/lcbo_pipeline_dag.py
[2026-09-26T23:44:07.120+0000] {logging_mixin.py:188} INFO - [2026-09-26T23:44:07.120+0000] {dag.py:3089} INFO - Sync 1 DAGs
[2026-09-26T23:44:07.131+0000] {logging_mixin.py:188} INFO - [2026-09-26T23:44:07.131+0000] {dag.py:3947} INFO - Setting next_dagrun for medallion_settlement_pipeline to None, run_after=None
[2026-09-26T23:44:07.150+0000] {processor.py:183} INFO - Processing /opt/airflow/dags/lcbo_pipeline_dag.py took 0.093 seconds
[2026-09-26T23:44:37.291+0000] {processor.py:161} INFO - Started process (PID=5748) to work on /opt/airflow/dags/lcbo_pipeline_dag.py
[2026-09-26T23:44:37.292+0000] {processor.py:830} INFO - Processing file /opt/airflow/dags/lcbo_pipeline_dag.py for tasks to queue
[2026-09-26T23:44:37.294+0000] {logging_mixin.py:188} INFO - [2026-09-26T23:44:37.293+0000] {dagbag.py:545} INFO - Filling up the DagBag from /opt/airflow/dags/lcbo_pipeline_dag.py
[2026-09-26T23:44:37.326+0000] {processor.py:840} INFO - DAG(s) 'medallion_settlement_pipeline' retrieved from /opt/airflow/dags/lcbo_pipeline_dag.py
[2026-09-26T23:44:37.343+0000] {logging_mixin.py:188} INFO - [2026-09-26T23:44:37.343+0000] {dag.py:3089} INFO - Sync 1 DAGs
[2026-09-26T23:44:37.354+0000] {logging_mixin.py:188} INFO - [2026-09-26T23:44:37.353+0000] {dag.py:3947} INFO - Setting next_dagrun for medallion_settlement_pipeline to None, run_after=None
[2026-09-26T23:44:37.373+0000] {processor.py:183} INFO - Processing /opt/airflow/dags/lcbo_pipeline_dag.py took 0.087 seconds
[2026-09-26T23:45:07.519+0000] {processor.py:161} INFO - Started process (PID=5759) to work on /opt/airflow/dags/lcbo_pipeline_dag.py
[2026-09-26T23:45:07.521+0000] {processor.py:830} INFO - Processing file /opt/airflow/dags/lcbo_pipeline_dag.py for tasks to queue
[2026-09-26T23:45:07.523+0000] {logging_mixin.py:188} INFO - [2026-09-26T23:45:07.523+0000] {dagbag.py:545} INFO - Filling up the DagBag from /opt/airflow/dags/lcbo_pipeline_dag.py
[2026-09-26T23:45:07.563+0000] {processor.py:840} INFO - DAG(s) 'medallion_settlement_pipeline' retrieved from /opt/airflow/dags/lcbo_pipeline_dag.py
[2026-09-26T23:45:07.588+0000] {logging_mixin.py:188} INFO - [2026-09-26T23:45:07.587+0000] {dag.py:3089} INFO - Sync 1 DAGs
[2026-09-26T23:45:07.600+0000] {logging_mixin.py:188} INFO - [2026-09-26T23:45:07.600+0000] {dag.py:3947} INFO - Setting next_dagrun for medallion_settlement_pipeline to None, run_after=None
[2026-09-26T23:45:07.618+0000] {processor.py:183} INFO - Processing /opt/airflow/dags/lcbo_pipeline_dag.py took 0.103 seconds
[2026-09-26T23:45:37.732+0000] {processor.py:161} INFO - Started process (PID=5770) to work on /opt/airflow/dags/lcbo_pipeline_dag.py
[2026-09-26T23:45:37.733+0000] {processor.py:830} INFO - Processing file /opt/airflow/dags/lcbo_pipeline_dag.py for tasks to queue
[2026-09-26T23:45:37.735+0000] {logging_mixin.py:188} INFO - [2026-09-26T23:45:37.735+0000] {dagbag.py:545} INFO - Filling up the DagBag from /opt/airflow/dags/lcbo_pipeline_dag.py
[2026-09-26T23:45:37.769+0000] {processor.py:840} INFO - DAG(s) 'medallion_settlement_pipeline' retrieved from /opt/airflow/dags/lcbo_pipeline_dag.py
[2026-09-26T23:45:37.785+0000] {logging_mixin.py:188} INFO - [2026-09-26T23:45:37.784+0000] {dag.py:3089} INFO - Sync 1 DAGs
[2026-09-26T23:45:37.794+0000] {logging_mixin.py:188} INFO - [2026-09-26T23:45:37.794+0000] {dag.py:3947} INFO - Setting next_dagrun for medallion_settlement_pipeline to None, run_after=None
[2026-09-26T23:45:37.810+0000] {processor.py:183} INFO - Processing /opt/airflow/dags/lcbo_pipeline_dag.py took 0.083 seconds
[2026-09-26T23:46:07.974+0000] {processor.py:161} INFO - Started process (PID=5781) to work on /opt/airflow/dags/lcbo_pipeline_dag.py
[2026-09-26T23:46:07.975+0000] {processor.py:830} INFO - Processing file /opt/airflow/dags/lcbo_pipeline_dag.py for tasks to queue
[2026-09-26T23:46:07.977+0000] {logging_mixin.py:188} INFO - [2026-09-26T23:46:07.977+0000] {dagbag.py:545} INFO - Filling up the DagBag from /opt/airflow/dags/lcbo_pipeline_dag.py
[2026-09-26T23:46:08.009+0000] {processor.py:840} INFO - DAG(s) 'medallion_settlement_pipeline' retrieved from /opt/airflow/dags/lcbo_pipeline_dag.py
[2026-09-26T23:46:08.024+0000] {logging_mixin.py:188} INFO - [2026-09-26T23:46:08.024+0000] {dag.py:3089} INFO - Sync 1 DAGs
[2026-09-26T23:46:08.033+0000] {logging_mixin.py:188} INFO - [2026-09-26T23:46:08.033+0000] {dag.py:3947} INFO - Setting next_dagrun for medallion_settlement_pipeline to None, run_after=None
[2026-09-26T23:46:08.048+0000] {processor.py:183} INFO - Processing /opt/airflow/dags/lcbo_pipeline_dag.py took 0.078 seconds
[2026-09-26T23:46:38.172+0000] {processor.py:161} INFO - Started process (PID=5792) to work on /opt/airflow/dags/lcbo_pipeline_dag.py
[2026-09-26T23:46:38.173+0000] {processor.py:830} INFO - Processing file /opt/airflow/dags/lcbo_pipeline_dag.py for tasks to queue
[2026-09-26T23:46:38.175+0000] {logging_mixin.py:188} INFO - [2026-09-26T23:46:38.175+0000] {dagbag.py:545} INFO - Filling up the DagBag from /opt/airflow/dags/lcbo_pipeline_dag.py
[2026-09-26T23:46:38.208+0000] {processor.py:840} INFO - DAG(s) 'medallion_settlement_pipeline' retrieved from /opt/airflow/dags/lcbo_pipeline_dag.py
[2026-09-26T23:46:38.223+0000] {logging_mixin.py:188} INFO - [2026-09-26T23:46:38.223+0000] {dag.py:3089} INFO - Sync 1 DAGs
[2026-09-26T23:46:38.233+0000] {logging_mixin.py:188} INFO - [2026-09-26T23:46:38.233+0000] {dag.py:3947} INFO - Setting next_dagrun for medallion_settlement_pipeline to None, run_after=None
[2026-09-26T23:46:38.249+0000] {processor.py:183} INFO - Processing /opt/airflow/dags/lcbo_pipeline_dag.py took 0.081 seconds
[2026-09-26T23:47:08.423+0000] {processor.py:161} INFO - Started process (PID=5803) to work on /opt/airflow/dags/lcbo_pipeline_dag.py
[2026-09-26T23:47:08.424+0000] {processor.py:830} INFO - Processing file /opt/airflow/dags/lcbo_pipeline_dag.py for tasks to queue
[2026-09-26T23:47:08.426+0000] {logging_mixin.py:188} INFO - [2026-09-26T23:47:08.426+0000] {dagbag.py:545} INFO - Filling up the DagBag from /opt/airflow/dags/lcbo_pipeline_dag.py
[2026-09-26T23:47:08.457+0000] {processor.py:840} INFO - DAG(s) 'medallion_settlement_pipeline' retrieved from /opt/airflow/dags/lcbo_pipeline_dag.py
[2026-09-26T23:47:08.474+0000] {logging_mixin.py:188} INFO - [2026-09-26T23:47:08.474+0000] {dag.py:3089} INFO - Sync 1 DAGs
[2026-09-26T23:47:08.483+0000] {logging_mixin.py:188} INFO - [2026-09-26T23:47:08.483+0000] {dag.py:3947} INFO - Setting next_dagrun for medallion_settlement_pipeline to None, run_after=None
[2026-09-26T23:47:08.499+0000] {processor.py:183} INFO - Processing /opt/airflow/dags/lcbo_pipeline_dag.py took 0.080 seconds
[2026-09-26T23:47:38.627+0000] {processor.py:161} INFO - Started process (PID=5814) to work on /opt/airflow/dags/lcbo_pipeline_dag.py
[2026-09-26T23:47:38.628+0000] {processor.py:830} INFO - Processing file /opt/airflow/dags/lcbo_pipeline_dag.py for tasks to queue
[2026-09-26T23:47:38.629+0000] {logging_mixin.py:188} INFO - [2026-09-26T23:47:38.629+0000] {dagbag.py:545} INFO - Filling up the DagBag from /opt/airflow/dags/lcbo_pipeline_dag.py
[2026-09-26T23:47:38.663+0000] {processor.py:840} INFO - DAG(s) 'medallion_settlement_pipeline' retrieved from /opt/airflow/dags/lcbo_pipeline_dag.py
[2026-09-26T23:47:38.680+0000] {logging_mixin.py:188} INFO - [2026-09-26T23:47:38.679+0000] {dag.py:3089} INFO - Sync 1 DAGs
[2026-09-26T23:47:38.690+0000] {logging_mixin.py:188} INFO - [2026-09-26T23:47:38.689+0000] {dag.py:3947} INFO - Setting next_dagrun for medallion_settlement_pipeline to None, run_after=None
[2026-09-26T23:47:38.707+0000] {processor.py:183} INFO - Processing /opt/airflow/dags/lcbo_pipeline_dag.py took 0.084 seconds
[2026-09-26T23:48:08.907+0000] {processor.py:161} INFO - Started process (PID=5825) to work on /opt/airflow/dags/lcbo_pipeline_dag.py
[2026-09-26T23:48:08.908+0000] {processor.py:830} INFO - Processing file /opt/airflow/dags/lcbo_pipeline_dag.py for tasks to queue
[2026-09-26T23:48:08.910+0000] {logging_mixin.py:188} INFO - [2026-09-26T23:48:08.909+0000] {dagbag.py:545} INFO - Filling up the DagBag from /opt/airflow/dags/lcbo_pipeline_dag.py
[2026-09-26T23:48:08.940+0000] {processor.py:840} INFO - DAG(s) 'medallion_settlement_pipeline' retrieved from /opt/airflow/dags/lcbo_pipeline_dag.py
[2026-09-26T23:48:08.955+0000] {logging_mixin.py:188} INFO - [2026-09-26T23:48:08.955+0000] {dag.py:3089} INFO - Sync 1 DAGs
[2026-09-26T23:48:08.965+0000] {logging_mixin.py:188} INFO - [2026-09-26T23:48:08.965+0000] {dag.py:3947} INFO - Setting next_dagrun for medallion_settlement_pipeline to None, run_after=None
[2026-09-26T23:48:08.981+0000] {processor.py:183} INFO - Processing /opt/airflow/dags/lcbo_pipeline_dag.py took 0.078 seconds
[2026-09-26T23:48:39.109+0000] {processor.py:161} INFO - Started process (PID=5836) to work on /opt/airflow/dags/lcbo_pipeline_dag.py
[2026-09-26T23:48:39.110+0000] {processor.py:830} INFO - Processing file /opt/airflow/dags/lcbo_pipeline_dag.py for tasks to queue
[2026-09-26T23:48:39.111+0000] {logging_mixin.py:188} INFO - [2026-09-26T23:48:39.111+0000] {dagbag.py:545} INFO - Filling up the DagBag from /opt/airflow/dags/lcbo_pipeline_dag.py
[2026-09-26T23:48:39.143+0000] {processor.py:840} INFO - DAG(s) 'medallion_settlement_pipeline' retrieved from /opt/airflow/dags/lcbo_pipeline_dag.py
[2026-09-26T23:48:39.160+0000] {logging_mixin.py:188} INFO - [2026-09-26T23:48:39.160+0000] {dag.py:3089} INFO - Sync 1 DAGs
[2026-09-26T23:48:39.169+0000] {logging_mixin.py:188} INFO - [2026-09-26T23:48:39.168+0000] {dag.py:3947} INFO - Setting next_dagrun for medallion_settlement_pipeline to None, run_after=None
[2026-09-26T23:48:39.185+0000] {processor.py:183} INFO - Processing /opt/airflow/dags/lcbo_pipeline_dag.py took 0.080 seconds
[2026-09-26T23:49:09.347+0000] {processor.py:161} INFO - Started process (PID=5847) to work on /opt/airflow/dags/lcbo_pipeline_dag.py
[2026-09-26T23:49:09.348+0000] {processor.py:830} INFO - Processing file /opt/airflow/dags/lcbo_pipeline_dag.py for tasks to queue
[2026-09-26T23:49:09.349+0000] {logging_mixin.py:188} INFO - [2026-09-26T23:49:09.349+0000] {dagbag.py:545} INFO - Filling up the DagBag from /opt/airflow/dags/lcbo_pipeline_dag.py
[2026-09-26T23:49:09.380+0000] {processor.py:840} INFO - DAG(s) 'medallion_settlement_pipeline' retrieved from /opt/airflow/dags/lcbo_pipeline_dag.py
[2026-09-26T23:49:09.394+0000] {logging_mixin.py:188} INFO - [2026-09-26T23:49:09.394+0000] {dag.py:3089} INFO - Sync 1 DAGs
[2026-09-26T23:49:09.404+0000] {logging_mixin.py:188} INFO - [2026-09-26T23:49:09.404+0000] {dag.py:3947} INFO - Setting next_dagrun for medallion_settlement_pipeline to None, run_after=None
[2026-09-26T23:49:09.420+0000] {processor.py:183} INFO - Processing /opt/airflow/dags/lcbo_pipeline_dag.py took 0.077 seconds
[2026-09-26T23:49:39.561+0000] {processor.py:161} INFO - Started process (PID=5858) to work on /opt/airflow/dags/lcbo_pipeline_dag.py
[2026-09-26T23:49:39.563+0000] {processor.py:830} INFO - Processing file /opt/airflow/dags/lcbo_pipeline_dag.py for tasks to queue
[2026-09-26T23:49:39.564+0000] {logging_mixin.py:188} INFO - [2026-09-26T23:49:39.564+0000] {dagbag.py:545} INFO - Filling up the DagBag from /opt/airflow/dags/lcbo_pipeline_dag.py
[2026-09-26T23:49:39.596+0000] {processor.py:840} INFO - DAG(s) 'medallion_settlement_pipeline' retrieved from /opt/airflow/dags/lcbo_pipeline_dag.py
[2026-09-26T23:49:39.614+0000] {logging_mixin.py:188} INFO - [2026-09-26T23:49:39.613+0000] {dag.py:3089} INFO - Sync 1 DAGs
[2026-09-26T23:49:39.624+0000] {logging_mixin.py:188} INFO - [2026-09-26T23:49:39.623+0000] {dag.py:3947} INFO - Setting next_dagrun for medallion_settlement_pipeline to None, run_after=None
[2026-09-26T23:49:39.641+0000] {processor.py:183} INFO - Processing /opt/airflow/dags/lcbo_pipeline_dag.py took 0.084 seconds
[2026-09-26T23:50:09.782+0000] {processor.py:161} INFO - Started process (PID=5869) to work on /opt/airflow/dags/lcbo_pipeline_dag.py
[2026-09-26T23:50:09.783+0000] {processor.py:830} INFO - Processing file /opt/airflow/dags/lcbo_pipeline_dag.py for tasks to queue
[2026-09-26T23:50:09.785+0000] {logging_mixin.py:188} INFO - [2026-09-26T23:50:09.784+0000] {dagbag.py:545} INFO - Filling up the DagBag from /opt/airflow/dags/lcbo_pipeline_dag.py
[2026-09-26T23:50:09.817+0000] {processor.py:840} INFO - DAG(s) 'medallion_settlement_pipeline' retrieved from /opt/airflow/dags/lcbo_pipeline_dag.py
[2026-09-26T23:50:09.836+0000] {logging_mixin.py:188} INFO - [2026-09-26T23:50:09.836+0000] {dag.py:3089} INFO - Sync 1 DAGs
[2026-09-26T23:50:09.846+0000] {logging_mixin.py:188} INFO - [2026-09-26T23:50:09.846+0000] {dag.py:3947} INFO - Setting next_dagrun for medallion_settlement_pipeline to None, run_after=None
[2026-09-26T23:50:09.865+0000] {processor.py:183} INFO - Processing /opt/airflow/dags/lcbo_pipeline_dag.py took 0.087 seconds
[2026-09-26T23:50:40.011+0000] {processor.py:161} INFO - Started process (PID=5880) to work on /opt/airflow/dags/lcbo_pipeline_dag.py
[2026-09-26T23:50:40.013+0000] {processor.py:830} INFO - Processing file /opt/airflow/dags/lcbo_pipeline_dag.py for tasks to queue
[2026-09-26T23:50:40.014+0000] {logging_mixin.py:188} INFO - [2026-09-26T23:50:40.014+0000] {dagbag.py:545} INFO - Filling up the DagBag from /opt/airflow/dags/lcbo_pipeline_dag.py
[2026-09-26T23:50:40.045+0000] {processor.py:840} INFO - DAG(s) 'medallion_settlement_pipeline' retrieved from /opt/airflow/dags/lcbo_pipeline_dag.py
[2026-09-26T23:50:40.062+0000] {logging_mixin.py:188} INFO - [2026-09-26T23:50:40.062+0000] {dag.py:3089} INFO - Sync 1 DAGs
[2026-09-26T23:50:40.072+0000] {logging_mixin.py:188} INFO - [2026-09-26T23:50:40.072+0000] {dag.py:3947} INFO - Setting next_dagrun for medallion_settlement_pipeline to None, run_after=None
[2026-09-26T23:50:40.090+0000] {processor.py:183} INFO - Processing /opt/airflow/dags/lcbo_pipeline_dag.py took 0.083 seconds
[2026-09-26T23:51:10.235+0000] {processor.py:161} INFO - Started process (PID=5891) to work on /opt/airflow/dags/lcbo_pipeline_dag.py
[2026-09-26T23:51:10.236+0000] {processor.py:830} INFO - Processing file /opt/airflow/dags/lcbo_pipeline_dag.py for tasks to queue
[2026-09-26T23:51:10.238+0000] {logging_mixin.py:188} INFO - [2026-09-26T23:51:10.238+0000] {dagbag.py:545} INFO - Filling up the DagBag from /opt/airflow/dags/lcbo_pipeline_dag.py
[2026-09-26T23:51:10.268+0000] {processor.py:840} INFO - DAG(s) 'medallion_settlement_pipeline' retrieved from /opt/airflow/dags/lcbo_pipeline_dag.py
[2026-09-26T23:51:10.285+0000] {logging_mixin.py:188} INFO - [2026-09-26T23:51:10.285+0000] {dag.py:3089} INFO - Sync 1 DAGs
[2026-09-26T23:51:10.296+0000] {logging_mixin.py:188} INFO - [2026-09-26T23:51:10.296+0000] {dag.py:3947} INFO - Setting next_dagrun for medallion_settlement_pipeline to None, run_after=None
[2026-09-26T23:51:10.311+0000] {processor.py:183} INFO - Processing /opt/airflow/dags/lcbo_pipeline_dag.py took 0.080 seconds
[2026-09-26T23:51:40.460+0000] {processor.py:161} INFO - Started process (PID=5902) to work on /opt/airflow/dags/lcbo_pipeline_dag.py
[2026-09-26T23:51:40.462+0000] {processor.py:830} INFO - Processing file /opt/airflow/dags/lcbo_pipeline_dag.py for tasks to queue
[2026-09-26T23:51:40.463+0000] {logging_mixin.py:188} INFO - [2026-09-26T23:51:40.463+0000] {dagbag.py:545} INFO - Filling up the DagBag from /opt/airflow/dags/lcbo_pipeline_dag.py
[2026-09-26T23:51:40.495+0000] {processor.py:840} INFO - DAG(s) 'medallion_settlement_pipeline' retrieved from /opt/airflow/dags/lcbo_pipeline_dag.py
[2026-09-26T23:51:40.512+0000] {logging_mixin.py:188} INFO - [2026-09-26T23:51:40.511+0000] {dag.py:3089} INFO - Sync 1 DAGs
[2026-09-26T23:51:40.521+0000] {logging_mixin.py:188} INFO - [2026-09-26T23:51:40.520+0000] {dag.py:3947} INFO - Setting next_dagrun for medallion_settlement_pipeline to None, run_after=None
[2026-09-26T23:51:40.536+0000] {processor.py:183} INFO - Processing /opt/airflow/dags/lcbo_pipeline_dag.py took 0.080 seconds
[2026-09-26T23:52:10.675+0000] {processor.py:161} INFO - Started process (PID=5913) to work on /opt/airflow/dags/lcbo_pipeline_dag.py
[2026-09-26T23:52:10.676+0000] {processor.py:830} INFO - Processing file /opt/airflow/dags/lcbo_pipeline_dag.py for tasks to queue
[2026-09-26T23:52:10.678+0000] {logging_mixin.py:188} INFO - [2026-09-26T23:52:10.678+0000] {dagbag.py:545} INFO - Filling up the DagBag from /opt/airflow/dags/lcbo_pipeline_dag.py
[2026-09-26T23:52:10.712+0000] {processor.py:840} INFO - DAG(s) 'medallion_settlement_pipeline' retrieved from /opt/airflow/dags/lcbo_pipeline_dag.py
[2026-09-26T23:52:10.736+0000] {logging_mixin.py:188} INFO - [2026-09-26T23:52:10.736+0000] {dag.py:3089} INFO - Sync 1 DAGs
[2026-09-26T23:52:10.748+0000] {logging_mixin.py:188} INFO - [2026-09-26T23:52:10.748+0000] {dag.py:3947} INFO - Setting next_dagrun for medallion_settlement_pipeline to None, run_after=None
[2026-09-26T23:52:10.766+0000] {processor.py:183} INFO - Processing /opt/airflow/dags/lcbo_pipeline_dag.py took 0.095 seconds
[2026-09-26T23:52:40.905+0000] {processor.py:161} INFO - Started process (PID=5924) to work on /opt/airflow/dags/lcbo_pipeline_dag.py
[2026-09-26T23:52:40.906+0000] {processor.py:830} INFO - Processing file /opt/airflow/dags/lcbo_pipeline_dag.py for tasks to queue
[2026-09-26T23:52:40.908+0000] {logging_mixin.py:188} INFO - [2026-09-26T23:52:40.908+0000] {dagbag.py:545} INFO - Filling up the DagBag from /opt/airflow/dags/lcbo_pipeline_dag.py
[2026-09-26T23:52:40.939+0000] {processor.py:840} INFO - DAG(s) 'medallion_settlement_pipeline' retrieved from /opt/airflow/dags/lcbo_pipeline_dag.py
[2026-09-26T23:52:40.956+0000] {logging_mixin.py:188} INFO - [2026-09-26T23:52:40.956+0000] {dag.py:3089} INFO - Sync 1 DAGs
[2026-09-26T23:52:40.965+0000] {logging_mixin.py:188} INFO - [2026-09-26T23:52:40.965+0000] {dag.py:3947} INFO - Setting next_dagrun for medallion_settlement_pipeline to None, run_after=None
[2026-09-26T23:52:40.981+0000] {processor.py:183} INFO - Processing /opt/airflow/dags/lcbo_pipeline_dag.py took 0.079 seconds
[2026-09-26T23:53:11.160+0000] {processor.py:161} INFO - Started process (PID=5935) to work on /opt/airflow/dags/lcbo_pipeline_dag.py
[2026-09-26T23:53:11.162+0000] {processor.py:830} INFO - Processing file /opt/airflow/dags/lcbo_pipeline_dag.py for tasks to queue
[2026-09-26T23:53:11.163+0000] {logging_mixin.py:188} INFO - [2026-09-26T23:53:11.163+0000] {dagbag.py:545} INFO - Filling up the DagBag from /opt/airflow/dags/lcbo_pipeline_dag.py
[2026-09-26T23:53:11.196+0000] {processor.py:840} INFO - DAG(s) 'medallion_settlement_pipeline' retrieved from /opt/airflow/dags/lcbo_pipeline_dag.py
[2026-09-26T23:53:11.212+0000] {logging_mixin.py:188} INFO - [2026-09-26T23:53:11.212+0000] {dag.py:3089} INFO - Sync 1 DAGs
[2026-09-26T23:53:11.221+0000] {logging_mixin.py:188} INFO - [2026-09-26T23:53:11.220+0000] {dag.py:3947} INFO - Setting next_dagrun for medallion_settlement_pipeline to None, run_after=None
[2026-09-26T23:53:11.235+0000] {processor.py:183} INFO - Processing /opt/airflow/dags/lcbo_pipeline_dag.py took 0.079 seconds
[2026-09-26T23:53:41.361+0000] {processor.py:161} INFO - Started process (PID=5946) to work on /opt/airflow/dags/lcbo_pipeline_dag.py
[2026-09-26T23:53:41.362+0000] {processor.py:830} INFO - Processing file /opt/airflow/dags/lcbo_pipeline_dag.py for tasks to queue
[2026-09-26T23:53:41.364+0000] {logging_mixin.py:188} INFO - [2026-09-26T23:53:41.363+0000] {dagbag.py:545} INFO - Filling up the DagBag from /opt/airflow/dags/lcbo_pipeline_dag.py
[2026-09-26T23:53:41.396+0000] {processor.py:840} INFO - DAG(s) 'medallion_settlement_pipeline' retrieved from /opt/airflow/dags/lcbo_pipeline_dag.py
[2026-09-26T23:53:41.413+0000] {logging_mixin.py:188} INFO - [2026-09-26T23:53:41.413+0000] {dag.py:3089} INFO - Sync 1 DAGs
[2026-09-26T23:53:41.424+0000] {logging_mixin.py:188} INFO - [2026-09-26T23:53:41.423+0000] {dag.py:3947} INFO - Setting next_dagrun for medallion_settlement_pipeline to None, run_after=None
[2026-09-26T23:53:41.439+0000] {processor.py:183} INFO - Processing /opt/airflow/dags/lcbo_pipeline_dag.py took 0.082 seconds
[2026-09-26T23:54:11.601+0000] {processor.py:161} INFO - Started process (PID=5957) to work on /opt/airflow/dags/lcbo_pipeline_dag.py
[2026-09-26T23:54:11.602+0000] {processor.py:830} INFO - Processing file /opt/airflow/dags/lcbo_pipeline_dag.py for tasks to queue
[2026-09-26T23:54:11.603+0000] {logging_mixin.py:188} INFO - [2026-09-26T23:54:11.603+0000] {dagbag.py:545} INFO - Filling up the DagBag from /opt/airflow/dags/lcbo_pipeline_dag.py
[2026-09-26T23:54:11.637+0000] {processor.py:840} INFO - DAG(s) 'medallion_settlement_pipeline' retrieved from /opt/airflow/dags/lcbo_pipeline_dag.py
[2026-09-26T23:54:11.654+0000] {logging_mixin.py:188} INFO - [2026-09-26T23:54:11.654+0000] {dag.py:3089} INFO - Sync 1 DAGs
[2026-09-26T23:54:11.664+0000] {logging_mixin.py:188} INFO - [2026-09-26T23:54:11.664+0000] {dag.py:3947} INFO - Setting next_dagrun for medallion_settlement_pipeline to None, run_after=None
[2026-09-26T23:54:11.685+0000] {processor.py:183} INFO - Processing /opt/airflow/dags/lcbo_pipeline_dag.py took 0.088 seconds
[2026-09-26T23:54:41.807+0000] {processor.py:161} INFO - Started process (PID=5968) to work on /opt/airflow/dags/lcbo_pipeline_dag.py
[2026-09-26T23:54:41.808+0000] {processor.py:830} INFO - Processing file /opt/airflow/dags/lcbo_pipeline_dag.py for tasks to queue
[2026-09-26T23:54:41.810+0000] {logging_mixin.py:188} INFO - [2026-09-26T23:54:41.809+0000] {dagbag.py:545} INFO - Filling up the DagBag from /opt/airflow/dags/lcbo_pipeline_dag.py
[2026-09-26T23:54:41.846+0000] {processor.py:840} INFO - DAG(s) 'medallion_settlement_pipeline' retrieved from /opt/airflow/dags/lcbo_pipeline_dag.py
[2026-09-26T23:54:41.864+0000] {logging_mixin.py:188} INFO - [2026-09-26T23:54:41.864+0000] {dag.py:3089} INFO - Sync 1 DAGs
[2026-09-26T23:54:41.876+0000] {logging_mixin.py:188} INFO - [2026-09-26T23:54:41.876+0000] {dag.py:3947} INFO - Setting next_dagrun for medallion_settlement_pipeline to None, run_after=None
[2026-09-26T23:54:41.892+0000] {processor.py:183} INFO - Processing /opt/airflow/dags/lcbo_pipeline_dag.py took 0.089 seconds
[2026-09-26T23:55:12.053+0000] {processor.py:161} INFO - Started process (PID=5979) to work on /opt/airflow/dags/lcbo_pipeline_dag.py
[2026-09-26T23:55:12.054+0000] {processor.py:830} INFO - Processing file /opt/airflow/dags/lcbo_pipeline_dag.py for tasks to queue
[2026-09-26T23:55:12.055+0000] {logging_mixin.py:188} INFO - [2026-09-26T23:55:12.055+0000] {dagbag.py:545} INFO - Filling up the DagBag from /opt/airflow/dags/lcbo_pipeline_dag.py
[2026-09-26T23:55:12.088+0000] {processor.py:840} INFO - DAG(s) 'medallion_settlement_pipeline' retrieved from /opt/airflow/dags/lcbo_pipeline_dag.py
[2026-09-26T23:55:12.105+0000] {logging_mixin.py:188} INFO - [2026-09-26T23:55:12.105+0000] {dag.py:3089} INFO - Sync 1 DAGs
[2026-09-26T23:55:12.114+0000] {logging_mixin.py:188} INFO - [2026-09-26T23:55:12.114+0000] {dag.py:3947} INFO - Setting next_dagrun for medallion_settlement_pipeline to None, run_after=None
[2026-09-26T23:55:12.130+0000] {processor.py:183} INFO - Processing /opt/airflow/dags/lcbo_pipeline_dag.py took 0.081 seconds
[2026-09-26T23:55:42.271+0000] {processor.py:161} INFO - Started process (PID=5990) to work on /opt/airflow/dags/lcbo_pipeline_dag.py
[2026-09-26T23:55:42.273+0000] {processor.py:830} INFO - Processing file /opt/airflow/dags/lcbo_pipeline_dag.py for tasks to queue
[2026-09-26T23:55:42.275+0000] {logging_mixin.py:188} INFO - [2026-09-26T23:55:42.274+0000] {dagbag.py:545} INFO - Filling up the DagBag from /opt/airflow/dags/lcbo_pipeline_dag.py
[2026-09-26T23:55:42.310+0000] {processor.py:840} INFO - DAG(s) 'medallion_settlement_pipeline' retrieved from /opt/airflow/dags/lcbo_pipeline_dag.py
[2026-09-26T23:55:42.328+0000] {logging_mixin.py:188} INFO - [2026-09-26T23:55:42.328+0000] {dag.py:3089} INFO - Sync 1 DAGs
[2026-09-26T23:55:42.338+0000] {logging_mixin.py:188} INFO - [2026-09-26T23:55:42.338+0000] {dag.py:3947} INFO - Setting next_dagrun for medallion_settlement_pipeline to None, run_after=None
[2026-09-26T23:55:42.354+0000] {processor.py:183} INFO - Processing /opt/airflow/dags/lcbo_pipeline_dag.py took 0.087 seconds
[2026-09-26T23:56:12.510+0000] {processor.py:161} INFO - Started process (PID=6001) to work on /opt/airflow/dags/lcbo_pipeline_dag.py
[2026-09-26T23:56:12.511+0000] {processor.py:830} INFO - Processing file /opt/airflow/dags/lcbo_pipeline_dag.py for tasks to queue
[2026-09-26T23:56:12.513+0000] {logging_mixin.py:188} INFO - [2026-09-26T23:56:12.513+0000] {dagbag.py:545} INFO - Filling up the DagBag from /opt/airflow/dags/lcbo_pipeline_dag.py
[2026-09-26T23:56:12.547+0000] {processor.py:840} INFO - DAG(s) 'medallion_settlement_pipeline' retrieved from /opt/airflow/dags/lcbo_pipeline_dag.py
[2026-09-26T23:56:12.563+0000] {logging_mixin.py:188} INFO - [2026-09-26T23:56:12.563+0000] {dag.py:3089} INFO - Sync 1 DAGs
[2026-09-26T23:56:12.575+0000] {logging_mixin.py:188} INFO - [2026-09-26T23:56:12.574+0000] {dag.py:3947} INFO - Setting next_dagrun for medallion_settlement_pipeline to None, run_after=None
[2026-09-26T23:56:12.590+0000] {processor.py:183} INFO - Processing /opt/airflow/dags/lcbo_pipeline_dag.py took 0.084 seconds
[2026-09-26T23:56:42.727+0000] {processor.py:161} INFO - Started process (PID=6012) to work on /opt/airflow/dags/lcbo_pipeline_dag.py
[2026-09-26T23:56:42.728+0000] {processor.py:830} INFO - Processing file /opt/airflow/dags/lcbo_pipeline_dag.py for tasks to queue
[2026-09-26T23:56:42.730+0000] {logging_mixin.py:188} INFO - [2026-09-26T23:56:42.730+0000] {dagbag.py:545} INFO - Filling up the DagBag from /opt/airflow/dags/lcbo_pipeline_dag.py
[2026-09-26T23:56:42.765+0000] {processor.py:840} INFO - DAG(s) 'medallion_settlement_pipeline' retrieved from /opt/airflow/dags/lcbo_pipeline_dag.py
[2026-09-26T23:56:42.782+0000] {logging_mixin.py:188} INFO - [2026-09-26T23:56:42.781+0000] {dag.py:3089} INFO - Sync 1 DAGs
[2026-09-26T23:56:42.793+0000] {logging_mixin.py:188} INFO - [2026-09-26T23:56:42.793+0000] {dag.py:3947} INFO - Setting next_dagrun for medallion_settlement_pipeline to None, run_after=None
[2026-09-26T23:56:42.811+0000] {processor.py:183} INFO - Processing /opt/airflow/dags/lcbo_pipeline_dag.py took 0.088 seconds
[2026-09-26T23:57:12.972+0000] {processor.py:161} INFO - Started process (PID=6023) to work on /opt/airflow/dags/lcbo_pipeline_dag.py
[2026-09-26T23:57:12.973+0000] {processor.py:830} INFO - Processing file /opt/airflow/dags/lcbo_pipeline_dag.py for tasks to queue
[2026-09-26T23:57:12.975+0000] {logging_mixin.py:188} INFO - [2026-09-26T23:57:12.975+0000] {dagbag.py:545} INFO - Filling up the DagBag from /opt/airflow/dags/lcbo_pipeline_dag.py
[2026-09-26T23:57:13.005+0000] {processor.py:840} INFO - DAG(s) 'medallion_settlement_pipeline' retrieved from /opt/airflow/dags/lcbo_pipeline_dag.py
[2026-09-26T23:57:13.021+0000] {logging_mixin.py:188} INFO - [2026-09-26T23:57:13.021+0000] {dag.py:3089} INFO - Sync 1 DAGs
[2026-09-26T23:57:13.031+0000] {logging_mixin.py:188} INFO - [2026-09-26T23:57:13.031+0000] {dag.py:3947} INFO - Setting next_dagrun for medallion_settlement_pipeline to None, run_after=None
[2026-09-26T23:57:13.047+0000] {processor.py:183} INFO - Processing /opt/airflow/dags/lcbo_pipeline_dag.py took 0.080 seconds
[2026-09-26T23:57:43.184+0000] {processor.py:161} INFO - Started process (PID=6034) to work on /opt/airflow/dags/lcbo_pipeline_dag.py
[2026-09-26T23:57:43.185+0000] {processor.py:830} INFO - Processing file /opt/airflow/dags/lcbo_pipeline_dag.py for tasks to queue
[2026-09-26T23:57:43.187+0000] {logging_mixin.py:188} INFO - [2026-09-26T23:57:43.187+0000] {dagbag.py:545} INFO - Filling up the DagBag from /opt/airflow/dags/lcbo_pipeline_dag.py
[2026-09-26T23:57:43.221+0000] {processor.py:840} INFO - DAG(s) 'medallion_settlement_pipeline' retrieved from /opt/airflow/dags/lcbo_pipeline_dag.py
[2026-09-26T23:57:43.239+0000] {logging_mixin.py:188} INFO - [2026-09-26T23:57:43.239+0000] {dag.py:3089} INFO - Sync 1 DAGs
[2026-09-26T23:57:43.250+0000] {logging_mixin.py:188} INFO - [2026-09-26T23:57:43.250+0000] {dag.py:3947} INFO - Setting next_dagrun for medallion_settlement_pipeline to None, run_after=None
[2026-09-26T23:57:43.269+0000] {processor.py:183} INFO - Processing /opt/airflow/dags/lcbo_pipeline_dag.py took 0.090 seconds
[2026-09-26T23:58:13.440+0000] {processor.py:161} INFO - Started process (PID=6045) to work on /opt/airflow/dags/lcbo_pipeline_dag.py
[2026-09-26T23:58:13.441+0000] {processor.py:830} INFO - Processing file /opt/airflow/dags/lcbo_pipeline_dag.py for tasks to queue
[2026-09-26T23:58:13.443+0000] {logging_mixin.py:188} INFO - [2026-09-26T23:58:13.443+0000] {dagbag.py:545} INFO - Filling up the DagBag from /opt/airflow/dags/lcbo_pipeline_dag.py
[2026-09-26T23:58:13.474+0000] {processor.py:840} INFO - DAG(s) 'medallion_settlement_pipeline' retrieved from /opt/airflow/dags/lcbo_pipeline_dag.py
[2026-09-26T23:58:13.490+0000] {logging_mixin.py:188} INFO - [2026-09-26T23:58:13.489+0000] {dag.py:3089} INFO - Sync 1 DAGs
[2026-09-26T23:58:13.499+0000] {logging_mixin.py:188} INFO - [2026-09-26T23:58:13.499+0000] {dag.py:3947} INFO - Setting next_dagrun for medallion_settlement_pipeline to None, run_after=None
[2026-09-26T23:58:13.515+0000] {processor.py:183} INFO - Processing /opt/airflow/dags/lcbo_pipeline_dag.py took 0.079 seconds
[2026-09-26T23:58:43.646+0000] {processor.py:161} INFO - Started process (PID=6056) to work on /opt/airflow/dags/lcbo_pipeline_dag.py
[2026-09-26T23:58:43.648+0000] {processor.py:830} INFO - Processing file /opt/airflow/dags/lcbo_pipeline_dag.py for tasks to queue
[2026-09-26T23:58:43.649+0000] {logging_mixin.py:188} INFO - [2026-09-26T23:58:43.649+0000] {dagbag.py:545} INFO - Filling up the DagBag from /opt/airflow/dags/lcbo_pipeline_dag.py
[2026-09-26T23:58:43.681+0000] {processor.py:840} INFO - DAG(s) 'medallion_settlement_pipeline' retrieved from /opt/airflow/dags/lcbo_pipeline_dag.py
[2026-09-26T23:58:43.698+0000] {logging_mixin.py:188} INFO - [2026-09-26T23:58:43.697+0000] {dag.py:3089} INFO - Sync 1 DAGs
[2026-09-26T23:58:43.707+0000] {logging_mixin.py:188} INFO - [2026-09-26T23:58:43.707+0000] {dag.py:3947} INFO - Setting next_dagrun for medallion_settlement_pipeline to None, run_after=None
[2026-09-26T23:58:43.724+0000] {processor.py:183} INFO - Processing /opt/airflow/dags/lcbo_pipeline_dag.py took 0.082 seconds
[2026-09-26T23:59:13.894+0000] {processor.py:161} INFO - Started process (PID=6067) to work on /opt/airflow/dags/lcbo_pipeline_dag.py
[2026-09-26T23:59:13.895+0000] {processor.py:830} INFO - Processing file /opt/airflow/dags/lcbo_pipeline_dag.py for tasks to queue
[2026-09-26T23:59:13.897+0000] {logging_mixin.py:188} INFO - [2026-09-26T23:59:13.897+0000] {dagbag.py:545} INFO - Filling up the DagBag from /opt/airflow/dags/lcbo_pipeline_dag.py
[2026-09-26T23:59:13.926+0000] {processor.py:840} INFO - DAG(s) 'medallion_settlement_pipeline' retrieved from /opt/airflow/dags/lcbo_pipeline_dag.py
[2026-09-26T23:59:13.941+0000] {logging_mixin.py:188} INFO - [2026-09-26T23:59:13.941+0000] {dag.py:3089} INFO - Sync 1 DAGs
[2026-09-26T23:59:13.951+0000] {logging_mixin.py:188} INFO - [2026-09-26T23:59:13.951+0000] {dag.py:3947} INFO - Setting next_dagrun for medallion_settlement_pipeline to None, run_after=None
[2026-09-26T23:59:13.968+0000] {processor.py:183} INFO - Processing /opt/airflow/dags/lcbo_pipeline_dag.py took 0.078 seconds
[2026-09-26T23:59:44.098+0000] {processor.py:161} INFO - Started process (PID=6078) to work on /opt/airflow/dags/lcbo_pipeline_dag.py
[2026-09-26T23:59:44.099+0000] {processor.py:830} INFO - Processing file /opt/airflow/dags/lcbo_pipeline_dag.py for tasks to queue
[2026-09-26T23:59:44.101+0000] {logging_mixin.py:188} INFO - [2026-09-26T23:59:44.101+0000] {dagbag.py:545} INFO - Filling up the DagBag from /opt/airflow/dags/lcbo_pipeline_dag.py
[2026-09-26T23:59:44.135+0000] {processor.py:840} INFO - DAG(s) 'medallion_settlement_pipeline' retrieved from /opt/airflow/dags/lcbo_pipeline_dag.py
[2026-09-26T23:59:44.154+0000] {logging_mixin.py:188} INFO - [2026-09-26T23:59:44.153+0000] {dag.py:3089} INFO - Sync 1 DAGs
[2026-09-26T23:59:44.163+0000] {logging_mixin.py:188} INFO - [2026-09-26T23:59:44.163+0000] {dag.py:3947} INFO - Setting next_dagrun for medallion_settlement_pipeline to None, run_after=None
[2026-09-26T23:59:44.181+0000] {processor.py:183} INFO - Processing /opt/airflow/dags/lcbo_pipeline_dag.py took 0.087 seconds
