[2026-09-19T17:35:25.046+0000] {processor.py:161} INFO - Started process (PID=185) to work on /opt/airflow/dags/lcbo_pipeline_dag.py
[2026-09-19T17:35:25.048+0000] {processor.py:830} INFO - Processing file /opt/airflow/dags/lcbo_pipeline_dag.py for tasks to queue
[2026-09-19T17:35:25.051+0000] {logging_mixin.py:188} INFO - [2026-09-19T17:35:25.050+0000] {dagbag.py:545} INFO - Filling up the DagBag from /opt/airflow/dags/lcbo_pipeline_dag.py
[2026-09-19T17:35:25.083+0000] {processor.py:840} INFO - DAG(s) 'lcbo_pipeline' retrieved from /opt/airflow/dags/lcbo_pipeline_dag.py
[2026-09-19T17:35:25.322+0000] {logging_mixin.py:188} INFO - [2026-09-19T17:35:25.322+0000] {dag.py:3089} INFO - Sync 1 DAGs
[2026-09-19T17:35:25.334+0000] {logging_mixin.py:188} INFO - [2026-09-19T17:35:25.334+0000] {dag.py:3947} INFO - Setting next_dagrun for lcbo_pipeline to None, run_after=None
[2026-09-19T17:35:25.355+0000] {processor.py:183} INFO - Processing /opt/airflow/dags/lcbo_pipeline_dag.py took 0.316 seconds
[2026-09-19T17:35:55.553+0000] {processor.py:161} INFO - Started process (PID=196) to work on /opt/airflow/dags/lcbo_pipeline_dag.py
[2026-09-19T17:35:55.555+0000] {processor.py:830} INFO - Processing file /opt/airflow/dags/lcbo_pipeline_dag.py for tasks to queue
[2026-09-19T17:35:55.557+0000] {logging_mixin.py:188} INFO - [2026-09-19T17:35:55.557+0000] {dagbag.py:545} INFO - Filling up the DagBag from /opt/airflow/dags/lcbo_pipeline_dag.py
[2026-09-19T17:35:55.578+0000] {processor.py:840} INFO - DAG(s) 'lcbo_pipeline' retrieved from /opt/airflow/dags/lcbo_pipeline_dag.py
[2026-09-19T17:35:55.611+0000] {logging_mixin.py:188} INFO - [2026-09-19T17:35:55.611+0000] {dag.py:3089} INFO - Sync 1 DAGs
[2026-09-19T17:35:55.626+0000] {logging_mixin.py:188} INFO - [2026-09-19T17:35:55.626+0000] {dag.py:3947} INFO - Setting next_dagrun for lcbo_pipeline to None, run_after=None
[2026-09-19T17:35:55.644+0000] {processor.py:183} INFO - Processing /opt/airflow/dags/lcbo_pipeline_dag.py took 0.099 seconds
[2026-09-19T17:36:25.746+0000] {processor.py:161} INFO - Started process (PID=207) to work on /opt/airflow/dags/lcbo_pipeline_dag.py
[2026-09-19T17:36:25.748+0000] {processor.py:830} INFO - Processing file /opt/airflow/dags/lcbo_pipeline_dag.py for tasks to queue
[2026-09-19T17:36:25.750+0000] {logging_mixin.py:188} INFO - [2026-09-19T17:36:25.750+0000] {dagbag.py:545} INFO - Filling up the DagBag from /opt/airflow/dags/lcbo_pipeline_dag.py
[2026-09-19T17:36:25.771+0000] {processor.py:840} INFO - DAG(s) 'lcbo_pipeline' retrieved from /opt/airflow/dags/lcbo_pipeline_dag.py
[2026-09-19T17:36:25.802+0000] {logging_mixin.py:188} INFO - [2026-09-19T17:36:25.802+0000] {dag.py:3089} INFO - Sync 1 DAGs
[2026-09-19T17:36:25.815+0000] {logging_mixin.py:188} INFO - [2026-09-19T17:36:25.814+0000] {dag.py:3947} INFO - Setting next_dagrun for lcbo_pipeline to None, run_after=None
[2026-09-19T17:36:25.835+0000] {processor.py:183} INFO - Processing /opt/airflow/dags/lcbo_pipeline_dag.py took 0.096 seconds
[2026-09-19T17:36:56.016+0000] {processor.py:161} INFO - Started process (PID=218) to work on /opt/airflow/dags/lcbo_pipeline_dag.py
[2026-09-19T17:36:56.017+0000] {processor.py:830} INFO - Processing file /opt/airflow/dags/lcbo_pipeline_dag.py for tasks to queue
[2026-09-19T17:36:56.020+0000] {logging_mixin.py:188} INFO - [2026-09-19T17:36:56.019+0000] {dagbag.py:545} INFO - Filling up the DagBag from /opt/airflow/dags/lcbo_pipeline_dag.py
[2026-09-19T17:36:56.041+0000] {processor.py:840} INFO - DAG(s) 'lcbo_pipeline' retrieved from /opt/airflow/dags/lcbo_pipeline_dag.py
[2026-09-19T17:36:56.073+0000] {logging_mixin.py:188} INFO - [2026-09-19T17:36:56.072+0000] {dag.py:3089} INFO - Sync 1 DAGs
[2026-09-19T17:36:56.086+0000] {logging_mixin.py:188} INFO - [2026-09-19T17:36:56.086+0000] {dag.py:3947} INFO - Setting next_dagrun for lcbo_pipeline to None, run_after=None
[2026-09-19T17:36:56.103+0000] {processor.py:183} INFO - Processing /opt/airflow/dags/lcbo_pipeline_dag.py took 0.094 seconds
[2026-09-19T17:37:26.197+0000] {processor.py:161} INFO - Started process (PID=229) to work on /opt/airflow/dags/lcbo_pipeline_dag.py
[2026-09-19T17:37:26.198+0000] {processor.py:830} INFO - Processing file /opt/airflow/dags/lcbo_pipeline_dag.py for tasks to queue
[2026-09-19T17:37:26.200+0000] {logging_mixin.py:188} INFO - [2026-09-19T17:37:26.200+0000] {dagbag.py:545} INFO - Filling up the DagBag from /opt/airflow/dags/lcbo_pipeline_dag.py
[2026-09-19T17:37:26.222+0000] {processor.py:840} INFO - DAG(s) 'lcbo_pipeline' retrieved from /opt/airflow/dags/lcbo_pipeline_dag.py
[2026-09-19T17:37:26.252+0000] {logging_mixin.py:188} INFO - [2026-09-19T17:37:26.252+0000] {dag.py:3089} INFO - Sync 1 DAGs
[2026-09-19T17:37:26.263+0000] {logging_mixin.py:188} INFO - [2026-09-19T17:37:26.263+0000] {dag.py:3947} INFO - Setting next_dagrun for lcbo_pipeline to None, run_after=None
[2026-09-19T17:37:26.281+0000] {processor.py:183} INFO - Processing /opt/airflow/dags/lcbo_pipeline_dag.py took 0.090 seconds
[2026-09-19T17:37:56.469+0000] {processor.py:161} INFO - Started process (PID=240) to work on /opt/airflow/dags/lcbo_pipeline_dag.py
[2026-09-19T17:37:56.470+0000] {processor.py:830} INFO - Processing file /opt/airflow/dags/lcbo_pipeline_dag.py for tasks to queue
[2026-09-19T17:37:56.471+0000] {logging_mixin.py:188} INFO - [2026-09-19T17:37:56.471+0000] {dagbag.py:545} INFO - Filling up the DagBag from /opt/airflow/dags/lcbo_pipeline_dag.py
[2026-09-19T17:37:56.490+0000] {processor.py:840} INFO - DAG(s) 'lcbo_pipeline' retrieved from /opt/airflow/dags/lcbo_pipeline_dag.py
[2026-09-19T17:37:56.513+0000] {logging_mixin.py:188} INFO - [2026-09-19T17:37:56.513+0000] {dag.py:3089} INFO - Sync 1 DAGs
[2026-09-19T17:37:56.525+0000] {logging_mixin.py:188} INFO - [2026-09-19T17:37:56.525+0000] {dag.py:3947} INFO - Setting next_dagrun for lcbo_pipeline to None, run_after=None
[2026-09-19T17:37:56.542+0000] {processor.py:183} INFO - Processing /opt/airflow/dags/lcbo_pipeline_dag.py took 0.077 seconds
[2026-09-19T17:38:26.674+0000] {processor.py:161} INFO - Started process (PID=251) to work on /opt/airflow/dags/lcbo_pipeline_dag.py
[2026-09-19T17:38:26.675+0000] {processor.py:830} INFO - Processing file /opt/airflow/dags/lcbo_pipeline_dag.py for tasks to queue
[2026-09-19T17:38:26.677+0000] {logging_mixin.py:188} INFO - [2026-09-19T17:38:26.677+0000] {dagbag.py:545} INFO - Filling up the DagBag from /opt/airflow/dags/lcbo_pipeline_dag.py
[2026-09-19T17:38:26.697+0000] {processor.py:840} INFO - DAG(s) 'lcbo_pipeline' retrieved from /opt/airflow/dags/lcbo_pipeline_dag.py
[2026-09-19T17:38:26.722+0000] {logging_mixin.py:188} INFO - [2026-09-19T17:38:26.721+0000] {dag.py:3089} INFO - Sync 1 DAGs
[2026-09-19T17:38:26.731+0000] {logging_mixin.py:188} INFO - [2026-09-19T17:38:26.731+0000] {dag.py:3947} INFO - Setting next_dagrun for lcbo_pipeline to None, run_after=None
[2026-09-19T17:38:26.745+0000] {processor.py:183} INFO - Processing /opt/airflow/dags/lcbo_pipeline_dag.py took 0.075 seconds
[2026-09-19T17:38:56.950+0000] {processor.py:161} INFO - Started process (PID=262) to work on /opt/airflow/dags/lcbo_pipeline_dag.py
[2026-09-19T17:38:56.952+0000] {processor.py:830} INFO - Processing file /opt/airflow/dags/lcbo_pipeline_dag.py for tasks to queue
[2026-09-19T17:38:56.955+0000] {logging_mixin.py:188} INFO - [2026-09-19T17:38:56.954+0000] {dagbag.py:545} INFO - Filling up the DagBag from /opt/airflow/dags/lcbo_pipeline_dag.py
[2026-09-19T17:38:56.983+0000] {processor.py:840} INFO - DAG(s) 'lcbo_pipeline' retrieved from /opt/airflow/dags/lcbo_pipeline_dag.py
[2026-09-19T17:38:57.019+0000] {logging_mixin.py:188} INFO - [2026-09-19T17:38:57.019+0000] {dag.py:3089} INFO - Sync 1 DAGs
[2026-09-19T17:38:57.034+0000] {logging_mixin.py:188} INFO - [2026-09-19T17:38:57.034+0000] {dag.py:3947} INFO - Setting next_dagrun for lcbo_pipeline to None, run_after=None
[2026-09-19T17:38:57.067+0000] {processor.py:183} INFO - Processing /opt/airflow/dags/lcbo_pipeline_dag.py took 0.121 seconds
[2026-09-19T17:39:27.156+0000] {processor.py:161} INFO - Started process (PID=273) to work on /opt/airflow/dags/lcbo_pipeline_dag.py
[2026-09-19T17:39:27.158+0000] {processor.py:830} INFO - Processing file /opt/airflow/dags/lcbo_pipeline_dag.py for tasks to queue
[2026-09-19T17:39:27.160+0000] {logging_mixin.py:188} INFO - [2026-09-19T17:39:27.160+0000] {dagbag.py:545} INFO - Filling up the DagBag from /opt/airflow/dags/lcbo_pipeline_dag.py
[2026-09-19T17:39:27.177+0000] {processor.py:840} INFO - DAG(s) 'lcbo_pipeline' retrieved from /opt/airflow/dags/lcbo_pipeline_dag.py
[2026-09-19T17:39:27.203+0000] {logging_mixin.py:188} INFO - [2026-09-19T17:39:27.202+0000] {dag.py:3089} INFO - Sync 1 DAGs
[2026-09-19T17:39:27.214+0000] {logging_mixin.py:188} INFO - [2026-09-19T17:39:27.213+0000] {dag.py:3947} INFO - Setting next_dagrun for lcbo_pipeline to None, run_after=None
[2026-09-19T17:39:27.230+0000] {processor.py:183} INFO - Processing /opt/airflow/dags/lcbo_pipeline_dag.py took 0.078 seconds
[2026-09-19T17:39:57.357+0000] {processor.py:161} INFO - Started process (PID=284) to work on /opt/airflow/dags/lcbo_pipeline_dag.py
[2026-09-19T17:39:57.358+0000] {processor.py:830} INFO - Processing file /opt/airflow/dags/lcbo_pipeline_dag.py for tasks to queue
[2026-09-19T17:39:57.360+0000] {logging_mixin.py:188} INFO - [2026-09-19T17:39:57.360+0000] {dagbag.py:545} INFO - Filling up the DagBag from /opt/airflow/dags/lcbo_pipeline_dag.py
[2026-09-19T17:39:57.377+0000] {processor.py:840} INFO - DAG(s) 'lcbo_pipeline' retrieved from /opt/airflow/dags/lcbo_pipeline_dag.py
[2026-09-19T17:39:57.408+0000] {logging_mixin.py:188} INFO - [2026-09-19T17:39:57.407+0000] {dag.py:3089} INFO - Sync 1 DAGs
[2026-09-19T17:39:57.419+0000] {logging_mixin.py:188} INFO - [2026-09-19T17:39:57.419+0000] {dag.py:3947} INFO - Setting next_dagrun for lcbo_pipeline to None, run_after=None
[2026-09-19T17:39:57.437+0000] {processor.py:183} INFO - Processing /opt/airflow/dags/lcbo_pipeline_dag.py took 0.083 seconds
[2026-09-19T17:40:27.648+0000] {processor.py:161} INFO - Started process (PID=317) to work on /opt/airflow/dags/lcbo_pipeline_dag.py
[2026-09-19T17:40:27.650+0000] {processor.py:830} INFO - Processing file /opt/airflow/dags/lcbo_pipeline_dag.py for tasks to queue
[2026-09-19T17:40:27.655+0000] {logging_mixin.py:188} INFO - [2026-09-19T17:40:27.654+0000] {dagbag.py:545} INFO - Filling up the DagBag from /opt/airflow/dags/lcbo_pipeline_dag.py
[2026-09-19T17:40:27.680+0000] {processor.py:840} INFO - DAG(s) 'lcbo_pipeline' retrieved from /opt/airflow/dags/lcbo_pipeline_dag.py
[2026-09-19T17:40:27.712+0000] {logging_mixin.py:188} INFO - [2026-09-19T17:40:27.712+0000] {dag.py:3089} INFO - Sync 1 DAGs
[2026-09-19T17:40:27.723+0000] {logging_mixin.py:188} INFO - [2026-09-19T17:40:27.723+0000] {dag.py:3947} INFO - Setting next_dagrun for lcbo_pipeline to None, run_after=None
[2026-09-19T17:40:27.738+0000] {processor.py:183} INFO - Processing /opt/airflow/dags/lcbo_pipeline_dag.py took 0.098 seconds
[2026-09-19T17:40:57.838+0000] {processor.py:161} INFO - Started process (PID=408) to work on /opt/airflow/dags/lcbo_pipeline_dag.py
[2026-09-19T17:40:57.839+0000] {processor.py:830} INFO - Processing file /opt/airflow/dags/lcbo_pipeline_dag.py for tasks to queue
[2026-09-19T17:40:57.841+0000] {logging_mixin.py:188} INFO - [2026-09-19T17:40:57.841+0000] {dagbag.py:545} INFO - Filling up the DagBag from /opt/airflow/dags/lcbo_pipeline_dag.py
[2026-09-19T17:40:57.860+0000] {processor.py:840} INFO - DAG(s) 'lcbo_pipeline' retrieved from /opt/airflow/dags/lcbo_pipeline_dag.py
[2026-09-19T17:40:57.889+0000] {logging_mixin.py:188} INFO - [2026-09-19T17:40:57.889+0000] {dag.py:3089} INFO - Sync 1 DAGs
[2026-09-19T17:40:57.901+0000] {logging_mixin.py:188} INFO - [2026-09-19T17:40:57.901+0000] {dag.py:3947} INFO - Setting next_dagrun for lcbo_pipeline to None, run_after=None
[2026-09-19T17:40:57.921+0000] {processor.py:183} INFO - Processing /opt/airflow/dags/lcbo_pipeline_dag.py took 0.086 seconds
[2026-09-19T17:41:28.110+0000] {processor.py:161} INFO - Started process (PID=440) to work on /opt/airflow/dags/lcbo_pipeline_dag.py
[2026-09-19T17:41:28.112+0000] {processor.py:830} INFO - Processing file /opt/airflow/dags/lcbo_pipeline_dag.py for tasks to queue
[2026-09-19T17:41:28.117+0000] {logging_mixin.py:188} INFO - [2026-09-19T17:41:28.117+0000] {dagbag.py:545} INFO - Filling up the DagBag from /opt/airflow/dags/lcbo_pipeline_dag.py
[2026-09-19T17:41:28.156+0000] {processor.py:840} INFO - DAG(s) 'lcbo_pipeline' retrieved from /opt/airflow/dags/lcbo_pipeline_dag.py
[2026-09-19T17:41:28.202+0000] {logging_mixin.py:188} INFO - [2026-09-19T17:41:28.201+0000] {dag.py:3089} INFO - Sync 1 DAGs
[2026-09-19T17:41:28.222+0000] {logging_mixin.py:188} INFO - [2026-09-19T17:41:28.221+0000] {dag.py:3947} INFO - Setting next_dagrun for lcbo_pipeline to None, run_after=None
[2026-09-19T17:41:28.253+0000] {processor.py:183} INFO - Processing /opt/airflow/dags/lcbo_pipeline_dag.py took 0.150 seconds
[2026-09-19T17:41:58.305+0000] {processor.py:161} INFO - Started process (PID=451) to work on /opt/airflow/dags/lcbo_pipeline_dag.py
[2026-09-19T17:41:58.306+0000] {processor.py:830} INFO - Processing file /opt/airflow/dags/lcbo_pipeline_dag.py for tasks to queue
[2026-09-19T17:41:58.308+0000] {logging_mixin.py:188} INFO - [2026-09-19T17:41:58.308+0000] {dagbag.py:545} INFO - Filling up the DagBag from /opt/airflow/dags/lcbo_pipeline_dag.py
[2026-09-19T17:41:58.328+0000] {processor.py:840} INFO - DAG(s) 'lcbo_pipeline' retrieved from /opt/airflow/dags/lcbo_pipeline_dag.py
[2026-09-19T17:41:58.359+0000] {logging_mixin.py:188} INFO - [2026-09-19T17:41:58.358+0000] {dag.py:3089} INFO - Sync 1 DAGs
[2026-09-19T17:41:58.371+0000] {logging_mixin.py:188} INFO - [2026-09-19T17:41:58.371+0000] {dag.py:3947} INFO - Setting next_dagrun for lcbo_pipeline to None, run_after=None
[2026-09-19T17:41:58.392+0000] {processor.py:183} INFO - Processing /opt/airflow/dags/lcbo_pipeline_dag.py took 0.093 seconds
[2026-09-19T17:42:28.500+0000] {processor.py:161} INFO - Started process (PID=462) to work on /opt/airflow/dags/lcbo_pipeline_dag.py
[2026-09-19T17:42:28.501+0000] {processor.py:830} INFO - Processing file /opt/airflow/dags/lcbo_pipeline_dag.py for tasks to queue
[2026-09-19T17:42:28.503+0000] {logging_mixin.py:188} INFO - [2026-09-19T17:42:28.503+0000] {dagbag.py:545} INFO - Filling up the DagBag from /opt/airflow/dags/lcbo_pipeline_dag.py
[2026-09-19T17:42:28.524+0000] {processor.py:840} INFO - DAG(s) 'lcbo_pipeline' retrieved from /opt/airflow/dags/lcbo_pipeline_dag.py
[2026-09-19T17:42:28.552+0000] {logging_mixin.py:188} INFO - [2026-09-19T17:42:28.552+0000] {dag.py:3089} INFO - Sync 1 DAGs
[2026-09-19T17:42:28.564+0000] {logging_mixin.py:188} INFO - [2026-09-19T17:42:28.564+0000] {dag.py:3947} INFO - Setting next_dagrun for lcbo_pipeline to None, run_after=None
[2026-09-19T17:42:28.579+0000] {processor.py:183} INFO - Processing /opt/airflow/dags/lcbo_pipeline_dag.py took 0.083 seconds
[2026-09-19T17:42:58.792+0000] {processor.py:161} INFO - Started process (PID=473) to work on /opt/airflow/dags/lcbo_pipeline_dag.py
[2026-09-19T17:42:58.794+0000] {processor.py:830} INFO - Processing file /opt/airflow/dags/lcbo_pipeline_dag.py for tasks to queue
[2026-09-19T17:42:58.795+0000] {logging_mixin.py:188} INFO - [2026-09-19T17:42:58.795+0000] {dagbag.py:545} INFO - Filling up the DagBag from /opt/airflow/dags/lcbo_pipeline_dag.py
[2026-09-19T17:42:58.815+0000] {processor.py:840} INFO - DAG(s) 'lcbo_pipeline' retrieved from /opt/airflow/dags/lcbo_pipeline_dag.py
[2026-09-19T17:42:58.846+0000] {logging_mixin.py:188} INFO - [2026-09-19T17:42:58.845+0000] {dag.py:3089} INFO - Sync 1 DAGs
[2026-09-19T17:42:58.859+0000] {logging_mixin.py:188} INFO - [2026-09-19T17:42:58.858+0000] {dag.py:3947} INFO - Setting next_dagrun for lcbo_pipeline to None, run_after=None
[2026-09-19T17:42:58.874+0000] {processor.py:183} INFO - Processing /opt/airflow/dags/lcbo_pipeline_dag.py took 0.085 seconds
[2026-09-19T17:43:29.011+0000] {processor.py:161} INFO - Started process (PID=484) to work on /opt/airflow/dags/lcbo_pipeline_dag.py
[2026-09-19T17:43:29.012+0000] {processor.py:830} INFO - Processing file /opt/airflow/dags/lcbo_pipeline_dag.py for tasks to queue
[2026-09-19T17:43:29.014+0000] {logging_mixin.py:188} INFO - [2026-09-19T17:43:29.014+0000] {dagbag.py:545} INFO - Filling up the DagBag from /opt/airflow/dags/lcbo_pipeline_dag.py
[2026-09-19T17:43:29.033+0000] {processor.py:840} INFO - DAG(s) 'lcbo_pipeline' retrieved from /opt/airflow/dags/lcbo_pipeline_dag.py
[2026-09-19T17:43:29.062+0000] {logging_mixin.py:188} INFO - [2026-09-19T17:43:29.062+0000] {dag.py:3089} INFO - Sync 1 DAGs
[2026-09-19T17:43:29.074+0000] {logging_mixin.py:188} INFO - [2026-09-19T17:43:29.074+0000] {dag.py:3947} INFO - Setting next_dagrun for lcbo_pipeline to None, run_after=None
[2026-09-19T17:43:29.091+0000] {processor.py:183} INFO - Processing /opt/airflow/dags/lcbo_pipeline_dag.py took 0.084 seconds
[2026-09-19T17:43:59.279+0000] {processor.py:161} INFO - Started process (PID=495) to work on /opt/airflow/dags/lcbo_pipeline_dag.py
[2026-09-19T17:43:59.280+0000] {processor.py:830} INFO - Processing file /opt/airflow/dags/lcbo_pipeline_dag.py for tasks to queue
[2026-09-19T17:43:59.282+0000] {logging_mixin.py:188} INFO - [2026-09-19T17:43:59.282+0000] {dagbag.py:545} INFO - Filling up the DagBag from /opt/airflow/dags/lcbo_pipeline_dag.py
[2026-09-19T17:43:59.302+0000] {processor.py:840} INFO - DAG(s) 'lcbo_pipeline' retrieved from /opt/airflow/dags/lcbo_pipeline_dag.py
[2026-09-19T17:43:59.328+0000] {logging_mixin.py:188} INFO - [2026-09-19T17:43:59.328+0000] {dag.py:3089} INFO - Sync 1 DAGs
[2026-09-19T17:43:59.341+0000] {logging_mixin.py:188} INFO - [2026-09-19T17:43:59.341+0000] {dag.py:3947} INFO - Setting next_dagrun for lcbo_pipeline to None, run_after=None
[2026-09-19T17:43:59.363+0000] {processor.py:183} INFO - Processing /opt/airflow/dags/lcbo_pipeline_dag.py took 0.090 seconds
[2026-09-19T17:44:29.496+0000] {processor.py:161} INFO - Started process (PID=506) to work on /opt/airflow/dags/lcbo_pipeline_dag.py
[2026-09-19T17:44:29.498+0000] {processor.py:830} INFO - Processing file /opt/airflow/dags/lcbo_pipeline_dag.py for tasks to queue
[2026-09-19T17:44:29.500+0000] {logging_mixin.py:188} INFO - [2026-09-19T17:44:29.499+0000] {dagbag.py:545} INFO - Filling up the DagBag from /opt/airflow/dags/lcbo_pipeline_dag.py
[2026-09-19T17:44:29.517+0000] {processor.py:840} INFO - DAG(s) 'lcbo_pipeline' retrieved from /opt/airflow/dags/lcbo_pipeline_dag.py
[2026-09-19T17:44:29.541+0000] {logging_mixin.py:188} INFO - [2026-09-19T17:44:29.541+0000] {dag.py:3089} INFO - Sync 1 DAGs
[2026-09-19T17:44:29.551+0000] {logging_mixin.py:188} INFO - [2026-09-19T17:44:29.551+0000] {dag.py:3947} INFO - Setting next_dagrun for lcbo_pipeline to None, run_after=None
[2026-09-19T17:44:29.567+0000] {processor.py:183} INFO - Processing /opt/airflow/dags/lcbo_pipeline_dag.py took 0.074 seconds
[2026-09-19T17:44:59.731+0000] {processor.py:161} INFO - Started process (PID=517) to work on /opt/airflow/dags/lcbo_pipeline_dag.py
[2026-09-19T17:44:59.732+0000] {processor.py:830} INFO - Processing file /opt/airflow/dags/lcbo_pipeline_dag.py for tasks to queue
[2026-09-19T17:44:59.734+0000] {logging_mixin.py:188} INFO - [2026-09-19T17:44:59.734+0000] {dagbag.py:545} INFO - Filling up the DagBag from /opt/airflow/dags/lcbo_pipeline_dag.py
[2026-09-19T17:44:59.751+0000] {processor.py:840} INFO - DAG(s) 'lcbo_pipeline' retrieved from /opt/airflow/dags/lcbo_pipeline_dag.py
[2026-09-19T17:44:59.775+0000] {logging_mixin.py:188} INFO - [2026-09-19T17:44:59.775+0000] {dag.py:3089} INFO - Sync 1 DAGs
[2026-09-19T17:44:59.784+0000] {logging_mixin.py:188} INFO - [2026-09-19T17:44:59.783+0000] {dag.py:3947} INFO - Setting next_dagrun for lcbo_pipeline to None, run_after=None
[2026-09-19T17:44:59.800+0000] {processor.py:183} INFO - Processing /opt/airflow/dags/lcbo_pipeline_dag.py took 0.073 seconds
[2026-09-19T17:45:29.983+0000] {processor.py:161} INFO - Started process (PID=528) to work on /opt/airflow/dags/lcbo_pipeline_dag.py
[2026-09-19T17:45:29.985+0000] {processor.py:830} INFO - Processing file /opt/airflow/dags/lcbo_pipeline_dag.py for tasks to queue
[2026-09-19T17:45:29.986+0000] {logging_mixin.py:188} INFO - [2026-09-19T17:45:29.986+0000] {dagbag.py:545} INFO - Filling up the DagBag from /opt/airflow/dags/lcbo_pipeline_dag.py
[2026-09-19T17:45:30.003+0000] {processor.py:840} INFO - DAG(s) 'lcbo_pipeline' retrieved from /opt/airflow/dags/lcbo_pipeline_dag.py
[2026-09-19T17:45:30.026+0000] {logging_mixin.py:188} INFO - [2026-09-19T17:45:30.026+0000] {dag.py:3089} INFO - Sync 1 DAGs
[2026-09-19T17:45:30.036+0000] {logging_mixin.py:188} INFO - [2026-09-19T17:45:30.036+0000] {dag.py:3947} INFO - Setting next_dagrun for lcbo_pipeline to None, run_after=None
[2026-09-19T17:45:30.050+0000] {processor.py:183} INFO - Processing /opt/airflow/dags/lcbo_pipeline_dag.py took 0.071 seconds
[2026-09-19T17:46:00.193+0000] {processor.py:161} INFO - Started process (PID=539) to work on /opt/airflow/dags/lcbo_pipeline_dag.py
[2026-09-19T17:46:00.194+0000] {processor.py:830} INFO - Processing file /opt/airflow/dags/lcbo_pipeline_dag.py for tasks to queue
[2026-09-19T17:46:00.195+0000] {logging_mixin.py:188} INFO - [2026-09-19T17:46:00.195+0000] {dagbag.py:545} INFO - Filling up the DagBag from /opt/airflow/dags/lcbo_pipeline_dag.py
[2026-09-19T17:46:00.212+0000] {processor.py:840} INFO - DAG(s) 'lcbo_pipeline' retrieved from /opt/airflow/dags/lcbo_pipeline_dag.py
[2026-09-19T17:46:00.238+0000] {logging_mixin.py:188} INFO - [2026-09-19T17:46:00.238+0000] {dag.py:3089} INFO - Sync 1 DAGs
[2026-09-19T17:46:00.247+0000] {logging_mixin.py:188} INFO - [2026-09-19T17:46:00.247+0000] {dag.py:3947} INFO - Setting next_dagrun for lcbo_pipeline to None, run_after=None
[2026-09-19T17:46:00.264+0000] {processor.py:183} INFO - Processing /opt/airflow/dags/lcbo_pipeline_dag.py took 0.075 seconds
[2026-09-19T17:46:30.432+0000] {processor.py:161} INFO - Started process (PID=550) to work on /opt/airflow/dags/lcbo_pipeline_dag.py
[2026-09-19T17:46:30.434+0000] {processor.py:830} INFO - Processing file /opt/airflow/dags/lcbo_pipeline_dag.py for tasks to queue
[2026-09-19T17:46:30.436+0000] {logging_mixin.py:188} INFO - [2026-09-19T17:46:30.436+0000] {dagbag.py:545} INFO - Filling up the DagBag from /opt/airflow/dags/lcbo_pipeline_dag.py
[2026-09-19T17:46:30.459+0000] {processor.py:840} INFO - DAG(s) 'lcbo_pipeline' retrieved from /opt/airflow/dags/lcbo_pipeline_dag.py
[2026-09-19T17:46:30.492+0000] {logging_mixin.py:188} INFO - [2026-09-19T17:46:30.491+0000] {dag.py:3089} INFO - Sync 1 DAGs
[2026-09-19T17:46:30.502+0000] {logging_mixin.py:188} INFO - [2026-09-19T17:46:30.501+0000] {dag.py:3947} INFO - Setting next_dagrun for lcbo_pipeline to None, run_after=None
[2026-09-19T17:46:30.520+0000] {processor.py:183} INFO - Processing /opt/airflow/dags/lcbo_pipeline_dag.py took 0.093 seconds
[2026-09-19T17:47:00.643+0000] {processor.py:161} INFO - Started process (PID=561) to work on /opt/airflow/dags/lcbo_pipeline_dag.py
[2026-09-19T17:47:00.644+0000] {processor.py:830} INFO - Processing file /opt/airflow/dags/lcbo_pipeline_dag.py for tasks to queue
[2026-09-19T17:47:00.646+0000] {logging_mixin.py:188} INFO - [2026-09-19T17:47:00.646+0000] {dagbag.py:545} INFO - Filling up the DagBag from /opt/airflow/dags/lcbo_pipeline_dag.py
[2026-09-19T17:47:00.662+0000] {processor.py:840} INFO - DAG(s) 'lcbo_pipeline' retrieved from /opt/airflow/dags/lcbo_pipeline_dag.py
[2026-09-19T17:47:00.685+0000] {logging_mixin.py:188} INFO - [2026-09-19T17:47:00.685+0000] {dag.py:3089} INFO - Sync 1 DAGs
[2026-09-19T17:47:00.695+0000] {logging_mixin.py:188} INFO - [2026-09-19T17:47:00.695+0000] {dag.py:3947} INFO - Setting next_dagrun for lcbo_pipeline to None, run_after=None
[2026-09-19T17:47:00.714+0000] {processor.py:183} INFO - Processing /opt/airflow/dags/lcbo_pipeline_dag.py took 0.074 seconds
[2026-09-19T17:47:30.911+0000] {processor.py:161} INFO - Started process (PID=572) to work on /opt/airflow/dags/lcbo_pipeline_dag.py
[2026-09-19T17:47:30.912+0000] {processor.py:830} INFO - Processing file /opt/airflow/dags/lcbo_pipeline_dag.py for tasks to queue
[2026-09-19T17:47:30.914+0000] {logging_mixin.py:188} INFO - [2026-09-19T17:47:30.914+0000] {dagbag.py:545} INFO - Filling up the DagBag from /opt/airflow/dags/lcbo_pipeline_dag.py
[2026-09-19T17:47:30.930+0000] {processor.py:840} INFO - DAG(s) 'lcbo_pipeline' retrieved from /opt/airflow/dags/lcbo_pipeline_dag.py
[2026-09-19T17:47:30.954+0000] {logging_mixin.py:188} INFO - [2026-09-19T17:47:30.954+0000] {dag.py:3089} INFO - Sync 1 DAGs
[2026-09-19T17:47:30.965+0000] {logging_mixin.py:188} INFO - [2026-09-19T17:47:30.965+0000] {dag.py:3947} INFO - Setting next_dagrun for lcbo_pipeline to None, run_after=None
[2026-09-19T17:47:30.979+0000] {processor.py:183} INFO - Processing /opt/airflow/dags/lcbo_pipeline_dag.py took 0.072 seconds
[2026-09-19T17:48:01.117+0000] {processor.py:161} INFO - Started process (PID=584) to work on /opt/airflow/dags/lcbo_pipeline_dag.py
[2026-09-19T17:48:01.118+0000] {processor.py:830} INFO - Processing file /opt/airflow/dags/lcbo_pipeline_dag.py for tasks to queue
[2026-09-19T17:48:01.120+0000] {logging_mixin.py:188} INFO - [2026-09-19T17:48:01.120+0000] {dagbag.py:545} INFO - Filling up the DagBag from /opt/airflow/dags/lcbo_pipeline_dag.py
[2026-09-19T17:48:01.137+0000] {processor.py:840} INFO - DAG(s) 'lcbo_pipeline' retrieved from /opt/airflow/dags/lcbo_pipeline_dag.py
[2026-09-19T17:48:01.161+0000] {logging_mixin.py:188} INFO - [2026-09-19T17:48:01.161+0000] {dag.py:3089} INFO - Sync 1 DAGs
[2026-09-19T17:48:01.171+0000] {logging_mixin.py:188} INFO - [2026-09-19T17:48:01.171+0000] {dag.py:3947} INFO - Setting next_dagrun for lcbo_pipeline to None, run_after=None
[2026-09-19T17:48:01.188+0000] {processor.py:183} INFO - Processing /opt/airflow/dags/lcbo_pipeline_dag.py took 0.074 seconds
[2026-09-19T17:48:31.363+0000] {processor.py:161} INFO - Started process (PID=595) to work on /opt/airflow/dags/lcbo_pipeline_dag.py
[2026-09-19T17:48:31.364+0000] {processor.py:830} INFO - Processing file /opt/airflow/dags/lcbo_pipeline_dag.py for tasks to queue
[2026-09-19T17:48:31.365+0000] {logging_mixin.py:188} INFO - [2026-09-19T17:48:31.365+0000] {dagbag.py:545} INFO - Filling up the DagBag from /opt/airflow/dags/lcbo_pipeline_dag.py
[2026-09-19T17:48:31.382+0000] {processor.py:840} INFO - DAG(s) 'lcbo_pipeline' retrieved from /opt/airflow/dags/lcbo_pipeline_dag.py
[2026-09-19T17:48:31.405+0000] {logging_mixin.py:188} INFO - [2026-09-19T17:48:31.405+0000] {dag.py:3089} INFO - Sync 1 DAGs
[2026-09-19T17:48:31.417+0000] {logging_mixin.py:188} INFO - [2026-09-19T17:48:31.416+0000] {dag.py:3947} INFO - Setting next_dagrun for lcbo_pipeline to None, run_after=None
[2026-09-19T17:48:31.435+0000] {processor.py:183} INFO - Processing /opt/airflow/dags/lcbo_pipeline_dag.py took 0.076 seconds
[2026-09-19T17:49:01.560+0000] {processor.py:161} INFO - Started process (PID=606) to work on /opt/airflow/dags/lcbo_pipeline_dag.py
[2026-09-19T17:49:01.561+0000] {processor.py:830} INFO - Processing file /opt/airflow/dags/lcbo_pipeline_dag.py for tasks to queue
[2026-09-19T17:49:01.563+0000] {logging_mixin.py:188} INFO - [2026-09-19T17:49:01.563+0000] {dagbag.py:545} INFO - Filling up the DagBag from /opt/airflow/dags/lcbo_pipeline_dag.py
[2026-09-19T17:49:01.580+0000] {processor.py:840} INFO - DAG(s) 'lcbo_pipeline' retrieved from /opt/airflow/dags/lcbo_pipeline_dag.py
[2026-09-19T17:49:01.604+0000] {logging_mixin.py:188} INFO - [2026-09-19T17:49:01.603+0000] {dag.py:3089} INFO - Sync 1 DAGs
[2026-09-19T17:49:01.612+0000] {logging_mixin.py:188} INFO - [2026-09-19T17:49:01.612+0000] {dag.py:3947} INFO - Setting next_dagrun for lcbo_pipeline to None, run_after=None
[2026-09-19T17:49:01.626+0000] {processor.py:183} INFO - Processing /opt/airflow/dags/lcbo_pipeline_dag.py took 0.070 seconds
[2026-09-19T17:49:31.832+0000] {processor.py:161} INFO - Started process (PID=617) to work on /opt/airflow/dags/lcbo_pipeline_dag.py
[2026-09-19T17:49:31.833+0000] {processor.py:830} INFO - Processing file /opt/airflow/dags/lcbo_pipeline_dag.py for tasks to queue
[2026-09-19T17:49:31.835+0000] {logging_mixin.py:188} INFO - [2026-09-19T17:49:31.835+0000] {dagbag.py:545} INFO - Filling up the DagBag from /opt/airflow/dags/lcbo_pipeline_dag.py
[2026-09-19T17:49:31.851+0000] {processor.py:840} INFO - DAG(s) 'lcbo_pipeline' retrieved from /opt/airflow/dags/lcbo_pipeline_dag.py
[2026-09-19T17:49:31.875+0000] {logging_mixin.py:188} INFO - [2026-09-19T17:49:31.875+0000] {dag.py:3089} INFO - Sync 1 DAGs
[2026-09-19T17:49:31.885+0000] {logging_mixin.py:188} INFO - [2026-09-19T17:49:31.885+0000] {dag.py:3947} INFO - Setting next_dagrun for lcbo_pipeline to None, run_after=None
[2026-09-19T17:49:31.900+0000] {processor.py:183} INFO - Processing /opt/airflow/dags/lcbo_pipeline_dag.py took 0.072 seconds
[2026-09-19T17:50:02.043+0000] {processor.py:161} INFO - Started process (PID=628) to work on /opt/airflow/dags/lcbo_pipeline_dag.py
[2026-09-19T17:50:02.044+0000] {processor.py:830} INFO - Processing file /opt/airflow/dags/lcbo_pipeline_dag.py for tasks to queue
[2026-09-19T17:50:02.046+0000] {logging_mixin.py:188} INFO - [2026-09-19T17:50:02.045+0000] {dagbag.py:545} INFO - Filling up the DagBag from /opt/airflow/dags/lcbo_pipeline_dag.py
[2026-09-19T17:50:02.063+0000] {processor.py:840} INFO - DAG(s) 'lcbo_pipeline' retrieved from /opt/airflow/dags/lcbo_pipeline_dag.py
[2026-09-19T17:50:02.088+0000] {logging_mixin.py:188} INFO - [2026-09-19T17:50:02.087+0000] {dag.py:3089} INFO - Sync 1 DAGs
[2026-09-19T17:50:02.097+0000] {logging_mixin.py:188} INFO - [2026-09-19T17:50:02.097+0000] {dag.py:3947} INFO - Setting next_dagrun for lcbo_pipeline to None, run_after=None
[2026-09-19T17:50:02.111+0000] {processor.py:183} INFO - Processing /opt/airflow/dags/lcbo_pipeline_dag.py took 0.073 seconds
[2026-09-19T17:50:32.321+0000] {processor.py:161} INFO - Started process (PID=640) to work on /opt/airflow/dags/lcbo_pipeline_dag.py
[2026-09-19T17:50:32.322+0000] {processor.py:830} INFO - Processing file /opt/airflow/dags/lcbo_pipeline_dag.py for tasks to queue
[2026-09-19T17:50:32.324+0000] {logging_mixin.py:188} INFO - [2026-09-19T17:50:32.323+0000] {dagbag.py:545} INFO - Filling up the DagBag from /opt/airflow/dags/lcbo_pipeline_dag.py
[2026-09-19T17:50:32.341+0000] {processor.py:840} INFO - DAG(s) 'lcbo_pipeline' retrieved from /opt/airflow/dags/lcbo_pipeline_dag.py
[2026-09-19T17:50:32.363+0000] {logging_mixin.py:188} INFO - [2026-09-19T17:50:32.363+0000] {dag.py:3089} INFO - Sync 1 DAGs
[2026-09-19T17:50:32.373+0000] {logging_mixin.py:188} INFO - [2026-09-19T17:50:32.372+0000] {dag.py:3947} INFO - Setting next_dagrun for lcbo_pipeline to None, run_after=None
[2026-09-19T17:50:32.390+0000] {processor.py:183} INFO - Processing /opt/airflow/dags/lcbo_pipeline_dag.py took 0.073 seconds
[2026-09-19T17:51:02.536+0000] {processor.py:161} INFO - Started process (PID=651) to work on /opt/airflow/dags/lcbo_pipeline_dag.py
[2026-09-19T17:51:02.538+0000] {processor.py:830} INFO - Processing file /opt/airflow/dags/lcbo_pipeline_dag.py for tasks to queue
[2026-09-19T17:51:02.539+0000] {logging_mixin.py:188} INFO - [2026-09-19T17:51:02.539+0000] {dagbag.py:545} INFO - Filling up the DagBag from /opt/airflow/dags/lcbo_pipeline_dag.py
[2026-09-19T17:51:02.557+0000] {processor.py:840} INFO - DAG(s) 'lcbo_pipeline' retrieved from /opt/airflow/dags/lcbo_pipeline_dag.py
[2026-09-19T17:51:02.578+0000] {logging_mixin.py:188} INFO - [2026-09-19T17:51:02.578+0000] {dag.py:3089} INFO - Sync 1 DAGs
[2026-09-19T17:51:02.587+0000] {logging_mixin.py:188} INFO - [2026-09-19T17:51:02.587+0000] {dag.py:3947} INFO - Setting next_dagrun for lcbo_pipeline to None, run_after=None
[2026-09-19T17:51:02.601+0000] {processor.py:183} INFO - Processing /opt/airflow/dags/lcbo_pipeline_dag.py took 0.068 seconds
[2026-09-19T17:51:32.796+0000] {processor.py:161} INFO - Started process (PID=662) to work on /opt/airflow/dags/lcbo_pipeline_dag.py
[2026-09-19T17:51:32.798+0000] {processor.py:830} INFO - Processing file /opt/airflow/dags/lcbo_pipeline_dag.py for tasks to queue
[2026-09-19T17:51:32.800+0000] {logging_mixin.py:188} INFO - [2026-09-19T17:51:32.799+0000] {dagbag.py:545} INFO - Filling up the DagBag from /opt/airflow/dags/lcbo_pipeline_dag.py
[2026-09-19T17:51:32.816+0000] {processor.py:840} INFO - DAG(s) 'lcbo_pipeline' retrieved from /opt/airflow/dags/lcbo_pipeline_dag.py
[2026-09-19T17:51:32.839+0000] {logging_mixin.py:188} INFO - [2026-09-19T17:51:32.839+0000] {dag.py:3089} INFO - Sync 1 DAGs
[2026-09-19T17:51:32.849+0000] {logging_mixin.py:188} INFO - [2026-09-19T17:51:32.848+0000] {dag.py:3947} INFO - Setting next_dagrun for lcbo_pipeline to None, run_after=None
[2026-09-19T17:51:32.863+0000] {processor.py:183} INFO - Processing /opt/airflow/dags/lcbo_pipeline_dag.py took 0.071 seconds
[2026-09-19T17:52:03.010+0000] {processor.py:161} INFO - Started process (PID=673) to work on /opt/airflow/dags/lcbo_pipeline_dag.py
[2026-09-19T17:52:03.011+0000] {processor.py:830} INFO - Processing file /opt/airflow/dags/lcbo_pipeline_dag.py for tasks to queue
[2026-09-19T17:52:03.012+0000] {logging_mixin.py:188} INFO - [2026-09-19T17:52:03.012+0000] {dagbag.py:545} INFO - Filling up the DagBag from /opt/airflow/dags/lcbo_pipeline_dag.py
[2026-09-19T17:52:03.028+0000] {processor.py:840} INFO - DAG(s) 'lcbo_pipeline' retrieved from /opt/airflow/dags/lcbo_pipeline_dag.py
[2026-09-19T17:52:03.050+0000] {logging_mixin.py:188} INFO - [2026-09-19T17:52:03.050+0000] {dag.py:3089} INFO - Sync 1 DAGs
[2026-09-19T17:52:03.061+0000] {logging_mixin.py:188} INFO - [2026-09-19T17:52:03.060+0000] {dag.py:3947} INFO - Setting next_dagrun for lcbo_pipeline to None, run_after=None
[2026-09-19T17:52:03.079+0000] {processor.py:183} INFO - Processing /opt/airflow/dags/lcbo_pipeline_dag.py took 0.073 seconds
[2026-09-19T17:52:33.247+0000] {processor.py:161} INFO - Started process (PID=684) to work on /opt/airflow/dags/lcbo_pipeline_dag.py
[2026-09-19T17:52:33.249+0000] {processor.py:830} INFO - Processing file /opt/airflow/dags/lcbo_pipeline_dag.py for tasks to queue
[2026-09-19T17:52:33.250+0000] {logging_mixin.py:188} INFO - [2026-09-19T17:52:33.250+0000] {dagbag.py:545} INFO - Filling up the DagBag from /opt/airflow/dags/lcbo_pipeline_dag.py
[2026-09-19T17:52:33.266+0000] {processor.py:840} INFO - DAG(s) 'lcbo_pipeline' retrieved from /opt/airflow/dags/lcbo_pipeline_dag.py
[2026-09-19T17:52:33.289+0000] {logging_mixin.py:188} INFO - [2026-09-19T17:52:33.289+0000] {dag.py:3089} INFO - Sync 1 DAGs
[2026-09-19T17:52:33.298+0000] {logging_mixin.py:188} INFO - [2026-09-19T17:52:33.298+0000] {dag.py:3947} INFO - Setting next_dagrun for lcbo_pipeline to None, run_after=None
[2026-09-19T17:52:33.313+0000] {processor.py:183} INFO - Processing /opt/airflow/dags/lcbo_pipeline_dag.py took 0.070 seconds
[2026-09-19T17:53:03.479+0000] {processor.py:161} INFO - Started process (PID=695) to work on /opt/airflow/dags/lcbo_pipeline_dag.py
[2026-09-19T17:53:03.480+0000] {processor.py:830} INFO - Processing file /opt/airflow/dags/lcbo_pipeline_dag.py for tasks to queue
[2026-09-19T17:53:03.481+0000] {logging_mixin.py:188} INFO - [2026-09-19T17:53:03.481+0000] {dagbag.py:545} INFO - Filling up the DagBag from /opt/airflow/dags/lcbo_pipeline_dag.py
[2026-09-19T17:53:03.498+0000] {processor.py:840} INFO - DAG(s) 'lcbo_pipeline' retrieved from /opt/airflow/dags/lcbo_pipeline_dag.py
[2026-09-19T17:53:03.521+0000] {logging_mixin.py:188} INFO - [2026-09-19T17:53:03.521+0000] {dag.py:3089} INFO - Sync 1 DAGs
[2026-09-19T17:53:03.530+0000] {logging_mixin.py:188} INFO - [2026-09-19T17:53:03.530+0000] {dag.py:3947} INFO - Setting next_dagrun for lcbo_pipeline to None, run_after=None
[2026-09-19T17:53:03.545+0000] {processor.py:183} INFO - Processing /opt/airflow/dags/lcbo_pipeline_dag.py took 0.070 seconds
[2026-09-19T17:53:33.707+0000] {processor.py:161} INFO - Started process (PID=706) to work on /opt/airflow/dags/lcbo_pipeline_dag.py
[2026-09-19T17:53:33.708+0000] {processor.py:830} INFO - Processing file /opt/airflow/dags/lcbo_pipeline_dag.py for tasks to queue
[2026-09-19T17:53:33.710+0000] {logging_mixin.py:188} INFO - [2026-09-19T17:53:33.709+0000] {dagbag.py:545} INFO - Filling up the DagBag from /opt/airflow/dags/lcbo_pipeline_dag.py
[2026-09-19T17:53:33.727+0000] {processor.py:840} INFO - DAG(s) 'lcbo_pipeline' retrieved from /opt/airflow/dags/lcbo_pipeline_dag.py
[2026-09-19T17:53:33.748+0000] {logging_mixin.py:188} INFO - [2026-09-19T17:53:33.748+0000] {dag.py:3089} INFO - Sync 1 DAGs
[2026-09-19T17:53:33.758+0000] {logging_mixin.py:188} INFO - [2026-09-19T17:53:33.758+0000] {dag.py:3947} INFO - Setting next_dagrun for lcbo_pipeline to None, run_after=None
[2026-09-19T17:53:33.775+0000] {processor.py:183} INFO - Processing /opt/airflow/dags/lcbo_pipeline_dag.py took 0.073 seconds
[2026-09-19T17:54:03.945+0000] {processor.py:161} INFO - Started process (PID=717) to work on /opt/airflow/dags/lcbo_pipeline_dag.py
[2026-09-19T17:54:03.946+0000] {processor.py:830} INFO - Processing file /opt/airflow/dags/lcbo_pipeline_dag.py for tasks to queue
[2026-09-19T17:54:03.947+0000] {logging_mixin.py:188} INFO - [2026-09-19T17:54:03.947+0000] {dagbag.py:545} INFO - Filling up the DagBag from /opt/airflow/dags/lcbo_pipeline_dag.py
[2026-09-19T17:54:03.965+0000] {processor.py:840} INFO - DAG(s) 'lcbo_pipeline' retrieved from /opt/airflow/dags/lcbo_pipeline_dag.py
[2026-09-19T17:54:03.988+0000] {logging_mixin.py:188} INFO - [2026-09-19T17:54:03.988+0000] {dag.py:3089} INFO - Sync 1 DAGs
[2026-09-19T17:54:03.997+0000] {logging_mixin.py:188} INFO - [2026-09-19T17:54:03.997+0000] {dag.py:3947} INFO - Setting next_dagrun for lcbo_pipeline to None, run_after=None
[2026-09-19T17:54:04.012+0000] {processor.py:183} INFO - Processing /opt/airflow/dags/lcbo_pipeline_dag.py took 0.071 seconds
[2026-09-19T17:54:34.156+0000] {processor.py:161} INFO - Started process (PID=728) to work on /opt/airflow/dags/lcbo_pipeline_dag.py
[2026-09-19T17:54:34.157+0000] {processor.py:830} INFO - Processing file /opt/airflow/dags/lcbo_pipeline_dag.py for tasks to queue
[2026-09-19T17:54:34.159+0000] {logging_mixin.py:188} INFO - [2026-09-19T17:54:34.159+0000] {dagbag.py:545} INFO - Filling up the DagBag from /opt/airflow/dags/lcbo_pipeline_dag.py
[2026-09-19T17:54:34.175+0000] {processor.py:840} INFO - DAG(s) 'lcbo_pipeline' retrieved from /opt/airflow/dags/lcbo_pipeline_dag.py
[2026-09-19T17:54:34.197+0000] {logging_mixin.py:188} INFO - [2026-09-19T17:54:34.196+0000] {dag.py:3089} INFO - Sync 1 DAGs
[2026-09-19T17:54:34.205+0000] {logging_mixin.py:188} INFO - [2026-09-19T17:54:34.205+0000] {dag.py:3947} INFO - Setting next_dagrun for lcbo_pipeline to None, run_after=None
[2026-09-19T17:54:34.219+0000] {processor.py:183} INFO - Processing /opt/airflow/dags/lcbo_pipeline_dag.py took 0.067 seconds
[2026-09-19T17:55:04.393+0000] {processor.py:161} INFO - Started process (PID=739) to work on /opt/airflow/dags/lcbo_pipeline_dag.py
[2026-09-19T17:55:04.394+0000] {processor.py:830} INFO - Processing file /opt/airflow/dags/lcbo_pipeline_dag.py for tasks to queue
[2026-09-19T17:55:04.396+0000] {logging_mixin.py:188} INFO - [2026-09-19T17:55:04.396+0000] {dagbag.py:545} INFO - Filling up the DagBag from /opt/airflow/dags/lcbo_pipeline_dag.py
[2026-09-19T17:55:04.414+0000] {processor.py:840} INFO - DAG(s) 'lcbo_pipeline' retrieved from /opt/airflow/dags/lcbo_pipeline_dag.py
[2026-09-19T17:55:04.439+0000] {logging_mixin.py:188} INFO - [2026-09-19T17:55:04.439+0000] {dag.py:3089} INFO - Sync 1 DAGs
[2026-09-19T17:55:04.449+0000] {logging_mixin.py:188} INFO - [2026-09-19T17:55:04.449+0000] {dag.py:3947} INFO - Setting next_dagrun for lcbo_pipeline to None, run_after=None
[2026-09-19T17:55:04.466+0000] {processor.py:183} INFO - Processing /opt/airflow/dags/lcbo_pipeline_dag.py took 0.077 seconds
[2026-09-19T17:55:34.646+0000] {processor.py:161} INFO - Started process (PID=750) to work on /opt/airflow/dags/lcbo_pipeline_dag.py
[2026-09-19T17:55:34.647+0000] {processor.py:830} INFO - Processing file /opt/airflow/dags/lcbo_pipeline_dag.py for tasks to queue
[2026-09-19T17:55:34.649+0000] {logging_mixin.py:188} INFO - [2026-09-19T17:55:34.649+0000] {dagbag.py:545} INFO - Filling up the DagBag from /opt/airflow/dags/lcbo_pipeline_dag.py
[2026-09-19T17:55:34.667+0000] {processor.py:840} INFO - DAG(s) 'lcbo_pipeline' retrieved from /opt/airflow/dags/lcbo_pipeline_dag.py
[2026-09-19T17:55:34.691+0000] {logging_mixin.py:188} INFO - [2026-09-19T17:55:34.691+0000] {dag.py:3089} INFO - Sync 1 DAGs
[2026-09-19T17:55:34.702+0000] {logging_mixin.py:188} INFO - [2026-09-19T17:55:34.702+0000] {dag.py:3947} INFO - Setting next_dagrun for lcbo_pipeline to None, run_after=None
[2026-09-19T17:55:34.721+0000] {processor.py:183} INFO - Processing /opt/airflow/dags/lcbo_pipeline_dag.py took 0.079 seconds
[2026-09-19T17:56:04.867+0000] {processor.py:161} INFO - Started process (PID=761) to work on /opt/airflow/dags/lcbo_pipeline_dag.py
[2026-09-19T17:56:04.868+0000] {processor.py:830} INFO - Processing file /opt/airflow/dags/lcbo_pipeline_dag.py for tasks to queue
[2026-09-19T17:56:04.870+0000] {logging_mixin.py:188} INFO - [2026-09-19T17:56:04.869+0000] {dagbag.py:545} INFO - Filling up the DagBag from /opt/airflow/dags/lcbo_pipeline_dag.py
[2026-09-19T17:56:04.887+0000] {processor.py:840} INFO - DAG(s) 'lcbo_pipeline' retrieved from /opt/airflow/dags/lcbo_pipeline_dag.py
[2026-09-19T17:56:04.914+0000] {logging_mixin.py:188} INFO - [2026-09-19T17:56:04.914+0000] {dag.py:3089} INFO - Sync 1 DAGs
[2026-09-19T17:56:04.926+0000] {logging_mixin.py:188} INFO - [2026-09-19T17:56:04.926+0000] {dag.py:3947} INFO - Setting next_dagrun for lcbo_pipeline to None, run_after=None
[2026-09-19T17:56:04.943+0000] {processor.py:183} INFO - Processing /opt/airflow/dags/lcbo_pipeline_dag.py took 0.080 seconds
[2026-09-19T17:56:35.127+0000] {processor.py:161} INFO - Started process (PID=772) to work on /opt/airflow/dags/lcbo_pipeline_dag.py
[2026-09-19T17:56:35.128+0000] {processor.py:830} INFO - Processing file /opt/airflow/dags/lcbo_pipeline_dag.py for tasks to queue
[2026-09-19T17:56:35.129+0000] {logging_mixin.py:188} INFO - [2026-09-19T17:56:35.129+0000] {dagbag.py:545} INFO - Filling up the DagBag from /opt/airflow/dags/lcbo_pipeline_dag.py
[2026-09-19T17:56:35.148+0000] {processor.py:840} INFO - DAG(s) 'lcbo_pipeline' retrieved from /opt/airflow/dags/lcbo_pipeline_dag.py
[2026-09-19T17:56:35.172+0000] {logging_mixin.py:188} INFO - [2026-09-19T17:56:35.171+0000] {dag.py:3089} INFO - Sync 1 DAGs
[2026-09-19T17:56:35.182+0000] {logging_mixin.py:188} INFO - [2026-09-19T17:56:35.182+0000] {dag.py:3947} INFO - Setting next_dagrun for lcbo_pipeline to None, run_after=None
[2026-09-19T17:56:35.196+0000] {processor.py:183} INFO - Processing /opt/airflow/dags/lcbo_pipeline_dag.py took 0.073 seconds
[2026-09-19T17:57:05.329+0000] {processor.py:161} INFO - Started process (PID=783) to work on /opt/airflow/dags/lcbo_pipeline_dag.py
[2026-09-19T17:57:05.330+0000] {processor.py:830} INFO - Processing file /opt/airflow/dags/lcbo_pipeline_dag.py for tasks to queue
[2026-09-19T17:57:05.331+0000] {logging_mixin.py:188} INFO - [2026-09-19T17:57:05.331+0000] {dagbag.py:545} INFO - Filling up the DagBag from /opt/airflow/dags/lcbo_pipeline_dag.py
[2026-09-19T17:57:05.352+0000] {processor.py:840} INFO - DAG(s) 'lcbo_pipeline' retrieved from /opt/airflow/dags/lcbo_pipeline_dag.py
[2026-09-19T17:57:05.378+0000] {logging_mixin.py:188} INFO - [2026-09-19T17:57:05.378+0000] {dag.py:3089} INFO - Sync 1 DAGs
[2026-09-19T17:57:05.388+0000] {logging_mixin.py:188} INFO - [2026-09-19T17:57:05.388+0000] {dag.py:3947} INFO - Setting next_dagrun for lcbo_pipeline to None, run_after=None
[2026-09-19T17:57:05.414+0000] {processor.py:183} INFO - Processing /opt/airflow/dags/lcbo_pipeline_dag.py took 0.090 seconds
[2026-09-19T17:57:35.578+0000] {processor.py:161} INFO - Started process (PID=794) to work on /opt/airflow/dags/lcbo_pipeline_dag.py
[2026-09-19T17:57:35.579+0000] {processor.py:830} INFO - Processing file /opt/airflow/dags/lcbo_pipeline_dag.py for tasks to queue
[2026-09-19T17:57:35.581+0000] {logging_mixin.py:188} INFO - [2026-09-19T17:57:35.581+0000] {dagbag.py:545} INFO - Filling up the DagBag from /opt/airflow/dags/lcbo_pipeline_dag.py
[2026-09-19T17:57:35.599+0000] {processor.py:840} INFO - DAG(s) 'lcbo_pipeline' retrieved from /opt/airflow/dags/lcbo_pipeline_dag.py
[2026-09-19T17:57:35.624+0000] {logging_mixin.py:188} INFO - [2026-09-19T17:57:35.624+0000] {dag.py:3089} INFO - Sync 1 DAGs
[2026-09-19T17:57:35.635+0000] {logging_mixin.py:188} INFO - [2026-09-19T17:57:35.635+0000] {dag.py:3947} INFO - Setting next_dagrun for lcbo_pipeline to None, run_after=None
[2026-09-19T17:57:35.654+0000] {processor.py:183} INFO - Processing /opt/airflow/dags/lcbo_pipeline_dag.py took 0.080 seconds
[2026-09-19T17:58:05.811+0000] {processor.py:161} INFO - Started process (PID=805) to work on /opt/airflow/dags/lcbo_pipeline_dag.py
[2026-09-19T17:58:05.812+0000] {processor.py:830} INFO - Processing file /opt/airflow/dags/lcbo_pipeline_dag.py for tasks to queue
[2026-09-19T17:58:05.813+0000] {logging_mixin.py:188} INFO - [2026-09-19T17:58:05.813+0000] {dagbag.py:545} INFO - Filling up the DagBag from /opt/airflow/dags/lcbo_pipeline_dag.py
[2026-09-19T17:58:05.829+0000] {processor.py:840} INFO - DAG(s) 'lcbo_pipeline' retrieved from /opt/airflow/dags/lcbo_pipeline_dag.py
[2026-09-19T17:58:05.851+0000] {logging_mixin.py:188} INFO - [2026-09-19T17:58:05.851+0000] {dag.py:3089} INFO - Sync 1 DAGs
[2026-09-19T17:58:05.860+0000] {logging_mixin.py:188} INFO - [2026-09-19T17:58:05.860+0000] {dag.py:3947} INFO - Setting next_dagrun for lcbo_pipeline to None, run_after=None
[2026-09-19T17:58:05.876+0000] {processor.py:183} INFO - Processing /opt/airflow/dags/lcbo_pipeline_dag.py took 0.069 seconds
[2026-09-19T17:58:36.052+0000] {processor.py:161} INFO - Started process (PID=816) to work on /opt/airflow/dags/lcbo_pipeline_dag.py
[2026-09-19T17:58:36.053+0000] {processor.py:830} INFO - Processing file /opt/airflow/dags/lcbo_pipeline_dag.py for tasks to queue
[2026-09-19T17:58:36.055+0000] {logging_mixin.py:188} INFO - [2026-09-19T17:58:36.055+0000] {dagbag.py:545} INFO - Filling up the DagBag from /opt/airflow/dags/lcbo_pipeline_dag.py
[2026-09-19T17:58:36.072+0000] {processor.py:840} INFO - DAG(s) 'lcbo_pipeline' retrieved from /opt/airflow/dags/lcbo_pipeline_dag.py
[2026-09-19T17:58:36.097+0000] {logging_mixin.py:188} INFO - [2026-09-19T17:58:36.097+0000] {dag.py:3089} INFO - Sync 1 DAGs
[2026-09-19T17:58:36.108+0000] {logging_mixin.py:188} INFO - [2026-09-19T17:58:36.107+0000] {dag.py:3947} INFO - Setting next_dagrun for lcbo_pipeline to None, run_after=None
[2026-09-19T17:58:36.125+0000] {processor.py:183} INFO - Processing /opt/airflow/dags/lcbo_pipeline_dag.py took 0.077 seconds
[2026-09-19T17:59:06.278+0000] {processor.py:161} INFO - Started process (PID=827) to work on /opt/airflow/dags/lcbo_pipeline_dag.py
[2026-09-19T17:59:06.280+0000] {processor.py:830} INFO - Processing file /opt/airflow/dags/lcbo_pipeline_dag.py for tasks to queue
[2026-09-19T17:59:06.281+0000] {logging_mixin.py:188} INFO - [2026-09-19T17:59:06.281+0000] {dagbag.py:545} INFO - Filling up the DagBag from /opt/airflow/dags/lcbo_pipeline_dag.py
[2026-09-19T17:59:06.299+0000] {processor.py:840} INFO - DAG(s) 'lcbo_pipeline' retrieved from /opt/airflow/dags/lcbo_pipeline_dag.py
[2026-09-19T17:59:06.324+0000] {logging_mixin.py:188} INFO - [2026-09-19T17:59:06.324+0000] {dag.py:3089} INFO - Sync 1 DAGs
[2026-09-19T17:59:06.334+0000] {logging_mixin.py:188} INFO - [2026-09-19T17:59:06.334+0000] {dag.py:3947} INFO - Setting next_dagrun for lcbo_pipeline to None, run_after=None
[2026-09-19T17:59:06.351+0000] {processor.py:183} INFO - Processing /opt/airflow/dags/lcbo_pipeline_dag.py took 0.076 seconds
[2026-09-19T17:59:36.536+0000] {processor.py:161} INFO - Started process (PID=838) to work on /opt/airflow/dags/lcbo_pipeline_dag.py
[2026-09-19T17:59:36.537+0000] {processor.py:830} INFO - Processing file /opt/airflow/dags/lcbo_pipeline_dag.py for tasks to queue
[2026-09-19T17:59:36.539+0000] {logging_mixin.py:188} INFO - [2026-09-19T17:59:36.539+0000] {dagbag.py:545} INFO - Filling up the DagBag from /opt/airflow/dags/lcbo_pipeline_dag.py
[2026-09-19T17:59:36.555+0000] {processor.py:840} INFO - DAG(s) 'lcbo_pipeline' retrieved from /opt/airflow/dags/lcbo_pipeline_dag.py
[2026-09-19T17:59:36.578+0000] {logging_mixin.py:188} INFO - [2026-09-19T17:59:36.578+0000] {dag.py:3089} INFO - Sync 1 DAGs
[2026-09-19T17:59:36.588+0000] {logging_mixin.py:188} INFO - [2026-09-19T17:59:36.587+0000] {dag.py:3947} INFO - Setting next_dagrun for lcbo_pipeline to None, run_after=None
[2026-09-19T17:59:36.604+0000] {processor.py:183} INFO - Processing /opt/airflow/dags/lcbo_pipeline_dag.py took 0.072 seconds
[2026-09-19T18:00:06.743+0000] {processor.py:161} INFO - Started process (PID=849) to work on /opt/airflow/dags/lcbo_pipeline_dag.py
[2026-09-19T18:00:06.744+0000] {processor.py:830} INFO - Processing file /opt/airflow/dags/lcbo_pipeline_dag.py for tasks to queue
[2026-09-19T18:00:06.746+0000] {logging_mixin.py:188} INFO - [2026-09-19T18:00:06.746+0000] {dagbag.py:545} INFO - Filling up the DagBag from /opt/airflow/dags/lcbo_pipeline_dag.py
[2026-09-19T18:00:06.764+0000] {processor.py:840} INFO - DAG(s) 'lcbo_pipeline' retrieved from /opt/airflow/dags/lcbo_pipeline_dag.py
[2026-09-19T18:00:06.789+0000] {logging_mixin.py:188} INFO - [2026-09-19T18:00:06.788+0000] {dag.py:3089} INFO - Sync 1 DAGs
[2026-09-19T18:00:06.799+0000] {logging_mixin.py:188} INFO - [2026-09-19T18:00:06.799+0000] {dag.py:3947} INFO - Setting next_dagrun for lcbo_pipeline to None, run_after=None
[2026-09-19T18:00:06.815+0000] {processor.py:183} INFO - Processing /opt/airflow/dags/lcbo_pipeline_dag.py took 0.076 seconds
[2026-09-19T18:00:37.032+0000] {processor.py:161} INFO - Started process (PID=860) to work on /opt/airflow/dags/lcbo_pipeline_dag.py
[2026-09-19T18:00:37.033+0000] {processor.py:830} INFO - Processing file /opt/airflow/dags/lcbo_pipeline_dag.py for tasks to queue
[2026-09-19T18:00:37.035+0000] {logging_mixin.py:188} INFO - [2026-09-19T18:00:37.035+0000] {dagbag.py:545} INFO - Filling up the DagBag from /opt/airflow/dags/lcbo_pipeline_dag.py
[2026-09-19T18:00:37.053+0000] {processor.py:840} INFO - DAG(s) 'lcbo_pipeline' retrieved from /opt/airflow/dags/lcbo_pipeline_dag.py
[2026-09-19T18:00:37.076+0000] {logging_mixin.py:188} INFO - [2026-09-19T18:00:37.075+0000] {dag.py:3089} INFO - Sync 1 DAGs
[2026-09-19T18:00:37.085+0000] {logging_mixin.py:188} INFO - [2026-09-19T18:00:37.085+0000] {dag.py:3947} INFO - Setting next_dagrun for lcbo_pipeline to None, run_after=None
[2026-09-19T18:00:37.103+0000] {processor.py:183} INFO - Processing /opt/airflow/dags/lcbo_pipeline_dag.py took 0.075 seconds
[2026-09-19T18:01:07.242+0000] {processor.py:161} INFO - Started process (PID=871) to work on /opt/airflow/dags/lcbo_pipeline_dag.py
[2026-09-19T18:01:07.244+0000] {processor.py:830} INFO - Processing file /opt/airflow/dags/lcbo_pipeline_dag.py for tasks to queue
[2026-09-19T18:01:07.246+0000] {logging_mixin.py:188} INFO - [2026-09-19T18:01:07.246+0000] {dagbag.py:545} INFO - Filling up the DagBag from /opt/airflow/dags/lcbo_pipeline_dag.py
[2026-09-19T18:01:07.264+0000] {processor.py:840} INFO - DAG(s) 'lcbo_pipeline' retrieved from /opt/airflow/dags/lcbo_pipeline_dag.py
[2026-09-19T18:01:07.290+0000] {logging_mixin.py:188} INFO - [2026-09-19T18:01:07.289+0000] {dag.py:3089} INFO - Sync 1 DAGs
[2026-09-19T18:01:07.300+0000] {logging_mixin.py:188} INFO - [2026-09-19T18:01:07.300+0000] {dag.py:3947} INFO - Setting next_dagrun for lcbo_pipeline to None, run_after=None
[2026-09-19T18:01:07.319+0000] {processor.py:183} INFO - Processing /opt/airflow/dags/lcbo_pipeline_dag.py took 0.080 seconds
[2026-09-19T18:01:37.486+0000] {processor.py:161} INFO - Started process (PID=882) to work on /opt/airflow/dags/lcbo_pipeline_dag.py
[2026-09-19T18:01:37.487+0000] {processor.py:830} INFO - Processing file /opt/airflow/dags/lcbo_pipeline_dag.py for tasks to queue
[2026-09-19T18:01:37.489+0000] {logging_mixin.py:188} INFO - [2026-09-19T18:01:37.489+0000] {dagbag.py:545} INFO - Filling up the DagBag from /opt/airflow/dags/lcbo_pipeline_dag.py
[2026-09-19T18:01:37.512+0000] {processor.py:840} INFO - DAG(s) 'lcbo_pipeline' retrieved from /opt/airflow/dags/lcbo_pipeline_dag.py
[2026-09-19T18:01:37.539+0000] {logging_mixin.py:188} INFO - [2026-09-19T18:01:37.539+0000] {dag.py:3089} INFO - Sync 1 DAGs
[2026-09-19T18:01:37.550+0000] {logging_mixin.py:188} INFO - [2026-09-19T18:01:37.550+0000] {dag.py:3947} INFO - Setting next_dagrun for lcbo_pipeline to None, run_after=None
[2026-09-19T18:01:37.567+0000] {processor.py:183} INFO - Processing /opt/airflow/dags/lcbo_pipeline_dag.py took 0.085 seconds
[2026-09-19T18:02:07.718+0000] {processor.py:161} INFO - Started process (PID=893) to work on /opt/airflow/dags/lcbo_pipeline_dag.py
[2026-09-19T18:02:07.719+0000] {processor.py:830} INFO - Processing file /opt/airflow/dags/lcbo_pipeline_dag.py for tasks to queue
[2026-09-19T18:02:07.721+0000] {logging_mixin.py:188} INFO - [2026-09-19T18:02:07.721+0000] {dagbag.py:545} INFO - Filling up the DagBag from /opt/airflow/dags/lcbo_pipeline_dag.py
[2026-09-19T18:02:07.741+0000] {processor.py:840} INFO - DAG(s) 'lcbo_pipeline' retrieved from /opt/airflow/dags/lcbo_pipeline_dag.py
[2026-09-19T18:02:07.765+0000] {logging_mixin.py:188} INFO - [2026-09-19T18:02:07.765+0000] {dag.py:3089} INFO - Sync 1 DAGs
[2026-09-19T18:02:07.776+0000] {logging_mixin.py:188} INFO - [2026-09-19T18:02:07.776+0000] {dag.py:3947} INFO - Setting next_dagrun for lcbo_pipeline to None, run_after=None
[2026-09-19T18:02:07.794+0000] {processor.py:183} INFO - Processing /opt/airflow/dags/lcbo_pipeline_dag.py took 0.080 seconds
[2026-09-19T18:02:37.957+0000] {processor.py:161} INFO - Started process (PID=904) to work on /opt/airflow/dags/lcbo_pipeline_dag.py
[2026-09-19T18:02:37.958+0000] {processor.py:830} INFO - Processing file /opt/airflow/dags/lcbo_pipeline_dag.py for tasks to queue
[2026-09-19T18:02:37.960+0000] {logging_mixin.py:188} INFO - [2026-09-19T18:02:37.960+0000] {dagbag.py:545} INFO - Filling up the DagBag from /opt/airflow/dags/lcbo_pipeline_dag.py
[2026-09-19T18:02:37.977+0000] {processor.py:840} INFO - DAG(s) 'lcbo_pipeline' retrieved from /opt/airflow/dags/lcbo_pipeline_dag.py
[2026-09-19T18:02:37.999+0000] {logging_mixin.py:188} INFO - [2026-09-19T18:02:37.999+0000] {dag.py:3089} INFO - Sync 1 DAGs
[2026-09-19T18:02:38.011+0000] {logging_mixin.py:188} INFO - [2026-09-19T18:02:38.011+0000] {dag.py:3947} INFO - Setting next_dagrun for lcbo_pipeline to None, run_after=None
[2026-09-19T18:02:38.027+0000] {processor.py:183} INFO - Processing /opt/airflow/dags/lcbo_pipeline_dag.py took 0.074 seconds
[2026-09-19T18:03:08.159+0000] {processor.py:161} INFO - Started process (PID=915) to work on /opt/airflow/dags/lcbo_pipeline_dag.py
[2026-09-19T18:03:08.160+0000] {processor.py:830} INFO - Processing file /opt/airflow/dags/lcbo_pipeline_dag.py for tasks to queue
[2026-09-19T18:03:08.161+0000] {logging_mixin.py:188} INFO - [2026-09-19T18:03:08.161+0000] {dagbag.py:545} INFO - Filling up the DagBag from /opt/airflow/dags/lcbo_pipeline_dag.py
[2026-09-19T18:03:08.181+0000] {processor.py:840} INFO - DAG(s) 'lcbo_pipeline' retrieved from /opt/airflow/dags/lcbo_pipeline_dag.py
[2026-09-19T18:03:08.207+0000] {logging_mixin.py:188} INFO - [2026-09-19T18:03:08.207+0000] {dag.py:3089} INFO - Sync 1 DAGs
[2026-09-19T18:03:08.217+0000] {logging_mixin.py:188} INFO - [2026-09-19T18:03:08.217+0000] {dag.py:3947} INFO - Setting next_dagrun for lcbo_pipeline to None, run_after=None
[2026-09-19T18:03:08.236+0000] {processor.py:183} INFO - Processing /opt/airflow/dags/lcbo_pipeline_dag.py took 0.081 seconds
[2026-09-19T18:03:38.410+0000] {processor.py:161} INFO - Started process (PID=926) to work on /opt/airflow/dags/lcbo_pipeline_dag.py
[2026-09-19T18:03:38.411+0000] {processor.py:830} INFO - Processing file /opt/airflow/dags/lcbo_pipeline_dag.py for tasks to queue
[2026-09-19T18:03:38.413+0000] {logging_mixin.py:188} INFO - [2026-09-19T18:03:38.413+0000] {dagbag.py:545} INFO - Filling up the DagBag from /opt/airflow/dags/lcbo_pipeline_dag.py
[2026-09-19T18:03:38.432+0000] {processor.py:840} INFO - DAG(s) 'lcbo_pipeline' retrieved from /opt/airflow/dags/lcbo_pipeline_dag.py
[2026-09-19T18:03:38.454+0000] {logging_mixin.py:188} INFO - [2026-09-19T18:03:38.454+0000] {dag.py:3089} INFO - Sync 1 DAGs
[2026-09-19T18:03:38.463+0000] {logging_mixin.py:188} INFO - [2026-09-19T18:03:38.463+0000] {dag.py:3947} INFO - Setting next_dagrun for lcbo_pipeline to None, run_after=None
[2026-09-19T18:03:38.477+0000] {processor.py:183} INFO - Processing /opt/airflow/dags/lcbo_pipeline_dag.py took 0.071 seconds
[2026-09-19T18:04:08.613+0000] {processor.py:161} INFO - Started process (PID=937) to work on /opt/airflow/dags/lcbo_pipeline_dag.py
[2026-09-19T18:04:08.614+0000] {processor.py:830} INFO - Processing file /opt/airflow/dags/lcbo_pipeline_dag.py for tasks to queue
[2026-09-19T18:04:08.616+0000] {logging_mixin.py:188} INFO - [2026-09-19T18:04:08.616+0000] {dagbag.py:545} INFO - Filling up the DagBag from /opt/airflow/dags/lcbo_pipeline_dag.py
[2026-09-19T18:04:08.634+0000] {processor.py:840} INFO - DAG(s) 'lcbo_pipeline' retrieved from /opt/airflow/dags/lcbo_pipeline_dag.py
[2026-09-19T18:04:08.661+0000] {logging_mixin.py:188} INFO - [2026-09-19T18:04:08.661+0000] {dag.py:3089} INFO - Sync 1 DAGs
[2026-09-19T18:04:08.673+0000] {logging_mixin.py:188} INFO - [2026-09-19T18:04:08.673+0000] {dag.py:3947} INFO - Setting next_dagrun for lcbo_pipeline to None, run_after=None
[2026-09-19T18:04:08.690+0000] {processor.py:183} INFO - Processing /opt/airflow/dags/lcbo_pipeline_dag.py took 0.081 seconds
[2026-09-19T18:04:38.868+0000] {processor.py:161} INFO - Started process (PID=948) to work on /opt/airflow/dags/lcbo_pipeline_dag.py
[2026-09-19T18:04:38.869+0000] {processor.py:830} INFO - Processing file /opt/airflow/dags/lcbo_pipeline_dag.py for tasks to queue
[2026-09-19T18:04:38.871+0000] {logging_mixin.py:188} INFO - [2026-09-19T18:04:38.871+0000] {dagbag.py:545} INFO - Filling up the DagBag from /opt/airflow/dags/lcbo_pipeline_dag.py
[2026-09-19T18:04:38.891+0000] {processor.py:840} INFO - DAG(s) 'lcbo_pipeline' retrieved from /opt/airflow/dags/lcbo_pipeline_dag.py
[2026-09-19T18:04:38.915+0000] {logging_mixin.py:188} INFO - [2026-09-19T18:04:38.915+0000] {dag.py:3089} INFO - Sync 1 DAGs
[2026-09-19T18:04:38.926+0000] {logging_mixin.py:188} INFO - [2026-09-19T18:04:38.926+0000] {dag.py:3947} INFO - Setting next_dagrun for lcbo_pipeline to None, run_after=None
[2026-09-19T18:04:38.942+0000] {processor.py:183} INFO - Processing /opt/airflow/dags/lcbo_pipeline_dag.py took 0.078 seconds
[2026-09-19T18:05:09.086+0000] {processor.py:161} INFO - Started process (PID=959) to work on /opt/airflow/dags/lcbo_pipeline_dag.py
[2026-09-19T18:05:09.087+0000] {processor.py:830} INFO - Processing file /opt/airflow/dags/lcbo_pipeline_dag.py for tasks to queue
[2026-09-19T18:05:09.089+0000] {logging_mixin.py:188} INFO - [2026-09-19T18:05:09.088+0000] {dagbag.py:545} INFO - Filling up the DagBag from /opt/airflow/dags/lcbo_pipeline_dag.py
[2026-09-19T18:05:09.105+0000] {processor.py:840} INFO - DAG(s) 'lcbo_pipeline' retrieved from /opt/airflow/dags/lcbo_pipeline_dag.py
[2026-09-19T18:05:09.129+0000] {logging_mixin.py:188} INFO - [2026-09-19T18:05:09.129+0000] {dag.py:3089} INFO - Sync 1 DAGs
[2026-09-19T18:05:09.138+0000] {logging_mixin.py:188} INFO - [2026-09-19T18:05:09.138+0000] {dag.py:3947} INFO - Setting next_dagrun for lcbo_pipeline to None, run_after=None
[2026-09-19T18:05:09.156+0000] {processor.py:183} INFO - Processing /opt/airflow/dags/lcbo_pipeline_dag.py took 0.074 seconds
[2026-09-19T18:05:39.373+0000] {processor.py:161} INFO - Started process (PID=970) to work on /opt/airflow/dags/lcbo_pipeline_dag.py
[2026-09-19T18:05:39.374+0000] {processor.py:830} INFO - Processing file /opt/airflow/dags/lcbo_pipeline_dag.py for tasks to queue
[2026-09-19T18:05:39.375+0000] {logging_mixin.py:188} INFO - [2026-09-19T18:05:39.375+0000] {dagbag.py:545} INFO - Filling up the DagBag from /opt/airflow/dags/lcbo_pipeline_dag.py
[2026-09-19T18:05:39.397+0000] {processor.py:840} INFO - DAG(s) 'lcbo_pipeline' retrieved from /opt/airflow/dags/lcbo_pipeline_dag.py
[2026-09-19T18:05:39.423+0000] {logging_mixin.py:188} INFO - [2026-09-19T18:05:39.423+0000] {dag.py:3089} INFO - Sync 1 DAGs
[2026-09-19T18:05:39.433+0000] {logging_mixin.py:188} INFO - [2026-09-19T18:05:39.433+0000] {dag.py:3947} INFO - Setting next_dagrun for lcbo_pipeline to None, run_after=None
[2026-09-19T18:05:39.452+0000] {processor.py:183} INFO - Processing /opt/airflow/dags/lcbo_pipeline_dag.py took 0.083 seconds
[2026-09-19T18:06:09.579+0000] {processor.py:161} INFO - Started process (PID=981) to work on /opt/airflow/dags/lcbo_pipeline_dag.py
[2026-09-19T18:06:09.580+0000] {processor.py:830} INFO - Processing file /opt/airflow/dags/lcbo_pipeline_dag.py for tasks to queue
[2026-09-19T18:06:09.582+0000] {logging_mixin.py:188} INFO - [2026-09-19T18:06:09.581+0000] {dagbag.py:545} INFO - Filling up the DagBag from /opt/airflow/dags/lcbo_pipeline_dag.py
[2026-09-19T18:06:09.599+0000] {processor.py:840} INFO - DAG(s) 'lcbo_pipeline' retrieved from /opt/airflow/dags/lcbo_pipeline_dag.py
[2026-09-19T18:06:09.622+0000] {logging_mixin.py:188} INFO - [2026-09-19T18:06:09.622+0000] {dag.py:3089} INFO - Sync 1 DAGs
[2026-09-19T18:06:09.631+0000] {logging_mixin.py:188} INFO - [2026-09-19T18:06:09.631+0000] {dag.py:3947} INFO - Setting next_dagrun for lcbo_pipeline to None, run_after=None
[2026-09-19T18:06:09.648+0000] {processor.py:183} INFO - Processing /opt/airflow/dags/lcbo_pipeline_dag.py took 0.073 seconds
[2026-09-19T18:06:39.834+0000] {processor.py:161} INFO - Started process (PID=992) to work on /opt/airflow/dags/lcbo_pipeline_dag.py
[2026-09-19T18:06:39.835+0000] {processor.py:830} INFO - Processing file /opt/airflow/dags/lcbo_pipeline_dag.py for tasks to queue
[2026-09-19T18:06:39.837+0000] {logging_mixin.py:188} INFO - [2026-09-19T18:06:39.837+0000] {dagbag.py:545} INFO - Filling up the DagBag from /opt/airflow/dags/lcbo_pipeline_dag.py
[2026-09-19T18:06:39.858+0000] {processor.py:840} INFO - DAG(s) 'lcbo_pipeline' retrieved from /opt/airflow/dags/lcbo_pipeline_dag.py
[2026-09-19T18:06:39.884+0000] {logging_mixin.py:188} INFO - [2026-09-19T18:06:39.883+0000] {dag.py:3089} INFO - Sync 1 DAGs
[2026-09-19T18:06:39.895+0000] {logging_mixin.py:188} INFO - [2026-09-19T18:06:39.894+0000] {dag.py:3947} INFO - Setting next_dagrun for lcbo_pipeline to None, run_after=None
[2026-09-19T18:06:39.913+0000] {processor.py:183} INFO - Processing /opt/airflow/dags/lcbo_pipeline_dag.py took 0.082 seconds
[2026-09-19T18:07:10.044+0000] {processor.py:161} INFO - Started process (PID=1003) to work on /opt/airflow/dags/lcbo_pipeline_dag.py
[2026-09-19T18:07:10.045+0000] {processor.py:830} INFO - Processing file /opt/airflow/dags/lcbo_pipeline_dag.py for tasks to queue
[2026-09-19T18:07:10.047+0000] {logging_mixin.py:188} INFO - [2026-09-19T18:07:10.047+0000] {dagbag.py:545} INFO - Filling up the DagBag from /opt/airflow/dags/lcbo_pipeline_dag.py
[2026-09-19T18:07:10.065+0000] {processor.py:840} INFO - DAG(s) 'lcbo_pipeline' retrieved from /opt/airflow/dags/lcbo_pipeline_dag.py
[2026-09-19T18:07:10.088+0000] {logging_mixin.py:188} INFO - [2026-09-19T18:07:10.087+0000] {dag.py:3089} INFO - Sync 1 DAGs
[2026-09-19T18:07:10.097+0000] {logging_mixin.py:188} INFO - [2026-09-19T18:07:10.096+0000] {dag.py:3947} INFO - Setting next_dagrun for lcbo_pipeline to None, run_after=None
[2026-09-19T18:07:10.111+0000] {processor.py:183} INFO - Processing /opt/airflow/dags/lcbo_pipeline_dag.py took 0.071 seconds
[2026-09-19T18:07:40.321+0000] {processor.py:161} INFO - Started process (PID=1014) to work on /opt/airflow/dags/lcbo_pipeline_dag.py
[2026-09-19T18:07:40.322+0000] {processor.py:830} INFO - Processing file /opt/airflow/dags/lcbo_pipeline_dag.py for tasks to queue
[2026-09-19T18:07:40.324+0000] {logging_mixin.py:188} INFO - [2026-09-19T18:07:40.324+0000] {dagbag.py:545} INFO - Filling up the DagBag from /opt/airflow/dags/lcbo_pipeline_dag.py
[2026-09-19T18:07:40.342+0000] {processor.py:840} INFO - DAG(s) 'lcbo_pipeline' retrieved from /opt/airflow/dags/lcbo_pipeline_dag.py
[2026-09-19T18:07:40.366+0000] {logging_mixin.py:188} INFO - [2026-09-19T18:07:40.366+0000] {dag.py:3089} INFO - Sync 1 DAGs
[2026-09-19T18:07:40.375+0000] {logging_mixin.py:188} INFO - [2026-09-19T18:07:40.375+0000] {dag.py:3947} INFO - Setting next_dagrun for lcbo_pipeline to None, run_after=None
[2026-09-19T18:07:40.392+0000] {processor.py:183} INFO - Processing /opt/airflow/dags/lcbo_pipeline_dag.py took 0.076 seconds
[2026-09-19T18:08:11.383+0000] {processor.py:161} INFO - Started process (PID=1025) to work on /opt/airflow/dags/lcbo_pipeline_dag.py
[2026-09-19T18:08:11.385+0000] {processor.py:830} INFO - Processing file /opt/airflow/dags/lcbo_pipeline_dag.py for tasks to queue
[2026-09-19T18:08:11.388+0000] {logging_mixin.py:188} INFO - [2026-09-19T18:08:11.388+0000] {dagbag.py:545} INFO - Filling up the DagBag from /opt/airflow/dags/lcbo_pipeline_dag.py
[2026-09-19T18:08:11.410+0000] {processor.py:840} INFO - DAG(s) 'lcbo_pipeline' retrieved from /opt/airflow/dags/lcbo_pipeline_dag.py
[2026-09-19T18:08:11.437+0000] {logging_mixin.py:188} INFO - [2026-09-19T18:08:11.437+0000] {dag.py:3089} INFO - Sync 1 DAGs
[2026-09-19T18:08:11.448+0000] {logging_mixin.py:188} INFO - [2026-09-19T18:08:11.448+0000] {dag.py:3947} INFO - Setting next_dagrun for lcbo_pipeline to None, run_after=None
[2026-09-19T18:08:11.466+0000] {processor.py:183} INFO - Processing /opt/airflow/dags/lcbo_pipeline_dag.py took 0.088 seconds
[2026-09-19T18:08:41.576+0000] {processor.py:161} INFO - Started process (PID=1036) to work on /opt/airflow/dags/lcbo_pipeline_dag.py
[2026-09-19T18:08:41.577+0000] {processor.py:830} INFO - Processing file /opt/airflow/dags/lcbo_pipeline_dag.py for tasks to queue
[2026-09-19T18:08:41.579+0000] {logging_mixin.py:188} INFO - [2026-09-19T18:08:41.579+0000] {dagbag.py:545} INFO - Filling up the DagBag from /opt/airflow/dags/lcbo_pipeline_dag.py
[2026-09-19T18:08:41.596+0000] {processor.py:840} INFO - DAG(s) 'lcbo_pipeline' retrieved from /opt/airflow/dags/lcbo_pipeline_dag.py
[2026-09-19T18:08:41.620+0000] {logging_mixin.py:188} INFO - [2026-09-19T18:08:41.620+0000] {dag.py:3089} INFO - Sync 1 DAGs
[2026-09-19T18:08:41.632+0000] {logging_mixin.py:188} INFO - [2026-09-19T18:08:41.632+0000] {dag.py:3947} INFO - Setting next_dagrun for lcbo_pipeline to None, run_after=None
[2026-09-19T18:08:41.651+0000] {processor.py:183} INFO - Processing /opt/airflow/dags/lcbo_pipeline_dag.py took 0.080 seconds
[2026-09-19T18:09:11.865+0000] {processor.py:161} INFO - Started process (PID=1047) to work on /opt/airflow/dags/lcbo_pipeline_dag.py
[2026-09-19T18:09:11.867+0000] {processor.py:830} INFO - Processing file /opt/airflow/dags/lcbo_pipeline_dag.py for tasks to queue
[2026-09-19T18:09:11.868+0000] {logging_mixin.py:188} INFO - [2026-09-19T18:09:11.868+0000] {dagbag.py:545} INFO - Filling up the DagBag from /opt/airflow/dags/lcbo_pipeline_dag.py
[2026-09-19T18:09:11.887+0000] {processor.py:840} INFO - DAG(s) 'lcbo_pipeline' retrieved from /opt/airflow/dags/lcbo_pipeline_dag.py
[2026-09-19T18:09:11.911+0000] {logging_mixin.py:188} INFO - [2026-09-19T18:09:11.911+0000] {dag.py:3089} INFO - Sync 1 DAGs
[2026-09-19T18:09:11.921+0000] {logging_mixin.py:188} INFO - [2026-09-19T18:09:11.921+0000] {dag.py:3947} INFO - Setting next_dagrun for lcbo_pipeline to None, run_after=None
[2026-09-19T18:09:11.936+0000] {processor.py:183} INFO - Processing /opt/airflow/dags/lcbo_pipeline_dag.py took 0.074 seconds
[2026-09-19T18:09:42.074+0000] {processor.py:161} INFO - Started process (PID=1058) to work on /opt/airflow/dags/lcbo_pipeline_dag.py
[2026-09-19T18:09:42.076+0000] {processor.py:830} INFO - Processing file /opt/airflow/dags/lcbo_pipeline_dag.py for tasks to queue
[2026-09-19T18:09:42.078+0000] {logging_mixin.py:188} INFO - [2026-09-19T18:09:42.077+0000] {dagbag.py:545} INFO - Filling up the DagBag from /opt/airflow/dags/lcbo_pipeline_dag.py
[2026-09-19T18:09:42.096+0000] {processor.py:840} INFO - DAG(s) 'lcbo_pipeline' retrieved from /opt/airflow/dags/lcbo_pipeline_dag.py
[2026-09-19T18:09:42.125+0000] {logging_mixin.py:188} INFO - [2026-09-19T18:09:42.124+0000] {dag.py:3089} INFO - Sync 1 DAGs
[2026-09-19T18:09:42.135+0000] {logging_mixin.py:188} INFO - [2026-09-19T18:09:42.135+0000] {dag.py:3947} INFO - Setting next_dagrun for lcbo_pipeline to None, run_after=None
[2026-09-19T18:09:42.152+0000] {processor.py:183} INFO - Processing /opt/airflow/dags/lcbo_pipeline_dag.py took 0.082 seconds
[2026-09-19T18:10:12.330+0000] {processor.py:161} INFO - Started process (PID=1069) to work on /opt/airflow/dags/lcbo_pipeline_dag.py
[2026-09-19T18:10:12.331+0000] {processor.py:830} INFO - Processing file /opt/airflow/dags/lcbo_pipeline_dag.py for tasks to queue
[2026-09-19T18:10:12.333+0000] {logging_mixin.py:188} INFO - [2026-09-19T18:10:12.333+0000] {dagbag.py:545} INFO - Filling up the DagBag from /opt/airflow/dags/lcbo_pipeline_dag.py
[2026-09-19T18:10:12.350+0000] {processor.py:840} INFO - DAG(s) 'lcbo_pipeline' retrieved from /opt/airflow/dags/lcbo_pipeline_dag.py
[2026-09-19T18:10:12.374+0000] {logging_mixin.py:188} INFO - [2026-09-19T18:10:12.374+0000] {dag.py:3089} INFO - Sync 1 DAGs
[2026-09-19T18:10:12.385+0000] {logging_mixin.py:188} INFO - [2026-09-19T18:10:12.385+0000] {dag.py:3947} INFO - Setting next_dagrun for lcbo_pipeline to None, run_after=None
[2026-09-19T18:10:12.401+0000] {processor.py:183} INFO - Processing /opt/airflow/dags/lcbo_pipeline_dag.py took 0.075 seconds
[2026-09-19T18:10:42.578+0000] {processor.py:161} INFO - Started process (PID=1080) to work on /opt/airflow/dags/lcbo_pipeline_dag.py
[2026-09-19T18:10:42.579+0000] {processor.py:830} INFO - Processing file /opt/airflow/dags/lcbo_pipeline_dag.py for tasks to queue
[2026-09-19T18:10:42.581+0000] {logging_mixin.py:188} INFO - [2026-09-19T18:10:42.580+0000] {dagbag.py:545} INFO - Filling up the DagBag from /opt/airflow/dags/lcbo_pipeline_dag.py
[2026-09-19T18:10:42.597+0000] {processor.py:840} INFO - DAG(s) 'lcbo_pipeline' retrieved from /opt/airflow/dags/lcbo_pipeline_dag.py
[2026-09-19T18:10:42.619+0000] {logging_mixin.py:188} INFO - [2026-09-19T18:10:42.619+0000] {dag.py:3089} INFO - Sync 1 DAGs
[2026-09-19T18:10:42.628+0000] {logging_mixin.py:188} INFO - [2026-09-19T18:10:42.628+0000] {dag.py:3947} INFO - Setting next_dagrun for lcbo_pipeline to None, run_after=None
[2026-09-19T18:10:42.646+0000] {processor.py:183} INFO - Processing /opt/airflow/dags/lcbo_pipeline_dag.py took 0.072 seconds
[2026-09-19T18:11:12.797+0000] {processor.py:161} INFO - Started process (PID=1091) to work on /opt/airflow/dags/lcbo_pipeline_dag.py
[2026-09-19T18:11:12.798+0000] {processor.py:830} INFO - Processing file /opt/airflow/dags/lcbo_pipeline_dag.py for tasks to queue
[2026-09-19T18:11:12.801+0000] {logging_mixin.py:188} INFO - [2026-09-19T18:11:12.800+0000] {dagbag.py:545} INFO - Filling up the DagBag from /opt/airflow/dags/lcbo_pipeline_dag.py
[2026-09-19T18:11:12.817+0000] {processor.py:840} INFO - DAG(s) 'lcbo_pipeline' retrieved from /opt/airflow/dags/lcbo_pipeline_dag.py
[2026-09-19T18:11:12.841+0000] {logging_mixin.py:188} INFO - [2026-09-19T18:11:12.841+0000] {dag.py:3089} INFO - Sync 1 DAGs
[2026-09-19T18:11:12.852+0000] {logging_mixin.py:188} INFO - [2026-09-19T18:11:12.851+0000] {dag.py:3947} INFO - Setting next_dagrun for lcbo_pipeline to None, run_after=None
[2026-09-19T18:11:12.867+0000] {processor.py:183} INFO - Processing /opt/airflow/dags/lcbo_pipeline_dag.py took 0.074 seconds
[2026-09-19T18:11:43.025+0000] {processor.py:161} INFO - Started process (PID=1102) to work on /opt/airflow/dags/lcbo_pipeline_dag.py
[2026-09-19T18:11:43.026+0000] {processor.py:830} INFO - Processing file /opt/airflow/dags/lcbo_pipeline_dag.py for tasks to queue
[2026-09-19T18:11:43.028+0000] {logging_mixin.py:188} INFO - [2026-09-19T18:11:43.028+0000] {dagbag.py:545} INFO - Filling up the DagBag from /opt/airflow/dags/lcbo_pipeline_dag.py
[2026-09-19T18:11:43.047+0000] {processor.py:840} INFO - DAG(s) 'lcbo_pipeline' retrieved from /opt/airflow/dags/lcbo_pipeline_dag.py
[2026-09-19T18:11:43.072+0000] {logging_mixin.py:188} INFO - [2026-09-19T18:11:43.072+0000] {dag.py:3089} INFO - Sync 1 DAGs
[2026-09-19T18:11:43.083+0000] {logging_mixin.py:188} INFO - [2026-09-19T18:11:43.083+0000] {dag.py:3947} INFO - Setting next_dagrun for lcbo_pipeline to None, run_after=None
[2026-09-19T18:11:43.101+0000] {processor.py:183} INFO - Processing /opt/airflow/dags/lcbo_pipeline_dag.py took 0.081 seconds
[2026-09-19T18:12:13.270+0000] {processor.py:161} INFO - Started process (PID=1113) to work on /opt/airflow/dags/lcbo_pipeline_dag.py
[2026-09-19T18:12:13.272+0000] {processor.py:830} INFO - Processing file /opt/airflow/dags/lcbo_pipeline_dag.py for tasks to queue
[2026-09-19T18:12:13.273+0000] {logging_mixin.py:188} INFO - [2026-09-19T18:12:13.273+0000] {dagbag.py:545} INFO - Filling up the DagBag from /opt/airflow/dags/lcbo_pipeline_dag.py
[2026-09-19T18:12:13.291+0000] {processor.py:840} INFO - DAG(s) 'lcbo_pipeline' retrieved from /opt/airflow/dags/lcbo_pipeline_dag.py
[2026-09-19T18:12:13.314+0000] {logging_mixin.py:188} INFO - [2026-09-19T18:12:13.314+0000] {dag.py:3089} INFO - Sync 1 DAGs
[2026-09-19T18:12:13.323+0000] {logging_mixin.py:188} INFO - [2026-09-19T18:12:13.323+0000] {dag.py:3947} INFO - Setting next_dagrun for lcbo_pipeline to None, run_after=None
[2026-09-19T18:12:13.337+0000] {processor.py:183} INFO - Processing /opt/airflow/dags/lcbo_pipeline_dag.py took 0.071 seconds
[2026-09-19T18:12:43.500+0000] {processor.py:161} INFO - Started process (PID=1124) to work on /opt/airflow/dags/lcbo_pipeline_dag.py
[2026-09-19T18:12:43.502+0000] {processor.py:830} INFO - Processing file /opt/airflow/dags/lcbo_pipeline_dag.py for tasks to queue
[2026-09-19T18:12:43.503+0000] {logging_mixin.py:188} INFO - [2026-09-19T18:12:43.503+0000] {dagbag.py:545} INFO - Filling up the DagBag from /opt/airflow/dags/lcbo_pipeline_dag.py
[2026-09-19T18:12:43.520+0000] {processor.py:840} INFO - DAG(s) 'lcbo_pipeline' retrieved from /opt/airflow/dags/lcbo_pipeline_dag.py
[2026-09-19T18:12:43.543+0000] {logging_mixin.py:188} INFO - [2026-09-19T18:12:43.542+0000] {dag.py:3089} INFO - Sync 1 DAGs
[2026-09-19T18:12:43.551+0000] {logging_mixin.py:188} INFO - [2026-09-19T18:12:43.551+0000] {dag.py:3947} INFO - Setting next_dagrun for lcbo_pipeline to None, run_after=None
[2026-09-19T18:12:43.567+0000] {processor.py:183} INFO - Processing /opt/airflow/dags/lcbo_pipeline_dag.py took 0.071 seconds
[2026-09-19T18:13:13.728+0000] {processor.py:161} INFO - Started process (PID=1135) to work on /opt/airflow/dags/lcbo_pipeline_dag.py
[2026-09-19T18:13:13.730+0000] {processor.py:830} INFO - Processing file /opt/airflow/dags/lcbo_pipeline_dag.py for tasks to queue
[2026-09-19T18:13:13.732+0000] {logging_mixin.py:188} INFO - [2026-09-19T18:13:13.732+0000] {dagbag.py:545} INFO - Filling up the DagBag from /opt/airflow/dags/lcbo_pipeline_dag.py
[2026-09-19T18:13:13.751+0000] {processor.py:840} INFO - DAG(s) 'lcbo_pipeline' retrieved from /opt/airflow/dags/lcbo_pipeline_dag.py
[2026-09-19T18:13:13.776+0000] {logging_mixin.py:188} INFO - [2026-09-19T18:13:13.776+0000] {dag.py:3089} INFO - Sync 1 DAGs
[2026-09-19T18:13:13.785+0000] {logging_mixin.py:188} INFO - [2026-09-19T18:13:13.785+0000] {dag.py:3947} INFO - Setting next_dagrun for lcbo_pipeline to None, run_after=None
[2026-09-19T18:13:13.803+0000] {processor.py:183} INFO - Processing /opt/airflow/dags/lcbo_pipeline_dag.py took 0.078 seconds
[2026-09-19T18:13:43.965+0000] {processor.py:161} INFO - Started process (PID=1146) to work on /opt/airflow/dags/lcbo_pipeline_dag.py
[2026-09-19T18:13:43.966+0000] {processor.py:830} INFO - Processing file /opt/airflow/dags/lcbo_pipeline_dag.py for tasks to queue
[2026-09-19T18:13:43.968+0000] {logging_mixin.py:188} INFO - [2026-09-19T18:13:43.968+0000] {dagbag.py:545} INFO - Filling up the DagBag from /opt/airflow/dags/lcbo_pipeline_dag.py
[2026-09-19T18:13:43.985+0000] {processor.py:840} INFO - DAG(s) 'lcbo_pipeline' retrieved from /opt/airflow/dags/lcbo_pipeline_dag.py
[2026-09-19T18:13:44.008+0000] {logging_mixin.py:188} INFO - [2026-09-19T18:13:44.008+0000] {dag.py:3089} INFO - Sync 1 DAGs
[2026-09-19T18:13:44.019+0000] {logging_mixin.py:188} INFO - [2026-09-19T18:13:44.019+0000] {dag.py:3947} INFO - Setting next_dagrun for lcbo_pipeline to None, run_after=None
[2026-09-19T18:13:44.036+0000] {processor.py:183} INFO - Processing /opt/airflow/dags/lcbo_pipeline_dag.py took 0.074 seconds
[2026-09-19T18:14:14.205+0000] {processor.py:161} INFO - Started process (PID=1157) to work on /opt/airflow/dags/lcbo_pipeline_dag.py
[2026-09-19T18:14:14.206+0000] {processor.py:830} INFO - Processing file /opt/airflow/dags/lcbo_pipeline_dag.py for tasks to queue
[2026-09-19T18:14:14.208+0000] {logging_mixin.py:188} INFO - [2026-09-19T18:14:14.208+0000] {dagbag.py:545} INFO - Filling up the DagBag from /opt/airflow/dags/lcbo_pipeline_dag.py
[2026-09-19T18:14:14.224+0000] {processor.py:840} INFO - DAG(s) 'lcbo_pipeline' retrieved from /opt/airflow/dags/lcbo_pipeline_dag.py
[2026-09-19T18:14:14.249+0000] {logging_mixin.py:188} INFO - [2026-09-19T18:14:14.249+0000] {dag.py:3089} INFO - Sync 1 DAGs
[2026-09-19T18:14:14.259+0000] {logging_mixin.py:188} INFO - [2026-09-19T18:14:14.259+0000] {dag.py:3947} INFO - Setting next_dagrun for lcbo_pipeline to None, run_after=None
[2026-09-19T18:14:14.274+0000] {processor.py:183} INFO - Processing /opt/airflow/dags/lcbo_pipeline_dag.py took 0.072 seconds
[2026-09-19T18:14:44.427+0000] {processor.py:161} INFO - Started process (PID=1168) to work on /opt/airflow/dags/lcbo_pipeline_dag.py
[2026-09-19T18:14:44.428+0000] {processor.py:830} INFO - Processing file /opt/airflow/dags/lcbo_pipeline_dag.py for tasks to queue
[2026-09-19T18:14:44.430+0000] {logging_mixin.py:188} INFO - [2026-09-19T18:14:44.429+0000] {dagbag.py:545} INFO - Filling up the DagBag from /opt/airflow/dags/lcbo_pipeline_dag.py
[2026-09-19T18:14:44.449+0000] {processor.py:840} INFO - DAG(s) 'lcbo_pipeline' retrieved from /opt/airflow/dags/lcbo_pipeline_dag.py
[2026-09-19T18:14:44.473+0000] {logging_mixin.py:188} INFO - [2026-09-19T18:14:44.473+0000] {dag.py:3089} INFO - Sync 1 DAGs
[2026-09-19T18:14:44.484+0000] {logging_mixin.py:188} INFO - [2026-09-19T18:14:44.484+0000] {dag.py:3947} INFO - Setting next_dagrun for lcbo_pipeline to None, run_after=None
[2026-09-19T18:14:44.511+0000] {processor.py:183} INFO - Processing /opt/airflow/dags/lcbo_pipeline_dag.py took 0.088 seconds
[2026-09-19T18:15:14.669+0000] {processor.py:161} INFO - Started process (PID=1179) to work on /opt/airflow/dags/lcbo_pipeline_dag.py
[2026-09-19T18:15:14.671+0000] {processor.py:830} INFO - Processing file /opt/airflow/dags/lcbo_pipeline_dag.py for tasks to queue
[2026-09-19T18:15:14.673+0000] {logging_mixin.py:188} INFO - [2026-09-19T18:15:14.673+0000] {dagbag.py:545} INFO - Filling up the DagBag from /opt/airflow/dags/lcbo_pipeline_dag.py
[2026-09-19T18:15:14.691+0000] {processor.py:840} INFO - DAG(s) 'lcbo_pipeline' retrieved from /opt/airflow/dags/lcbo_pipeline_dag.py
[2026-09-19T18:15:14.716+0000] {logging_mixin.py:188} INFO - [2026-09-19T18:15:14.716+0000] {dag.py:3089} INFO - Sync 1 DAGs
[2026-09-19T18:15:14.729+0000] {logging_mixin.py:188} INFO - [2026-09-19T18:15:14.729+0000] {dag.py:3947} INFO - Setting next_dagrun for lcbo_pipeline to None, run_after=None
[2026-09-19T18:15:14.746+0000] {processor.py:183} INFO - Processing /opt/airflow/dags/lcbo_pipeline_dag.py took 0.082 seconds
[2026-09-19T18:15:44.952+0000] {processor.py:161} INFO - Started process (PID=1190) to work on /opt/airflow/dags/lcbo_pipeline_dag.py
[2026-09-19T18:15:44.953+0000] {processor.py:830} INFO - Processing file /opt/airflow/dags/lcbo_pipeline_dag.py for tasks to queue
[2026-09-19T18:15:44.955+0000] {logging_mixin.py:188} INFO - [2026-09-19T18:15:44.955+0000] {dagbag.py:545} INFO - Filling up the DagBag from /opt/airflow/dags/lcbo_pipeline_dag.py
[2026-09-19T18:15:44.972+0000] {processor.py:840} INFO - DAG(s) 'lcbo_pipeline' retrieved from /opt/airflow/dags/lcbo_pipeline_dag.py
[2026-09-19T18:15:44.996+0000] {logging_mixin.py:188} INFO - [2026-09-19T18:15:44.995+0000] {dag.py:3089} INFO - Sync 1 DAGs
[2026-09-19T18:15:45.007+0000] {logging_mixin.py:188} INFO - [2026-09-19T18:15:45.007+0000] {dag.py:3947} INFO - Setting next_dagrun for lcbo_pipeline to None, run_after=None
[2026-09-19T18:15:45.021+0000] {processor.py:183} INFO - Processing /opt/airflow/dags/lcbo_pipeline_dag.py took 0.073 seconds
[2026-09-19T18:16:15.162+0000] {processor.py:161} INFO - Started process (PID=1201) to work on /opt/airflow/dags/lcbo_pipeline_dag.py
[2026-09-19T18:16:15.164+0000] {processor.py:830} INFO - Processing file /opt/airflow/dags/lcbo_pipeline_dag.py for tasks to queue
[2026-09-19T18:16:15.166+0000] {logging_mixin.py:188} INFO - [2026-09-19T18:16:15.165+0000] {dagbag.py:545} INFO - Filling up the DagBag from /opt/airflow/dags/lcbo_pipeline_dag.py
[2026-09-19T18:16:15.184+0000] {processor.py:840} INFO - DAG(s) 'lcbo_pipeline' retrieved from /opt/airflow/dags/lcbo_pipeline_dag.py
[2026-09-19T18:16:15.209+0000] {logging_mixin.py:188} INFO - [2026-09-19T18:16:15.208+0000] {dag.py:3089} INFO - Sync 1 DAGs
[2026-09-19T18:16:15.218+0000] {logging_mixin.py:188} INFO - [2026-09-19T18:16:15.218+0000] {dag.py:3947} INFO - Setting next_dagrun for lcbo_pipeline to None, run_after=None
[2026-09-19T18:16:15.233+0000] {processor.py:183} INFO - Processing /opt/airflow/dags/lcbo_pipeline_dag.py took 0.075 seconds
[2026-09-19T18:16:45.415+0000] {processor.py:161} INFO - Started process (PID=1212) to work on /opt/airflow/dags/lcbo_pipeline_dag.py
[2026-09-19T18:16:45.417+0000] {processor.py:830} INFO - Processing file /opt/airflow/dags/lcbo_pipeline_dag.py for tasks to queue
[2026-09-19T18:16:45.419+0000] {logging_mixin.py:188} INFO - [2026-09-19T18:16:45.418+0000] {dagbag.py:545} INFO - Filling up the DagBag from /opt/airflow/dags/lcbo_pipeline_dag.py
[2026-09-19T18:16:45.439+0000] {processor.py:840} INFO - DAG(s) 'lcbo_pipeline' retrieved from /opt/airflow/dags/lcbo_pipeline_dag.py
[2026-09-19T18:16:45.468+0000] {logging_mixin.py:188} INFO - [2026-09-19T18:16:45.468+0000] {dag.py:3089} INFO - Sync 1 DAGs
[2026-09-19T18:16:45.480+0000] {logging_mixin.py:188} INFO - [2026-09-19T18:16:45.480+0000] {dag.py:3947} INFO - Setting next_dagrun for lcbo_pipeline to None, run_after=None
[2026-09-19T18:16:45.495+0000] {processor.py:183} INFO - Processing /opt/airflow/dags/lcbo_pipeline_dag.py took 0.085 seconds
[2026-09-19T18:17:15.631+0000] {processor.py:161} INFO - Started process (PID=1223) to work on /opt/airflow/dags/lcbo_pipeline_dag.py
[2026-09-19T18:17:15.632+0000] {processor.py:830} INFO - Processing file /opt/airflow/dags/lcbo_pipeline_dag.py for tasks to queue
[2026-09-19T18:17:15.633+0000] {logging_mixin.py:188} INFO - [2026-09-19T18:17:15.633+0000] {dagbag.py:545} INFO - Filling up the DagBag from /opt/airflow/dags/lcbo_pipeline_dag.py
[2026-09-19T18:17:15.649+0000] {processor.py:840} INFO - DAG(s) 'lcbo_pipeline' retrieved from /opt/airflow/dags/lcbo_pipeline_dag.py
[2026-09-19T18:17:15.674+0000] {logging_mixin.py:188} INFO - [2026-09-19T18:17:15.674+0000] {dag.py:3089} INFO - Sync 1 DAGs
[2026-09-19T18:17:15.684+0000] {logging_mixin.py:188} INFO - [2026-09-19T18:17:15.684+0000] {dag.py:3947} INFO - Setting next_dagrun for lcbo_pipeline to None, run_after=None
[2026-09-19T18:17:15.699+0000] {processor.py:183} INFO - Processing /opt/airflow/dags/lcbo_pipeline_dag.py took 0.072 seconds
[2026-09-19T18:17:45.898+0000] {processor.py:161} INFO - Started process (PID=1234) to work on /opt/airflow/dags/lcbo_pipeline_dag.py
[2026-09-19T18:17:45.899+0000] {processor.py:830} INFO - Processing file /opt/airflow/dags/lcbo_pipeline_dag.py for tasks to queue
[2026-09-19T18:17:45.901+0000] {logging_mixin.py:188} INFO - [2026-09-19T18:17:45.900+0000] {dagbag.py:545} INFO - Filling up the DagBag from /opt/airflow/dags/lcbo_pipeline_dag.py
[2026-09-19T18:17:45.918+0000] {processor.py:840} INFO - DAG(s) 'lcbo_pipeline' retrieved from /opt/airflow/dags/lcbo_pipeline_dag.py
[2026-09-19T18:17:45.943+0000] {logging_mixin.py:188} INFO - [2026-09-19T18:17:45.943+0000] {dag.py:3089} INFO - Sync 1 DAGs
[2026-09-19T18:17:45.953+0000] {logging_mixin.py:188} INFO - [2026-09-19T18:17:45.953+0000] {dag.py:3947} INFO - Setting next_dagrun for lcbo_pipeline to None, run_after=None
[2026-09-19T18:17:45.968+0000] {processor.py:183} INFO - Processing /opt/airflow/dags/lcbo_pipeline_dag.py took 0.074 seconds
[2026-09-19T18:18:16.109+0000] {processor.py:161} INFO - Started process (PID=1245) to work on /opt/airflow/dags/lcbo_pipeline_dag.py
[2026-09-19T18:18:16.110+0000] {processor.py:830} INFO - Processing file /opt/airflow/dags/lcbo_pipeline_dag.py for tasks to queue
[2026-09-19T18:18:16.112+0000] {logging_mixin.py:188} INFO - [2026-09-19T18:18:16.111+0000] {dagbag.py:545} INFO - Filling up the DagBag from /opt/airflow/dags/lcbo_pipeline_dag.py
[2026-09-19T18:18:16.130+0000] {processor.py:840} INFO - DAG(s) 'lcbo_pipeline' retrieved from /opt/airflow/dags/lcbo_pipeline_dag.py
[2026-09-19T18:18:16.154+0000] {logging_mixin.py:188} INFO - [2026-09-19T18:18:16.154+0000] {dag.py:3089} INFO - Sync 1 DAGs
[2026-09-19T18:18:16.163+0000] {logging_mixin.py:188} INFO - [2026-09-19T18:18:16.163+0000] {dag.py:3947} INFO - Setting next_dagrun for lcbo_pipeline to None, run_after=None
[2026-09-19T18:18:16.182+0000] {processor.py:183} INFO - Processing /opt/airflow/dags/lcbo_pipeline_dag.py took 0.078 seconds
[2026-09-19T18:18:46.367+0000] {processor.py:161} INFO - Started process (PID=1256) to work on /opt/airflow/dags/lcbo_pipeline_dag.py
[2026-09-19T18:18:46.368+0000] {processor.py:830} INFO - Processing file /opt/airflow/dags/lcbo_pipeline_dag.py for tasks to queue
[2026-09-19T18:18:46.370+0000] {logging_mixin.py:188} INFO - [2026-09-19T18:18:46.369+0000] {dagbag.py:545} INFO - Filling up the DagBag from /opt/airflow/dags/lcbo_pipeline_dag.py
[2026-09-19T18:18:46.387+0000] {processor.py:840} INFO - DAG(s) 'lcbo_pipeline' retrieved from /opt/airflow/dags/lcbo_pipeline_dag.py
[2026-09-19T18:18:46.413+0000] {logging_mixin.py:188} INFO - [2026-09-19T18:18:46.413+0000] {dag.py:3089} INFO - Sync 1 DAGs
[2026-09-19T18:18:46.425+0000] {logging_mixin.py:188} INFO - [2026-09-19T18:18:46.424+0000] {dag.py:3947} INFO - Setting next_dagrun for lcbo_pipeline to None, run_after=None
[2026-09-19T18:18:46.444+0000] {processor.py:183} INFO - Processing /opt/airflow/dags/lcbo_pipeline_dag.py took 0.081 seconds
[2026-09-19T18:19:16.583+0000] {processor.py:161} INFO - Started process (PID=1267) to work on /opt/airflow/dags/lcbo_pipeline_dag.py
[2026-09-19T18:19:16.584+0000] {processor.py:830} INFO - Processing file /opt/airflow/dags/lcbo_pipeline_dag.py for tasks to queue
[2026-09-19T18:19:16.586+0000] {logging_mixin.py:188} INFO - [2026-09-19T18:19:16.585+0000] {dagbag.py:545} INFO - Filling up the DagBag from /opt/airflow/dags/lcbo_pipeline_dag.py
[2026-09-19T18:19:16.603+0000] {processor.py:840} INFO - DAG(s) 'lcbo_pipeline' retrieved from /opt/airflow/dags/lcbo_pipeline_dag.py
[2026-09-19T18:19:16.627+0000] {logging_mixin.py:188} INFO - [2026-09-19T18:19:16.627+0000] {dag.py:3089} INFO - Sync 1 DAGs
[2026-09-19T18:19:16.638+0000] {logging_mixin.py:188} INFO - [2026-09-19T18:19:16.638+0000] {dag.py:3947} INFO - Setting next_dagrun for lcbo_pipeline to None, run_after=None
[2026-09-19T18:19:16.656+0000] {processor.py:183} INFO - Processing /opt/airflow/dags/lcbo_pipeline_dag.py took 0.076 seconds
[2026-09-19T18:19:46.831+0000] {processor.py:161} INFO - Started process (PID=1278) to work on /opt/airflow/dags/lcbo_pipeline_dag.py
[2026-09-19T18:19:46.832+0000] {processor.py:830} INFO - Processing file /opt/airflow/dags/lcbo_pipeline_dag.py for tasks to queue
[2026-09-19T18:19:46.834+0000] {logging_mixin.py:188} INFO - [2026-09-19T18:19:46.834+0000] {dagbag.py:545} INFO - Filling up the DagBag from /opt/airflow/dags/lcbo_pipeline_dag.py
[2026-09-19T18:19:46.850+0000] {processor.py:840} INFO - DAG(s) 'lcbo_pipeline' retrieved from /opt/airflow/dags/lcbo_pipeline_dag.py
[2026-09-19T18:19:46.875+0000] {logging_mixin.py:188} INFO - [2026-09-19T18:19:46.874+0000] {dag.py:3089} INFO - Sync 1 DAGs
[2026-09-19T18:19:46.885+0000] {logging_mixin.py:188} INFO - [2026-09-19T18:19:46.885+0000] {dag.py:3947} INFO - Setting next_dagrun for lcbo_pipeline to None, run_after=None
[2026-09-19T18:19:46.899+0000] {processor.py:183} INFO - Processing /opt/airflow/dags/lcbo_pipeline_dag.py took 0.072 seconds
[2026-09-19T18:20:17.039+0000] {processor.py:161} INFO - Started process (PID=1289) to work on /opt/airflow/dags/lcbo_pipeline_dag.py
[2026-09-19T18:20:17.040+0000] {processor.py:830} INFO - Processing file /opt/airflow/dags/lcbo_pipeline_dag.py for tasks to queue
[2026-09-19T18:20:17.041+0000] {logging_mixin.py:188} INFO - [2026-09-19T18:20:17.041+0000] {dagbag.py:545} INFO - Filling up the DagBag from /opt/airflow/dags/lcbo_pipeline_dag.py
[2026-09-19T18:20:17.059+0000] {processor.py:840} INFO - DAG(s) 'lcbo_pipeline' retrieved from /opt/airflow/dags/lcbo_pipeline_dag.py
[2026-09-19T18:20:17.081+0000] {logging_mixin.py:188} INFO - [2026-09-19T18:20:17.081+0000] {dag.py:3089} INFO - Sync 1 DAGs
[2026-09-19T18:20:17.092+0000] {logging_mixin.py:188} INFO - [2026-09-19T18:20:17.091+0000] {dag.py:3947} INFO - Setting next_dagrun for lcbo_pipeline to None, run_after=None
[2026-09-19T18:20:17.112+0000] {processor.py:183} INFO - Processing /opt/airflow/dags/lcbo_pipeline_dag.py took 0.077 seconds
[2026-09-19T18:20:47.303+0000] {processor.py:161} INFO - Started process (PID=1300) to work on /opt/airflow/dags/lcbo_pipeline_dag.py
[2026-09-19T18:20:47.304+0000] {processor.py:830} INFO - Processing file /opt/airflow/dags/lcbo_pipeline_dag.py for tasks to queue
[2026-09-19T18:20:47.305+0000] {logging_mixin.py:188} INFO - [2026-09-19T18:20:47.305+0000] {dagbag.py:545} INFO - Filling up the DagBag from /opt/airflow/dags/lcbo_pipeline_dag.py
[2026-09-19T18:20:47.323+0000] {processor.py:840} INFO - DAG(s) 'lcbo_pipeline' retrieved from /opt/airflow/dags/lcbo_pipeline_dag.py
[2026-09-19T18:20:47.348+0000] {logging_mixin.py:188} INFO - [2026-09-19T18:20:47.348+0000] {dag.py:3089} INFO - Sync 1 DAGs
[2026-09-19T18:20:47.359+0000] {logging_mixin.py:188} INFO - [2026-09-19T18:20:47.358+0000] {dag.py:3947} INFO - Setting next_dagrun for lcbo_pipeline to None, run_after=None
[2026-09-19T18:20:47.373+0000] {processor.py:183} INFO - Processing /opt/airflow/dags/lcbo_pipeline_dag.py took 0.074 seconds
[2026-09-19T18:21:17.498+0000] {processor.py:161} INFO - Started process (PID=1311) to work on /opt/airflow/dags/lcbo_pipeline_dag.py
[2026-09-19T18:21:17.499+0000] {processor.py:830} INFO - Processing file /opt/airflow/dags/lcbo_pipeline_dag.py for tasks to queue
[2026-09-19T18:21:17.501+0000] {logging_mixin.py:188} INFO - [2026-09-19T18:21:17.500+0000] {dagbag.py:545} INFO - Filling up the DagBag from /opt/airflow/dags/lcbo_pipeline_dag.py
[2026-09-19T18:21:17.518+0000] {processor.py:840} INFO - DAG(s) 'lcbo_pipeline' retrieved from /opt/airflow/dags/lcbo_pipeline_dag.py
[2026-09-19T18:21:17.542+0000] {logging_mixin.py:188} INFO - [2026-09-19T18:21:17.541+0000] {dag.py:3089} INFO - Sync 1 DAGs
[2026-09-19T18:21:17.551+0000] {logging_mixin.py:188} INFO - [2026-09-19T18:21:17.551+0000] {dag.py:3947} INFO - Setting next_dagrun for lcbo_pipeline to None, run_after=None
[2026-09-19T18:21:17.569+0000] {processor.py:183} INFO - Processing /opt/airflow/dags/lcbo_pipeline_dag.py took 0.075 seconds
[2026-09-19T18:21:47.736+0000] {processor.py:161} INFO - Started process (PID=1322) to work on /opt/airflow/dags/lcbo_pipeline_dag.py
[2026-09-19T18:21:47.737+0000] {processor.py:830} INFO - Processing file /opt/airflow/dags/lcbo_pipeline_dag.py for tasks to queue
[2026-09-19T18:21:47.739+0000] {logging_mixin.py:188} INFO - [2026-09-19T18:21:47.739+0000] {dagbag.py:545} INFO - Filling up the DagBag from /opt/airflow/dags/lcbo_pipeline_dag.py
[2026-09-19T18:21:47.757+0000] {processor.py:840} INFO - DAG(s) 'lcbo_pipeline' retrieved from /opt/airflow/dags/lcbo_pipeline_dag.py
[2026-09-19T18:21:47.780+0000] {logging_mixin.py:188} INFO - [2026-09-19T18:21:47.779+0000] {dag.py:3089} INFO - Sync 1 DAGs
[2026-09-19T18:21:47.789+0000] {logging_mixin.py:188} INFO - [2026-09-19T18:21:47.789+0000] {dag.py:3947} INFO - Setting next_dagrun for lcbo_pipeline to None, run_after=None
[2026-09-19T18:21:47.805+0000] {processor.py:183} INFO - Processing /opt/airflow/dags/lcbo_pipeline_dag.py took 0.073 seconds
[2026-09-19T18:22:17.934+0000] {processor.py:161} INFO - Started process (PID=1333) to work on /opt/airflow/dags/lcbo_pipeline_dag.py
[2026-09-19T18:22:17.935+0000] {processor.py:830} INFO - Processing file /opt/airflow/dags/lcbo_pipeline_dag.py for tasks to queue
[2026-09-19T18:22:17.937+0000] {logging_mixin.py:188} INFO - [2026-09-19T18:22:17.936+0000] {dagbag.py:545} INFO - Filling up the DagBag from /opt/airflow/dags/lcbo_pipeline_dag.py
[2026-09-19T18:22:17.956+0000] {processor.py:840} INFO - DAG(s) 'lcbo_pipeline' retrieved from /opt/airflow/dags/lcbo_pipeline_dag.py
[2026-09-19T18:22:17.980+0000] {logging_mixin.py:188} INFO - [2026-09-19T18:22:17.980+0000] {dag.py:3089} INFO - Sync 1 DAGs
[2026-09-19T18:22:17.991+0000] {logging_mixin.py:188} INFO - [2026-09-19T18:22:17.990+0000] {dag.py:3947} INFO - Setting next_dagrun for lcbo_pipeline to None, run_after=None
[2026-09-19T18:22:18.008+0000] {processor.py:183} INFO - Processing /opt/airflow/dags/lcbo_pipeline_dag.py took 0.078 seconds
[2026-09-19T18:22:48.180+0000] {processor.py:161} INFO - Started process (PID=1344) to work on /opt/airflow/dags/lcbo_pipeline_dag.py
[2026-09-19T18:22:48.181+0000] {processor.py:830} INFO - Processing file /opt/airflow/dags/lcbo_pipeline_dag.py for tasks to queue
[2026-09-19T18:22:48.183+0000] {logging_mixin.py:188} INFO - [2026-09-19T18:22:48.183+0000] {dagbag.py:545} INFO - Filling up the DagBag from /opt/airflow/dags/lcbo_pipeline_dag.py
[2026-09-19T18:22:48.201+0000] {processor.py:840} INFO - DAG(s) 'lcbo_pipeline' retrieved from /opt/airflow/dags/lcbo_pipeline_dag.py
[2026-09-19T18:22:48.227+0000] {logging_mixin.py:188} INFO - [2026-09-19T18:22:48.227+0000] {dag.py:3089} INFO - Sync 1 DAGs
[2026-09-19T18:22:48.238+0000] {logging_mixin.py:188} INFO - [2026-09-19T18:22:48.237+0000] {dag.py:3947} INFO - Setting next_dagrun for lcbo_pipeline to None, run_after=None
[2026-09-19T18:22:48.255+0000] {processor.py:183} INFO - Processing /opt/airflow/dags/lcbo_pipeline_dag.py took 0.079 seconds
[2026-09-19T18:23:18.385+0000] {processor.py:161} INFO - Started process (PID=1355) to work on /opt/airflow/dags/lcbo_pipeline_dag.py
[2026-09-19T18:23:18.386+0000] {processor.py:830} INFO - Processing file /opt/airflow/dags/lcbo_pipeline_dag.py for tasks to queue
[2026-09-19T18:23:18.389+0000] {logging_mixin.py:188} INFO - [2026-09-19T18:23:18.388+0000] {dagbag.py:545} INFO - Filling up the DagBag from /opt/airflow/dags/lcbo_pipeline_dag.py
[2026-09-19T18:23:18.411+0000] {processor.py:840} INFO - DAG(s) 'lcbo_pipeline' retrieved from /opt/airflow/dags/lcbo_pipeline_dag.py
[2026-09-19T18:23:18.437+0000] {logging_mixin.py:188} INFO - [2026-09-19T18:23:18.437+0000] {dag.py:3089} INFO - Sync 1 DAGs
[2026-09-19T18:23:18.448+0000] {logging_mixin.py:188} INFO - [2026-09-19T18:23:18.447+0000] {dag.py:3947} INFO - Setting next_dagrun for lcbo_pipeline to None, run_after=None
[2026-09-19T18:23:18.464+0000] {processor.py:183} INFO - Processing /opt/airflow/dags/lcbo_pipeline_dag.py took 0.086 seconds
[2026-09-19T18:23:48.625+0000] {processor.py:161} INFO - Started process (PID=1366) to work on /opt/airflow/dags/lcbo_pipeline_dag.py
[2026-09-19T18:23:48.626+0000] {processor.py:830} INFO - Processing file /opt/airflow/dags/lcbo_pipeline_dag.py for tasks to queue
[2026-09-19T18:23:48.628+0000] {logging_mixin.py:188} INFO - [2026-09-19T18:23:48.627+0000] {dagbag.py:545} INFO - Filling up the DagBag from /opt/airflow/dags/lcbo_pipeline_dag.py
[2026-09-19T18:23:48.645+0000] {processor.py:840} INFO - DAG(s) 'lcbo_pipeline' retrieved from /opt/airflow/dags/lcbo_pipeline_dag.py
[2026-09-19T18:23:48.668+0000] {logging_mixin.py:188} INFO - [2026-09-19T18:23:48.667+0000] {dag.py:3089} INFO - Sync 1 DAGs
[2026-09-19T18:23:48.677+0000] {logging_mixin.py:188} INFO - [2026-09-19T18:23:48.677+0000] {dag.py:3947} INFO - Setting next_dagrun for lcbo_pipeline to None, run_after=None
[2026-09-19T18:23:48.692+0000] {processor.py:183} INFO - Processing /opt/airflow/dags/lcbo_pipeline_dag.py took 0.071 seconds
[2026-09-19T18:24:18.830+0000] {processor.py:161} INFO - Started process (PID=1377) to work on /opt/airflow/dags/lcbo_pipeline_dag.py
[2026-09-19T18:24:18.831+0000] {processor.py:830} INFO - Processing file /opt/airflow/dags/lcbo_pipeline_dag.py for tasks to queue
[2026-09-19T18:24:18.832+0000] {logging_mixin.py:188} INFO - [2026-09-19T18:24:18.832+0000] {dagbag.py:545} INFO - Filling up the DagBag from /opt/airflow/dags/lcbo_pipeline_dag.py
[2026-09-19T18:24:18.849+0000] {processor.py:840} INFO - DAG(s) 'lcbo_pipeline' retrieved from /opt/airflow/dags/lcbo_pipeline_dag.py
[2026-09-19T18:24:18.871+0000] {logging_mixin.py:188} INFO - [2026-09-19T18:24:18.871+0000] {dag.py:3089} INFO - Sync 1 DAGs
[2026-09-19T18:24:18.881+0000] {logging_mixin.py:188} INFO - [2026-09-19T18:24:18.880+0000] {dag.py:3947} INFO - Setting next_dagrun for lcbo_pipeline to None, run_after=None
[2026-09-19T18:24:18.895+0000] {processor.py:183} INFO - Processing /opt/airflow/dags/lcbo_pipeline_dag.py took 0.069 seconds
[2026-09-19T18:24:49.058+0000] {processor.py:161} INFO - Started process (PID=1388) to work on /opt/airflow/dags/lcbo_pipeline_dag.py
[2026-09-19T18:24:49.060+0000] {processor.py:830} INFO - Processing file /opt/airflow/dags/lcbo_pipeline_dag.py for tasks to queue
[2026-09-19T18:24:49.061+0000] {logging_mixin.py:188} INFO - [2026-09-19T18:24:49.061+0000] {dagbag.py:545} INFO - Filling up the DagBag from /opt/airflow/dags/lcbo_pipeline_dag.py
[2026-09-19T18:24:49.079+0000] {processor.py:840} INFO - DAG(s) 'lcbo_pipeline' retrieved from /opt/airflow/dags/lcbo_pipeline_dag.py
[2026-09-19T18:24:49.105+0000] {logging_mixin.py:188} INFO - [2026-09-19T18:24:49.104+0000] {dag.py:3089} INFO - Sync 1 DAGs
[2026-09-19T18:24:49.115+0000] {logging_mixin.py:188} INFO - [2026-09-19T18:24:49.114+0000] {dag.py:3947} INFO - Setting next_dagrun for lcbo_pipeline to None, run_after=None
[2026-09-19T18:24:49.132+0000] {processor.py:183} INFO - Processing /opt/airflow/dags/lcbo_pipeline_dag.py took 0.078 seconds
[2026-09-19T18:25:19.252+0000] {processor.py:161} INFO - Started process (PID=1399) to work on /opt/airflow/dags/lcbo_pipeline_dag.py
[2026-09-19T18:25:19.253+0000] {processor.py:830} INFO - Processing file /opt/airflow/dags/lcbo_pipeline_dag.py for tasks to queue
[2026-09-19T18:25:19.255+0000] {logging_mixin.py:188} INFO - [2026-09-19T18:25:19.255+0000] {dagbag.py:545} INFO - Filling up the DagBag from /opt/airflow/dags/lcbo_pipeline_dag.py
[2026-09-19T18:25:19.273+0000] {processor.py:840} INFO - DAG(s) 'lcbo_pipeline' retrieved from /opt/airflow/dags/lcbo_pipeline_dag.py
[2026-09-19T18:25:19.299+0000] {logging_mixin.py:188} INFO - [2026-09-19T18:25:19.299+0000] {dag.py:3089} INFO - Sync 1 DAGs
[2026-09-19T18:25:19.310+0000] {logging_mixin.py:188} INFO - [2026-09-19T18:25:19.310+0000] {dag.py:3947} INFO - Setting next_dagrun for lcbo_pipeline to None, run_after=None
[2026-09-19T18:25:19.325+0000] {processor.py:183} INFO - Processing /opt/airflow/dags/lcbo_pipeline_dag.py took 0.078 seconds
[2026-09-19T18:25:49.531+0000] {processor.py:161} INFO - Started process (PID=1410) to work on /opt/airflow/dags/lcbo_pipeline_dag.py
[2026-09-19T18:25:49.532+0000] {processor.py:830} INFO - Processing file /opt/airflow/dags/lcbo_pipeline_dag.py for tasks to queue
[2026-09-19T18:25:49.534+0000] {logging_mixin.py:188} INFO - [2026-09-19T18:25:49.534+0000] {dagbag.py:545} INFO - Filling up the DagBag from /opt/airflow/dags/lcbo_pipeline_dag.py
[2026-09-19T18:25:49.554+0000] {processor.py:840} INFO - DAG(s) 'lcbo_pipeline' retrieved from /opt/airflow/dags/lcbo_pipeline_dag.py
[2026-09-19T18:25:49.580+0000] {logging_mixin.py:188} INFO - [2026-09-19T18:25:49.580+0000] {dag.py:3089} INFO - Sync 1 DAGs
[2026-09-19T18:25:49.591+0000] {logging_mixin.py:188} INFO - [2026-09-19T18:25:49.591+0000] {dag.py:3947} INFO - Setting next_dagrun for lcbo_pipeline to None, run_after=None
[2026-09-19T18:25:49.608+0000] {processor.py:183} INFO - Processing /opt/airflow/dags/lcbo_pipeline_dag.py took 0.081 seconds
[2026-09-19T18:26:19.729+0000] {processor.py:161} INFO - Started process (PID=1421) to work on /opt/airflow/dags/lcbo_pipeline_dag.py
[2026-09-19T18:26:19.730+0000] {processor.py:830} INFO - Processing file /opt/airflow/dags/lcbo_pipeline_dag.py for tasks to queue
[2026-09-19T18:26:19.731+0000] {logging_mixin.py:188} INFO - [2026-09-19T18:26:19.731+0000] {dagbag.py:545} INFO - Filling up the DagBag from /opt/airflow/dags/lcbo_pipeline_dag.py
[2026-09-19T18:26:19.749+0000] {processor.py:840} INFO - DAG(s) 'lcbo_pipeline' retrieved from /opt/airflow/dags/lcbo_pipeline_dag.py
[2026-09-19T18:26:19.772+0000] {logging_mixin.py:188} INFO - [2026-09-19T18:26:19.772+0000] {dag.py:3089} INFO - Sync 1 DAGs
[2026-09-19T18:26:19.781+0000] {logging_mixin.py:188} INFO - [2026-09-19T18:26:19.781+0000] {dag.py:3947} INFO - Setting next_dagrun for lcbo_pipeline to None, run_after=None
[2026-09-19T18:26:19.797+0000] {processor.py:183} INFO - Processing /opt/airflow/dags/lcbo_pipeline_dag.py took 0.072 seconds
[2026-09-19T18:26:49.988+0000] {processor.py:161} INFO - Started process (PID=1432) to work on /opt/airflow/dags/lcbo_pipeline_dag.py
[2026-09-19T18:26:49.989+0000] {processor.py:830} INFO - Processing file /opt/airflow/dags/lcbo_pipeline_dag.py for tasks to queue
[2026-09-19T18:26:49.990+0000] {logging_mixin.py:188} INFO - [2026-09-19T18:26:49.990+0000] {dagbag.py:545} INFO - Filling up the DagBag from /opt/airflow/dags/lcbo_pipeline_dag.py
[2026-09-19T18:26:50.009+0000] {processor.py:840} INFO - DAG(s) 'lcbo_pipeline' retrieved from /opt/airflow/dags/lcbo_pipeline_dag.py
[2026-09-19T18:26:50.035+0000] {logging_mixin.py:188} INFO - [2026-09-19T18:26:50.034+0000] {dag.py:3089} INFO - Sync 1 DAGs
[2026-09-19T18:26:50.045+0000] {logging_mixin.py:188} INFO - [2026-09-19T18:26:50.045+0000] {dag.py:3947} INFO - Setting next_dagrun for lcbo_pipeline to None, run_after=None
[2026-09-19T18:26:50.059+0000] {processor.py:183} INFO - Processing /opt/airflow/dags/lcbo_pipeline_dag.py took 0.075 seconds
[2026-09-19T18:27:20.190+0000] {processor.py:161} INFO - Started process (PID=1443) to work on /opt/airflow/dags/lcbo_pipeline_dag.py
[2026-09-19T18:27:20.191+0000] {processor.py:830} INFO - Processing file /opt/airflow/dags/lcbo_pipeline_dag.py for tasks to queue
[2026-09-19T18:27:20.193+0000] {logging_mixin.py:188} INFO - [2026-09-19T18:27:20.193+0000] {dagbag.py:545} INFO - Filling up the DagBag from /opt/airflow/dags/lcbo_pipeline_dag.py
[2026-09-19T18:27:20.210+0000] {processor.py:840} INFO - DAG(s) 'lcbo_pipeline' retrieved from /opt/airflow/dags/lcbo_pipeline_dag.py
[2026-09-19T18:27:20.236+0000] {logging_mixin.py:188} INFO - [2026-09-19T18:27:20.236+0000] {dag.py:3089} INFO - Sync 1 DAGs
[2026-09-19T18:27:20.246+0000] {logging_mixin.py:188} INFO - [2026-09-19T18:27:20.245+0000] {dag.py:3947} INFO - Setting next_dagrun for lcbo_pipeline to None, run_after=None
[2026-09-19T18:27:20.260+0000] {processor.py:183} INFO - Processing /opt/airflow/dags/lcbo_pipeline_dag.py took 0.074 seconds
[2026-09-19T18:27:50.430+0000] {processor.py:161} INFO - Started process (PID=1454) to work on /opt/airflow/dags/lcbo_pipeline_dag.py
[2026-09-19T18:27:50.431+0000] {processor.py:830} INFO - Processing file /opt/airflow/dags/lcbo_pipeline_dag.py for tasks to queue
[2026-09-19T18:27:50.432+0000] {logging_mixin.py:188} INFO - [2026-09-19T18:27:50.432+0000] {dagbag.py:545} INFO - Filling up the DagBag from /opt/airflow/dags/lcbo_pipeline_dag.py
[2026-09-19T18:27:50.450+0000] {processor.py:840} INFO - DAG(s) 'lcbo_pipeline' retrieved from /opt/airflow/dags/lcbo_pipeline_dag.py
[2026-09-19T18:27:50.472+0000] {logging_mixin.py:188} INFO - [2026-09-19T18:27:50.472+0000] {dag.py:3089} INFO - Sync 1 DAGs
[2026-09-19T18:27:50.483+0000] {logging_mixin.py:188} INFO - [2026-09-19T18:27:50.483+0000] {dag.py:3947} INFO - Setting next_dagrun for lcbo_pipeline to None, run_after=None
[2026-09-19T18:27:50.502+0000] {processor.py:183} INFO - Processing /opt/airflow/dags/lcbo_pipeline_dag.py took 0.077 seconds
[2026-09-19T18:28:20.623+0000] {processor.py:161} INFO - Started process (PID=1465) to work on /opt/airflow/dags/lcbo_pipeline_dag.py
[2026-09-19T18:28:20.624+0000] {processor.py:830} INFO - Processing file /opt/airflow/dags/lcbo_pipeline_dag.py for tasks to queue
[2026-09-19T18:28:20.626+0000] {logging_mixin.py:188} INFO - [2026-09-19T18:28:20.626+0000] {dagbag.py:545} INFO - Filling up the DagBag from /opt/airflow/dags/lcbo_pipeline_dag.py
[2026-09-19T18:28:20.646+0000] {processor.py:840} INFO - DAG(s) 'lcbo_pipeline' retrieved from /opt/airflow/dags/lcbo_pipeline_dag.py
[2026-09-19T18:28:20.671+0000] {logging_mixin.py:188} INFO - [2026-09-19T18:28:20.671+0000] {dag.py:3089} INFO - Sync 1 DAGs
[2026-09-19T18:28:20.682+0000] {logging_mixin.py:188} INFO - [2026-09-19T18:28:20.682+0000] {dag.py:3947} INFO - Setting next_dagrun for lcbo_pipeline to None, run_after=None
[2026-09-19T18:28:20.711+0000] {processor.py:183} INFO - Processing /opt/airflow/dags/lcbo_pipeline_dag.py took 0.092 seconds
[2026-09-19T18:28:50.876+0000] {processor.py:161} INFO - Started process (PID=1476) to work on /opt/airflow/dags/lcbo_pipeline_dag.py
[2026-09-19T18:28:50.877+0000] {processor.py:830} INFO - Processing file /opt/airflow/dags/lcbo_pipeline_dag.py for tasks to queue
[2026-09-19T18:28:50.879+0000] {logging_mixin.py:188} INFO - [2026-09-19T18:28:50.879+0000] {dagbag.py:545} INFO - Filling up the DagBag from /opt/airflow/dags/lcbo_pipeline_dag.py
[2026-09-19T18:28:50.897+0000] {processor.py:840} INFO - DAG(s) 'lcbo_pipeline' retrieved from /opt/airflow/dags/lcbo_pipeline_dag.py
[2026-09-19T18:28:50.922+0000] {logging_mixin.py:188} INFO - [2026-09-19T18:28:50.922+0000] {dag.py:3089} INFO - Sync 1 DAGs
[2026-09-19T18:28:50.933+0000] {logging_mixin.py:188} INFO - [2026-09-19T18:28:50.932+0000] {dag.py:3947} INFO - Setting next_dagrun for lcbo_pipeline to None, run_after=None
[2026-09-19T18:28:50.951+0000] {processor.py:183} INFO - Processing /opt/airflow/dags/lcbo_pipeline_dag.py took 0.079 seconds
[2026-09-19T18:29:21.074+0000] {processor.py:161} INFO - Started process (PID=1487) to work on /opt/airflow/dags/lcbo_pipeline_dag.py
[2026-09-19T18:29:21.075+0000] {processor.py:830} INFO - Processing file /opt/airflow/dags/lcbo_pipeline_dag.py for tasks to queue
[2026-09-19T18:29:21.077+0000] {logging_mixin.py:188} INFO - [2026-09-19T18:29:21.076+0000] {dagbag.py:545} INFO - Filling up the DagBag from /opt/airflow/dags/lcbo_pipeline_dag.py
[2026-09-19T18:29:21.093+0000] {processor.py:840} INFO - DAG(s) 'lcbo_pipeline' retrieved from /opt/airflow/dags/lcbo_pipeline_dag.py
[2026-09-19T18:29:21.118+0000] {logging_mixin.py:188} INFO - [2026-09-19T18:29:21.117+0000] {dag.py:3089} INFO - Sync 1 DAGs
[2026-09-19T18:29:21.127+0000] {logging_mixin.py:188} INFO - [2026-09-19T18:29:21.127+0000] {dag.py:3947} INFO - Setting next_dagrun for lcbo_pipeline to None, run_after=None
[2026-09-19T18:29:21.143+0000] {processor.py:183} INFO - Processing /opt/airflow/dags/lcbo_pipeline_dag.py took 0.072 seconds
[2026-09-19T18:29:51.317+0000] {processor.py:161} INFO - Started process (PID=1498) to work on /opt/airflow/dags/lcbo_pipeline_dag.py
[2026-09-19T18:29:51.318+0000] {processor.py:830} INFO - Processing file /opt/airflow/dags/lcbo_pipeline_dag.py for tasks to queue
[2026-09-19T18:29:51.320+0000] {logging_mixin.py:188} INFO - [2026-09-19T18:29:51.319+0000] {dagbag.py:545} INFO - Filling up the DagBag from /opt/airflow/dags/lcbo_pipeline_dag.py
[2026-09-19T18:29:51.338+0000] {processor.py:840} INFO - DAG(s) 'lcbo_pipeline' retrieved from /opt/airflow/dags/lcbo_pipeline_dag.py
[2026-09-19T18:29:51.361+0000] {logging_mixin.py:188} INFO - [2026-09-19T18:29:51.361+0000] {dag.py:3089} INFO - Sync 1 DAGs
[2026-09-19T18:29:51.371+0000] {logging_mixin.py:188} INFO - [2026-09-19T18:29:51.371+0000] {dag.py:3947} INFO - Setting next_dagrun for lcbo_pipeline to None, run_after=None
[2026-09-19T18:29:51.387+0000] {processor.py:183} INFO - Processing /opt/airflow/dags/lcbo_pipeline_dag.py took 0.074 seconds
[2026-09-19T18:30:21.517+0000] {processor.py:161} INFO - Started process (PID=1509) to work on /opt/airflow/dags/lcbo_pipeline_dag.py
[2026-09-19T18:30:21.519+0000] {processor.py:830} INFO - Processing file /opt/airflow/dags/lcbo_pipeline_dag.py for tasks to queue
[2026-09-19T18:30:21.521+0000] {logging_mixin.py:188} INFO - [2026-09-19T18:30:21.520+0000] {dagbag.py:545} INFO - Filling up the DagBag from /opt/airflow/dags/lcbo_pipeline_dag.py
[2026-09-19T18:30:21.537+0000] {processor.py:840} INFO - DAG(s) 'lcbo_pipeline' retrieved from /opt/airflow/dags/lcbo_pipeline_dag.py
[2026-09-19T18:30:21.560+0000] {logging_mixin.py:188} INFO - [2026-09-19T18:30:21.560+0000] {dag.py:3089} INFO - Sync 1 DAGs
[2026-09-19T18:30:21.569+0000] {logging_mixin.py:188} INFO - [2026-09-19T18:30:21.569+0000] {dag.py:3947} INFO - Setting next_dagrun for lcbo_pipeline to None, run_after=None
[2026-09-19T18:30:21.586+0000] {processor.py:183} INFO - Processing /opt/airflow/dags/lcbo_pipeline_dag.py took 0.072 seconds
[2026-09-19T18:30:51.788+0000] {processor.py:161} INFO - Started process (PID=1520) to work on /opt/airflow/dags/lcbo_pipeline_dag.py
[2026-09-19T18:30:51.789+0000] {processor.py:830} INFO - Processing file /opt/airflow/dags/lcbo_pipeline_dag.py for tasks to queue
[2026-09-19T18:30:51.791+0000] {logging_mixin.py:188} INFO - [2026-09-19T18:30:51.791+0000] {dagbag.py:545} INFO - Filling up the DagBag from /opt/airflow/dags/lcbo_pipeline_dag.py
[2026-09-19T18:30:51.808+0000] {processor.py:840} INFO - DAG(s) 'lcbo_pipeline' retrieved from /opt/airflow/dags/lcbo_pipeline_dag.py
[2026-09-19T18:30:51.831+0000] {logging_mixin.py:188} INFO - [2026-09-19T18:30:51.831+0000] {dag.py:3089} INFO - Sync 1 DAGs
[2026-09-19T18:30:51.841+0000] {logging_mixin.py:188} INFO - [2026-09-19T18:30:51.841+0000] {dag.py:3947} INFO - Setting next_dagrun for lcbo_pipeline to None, run_after=None
[2026-09-19T18:30:51.857+0000] {processor.py:183} INFO - Processing /opt/airflow/dags/lcbo_pipeline_dag.py took 0.073 seconds
[2026-09-19T18:31:21.985+0000] {processor.py:161} INFO - Started process (PID=1531) to work on /opt/airflow/dags/lcbo_pipeline_dag.py
[2026-09-19T18:31:21.986+0000] {processor.py:830} INFO - Processing file /opt/airflow/dags/lcbo_pipeline_dag.py for tasks to queue
[2026-09-19T18:31:21.988+0000] {logging_mixin.py:188} INFO - [2026-09-19T18:31:21.988+0000] {dagbag.py:545} INFO - Filling up the DagBag from /opt/airflow/dags/lcbo_pipeline_dag.py
[2026-09-19T18:31:22.006+0000] {processor.py:840} INFO - DAG(s) 'lcbo_pipeline' retrieved from /opt/airflow/dags/lcbo_pipeline_dag.py
[2026-09-19T18:31:22.032+0000] {logging_mixin.py:188} INFO - [2026-09-19T18:31:22.031+0000] {dag.py:3089} INFO - Sync 1 DAGs
[2026-09-19T18:31:22.041+0000] {logging_mixin.py:188} INFO - [2026-09-19T18:31:22.041+0000] {dag.py:3947} INFO - Setting next_dagrun for lcbo_pipeline to None, run_after=None
[2026-09-19T18:31:22.057+0000] {processor.py:183} INFO - Processing /opt/airflow/dags/lcbo_pipeline_dag.py took 0.076 seconds
[2026-09-19T18:31:52.219+0000] {processor.py:161} INFO - Started process (PID=1542) to work on /opt/airflow/dags/lcbo_pipeline_dag.py
[2026-09-19T18:31:52.220+0000] {processor.py:830} INFO - Processing file /opt/airflow/dags/lcbo_pipeline_dag.py for tasks to queue
[2026-09-19T18:31:52.222+0000] {logging_mixin.py:188} INFO - [2026-09-19T18:31:52.222+0000] {dagbag.py:545} INFO - Filling up the DagBag from /opt/airflow/dags/lcbo_pipeline_dag.py
[2026-09-19T18:31:52.239+0000] {processor.py:840} INFO - DAG(s) 'lcbo_pipeline' retrieved from /opt/airflow/dags/lcbo_pipeline_dag.py
[2026-09-19T18:31:52.262+0000] {logging_mixin.py:188} INFO - [2026-09-19T18:31:52.262+0000] {dag.py:3089} INFO - Sync 1 DAGs
[2026-09-19T18:31:52.271+0000] {logging_mixin.py:188} INFO - [2026-09-19T18:31:52.271+0000] {dag.py:3947} INFO - Setting next_dagrun for lcbo_pipeline to None, run_after=None
[2026-09-19T18:31:52.288+0000] {processor.py:183} INFO - Processing /opt/airflow/dags/lcbo_pipeline_dag.py took 0.072 seconds
[2026-09-19T18:32:22.421+0000] {processor.py:161} INFO - Started process (PID=1553) to work on /opt/airflow/dags/lcbo_pipeline_dag.py
[2026-09-19T18:32:22.422+0000] {processor.py:830} INFO - Processing file /opt/airflow/dags/lcbo_pipeline_dag.py for tasks to queue
[2026-09-19T18:32:22.423+0000] {logging_mixin.py:188} INFO - [2026-09-19T18:32:22.423+0000] {dagbag.py:545} INFO - Filling up the DagBag from /opt/airflow/dags/lcbo_pipeline_dag.py
[2026-09-19T18:32:22.442+0000] {processor.py:840} INFO - DAG(s) 'lcbo_pipeline' retrieved from /opt/airflow/dags/lcbo_pipeline_dag.py
[2026-09-19T18:32:22.466+0000] {logging_mixin.py:188} INFO - [2026-09-19T18:32:22.466+0000] {dag.py:3089} INFO - Sync 1 DAGs
[2026-09-19T18:32:22.476+0000] {logging_mixin.py:188} INFO - [2026-09-19T18:32:22.476+0000] {dag.py:3947} INFO - Setting next_dagrun for lcbo_pipeline to None, run_after=None
[2026-09-19T18:32:22.491+0000] {processor.py:183} INFO - Processing /opt/airflow/dags/lcbo_pipeline_dag.py took 0.074 seconds
[2026-09-19T18:32:52.654+0000] {processor.py:161} INFO - Started process (PID=1564) to work on /opt/airflow/dags/lcbo_pipeline_dag.py
[2026-09-19T18:32:52.655+0000] {processor.py:830} INFO - Processing file /opt/airflow/dags/lcbo_pipeline_dag.py for tasks to queue
[2026-09-19T18:32:52.657+0000] {logging_mixin.py:188} INFO - [2026-09-19T18:32:52.657+0000] {dagbag.py:545} INFO - Filling up the DagBag from /opt/airflow/dags/lcbo_pipeline_dag.py
[2026-09-19T18:32:52.675+0000] {processor.py:840} INFO - DAG(s) 'lcbo_pipeline' retrieved from /opt/airflow/dags/lcbo_pipeline_dag.py
[2026-09-19T18:32:52.699+0000] {logging_mixin.py:188} INFO - [2026-09-19T18:32:52.699+0000] {dag.py:3089} INFO - Sync 1 DAGs
[2026-09-19T18:32:52.709+0000] {logging_mixin.py:188} INFO - [2026-09-19T18:32:52.708+0000] {dag.py:3947} INFO - Setting next_dagrun for lcbo_pipeline to None, run_after=None
[2026-09-19T18:32:52.724+0000] {processor.py:183} INFO - Processing /opt/airflow/dags/lcbo_pipeline_dag.py took 0.074 seconds
[2026-09-19T18:33:22.847+0000] {processor.py:161} INFO - Started process (PID=1575) to work on /opt/airflow/dags/lcbo_pipeline_dag.py
[2026-09-19T18:33:22.848+0000] {processor.py:830} INFO - Processing file /opt/airflow/dags/lcbo_pipeline_dag.py for tasks to queue
[2026-09-19T18:33:22.849+0000] {logging_mixin.py:188} INFO - [2026-09-19T18:33:22.849+0000] {dagbag.py:545} INFO - Filling up the DagBag from /opt/airflow/dags/lcbo_pipeline_dag.py
[2026-09-19T18:33:22.867+0000] {processor.py:840} INFO - DAG(s) 'lcbo_pipeline' retrieved from /opt/airflow/dags/lcbo_pipeline_dag.py
[2026-09-19T18:33:22.892+0000] {logging_mixin.py:188} INFO - [2026-09-19T18:33:22.892+0000] {dag.py:3089} INFO - Sync 1 DAGs
[2026-09-19T18:33:22.902+0000] {logging_mixin.py:188} INFO - [2026-09-19T18:33:22.902+0000] {dag.py:3947} INFO - Setting next_dagrun for lcbo_pipeline to None, run_after=None
[2026-09-19T18:33:22.919+0000] {processor.py:183} INFO - Processing /opt/airflow/dags/lcbo_pipeline_dag.py took 0.077 seconds
[2026-09-19T18:33:53.084+0000] {processor.py:161} INFO - Started process (PID=1586) to work on /opt/airflow/dags/lcbo_pipeline_dag.py
[2026-09-19T18:33:53.085+0000] {processor.py:830} INFO - Processing file /opt/airflow/dags/lcbo_pipeline_dag.py for tasks to queue
[2026-09-19T18:33:53.086+0000] {logging_mixin.py:188} INFO - [2026-09-19T18:33:53.086+0000] {dagbag.py:545} INFO - Filling up the DagBag from /opt/airflow/dags/lcbo_pipeline_dag.py
[2026-09-19T18:33:53.103+0000] {processor.py:840} INFO - DAG(s) 'lcbo_pipeline' retrieved from /opt/airflow/dags/lcbo_pipeline_dag.py
[2026-09-19T18:33:53.126+0000] {logging_mixin.py:188} INFO - [2026-09-19T18:33:53.126+0000] {dag.py:3089} INFO - Sync 1 DAGs
[2026-09-19T18:33:53.137+0000] {logging_mixin.py:188} INFO - [2026-09-19T18:33:53.137+0000] {dag.py:3947} INFO - Setting next_dagrun for lcbo_pipeline to None, run_after=None
[2026-09-19T18:33:53.152+0000] {processor.py:183} INFO - Processing /opt/airflow/dags/lcbo_pipeline_dag.py took 0.072 seconds
[2026-09-19T18:34:23.283+0000] {processor.py:161} INFO - Started process (PID=1597) to work on /opt/airflow/dags/lcbo_pipeline_dag.py
[2026-09-19T18:34:23.284+0000] {processor.py:830} INFO - Processing file /opt/airflow/dags/lcbo_pipeline_dag.py for tasks to queue
[2026-09-19T18:34:23.285+0000] {logging_mixin.py:188} INFO - [2026-09-19T18:34:23.285+0000] {dagbag.py:545} INFO - Filling up the DagBag from /opt/airflow/dags/lcbo_pipeline_dag.py
[2026-09-19T18:34:23.303+0000] {processor.py:840} INFO - DAG(s) 'lcbo_pipeline' retrieved from /opt/airflow/dags/lcbo_pipeline_dag.py
[2026-09-19T18:34:23.327+0000] {logging_mixin.py:188} INFO - [2026-09-19T18:34:23.327+0000] {dag.py:3089} INFO - Sync 1 DAGs
[2026-09-19T18:34:23.337+0000] {logging_mixin.py:188} INFO - [2026-09-19T18:34:23.336+0000] {dag.py:3947} INFO - Setting next_dagrun for lcbo_pipeline to None, run_after=None
[2026-09-19T18:34:23.353+0000] {processor.py:183} INFO - Processing /opt/airflow/dags/lcbo_pipeline_dag.py took 0.075 seconds
[2026-09-19T18:34:53.520+0000] {processor.py:161} INFO - Started process (PID=1608) to work on /opt/airflow/dags/lcbo_pipeline_dag.py
[2026-09-19T18:34:53.521+0000] {processor.py:830} INFO - Processing file /opt/airflow/dags/lcbo_pipeline_dag.py for tasks to queue
[2026-09-19T18:34:53.523+0000] {logging_mixin.py:188} INFO - [2026-09-19T18:34:53.523+0000] {dagbag.py:545} INFO - Filling up the DagBag from /opt/airflow/dags/lcbo_pipeline_dag.py
[2026-09-19T18:34:53.541+0000] {processor.py:840} INFO - DAG(s) 'lcbo_pipeline' retrieved from /opt/airflow/dags/lcbo_pipeline_dag.py
[2026-09-19T18:34:53.565+0000] {logging_mixin.py:188} INFO - [2026-09-19T18:34:53.564+0000] {dag.py:3089} INFO - Sync 1 DAGs
[2026-09-19T18:34:53.574+0000] {logging_mixin.py:188} INFO - [2026-09-19T18:34:53.573+0000] {dag.py:3947} INFO - Setting next_dagrun for lcbo_pipeline to None, run_after=None
[2026-09-19T18:34:53.588+0000] {processor.py:183} INFO - Processing /opt/airflow/dags/lcbo_pipeline_dag.py took 0.072 seconds
[2026-09-19T18:35:23.720+0000] {processor.py:161} INFO - Started process (PID=1619) to work on /opt/airflow/dags/lcbo_pipeline_dag.py
[2026-09-19T18:35:23.721+0000] {processor.py:830} INFO - Processing file /opt/airflow/dags/lcbo_pipeline_dag.py for tasks to queue
[2026-09-19T18:35:23.722+0000] {logging_mixin.py:188} INFO - [2026-09-19T18:35:23.722+0000] {dagbag.py:545} INFO - Filling up the DagBag from /opt/airflow/dags/lcbo_pipeline_dag.py
[2026-09-19T18:35:23.740+0000] {processor.py:840} INFO - DAG(s) 'lcbo_pipeline' retrieved from /opt/airflow/dags/lcbo_pipeline_dag.py
[2026-09-19T18:35:23.766+0000] {logging_mixin.py:188} INFO - [2026-09-19T18:35:23.765+0000] {dag.py:3089} INFO - Sync 1 DAGs
[2026-09-19T18:35:23.776+0000] {logging_mixin.py:188} INFO - [2026-09-19T18:35:23.776+0000] {dag.py:3947} INFO - Setting next_dagrun for lcbo_pipeline to None, run_after=None
[2026-09-19T18:35:23.796+0000] {processor.py:183} INFO - Processing /opt/airflow/dags/lcbo_pipeline_dag.py took 0.080 seconds
[2026-09-19T18:35:54.004+0000] {processor.py:161} INFO - Started process (PID=1630) to work on /opt/airflow/dags/lcbo_pipeline_dag.py
[2026-09-19T18:35:54.005+0000] {processor.py:830} INFO - Processing file /opt/airflow/dags/lcbo_pipeline_dag.py for tasks to queue
[2026-09-19T18:35:54.007+0000] {logging_mixin.py:188} INFO - [2026-09-19T18:35:54.007+0000] {dagbag.py:545} INFO - Filling up the DagBag from /opt/airflow/dags/lcbo_pipeline_dag.py
[2026-09-19T18:35:54.024+0000] {processor.py:840} INFO - DAG(s) 'lcbo_pipeline' retrieved from /opt/airflow/dags/lcbo_pipeline_dag.py
[2026-09-19T18:35:54.049+0000] {logging_mixin.py:188} INFO - [2026-09-19T18:35:54.049+0000] {dag.py:3089} INFO - Sync 1 DAGs
[2026-09-19T18:35:54.059+0000] {logging_mixin.py:188} INFO - [2026-09-19T18:35:54.059+0000] {dag.py:3947} INFO - Setting next_dagrun for lcbo_pipeline to None, run_after=None
[2026-09-19T18:35:54.075+0000] {processor.py:183} INFO - Processing /opt/airflow/dags/lcbo_pipeline_dag.py took 0.075 seconds
[2026-09-19T18:36:24.204+0000] {processor.py:161} INFO - Started process (PID=1641) to work on /opt/airflow/dags/lcbo_pipeline_dag.py
[2026-09-19T18:36:24.205+0000] {processor.py:830} INFO - Processing file /opt/airflow/dags/lcbo_pipeline_dag.py for tasks to queue
[2026-09-19T18:36:24.207+0000] {logging_mixin.py:188} INFO - [2026-09-19T18:36:24.207+0000] {dagbag.py:545} INFO - Filling up the DagBag from /opt/airflow/dags/lcbo_pipeline_dag.py
[2026-09-19T18:36:24.227+0000] {processor.py:840} INFO - DAG(s) 'lcbo_pipeline' retrieved from /opt/airflow/dags/lcbo_pipeline_dag.py
[2026-09-19T18:36:24.254+0000] {logging_mixin.py:188} INFO - [2026-09-19T18:36:24.254+0000] {dag.py:3089} INFO - Sync 1 DAGs
[2026-09-19T18:36:24.265+0000] {logging_mixin.py:188} INFO - [2026-09-19T18:36:24.265+0000] {dag.py:3947} INFO - Setting next_dagrun for lcbo_pipeline to None, run_after=None
[2026-09-19T18:36:24.283+0000] {processor.py:183} INFO - Processing /opt/airflow/dags/lcbo_pipeline_dag.py took 0.084 seconds
[2026-09-19T18:36:54.440+0000] {processor.py:161} INFO - Started process (PID=1652) to work on /opt/airflow/dags/lcbo_pipeline_dag.py
[2026-09-19T18:36:54.442+0000] {processor.py:830} INFO - Processing file /opt/airflow/dags/lcbo_pipeline_dag.py for tasks to queue
[2026-09-19T18:36:54.443+0000] {logging_mixin.py:188} INFO - [2026-09-19T18:36:54.443+0000] {dagbag.py:545} INFO - Filling up the DagBag from /opt/airflow/dags/lcbo_pipeline_dag.py
[2026-09-19T18:36:54.463+0000] {processor.py:840} INFO - DAG(s) 'lcbo_pipeline' retrieved from /opt/airflow/dags/lcbo_pipeline_dag.py
[2026-09-19T18:36:54.489+0000] {logging_mixin.py:188} INFO - [2026-09-19T18:36:54.488+0000] {dag.py:3089} INFO - Sync 1 DAGs
[2026-09-19T18:36:54.499+0000] {logging_mixin.py:188} INFO - [2026-09-19T18:36:54.499+0000] {dag.py:3947} INFO - Setting next_dagrun for lcbo_pipeline to None, run_after=None
[2026-09-19T18:36:54.514+0000] {processor.py:183} INFO - Processing /opt/airflow/dags/lcbo_pipeline_dag.py took 0.077 seconds
[2026-09-19T18:37:24.659+0000] {processor.py:161} INFO - Started process (PID=1663) to work on /opt/airflow/dags/lcbo_pipeline_dag.py
[2026-09-19T18:37:24.660+0000] {processor.py:830} INFO - Processing file /opt/airflow/dags/lcbo_pipeline_dag.py for tasks to queue
[2026-09-19T18:37:24.662+0000] {logging_mixin.py:188} INFO - [2026-09-19T18:37:24.661+0000] {dagbag.py:545} INFO - Filling up the DagBag from /opt/airflow/dags/lcbo_pipeline_dag.py
[2026-09-19T18:37:24.679+0000] {processor.py:840} INFO - DAG(s) 'lcbo_pipeline' retrieved from /opt/airflow/dags/lcbo_pipeline_dag.py
[2026-09-19T18:37:24.705+0000] {logging_mixin.py:188} INFO - [2026-09-19T18:37:24.704+0000] {dag.py:3089} INFO - Sync 1 DAGs
[2026-09-19T18:37:24.715+0000] {logging_mixin.py:188} INFO - [2026-09-19T18:37:24.715+0000] {dag.py:3947} INFO - Setting next_dagrun for lcbo_pipeline to None, run_after=None
[2026-09-19T18:37:24.732+0000] {processor.py:183} INFO - Processing /opt/airflow/dags/lcbo_pipeline_dag.py took 0.077 seconds
[2026-09-19T18:37:54.883+0000] {processor.py:161} INFO - Started process (PID=1674) to work on /opt/airflow/dags/lcbo_pipeline_dag.py
[2026-09-19T18:37:54.884+0000] {processor.py:830} INFO - Processing file /opt/airflow/dags/lcbo_pipeline_dag.py for tasks to queue
[2026-09-19T18:37:54.886+0000] {logging_mixin.py:188} INFO - [2026-09-19T18:37:54.885+0000] {dagbag.py:545} INFO - Filling up the DagBag from /opt/airflow/dags/lcbo_pipeline_dag.py
[2026-09-19T18:37:54.904+0000] {processor.py:840} INFO - DAG(s) 'lcbo_pipeline' retrieved from /opt/airflow/dags/lcbo_pipeline_dag.py
[2026-09-19T18:37:54.928+0000] {logging_mixin.py:188} INFO - [2026-09-19T18:37:54.928+0000] {dag.py:3089} INFO - Sync 1 DAGs
[2026-09-19T18:37:54.938+0000] {logging_mixin.py:188} INFO - [2026-09-19T18:37:54.938+0000] {dag.py:3947} INFO - Setting next_dagrun for lcbo_pipeline to None, run_after=None
[2026-09-19T18:37:54.953+0000] {processor.py:183} INFO - Processing /opt/airflow/dags/lcbo_pipeline_dag.py took 0.075 seconds
[2026-09-19T18:38:25.081+0000] {processor.py:161} INFO - Started process (PID=1685) to work on /opt/airflow/dags/lcbo_pipeline_dag.py
[2026-09-19T18:38:25.082+0000] {processor.py:830} INFO - Processing file /opt/airflow/dags/lcbo_pipeline_dag.py for tasks to queue
[2026-09-19T18:38:25.084+0000] {logging_mixin.py:188} INFO - [2026-09-19T18:38:25.084+0000] {dagbag.py:545} INFO - Filling up the DagBag from /opt/airflow/dags/lcbo_pipeline_dag.py
[2026-09-19T18:38:25.103+0000] {processor.py:840} INFO - DAG(s) 'lcbo_pipeline' retrieved from /opt/airflow/dags/lcbo_pipeline_dag.py
[2026-09-19T18:38:25.127+0000] {logging_mixin.py:188} INFO - [2026-09-19T18:38:25.126+0000] {dag.py:3089} INFO - Sync 1 DAGs
[2026-09-19T18:38:25.136+0000] {logging_mixin.py:188} INFO - [2026-09-19T18:38:25.136+0000] {dag.py:3947} INFO - Setting next_dagrun for lcbo_pipeline to None, run_after=None
[2026-09-19T18:38:25.152+0000] {processor.py:183} INFO - Processing /opt/airflow/dags/lcbo_pipeline_dag.py took 0.075 seconds
[2026-09-19T18:38:55.317+0000] {processor.py:161} INFO - Started process (PID=1696) to work on /opt/airflow/dags/lcbo_pipeline_dag.py
[2026-09-19T18:38:55.318+0000] {processor.py:830} INFO - Processing file /opt/airflow/dags/lcbo_pipeline_dag.py for tasks to queue
[2026-09-19T18:38:55.320+0000] {logging_mixin.py:188} INFO - [2026-09-19T18:38:55.320+0000] {dagbag.py:545} INFO - Filling up the DagBag from /opt/airflow/dags/lcbo_pipeline_dag.py
[2026-09-19T18:38:55.340+0000] {processor.py:840} INFO - DAG(s) 'lcbo_pipeline' retrieved from /opt/airflow/dags/lcbo_pipeline_dag.py
[2026-09-19T18:38:55.366+0000] {logging_mixin.py:188} INFO - [2026-09-19T18:38:55.366+0000] {dag.py:3089} INFO - Sync 1 DAGs
[2026-09-19T18:38:55.377+0000] {logging_mixin.py:188} INFO - [2026-09-19T18:38:55.377+0000] {dag.py:3947} INFO - Setting next_dagrun for lcbo_pipeline to None, run_after=None
[2026-09-19T18:38:55.394+0000] {processor.py:183} INFO - Processing /opt/airflow/dags/lcbo_pipeline_dag.py took 0.081 seconds
[2026-09-19T18:39:25.510+0000] {processor.py:161} INFO - Started process (PID=1707) to work on /opt/airflow/dags/lcbo_pipeline_dag.py
[2026-09-19T18:39:25.511+0000] {processor.py:830} INFO - Processing file /opt/airflow/dags/lcbo_pipeline_dag.py for tasks to queue
[2026-09-19T18:39:25.513+0000] {logging_mixin.py:188} INFO - [2026-09-19T18:39:25.512+0000] {dagbag.py:545} INFO - Filling up the DagBag from /opt/airflow/dags/lcbo_pipeline_dag.py
[2026-09-19T18:39:25.530+0000] {processor.py:840} INFO - DAG(s) 'lcbo_pipeline' retrieved from /opt/airflow/dags/lcbo_pipeline_dag.py
[2026-09-19T18:39:25.554+0000] {logging_mixin.py:188} INFO - [2026-09-19T18:39:25.554+0000] {dag.py:3089} INFO - Sync 1 DAGs
[2026-09-19T18:39:25.564+0000] {logging_mixin.py:188} INFO - [2026-09-19T18:39:25.564+0000] {dag.py:3947} INFO - Setting next_dagrun for lcbo_pipeline to None, run_after=None
[2026-09-19T18:39:25.579+0000] {processor.py:183} INFO - Processing /opt/airflow/dags/lcbo_pipeline_dag.py took 0.073 seconds
[2026-09-19T18:39:55.767+0000] {processor.py:161} INFO - Started process (PID=1718) to work on /opt/airflow/dags/lcbo_pipeline_dag.py
[2026-09-19T18:39:55.768+0000] {processor.py:830} INFO - Processing file /opt/airflow/dags/lcbo_pipeline_dag.py for tasks to queue
[2026-09-19T18:39:55.770+0000] {logging_mixin.py:188} INFO - [2026-09-19T18:39:55.769+0000] {dagbag.py:545} INFO - Filling up the DagBag from /opt/airflow/dags/lcbo_pipeline_dag.py
[2026-09-19T18:39:55.786+0000] {processor.py:840} INFO - DAG(s) 'lcbo_pipeline' retrieved from /opt/airflow/dags/lcbo_pipeline_dag.py
[2026-09-19T18:39:55.811+0000] {logging_mixin.py:188} INFO - [2026-09-19T18:39:55.811+0000] {dag.py:3089} INFO - Sync 1 DAGs
[2026-09-19T18:39:55.820+0000] {logging_mixin.py:188} INFO - [2026-09-19T18:39:55.820+0000] {dag.py:3947} INFO - Setting next_dagrun for lcbo_pipeline to None, run_after=None
[2026-09-19T18:39:55.835+0000] {processor.py:183} INFO - Processing /opt/airflow/dags/lcbo_pipeline_dag.py took 0.072 seconds
[2026-09-19T18:40:25.962+0000] {processor.py:161} INFO - Started process (PID=1729) to work on /opt/airflow/dags/lcbo_pipeline_dag.py
[2026-09-19T18:40:25.963+0000] {processor.py:830} INFO - Processing file /opt/airflow/dags/lcbo_pipeline_dag.py for tasks to queue
[2026-09-19T18:40:25.965+0000] {logging_mixin.py:188} INFO - [2026-09-19T18:40:25.965+0000] {dagbag.py:545} INFO - Filling up the DagBag from /opt/airflow/dags/lcbo_pipeline_dag.py
[2026-09-19T18:40:25.982+0000] {processor.py:840} INFO - DAG(s) 'lcbo_pipeline' retrieved from /opt/airflow/dags/lcbo_pipeline_dag.py
[2026-09-19T18:40:26.009+0000] {logging_mixin.py:188} INFO - [2026-09-19T18:40:26.009+0000] {dag.py:3089} INFO - Sync 1 DAGs
[2026-09-19T18:40:26.019+0000] {logging_mixin.py:188} INFO - [2026-09-19T18:40:26.019+0000] {dag.py:3947} INFO - Setting next_dagrun for lcbo_pipeline to None, run_after=None
[2026-09-19T18:40:26.036+0000] {processor.py:183} INFO - Processing /opt/airflow/dags/lcbo_pipeline_dag.py took 0.078 seconds
[2026-09-19T18:40:56.231+0000] {processor.py:161} INFO - Started process (PID=1740) to work on /opt/airflow/dags/lcbo_pipeline_dag.py
[2026-09-19T18:40:56.232+0000] {processor.py:830} INFO - Processing file /opt/airflow/dags/lcbo_pipeline_dag.py for tasks to queue
[2026-09-19T18:40:56.233+0000] {logging_mixin.py:188} INFO - [2026-09-19T18:40:56.233+0000] {dagbag.py:545} INFO - Filling up the DagBag from /opt/airflow/dags/lcbo_pipeline_dag.py
[2026-09-19T18:40:56.250+0000] {processor.py:840} INFO - DAG(s) 'lcbo_pipeline' retrieved from /opt/airflow/dags/lcbo_pipeline_dag.py
[2026-09-19T18:40:56.274+0000] {logging_mixin.py:188} INFO - [2026-09-19T18:40:56.274+0000] {dag.py:3089} INFO - Sync 1 DAGs
[2026-09-19T18:40:56.283+0000] {logging_mixin.py:188} INFO - [2026-09-19T18:40:56.283+0000] {dag.py:3947} INFO - Setting next_dagrun for lcbo_pipeline to None, run_after=None
[2026-09-19T18:40:56.298+0000] {processor.py:183} INFO - Processing /opt/airflow/dags/lcbo_pipeline_dag.py took 0.071 seconds
[2026-09-19T18:41:26.428+0000] {processor.py:161} INFO - Started process (PID=1751) to work on /opt/airflow/dags/lcbo_pipeline_dag.py
[2026-09-19T18:41:26.429+0000] {processor.py:830} INFO - Processing file /opt/airflow/dags/lcbo_pipeline_dag.py for tasks to queue
[2026-09-19T18:41:26.431+0000] {logging_mixin.py:188} INFO - [2026-09-19T18:41:26.430+0000] {dagbag.py:545} INFO - Filling up the DagBag from /opt/airflow/dags/lcbo_pipeline_dag.py
[2026-09-19T18:41:26.448+0000] {processor.py:840} INFO - DAG(s) 'lcbo_pipeline' retrieved from /opt/airflow/dags/lcbo_pipeline_dag.py
[2026-09-19T18:41:26.472+0000] {logging_mixin.py:188} INFO - [2026-09-19T18:41:26.471+0000] {dag.py:3089} INFO - Sync 1 DAGs
[2026-09-19T18:41:26.480+0000] {logging_mixin.py:188} INFO - [2026-09-19T18:41:26.480+0000] {dag.py:3947} INFO - Setting next_dagrun for lcbo_pipeline to None, run_after=None
[2026-09-19T18:41:26.495+0000] {processor.py:183} INFO - Processing /opt/airflow/dags/lcbo_pipeline_dag.py took 0.070 seconds
[2026-09-19T18:41:56.675+0000] {processor.py:161} INFO - Started process (PID=1762) to work on /opt/airflow/dags/lcbo_pipeline_dag.py
[2026-09-19T18:41:56.676+0000] {processor.py:830} INFO - Processing file /opt/airflow/dags/lcbo_pipeline_dag.py for tasks to queue
[2026-09-19T18:41:56.678+0000] {logging_mixin.py:188} INFO - [2026-09-19T18:41:56.677+0000] {dagbag.py:545} INFO - Filling up the DagBag from /opt/airflow/dags/lcbo_pipeline_dag.py
[2026-09-19T18:41:56.696+0000] {processor.py:840} INFO - DAG(s) 'lcbo_pipeline' retrieved from /opt/airflow/dags/lcbo_pipeline_dag.py
[2026-09-19T18:41:56.720+0000] {logging_mixin.py:188} INFO - [2026-09-19T18:41:56.720+0000] {dag.py:3089} INFO - Sync 1 DAGs
[2026-09-19T18:41:56.730+0000] {logging_mixin.py:188} INFO - [2026-09-19T18:41:56.730+0000] {dag.py:3947} INFO - Setting next_dagrun for lcbo_pipeline to None, run_after=None
[2026-09-19T18:41:56.748+0000] {processor.py:183} INFO - Processing /opt/airflow/dags/lcbo_pipeline_dag.py took 0.077 seconds
[2026-09-19T18:42:26.871+0000] {processor.py:161} INFO - Started process (PID=1773) to work on /opt/airflow/dags/lcbo_pipeline_dag.py
[2026-09-19T18:42:26.872+0000] {processor.py:830} INFO - Processing file /opt/airflow/dags/lcbo_pipeline_dag.py for tasks to queue
[2026-09-19T18:42:26.873+0000] {logging_mixin.py:188} INFO - [2026-09-19T18:42:26.873+0000] {dagbag.py:545} INFO - Filling up the DagBag from /opt/airflow/dags/lcbo_pipeline_dag.py
[2026-09-19T18:42:26.890+0000] {processor.py:840} INFO - DAG(s) 'lcbo_pipeline' retrieved from /opt/airflow/dags/lcbo_pipeline_dag.py
[2026-09-19T18:42:26.914+0000] {logging_mixin.py:188} INFO - [2026-09-19T18:42:26.914+0000] {dag.py:3089} INFO - Sync 1 DAGs
[2026-09-19T18:42:26.924+0000] {logging_mixin.py:188} INFO - [2026-09-19T18:42:26.924+0000] {dag.py:3947} INFO - Setting next_dagrun for lcbo_pipeline to None, run_after=None
[2026-09-19T18:42:26.941+0000] {processor.py:183} INFO - Processing /opt/airflow/dags/lcbo_pipeline_dag.py took 0.074 seconds
[2026-09-19T18:42:57.102+0000] {processor.py:161} INFO - Started process (PID=1784) to work on /opt/airflow/dags/lcbo_pipeline_dag.py
[2026-09-19T18:42:57.103+0000] {processor.py:830} INFO - Processing file /opt/airflow/dags/lcbo_pipeline_dag.py for tasks to queue
[2026-09-19T18:42:57.105+0000] {logging_mixin.py:188} INFO - [2026-09-19T18:42:57.105+0000] {dagbag.py:545} INFO - Filling up the DagBag from /opt/airflow/dags/lcbo_pipeline_dag.py
[2026-09-19T18:42:57.122+0000] {processor.py:840} INFO - DAG(s) 'lcbo_pipeline' retrieved from /opt/airflow/dags/lcbo_pipeline_dag.py
[2026-09-19T18:42:57.144+0000] {logging_mixin.py:188} INFO - [2026-09-19T18:42:57.144+0000] {dag.py:3089} INFO - Sync 1 DAGs
[2026-09-19T18:42:57.154+0000] {logging_mixin.py:188} INFO - [2026-09-19T18:42:57.153+0000] {dag.py:3947} INFO - Setting next_dagrun for lcbo_pipeline to None, run_after=None
[2026-09-19T18:42:57.169+0000] {processor.py:183} INFO - Processing /opt/airflow/dags/lcbo_pipeline_dag.py took 0.070 seconds
[2026-09-19T18:43:27.301+0000] {processor.py:161} INFO - Started process (PID=1795) to work on /opt/airflow/dags/lcbo_pipeline_dag.py
[2026-09-19T18:43:27.302+0000] {processor.py:830} INFO - Processing file /opt/airflow/dags/lcbo_pipeline_dag.py for tasks to queue
[2026-09-19T18:43:27.303+0000] {logging_mixin.py:188} INFO - [2026-09-19T18:43:27.303+0000] {dagbag.py:545} INFO - Filling up the DagBag from /opt/airflow/dags/lcbo_pipeline_dag.py
[2026-09-19T18:43:27.321+0000] {processor.py:840} INFO - DAG(s) 'lcbo_pipeline' retrieved from /opt/airflow/dags/lcbo_pipeline_dag.py
[2026-09-19T18:43:27.343+0000] {logging_mixin.py:188} INFO - [2026-09-19T18:43:27.343+0000] {dag.py:3089} INFO - Sync 1 DAGs
[2026-09-19T18:43:27.352+0000] {logging_mixin.py:188} INFO - [2026-09-19T18:43:27.352+0000] {dag.py:3947} INFO - Setting next_dagrun for lcbo_pipeline to None, run_after=None
[2026-09-19T18:43:27.368+0000] {processor.py:183} INFO - Processing /opt/airflow/dags/lcbo_pipeline_dag.py took 0.072 seconds
[2026-09-19T18:43:57.520+0000] {processor.py:161} INFO - Started process (PID=1806) to work on /opt/airflow/dags/lcbo_pipeline_dag.py
[2026-09-19T18:43:57.521+0000] {processor.py:830} INFO - Processing file /opt/airflow/dags/lcbo_pipeline_dag.py for tasks to queue
[2026-09-19T18:43:57.523+0000] {logging_mixin.py:188} INFO - [2026-09-19T18:43:57.523+0000] {dagbag.py:545} INFO - Filling up the DagBag from /opt/airflow/dags/lcbo_pipeline_dag.py
[2026-09-19T18:43:57.540+0000] {processor.py:840} INFO - DAG(s) 'lcbo_pipeline' retrieved from /opt/airflow/dags/lcbo_pipeline_dag.py
[2026-09-19T18:43:57.563+0000] {logging_mixin.py:188} INFO - [2026-09-19T18:43:57.563+0000] {dag.py:3089} INFO - Sync 1 DAGs
[2026-09-19T18:43:57.573+0000] {logging_mixin.py:188} INFO - [2026-09-19T18:43:57.573+0000] {dag.py:3947} INFO - Setting next_dagrun for lcbo_pipeline to None, run_after=None
[2026-09-19T18:43:57.591+0000] {processor.py:183} INFO - Processing /opt/airflow/dags/lcbo_pipeline_dag.py took 0.074 seconds
[2026-09-19T18:44:27.716+0000] {processor.py:161} INFO - Started process (PID=1817) to work on /opt/airflow/dags/lcbo_pipeline_dag.py
[2026-09-19T18:44:27.717+0000] {processor.py:830} INFO - Processing file /opt/airflow/dags/lcbo_pipeline_dag.py for tasks to queue
[2026-09-19T18:44:27.720+0000] {logging_mixin.py:188} INFO - [2026-09-19T18:44:27.719+0000] {dagbag.py:545} INFO - Filling up the DagBag from /opt/airflow/dags/lcbo_pipeline_dag.py
[2026-09-19T18:44:27.737+0000] {processor.py:840} INFO - DAG(s) 'lcbo_pipeline' retrieved from /opt/airflow/dags/lcbo_pipeline_dag.py
[2026-09-19T18:44:27.762+0000] {logging_mixin.py:188} INFO - [2026-09-19T18:44:27.761+0000] {dag.py:3089} INFO - Sync 1 DAGs
[2026-09-19T18:44:27.772+0000] {logging_mixin.py:188} INFO - [2026-09-19T18:44:27.771+0000] {dag.py:3947} INFO - Setting next_dagrun for lcbo_pipeline to None, run_after=None
[2026-09-19T18:44:27.788+0000] {processor.py:183} INFO - Processing /opt/airflow/dags/lcbo_pipeline_dag.py took 0.075 seconds
[2026-09-19T18:44:57.951+0000] {processor.py:161} INFO - Started process (PID=1828) to work on /opt/airflow/dags/lcbo_pipeline_dag.py
[2026-09-19T18:44:57.953+0000] {processor.py:830} INFO - Processing file /opt/airflow/dags/lcbo_pipeline_dag.py for tasks to queue
[2026-09-19T18:44:57.954+0000] {logging_mixin.py:188} INFO - [2026-09-19T18:44:57.954+0000] {dagbag.py:545} INFO - Filling up the DagBag from /opt/airflow/dags/lcbo_pipeline_dag.py
[2026-09-19T18:44:57.971+0000] {processor.py:840} INFO - DAG(s) 'lcbo_pipeline' retrieved from /opt/airflow/dags/lcbo_pipeline_dag.py
[2026-09-19T18:44:57.994+0000] {logging_mixin.py:188} INFO - [2026-09-19T18:44:57.994+0000] {dag.py:3089} INFO - Sync 1 DAGs
[2026-09-19T18:44:58.003+0000] {logging_mixin.py:188} INFO - [2026-09-19T18:44:58.003+0000] {dag.py:3947} INFO - Setting next_dagrun for lcbo_pipeline to None, run_after=None
[2026-09-19T18:44:58.022+0000] {processor.py:183} INFO - Processing /opt/airflow/dags/lcbo_pipeline_dag.py took 0.075 seconds
[2026-09-19T18:45:28.155+0000] {processor.py:161} INFO - Started process (PID=1839) to work on /opt/airflow/dags/lcbo_pipeline_dag.py
[2026-09-19T18:45:28.156+0000] {processor.py:830} INFO - Processing file /opt/airflow/dags/lcbo_pipeline_dag.py for tasks to queue
[2026-09-19T18:45:28.158+0000] {logging_mixin.py:188} INFO - [2026-09-19T18:45:28.158+0000] {dagbag.py:545} INFO - Filling up the DagBag from /opt/airflow/dags/lcbo_pipeline_dag.py
[2026-09-19T18:45:28.183+0000] {processor.py:840} INFO - DAG(s) 'lcbo_pipeline' retrieved from /opt/airflow/dags/lcbo_pipeline_dag.py
[2026-09-19T18:45:28.216+0000] {logging_mixin.py:188} INFO - [2026-09-19T18:45:28.215+0000] {dag.py:3089} INFO - Sync 1 DAGs
[2026-09-19T18:45:28.237+0000] {logging_mixin.py:188} INFO - [2026-09-19T18:45:28.237+0000] {dag.py:3947} INFO - Setting next_dagrun for lcbo_pipeline to None, run_after=None
[2026-09-19T18:45:28.277+0000] {processor.py:183} INFO - Processing /opt/airflow/dags/lcbo_pipeline_dag.py took 0.128 seconds
[2026-09-19T18:45:58.417+0000] {processor.py:161} INFO - Started process (PID=1850) to work on /opt/airflow/dags/lcbo_pipeline_dag.py
[2026-09-19T18:45:58.418+0000] {processor.py:830} INFO - Processing file /opt/airflow/dags/lcbo_pipeline_dag.py for tasks to queue
[2026-09-19T18:45:58.420+0000] {logging_mixin.py:188} INFO - [2026-09-19T18:45:58.419+0000] {dagbag.py:545} INFO - Filling up the DagBag from /opt/airflow/dags/lcbo_pipeline_dag.py
[2026-09-19T18:45:58.438+0000] {processor.py:840} INFO - DAG(s) 'lcbo_pipeline' retrieved from /opt/airflow/dags/lcbo_pipeline_dag.py
[2026-09-19T18:45:58.461+0000] {logging_mixin.py:188} INFO - [2026-09-19T18:45:58.461+0000] {dag.py:3089} INFO - Sync 1 DAGs
[2026-09-19T18:45:58.471+0000] {logging_mixin.py:188} INFO - [2026-09-19T18:45:58.471+0000] {dag.py:3947} INFO - Setting next_dagrun for lcbo_pipeline to None, run_after=None
[2026-09-19T18:45:58.486+0000] {processor.py:183} INFO - Processing /opt/airflow/dags/lcbo_pipeline_dag.py took 0.073 seconds
[2026-09-19T18:46:28.622+0000] {processor.py:161} INFO - Started process (PID=1861) to work on /opt/airflow/dags/lcbo_pipeline_dag.py
[2026-09-19T18:46:28.623+0000] {processor.py:830} INFO - Processing file /opt/airflow/dags/lcbo_pipeline_dag.py for tasks to queue
[2026-09-19T18:46:28.625+0000] {logging_mixin.py:188} INFO - [2026-09-19T18:46:28.625+0000] {dagbag.py:545} INFO - Filling up the DagBag from /opt/airflow/dags/lcbo_pipeline_dag.py
[2026-09-19T18:46:28.644+0000] {processor.py:840} INFO - DAG(s) 'lcbo_pipeline' retrieved from /opt/airflow/dags/lcbo_pipeline_dag.py
[2026-09-19T18:46:28.669+0000] {logging_mixin.py:188} INFO - [2026-09-19T18:46:28.669+0000] {dag.py:3089} INFO - Sync 1 DAGs
[2026-09-19T18:46:28.681+0000] {logging_mixin.py:188} INFO - [2026-09-19T18:46:28.681+0000] {dag.py:3947} INFO - Setting next_dagrun for lcbo_pipeline to None, run_after=None
[2026-09-19T18:46:28.698+0000] {processor.py:183} INFO - Processing /opt/airflow/dags/lcbo_pipeline_dag.py took 0.081 seconds
[2026-09-19T18:46:58.838+0000] {processor.py:161} INFO - Started process (PID=1872) to work on /opt/airflow/dags/lcbo_pipeline_dag.py
[2026-09-19T18:46:58.839+0000] {processor.py:830} INFO - Processing file /opt/airflow/dags/lcbo_pipeline_dag.py for tasks to queue
[2026-09-19T18:46:58.841+0000] {logging_mixin.py:188} INFO - [2026-09-19T18:46:58.841+0000] {dagbag.py:545} INFO - Filling up the DagBag from /opt/airflow/dags/lcbo_pipeline_dag.py
[2026-09-19T18:46:58.859+0000] {processor.py:840} INFO - DAG(s) 'lcbo_pipeline' retrieved from /opt/airflow/dags/lcbo_pipeline_dag.py
[2026-09-19T18:46:58.883+0000] {logging_mixin.py:188} INFO - [2026-09-19T18:46:58.882+0000] {dag.py:3089} INFO - Sync 1 DAGs
[2026-09-19T18:46:58.891+0000] {logging_mixin.py:188} INFO - [2026-09-19T18:46:58.891+0000] {dag.py:3947} INFO - Setting next_dagrun for lcbo_pipeline to None, run_after=None
[2026-09-19T18:46:58.907+0000] {processor.py:183} INFO - Processing /opt/airflow/dags/lcbo_pipeline_dag.py took 0.073 seconds
[2026-09-19T18:47:29.047+0000] {processor.py:161} INFO - Started process (PID=1883) to work on /opt/airflow/dags/lcbo_pipeline_dag.py
[2026-09-19T18:47:29.048+0000] {processor.py:830} INFO - Processing file /opt/airflow/dags/lcbo_pipeline_dag.py for tasks to queue
[2026-09-19T18:47:29.050+0000] {logging_mixin.py:188} INFO - [2026-09-19T18:47:29.049+0000] {dagbag.py:545} INFO - Filling up the DagBag from /opt/airflow/dags/lcbo_pipeline_dag.py
[2026-09-19T18:47:29.068+0000] {processor.py:840} INFO - DAG(s) 'lcbo_pipeline' retrieved from /opt/airflow/dags/lcbo_pipeline_dag.py
[2026-09-19T18:47:29.092+0000] {logging_mixin.py:188} INFO - [2026-09-19T18:47:29.092+0000] {dag.py:3089} INFO - Sync 1 DAGs
[2026-09-19T18:47:29.102+0000] {logging_mixin.py:188} INFO - [2026-09-19T18:47:29.101+0000] {dag.py:3947} INFO - Setting next_dagrun for lcbo_pipeline to None, run_after=None
[2026-09-19T18:47:29.119+0000] {processor.py:183} INFO - Processing /opt/airflow/dags/lcbo_pipeline_dag.py took 0.076 seconds
[2026-09-19T18:47:59.277+0000] {processor.py:161} INFO - Started process (PID=1894) to work on /opt/airflow/dags/lcbo_pipeline_dag.py
[2026-09-19T18:47:59.279+0000] {processor.py:830} INFO - Processing file /opt/airflow/dags/lcbo_pipeline_dag.py for tasks to queue
[2026-09-19T18:47:59.281+0000] {logging_mixin.py:188} INFO - [2026-09-19T18:47:59.280+0000] {dagbag.py:545} INFO - Filling up the DagBag from /opt/airflow/dags/lcbo_pipeline_dag.py
[2026-09-19T18:47:59.299+0000] {processor.py:840} INFO - DAG(s) 'lcbo_pipeline' retrieved from /opt/airflow/dags/lcbo_pipeline_dag.py
[2026-09-19T18:47:59.325+0000] {logging_mixin.py:188} INFO - [2026-09-19T18:47:59.325+0000] {dag.py:3089} INFO - Sync 1 DAGs
[2026-09-19T18:47:59.335+0000] {logging_mixin.py:188} INFO - [2026-09-19T18:47:59.335+0000] {dag.py:3947} INFO - Setting next_dagrun for lcbo_pipeline to None, run_after=None
[2026-09-19T18:47:59.354+0000] {processor.py:183} INFO - Processing /opt/airflow/dags/lcbo_pipeline_dag.py took 0.081 seconds
[2026-09-19T18:48:29.494+0000] {processor.py:161} INFO - Started process (PID=1904) to work on /opt/airflow/dags/lcbo_pipeline_dag.py
[2026-09-19T18:48:29.495+0000] {processor.py:830} INFO - Processing file /opt/airflow/dags/lcbo_pipeline_dag.py for tasks to queue
[2026-09-19T18:48:29.497+0000] {logging_mixin.py:188} INFO - [2026-09-19T18:48:29.496+0000] {dagbag.py:545} INFO - Filling up the DagBag from /opt/airflow/dags/lcbo_pipeline_dag.py
[2026-09-19T18:48:29.515+0000] {processor.py:840} INFO - DAG(s) 'lcbo_pipeline' retrieved from /opt/airflow/dags/lcbo_pipeline_dag.py
[2026-09-19T18:48:29.539+0000] {logging_mixin.py:188} INFO - [2026-09-19T18:48:29.539+0000] {dag.py:3089} INFO - Sync 1 DAGs
[2026-09-19T18:48:29.549+0000] {logging_mixin.py:188} INFO - [2026-09-19T18:48:29.548+0000] {dag.py:3947} INFO - Setting next_dagrun for lcbo_pipeline to None, run_after=None
[2026-09-19T18:48:29.569+0000] {processor.py:183} INFO - Processing /opt/airflow/dags/lcbo_pipeline_dag.py took 0.079 seconds
[2026-09-19T18:48:59.698+0000] {processor.py:161} INFO - Started process (PID=1915) to work on /opt/airflow/dags/lcbo_pipeline_dag.py
[2026-09-19T18:48:59.700+0000] {processor.py:830} INFO - Processing file /opt/airflow/dags/lcbo_pipeline_dag.py for tasks to queue
[2026-09-19T18:48:59.701+0000] {logging_mixin.py:188} INFO - [2026-09-19T18:48:59.701+0000] {dagbag.py:545} INFO - Filling up the DagBag from /opt/airflow/dags/lcbo_pipeline_dag.py
[2026-09-19T18:48:59.721+0000] {processor.py:840} INFO - DAG(s) 'lcbo_pipeline' retrieved from /opt/airflow/dags/lcbo_pipeline_dag.py
[2026-09-19T18:48:59.745+0000] {logging_mixin.py:188} INFO - [2026-09-19T18:48:59.744+0000] {dag.py:3089} INFO - Sync 1 DAGs
[2026-09-19T18:48:59.755+0000] {logging_mixin.py:188} INFO - [2026-09-19T18:48:59.754+0000] {dag.py:3947} INFO - Setting next_dagrun for lcbo_pipeline to None, run_after=None
[2026-09-19T18:48:59.778+0000] {processor.py:183} INFO - Processing /opt/airflow/dags/lcbo_pipeline_dag.py took 0.084 seconds
[2026-09-19T18:49:29.933+0000] {processor.py:161} INFO - Started process (PID=1926) to work on /opt/airflow/dags/lcbo_pipeline_dag.py
[2026-09-19T18:49:29.934+0000] {processor.py:830} INFO - Processing file /opt/airflow/dags/lcbo_pipeline_dag.py for tasks to queue
[2026-09-19T18:49:29.936+0000] {logging_mixin.py:188} INFO - [2026-09-19T18:49:29.936+0000] {dagbag.py:545} INFO - Filling up the DagBag from /opt/airflow/dags/lcbo_pipeline_dag.py
[2026-09-19T18:49:29.954+0000] {processor.py:840} INFO - DAG(s) 'lcbo_pipeline' retrieved from /opt/airflow/dags/lcbo_pipeline_dag.py
[2026-09-19T18:49:29.978+0000] {logging_mixin.py:188} INFO - [2026-09-19T18:49:29.978+0000] {dag.py:3089} INFO - Sync 1 DAGs
[2026-09-19T18:49:29.987+0000] {logging_mixin.py:188} INFO - [2026-09-19T18:49:29.987+0000] {dag.py:3947} INFO - Setting next_dagrun for lcbo_pipeline to None, run_after=None
[2026-09-19T18:49:30.003+0000] {processor.py:183} INFO - Processing /opt/airflow/dags/lcbo_pipeline_dag.py took 0.074 seconds
[2026-09-19T18:50:00.150+0000] {processor.py:161} INFO - Started process (PID=1937) to work on /opt/airflow/dags/lcbo_pipeline_dag.py
[2026-09-19T18:50:00.151+0000] {processor.py:830} INFO - Processing file /opt/airflow/dags/lcbo_pipeline_dag.py for tasks to queue
[2026-09-19T18:50:00.153+0000] {logging_mixin.py:188} INFO - [2026-09-19T18:50:00.153+0000] {dagbag.py:545} INFO - Filling up the DagBag from /opt/airflow/dags/lcbo_pipeline_dag.py
[2026-09-19T18:50:00.173+0000] {processor.py:840} INFO - DAG(s) 'lcbo_pipeline' retrieved from /opt/airflow/dags/lcbo_pipeline_dag.py
[2026-09-19T18:50:00.200+0000] {logging_mixin.py:188} INFO - [2026-09-19T18:50:00.200+0000] {dag.py:3089} INFO - Sync 1 DAGs
[2026-09-19T18:50:00.211+0000] {logging_mixin.py:188} INFO - [2026-09-19T18:50:00.211+0000] {dag.py:3947} INFO - Setting next_dagrun for lcbo_pipeline to None, run_after=None
[2026-09-19T18:50:00.227+0000] {processor.py:183} INFO - Processing /opt/airflow/dags/lcbo_pipeline_dag.py took 0.081 seconds
[2026-09-19T18:50:30.403+0000] {processor.py:161} INFO - Started process (PID=1948) to work on /opt/airflow/dags/lcbo_pipeline_dag.py
[2026-09-19T18:50:30.405+0000] {processor.py:830} INFO - Processing file /opt/airflow/dags/lcbo_pipeline_dag.py for tasks to queue
[2026-09-19T18:50:30.406+0000] {logging_mixin.py:188} INFO - [2026-09-19T18:50:30.406+0000] {dagbag.py:545} INFO - Filling up the DagBag from /opt/airflow/dags/lcbo_pipeline_dag.py
[2026-09-19T18:50:30.425+0000] {processor.py:840} INFO - DAG(s) 'lcbo_pipeline' retrieved from /opt/airflow/dags/lcbo_pipeline_dag.py
[2026-09-19T18:50:30.448+0000] {logging_mixin.py:188} INFO - [2026-09-19T18:50:30.448+0000] {dag.py:3089} INFO - Sync 1 DAGs
[2026-09-19T18:50:30.458+0000] {logging_mixin.py:188} INFO - [2026-09-19T18:50:30.458+0000] {dag.py:3947} INFO - Setting next_dagrun for lcbo_pipeline to None, run_after=None
[2026-09-19T18:50:30.477+0000] {processor.py:183} INFO - Processing /opt/airflow/dags/lcbo_pipeline_dag.py took 0.077 seconds
[2026-09-19T18:51:00.610+0000] {processor.py:161} INFO - Started process (PID=1965) to work on /opt/airflow/dags/lcbo_pipeline_dag.py
[2026-09-19T18:51:00.611+0000] {processor.py:830} INFO - Processing file /opt/airflow/dags/lcbo_pipeline_dag.py for tasks to queue
[2026-09-19T18:51:00.613+0000] {logging_mixin.py:188} INFO - [2026-09-19T18:51:00.612+0000] {dagbag.py:545} INFO - Filling up the DagBag from /opt/airflow/dags/lcbo_pipeline_dag.py
[2026-09-19T18:51:00.632+0000] {processor.py:840} INFO - DAG(s) 'lcbo_pipeline' retrieved from /opt/airflow/dags/lcbo_pipeline_dag.py
[2026-09-19T18:51:00.658+0000] {logging_mixin.py:188} INFO - [2026-09-19T18:51:00.657+0000] {dag.py:3089} INFO - Sync 1 DAGs
[2026-09-19T18:51:00.668+0000] {logging_mixin.py:188} INFO - [2026-09-19T18:51:00.668+0000] {dag.py:3947} INFO - Setting next_dagrun for lcbo_pipeline to None, run_after=None
[2026-09-19T18:51:00.684+0000] {processor.py:183} INFO - Processing /opt/airflow/dags/lcbo_pipeline_dag.py took 0.080 seconds
[2026-09-19T18:51:30.837+0000] {processor.py:161} INFO - Started process (PID=1976) to work on /opt/airflow/dags/lcbo_pipeline_dag.py
[2026-09-19T18:51:30.838+0000] {processor.py:830} INFO - Processing file /opt/airflow/dags/lcbo_pipeline_dag.py for tasks to queue
[2026-09-19T18:51:30.839+0000] {logging_mixin.py:188} INFO - [2026-09-19T18:51:30.839+0000] {dagbag.py:545} INFO - Filling up the DagBag from /opt/airflow/dags/lcbo_pipeline_dag.py
[2026-09-19T18:51:30.857+0000] {processor.py:840} INFO - DAG(s) 'lcbo_pipeline' retrieved from /opt/airflow/dags/lcbo_pipeline_dag.py
[2026-09-19T18:51:30.881+0000] {logging_mixin.py:188} INFO - [2026-09-19T18:51:30.880+0000] {dag.py:3089} INFO - Sync 1 DAGs
[2026-09-19T18:51:30.891+0000] {logging_mixin.py:188} INFO - [2026-09-19T18:51:30.891+0000] {dag.py:3947} INFO - Setting next_dagrun for lcbo_pipeline to None, run_after=None
[2026-09-19T18:51:30.908+0000] {processor.py:183} INFO - Processing /opt/airflow/dags/lcbo_pipeline_dag.py took 0.076 seconds
[2026-09-19T18:52:01.053+0000] {processor.py:161} INFO - Started process (PID=1987) to work on /opt/airflow/dags/lcbo_pipeline_dag.py
[2026-09-19T18:52:01.054+0000] {processor.py:830} INFO - Processing file /opt/airflow/dags/lcbo_pipeline_dag.py for tasks to queue
[2026-09-19T18:52:01.056+0000] {logging_mixin.py:188} INFO - [2026-09-19T18:52:01.056+0000] {dagbag.py:545} INFO - Filling up the DagBag from /opt/airflow/dags/lcbo_pipeline_dag.py
[2026-09-19T18:52:01.073+0000] {processor.py:840} INFO - DAG(s) 'lcbo_pipeline' retrieved from /opt/airflow/dags/lcbo_pipeline_dag.py
[2026-09-19T18:52:01.095+0000] {logging_mixin.py:188} INFO - [2026-09-19T18:52:01.095+0000] {dag.py:3089} INFO - Sync 1 DAGs
[2026-09-19T18:52:01.104+0000] {logging_mixin.py:188} INFO - [2026-09-19T18:52:01.104+0000] {dag.py:3947} INFO - Setting next_dagrun for lcbo_pipeline to None, run_after=None
[2026-09-19T18:52:01.119+0000] {processor.py:183} INFO - Processing /opt/airflow/dags/lcbo_pipeline_dag.py took 0.070 seconds
[2026-09-19T18:52:31.278+0000] {processor.py:161} INFO - Started process (PID=1998) to work on /opt/airflow/dags/lcbo_pipeline_dag.py
[2026-09-19T18:52:31.279+0000] {processor.py:830} INFO - Processing file /opt/airflow/dags/lcbo_pipeline_dag.py for tasks to queue
[2026-09-19T18:52:31.280+0000] {logging_mixin.py:188} INFO - [2026-09-19T18:52:31.280+0000] {dagbag.py:545} INFO - Filling up the DagBag from /opt/airflow/dags/lcbo_pipeline_dag.py
[2026-09-19T18:52:31.298+0000] {processor.py:840} INFO - DAG(s) 'lcbo_pipeline' retrieved from /opt/airflow/dags/lcbo_pipeline_dag.py
[2026-09-19T18:52:31.324+0000] {logging_mixin.py:188} INFO - [2026-09-19T18:52:31.324+0000] {dag.py:3089} INFO - Sync 1 DAGs
[2026-09-19T18:52:31.334+0000] {logging_mixin.py:188} INFO - [2026-09-19T18:52:31.334+0000] {dag.py:3947} INFO - Setting next_dagrun for lcbo_pipeline to None, run_after=None
[2026-09-19T18:52:31.350+0000] {processor.py:183} INFO - Processing /opt/airflow/dags/lcbo_pipeline_dag.py took 0.077 seconds
[2026-09-19T18:53:01.478+0000] {processor.py:161} INFO - Started process (PID=2009) to work on /opt/airflow/dags/lcbo_pipeline_dag.py
[2026-09-19T18:53:01.479+0000] {processor.py:830} INFO - Processing file /opt/airflow/dags/lcbo_pipeline_dag.py for tasks to queue
[2026-09-19T18:53:01.481+0000] {logging_mixin.py:188} INFO - [2026-09-19T18:53:01.480+0000] {dagbag.py:545} INFO - Filling up the DagBag from /opt/airflow/dags/lcbo_pipeline_dag.py
[2026-09-19T18:53:01.497+0000] {processor.py:840} INFO - DAG(s) 'lcbo_pipeline' retrieved from /opt/airflow/dags/lcbo_pipeline_dag.py
[2026-09-19T18:53:01.521+0000] {logging_mixin.py:188} INFO - [2026-09-19T18:53:01.521+0000] {dag.py:3089} INFO - Sync 1 DAGs
[2026-09-19T18:53:01.530+0000] {logging_mixin.py:188} INFO - [2026-09-19T18:53:01.530+0000] {dag.py:3947} INFO - Setting next_dagrun for lcbo_pipeline to None, run_after=None
[2026-09-19T18:53:01.545+0000] {processor.py:183} INFO - Processing /opt/airflow/dags/lcbo_pipeline_dag.py took 0.071 seconds
[2026-09-19T18:53:31.722+0000] {processor.py:161} INFO - Started process (PID=2020) to work on /opt/airflow/dags/lcbo_pipeline_dag.py
[2026-09-19T18:53:31.723+0000] {processor.py:830} INFO - Processing file /opt/airflow/dags/lcbo_pipeline_dag.py for tasks to queue
[2026-09-19T18:53:31.725+0000] {logging_mixin.py:188} INFO - [2026-09-19T18:53:31.724+0000] {dagbag.py:545} INFO - Filling up the DagBag from /opt/airflow/dags/lcbo_pipeline_dag.py
[2026-09-19T18:53:31.741+0000] {processor.py:840} INFO - DAG(s) 'lcbo_pipeline' retrieved from /opt/airflow/dags/lcbo_pipeline_dag.py
[2026-09-19T18:53:31.764+0000] {logging_mixin.py:188} INFO - [2026-09-19T18:53:31.764+0000] {dag.py:3089} INFO - Sync 1 DAGs
[2026-09-19T18:53:31.773+0000] {logging_mixin.py:188} INFO - [2026-09-19T18:53:31.773+0000] {dag.py:3947} INFO - Setting next_dagrun for lcbo_pipeline to None, run_after=None
[2026-09-19T18:53:31.791+0000] {processor.py:183} INFO - Processing /opt/airflow/dags/lcbo_pipeline_dag.py took 0.073 seconds
[2026-09-19T18:54:01.915+0000] {processor.py:161} INFO - Started process (PID=2031) to work on /opt/airflow/dags/lcbo_pipeline_dag.py
[2026-09-19T18:54:01.916+0000] {processor.py:830} INFO - Processing file /opt/airflow/dags/lcbo_pipeline_dag.py for tasks to queue
[2026-09-19T18:54:01.918+0000] {logging_mixin.py:188} INFO - [2026-09-19T18:54:01.918+0000] {dagbag.py:545} INFO - Filling up the DagBag from /opt/airflow/dags/lcbo_pipeline_dag.py
[2026-09-19T18:54:01.935+0000] {processor.py:840} INFO - DAG(s) 'lcbo_pipeline' retrieved from /opt/airflow/dags/lcbo_pipeline_dag.py
[2026-09-19T18:54:01.961+0000] {logging_mixin.py:188} INFO - [2026-09-19T18:54:01.960+0000] {dag.py:3089} INFO - Sync 1 DAGs
[2026-09-19T18:54:01.970+0000] {logging_mixin.py:188} INFO - [2026-09-19T18:54:01.970+0000] {dag.py:3947} INFO - Setting next_dagrun for lcbo_pipeline to None, run_after=None
[2026-09-19T18:54:01.987+0000] {processor.py:183} INFO - Processing /opt/airflow/dags/lcbo_pipeline_dag.py took 0.076 seconds
[2026-09-19T18:54:32.160+0000] {processor.py:161} INFO - Started process (PID=2042) to work on /opt/airflow/dags/lcbo_pipeline_dag.py
[2026-09-19T18:54:32.162+0000] {processor.py:830} INFO - Processing file /opt/airflow/dags/lcbo_pipeline_dag.py for tasks to queue
[2026-09-19T18:54:32.163+0000] {logging_mixin.py:188} INFO - [2026-09-19T18:54:32.163+0000] {dagbag.py:545} INFO - Filling up the DagBag from /opt/airflow/dags/lcbo_pipeline_dag.py
[2026-09-19T18:54:32.180+0000] {processor.py:840} INFO - DAG(s) 'lcbo_pipeline' retrieved from /opt/airflow/dags/lcbo_pipeline_dag.py
[2026-09-19T18:54:32.205+0000] {logging_mixin.py:188} INFO - [2026-09-19T18:54:32.205+0000] {dag.py:3089} INFO - Sync 1 DAGs
[2026-09-19T18:54:32.215+0000] {logging_mixin.py:188} INFO - [2026-09-19T18:54:32.215+0000] {dag.py:3947} INFO - Setting next_dagrun for lcbo_pipeline to None, run_after=None
[2026-09-19T18:54:32.230+0000] {processor.py:183} INFO - Processing /opt/airflow/dags/lcbo_pipeline_dag.py took 0.073 seconds
[2026-09-19T18:55:02.358+0000] {processor.py:161} INFO - Started process (PID=2053) to work on /opt/airflow/dags/lcbo_pipeline_dag.py
[2026-09-19T18:55:02.359+0000] {processor.py:830} INFO - Processing file /opt/airflow/dags/lcbo_pipeline_dag.py for tasks to queue
[2026-09-19T18:55:02.361+0000] {logging_mixin.py:188} INFO - [2026-09-19T18:55:02.361+0000] {dagbag.py:545} INFO - Filling up the DagBag from /opt/airflow/dags/lcbo_pipeline_dag.py
[2026-09-19T18:55:02.380+0000] {processor.py:840} INFO - DAG(s) 'lcbo_pipeline' retrieved from /opt/airflow/dags/lcbo_pipeline_dag.py
[2026-09-19T18:55:02.403+0000] {logging_mixin.py:188} INFO - [2026-09-19T18:55:02.403+0000] {dag.py:3089} INFO - Sync 1 DAGs
[2026-09-19T18:55:02.414+0000] {logging_mixin.py:188} INFO - [2026-09-19T18:55:02.414+0000] {dag.py:3947} INFO - Setting next_dagrun for lcbo_pipeline to None, run_after=None
[2026-09-19T18:55:02.430+0000] {processor.py:183} INFO - Processing /opt/airflow/dags/lcbo_pipeline_dag.py took 0.076 seconds
[2026-09-19T18:55:32.626+0000] {processor.py:161} INFO - Started process (PID=2064) to work on /opt/airflow/dags/lcbo_pipeline_dag.py
[2026-09-19T18:55:32.627+0000] {processor.py:830} INFO - Processing file /opt/airflow/dags/lcbo_pipeline_dag.py for tasks to queue
[2026-09-19T18:55:32.629+0000] {logging_mixin.py:188} INFO - [2026-09-19T18:55:32.629+0000] {dagbag.py:545} INFO - Filling up the DagBag from /opt/airflow/dags/lcbo_pipeline_dag.py
[2026-09-19T18:55:32.646+0000] {processor.py:840} INFO - DAG(s) 'lcbo_pipeline' retrieved from /opt/airflow/dags/lcbo_pipeline_dag.py
[2026-09-19T18:55:32.670+0000] {logging_mixin.py:188} INFO - [2026-09-19T18:55:32.670+0000] {dag.py:3089} INFO - Sync 1 DAGs
[2026-09-19T18:55:32.680+0000] {logging_mixin.py:188} INFO - [2026-09-19T18:55:32.680+0000] {dag.py:3947} INFO - Setting next_dagrun for lcbo_pipeline to None, run_after=None
[2026-09-19T18:55:32.695+0000] {processor.py:183} INFO - Processing /opt/airflow/dags/lcbo_pipeline_dag.py took 0.073 seconds
[2026-09-19T18:56:02.829+0000] {processor.py:161} INFO - Started process (PID=2075) to work on /opt/airflow/dags/lcbo_pipeline_dag.py
[2026-09-19T18:56:02.830+0000] {processor.py:830} INFO - Processing file /opt/airflow/dags/lcbo_pipeline_dag.py for tasks to queue
[2026-09-19T18:56:02.831+0000] {logging_mixin.py:188} INFO - [2026-09-19T18:56:02.831+0000] {dagbag.py:545} INFO - Filling up the DagBag from /opt/airflow/dags/lcbo_pipeline_dag.py
[2026-09-19T18:56:02.848+0000] {processor.py:840} INFO - DAG(s) 'lcbo_pipeline' retrieved from /opt/airflow/dags/lcbo_pipeline_dag.py
[2026-09-19T18:56:02.872+0000] {logging_mixin.py:188} INFO - [2026-09-19T18:56:02.872+0000] {dag.py:3089} INFO - Sync 1 DAGs
[2026-09-19T18:56:02.881+0000] {logging_mixin.py:188} INFO - [2026-09-19T18:56:02.881+0000] {dag.py:3947} INFO - Setting next_dagrun for lcbo_pipeline to None, run_after=None
[2026-09-19T18:56:02.895+0000] {processor.py:183} INFO - Processing /opt/airflow/dags/lcbo_pipeline_dag.py took 0.070 seconds
[2026-09-19T18:56:33.060+0000] {processor.py:161} INFO - Started process (PID=2086) to work on /opt/airflow/dags/lcbo_pipeline_dag.py
[2026-09-19T18:56:33.061+0000] {processor.py:830} INFO - Processing file /opt/airflow/dags/lcbo_pipeline_dag.py for tasks to queue
[2026-09-19T18:56:33.062+0000] {logging_mixin.py:188} INFO - [2026-09-19T18:56:33.062+0000] {dagbag.py:545} INFO - Filling up the DagBag from /opt/airflow/dags/lcbo_pipeline_dag.py
[2026-09-19T18:56:33.079+0000] {processor.py:840} INFO - DAG(s) 'lcbo_pipeline' retrieved from /opt/airflow/dags/lcbo_pipeline_dag.py
[2026-09-19T18:56:33.102+0000] {logging_mixin.py:188} INFO - [2026-09-19T18:56:33.101+0000] {dag.py:3089} INFO - Sync 1 DAGs
[2026-09-19T18:56:33.112+0000] {logging_mixin.py:188} INFO - [2026-09-19T18:56:33.112+0000] {dag.py:3947} INFO - Setting next_dagrun for lcbo_pipeline to None, run_after=None
[2026-09-19T18:56:33.126+0000] {processor.py:183} INFO - Processing /opt/airflow/dags/lcbo_pipeline_dag.py took 0.070 seconds
[2026-09-19T18:57:03.260+0000] {processor.py:161} INFO - Started process (PID=2097) to work on /opt/airflow/dags/lcbo_pipeline_dag.py
[2026-09-19T18:57:03.261+0000] {processor.py:830} INFO - Processing file /opt/airflow/dags/lcbo_pipeline_dag.py for tasks to queue
[2026-09-19T18:57:03.263+0000] {logging_mixin.py:188} INFO - [2026-09-19T18:57:03.263+0000] {dagbag.py:545} INFO - Filling up the DagBag from /opt/airflow/dags/lcbo_pipeline_dag.py
[2026-09-19T18:57:03.280+0000] {processor.py:840} INFO - DAG(s) 'lcbo_pipeline' retrieved from /opt/airflow/dags/lcbo_pipeline_dag.py
[2026-09-19T18:57:03.306+0000] {logging_mixin.py:188} INFO - [2026-09-19T18:57:03.306+0000] {dag.py:3089} INFO - Sync 1 DAGs
[2026-09-19T18:57:03.316+0000] {logging_mixin.py:188} INFO - [2026-09-19T18:57:03.316+0000] {dag.py:3947} INFO - Setting next_dagrun for lcbo_pipeline to None, run_after=None
[2026-09-19T18:57:03.332+0000] {processor.py:183} INFO - Processing /opt/airflow/dags/lcbo_pipeline_dag.py took 0.076 seconds
[2026-09-19T18:57:33.491+0000] {processor.py:161} INFO - Started process (PID=2108) to work on /opt/airflow/dags/lcbo_pipeline_dag.py
[2026-09-19T18:57:33.492+0000] {processor.py:830} INFO - Processing file /opt/airflow/dags/lcbo_pipeline_dag.py for tasks to queue
[2026-09-19T18:57:33.494+0000] {logging_mixin.py:188} INFO - [2026-09-19T18:57:33.494+0000] {dagbag.py:545} INFO - Filling up the DagBag from /opt/airflow/dags/lcbo_pipeline_dag.py
[2026-09-19T18:57:33.511+0000] {processor.py:840} INFO - DAG(s) 'lcbo_pipeline' retrieved from /opt/airflow/dags/lcbo_pipeline_dag.py
[2026-09-19T18:57:33.534+0000] {logging_mixin.py:188} INFO - [2026-09-19T18:57:33.534+0000] {dag.py:3089} INFO - Sync 1 DAGs
[2026-09-19T18:57:33.544+0000] {logging_mixin.py:188} INFO - [2026-09-19T18:57:33.544+0000] {dag.py:3947} INFO - Setting next_dagrun for lcbo_pipeline to None, run_after=None
[2026-09-19T18:57:33.559+0000] {processor.py:183} INFO - Processing /opt/airflow/dags/lcbo_pipeline_dag.py took 0.072 seconds
[2026-09-19T18:58:03.700+0000] {processor.py:161} INFO - Started process (PID=2119) to work on /opt/airflow/dags/lcbo_pipeline_dag.py
[2026-09-19T18:58:03.701+0000] {processor.py:830} INFO - Processing file /opt/airflow/dags/lcbo_pipeline_dag.py for tasks to queue
[2026-09-19T18:58:03.702+0000] {logging_mixin.py:188} INFO - [2026-09-19T18:58:03.702+0000] {dagbag.py:545} INFO - Filling up the DagBag from /opt/airflow/dags/lcbo_pipeline_dag.py
[2026-09-19T18:58:03.720+0000] {processor.py:840} INFO - DAG(s) 'lcbo_pipeline' retrieved from /opt/airflow/dags/lcbo_pipeline_dag.py
[2026-09-19T18:58:03.742+0000] {logging_mixin.py:188} INFO - [2026-09-19T18:58:03.742+0000] {dag.py:3089} INFO - Sync 1 DAGs
[2026-09-19T18:58:03.751+0000] {logging_mixin.py:188} INFO - [2026-09-19T18:58:03.751+0000] {dag.py:3947} INFO - Setting next_dagrun for lcbo_pipeline to None, run_after=None
[2026-09-19T18:58:03.767+0000] {processor.py:183} INFO - Processing /opt/airflow/dags/lcbo_pipeline_dag.py took 0.071 seconds
[2026-09-19T18:58:33.916+0000] {processor.py:161} INFO - Started process (PID=2130) to work on /opt/airflow/dags/lcbo_pipeline_dag.py
[2026-09-19T18:58:33.917+0000] {processor.py:830} INFO - Processing file /opt/airflow/dags/lcbo_pipeline_dag.py for tasks to queue
[2026-09-19T18:58:33.918+0000] {logging_mixin.py:188} INFO - [2026-09-19T18:58:33.918+0000] {dagbag.py:545} INFO - Filling up the DagBag from /opt/airflow/dags/lcbo_pipeline_dag.py
[2026-09-19T18:58:33.943+0000] {processor.py:840} INFO - DAG(s) 'lcbo_pipeline' retrieved from /opt/airflow/dags/lcbo_pipeline_dag.py
[2026-09-19T18:58:33.968+0000] {logging_mixin.py:188} INFO - [2026-09-19T18:58:33.968+0000] {dag.py:3089} INFO - Sync 1 DAGs
[2026-09-19T18:58:33.979+0000] {logging_mixin.py:188} INFO - [2026-09-19T18:58:33.979+0000] {dag.py:3947} INFO - Setting next_dagrun for lcbo_pipeline to None, run_after=None
[2026-09-19T18:58:33.995+0000] {processor.py:183} INFO - Processing /opt/airflow/dags/lcbo_pipeline_dag.py took 0.083 seconds
[2026-09-19T18:59:04.138+0000] {processor.py:161} INFO - Started process (PID=2141) to work on /opt/airflow/dags/lcbo_pipeline_dag.py
[2026-09-19T18:59:04.139+0000] {processor.py:830} INFO - Processing file /opt/airflow/dags/lcbo_pipeline_dag.py for tasks to queue
[2026-09-19T18:59:04.141+0000] {logging_mixin.py:188} INFO - [2026-09-19T18:59:04.141+0000] {dagbag.py:545} INFO - Filling up the DagBag from /opt/airflow/dags/lcbo_pipeline_dag.py
[2026-09-19T18:59:04.159+0000] {processor.py:840} INFO - DAG(s) 'lcbo_pipeline' retrieved from /opt/airflow/dags/lcbo_pipeline_dag.py
[2026-09-19T18:59:04.183+0000] {logging_mixin.py:188} INFO - [2026-09-19T18:59:04.183+0000] {dag.py:3089} INFO - Sync 1 DAGs
[2026-09-19T18:59:04.192+0000] {logging_mixin.py:188} INFO - [2026-09-19T18:59:04.192+0000] {dag.py:3947} INFO - Setting next_dagrun for lcbo_pipeline to None, run_after=None
[2026-09-19T18:59:04.210+0000] {processor.py:183} INFO - Processing /opt/airflow/dags/lcbo_pipeline_dag.py took 0.076 seconds
[2026-09-19T18:59:34.361+0000] {processor.py:161} INFO - Started process (PID=2152) to work on /opt/airflow/dags/lcbo_pipeline_dag.py
[2026-09-19T18:59:34.362+0000] {processor.py:830} INFO - Processing file /opt/airflow/dags/lcbo_pipeline_dag.py for tasks to queue
[2026-09-19T18:59:34.364+0000] {logging_mixin.py:188} INFO - [2026-09-19T18:59:34.363+0000] {dagbag.py:545} INFO - Filling up the DagBag from /opt/airflow/dags/lcbo_pipeline_dag.py
[2026-09-19T18:59:34.382+0000] {processor.py:840} INFO - DAG(s) 'lcbo_pipeline' retrieved from /opt/airflow/dags/lcbo_pipeline_dag.py
[2026-09-19T18:59:34.408+0000] {logging_mixin.py:188} INFO - [2026-09-19T18:59:34.408+0000] {dag.py:3089} INFO - Sync 1 DAGs
[2026-09-19T18:59:34.419+0000] {logging_mixin.py:188} INFO - [2026-09-19T18:59:34.419+0000] {dag.py:3947} INFO - Setting next_dagrun for lcbo_pipeline to None, run_after=None
[2026-09-19T18:59:34.437+0000] {processor.py:183} INFO - Processing /opt/airflow/dags/lcbo_pipeline_dag.py took 0.080 seconds
[2026-09-19T19:00:04.574+0000] {processor.py:161} INFO - Started process (PID=2163) to work on /opt/airflow/dags/lcbo_pipeline_dag.py
[2026-09-19T19:00:04.575+0000] {processor.py:830} INFO - Processing file /opt/airflow/dags/lcbo_pipeline_dag.py for tasks to queue
[2026-09-19T19:00:04.577+0000] {logging_mixin.py:188} INFO - [2026-09-19T19:00:04.577+0000] {dagbag.py:545} INFO - Filling up the DagBag from /opt/airflow/dags/lcbo_pipeline_dag.py
[2026-09-19T19:00:04.595+0000] {processor.py:840} INFO - DAG(s) 'lcbo_pipeline' retrieved from /opt/airflow/dags/lcbo_pipeline_dag.py
[2026-09-19T19:00:04.619+0000] {logging_mixin.py:188} INFO - [2026-09-19T19:00:04.618+0000] {dag.py:3089} INFO - Sync 1 DAGs
[2026-09-19T19:00:04.628+0000] {logging_mixin.py:188} INFO - [2026-09-19T19:00:04.628+0000] {dag.py:3947} INFO - Setting next_dagrun for lcbo_pipeline to None, run_after=None
[2026-09-19T19:00:04.643+0000] {processor.py:183} INFO - Processing /opt/airflow/dags/lcbo_pipeline_dag.py took 0.075 seconds
[2026-09-19T19:00:34.837+0000] {processor.py:161} INFO - Started process (PID=2174) to work on /opt/airflow/dags/lcbo_pipeline_dag.py
[2026-09-19T19:00:34.838+0000] {processor.py:830} INFO - Processing file /opt/airflow/dags/lcbo_pipeline_dag.py for tasks to queue
[2026-09-19T19:00:34.840+0000] {logging_mixin.py:188} INFO - [2026-09-19T19:00:34.839+0000] {dagbag.py:545} INFO - Filling up the DagBag from /opt/airflow/dags/lcbo_pipeline_dag.py
[2026-09-19T19:00:34.856+0000] {processor.py:840} INFO - DAG(s) 'lcbo_pipeline' retrieved from /opt/airflow/dags/lcbo_pipeline_dag.py
[2026-09-19T19:00:34.879+0000] {logging_mixin.py:188} INFO - [2026-09-19T19:00:34.879+0000] {dag.py:3089} INFO - Sync 1 DAGs
[2026-09-19T19:00:34.887+0000] {logging_mixin.py:188} INFO - [2026-09-19T19:00:34.887+0000] {dag.py:3947} INFO - Setting next_dagrun for lcbo_pipeline to None, run_after=None
[2026-09-19T19:00:34.902+0000] {processor.py:183} INFO - Processing /opt/airflow/dags/lcbo_pipeline_dag.py took 0.069 seconds
[2026-09-19T19:01:05.031+0000] {processor.py:161} INFO - Started process (PID=2185) to work on /opt/airflow/dags/lcbo_pipeline_dag.py
[2026-09-19T19:01:05.033+0000] {processor.py:830} INFO - Processing file /opt/airflow/dags/lcbo_pipeline_dag.py for tasks to queue
[2026-09-19T19:01:05.034+0000] {logging_mixin.py:188} INFO - [2026-09-19T19:01:05.034+0000] {dagbag.py:545} INFO - Filling up the DagBag from /opt/airflow/dags/lcbo_pipeline_dag.py
[2026-09-19T19:01:05.051+0000] {processor.py:840} INFO - DAG(s) 'lcbo_pipeline' retrieved from /opt/airflow/dags/lcbo_pipeline_dag.py
[2026-09-19T19:01:05.074+0000] {logging_mixin.py:188} INFO - [2026-09-19T19:01:05.074+0000] {dag.py:3089} INFO - Sync 1 DAGs
[2026-09-19T19:01:05.084+0000] {logging_mixin.py:188} INFO - [2026-09-19T19:01:05.084+0000] {dag.py:3947} INFO - Setting next_dagrun for lcbo_pipeline to None, run_after=None
[2026-09-19T19:01:05.099+0000] {processor.py:183} INFO - Processing /opt/airflow/dags/lcbo_pipeline_dag.py took 0.072 seconds
[2026-09-19T19:01:35.252+0000] {processor.py:161} INFO - Started process (PID=2196) to work on /opt/airflow/dags/lcbo_pipeline_dag.py
[2026-09-19T19:01:35.254+0000] {processor.py:830} INFO - Processing file /opt/airflow/dags/lcbo_pipeline_dag.py for tasks to queue
[2026-09-19T19:01:35.255+0000] {logging_mixin.py:188} INFO - [2026-09-19T19:01:35.255+0000] {dagbag.py:545} INFO - Filling up the DagBag from /opt/airflow/dags/lcbo_pipeline_dag.py
[2026-09-19T19:01:35.272+0000] {processor.py:840} INFO - DAG(s) 'lcbo_pipeline' retrieved from /opt/airflow/dags/lcbo_pipeline_dag.py
[2026-09-19T19:01:35.296+0000] {logging_mixin.py:188} INFO - [2026-09-19T19:01:35.295+0000] {dag.py:3089} INFO - Sync 1 DAGs
[2026-09-19T19:01:35.305+0000] {logging_mixin.py:188} INFO - [2026-09-19T19:01:35.305+0000] {dag.py:3947} INFO - Setting next_dagrun for lcbo_pipeline to None, run_after=None
[2026-09-19T19:01:35.320+0000] {processor.py:183} INFO - Processing /opt/airflow/dags/lcbo_pipeline_dag.py took 0.072 seconds
[2026-09-19T19:02:05.454+0000] {processor.py:161} INFO - Started process (PID=2207) to work on /opt/airflow/dags/lcbo_pipeline_dag.py
[2026-09-19T19:02:05.456+0000] {processor.py:830} INFO - Processing file /opt/airflow/dags/lcbo_pipeline_dag.py for tasks to queue
[2026-09-19T19:02:05.457+0000] {logging_mixin.py:188} INFO - [2026-09-19T19:02:05.457+0000] {dagbag.py:545} INFO - Filling up the DagBag from /opt/airflow/dags/lcbo_pipeline_dag.py
[2026-09-19T19:02:05.474+0000] {processor.py:840} INFO - DAG(s) 'lcbo_pipeline' retrieved from /opt/airflow/dags/lcbo_pipeline_dag.py
[2026-09-19T19:02:05.496+0000] {logging_mixin.py:188} INFO - [2026-09-19T19:02:05.496+0000] {dag.py:3089} INFO - Sync 1 DAGs
[2026-09-19T19:02:05.505+0000] {logging_mixin.py:188} INFO - [2026-09-19T19:02:05.505+0000] {dag.py:3947} INFO - Setting next_dagrun for lcbo_pipeline to None, run_after=None
[2026-09-19T19:02:05.521+0000] {processor.py:183} INFO - Processing /opt/airflow/dags/lcbo_pipeline_dag.py took 0.071 seconds
[2026-09-19T19:02:35.674+0000] {processor.py:161} INFO - Started process (PID=2218) to work on /opt/airflow/dags/lcbo_pipeline_dag.py
[2026-09-19T19:02:35.675+0000] {processor.py:830} INFO - Processing file /opt/airflow/dags/lcbo_pipeline_dag.py for tasks to queue
[2026-09-19T19:02:35.677+0000] {logging_mixin.py:188} INFO - [2026-09-19T19:02:35.677+0000] {dagbag.py:545} INFO - Filling up the DagBag from /opt/airflow/dags/lcbo_pipeline_dag.py
[2026-09-19T19:02:35.695+0000] {processor.py:840} INFO - DAG(s) 'lcbo_pipeline' retrieved from /opt/airflow/dags/lcbo_pipeline_dag.py
[2026-09-19T19:02:35.718+0000] {logging_mixin.py:188} INFO - [2026-09-19T19:02:35.718+0000] {dag.py:3089} INFO - Sync 1 DAGs
[2026-09-19T19:02:35.728+0000] {logging_mixin.py:188} INFO - [2026-09-19T19:02:35.728+0000] {dag.py:3947} INFO - Setting next_dagrun for lcbo_pipeline to None, run_after=None
[2026-09-19T19:02:35.744+0000] {processor.py:183} INFO - Processing /opt/airflow/dags/lcbo_pipeline_dag.py took 0.074 seconds
[2026-09-19T19:03:05.881+0000] {processor.py:161} INFO - Started process (PID=2229) to work on /opt/airflow/dags/lcbo_pipeline_dag.py
[2026-09-19T19:03:05.882+0000] {processor.py:830} INFO - Processing file /opt/airflow/dags/lcbo_pipeline_dag.py for tasks to queue
[2026-09-19T19:03:05.883+0000] {logging_mixin.py:188} INFO - [2026-09-19T19:03:05.883+0000] {dagbag.py:545} INFO - Filling up the DagBag from /opt/airflow/dags/lcbo_pipeline_dag.py
[2026-09-19T19:03:05.901+0000] {processor.py:840} INFO - DAG(s) 'lcbo_pipeline' retrieved from /opt/airflow/dags/lcbo_pipeline_dag.py
[2026-09-19T19:03:05.924+0000] {logging_mixin.py:188} INFO - [2026-09-19T19:03:05.924+0000] {dag.py:3089} INFO - Sync 1 DAGs
[2026-09-19T19:03:05.933+0000] {logging_mixin.py:188} INFO - [2026-09-19T19:03:05.933+0000] {dag.py:3947} INFO - Setting next_dagrun for lcbo_pipeline to None, run_after=None
[2026-09-19T19:03:05.948+0000] {processor.py:183} INFO - Processing /opt/airflow/dags/lcbo_pipeline_dag.py took 0.071 seconds
[2026-09-19T19:03:36.112+0000] {processor.py:161} INFO - Started process (PID=2240) to work on /opt/airflow/dags/lcbo_pipeline_dag.py
[2026-09-19T19:03:36.113+0000] {processor.py:830} INFO - Processing file /opt/airflow/dags/lcbo_pipeline_dag.py for tasks to queue
[2026-09-19T19:03:36.114+0000] {logging_mixin.py:188} INFO - [2026-09-19T19:03:36.114+0000] {dagbag.py:545} INFO - Filling up the DagBag from /opt/airflow/dags/lcbo_pipeline_dag.py
[2026-09-19T19:03:36.132+0000] {processor.py:840} INFO - DAG(s) 'lcbo_pipeline' retrieved from /opt/airflow/dags/lcbo_pipeline_dag.py
[2026-09-19T19:03:36.155+0000] {logging_mixin.py:188} INFO - [2026-09-19T19:03:36.155+0000] {dag.py:3089} INFO - Sync 1 DAGs
[2026-09-19T19:03:36.164+0000] {logging_mixin.py:188} INFO - [2026-09-19T19:03:36.164+0000] {dag.py:3947} INFO - Setting next_dagrun for lcbo_pipeline to None, run_after=None
[2026-09-19T19:03:36.178+0000] {processor.py:183} INFO - Processing /opt/airflow/dags/lcbo_pipeline_dag.py took 0.070 seconds
[2026-09-19T19:04:06.321+0000] {processor.py:161} INFO - Started process (PID=2251) to work on /opt/airflow/dags/lcbo_pipeline_dag.py
[2026-09-19T19:04:06.322+0000] {processor.py:830} INFO - Processing file /opt/airflow/dags/lcbo_pipeline_dag.py for tasks to queue
[2026-09-19T19:04:06.324+0000] {logging_mixin.py:188} INFO - [2026-09-19T19:04:06.324+0000] {dagbag.py:545} INFO - Filling up the DagBag from /opt/airflow/dags/lcbo_pipeline_dag.py
[2026-09-19T19:04:06.343+0000] {processor.py:840} INFO - DAG(s) 'lcbo_pipeline' retrieved from /opt/airflow/dags/lcbo_pipeline_dag.py
[2026-09-19T19:04:06.367+0000] {logging_mixin.py:188} INFO - [2026-09-19T19:04:06.366+0000] {dag.py:3089} INFO - Sync 1 DAGs
[2026-09-19T19:04:06.377+0000] {logging_mixin.py:188} INFO - [2026-09-19T19:04:06.376+0000] {dag.py:3947} INFO - Setting next_dagrun for lcbo_pipeline to None, run_after=None
[2026-09-19T19:04:06.393+0000] {processor.py:183} INFO - Processing /opt/airflow/dags/lcbo_pipeline_dag.py took 0.076 seconds
[2026-09-19T19:04:36.547+0000] {processor.py:161} INFO - Started process (PID=2262) to work on /opt/airflow/dags/lcbo_pipeline_dag.py
[2026-09-19T19:04:36.548+0000] {processor.py:830} INFO - Processing file /opt/airflow/dags/lcbo_pipeline_dag.py for tasks to queue
[2026-09-19T19:04:36.550+0000] {logging_mixin.py:188} INFO - [2026-09-19T19:04:36.550+0000] {dagbag.py:545} INFO - Filling up the DagBag from /opt/airflow/dags/lcbo_pipeline_dag.py
[2026-09-19T19:04:36.570+0000] {processor.py:840} INFO - DAG(s) 'lcbo_pipeline' retrieved from /opt/airflow/dags/lcbo_pipeline_dag.py
[2026-09-19T19:04:36.598+0000] {logging_mixin.py:188} INFO - [2026-09-19T19:04:36.597+0000] {dag.py:3089} INFO - Sync 1 DAGs
[2026-09-19T19:04:36.608+0000] {logging_mixin.py:188} INFO - [2026-09-19T19:04:36.608+0000] {dag.py:3947} INFO - Setting next_dagrun for lcbo_pipeline to None, run_after=None
[2026-09-19T19:04:36.623+0000] {processor.py:183} INFO - Processing /opt/airflow/dags/lcbo_pipeline_dag.py took 0.080 seconds
[2026-09-19T19:05:06.772+0000] {processor.py:161} INFO - Started process (PID=2273) to work on /opt/airflow/dags/lcbo_pipeline_dag.py
[2026-09-19T19:05:06.773+0000] {processor.py:830} INFO - Processing file /opt/airflow/dags/lcbo_pipeline_dag.py for tasks to queue
[2026-09-19T19:05:06.775+0000] {logging_mixin.py:188} INFO - [2026-09-19T19:05:06.775+0000] {dagbag.py:545} INFO - Filling up the DagBag from /opt/airflow/dags/lcbo_pipeline_dag.py
[2026-09-19T19:05:06.793+0000] {processor.py:840} INFO - DAG(s) 'lcbo_pipeline' retrieved from /opt/airflow/dags/lcbo_pipeline_dag.py
[2026-09-19T19:05:06.816+0000] {logging_mixin.py:188} INFO - [2026-09-19T19:05:06.816+0000] {dag.py:3089} INFO - Sync 1 DAGs
[2026-09-19T19:05:06.826+0000] {logging_mixin.py:188} INFO - [2026-09-19T19:05:06.825+0000] {dag.py:3947} INFO - Setting next_dagrun for lcbo_pipeline to None, run_after=None
[2026-09-19T19:05:06.842+0000] {processor.py:183} INFO - Processing /opt/airflow/dags/lcbo_pipeline_dag.py took 0.073 seconds
[2026-09-19T19:05:37.034+0000] {processor.py:161} INFO - Started process (PID=2284) to work on /opt/airflow/dags/lcbo_pipeline_dag.py
[2026-09-19T19:05:37.035+0000] {processor.py:830} INFO - Processing file /opt/airflow/dags/lcbo_pipeline_dag.py for tasks to queue
[2026-09-19T19:05:37.037+0000] {logging_mixin.py:188} INFO - [2026-09-19T19:05:37.037+0000] {dagbag.py:545} INFO - Filling up the DagBag from /opt/airflow/dags/lcbo_pipeline_dag.py
[2026-09-19T19:05:37.055+0000] {processor.py:840} INFO - DAG(s) 'lcbo_pipeline' retrieved from /opt/airflow/dags/lcbo_pipeline_dag.py
[2026-09-19T19:05:37.078+0000] {logging_mixin.py:188} INFO - [2026-09-19T19:05:37.078+0000] {dag.py:3089} INFO - Sync 1 DAGs
[2026-09-19T19:05:37.087+0000] {logging_mixin.py:188} INFO - [2026-09-19T19:05:37.087+0000] {dag.py:3947} INFO - Setting next_dagrun for lcbo_pipeline to None, run_after=None
[2026-09-19T19:05:37.101+0000] {processor.py:183} INFO - Processing /opt/airflow/dags/lcbo_pipeline_dag.py took 0.071 seconds
[2026-09-19T19:06:07.229+0000] {processor.py:161} INFO - Started process (PID=2295) to work on /opt/airflow/dags/lcbo_pipeline_dag.py
[2026-09-19T19:06:07.230+0000] {processor.py:830} INFO - Processing file /opt/airflow/dags/lcbo_pipeline_dag.py for tasks to queue
[2026-09-19T19:06:07.232+0000] {logging_mixin.py:188} INFO - [2026-09-19T19:06:07.231+0000] {dagbag.py:545} INFO - Filling up the DagBag from /opt/airflow/dags/lcbo_pipeline_dag.py
[2026-09-19T19:06:07.251+0000] {processor.py:840} INFO - DAG(s) 'lcbo_pipeline' retrieved from /opt/airflow/dags/lcbo_pipeline_dag.py
[2026-09-19T19:06:07.275+0000] {logging_mixin.py:188} INFO - [2026-09-19T19:06:07.275+0000] {dag.py:3089} INFO - Sync 1 DAGs
[2026-09-19T19:06:07.284+0000] {logging_mixin.py:188} INFO - [2026-09-19T19:06:07.284+0000] {dag.py:3947} INFO - Setting next_dagrun for lcbo_pipeline to None, run_after=None
[2026-09-19T19:06:07.300+0000] {processor.py:183} INFO - Processing /opt/airflow/dags/lcbo_pipeline_dag.py took 0.076 seconds
[2026-09-19T19:06:37.468+0000] {processor.py:161} INFO - Started process (PID=2306) to work on /opt/airflow/dags/lcbo_pipeline_dag.py
[2026-09-19T19:06:37.469+0000] {processor.py:830} INFO - Processing file /opt/airflow/dags/lcbo_pipeline_dag.py for tasks to queue
[2026-09-19T19:06:37.471+0000] {logging_mixin.py:188} INFO - [2026-09-19T19:06:37.470+0000] {dagbag.py:545} INFO - Filling up the DagBag from /opt/airflow/dags/lcbo_pipeline_dag.py
[2026-09-19T19:06:37.488+0000] {processor.py:840} INFO - DAG(s) 'lcbo_pipeline' retrieved from /opt/airflow/dags/lcbo_pipeline_dag.py
[2026-09-19T19:06:37.513+0000] {logging_mixin.py:188} INFO - [2026-09-19T19:06:37.513+0000] {dag.py:3089} INFO - Sync 1 DAGs
[2026-09-19T19:06:37.524+0000] {logging_mixin.py:188} INFO - [2026-09-19T19:06:37.524+0000] {dag.py:3947} INFO - Setting next_dagrun for lcbo_pipeline to None, run_after=None
[2026-09-19T19:06:37.541+0000] {processor.py:183} INFO - Processing /opt/airflow/dags/lcbo_pipeline_dag.py took 0.076 seconds
[2026-09-19T19:07:07.668+0000] {processor.py:161} INFO - Started process (PID=2317) to work on /opt/airflow/dags/lcbo_pipeline_dag.py
[2026-09-19T19:07:07.669+0000] {processor.py:830} INFO - Processing file /opt/airflow/dags/lcbo_pipeline_dag.py for tasks to queue
[2026-09-19T19:07:07.670+0000] {logging_mixin.py:188} INFO - [2026-09-19T19:07:07.670+0000] {dagbag.py:545} INFO - Filling up the DagBag from /opt/airflow/dags/lcbo_pipeline_dag.py
[2026-09-19T19:07:07.687+0000] {processor.py:840} INFO - DAG(s) 'lcbo_pipeline' retrieved from /opt/airflow/dags/lcbo_pipeline_dag.py
[2026-09-19T19:07:07.713+0000] {logging_mixin.py:188} INFO - [2026-09-19T19:07:07.713+0000] {dag.py:3089} INFO - Sync 1 DAGs
[2026-09-19T19:07:07.723+0000] {logging_mixin.py:188} INFO - [2026-09-19T19:07:07.722+0000] {dag.py:3947} INFO - Setting next_dagrun for lcbo_pipeline to None, run_after=None
[2026-09-19T19:07:07.738+0000] {processor.py:183} INFO - Processing /opt/airflow/dags/lcbo_pipeline_dag.py took 0.074 seconds
[2026-09-19T19:07:37.905+0000] {processor.py:161} INFO - Started process (PID=2328) to work on /opt/airflow/dags/lcbo_pipeline_dag.py
[2026-09-19T19:07:37.906+0000] {processor.py:830} INFO - Processing file /opt/airflow/dags/lcbo_pipeline_dag.py for tasks to queue
[2026-09-19T19:07:37.907+0000] {logging_mixin.py:188} INFO - [2026-09-19T19:07:37.907+0000] {dagbag.py:545} INFO - Filling up the DagBag from /opt/airflow/dags/lcbo_pipeline_dag.py
[2026-09-19T19:07:37.924+0000] {processor.py:840} INFO - DAG(s) 'lcbo_pipeline' retrieved from /opt/airflow/dags/lcbo_pipeline_dag.py
[2026-09-19T19:07:37.947+0000] {logging_mixin.py:188} INFO - [2026-09-19T19:07:37.947+0000] {dag.py:3089} INFO - Sync 1 DAGs
[2026-09-19T19:07:37.957+0000] {logging_mixin.py:188} INFO - [2026-09-19T19:07:37.957+0000] {dag.py:3947} INFO - Setting next_dagrun for lcbo_pipeline to None, run_after=None
[2026-09-19T19:07:37.974+0000] {processor.py:183} INFO - Processing /opt/airflow/dags/lcbo_pipeline_dag.py took 0.073 seconds
[2026-09-19T19:08:08.112+0000] {processor.py:161} INFO - Started process (PID=2339) to work on /opt/airflow/dags/lcbo_pipeline_dag.py
[2026-09-19T19:08:08.113+0000] {processor.py:830} INFO - Processing file /opt/airflow/dags/lcbo_pipeline_dag.py for tasks to queue
[2026-09-19T19:08:08.114+0000] {logging_mixin.py:188} INFO - [2026-09-19T19:08:08.114+0000] {dagbag.py:545} INFO - Filling up the DagBag from /opt/airflow/dags/lcbo_pipeline_dag.py
[2026-09-19T19:08:08.132+0000] {processor.py:840} INFO - DAG(s) 'lcbo_pipeline' retrieved from /opt/airflow/dags/lcbo_pipeline_dag.py
[2026-09-19T19:08:08.155+0000] {logging_mixin.py:188} INFO - [2026-09-19T19:08:08.155+0000] {dag.py:3089} INFO - Sync 1 DAGs
[2026-09-19T19:08:08.165+0000] {logging_mixin.py:188} INFO - [2026-09-19T19:08:08.165+0000] {dag.py:3947} INFO - Setting next_dagrun for lcbo_pipeline to None, run_after=None
[2026-09-19T19:08:08.181+0000] {processor.py:183} INFO - Processing /opt/airflow/dags/lcbo_pipeline_dag.py took 0.073 seconds
[2026-09-19T19:08:38.350+0000] {processor.py:161} INFO - Started process (PID=2350) to work on /opt/airflow/dags/lcbo_pipeline_dag.py
[2026-09-19T19:08:38.351+0000] {processor.py:830} INFO - Processing file /opt/airflow/dags/lcbo_pipeline_dag.py for tasks to queue
[2026-09-19T19:08:38.354+0000] {logging_mixin.py:188} INFO - [2026-09-19T19:08:38.353+0000] {dagbag.py:545} INFO - Filling up the DagBag from /opt/airflow/dags/lcbo_pipeline_dag.py
[2026-09-19T19:08:38.374+0000] {processor.py:840} INFO - DAG(s) 'lcbo_pipeline' retrieved from /opt/airflow/dags/lcbo_pipeline_dag.py
[2026-09-19T19:08:38.401+0000] {logging_mixin.py:188} INFO - [2026-09-19T19:08:38.401+0000] {dag.py:3089} INFO - Sync 1 DAGs
[2026-09-19T19:08:38.412+0000] {logging_mixin.py:188} INFO - [2026-09-19T19:08:38.412+0000] {dag.py:3947} INFO - Setting next_dagrun for lcbo_pipeline to None, run_after=None
[2026-09-19T19:08:38.428+0000] {processor.py:183} INFO - Processing /opt/airflow/dags/lcbo_pipeline_dag.py took 0.084 seconds
[2026-09-19T19:09:08.557+0000] {processor.py:161} INFO - Started process (PID=2361) to work on /opt/airflow/dags/lcbo_pipeline_dag.py
[2026-09-19T19:09:08.559+0000] {processor.py:830} INFO - Processing file /opt/airflow/dags/lcbo_pipeline_dag.py for tasks to queue
[2026-09-19T19:09:08.561+0000] {logging_mixin.py:188} INFO - [2026-09-19T19:09:08.560+0000] {dagbag.py:545} INFO - Filling up the DagBag from /opt/airflow/dags/lcbo_pipeline_dag.py
[2026-09-19T19:09:08.580+0000] {processor.py:840} INFO - DAG(s) 'lcbo_pipeline' retrieved from /opt/airflow/dags/lcbo_pipeline_dag.py
[2026-09-19T19:09:08.607+0000] {logging_mixin.py:188} INFO - [2026-09-19T19:09:08.607+0000] {dag.py:3089} INFO - Sync 1 DAGs
[2026-09-19T19:09:08.617+0000] {logging_mixin.py:188} INFO - [2026-09-19T19:09:08.616+0000] {dag.py:3947} INFO - Setting next_dagrun for lcbo_pipeline to None, run_after=None
[2026-09-19T19:09:08.634+0000] {processor.py:183} INFO - Processing /opt/airflow/dags/lcbo_pipeline_dag.py took 0.083 seconds
[2026-09-19T19:09:38.788+0000] {processor.py:161} INFO - Started process (PID=2372) to work on /opt/airflow/dags/lcbo_pipeline_dag.py
[2026-09-19T19:09:38.789+0000] {processor.py:830} INFO - Processing file /opt/airflow/dags/lcbo_pipeline_dag.py for tasks to queue
[2026-09-19T19:09:38.792+0000] {logging_mixin.py:188} INFO - [2026-09-19T19:09:38.792+0000] {dagbag.py:545} INFO - Filling up the DagBag from /opt/airflow/dags/lcbo_pipeline_dag.py
[2026-09-19T19:09:38.810+0000] {processor.py:840} INFO - DAG(s) 'lcbo_pipeline' retrieved from /opt/airflow/dags/lcbo_pipeline_dag.py
[2026-09-19T19:09:38.833+0000] {logging_mixin.py:188} INFO - [2026-09-19T19:09:38.832+0000] {dag.py:3089} INFO - Sync 1 DAGs
[2026-09-19T19:09:38.842+0000] {logging_mixin.py:188} INFO - [2026-09-19T19:09:38.842+0000] {dag.py:3947} INFO - Setting next_dagrun for lcbo_pipeline to None, run_after=None
[2026-09-19T19:09:38.858+0000] {processor.py:183} INFO - Processing /opt/airflow/dags/lcbo_pipeline_dag.py took 0.073 seconds
[2026-09-19T19:10:09.002+0000] {processor.py:161} INFO - Started process (PID=2383) to work on /opt/airflow/dags/lcbo_pipeline_dag.py
[2026-09-19T19:10:09.003+0000] {processor.py:830} INFO - Processing file /opt/airflow/dags/lcbo_pipeline_dag.py for tasks to queue
[2026-09-19T19:10:09.004+0000] {logging_mixin.py:188} INFO - [2026-09-19T19:10:09.004+0000] {dagbag.py:545} INFO - Filling up the DagBag from /opt/airflow/dags/lcbo_pipeline_dag.py
[2026-09-19T19:10:09.024+0000] {processor.py:840} INFO - DAG(s) 'lcbo_pipeline' retrieved from /opt/airflow/dags/lcbo_pipeline_dag.py
[2026-09-19T19:10:09.047+0000] {logging_mixin.py:188} INFO - [2026-09-19T19:10:09.047+0000] {dag.py:3089} INFO - Sync 1 DAGs
[2026-09-19T19:10:09.057+0000] {logging_mixin.py:188} INFO - [2026-09-19T19:10:09.057+0000] {dag.py:3947} INFO - Setting next_dagrun for lcbo_pipeline to None, run_after=None
[2026-09-19T19:10:09.074+0000] {processor.py:183} INFO - Processing /opt/airflow/dags/lcbo_pipeline_dag.py took 0.077 seconds
[2026-09-19T19:10:39.253+0000] {processor.py:161} INFO - Started process (PID=2394) to work on /opt/airflow/dags/lcbo_pipeline_dag.py
[2026-09-19T19:10:39.254+0000] {processor.py:830} INFO - Processing file /opt/airflow/dags/lcbo_pipeline_dag.py for tasks to queue
[2026-09-19T19:10:39.256+0000] {logging_mixin.py:188} INFO - [2026-09-19T19:10:39.255+0000] {dagbag.py:545} INFO - Filling up the DagBag from /opt/airflow/dags/lcbo_pipeline_dag.py
[2026-09-19T19:10:39.272+0000] {processor.py:840} INFO - DAG(s) 'lcbo_pipeline' retrieved from /opt/airflow/dags/lcbo_pipeline_dag.py
[2026-09-19T19:10:39.295+0000] {logging_mixin.py:188} INFO - [2026-09-19T19:10:39.294+0000] {dag.py:3089} INFO - Sync 1 DAGs
[2026-09-19T19:10:39.306+0000] {logging_mixin.py:188} INFO - [2026-09-19T19:10:39.305+0000] {dag.py:3947} INFO - Setting next_dagrun for lcbo_pipeline to None, run_after=None
[2026-09-19T19:10:39.323+0000] {processor.py:183} INFO - Processing /opt/airflow/dags/lcbo_pipeline_dag.py took 0.074 seconds
[2026-09-19T19:11:09.451+0000] {processor.py:161} INFO - Started process (PID=2405) to work on /opt/airflow/dags/lcbo_pipeline_dag.py
[2026-09-19T19:11:09.452+0000] {processor.py:830} INFO - Processing file /opt/airflow/dags/lcbo_pipeline_dag.py for tasks to queue
[2026-09-19T19:11:09.454+0000] {logging_mixin.py:188} INFO - [2026-09-19T19:11:09.453+0000] {dagbag.py:545} INFO - Filling up the DagBag from /opt/airflow/dags/lcbo_pipeline_dag.py
[2026-09-19T19:11:09.471+0000] {processor.py:840} INFO - DAG(s) 'lcbo_pipeline' retrieved from /opt/airflow/dags/lcbo_pipeline_dag.py
[2026-09-19T19:11:09.496+0000] {logging_mixin.py:188} INFO - [2026-09-19T19:11:09.496+0000] {dag.py:3089} INFO - Sync 1 DAGs
[2026-09-19T19:11:09.505+0000] {logging_mixin.py:188} INFO - [2026-09-19T19:11:09.505+0000] {dag.py:3947} INFO - Setting next_dagrun for lcbo_pipeline to None, run_after=None
[2026-09-19T19:11:09.522+0000] {processor.py:183} INFO - Processing /opt/airflow/dags/lcbo_pipeline_dag.py took 0.075 seconds
[2026-09-19T19:11:39.678+0000] {processor.py:161} INFO - Started process (PID=2416) to work on /opt/airflow/dags/lcbo_pipeline_dag.py
[2026-09-19T19:11:39.679+0000] {processor.py:830} INFO - Processing file /opt/airflow/dags/lcbo_pipeline_dag.py for tasks to queue
[2026-09-19T19:11:39.681+0000] {logging_mixin.py:188} INFO - [2026-09-19T19:11:39.680+0000] {dagbag.py:545} INFO - Filling up the DagBag from /opt/airflow/dags/lcbo_pipeline_dag.py
[2026-09-19T19:11:39.698+0000] {processor.py:840} INFO - DAG(s) 'lcbo_pipeline' retrieved from /opt/airflow/dags/lcbo_pipeline_dag.py
[2026-09-19T19:11:39.722+0000] {logging_mixin.py:188} INFO - [2026-09-19T19:11:39.722+0000] {dag.py:3089} INFO - Sync 1 DAGs
[2026-09-19T19:11:39.732+0000] {logging_mixin.py:188} INFO - [2026-09-19T19:11:39.731+0000] {dag.py:3947} INFO - Setting next_dagrun for lcbo_pipeline to None, run_after=None
[2026-09-19T19:11:39.748+0000] {processor.py:183} INFO - Processing /opt/airflow/dags/lcbo_pipeline_dag.py took 0.075 seconds
[2026-09-19T19:12:09.884+0000] {processor.py:161} INFO - Started process (PID=2427) to work on /opt/airflow/dags/lcbo_pipeline_dag.py
[2026-09-19T19:12:09.885+0000] {processor.py:830} INFO - Processing file /opt/airflow/dags/lcbo_pipeline_dag.py for tasks to queue
[2026-09-19T19:12:09.886+0000] {logging_mixin.py:188} INFO - [2026-09-19T19:12:09.886+0000] {dagbag.py:545} INFO - Filling up the DagBag from /opt/airflow/dags/lcbo_pipeline_dag.py
[2026-09-19T19:12:09.903+0000] {processor.py:840} INFO - DAG(s) 'lcbo_pipeline' retrieved from /opt/airflow/dags/lcbo_pipeline_dag.py
[2026-09-19T19:12:09.926+0000] {logging_mixin.py:188} INFO - [2026-09-19T19:12:09.926+0000] {dag.py:3089} INFO - Sync 1 DAGs
[2026-09-19T19:12:09.936+0000] {logging_mixin.py:188} INFO - [2026-09-19T19:12:09.935+0000] {dag.py:3947} INFO - Setting next_dagrun for lcbo_pipeline to None, run_after=None
[2026-09-19T19:12:09.950+0000] {processor.py:183} INFO - Processing /opt/airflow/dags/lcbo_pipeline_dag.py took 0.070 seconds
[2026-09-19T19:12:40.115+0000] {processor.py:161} INFO - Started process (PID=2438) to work on /opt/airflow/dags/lcbo_pipeline_dag.py
[2026-09-19T19:12:40.116+0000] {processor.py:830} INFO - Processing file /opt/airflow/dags/lcbo_pipeline_dag.py for tasks to queue
[2026-09-19T19:12:40.118+0000] {logging_mixin.py:188} INFO - [2026-09-19T19:12:40.118+0000] {dagbag.py:545} INFO - Filling up the DagBag from /opt/airflow/dags/lcbo_pipeline_dag.py
[2026-09-19T19:12:40.137+0000] {processor.py:840} INFO - DAG(s) 'lcbo_pipeline' retrieved from /opt/airflow/dags/lcbo_pipeline_dag.py
[2026-09-19T19:12:40.164+0000] {logging_mixin.py:188} INFO - [2026-09-19T19:12:40.164+0000] {dag.py:3089} INFO - Sync 1 DAGs
[2026-09-19T19:12:40.177+0000] {logging_mixin.py:188} INFO - [2026-09-19T19:12:40.177+0000] {dag.py:3947} INFO - Setting next_dagrun for lcbo_pipeline to None, run_after=None
[2026-09-19T19:12:40.195+0000] {processor.py:183} INFO - Processing /opt/airflow/dags/lcbo_pipeline_dag.py took 0.085 seconds
[2026-09-19T19:13:10.298+0000] {processor.py:161} INFO - Started process (PID=2449) to work on /opt/airflow/dags/lcbo_pipeline_dag.py
[2026-09-19T19:13:10.299+0000] {processor.py:830} INFO - Processing file /opt/airflow/dags/lcbo_pipeline_dag.py for tasks to queue
[2026-09-19T19:13:10.301+0000] {logging_mixin.py:188} INFO - [2026-09-19T19:13:10.300+0000] {dagbag.py:545} INFO - Filling up the DagBag from /opt/airflow/dags/lcbo_pipeline_dag.py
[2026-09-19T19:13:10.319+0000] {processor.py:840} INFO - DAG(s) 'lcbo_pipeline' retrieved from /opt/airflow/dags/lcbo_pipeline_dag.py
[2026-09-19T19:13:10.345+0000] {logging_mixin.py:188} INFO - [2026-09-19T19:13:10.345+0000] {dag.py:3089} INFO - Sync 1 DAGs
[2026-09-19T19:13:10.354+0000] {logging_mixin.py:188} INFO - [2026-09-19T19:13:10.354+0000] {dag.py:3947} INFO - Setting next_dagrun for lcbo_pipeline to None, run_after=None
[2026-09-19T19:13:10.368+0000] {processor.py:183} INFO - Processing /opt/airflow/dags/lcbo_pipeline_dag.py took 0.074 seconds
[2026-09-19T19:13:40.553+0000] {processor.py:161} INFO - Started process (PID=2460) to work on /opt/airflow/dags/lcbo_pipeline_dag.py
[2026-09-19T19:13:40.554+0000] {processor.py:830} INFO - Processing file /opt/airflow/dags/lcbo_pipeline_dag.py for tasks to queue
[2026-09-19T19:13:40.556+0000] {logging_mixin.py:188} INFO - [2026-09-19T19:13:40.556+0000] {dagbag.py:545} INFO - Filling up the DagBag from /opt/airflow/dags/lcbo_pipeline_dag.py
[2026-09-19T19:13:40.577+0000] {processor.py:840} INFO - DAG(s) 'lcbo_pipeline' retrieved from /opt/airflow/dags/lcbo_pipeline_dag.py
[2026-09-19T19:13:40.608+0000] {logging_mixin.py:188} INFO - [2026-09-19T19:13:40.607+0000] {dag.py:3089} INFO - Sync 1 DAGs
[2026-09-19T19:13:40.621+0000] {logging_mixin.py:188} INFO - [2026-09-19T19:13:40.621+0000] {dag.py:3947} INFO - Setting next_dagrun for lcbo_pipeline to None, run_after=None
[2026-09-19T19:13:40.647+0000] {processor.py:183} INFO - Processing /opt/airflow/dags/lcbo_pipeline_dag.py took 0.099 seconds
[2026-09-19T19:14:10.744+0000] {processor.py:161} INFO - Started process (PID=2471) to work on /opt/airflow/dags/lcbo_pipeline_dag.py
[2026-09-19T19:14:10.746+0000] {processor.py:830} INFO - Processing file /opt/airflow/dags/lcbo_pipeline_dag.py for tasks to queue
[2026-09-19T19:14:10.748+0000] {logging_mixin.py:188} INFO - [2026-09-19T19:14:10.748+0000] {dagbag.py:545} INFO - Filling up the DagBag from /opt/airflow/dags/lcbo_pipeline_dag.py
[2026-09-19T19:14:10.773+0000] {processor.py:840} INFO - DAG(s) 'lcbo_pipeline' retrieved from /opt/airflow/dags/lcbo_pipeline_dag.py
[2026-09-19T19:14:10.802+0000] {logging_mixin.py:188} INFO - [2026-09-19T19:14:10.801+0000] {dag.py:3089} INFO - Sync 1 DAGs
[2026-09-19T19:14:10.813+0000] {logging_mixin.py:188} INFO - [2026-09-19T19:14:10.812+0000] {dag.py:3947} INFO - Setting next_dagrun for lcbo_pipeline to None, run_after=None
[2026-09-19T19:14:10.831+0000] {processor.py:183} INFO - Processing /opt/airflow/dags/lcbo_pipeline_dag.py took 0.093 seconds
[2026-09-19T19:14:41.004+0000] {processor.py:161} INFO - Started process (PID=2482) to work on /opt/airflow/dags/lcbo_pipeline_dag.py
[2026-09-19T19:14:41.005+0000] {processor.py:830} INFO - Processing file /opt/airflow/dags/lcbo_pipeline_dag.py for tasks to queue
[2026-09-19T19:14:41.007+0000] {logging_mixin.py:188} INFO - [2026-09-19T19:14:41.007+0000] {dagbag.py:545} INFO - Filling up the DagBag from /opt/airflow/dags/lcbo_pipeline_dag.py
[2026-09-19T19:14:41.026+0000] {processor.py:840} INFO - DAG(s) 'lcbo_pipeline' retrieved from /opt/airflow/dags/lcbo_pipeline_dag.py
[2026-09-19T19:14:41.052+0000] {logging_mixin.py:188} INFO - [2026-09-19T19:14:41.052+0000] {dag.py:3089} INFO - Sync 1 DAGs
[2026-09-19T19:14:41.064+0000] {logging_mixin.py:188} INFO - [2026-09-19T19:14:41.064+0000] {dag.py:3947} INFO - Setting next_dagrun for lcbo_pipeline to None, run_after=None
[2026-09-19T19:14:41.089+0000] {processor.py:183} INFO - Processing /opt/airflow/dags/lcbo_pipeline_dag.py took 0.089 seconds
[2026-09-19T19:15:11.197+0000] {processor.py:161} INFO - Started process (PID=2493) to work on /opt/airflow/dags/lcbo_pipeline_dag.py
[2026-09-19T19:15:11.198+0000] {processor.py:830} INFO - Processing file /opt/airflow/dags/lcbo_pipeline_dag.py for tasks to queue
[2026-09-19T19:15:11.200+0000] {logging_mixin.py:188} INFO - [2026-09-19T19:15:11.200+0000] {dagbag.py:545} INFO - Filling up the DagBag from /opt/airflow/dags/lcbo_pipeline_dag.py
[2026-09-19T19:15:11.219+0000] {processor.py:840} INFO - DAG(s) 'lcbo_pipeline' retrieved from /opt/airflow/dags/lcbo_pipeline_dag.py
[2026-09-19T19:15:11.242+0000] {logging_mixin.py:188} INFO - [2026-09-19T19:15:11.242+0000] {dag.py:3089} INFO - Sync 1 DAGs
[2026-09-19T19:15:11.251+0000] {logging_mixin.py:188} INFO - [2026-09-19T19:15:11.251+0000] {dag.py:3947} INFO - Setting next_dagrun for lcbo_pipeline to None, run_after=None
[2026-09-19T19:15:11.267+0000] {processor.py:183} INFO - Processing /opt/airflow/dags/lcbo_pipeline_dag.py took 0.074 seconds
[2026-09-19T19:15:41.485+0000] {processor.py:161} INFO - Started process (PID=2504) to work on /opt/airflow/dags/lcbo_pipeline_dag.py
[2026-09-19T19:15:41.486+0000] {processor.py:830} INFO - Processing file /opt/airflow/dags/lcbo_pipeline_dag.py for tasks to queue
[2026-09-19T19:15:41.488+0000] {logging_mixin.py:188} INFO - [2026-09-19T19:15:41.488+0000] {dagbag.py:545} INFO - Filling up the DagBag from /opt/airflow/dags/lcbo_pipeline_dag.py
[2026-09-19T19:15:41.506+0000] {processor.py:840} INFO - DAG(s) 'lcbo_pipeline' retrieved from /opt/airflow/dags/lcbo_pipeline_dag.py
[2026-09-19T19:15:41.529+0000] {logging_mixin.py:188} INFO - [2026-09-19T19:15:41.529+0000] {dag.py:3089} INFO - Sync 1 DAGs
[2026-09-19T19:15:41.539+0000] {logging_mixin.py:188} INFO - [2026-09-19T19:15:41.539+0000] {dag.py:3947} INFO - Setting next_dagrun for lcbo_pipeline to None, run_after=None
[2026-09-19T19:15:41.555+0000] {processor.py:183} INFO - Processing /opt/airflow/dags/lcbo_pipeline_dag.py took 0.074 seconds
[2026-09-19T19:16:11.678+0000] {processor.py:161} INFO - Started process (PID=2515) to work on /opt/airflow/dags/lcbo_pipeline_dag.py
[2026-09-19T19:16:11.679+0000] {processor.py:830} INFO - Processing file /opt/airflow/dags/lcbo_pipeline_dag.py for tasks to queue
[2026-09-19T19:16:11.681+0000] {logging_mixin.py:188} INFO - [2026-09-19T19:16:11.681+0000] {dagbag.py:545} INFO - Filling up the DagBag from /opt/airflow/dags/lcbo_pipeline_dag.py
[2026-09-19T19:16:11.700+0000] {processor.py:840} INFO - DAG(s) 'lcbo_pipeline' retrieved from /opt/airflow/dags/lcbo_pipeline_dag.py
[2026-09-19T19:16:11.724+0000] {logging_mixin.py:188} INFO - [2026-09-19T19:16:11.724+0000] {dag.py:3089} INFO - Sync 1 DAGs
[2026-09-19T19:16:11.734+0000] {logging_mixin.py:188} INFO - [2026-09-19T19:16:11.734+0000] {dag.py:3947} INFO - Setting next_dagrun for lcbo_pipeline to None, run_after=None
[2026-09-19T19:16:11.754+0000] {processor.py:183} INFO - Processing /opt/airflow/dags/lcbo_pipeline_dag.py took 0.080 seconds
[2026-09-19T19:16:41.908+0000] {processor.py:161} INFO - Started process (PID=2526) to work on /opt/airflow/dags/lcbo_pipeline_dag.py
[2026-09-19T19:16:41.911+0000] {processor.py:830} INFO - Processing file /opt/airflow/dags/lcbo_pipeline_dag.py for tasks to queue
[2026-09-19T19:16:41.913+0000] {logging_mixin.py:188} INFO - [2026-09-19T19:16:41.913+0000] {dagbag.py:545} INFO - Filling up the DagBag from /opt/airflow/dags/lcbo_pipeline_dag.py
[2026-09-19T19:16:41.932+0000] {processor.py:840} INFO - DAG(s) 'lcbo_pipeline' retrieved from /opt/airflow/dags/lcbo_pipeline_dag.py
[2026-09-19T19:16:41.955+0000] {logging_mixin.py:188} INFO - [2026-09-19T19:16:41.955+0000] {dag.py:3089} INFO - Sync 1 DAGs
[2026-09-19T19:16:41.967+0000] {logging_mixin.py:188} INFO - [2026-09-19T19:16:41.967+0000] {dag.py:3947} INFO - Setting next_dagrun for lcbo_pipeline to None, run_after=None
[2026-09-19T19:16:41.984+0000] {processor.py:183} INFO - Processing /opt/airflow/dags/lcbo_pipeline_dag.py took 0.080 seconds
[2026-09-19T19:17:12.108+0000] {processor.py:161} INFO - Started process (PID=2537) to work on /opt/airflow/dags/lcbo_pipeline_dag.py
[2026-09-19T19:17:12.109+0000] {processor.py:830} INFO - Processing file /opt/airflow/dags/lcbo_pipeline_dag.py for tasks to queue
[2026-09-19T19:17:12.111+0000] {logging_mixin.py:188} INFO - [2026-09-19T19:17:12.110+0000] {dagbag.py:545} INFO - Filling up the DagBag from /opt/airflow/dags/lcbo_pipeline_dag.py
[2026-09-19T19:17:12.129+0000] {processor.py:840} INFO - DAG(s) 'lcbo_pipeline' retrieved from /opt/airflow/dags/lcbo_pipeline_dag.py
[2026-09-19T19:17:12.152+0000] {logging_mixin.py:188} INFO - [2026-09-19T19:17:12.152+0000] {dag.py:3089} INFO - Sync 1 DAGs
[2026-09-19T19:17:12.162+0000] {logging_mixin.py:188} INFO - [2026-09-19T19:17:12.161+0000] {dag.py:3947} INFO - Setting next_dagrun for lcbo_pipeline to None, run_after=None
[2026-09-19T19:17:12.177+0000] {processor.py:183} INFO - Processing /opt/airflow/dags/lcbo_pipeline_dag.py took 0.073 seconds
[2026-09-19T19:17:42.339+0000] {processor.py:161} INFO - Started process (PID=2548) to work on /opt/airflow/dags/lcbo_pipeline_dag.py
[2026-09-19T19:17:42.340+0000] {processor.py:830} INFO - Processing file /opt/airflow/dags/lcbo_pipeline_dag.py for tasks to queue
[2026-09-19T19:17:42.342+0000] {logging_mixin.py:188} INFO - [2026-09-19T19:17:42.341+0000] {dagbag.py:545} INFO - Filling up the DagBag from /opt/airflow/dags/lcbo_pipeline_dag.py
[2026-09-19T19:17:42.359+0000] {processor.py:840} INFO - DAG(s) 'lcbo_pipeline' retrieved from /opt/airflow/dags/lcbo_pipeline_dag.py
[2026-09-19T19:17:42.382+0000] {logging_mixin.py:188} INFO - [2026-09-19T19:17:42.382+0000] {dag.py:3089} INFO - Sync 1 DAGs
[2026-09-19T19:17:42.390+0000] {logging_mixin.py:188} INFO - [2026-09-19T19:17:42.390+0000] {dag.py:3947} INFO - Setting next_dagrun for lcbo_pipeline to None, run_after=None
[2026-09-19T19:17:42.407+0000] {processor.py:183} INFO - Processing /opt/airflow/dags/lcbo_pipeline_dag.py took 0.071 seconds
[2026-09-19T19:18:12.549+0000] {processor.py:161} INFO - Started process (PID=2559) to work on /opt/airflow/dags/lcbo_pipeline_dag.py
[2026-09-19T19:18:12.550+0000] {processor.py:830} INFO - Processing file /opt/airflow/dags/lcbo_pipeline_dag.py for tasks to queue
[2026-09-19T19:18:12.552+0000] {logging_mixin.py:188} INFO - [2026-09-19T19:18:12.551+0000] {dagbag.py:545} INFO - Filling up the DagBag from /opt/airflow/dags/lcbo_pipeline_dag.py
[2026-09-19T19:18:12.569+0000] {processor.py:840} INFO - DAG(s) 'lcbo_pipeline' retrieved from /opt/airflow/dags/lcbo_pipeline_dag.py
[2026-09-19T19:18:12.593+0000] {logging_mixin.py:188} INFO - [2026-09-19T19:18:12.593+0000] {dag.py:3089} INFO - Sync 1 DAGs
[2026-09-19T19:18:12.604+0000] {logging_mixin.py:188} INFO - [2026-09-19T19:18:12.604+0000] {dag.py:3947} INFO - Setting next_dagrun for lcbo_pipeline to None, run_after=None
[2026-09-19T19:18:12.620+0000] {processor.py:183} INFO - Processing /opt/airflow/dags/lcbo_pipeline_dag.py took 0.075 seconds
[2026-09-19T19:18:42.757+0000] {processor.py:161} INFO - Started process (PID=2571) to work on /opt/airflow/dags/lcbo_pipeline_dag.py
[2026-09-19T19:18:42.758+0000] {processor.py:830} INFO - Processing file /opt/airflow/dags/lcbo_pipeline_dag.py for tasks to queue
[2026-09-19T19:18:42.760+0000] {logging_mixin.py:188} INFO - [2026-09-19T19:18:42.760+0000] {dagbag.py:545} INFO - Filling up the DagBag from /opt/airflow/dags/lcbo_pipeline_dag.py
[2026-09-19T19:18:42.779+0000] {processor.py:840} INFO - DAG(s) 'lcbo_pipeline' retrieved from /opt/airflow/dags/lcbo_pipeline_dag.py
[2026-09-19T19:18:42.801+0000] {logging_mixin.py:188} INFO - [2026-09-19T19:18:42.801+0000] {dag.py:3089} INFO - Sync 1 DAGs
[2026-09-19T19:18:42.810+0000] {logging_mixin.py:188} INFO - [2026-09-19T19:18:42.810+0000] {dag.py:3947} INFO - Setting next_dagrun for lcbo_pipeline to None, run_after=None
[2026-09-19T19:18:42.827+0000] {processor.py:183} INFO - Processing /opt/airflow/dags/lcbo_pipeline_dag.py took 0.074 seconds
[2026-09-19T19:19:12.961+0000] {processor.py:161} INFO - Started process (PID=2582) to work on /opt/airflow/dags/lcbo_pipeline_dag.py
[2026-09-19T19:19:12.962+0000] {processor.py:830} INFO - Processing file /opt/airflow/dags/lcbo_pipeline_dag.py for tasks to queue
[2026-09-19T19:19:12.964+0000] {logging_mixin.py:188} INFO - [2026-09-19T19:19:12.964+0000] {dagbag.py:545} INFO - Filling up the DagBag from /opt/airflow/dags/lcbo_pipeline_dag.py
[2026-09-19T19:19:12.983+0000] {processor.py:840} INFO - DAG(s) 'lcbo_pipeline' retrieved from /opt/airflow/dags/lcbo_pipeline_dag.py
[2026-09-19T19:19:13.007+0000] {logging_mixin.py:188} INFO - [2026-09-19T19:19:13.007+0000] {dag.py:3089} INFO - Sync 1 DAGs
[2026-09-19T19:19:13.017+0000] {logging_mixin.py:188} INFO - [2026-09-19T19:19:13.017+0000] {dag.py:3947} INFO - Setting next_dagrun for lcbo_pipeline to None, run_after=None
[2026-09-19T19:19:13.035+0000] {processor.py:183} INFO - Processing /opt/airflow/dags/lcbo_pipeline_dag.py took 0.079 seconds
[2026-09-19T19:19:43.181+0000] {processor.py:161} INFO - Started process (PID=2593) to work on /opt/airflow/dags/lcbo_pipeline_dag.py
[2026-09-19T19:19:43.182+0000] {processor.py:830} INFO - Processing file /opt/airflow/dags/lcbo_pipeline_dag.py for tasks to queue
[2026-09-19T19:19:43.184+0000] {logging_mixin.py:188} INFO - [2026-09-19T19:19:43.184+0000] {dagbag.py:545} INFO - Filling up the DagBag from /opt/airflow/dags/lcbo_pipeline_dag.py
[2026-09-19T19:19:43.202+0000] {processor.py:840} INFO - DAG(s) 'lcbo_pipeline' retrieved from /opt/airflow/dags/lcbo_pipeline_dag.py
[2026-09-19T19:19:43.225+0000] {logging_mixin.py:188} INFO - [2026-09-19T19:19:43.225+0000] {dag.py:3089} INFO - Sync 1 DAGs
[2026-09-19T19:19:43.236+0000] {logging_mixin.py:188} INFO - [2026-09-19T19:19:43.236+0000] {dag.py:3947} INFO - Setting next_dagrun for lcbo_pipeline to None, run_after=None
[2026-09-19T19:19:43.254+0000] {processor.py:183} INFO - Processing /opt/airflow/dags/lcbo_pipeline_dag.py took 0.077 seconds
[2026-09-19T19:20:13.395+0000] {processor.py:161} INFO - Started process (PID=2604) to work on /opt/airflow/dags/lcbo_pipeline_dag.py
[2026-09-19T19:20:13.396+0000] {processor.py:830} INFO - Processing file /opt/airflow/dags/lcbo_pipeline_dag.py for tasks to queue
[2026-09-19T19:20:13.397+0000] {logging_mixin.py:188} INFO - [2026-09-19T19:20:13.397+0000] {dagbag.py:545} INFO - Filling up the DagBag from /opt/airflow/dags/lcbo_pipeline_dag.py
[2026-09-19T19:20:13.415+0000] {processor.py:840} INFO - DAG(s) 'lcbo_pipeline' retrieved from /opt/airflow/dags/lcbo_pipeline_dag.py
[2026-09-19T19:20:13.439+0000] {logging_mixin.py:188} INFO - [2026-09-19T19:20:13.439+0000] {dag.py:3089} INFO - Sync 1 DAGs
[2026-09-19T19:20:13.450+0000] {logging_mixin.py:188} INFO - [2026-09-19T19:20:13.450+0000] {dag.py:3947} INFO - Setting next_dagrun for lcbo_pipeline to None, run_after=None
[2026-09-19T19:20:13.465+0000] {processor.py:183} INFO - Processing /opt/airflow/dags/lcbo_pipeline_dag.py took 0.074 seconds
[2026-09-19T19:20:43.652+0000] {processor.py:161} INFO - Started process (PID=2615) to work on /opt/airflow/dags/lcbo_pipeline_dag.py
[2026-09-19T19:20:43.653+0000] {processor.py:830} INFO - Processing file /opt/airflow/dags/lcbo_pipeline_dag.py for tasks to queue
[2026-09-19T19:20:43.655+0000] {logging_mixin.py:188} INFO - [2026-09-19T19:20:43.655+0000] {dagbag.py:545} INFO - Filling up the DagBag from /opt/airflow/dags/lcbo_pipeline_dag.py
[2026-09-19T19:20:43.673+0000] {processor.py:840} INFO - DAG(s) 'lcbo_pipeline' retrieved from /opt/airflow/dags/lcbo_pipeline_dag.py
[2026-09-19T19:20:43.696+0000] {logging_mixin.py:188} INFO - [2026-09-19T19:20:43.695+0000] {dag.py:3089} INFO - Sync 1 DAGs
[2026-09-19T19:20:43.705+0000] {logging_mixin.py:188} INFO - [2026-09-19T19:20:43.705+0000] {dag.py:3947} INFO - Setting next_dagrun for lcbo_pipeline to None, run_after=None
[2026-09-19T19:20:43.720+0000] {processor.py:183} INFO - Processing /opt/airflow/dags/lcbo_pipeline_dag.py took 0.072 seconds
[2026-09-19T19:21:13.842+0000] {processor.py:161} INFO - Started process (PID=2626) to work on /opt/airflow/dags/lcbo_pipeline_dag.py
[2026-09-19T19:21:13.843+0000] {processor.py:830} INFO - Processing file /opt/airflow/dags/lcbo_pipeline_dag.py for tasks to queue
[2026-09-19T19:21:13.845+0000] {logging_mixin.py:188} INFO - [2026-09-19T19:21:13.845+0000] {dagbag.py:545} INFO - Filling up the DagBag from /opt/airflow/dags/lcbo_pipeline_dag.py
[2026-09-19T19:21:13.862+0000] {processor.py:840} INFO - DAG(s) 'lcbo_pipeline' retrieved from /opt/airflow/dags/lcbo_pipeline_dag.py
[2026-09-19T19:21:13.885+0000] {logging_mixin.py:188} INFO - [2026-09-19T19:21:13.885+0000] {dag.py:3089} INFO - Sync 1 DAGs
[2026-09-19T19:21:13.894+0000] {logging_mixin.py:188} INFO - [2026-09-19T19:21:13.894+0000] {dag.py:3947} INFO - Setting next_dagrun for lcbo_pipeline to None, run_after=None
[2026-09-19T19:21:13.908+0000] {processor.py:183} INFO - Processing /opt/airflow/dags/lcbo_pipeline_dag.py took 0.070 seconds
[2026-09-19T19:21:44.077+0000] {processor.py:161} INFO - Started process (PID=2637) to work on /opt/airflow/dags/lcbo_pipeline_dag.py
[2026-09-19T19:21:44.079+0000] {processor.py:830} INFO - Processing file /opt/airflow/dags/lcbo_pipeline_dag.py for tasks to queue
[2026-09-19T19:21:44.080+0000] {logging_mixin.py:188} INFO - [2026-09-19T19:21:44.080+0000] {dagbag.py:545} INFO - Filling up the DagBag from /opt/airflow/dags/lcbo_pipeline_dag.py
[2026-09-19T19:21:44.099+0000] {processor.py:840} INFO - DAG(s) 'lcbo_pipeline' retrieved from /opt/airflow/dags/lcbo_pipeline_dag.py
[2026-09-19T19:21:44.123+0000] {logging_mixin.py:188} INFO - [2026-09-19T19:21:44.123+0000] {dag.py:3089} INFO - Sync 1 DAGs
[2026-09-19T19:21:44.132+0000] {logging_mixin.py:188} INFO - [2026-09-19T19:21:44.132+0000] {dag.py:3947} INFO - Setting next_dagrun for lcbo_pipeline to None, run_after=None
[2026-09-19T19:21:44.147+0000] {processor.py:183} INFO - Processing /opt/airflow/dags/lcbo_pipeline_dag.py took 0.073 seconds
[2026-09-19T19:22:14.275+0000] {processor.py:161} INFO - Started process (PID=2648) to work on /opt/airflow/dags/lcbo_pipeline_dag.py
[2026-09-19T19:22:14.276+0000] {processor.py:830} INFO - Processing file /opt/airflow/dags/lcbo_pipeline_dag.py for tasks to queue
[2026-09-19T19:22:14.278+0000] {logging_mixin.py:188} INFO - [2026-09-19T19:22:14.278+0000] {dagbag.py:545} INFO - Filling up the DagBag from /opt/airflow/dags/lcbo_pipeline_dag.py
[2026-09-19T19:22:14.296+0000] {processor.py:840} INFO - DAG(s) 'lcbo_pipeline' retrieved from /opt/airflow/dags/lcbo_pipeline_dag.py
[2026-09-19T19:22:14.323+0000] {logging_mixin.py:188} INFO - [2026-09-19T19:22:14.322+0000] {dag.py:3089} INFO - Sync 1 DAGs
[2026-09-19T19:22:14.333+0000] {logging_mixin.py:188} INFO - [2026-09-19T19:22:14.333+0000] {dag.py:3947} INFO - Setting next_dagrun for lcbo_pipeline to None, run_after=None
[2026-09-19T19:22:14.353+0000] {processor.py:183} INFO - Processing /opt/airflow/dags/lcbo_pipeline_dag.py took 0.082 seconds
[2026-09-19T19:22:29.420+0000] {processor.py:161} INFO - Started process (PID=2653) to work on /opt/airflow/dags/lcbo_pipeline_dag.py
[2026-09-19T19:22:29.421+0000] {processor.py:830} INFO - Processing file /opt/airflow/dags/lcbo_pipeline_dag.py for tasks to queue
[2026-09-19T19:22:29.423+0000] {logging_mixin.py:188} INFO - [2026-09-19T19:22:29.423+0000] {dagbag.py:545} INFO - Filling up the DagBag from /opt/airflow/dags/lcbo_pipeline_dag.py
[2026-09-19T19:22:29.452+0000] {processor.py:840} INFO - DAG(s) 'lcbo_pipeline' retrieved from /opt/airflow/dags/lcbo_pipeline_dag.py
[2026-09-19T19:22:29.571+0000] {logging_mixin.py:188} INFO - [2026-09-19T19:22:29.571+0000] {dag.py:3089} INFO - Sync 1 DAGs
[2026-09-19T19:22:29.581+0000] {logging_mixin.py:188} INFO - [2026-09-19T19:22:29.580+0000] {dag.py:3947} INFO - Setting next_dagrun for lcbo_pipeline to None, run_after=None
[2026-09-19T19:22:29.602+0000] {processor.py:183} INFO - Processing /opt/airflow/dags/lcbo_pipeline_dag.py took 0.187 seconds
[2026-09-19T19:22:59.794+0000] {processor.py:161} INFO - Started process (PID=2664) to work on /opt/airflow/dags/lcbo_pipeline_dag.py
[2026-09-19T19:22:59.796+0000] {processor.py:830} INFO - Processing file /opt/airflow/dags/lcbo_pipeline_dag.py for tasks to queue
[2026-09-19T19:22:59.798+0000] {logging_mixin.py:188} INFO - [2026-09-19T19:22:59.797+0000] {dagbag.py:545} INFO - Filling up the DagBag from /opt/airflow/dags/lcbo_pipeline_dag.py
[2026-09-19T19:22:59.815+0000] {processor.py:840} INFO - DAG(s) 'lcbo_pipeline' retrieved from /opt/airflow/dags/lcbo_pipeline_dag.py
[2026-09-19T19:22:59.838+0000] {logging_mixin.py:188} INFO - [2026-09-19T19:22:59.838+0000] {dag.py:3089} INFO - Sync 1 DAGs
[2026-09-19T19:22:59.847+0000] {logging_mixin.py:188} INFO - [2026-09-19T19:22:59.847+0000] {dag.py:3947} INFO - Setting next_dagrun for lcbo_pipeline to None, run_after=None
[2026-09-19T19:22:59.862+0000] {processor.py:183} INFO - Processing /opt/airflow/dags/lcbo_pipeline_dag.py took 0.072 seconds
[2026-09-19T19:23:29.978+0000] {processor.py:161} INFO - Started process (PID=2675) to work on /opt/airflow/dags/lcbo_pipeline_dag.py
[2026-09-19T19:23:29.980+0000] {processor.py:830} INFO - Processing file /opt/airflow/dags/lcbo_pipeline_dag.py for tasks to queue
[2026-09-19T19:23:29.981+0000] {logging_mixin.py:188} INFO - [2026-09-19T19:23:29.981+0000] {dagbag.py:545} INFO - Filling up the DagBag from /opt/airflow/dags/lcbo_pipeline_dag.py
[2026-09-19T19:23:29.999+0000] {processor.py:840} INFO - DAG(s) 'lcbo_pipeline' retrieved from /opt/airflow/dags/lcbo_pipeline_dag.py
[2026-09-19T19:23:30.023+0000] {logging_mixin.py:188} INFO - [2026-09-19T19:23:30.023+0000] {dag.py:3089} INFO - Sync 1 DAGs
[2026-09-19T19:23:30.033+0000] {logging_mixin.py:188} INFO - [2026-09-19T19:23:30.033+0000] {dag.py:3947} INFO - Setting next_dagrun for lcbo_pipeline to None, run_after=None
[2026-09-19T19:23:30.050+0000] {processor.py:183} INFO - Processing /opt/airflow/dags/lcbo_pipeline_dag.py took 0.076 seconds
[2026-09-19T19:25:36.691+0000] {processor.py:161} INFO - Started process (PID=185) to work on /opt/airflow/dags/lcbo_pipeline_dag.py
[2026-09-19T19:25:36.693+0000] {processor.py:830} INFO - Processing file /opt/airflow/dags/lcbo_pipeline_dag.py for tasks to queue
[2026-09-19T19:25:36.696+0000] {logging_mixin.py:188} INFO - [2026-09-19T19:25:36.695+0000] {dagbag.py:545} INFO - Filling up the DagBag from /opt/airflow/dags/lcbo_pipeline_dag.py
[2026-09-19T19:25:36.728+0000] {processor.py:840} INFO - DAG(s) 'lcbo_pipeline' retrieved from /opt/airflow/dags/lcbo_pipeline_dag.py
[2026-09-19T19:25:36.939+0000] {logging_mixin.py:188} INFO - [2026-09-19T19:25:36.939+0000] {dag.py:3089} INFO - Sync 1 DAGs
[2026-09-19T19:25:36.949+0000] {logging_mixin.py:188} INFO - [2026-09-19T19:25:36.949+0000] {dag.py:3947} INFO - Setting next_dagrun for lcbo_pipeline to None, run_after=None
[2026-09-19T19:25:36.969+0000] {processor.py:183} INFO - Processing /opt/airflow/dags/lcbo_pipeline_dag.py took 0.283 seconds
[2026-09-19T19:26:07.145+0000] {processor.py:161} INFO - Started process (PID=196) to work on /opt/airflow/dags/lcbo_pipeline_dag.py
[2026-09-19T19:26:07.146+0000] {processor.py:830} INFO - Processing file /opt/airflow/dags/lcbo_pipeline_dag.py for tasks to queue
[2026-09-19T19:26:07.148+0000] {logging_mixin.py:188} INFO - [2026-09-19T19:26:07.148+0000] {dagbag.py:545} INFO - Filling up the DagBag from /opt/airflow/dags/lcbo_pipeline_dag.py
[2026-09-19T19:26:07.170+0000] {processor.py:840} INFO - DAG(s) 'lcbo_pipeline' retrieved from /opt/airflow/dags/lcbo_pipeline_dag.py
[2026-09-19T19:26:07.205+0000] {logging_mixin.py:188} INFO - [2026-09-19T19:26:07.205+0000] {dag.py:3089} INFO - Sync 1 DAGs
[2026-09-19T19:26:07.216+0000] {logging_mixin.py:188} INFO - [2026-09-19T19:26:07.216+0000] {dag.py:3947} INFO - Setting next_dagrun for lcbo_pipeline to None, run_after=None
[2026-09-19T19:26:07.231+0000] {processor.py:183} INFO - Processing /opt/airflow/dags/lcbo_pipeline_dag.py took 0.091 seconds
[2026-09-19T19:26:37.320+0000] {processor.py:161} INFO - Started process (PID=207) to work on /opt/airflow/dags/lcbo_pipeline_dag.py
[2026-09-19T19:26:37.321+0000] {processor.py:830} INFO - Processing file /opt/airflow/dags/lcbo_pipeline_dag.py for tasks to queue
[2026-09-19T19:26:37.324+0000] {logging_mixin.py:188} INFO - [2026-09-19T19:26:37.323+0000] {dagbag.py:545} INFO - Filling up the DagBag from /opt/airflow/dags/lcbo_pipeline_dag.py
[2026-09-19T19:26:37.342+0000] {processor.py:840} INFO - DAG(s) 'lcbo_pipeline' retrieved from /opt/airflow/dags/lcbo_pipeline_dag.py
[2026-09-19T19:26:37.369+0000] {logging_mixin.py:188} INFO - [2026-09-19T19:26:37.368+0000] {dag.py:3089} INFO - Sync 1 DAGs
[2026-09-19T19:26:37.380+0000] {logging_mixin.py:188} INFO - [2026-09-19T19:26:37.380+0000] {dag.py:3947} INFO - Setting next_dagrun for lcbo_pipeline to None, run_after=None
[2026-09-19T19:26:37.398+0000] {processor.py:183} INFO - Processing /opt/airflow/dags/lcbo_pipeline_dag.py took 0.085 seconds
[2026-09-19T19:27:07.587+0000] {processor.py:161} INFO - Started process (PID=218) to work on /opt/airflow/dags/lcbo_pipeline_dag.py
[2026-09-19T19:27:07.588+0000] {processor.py:830} INFO - Processing file /opt/airflow/dags/lcbo_pipeline_dag.py for tasks to queue
[2026-09-19T19:27:07.590+0000] {logging_mixin.py:188} INFO - [2026-09-19T19:27:07.590+0000] {dagbag.py:545} INFO - Filling up the DagBag from /opt/airflow/dags/lcbo_pipeline_dag.py
[2026-09-19T19:27:07.614+0000] {processor.py:840} INFO - DAG(s) 'lcbo_pipeline' retrieved from /opt/airflow/dags/lcbo_pipeline_dag.py
[2026-09-19T19:27:07.643+0000] {logging_mixin.py:188} INFO - [2026-09-19T19:27:07.643+0000] {dag.py:3089} INFO - Sync 1 DAGs
[2026-09-19T19:27:07.658+0000] {logging_mixin.py:188} INFO - [2026-09-19T19:27:07.657+0000] {dag.py:3947} INFO - Setting next_dagrun for lcbo_pipeline to None, run_after=None
[2026-09-19T19:27:07.679+0000] {processor.py:183} INFO - Processing /opt/airflow/dags/lcbo_pipeline_dag.py took 0.097 seconds
[2026-09-19T19:27:37.785+0000] {processor.py:161} INFO - Started process (PID=229) to work on /opt/airflow/dags/lcbo_pipeline_dag.py
[2026-09-19T19:27:37.786+0000] {processor.py:830} INFO - Processing file /opt/airflow/dags/lcbo_pipeline_dag.py for tasks to queue
[2026-09-19T19:27:37.788+0000] {logging_mixin.py:188} INFO - [2026-09-19T19:27:37.788+0000] {dagbag.py:545} INFO - Filling up the DagBag from /opt/airflow/dags/lcbo_pipeline_dag.py
[2026-09-19T19:27:37.806+0000] {processor.py:840} INFO - DAG(s) 'lcbo_pipeline' retrieved from /opt/airflow/dags/lcbo_pipeline_dag.py
[2026-09-19T19:27:37.831+0000] {logging_mixin.py:188} INFO - [2026-09-19T19:27:37.831+0000] {dag.py:3089} INFO - Sync 1 DAGs
[2026-09-19T19:27:37.842+0000] {logging_mixin.py:188} INFO - [2026-09-19T19:27:37.842+0000] {dag.py:3947} INFO - Setting next_dagrun for lcbo_pipeline to None, run_after=None
[2026-09-19T19:27:37.859+0000] {processor.py:183} INFO - Processing /opt/airflow/dags/lcbo_pipeline_dag.py took 0.079 seconds
[2026-09-19T19:28:08.040+0000] {processor.py:161} INFO - Started process (PID=240) to work on /opt/airflow/dags/lcbo_pipeline_dag.py
[2026-09-19T19:28:08.041+0000] {processor.py:830} INFO - Processing file /opt/airflow/dags/lcbo_pipeline_dag.py for tasks to queue
[2026-09-19T19:28:08.042+0000] {logging_mixin.py:188} INFO - [2026-09-19T19:28:08.042+0000] {dagbag.py:545} INFO - Filling up the DagBag from /opt/airflow/dags/lcbo_pipeline_dag.py
[2026-09-19T19:28:08.060+0000] {processor.py:840} INFO - DAG(s) 'lcbo_pipeline' retrieved from /opt/airflow/dags/lcbo_pipeline_dag.py
[2026-09-19T19:28:08.085+0000] {logging_mixin.py:188} INFO - [2026-09-19T19:28:08.084+0000] {dag.py:3089} INFO - Sync 1 DAGs
[2026-09-19T19:28:08.096+0000] {logging_mixin.py:188} INFO - [2026-09-19T19:28:08.095+0000] {dag.py:3947} INFO - Setting next_dagrun for lcbo_pipeline to None, run_after=None
[2026-09-19T19:28:08.112+0000] {processor.py:183} INFO - Processing /opt/airflow/dags/lcbo_pipeline_dag.py took 0.076 seconds
[2026-09-19T19:28:38.241+0000] {processor.py:161} INFO - Started process (PID=251) to work on /opt/airflow/dags/lcbo_pipeline_dag.py
[2026-09-19T19:28:38.242+0000] {processor.py:830} INFO - Processing file /opt/airflow/dags/lcbo_pipeline_dag.py for tasks to queue
[2026-09-19T19:28:38.243+0000] {logging_mixin.py:188} INFO - [2026-09-19T19:28:38.243+0000] {dagbag.py:545} INFO - Filling up the DagBag from /opt/airflow/dags/lcbo_pipeline_dag.py
[2026-09-19T19:28:38.262+0000] {processor.py:840} INFO - DAG(s) 'lcbo_pipeline' retrieved from /opt/airflow/dags/lcbo_pipeline_dag.py
[2026-09-19T19:28:38.290+0000] {logging_mixin.py:188} INFO - [2026-09-19T19:28:38.289+0000] {dag.py:3089} INFO - Sync 1 DAGs
[2026-09-19T19:28:38.302+0000] {logging_mixin.py:188} INFO - [2026-09-19T19:28:38.302+0000] {dag.py:3947} INFO - Setting next_dagrun for lcbo_pipeline to None, run_after=None
[2026-09-19T19:28:38.320+0000] {processor.py:183} INFO - Processing /opt/airflow/dags/lcbo_pipeline_dag.py took 0.084 seconds
[2026-09-19T19:29:08.473+0000] {processor.py:161} INFO - Started process (PID=262) to work on /opt/airflow/dags/lcbo_pipeline_dag.py
[2026-09-19T19:29:08.475+0000] {processor.py:830} INFO - Processing file /opt/airflow/dags/lcbo_pipeline_dag.py for tasks to queue
[2026-09-19T19:29:08.477+0000] {logging_mixin.py:188} INFO - [2026-09-19T19:29:08.477+0000] {dagbag.py:545} INFO - Filling up the DagBag from /opt/airflow/dags/lcbo_pipeline_dag.py
[2026-09-19T19:29:08.497+0000] {processor.py:840} INFO - DAG(s) 'lcbo_pipeline' retrieved from /opt/airflow/dags/lcbo_pipeline_dag.py
[2026-09-19T19:29:08.523+0000] {logging_mixin.py:188} INFO - [2026-09-19T19:29:08.523+0000] {dag.py:3089} INFO - Sync 1 DAGs
[2026-09-19T19:29:08.533+0000] {logging_mixin.py:188} INFO - [2026-09-19T19:29:08.532+0000] {dag.py:3947} INFO - Setting next_dagrun for lcbo_pipeline to None, run_after=None
[2026-09-19T19:29:08.549+0000] {processor.py:183} INFO - Processing /opt/airflow/dags/lcbo_pipeline_dag.py took 0.080 seconds
[2026-09-19T19:29:38.657+0000] {processor.py:161} INFO - Started process (PID=317) to work on /opt/airflow/dags/lcbo_pipeline_dag.py
[2026-09-19T19:29:38.658+0000] {processor.py:830} INFO - Processing file /opt/airflow/dags/lcbo_pipeline_dag.py for tasks to queue
[2026-09-19T19:29:38.661+0000] {logging_mixin.py:188} INFO - [2026-09-19T19:29:38.660+0000] {dagbag.py:545} INFO - Filling up the DagBag from /opt/airflow/dags/lcbo_pipeline_dag.py
[2026-09-19T19:29:38.680+0000] {processor.py:840} INFO - DAG(s) 'lcbo_pipeline' retrieved from /opt/airflow/dags/lcbo_pipeline_dag.py
[2026-09-19T19:29:38.707+0000] {logging_mixin.py:188} INFO - [2026-09-19T19:29:38.707+0000] {dag.py:3089} INFO - Sync 1 DAGs
[2026-09-19T19:29:38.719+0000] {logging_mixin.py:188} INFO - [2026-09-19T19:29:38.719+0000] {dag.py:3947} INFO - Setting next_dagrun for lcbo_pipeline to None, run_after=None
[2026-09-19T19:29:38.741+0000] {processor.py:183} INFO - Processing /opt/airflow/dags/lcbo_pipeline_dag.py took 0.089 seconds
[2026-09-19T19:30:08.897+0000] {processor.py:161} INFO - Started process (PID=391) to work on /opt/airflow/dags/lcbo_pipeline_dag.py
[2026-09-19T19:30:08.898+0000] {processor.py:830} INFO - Processing file /opt/airflow/dags/lcbo_pipeline_dag.py for tasks to queue
[2026-09-19T19:30:08.901+0000] {logging_mixin.py:188} INFO - [2026-09-19T19:30:08.900+0000] {dagbag.py:545} INFO - Filling up the DagBag from /opt/airflow/dags/lcbo_pipeline_dag.py
[2026-09-19T19:30:08.921+0000] {processor.py:840} INFO - DAG(s) 'lcbo_pipeline' retrieved from /opt/airflow/dags/lcbo_pipeline_dag.py
[2026-09-19T19:30:08.948+0000] {logging_mixin.py:188} INFO - [2026-09-19T19:30:08.947+0000] {dag.py:3089} INFO - Sync 1 DAGs
[2026-09-19T19:30:08.958+0000] {logging_mixin.py:188} INFO - [2026-09-19T19:30:08.958+0000] {dag.py:3947} INFO - Setting next_dagrun for lcbo_pipeline to None, run_after=None
[2026-09-19T19:30:08.973+0000] {processor.py:183} INFO - Processing /opt/airflow/dags/lcbo_pipeline_dag.py took 0.084 seconds
[2026-09-19T19:30:39.153+0000] {processor.py:161} INFO - Started process (PID=428) to work on /opt/airflow/dags/lcbo_pipeline_dag.py
[2026-09-19T19:30:39.154+0000] {processor.py:830} INFO - Processing file /opt/airflow/dags/lcbo_pipeline_dag.py for tasks to queue
[2026-09-19T19:30:39.156+0000] {logging_mixin.py:188} INFO - [2026-09-19T19:30:39.156+0000] {dagbag.py:545} INFO - Filling up the DagBag from /opt/airflow/dags/lcbo_pipeline_dag.py
[2026-09-19T19:30:39.174+0000] {processor.py:840} INFO - DAG(s) 'lcbo_pipeline' retrieved from /opt/airflow/dags/lcbo_pipeline_dag.py
[2026-09-19T19:30:39.200+0000] {logging_mixin.py:188} INFO - [2026-09-19T19:30:39.200+0000] {dag.py:3089} INFO - Sync 1 DAGs
[2026-09-19T19:30:39.210+0000] {logging_mixin.py:188} INFO - [2026-09-19T19:30:39.210+0000] {dag.py:3947} INFO - Setting next_dagrun for lcbo_pipeline to None, run_after=None
[2026-09-19T19:30:39.226+0000] {processor.py:183} INFO - Processing /opt/airflow/dags/lcbo_pipeline_dag.py took 0.079 seconds
[2026-09-19T19:31:09.350+0000] {processor.py:161} INFO - Started process (PID=440) to work on /opt/airflow/dags/lcbo_pipeline_dag.py
[2026-09-19T19:31:09.351+0000] {processor.py:830} INFO - Processing file /opt/airflow/dags/lcbo_pipeline_dag.py for tasks to queue
[2026-09-19T19:31:09.353+0000] {logging_mixin.py:188} INFO - [2026-09-19T19:31:09.353+0000] {dagbag.py:545} INFO - Filling up the DagBag from /opt/airflow/dags/lcbo_pipeline_dag.py
[2026-09-19T19:31:09.372+0000] {processor.py:840} INFO - DAG(s) 'lcbo_pipeline' retrieved from /opt/airflow/dags/lcbo_pipeline_dag.py
[2026-09-19T19:31:09.400+0000] {logging_mixin.py:188} INFO - [2026-09-19T19:31:09.400+0000] {dag.py:3089} INFO - Sync 1 DAGs
[2026-09-19T19:31:09.411+0000] {logging_mixin.py:188} INFO - [2026-09-19T19:31:09.411+0000] {dag.py:3947} INFO - Setting next_dagrun for lcbo_pipeline to None, run_after=None
[2026-09-19T19:31:09.428+0000] {processor.py:183} INFO - Processing /opt/airflow/dags/lcbo_pipeline_dag.py took 0.082 seconds
[2026-09-19T19:31:39.600+0000] {processor.py:161} INFO - Started process (PID=451) to work on /opt/airflow/dags/lcbo_pipeline_dag.py
[2026-09-19T19:31:39.601+0000] {processor.py:830} INFO - Processing file /opt/airflow/dags/lcbo_pipeline_dag.py for tasks to queue
[2026-09-19T19:31:39.603+0000] {logging_mixin.py:188} INFO - [2026-09-19T19:31:39.602+0000] {dagbag.py:545} INFO - Filling up the DagBag from /opt/airflow/dags/lcbo_pipeline_dag.py
[2026-09-19T19:31:39.620+0000] {processor.py:840} INFO - DAG(s) 'lcbo_pipeline' retrieved from /opt/airflow/dags/lcbo_pipeline_dag.py
[2026-09-19T19:31:39.647+0000] {logging_mixin.py:188} INFO - [2026-09-19T19:31:39.646+0000] {dag.py:3089} INFO - Sync 1 DAGs
[2026-09-19T19:31:39.658+0000] {logging_mixin.py:188} INFO - [2026-09-19T19:31:39.658+0000] {dag.py:3947} INFO - Setting next_dagrun for lcbo_pipeline to None, run_after=None
[2026-09-19T19:31:39.674+0000] {processor.py:183} INFO - Processing /opt/airflow/dags/lcbo_pipeline_dag.py took 0.078 seconds
[2026-09-19T19:32:09.793+0000] {processor.py:161} INFO - Started process (PID=462) to work on /opt/airflow/dags/lcbo_pipeline_dag.py
[2026-09-19T19:32:09.795+0000] {processor.py:830} INFO - Processing file /opt/airflow/dags/lcbo_pipeline_dag.py for tasks to queue
[2026-09-19T19:32:09.797+0000] {logging_mixin.py:188} INFO - [2026-09-19T19:32:09.796+0000] {dagbag.py:545} INFO - Filling up the DagBag from /opt/airflow/dags/lcbo_pipeline_dag.py
[2026-09-19T19:32:09.818+0000] {processor.py:840} INFO - DAG(s) 'lcbo_pipeline' retrieved from /opt/airflow/dags/lcbo_pipeline_dag.py
[2026-09-19T19:32:09.842+0000] {logging_mixin.py:188} INFO - [2026-09-19T19:32:09.842+0000] {dag.py:3089} INFO - Sync 1 DAGs
[2026-09-19T19:32:09.851+0000] {logging_mixin.py:188} INFO - [2026-09-19T19:32:09.851+0000] {dag.py:3947} INFO - Setting next_dagrun for lcbo_pipeline to None, run_after=None
[2026-09-19T19:32:09.867+0000] {processor.py:183} INFO - Processing /opt/airflow/dags/lcbo_pipeline_dag.py took 0.079 seconds
[2026-09-19T19:32:40.028+0000] {processor.py:161} INFO - Started process (PID=473) to work on /opt/airflow/dags/lcbo_pipeline_dag.py
[2026-09-19T19:32:40.029+0000] {processor.py:830} INFO - Processing file /opt/airflow/dags/lcbo_pipeline_dag.py for tasks to queue
[2026-09-19T19:32:40.030+0000] {logging_mixin.py:188} INFO - [2026-09-19T19:32:40.030+0000] {dagbag.py:545} INFO - Filling up the DagBag from /opt/airflow/dags/lcbo_pipeline_dag.py
[2026-09-19T19:32:40.049+0000] {processor.py:840} INFO - DAG(s) 'lcbo_pipeline' retrieved from /opt/airflow/dags/lcbo_pipeline_dag.py
[2026-09-19T19:32:40.078+0000] {logging_mixin.py:188} INFO - [2026-09-19T19:32:40.078+0000] {dag.py:3089} INFO - Sync 1 DAGs
[2026-09-19T19:32:40.090+0000] {logging_mixin.py:188} INFO - [2026-09-19T19:32:40.090+0000] {dag.py:3947} INFO - Setting next_dagrun for lcbo_pipeline to None, run_after=None
[2026-09-19T19:32:40.108+0000] {processor.py:183} INFO - Processing /opt/airflow/dags/lcbo_pipeline_dag.py took 0.085 seconds
[2026-09-19T19:33:10.239+0000] {processor.py:161} INFO - Started process (PID=484) to work on /opt/airflow/dags/lcbo_pipeline_dag.py
[2026-09-19T19:33:10.241+0000] {processor.py:830} INFO - Processing file /opt/airflow/dags/lcbo_pipeline_dag.py for tasks to queue
[2026-09-19T19:33:10.243+0000] {logging_mixin.py:188} INFO - [2026-09-19T19:33:10.242+0000] {dagbag.py:545} INFO - Filling up the DagBag from /opt/airflow/dags/lcbo_pipeline_dag.py
[2026-09-19T19:33:10.260+0000] {processor.py:840} INFO - DAG(s) 'lcbo_pipeline' retrieved from /opt/airflow/dags/lcbo_pipeline_dag.py
[2026-09-19T19:33:10.285+0000] {logging_mixin.py:188} INFO - [2026-09-19T19:33:10.285+0000] {dag.py:3089} INFO - Sync 1 DAGs
[2026-09-19T19:33:10.296+0000] {logging_mixin.py:188} INFO - [2026-09-19T19:33:10.296+0000] {dag.py:3947} INFO - Setting next_dagrun for lcbo_pipeline to None, run_after=None
[2026-09-19T19:33:10.313+0000] {processor.py:183} INFO - Processing /opt/airflow/dags/lcbo_pipeline_dag.py took 0.078 seconds
[2026-09-19T19:33:40.477+0000] {processor.py:161} INFO - Started process (PID=495) to work on /opt/airflow/dags/lcbo_pipeline_dag.py
[2026-09-19T19:33:40.478+0000] {processor.py:830} INFO - Processing file /opt/airflow/dags/lcbo_pipeline_dag.py for tasks to queue
[2026-09-19T19:33:40.479+0000] {logging_mixin.py:188} INFO - [2026-09-19T19:33:40.479+0000] {dagbag.py:545} INFO - Filling up the DagBag from /opt/airflow/dags/lcbo_pipeline_dag.py
[2026-09-19T19:33:40.497+0000] {processor.py:840} INFO - DAG(s) 'lcbo_pipeline' retrieved from /opt/airflow/dags/lcbo_pipeline_dag.py
[2026-09-19T19:33:40.525+0000] {logging_mixin.py:188} INFO - [2026-09-19T19:33:40.525+0000] {dag.py:3089} INFO - Sync 1 DAGs
[2026-09-19T19:33:40.537+0000] {logging_mixin.py:188} INFO - [2026-09-19T19:33:40.537+0000] {dag.py:3947} INFO - Setting next_dagrun for lcbo_pipeline to None, run_after=None
[2026-09-19T19:33:40.555+0000] {processor.py:183} INFO - Processing /opt/airflow/dags/lcbo_pipeline_dag.py took 0.082 seconds
[2026-09-19T19:34:10.689+0000] {processor.py:161} INFO - Started process (PID=506) to work on /opt/airflow/dags/lcbo_pipeline_dag.py
[2026-09-19T19:34:10.690+0000] {processor.py:830} INFO - Processing file /opt/airflow/dags/lcbo_pipeline_dag.py for tasks to queue
[2026-09-19T19:34:10.692+0000] {logging_mixin.py:188} INFO - [2026-09-19T19:34:10.692+0000] {dagbag.py:545} INFO - Filling up the DagBag from /opt/airflow/dags/lcbo_pipeline_dag.py
[2026-09-19T19:34:10.712+0000] {processor.py:840} INFO - DAG(s) 'lcbo_pipeline' retrieved from /opt/airflow/dags/lcbo_pipeline_dag.py
[2026-09-19T19:34:10.739+0000] {logging_mixin.py:188} INFO - [2026-09-19T19:34:10.738+0000] {dag.py:3089} INFO - Sync 1 DAGs
[2026-09-19T19:34:10.753+0000] {logging_mixin.py:188} INFO - [2026-09-19T19:34:10.752+0000] {dag.py:3947} INFO - Setting next_dagrun for lcbo_pipeline to None, run_after=None
[2026-09-19T19:34:10.772+0000] {processor.py:183} INFO - Processing /opt/airflow/dags/lcbo_pipeline_dag.py took 0.088 seconds
[2026-09-19T19:34:40.917+0000] {processor.py:161} INFO - Started process (PID=517) to work on /opt/airflow/dags/lcbo_pipeline_dag.py
[2026-09-19T19:34:40.918+0000] {processor.py:830} INFO - Processing file /opt/airflow/dags/lcbo_pipeline_dag.py for tasks to queue
[2026-09-19T19:34:40.920+0000] {logging_mixin.py:188} INFO - [2026-09-19T19:34:40.920+0000] {dagbag.py:545} INFO - Filling up the DagBag from /opt/airflow/dags/lcbo_pipeline_dag.py
[2026-09-19T19:34:40.938+0000] {processor.py:840} INFO - DAG(s) 'lcbo_pipeline' retrieved from /opt/airflow/dags/lcbo_pipeline_dag.py
[2026-09-19T19:34:40.962+0000] {logging_mixin.py:188} INFO - [2026-09-19T19:34:40.962+0000] {dag.py:3089} INFO - Sync 1 DAGs
[2026-09-19T19:34:40.973+0000] {logging_mixin.py:188} INFO - [2026-09-19T19:34:40.973+0000] {dag.py:3947} INFO - Setting next_dagrun for lcbo_pipeline to None, run_after=None
[2026-09-19T19:34:40.993+0000] {processor.py:183} INFO - Processing /opt/airflow/dags/lcbo_pipeline_dag.py took 0.081 seconds
[2026-09-19T19:35:11.123+0000] {processor.py:161} INFO - Started process (PID=528) to work on /opt/airflow/dags/lcbo_pipeline_dag.py
[2026-09-19T19:35:11.124+0000] {processor.py:830} INFO - Processing file /opt/airflow/dags/lcbo_pipeline_dag.py for tasks to queue
[2026-09-19T19:35:11.126+0000] {logging_mixin.py:188} INFO - [2026-09-19T19:35:11.125+0000] {dagbag.py:545} INFO - Filling up the DagBag from /opt/airflow/dags/lcbo_pipeline_dag.py
[2026-09-19T19:35:11.143+0000] {processor.py:840} INFO - DAG(s) 'lcbo_pipeline' retrieved from /opt/airflow/dags/lcbo_pipeline_dag.py
[2026-09-19T19:35:11.167+0000] {logging_mixin.py:188} INFO - [2026-09-19T19:35:11.167+0000] {dag.py:3089} INFO - Sync 1 DAGs
[2026-09-19T19:35:11.178+0000] {logging_mixin.py:188} INFO - [2026-09-19T19:35:11.178+0000] {dag.py:3947} INFO - Setting next_dagrun for lcbo_pipeline to None, run_after=None
[2026-09-19T19:35:11.195+0000] {processor.py:183} INFO - Processing /opt/airflow/dags/lcbo_pipeline_dag.py took 0.076 seconds
[2026-09-19T19:35:41.385+0000] {processor.py:161} INFO - Started process (PID=539) to work on /opt/airflow/dags/lcbo_pipeline_dag.py
[2026-09-19T19:35:41.386+0000] {processor.py:830} INFO - Processing file /opt/airflow/dags/lcbo_pipeline_dag.py for tasks to queue
[2026-09-19T19:35:41.388+0000] {logging_mixin.py:188} INFO - [2026-09-19T19:35:41.388+0000] {dagbag.py:545} INFO - Filling up the DagBag from /opt/airflow/dags/lcbo_pipeline_dag.py
[2026-09-19T19:35:41.406+0000] {processor.py:840} INFO - DAG(s) 'lcbo_pipeline' retrieved from /opt/airflow/dags/lcbo_pipeline_dag.py
[2026-09-19T19:35:41.431+0000] {logging_mixin.py:188} INFO - [2026-09-19T19:35:41.431+0000] {dag.py:3089} INFO - Sync 1 DAGs
[2026-09-19T19:35:41.441+0000] {logging_mixin.py:188} INFO - [2026-09-19T19:35:41.441+0000] {dag.py:3947} INFO - Setting next_dagrun for lcbo_pipeline to None, run_after=None
[2026-09-19T19:35:41.456+0000] {processor.py:183} INFO - Processing /opt/airflow/dags/lcbo_pipeline_dag.py took 0.075 seconds
[2026-09-19T19:36:11.586+0000] {processor.py:161} INFO - Started process (PID=550) to work on /opt/airflow/dags/lcbo_pipeline_dag.py
[2026-09-19T19:36:11.587+0000] {processor.py:830} INFO - Processing file /opt/airflow/dags/lcbo_pipeline_dag.py for tasks to queue
[2026-09-19T19:36:11.589+0000] {logging_mixin.py:188} INFO - [2026-09-19T19:36:11.589+0000] {dagbag.py:545} INFO - Filling up the DagBag from /opt/airflow/dags/lcbo_pipeline_dag.py
[2026-09-19T19:36:11.612+0000] {processor.py:840} INFO - DAG(s) 'lcbo_pipeline' retrieved from /opt/airflow/dags/lcbo_pipeline_dag.py
[2026-09-19T19:36:11.644+0000] {logging_mixin.py:188} INFO - [2026-09-19T19:36:11.644+0000] {dag.py:3089} INFO - Sync 1 DAGs
[2026-09-19T19:36:11.654+0000] {logging_mixin.py:188} INFO - [2026-09-19T19:36:11.654+0000] {dag.py:3947} INFO - Setting next_dagrun for lcbo_pipeline to None, run_after=None
[2026-09-19T19:36:11.669+0000] {processor.py:183} INFO - Processing /opt/airflow/dags/lcbo_pipeline_dag.py took 0.088 seconds
[2026-09-19T19:36:41.805+0000] {processor.py:161} INFO - Started process (PID=561) to work on /opt/airflow/dags/lcbo_pipeline_dag.py
[2026-09-19T19:36:41.806+0000] {processor.py:830} INFO - Processing file /opt/airflow/dags/lcbo_pipeline_dag.py for tasks to queue
[2026-09-19T19:36:41.808+0000] {logging_mixin.py:188} INFO - [2026-09-19T19:36:41.808+0000] {dagbag.py:545} INFO - Filling up the DagBag from /opt/airflow/dags/lcbo_pipeline_dag.py
[2026-09-19T19:36:41.827+0000] {processor.py:840} INFO - DAG(s) 'lcbo_pipeline' retrieved from /opt/airflow/dags/lcbo_pipeline_dag.py
[2026-09-19T19:36:41.853+0000] {logging_mixin.py:188} INFO - [2026-09-19T19:36:41.853+0000] {dag.py:3089} INFO - Sync 1 DAGs
[2026-09-19T19:36:41.863+0000] {logging_mixin.py:188} INFO - [2026-09-19T19:36:41.863+0000] {dag.py:3947} INFO - Setting next_dagrun for lcbo_pipeline to None, run_after=None
[2026-09-19T19:36:41.880+0000] {processor.py:183} INFO - Processing /opt/airflow/dags/lcbo_pipeline_dag.py took 0.079 seconds
[2026-09-19T19:37:12.083+0000] {processor.py:161} INFO - Started process (PID=578) to work on /opt/airflow/dags/lcbo_pipeline_dag.py
[2026-09-19T19:37:12.085+0000] {processor.py:830} INFO - Processing file /opt/airflow/dags/lcbo_pipeline_dag.py for tasks to queue
[2026-09-19T19:37:12.087+0000] {logging_mixin.py:188} INFO - [2026-09-19T19:37:12.087+0000] {dagbag.py:545} INFO - Filling up the DagBag from /opt/airflow/dags/lcbo_pipeline_dag.py
[2026-09-19T19:37:12.119+0000] {processor.py:840} INFO - DAG(s) 'lcbo_pipeline' retrieved from /opt/airflow/dags/lcbo_pipeline_dag.py
[2026-09-19T19:37:12.158+0000] {logging_mixin.py:188} INFO - [2026-09-19T19:37:12.158+0000] {dag.py:3089} INFO - Sync 1 DAGs
[2026-09-19T19:37:12.175+0000] {logging_mixin.py:188} INFO - [2026-09-19T19:37:12.175+0000] {dag.py:3947} INFO - Setting next_dagrun for lcbo_pipeline to None, run_after=None
[2026-09-19T19:37:12.204+0000] {processor.py:183} INFO - Processing /opt/airflow/dags/lcbo_pipeline_dag.py took 0.128 seconds
[2026-09-19T19:37:42.285+0000] {processor.py:161} INFO - Started process (PID=589) to work on /opt/airflow/dags/lcbo_pipeline_dag.py
[2026-09-19T19:37:42.287+0000] {processor.py:830} INFO - Processing file /opt/airflow/dags/lcbo_pipeline_dag.py for tasks to queue
[2026-09-19T19:37:42.289+0000] {logging_mixin.py:188} INFO - [2026-09-19T19:37:42.288+0000] {dagbag.py:545} INFO - Filling up the DagBag from /opt/airflow/dags/lcbo_pipeline_dag.py
[2026-09-19T19:37:42.310+0000] {processor.py:840} INFO - DAG(s) 'lcbo_pipeline' retrieved from /opt/airflow/dags/lcbo_pipeline_dag.py
[2026-09-19T19:37:42.339+0000] {logging_mixin.py:188} INFO - [2026-09-19T19:37:42.338+0000] {dag.py:3089} INFO - Sync 1 DAGs
[2026-09-19T19:37:42.351+0000] {logging_mixin.py:188} INFO - [2026-09-19T19:37:42.350+0000] {dag.py:3947} INFO - Setting next_dagrun for lcbo_pipeline to None, run_after=None
[2026-09-19T19:37:42.369+0000] {processor.py:183} INFO - Processing /opt/airflow/dags/lcbo_pipeline_dag.py took 0.089 seconds
[2026-09-19T19:38:12.587+0000] {processor.py:161} INFO - Started process (PID=600) to work on /opt/airflow/dags/lcbo_pipeline_dag.py
[2026-09-19T19:38:12.588+0000] {processor.py:830} INFO - Processing file /opt/airflow/dags/lcbo_pipeline_dag.py for tasks to queue
[2026-09-19T19:38:12.589+0000] {logging_mixin.py:188} INFO - [2026-09-19T19:38:12.589+0000] {dagbag.py:545} INFO - Filling up the DagBag from /opt/airflow/dags/lcbo_pipeline_dag.py
[2026-09-19T19:38:12.607+0000] {processor.py:840} INFO - DAG(s) 'lcbo_pipeline' retrieved from /opt/airflow/dags/lcbo_pipeline_dag.py
[2026-09-19T19:38:12.632+0000] {logging_mixin.py:188} INFO - [2026-09-19T19:38:12.632+0000] {dag.py:3089} INFO - Sync 1 DAGs
[2026-09-19T19:38:12.643+0000] {logging_mixin.py:188} INFO - [2026-09-19T19:38:12.643+0000] {dag.py:3947} INFO - Setting next_dagrun for lcbo_pipeline to None, run_after=None
[2026-09-19T19:38:12.662+0000] {processor.py:183} INFO - Processing /opt/airflow/dags/lcbo_pipeline_dag.py took 0.079 seconds
[2026-09-19T19:38:42.803+0000] {processor.py:161} INFO - Started process (PID=611) to work on /opt/airflow/dags/lcbo_pipeline_dag.py
[2026-09-19T19:38:42.805+0000] {processor.py:830} INFO - Processing file /opt/airflow/dags/lcbo_pipeline_dag.py for tasks to queue
[2026-09-19T19:38:42.808+0000] {logging_mixin.py:188} INFO - [2026-09-19T19:38:42.807+0000] {dagbag.py:545} INFO - Filling up the DagBag from /opt/airflow/dags/lcbo_pipeline_dag.py
[2026-09-19T19:38:42.838+0000] {processor.py:840} INFO - DAG(s) 'lcbo_pipeline' retrieved from /opt/airflow/dags/lcbo_pipeline_dag.py
[2026-09-19T19:38:42.871+0000] {logging_mixin.py:188} INFO - [2026-09-19T19:38:42.871+0000] {dag.py:3089} INFO - Sync 1 DAGs
[2026-09-19T19:38:42.885+0000] {logging_mixin.py:188} INFO - [2026-09-19T19:38:42.885+0000] {dag.py:3947} INFO - Setting next_dagrun for lcbo_pipeline to None, run_after=None
[2026-09-19T19:38:42.905+0000] {processor.py:183} INFO - Processing /opt/airflow/dags/lcbo_pipeline_dag.py took 0.109 seconds
[2026-09-19T19:39:13.051+0000] {processor.py:161} INFO - Started process (PID=622) to work on /opt/airflow/dags/lcbo_pipeline_dag.py
[2026-09-19T19:39:13.052+0000] {processor.py:830} INFO - Processing file /opt/airflow/dags/lcbo_pipeline_dag.py for tasks to queue
[2026-09-19T19:39:13.055+0000] {logging_mixin.py:188} INFO - [2026-09-19T19:39:13.055+0000] {dagbag.py:545} INFO - Filling up the DagBag from /opt/airflow/dags/lcbo_pipeline_dag.py
[2026-09-19T19:39:13.091+0000] {processor.py:840} INFO - DAG(s) 'lcbo_pipeline' retrieved from /opt/airflow/dags/lcbo_pipeline_dag.py
[2026-09-19T19:39:13.129+0000] {logging_mixin.py:188} INFO - [2026-09-19T19:39:13.128+0000] {dag.py:3089} INFO - Sync 1 DAGs
[2026-09-19T19:39:13.144+0000] {logging_mixin.py:188} INFO - [2026-09-19T19:39:13.144+0000] {dag.py:3947} INFO - Setting next_dagrun for lcbo_pipeline to None, run_after=None
[2026-09-19T19:39:13.169+0000] {processor.py:183} INFO - Processing /opt/airflow/dags/lcbo_pipeline_dag.py took 0.124 seconds
[2026-09-19T19:39:43.273+0000] {processor.py:161} INFO - Started process (PID=633) to work on /opt/airflow/dags/lcbo_pipeline_dag.py
[2026-09-19T19:39:43.275+0000] {processor.py:830} INFO - Processing file /opt/airflow/dags/lcbo_pipeline_dag.py for tasks to queue
[2026-09-19T19:39:43.276+0000] {logging_mixin.py:188} INFO - [2026-09-19T19:39:43.276+0000] {dagbag.py:545} INFO - Filling up the DagBag from /opt/airflow/dags/lcbo_pipeline_dag.py
[2026-09-19T19:39:43.294+0000] {processor.py:840} INFO - DAG(s) 'lcbo_pipeline' retrieved from /opt/airflow/dags/lcbo_pipeline_dag.py
[2026-09-19T19:39:43.322+0000] {logging_mixin.py:188} INFO - [2026-09-19T19:39:43.322+0000] {dag.py:3089} INFO - Sync 1 DAGs
[2026-09-19T19:39:43.333+0000] {logging_mixin.py:188} INFO - [2026-09-19T19:39:43.333+0000] {dag.py:3947} INFO - Setting next_dagrun for lcbo_pipeline to None, run_after=None
[2026-09-19T19:39:43.350+0000] {processor.py:183} INFO - Processing /opt/airflow/dags/lcbo_pipeline_dag.py took 0.080 seconds
[2026-09-19T19:40:13.532+0000] {processor.py:161} INFO - Started process (PID=644) to work on /opt/airflow/dags/lcbo_pipeline_dag.py
[2026-09-19T19:40:13.534+0000] {processor.py:830} INFO - Processing file /opt/airflow/dags/lcbo_pipeline_dag.py for tasks to queue
[2026-09-19T19:40:13.536+0000] {logging_mixin.py:188} INFO - [2026-09-19T19:40:13.536+0000] {dagbag.py:545} INFO - Filling up the DagBag from /opt/airflow/dags/lcbo_pipeline_dag.py
[2026-09-19T19:40:13.553+0000] {processor.py:840} INFO - DAG(s) 'lcbo_pipeline' retrieved from /opt/airflow/dags/lcbo_pipeline_dag.py
[2026-09-19T19:40:13.578+0000] {logging_mixin.py:188} INFO - [2026-09-19T19:40:13.578+0000] {dag.py:3089} INFO - Sync 1 DAGs
[2026-09-19T19:40:13.589+0000] {logging_mixin.py:188} INFO - [2026-09-19T19:40:13.589+0000] {dag.py:3947} INFO - Setting next_dagrun for lcbo_pipeline to None, run_after=None
[2026-09-19T19:40:13.606+0000] {processor.py:183} INFO - Processing /opt/airflow/dags/lcbo_pipeline_dag.py took 0.078 seconds
[2026-09-19T19:40:43.749+0000] {processor.py:161} INFO - Started process (PID=655) to work on /opt/airflow/dags/lcbo_pipeline_dag.py
[2026-09-19T19:40:43.750+0000] {processor.py:830} INFO - Processing file /opt/airflow/dags/lcbo_pipeline_dag.py for tasks to queue
[2026-09-19T19:40:43.752+0000] {logging_mixin.py:188} INFO - [2026-09-19T19:40:43.751+0000] {dagbag.py:545} INFO - Filling up the DagBag from /opt/airflow/dags/lcbo_pipeline_dag.py
[2026-09-19T19:40:43.769+0000] {processor.py:840} INFO - DAG(s) 'lcbo_pipeline' retrieved from /opt/airflow/dags/lcbo_pipeline_dag.py
[2026-09-19T19:40:43.795+0000] {logging_mixin.py:188} INFO - [2026-09-19T19:40:43.795+0000] {dag.py:3089} INFO - Sync 1 DAGs
[2026-09-19T19:40:43.805+0000] {logging_mixin.py:188} INFO - [2026-09-19T19:40:43.805+0000] {dag.py:3947} INFO - Setting next_dagrun for lcbo_pipeline to None, run_after=None
[2026-09-19T19:40:43.822+0000] {processor.py:183} INFO - Processing /opt/airflow/dags/lcbo_pipeline_dag.py took 0.077 seconds
[2026-09-19T19:41:13.954+0000] {processor.py:161} INFO - Started process (PID=666) to work on /opt/airflow/dags/lcbo_pipeline_dag.py
[2026-09-19T19:41:13.955+0000] {processor.py:830} INFO - Processing file /opt/airflow/dags/lcbo_pipeline_dag.py for tasks to queue
[2026-09-19T19:41:13.956+0000] {logging_mixin.py:188} INFO - [2026-09-19T19:41:13.956+0000] {dagbag.py:545} INFO - Filling up the DagBag from /opt/airflow/dags/lcbo_pipeline_dag.py
[2026-09-19T19:41:13.974+0000] {processor.py:840} INFO - DAG(s) 'lcbo_pipeline' retrieved from /opt/airflow/dags/lcbo_pipeline_dag.py
[2026-09-19T19:41:13.998+0000] {logging_mixin.py:188} INFO - [2026-09-19T19:41:13.997+0000] {dag.py:3089} INFO - Sync 1 DAGs
[2026-09-19T19:41:14.008+0000] {logging_mixin.py:188} INFO - [2026-09-19T19:41:14.008+0000] {dag.py:3947} INFO - Setting next_dagrun for lcbo_pipeline to None, run_after=None
[2026-09-19T19:41:14.026+0000] {processor.py:183} INFO - Processing /opt/airflow/dags/lcbo_pipeline_dag.py took 0.076 seconds
[2026-09-19T19:41:44.182+0000] {processor.py:161} INFO - Started process (PID=677) to work on /opt/airflow/dags/lcbo_pipeline_dag.py
[2026-09-19T19:41:44.183+0000] {processor.py:830} INFO - Processing file /opt/airflow/dags/lcbo_pipeline_dag.py for tasks to queue
[2026-09-19T19:41:44.185+0000] {logging_mixin.py:188} INFO - [2026-09-19T19:41:44.184+0000] {dagbag.py:545} INFO - Filling up the DagBag from /opt/airflow/dags/lcbo_pipeline_dag.py
[2026-09-19T19:41:44.204+0000] {processor.py:840} INFO - DAG(s) 'lcbo_pipeline' retrieved from /opt/airflow/dags/lcbo_pipeline_dag.py
[2026-09-19T19:41:44.229+0000] {logging_mixin.py:188} INFO - [2026-09-19T19:41:44.229+0000] {dag.py:3089} INFO - Sync 1 DAGs
[2026-09-19T19:41:44.240+0000] {logging_mixin.py:188} INFO - [2026-09-19T19:41:44.239+0000] {dag.py:3947} INFO - Setting next_dagrun for lcbo_pipeline to None, run_after=None
[2026-09-19T19:41:44.256+0000] {processor.py:183} INFO - Processing /opt/airflow/dags/lcbo_pipeline_dag.py took 0.079 seconds
[2026-09-19T19:42:14.377+0000] {processor.py:161} INFO - Started process (PID=688) to work on /opt/airflow/dags/lcbo_pipeline_dag.py
[2026-09-19T19:42:14.378+0000] {processor.py:830} INFO - Processing file /opt/airflow/dags/lcbo_pipeline_dag.py for tasks to queue
[2026-09-19T19:42:14.380+0000] {logging_mixin.py:188} INFO - [2026-09-19T19:42:14.380+0000] {dagbag.py:545} INFO - Filling up the DagBag from /opt/airflow/dags/lcbo_pipeline_dag.py
[2026-09-19T19:42:14.397+0000] {processor.py:840} INFO - DAG(s) 'lcbo_pipeline' retrieved from /opt/airflow/dags/lcbo_pipeline_dag.py
[2026-09-19T19:42:14.422+0000] {logging_mixin.py:188} INFO - [2026-09-19T19:42:14.422+0000] {dag.py:3089} INFO - Sync 1 DAGs
[2026-09-19T19:42:14.431+0000] {logging_mixin.py:188} INFO - [2026-09-19T19:42:14.431+0000] {dag.py:3947} INFO - Setting next_dagrun for lcbo_pipeline to None, run_after=None
[2026-09-19T19:42:14.448+0000] {processor.py:183} INFO - Processing /opt/airflow/dags/lcbo_pipeline_dag.py took 0.075 seconds
[2026-09-19T19:42:44.603+0000] {processor.py:161} INFO - Started process (PID=699) to work on /opt/airflow/dags/lcbo_pipeline_dag.py
[2026-09-19T19:42:44.604+0000] {processor.py:830} INFO - Processing file /opt/airflow/dags/lcbo_pipeline_dag.py for tasks to queue
[2026-09-19T19:42:44.605+0000] {logging_mixin.py:188} INFO - [2026-09-19T19:42:44.605+0000] {dagbag.py:545} INFO - Filling up the DagBag from /opt/airflow/dags/lcbo_pipeline_dag.py
[2026-09-19T19:42:44.623+0000] {processor.py:840} INFO - DAG(s) 'lcbo_pipeline' retrieved from /opt/airflow/dags/lcbo_pipeline_dag.py
[2026-09-19T19:42:44.646+0000] {logging_mixin.py:188} INFO - [2026-09-19T19:42:44.646+0000] {dag.py:3089} INFO - Sync 1 DAGs
[2026-09-19T19:42:44.656+0000] {logging_mixin.py:188} INFO - [2026-09-19T19:42:44.656+0000] {dag.py:3947} INFO - Setting next_dagrun for lcbo_pipeline to None, run_after=None
[2026-09-19T19:42:44.673+0000] {processor.py:183} INFO - Processing /opt/airflow/dags/lcbo_pipeline_dag.py took 0.074 seconds
[2026-09-19T19:43:14.808+0000] {processor.py:161} INFO - Started process (PID=710) to work on /opt/airflow/dags/lcbo_pipeline_dag.py
[2026-09-19T19:43:14.809+0000] {processor.py:830} INFO - Processing file /opt/airflow/dags/lcbo_pipeline_dag.py for tasks to queue
[2026-09-19T19:43:14.811+0000] {logging_mixin.py:188} INFO - [2026-09-19T19:43:14.811+0000] {dagbag.py:545} INFO - Filling up the DagBag from /opt/airflow/dags/lcbo_pipeline_dag.py
[2026-09-19T19:43:14.830+0000] {processor.py:840} INFO - DAG(s) 'lcbo_pipeline' retrieved from /opt/airflow/dags/lcbo_pipeline_dag.py
[2026-09-19T19:43:14.853+0000] {logging_mixin.py:188} INFO - [2026-09-19T19:43:14.853+0000] {dag.py:3089} INFO - Sync 1 DAGs
[2026-09-19T19:43:14.863+0000] {logging_mixin.py:188} INFO - [2026-09-19T19:43:14.863+0000] {dag.py:3947} INFO - Setting next_dagrun for lcbo_pipeline to None, run_after=None
[2026-09-19T19:43:14.879+0000] {processor.py:183} INFO - Processing /opt/airflow/dags/lcbo_pipeline_dag.py took 0.075 seconds
[2026-09-19T19:43:45.022+0000] {processor.py:161} INFO - Started process (PID=721) to work on /opt/airflow/dags/lcbo_pipeline_dag.py
[2026-09-19T19:43:45.023+0000] {processor.py:830} INFO - Processing file /opt/airflow/dags/lcbo_pipeline_dag.py for tasks to queue
[2026-09-19T19:43:45.025+0000] {logging_mixin.py:188} INFO - [2026-09-19T19:43:45.025+0000] {dagbag.py:545} INFO - Filling up the DagBag from /opt/airflow/dags/lcbo_pipeline_dag.py
[2026-09-19T19:43:45.045+0000] {processor.py:840} INFO - DAG(s) 'lcbo_pipeline' retrieved from /opt/airflow/dags/lcbo_pipeline_dag.py
[2026-09-19T19:43:45.070+0000] {logging_mixin.py:188} INFO - [2026-09-19T19:43:45.069+0000] {dag.py:3089} INFO - Sync 1 DAGs
[2026-09-19T19:43:45.079+0000] {logging_mixin.py:188} INFO - [2026-09-19T19:43:45.079+0000] {dag.py:3947} INFO - Setting next_dagrun for lcbo_pipeline to None, run_after=None
[2026-09-19T19:43:45.095+0000] {processor.py:183} INFO - Processing /opt/airflow/dags/lcbo_pipeline_dag.py took 0.078 seconds
[2026-09-19T19:44:15.217+0000] {processor.py:161} INFO - Started process (PID=732) to work on /opt/airflow/dags/lcbo_pipeline_dag.py
[2026-09-19T19:44:15.219+0000] {processor.py:830} INFO - Processing file /opt/airflow/dags/lcbo_pipeline_dag.py for tasks to queue
[2026-09-19T19:44:15.220+0000] {logging_mixin.py:188} INFO - [2026-09-19T19:44:15.220+0000] {dagbag.py:545} INFO - Filling up the DagBag from /opt/airflow/dags/lcbo_pipeline_dag.py
[2026-09-19T19:44:15.239+0000] {processor.py:840} INFO - DAG(s) 'lcbo_pipeline' retrieved from /opt/airflow/dags/lcbo_pipeline_dag.py
[2026-09-19T19:44:15.263+0000] {logging_mixin.py:188} INFO - [2026-09-19T19:44:15.263+0000] {dag.py:3089} INFO - Sync 1 DAGs
[2026-09-19T19:44:15.273+0000] {logging_mixin.py:188} INFO - [2026-09-19T19:44:15.273+0000] {dag.py:3947} INFO - Setting next_dagrun for lcbo_pipeline to None, run_after=None
[2026-09-19T19:44:15.288+0000] {processor.py:183} INFO - Processing /opt/airflow/dags/lcbo_pipeline_dag.py took 0.075 seconds
[2026-09-19T19:44:45.446+0000] {processor.py:161} INFO - Started process (PID=743) to work on /opt/airflow/dags/lcbo_pipeline_dag.py
[2026-09-19T19:44:45.447+0000] {processor.py:830} INFO - Processing file /opt/airflow/dags/lcbo_pipeline_dag.py for tasks to queue
[2026-09-19T19:44:45.449+0000] {logging_mixin.py:188} INFO - [2026-09-19T19:44:45.449+0000] {dagbag.py:545} INFO - Filling up the DagBag from /opt/airflow/dags/lcbo_pipeline_dag.py
[2026-09-19T19:44:45.469+0000] {processor.py:840} INFO - DAG(s) 'lcbo_pipeline' retrieved from /opt/airflow/dags/lcbo_pipeline_dag.py
[2026-09-19T19:44:45.495+0000] {logging_mixin.py:188} INFO - [2026-09-19T19:44:45.495+0000] {dag.py:3089} INFO - Sync 1 DAGs
[2026-09-19T19:44:45.506+0000] {logging_mixin.py:188} INFO - [2026-09-19T19:44:45.506+0000] {dag.py:3947} INFO - Setting next_dagrun for lcbo_pipeline to None, run_after=None
[2026-09-19T19:44:45.522+0000] {processor.py:183} INFO - Processing /opt/airflow/dags/lcbo_pipeline_dag.py took 0.079 seconds
[2026-09-19T19:45:15.631+0000] {processor.py:161} INFO - Started process (PID=754) to work on /opt/airflow/dags/lcbo_pipeline_dag.py
[2026-09-19T19:45:15.632+0000] {processor.py:830} INFO - Processing file /opt/airflow/dags/lcbo_pipeline_dag.py for tasks to queue
[2026-09-19T19:45:15.634+0000] {logging_mixin.py:188} INFO - [2026-09-19T19:45:15.634+0000] {dagbag.py:545} INFO - Filling up the DagBag from /opt/airflow/dags/lcbo_pipeline_dag.py
[2026-09-19T19:45:15.651+0000] {processor.py:840} INFO - DAG(s) 'lcbo_pipeline' retrieved from /opt/airflow/dags/lcbo_pipeline_dag.py
[2026-09-19T19:45:15.675+0000] {logging_mixin.py:188} INFO - [2026-09-19T19:45:15.675+0000] {dag.py:3089} INFO - Sync 1 DAGs
[2026-09-19T19:45:15.685+0000] {logging_mixin.py:188} INFO - [2026-09-19T19:45:15.685+0000] {dag.py:3947} INFO - Setting next_dagrun for lcbo_pipeline to None, run_after=None
[2026-09-19T19:45:15.700+0000] {processor.py:183} INFO - Processing /opt/airflow/dags/lcbo_pipeline_dag.py took 0.072 seconds
[2026-09-19T19:45:45.896+0000] {processor.py:161} INFO - Started process (PID=765) to work on /opt/airflow/dags/lcbo_pipeline_dag.py
[2026-09-19T19:45:45.897+0000] {processor.py:830} INFO - Processing file /opt/airflow/dags/lcbo_pipeline_dag.py for tasks to queue
[2026-09-19T19:45:45.899+0000] {logging_mixin.py:188} INFO - [2026-09-19T19:45:45.899+0000] {dagbag.py:545} INFO - Filling up the DagBag from /opt/airflow/dags/lcbo_pipeline_dag.py
[2026-09-19T19:45:45.916+0000] {processor.py:840} INFO - DAG(s) 'lcbo_pipeline' retrieved from /opt/airflow/dags/lcbo_pipeline_dag.py
[2026-09-19T19:45:45.940+0000] {logging_mixin.py:188} INFO - [2026-09-19T19:45:45.940+0000] {dag.py:3089} INFO - Sync 1 DAGs
[2026-09-19T19:45:45.950+0000] {logging_mixin.py:188} INFO - [2026-09-19T19:45:45.950+0000] {dag.py:3947} INFO - Setting next_dagrun for lcbo_pipeline to None, run_after=None
[2026-09-19T19:45:45.964+0000] {processor.py:183} INFO - Processing /opt/airflow/dags/lcbo_pipeline_dag.py took 0.072 seconds
[2026-09-19T19:46:16.085+0000] {processor.py:161} INFO - Started process (PID=776) to work on /opt/airflow/dags/lcbo_pipeline_dag.py
[2026-09-19T19:46:16.086+0000] {processor.py:830} INFO - Processing file /opt/airflow/dags/lcbo_pipeline_dag.py for tasks to queue
[2026-09-19T19:46:16.088+0000] {logging_mixin.py:188} INFO - [2026-09-19T19:46:16.088+0000] {dagbag.py:545} INFO - Filling up the DagBag from /opt/airflow/dags/lcbo_pipeline_dag.py
[2026-09-19T19:46:16.106+0000] {processor.py:840} INFO - DAG(s) 'lcbo_pipeline' retrieved from /opt/airflow/dags/lcbo_pipeline_dag.py
[2026-09-19T19:46:16.133+0000] {logging_mixin.py:188} INFO - [2026-09-19T19:46:16.133+0000] {dag.py:3089} INFO - Sync 1 DAGs
[2026-09-19T19:46:16.143+0000] {logging_mixin.py:188} INFO - [2026-09-19T19:46:16.143+0000] {dag.py:3947} INFO - Setting next_dagrun for lcbo_pipeline to None, run_after=None
[2026-09-19T19:46:16.160+0000] {processor.py:183} INFO - Processing /opt/airflow/dags/lcbo_pipeline_dag.py took 0.078 seconds
[2026-09-19T19:46:46.305+0000] {processor.py:161} INFO - Started process (PID=787) to work on /opt/airflow/dags/lcbo_pipeline_dag.py
[2026-09-19T19:46:46.307+0000] {processor.py:830} INFO - Processing file /opt/airflow/dags/lcbo_pipeline_dag.py for tasks to queue
[2026-09-19T19:46:46.308+0000] {logging_mixin.py:188} INFO - [2026-09-19T19:46:46.308+0000] {dagbag.py:545} INFO - Filling up the DagBag from /opt/airflow/dags/lcbo_pipeline_dag.py
[2026-09-19T19:46:46.325+0000] {processor.py:840} INFO - DAG(s) 'lcbo_pipeline' retrieved from /opt/airflow/dags/lcbo_pipeline_dag.py
[2026-09-19T19:46:46.350+0000] {logging_mixin.py:188} INFO - [2026-09-19T19:46:46.349+0000] {dag.py:3089} INFO - Sync 1 DAGs
[2026-09-19T19:46:46.360+0000] {logging_mixin.py:188} INFO - [2026-09-19T19:46:46.360+0000] {dag.py:3947} INFO - Setting next_dagrun for lcbo_pipeline to None, run_after=None
[2026-09-19T19:46:46.374+0000] {processor.py:183} INFO - Processing /opt/airflow/dags/lcbo_pipeline_dag.py took 0.073 seconds
[2026-09-19T19:47:16.497+0000] {processor.py:161} INFO - Started process (PID=798) to work on /opt/airflow/dags/lcbo_pipeline_dag.py
[2026-09-19T19:47:16.498+0000] {processor.py:830} INFO - Processing file /opt/airflow/dags/lcbo_pipeline_dag.py for tasks to queue
[2026-09-19T19:47:16.499+0000] {logging_mixin.py:188} INFO - [2026-09-19T19:47:16.499+0000] {dagbag.py:545} INFO - Filling up the DagBag from /opt/airflow/dags/lcbo_pipeline_dag.py
[2026-09-19T19:47:16.517+0000] {processor.py:840} INFO - DAG(s) 'lcbo_pipeline' retrieved from /opt/airflow/dags/lcbo_pipeline_dag.py
[2026-09-19T19:47:16.544+0000] {logging_mixin.py:188} INFO - [2026-09-19T19:47:16.544+0000] {dag.py:3089} INFO - Sync 1 DAGs
[2026-09-19T19:47:16.555+0000] {logging_mixin.py:188} INFO - [2026-09-19T19:47:16.555+0000] {dag.py:3947} INFO - Setting next_dagrun for lcbo_pipeline to None, run_after=None
[2026-09-19T19:47:16.573+0000] {processor.py:183} INFO - Processing /opt/airflow/dags/lcbo_pipeline_dag.py took 0.080 seconds
[2026-09-19T19:47:46.722+0000] {processor.py:161} INFO - Started process (PID=809) to work on /opt/airflow/dags/lcbo_pipeline_dag.py
[2026-09-19T19:47:46.723+0000] {processor.py:830} INFO - Processing file /opt/airflow/dags/lcbo_pipeline_dag.py for tasks to queue
[2026-09-19T19:47:46.725+0000] {logging_mixin.py:188} INFO - [2026-09-19T19:47:46.725+0000] {dagbag.py:545} INFO - Filling up the DagBag from /opt/airflow/dags/lcbo_pipeline_dag.py
[2026-09-19T19:47:46.744+0000] {processor.py:840} INFO - DAG(s) 'lcbo_pipeline' retrieved from /opt/airflow/dags/lcbo_pipeline_dag.py
[2026-09-19T19:47:46.769+0000] {logging_mixin.py:188} INFO - [2026-09-19T19:47:46.769+0000] {dag.py:3089} INFO - Sync 1 DAGs
[2026-09-19T19:47:46.781+0000] {logging_mixin.py:188} INFO - [2026-09-19T19:47:46.781+0000] {dag.py:3947} INFO - Setting next_dagrun for lcbo_pipeline to None, run_after=None
[2026-09-19T19:47:46.798+0000] {processor.py:183} INFO - Processing /opt/airflow/dags/lcbo_pipeline_dag.py took 0.080 seconds
[2026-09-19T19:48:16.914+0000] {processor.py:161} INFO - Started process (PID=820) to work on /opt/airflow/dags/lcbo_pipeline_dag.py
[2026-09-19T19:48:16.916+0000] {processor.py:830} INFO - Processing file /opt/airflow/dags/lcbo_pipeline_dag.py for tasks to queue
[2026-09-19T19:48:16.917+0000] {logging_mixin.py:188} INFO - [2026-09-19T19:48:16.917+0000] {dagbag.py:545} INFO - Filling up the DagBag from /opt/airflow/dags/lcbo_pipeline_dag.py
[2026-09-19T19:48:16.935+0000] {processor.py:840} INFO - DAG(s) 'lcbo_pipeline' retrieved from /opt/airflow/dags/lcbo_pipeline_dag.py
[2026-09-19T19:48:16.961+0000] {logging_mixin.py:188} INFO - [2026-09-19T19:48:16.961+0000] {dag.py:3089} INFO - Sync 1 DAGs
[2026-09-19T19:48:16.972+0000] {logging_mixin.py:188} INFO - [2026-09-19T19:48:16.972+0000] {dag.py:3947} INFO - Setting next_dagrun for lcbo_pipeline to None, run_after=None
[2026-09-19T19:48:16.988+0000] {processor.py:183} INFO - Processing /opt/airflow/dags/lcbo_pipeline_dag.py took 0.077 seconds
[2026-09-19T19:48:47.158+0000] {processor.py:161} INFO - Started process (PID=831) to work on /opt/airflow/dags/lcbo_pipeline_dag.py
[2026-09-19T19:48:47.159+0000] {processor.py:830} INFO - Processing file /opt/airflow/dags/lcbo_pipeline_dag.py for tasks to queue
[2026-09-19T19:48:47.161+0000] {logging_mixin.py:188} INFO - [2026-09-19T19:48:47.161+0000] {dagbag.py:545} INFO - Filling up the DagBag from /opt/airflow/dags/lcbo_pipeline_dag.py
[2026-09-19T19:48:47.178+0000] {processor.py:840} INFO - DAG(s) 'lcbo_pipeline' retrieved from /opt/airflow/dags/lcbo_pipeline_dag.py
[2026-09-19T19:48:47.202+0000] {logging_mixin.py:188} INFO - [2026-09-19T19:48:47.202+0000] {dag.py:3089} INFO - Sync 1 DAGs
[2026-09-19T19:48:47.212+0000] {logging_mixin.py:188} INFO - [2026-09-19T19:48:47.212+0000] {dag.py:3947} INFO - Setting next_dagrun for lcbo_pipeline to None, run_after=None
[2026-09-19T19:48:47.229+0000] {processor.py:183} INFO - Processing /opt/airflow/dags/lcbo_pipeline_dag.py took 0.075 seconds
[2026-09-19T19:49:17.347+0000] {processor.py:161} INFO - Started process (PID=842) to work on /opt/airflow/dags/lcbo_pipeline_dag.py
[2026-09-19T19:49:17.348+0000] {processor.py:830} INFO - Processing file /opt/airflow/dags/lcbo_pipeline_dag.py for tasks to queue
[2026-09-19T19:49:17.350+0000] {logging_mixin.py:188} INFO - [2026-09-19T19:49:17.350+0000] {dagbag.py:545} INFO - Filling up the DagBag from /opt/airflow/dags/lcbo_pipeline_dag.py
[2026-09-19T19:49:17.368+0000] {processor.py:840} INFO - DAG(s) 'lcbo_pipeline' retrieved from /opt/airflow/dags/lcbo_pipeline_dag.py
[2026-09-19T19:49:17.394+0000] {logging_mixin.py:188} INFO - [2026-09-19T19:49:17.394+0000] {dag.py:3089} INFO - Sync 1 DAGs
[2026-09-19T19:49:17.404+0000] {logging_mixin.py:188} INFO - [2026-09-19T19:49:17.404+0000] {dag.py:3947} INFO - Setting next_dagrun for lcbo_pipeline to None, run_after=None
[2026-09-19T19:49:17.422+0000] {processor.py:183} INFO - Processing /opt/airflow/dags/lcbo_pipeline_dag.py took 0.079 seconds
[2026-09-19T19:49:47.584+0000] {processor.py:161} INFO - Started process (PID=853) to work on /opt/airflow/dags/lcbo_pipeline_dag.py
[2026-09-19T19:49:47.585+0000] {processor.py:830} INFO - Processing file /opt/airflow/dags/lcbo_pipeline_dag.py for tasks to queue
[2026-09-19T19:49:47.586+0000] {logging_mixin.py:188} INFO - [2026-09-19T19:49:47.586+0000] {dagbag.py:545} INFO - Filling up the DagBag from /opt/airflow/dags/lcbo_pipeline_dag.py
[2026-09-19T19:49:47.604+0000] {processor.py:840} INFO - DAG(s) 'lcbo_pipeline' retrieved from /opt/airflow/dags/lcbo_pipeline_dag.py
[2026-09-19T19:49:47.628+0000] {logging_mixin.py:188} INFO - [2026-09-19T19:49:47.627+0000] {dag.py:3089} INFO - Sync 1 DAGs
[2026-09-19T19:49:47.637+0000] {logging_mixin.py:188} INFO - [2026-09-19T19:49:47.637+0000] {dag.py:3947} INFO - Setting next_dagrun for lcbo_pipeline to None, run_after=None
[2026-09-19T19:49:47.651+0000] {processor.py:183} INFO - Processing /opt/airflow/dags/lcbo_pipeline_dag.py took 0.071 seconds
[2026-09-19T19:50:17.772+0000] {processor.py:161} INFO - Started process (PID=864) to work on /opt/airflow/dags/lcbo_pipeline_dag.py
[2026-09-19T19:50:17.774+0000] {processor.py:830} INFO - Processing file /opt/airflow/dags/lcbo_pipeline_dag.py for tasks to queue
[2026-09-19T19:50:17.775+0000] {logging_mixin.py:188} INFO - [2026-09-19T19:50:17.775+0000] {dagbag.py:545} INFO - Filling up the DagBag from /opt/airflow/dags/lcbo_pipeline_dag.py
[2026-09-19T19:50:17.792+0000] {processor.py:840} INFO - DAG(s) 'lcbo_pipeline' retrieved from /opt/airflow/dags/lcbo_pipeline_dag.py
[2026-09-19T19:50:17.818+0000] {logging_mixin.py:188} INFO - [2026-09-19T19:50:17.817+0000] {dag.py:3089} INFO - Sync 1 DAGs
[2026-09-19T19:50:17.827+0000] {logging_mixin.py:188} INFO - [2026-09-19T19:50:17.827+0000] {dag.py:3947} INFO - Setting next_dagrun for lcbo_pipeline to None, run_after=None
[2026-09-19T19:50:17.842+0000] {processor.py:183} INFO - Processing /opt/airflow/dags/lcbo_pipeline_dag.py took 0.074 seconds
[2026-09-19T19:50:48.031+0000] {processor.py:161} INFO - Started process (PID=875) to work on /opt/airflow/dags/lcbo_pipeline_dag.py
[2026-09-19T19:50:48.032+0000] {processor.py:830} INFO - Processing file /opt/airflow/dags/lcbo_pipeline_dag.py for tasks to queue
[2026-09-19T19:50:48.034+0000] {logging_mixin.py:188} INFO - [2026-09-19T19:50:48.034+0000] {dagbag.py:545} INFO - Filling up the DagBag from /opt/airflow/dags/lcbo_pipeline_dag.py
[2026-09-19T19:50:48.054+0000] {processor.py:840} INFO - DAG(s) 'lcbo_pipeline' retrieved from /opt/airflow/dags/lcbo_pipeline_dag.py
[2026-09-19T19:50:48.080+0000] {logging_mixin.py:188} INFO - [2026-09-19T19:50:48.079+0000] {dag.py:3089} INFO - Sync 1 DAGs
[2026-09-19T19:50:48.089+0000] {logging_mixin.py:188} INFO - [2026-09-19T19:50:48.089+0000] {dag.py:3947} INFO - Setting next_dagrun for lcbo_pipeline to None, run_after=None
[2026-09-19T19:50:48.104+0000] {processor.py:183} INFO - Processing /opt/airflow/dags/lcbo_pipeline_dag.py took 0.077 seconds
[2026-09-19T19:51:18.227+0000] {processor.py:161} INFO - Started process (PID=886) to work on /opt/airflow/dags/lcbo_pipeline_dag.py
[2026-09-19T19:51:18.228+0000] {processor.py:830} INFO - Processing file /opt/airflow/dags/lcbo_pipeline_dag.py for tasks to queue
[2026-09-19T19:51:18.229+0000] {logging_mixin.py:188} INFO - [2026-09-19T19:51:18.229+0000] {dagbag.py:545} INFO - Filling up the DagBag from /opt/airflow/dags/lcbo_pipeline_dag.py
[2026-09-19T19:51:18.247+0000] {processor.py:840} INFO - DAG(s) 'lcbo_pipeline' retrieved from /opt/airflow/dags/lcbo_pipeline_dag.py
[2026-09-19T19:51:18.272+0000] {logging_mixin.py:188} INFO - [2026-09-19T19:51:18.271+0000] {dag.py:3089} INFO - Sync 1 DAGs
[2026-09-19T19:51:18.282+0000] {logging_mixin.py:188} INFO - [2026-09-19T19:51:18.282+0000] {dag.py:3947} INFO - Setting next_dagrun for lcbo_pipeline to None, run_after=None
[2026-09-19T19:51:18.299+0000] {processor.py:183} INFO - Processing /opt/airflow/dags/lcbo_pipeline_dag.py took 0.077 seconds
[2026-09-19T19:51:48.450+0000] {processor.py:161} INFO - Started process (PID=897) to work on /opt/airflow/dags/lcbo_pipeline_dag.py
[2026-09-19T19:51:48.451+0000] {processor.py:830} INFO - Processing file /opt/airflow/dags/lcbo_pipeline_dag.py for tasks to queue
[2026-09-19T19:51:48.453+0000] {logging_mixin.py:188} INFO - [2026-09-19T19:51:48.453+0000] {dagbag.py:545} INFO - Filling up the DagBag from /opt/airflow/dags/lcbo_pipeline_dag.py
[2026-09-19T19:51:48.471+0000] {processor.py:840} INFO - DAG(s) 'lcbo_pipeline' retrieved from /opt/airflow/dags/lcbo_pipeline_dag.py
[2026-09-19T19:51:48.495+0000] {logging_mixin.py:188} INFO - [2026-09-19T19:51:48.495+0000] {dag.py:3089} INFO - Sync 1 DAGs
[2026-09-19T19:51:48.504+0000] {logging_mixin.py:188} INFO - [2026-09-19T19:51:48.504+0000] {dag.py:3947} INFO - Setting next_dagrun for lcbo_pipeline to None, run_after=None
[2026-09-19T19:51:48.520+0000] {processor.py:183} INFO - Processing /opt/airflow/dags/lcbo_pipeline_dag.py took 0.074 seconds
[2026-09-19T19:52:18.650+0000] {processor.py:161} INFO - Started process (PID=908) to work on /opt/airflow/dags/lcbo_pipeline_dag.py
[2026-09-19T19:52:18.651+0000] {processor.py:830} INFO - Processing file /opt/airflow/dags/lcbo_pipeline_dag.py for tasks to queue
[2026-09-19T19:52:18.653+0000] {logging_mixin.py:188} INFO - [2026-09-19T19:52:18.653+0000] {dagbag.py:545} INFO - Filling up the DagBag from /opt/airflow/dags/lcbo_pipeline_dag.py
[2026-09-19T19:52:18.670+0000] {processor.py:840} INFO - DAG(s) 'lcbo_pipeline' retrieved from /opt/airflow/dags/lcbo_pipeline_dag.py
[2026-09-19T19:52:18.694+0000] {logging_mixin.py:188} INFO - [2026-09-19T19:52:18.694+0000] {dag.py:3089} INFO - Sync 1 DAGs
[2026-09-19T19:52:18.706+0000] {logging_mixin.py:188} INFO - [2026-09-19T19:52:18.705+0000] {dag.py:3947} INFO - Setting next_dagrun for lcbo_pipeline to None, run_after=None
[2026-09-19T19:52:18.724+0000] {processor.py:183} INFO - Processing /opt/airflow/dags/lcbo_pipeline_dag.py took 0.078 seconds
[2026-09-19T19:52:48.874+0000] {processor.py:161} INFO - Started process (PID=919) to work on /opt/airflow/dags/lcbo_pipeline_dag.py
[2026-09-19T19:52:48.875+0000] {processor.py:830} INFO - Processing file /opt/airflow/dags/lcbo_pipeline_dag.py for tasks to queue
[2026-09-19T19:52:48.876+0000] {logging_mixin.py:188} INFO - [2026-09-19T19:52:48.876+0000] {dagbag.py:545} INFO - Filling up the DagBag from /opt/airflow/dags/lcbo_pipeline_dag.py
[2026-09-19T19:52:48.893+0000] {processor.py:840} INFO - DAG(s) 'lcbo_pipeline' retrieved from /opt/airflow/dags/lcbo_pipeline_dag.py
[2026-09-19T19:52:48.917+0000] {logging_mixin.py:188} INFO - [2026-09-19T19:52:48.917+0000] {dag.py:3089} INFO - Sync 1 DAGs
[2026-09-19T19:52:48.926+0000] {logging_mixin.py:188} INFO - [2026-09-19T19:52:48.926+0000] {dag.py:3947} INFO - Setting next_dagrun for lcbo_pipeline to None, run_after=None
[2026-09-19T19:52:48.941+0000] {processor.py:183} INFO - Processing /opt/airflow/dags/lcbo_pipeline_dag.py took 0.072 seconds
[2026-09-19T19:53:19.071+0000] {processor.py:161} INFO - Started process (PID=930) to work on /opt/airflow/dags/lcbo_pipeline_dag.py
[2026-09-19T19:53:19.072+0000] {processor.py:830} INFO - Processing file /opt/airflow/dags/lcbo_pipeline_dag.py for tasks to queue
[2026-09-19T19:53:19.073+0000] {logging_mixin.py:188} INFO - [2026-09-19T19:53:19.073+0000] {dagbag.py:545} INFO - Filling up the DagBag from /opt/airflow/dags/lcbo_pipeline_dag.py
[2026-09-19T19:53:19.091+0000] {processor.py:840} INFO - DAG(s) 'lcbo_pipeline' retrieved from /opt/airflow/dags/lcbo_pipeline_dag.py
[2026-09-19T19:53:19.115+0000] {logging_mixin.py:188} INFO - [2026-09-19T19:53:19.114+0000] {dag.py:3089} INFO - Sync 1 DAGs
[2026-09-19T19:53:19.126+0000] {logging_mixin.py:188} INFO - [2026-09-19T19:53:19.126+0000] {dag.py:3947} INFO - Setting next_dagrun for lcbo_pipeline to None, run_after=None
[2026-09-19T19:53:19.144+0000] {processor.py:183} INFO - Processing /opt/airflow/dags/lcbo_pipeline_dag.py took 0.077 seconds
[2026-09-19T19:53:49.291+0000] {processor.py:161} INFO - Started process (PID=941) to work on /opt/airflow/dags/lcbo_pipeline_dag.py
[2026-09-19T19:53:49.292+0000] {processor.py:830} INFO - Processing file /opt/airflow/dags/lcbo_pipeline_dag.py for tasks to queue
[2026-09-19T19:53:49.293+0000] {logging_mixin.py:188} INFO - [2026-09-19T19:53:49.293+0000] {dagbag.py:545} INFO - Filling up the DagBag from /opt/airflow/dags/lcbo_pipeline_dag.py
[2026-09-19T19:53:49.312+0000] {processor.py:840} INFO - DAG(s) 'lcbo_pipeline' retrieved from /opt/airflow/dags/lcbo_pipeline_dag.py
[2026-09-19T19:53:49.335+0000] {logging_mixin.py:188} INFO - [2026-09-19T19:53:49.335+0000] {dag.py:3089} INFO - Sync 1 DAGs
[2026-09-19T19:53:49.346+0000] {logging_mixin.py:188} INFO - [2026-09-19T19:53:49.346+0000] {dag.py:3947} INFO - Setting next_dagrun for lcbo_pipeline to None, run_after=None
[2026-09-19T19:53:49.365+0000] {processor.py:183} INFO - Processing /opt/airflow/dags/lcbo_pipeline_dag.py took 0.079 seconds
[2026-09-19T19:54:19.496+0000] {processor.py:161} INFO - Started process (PID=952) to work on /opt/airflow/dags/lcbo_pipeline_dag.py
[2026-09-19T19:54:19.497+0000] {processor.py:830} INFO - Processing file /opt/airflow/dags/lcbo_pipeline_dag.py for tasks to queue
[2026-09-19T19:54:19.499+0000] {logging_mixin.py:188} INFO - [2026-09-19T19:54:19.499+0000] {dagbag.py:545} INFO - Filling up the DagBag from /opt/airflow/dags/lcbo_pipeline_dag.py
[2026-09-19T19:54:19.518+0000] {processor.py:840} INFO - DAG(s) 'lcbo_pipeline' retrieved from /opt/airflow/dags/lcbo_pipeline_dag.py
[2026-09-19T19:54:19.545+0000] {logging_mixin.py:188} INFO - [2026-09-19T19:54:19.545+0000] {dag.py:3089} INFO - Sync 1 DAGs
[2026-09-19T19:54:19.555+0000] {logging_mixin.py:188} INFO - [2026-09-19T19:54:19.555+0000] {dag.py:3947} INFO - Setting next_dagrun for lcbo_pipeline to None, run_after=None
[2026-09-19T19:54:19.574+0000] {processor.py:183} INFO - Processing /opt/airflow/dags/lcbo_pipeline_dag.py took 0.083 seconds
[2026-09-19T19:54:49.710+0000] {processor.py:161} INFO - Started process (PID=963) to work on /opt/airflow/dags/lcbo_pipeline_dag.py
[2026-09-19T19:54:49.712+0000] {processor.py:830} INFO - Processing file /opt/airflow/dags/lcbo_pipeline_dag.py for tasks to queue
[2026-09-19T19:54:49.713+0000] {logging_mixin.py:188} INFO - [2026-09-19T19:54:49.713+0000] {dagbag.py:545} INFO - Filling up the DagBag from /opt/airflow/dags/lcbo_pipeline_dag.py
[2026-09-19T19:54:49.733+0000] {processor.py:840} INFO - DAG(s) 'lcbo_pipeline' retrieved from /opt/airflow/dags/lcbo_pipeline_dag.py
[2026-09-19T19:54:49.757+0000] {logging_mixin.py:188} INFO - [2026-09-19T19:54:49.757+0000] {dag.py:3089} INFO - Sync 1 DAGs
[2026-09-19T19:54:49.767+0000] {logging_mixin.py:188} INFO - [2026-09-19T19:54:49.767+0000] {dag.py:3947} INFO - Setting next_dagrun for lcbo_pipeline to None, run_after=None
[2026-09-19T19:54:49.786+0000] {processor.py:183} INFO - Processing /opt/airflow/dags/lcbo_pipeline_dag.py took 0.080 seconds
[2026-09-19T19:55:19.916+0000] {processor.py:161} INFO - Started process (PID=974) to work on /opt/airflow/dags/lcbo_pipeline_dag.py
[2026-09-19T19:55:19.917+0000] {processor.py:830} INFO - Processing file /opt/airflow/dags/lcbo_pipeline_dag.py for tasks to queue
[2026-09-19T19:55:19.919+0000] {logging_mixin.py:188} INFO - [2026-09-19T19:55:19.919+0000] {dagbag.py:545} INFO - Filling up the DagBag from /opt/airflow/dags/lcbo_pipeline_dag.py
[2026-09-19T19:55:19.937+0000] {processor.py:840} INFO - DAG(s) 'lcbo_pipeline' retrieved from /opt/airflow/dags/lcbo_pipeline_dag.py
[2026-09-19T19:55:19.961+0000] {logging_mixin.py:188} INFO - [2026-09-19T19:55:19.961+0000] {dag.py:3089} INFO - Sync 1 DAGs
[2026-09-19T19:55:19.974+0000] {logging_mixin.py:188} INFO - [2026-09-19T19:55:19.973+0000] {dag.py:3947} INFO - Setting next_dagrun for lcbo_pipeline to None, run_after=None
[2026-09-19T19:55:19.999+0000] {processor.py:183} INFO - Processing /opt/airflow/dags/lcbo_pipeline_dag.py took 0.088 seconds
[2026-09-19T19:55:50.162+0000] {processor.py:161} INFO - Started process (PID=985) to work on /opt/airflow/dags/lcbo_pipeline_dag.py
[2026-09-19T19:55:50.163+0000] {processor.py:830} INFO - Processing file /opt/airflow/dags/lcbo_pipeline_dag.py for tasks to queue
[2026-09-19T19:55:50.165+0000] {logging_mixin.py:188} INFO - [2026-09-19T19:55:50.165+0000] {dagbag.py:545} INFO - Filling up the DagBag from /opt/airflow/dags/lcbo_pipeline_dag.py
[2026-09-19T19:55:50.182+0000] {processor.py:840} INFO - DAG(s) 'lcbo_pipeline' retrieved from /opt/airflow/dags/lcbo_pipeline_dag.py
[2026-09-19T19:55:50.205+0000] {logging_mixin.py:188} INFO - [2026-09-19T19:55:50.205+0000] {dag.py:3089} INFO - Sync 1 DAGs
[2026-09-19T19:55:50.215+0000] {logging_mixin.py:188} INFO - [2026-09-19T19:55:50.215+0000] {dag.py:3947} INFO - Setting next_dagrun for lcbo_pipeline to None, run_after=None
[2026-09-19T19:55:50.230+0000] {processor.py:183} INFO - Processing /opt/airflow/dags/lcbo_pipeline_dag.py took 0.071 seconds
[2026-09-19T19:56:20.353+0000] {processor.py:161} INFO - Started process (PID=996) to work on /opt/airflow/dags/lcbo_pipeline_dag.py
[2026-09-19T19:56:20.355+0000] {processor.py:830} INFO - Processing file /opt/airflow/dags/lcbo_pipeline_dag.py for tasks to queue
[2026-09-19T19:56:20.356+0000] {logging_mixin.py:188} INFO - [2026-09-19T19:56:20.356+0000] {dagbag.py:545} INFO - Filling up the DagBag from /opt/airflow/dags/lcbo_pipeline_dag.py
[2026-09-19T19:56:20.372+0000] {processor.py:840} INFO - DAG(s) 'lcbo_pipeline' retrieved from /opt/airflow/dags/lcbo_pipeline_dag.py
[2026-09-19T19:56:20.397+0000] {logging_mixin.py:188} INFO - [2026-09-19T19:56:20.396+0000] {dag.py:3089} INFO - Sync 1 DAGs
[2026-09-19T19:56:20.406+0000] {logging_mixin.py:188} INFO - [2026-09-19T19:56:20.406+0000] {dag.py:3947} INFO - Setting next_dagrun for lcbo_pipeline to None, run_after=None
[2026-09-19T19:56:20.422+0000] {processor.py:183} INFO - Processing /opt/airflow/dags/lcbo_pipeline_dag.py took 0.072 seconds
[2026-09-19T19:56:50.579+0000] {processor.py:161} INFO - Started process (PID=1007) to work on /opt/airflow/dags/lcbo_pipeline_dag.py
[2026-09-19T19:56:50.580+0000] {processor.py:830} INFO - Processing file /opt/airflow/dags/lcbo_pipeline_dag.py for tasks to queue
[2026-09-19T19:56:50.582+0000] {logging_mixin.py:188} INFO - [2026-09-19T19:56:50.582+0000] {dagbag.py:545} INFO - Filling up the DagBag from /opt/airflow/dags/lcbo_pipeline_dag.py
[2026-09-19T19:56:50.599+0000] {processor.py:840} INFO - DAG(s) 'lcbo_pipeline' retrieved from /opt/airflow/dags/lcbo_pipeline_dag.py
[2026-09-19T19:56:50.622+0000] {logging_mixin.py:188} INFO - [2026-09-19T19:56:50.622+0000] {dag.py:3089} INFO - Sync 1 DAGs
[2026-09-19T19:56:50.632+0000] {logging_mixin.py:188} INFO - [2026-09-19T19:56:50.632+0000] {dag.py:3947} INFO - Setting next_dagrun for lcbo_pipeline to None, run_after=None
[2026-09-19T19:56:50.648+0000] {processor.py:183} INFO - Processing /opt/airflow/dags/lcbo_pipeline_dag.py took 0.072 seconds
[2026-09-19T19:57:20.763+0000] {processor.py:161} INFO - Started process (PID=1018) to work on /opt/airflow/dags/lcbo_pipeline_dag.py
[2026-09-19T19:57:20.765+0000] {processor.py:830} INFO - Processing file /opt/airflow/dags/lcbo_pipeline_dag.py for tasks to queue
[2026-09-19T19:57:20.767+0000] {logging_mixin.py:188} INFO - [2026-09-19T19:57:20.767+0000] {dagbag.py:545} INFO - Filling up the DagBag from /opt/airflow/dags/lcbo_pipeline_dag.py
[2026-09-19T19:57:20.783+0000] {processor.py:840} INFO - DAG(s) 'lcbo_pipeline' retrieved from /opt/airflow/dags/lcbo_pipeline_dag.py
[2026-09-19T19:57:20.807+0000] {logging_mixin.py:188} INFO - [2026-09-19T19:57:20.807+0000] {dag.py:3089} INFO - Sync 1 DAGs
[2026-09-19T19:57:20.816+0000] {logging_mixin.py:188} INFO - [2026-09-19T19:57:20.816+0000] {dag.py:3947} INFO - Setting next_dagrun for lcbo_pipeline to None, run_after=None
[2026-09-19T19:57:20.831+0000] {processor.py:183} INFO - Processing /opt/airflow/dags/lcbo_pipeline_dag.py took 0.071 seconds
[2026-09-19T19:57:50.999+0000] {processor.py:161} INFO - Started process (PID=1029) to work on /opt/airflow/dags/lcbo_pipeline_dag.py
[2026-09-19T19:57:51.000+0000] {processor.py:830} INFO - Processing file /opt/airflow/dags/lcbo_pipeline_dag.py for tasks to queue
[2026-09-19T19:57:51.002+0000] {logging_mixin.py:188} INFO - [2026-09-19T19:57:51.002+0000] {dagbag.py:545} INFO - Filling up the DagBag from /opt/airflow/dags/lcbo_pipeline_dag.py
[2026-09-19T19:57:51.020+0000] {processor.py:840} INFO - DAG(s) 'lcbo_pipeline' retrieved from /opt/airflow/dags/lcbo_pipeline_dag.py
[2026-09-19T19:57:51.047+0000] {logging_mixin.py:188} INFO - [2026-09-19T19:57:51.047+0000] {dag.py:3089} INFO - Sync 1 DAGs
[2026-09-19T19:57:51.059+0000] {logging_mixin.py:188} INFO - [2026-09-19T19:57:51.058+0000] {dag.py:3947} INFO - Setting next_dagrun for lcbo_pipeline to None, run_after=None
[2026-09-19T19:57:51.077+0000] {processor.py:183} INFO - Processing /opt/airflow/dags/lcbo_pipeline_dag.py took 0.082 seconds
[2026-09-19T19:58:21.183+0000] {processor.py:161} INFO - Started process (PID=1040) to work on /opt/airflow/dags/lcbo_pipeline_dag.py
[2026-09-19T19:58:21.184+0000] {processor.py:830} INFO - Processing file /opt/airflow/dags/lcbo_pipeline_dag.py for tasks to queue
[2026-09-19T19:58:21.186+0000] {logging_mixin.py:188} INFO - [2026-09-19T19:58:21.186+0000] {dagbag.py:545} INFO - Filling up the DagBag from /opt/airflow/dags/lcbo_pipeline_dag.py
[2026-09-19T19:58:21.206+0000] {processor.py:840} INFO - DAG(s) 'lcbo_pipeline' retrieved from /opt/airflow/dags/lcbo_pipeline_dag.py
[2026-09-19T19:58:21.232+0000] {logging_mixin.py:188} INFO - [2026-09-19T19:58:21.232+0000] {dag.py:3089} INFO - Sync 1 DAGs
[2026-09-19T19:58:21.242+0000] {logging_mixin.py:188} INFO - [2026-09-19T19:58:21.242+0000] {dag.py:3947} INFO - Setting next_dagrun for lcbo_pipeline to None, run_after=None
[2026-09-19T19:58:21.260+0000] {processor.py:183} INFO - Processing /opt/airflow/dags/lcbo_pipeline_dag.py took 0.082 seconds
[2026-09-19T19:58:51.442+0000] {processor.py:161} INFO - Started process (PID=1051) to work on /opt/airflow/dags/lcbo_pipeline_dag.py
[2026-09-19T19:58:51.442+0000] {processor.py:830} INFO - Processing file /opt/airflow/dags/lcbo_pipeline_dag.py for tasks to queue
[2026-09-19T19:58:51.444+0000] {logging_mixin.py:188} INFO - [2026-09-19T19:58:51.444+0000] {dagbag.py:545} INFO - Filling up the DagBag from /opt/airflow/dags/lcbo_pipeline_dag.py
[2026-09-19T19:58:51.463+0000] {processor.py:840} INFO - DAG(s) 'lcbo_pipeline' retrieved from /opt/airflow/dags/lcbo_pipeline_dag.py
[2026-09-19T19:58:51.489+0000] {logging_mixin.py:188} INFO - [2026-09-19T19:58:51.489+0000] {dag.py:3089} INFO - Sync 1 DAGs
[2026-09-19T19:58:51.500+0000] {logging_mixin.py:188} INFO - [2026-09-19T19:58:51.499+0000] {dag.py:3947} INFO - Setting next_dagrun for lcbo_pipeline to None, run_after=None
[2026-09-19T19:58:51.515+0000] {processor.py:183} INFO - Processing /opt/airflow/dags/lcbo_pipeline_dag.py took 0.078 seconds
[2026-09-19T19:59:21.633+0000] {processor.py:161} INFO - Started process (PID=1062) to work on /opt/airflow/dags/lcbo_pipeline_dag.py
[2026-09-19T19:59:21.634+0000] {processor.py:830} INFO - Processing file /opt/airflow/dags/lcbo_pipeline_dag.py for tasks to queue
[2026-09-19T19:59:21.636+0000] {logging_mixin.py:188} INFO - [2026-09-19T19:59:21.636+0000] {dagbag.py:545} INFO - Filling up the DagBag from /opt/airflow/dags/lcbo_pipeline_dag.py
[2026-09-19T19:59:21.654+0000] {processor.py:840} INFO - DAG(s) 'lcbo_pipeline' retrieved from /opt/airflow/dags/lcbo_pipeline_dag.py
[2026-09-19T19:59:21.680+0000] {logging_mixin.py:188} INFO - [2026-09-19T19:59:21.680+0000] {dag.py:3089} INFO - Sync 1 DAGs
[2026-09-19T19:59:21.692+0000] {logging_mixin.py:188} INFO - [2026-09-19T19:59:21.692+0000] {dag.py:3947} INFO - Setting next_dagrun for lcbo_pipeline to None, run_after=None
[2026-09-19T19:59:21.715+0000] {processor.py:183} INFO - Processing /opt/airflow/dags/lcbo_pipeline_dag.py took 0.086 seconds
[2026-09-19T19:59:51.880+0000] {processor.py:161} INFO - Started process (PID=1073) to work on /opt/airflow/dags/lcbo_pipeline_dag.py
[2026-09-19T19:59:51.881+0000] {processor.py:830} INFO - Processing file /opt/airflow/dags/lcbo_pipeline_dag.py for tasks to queue
[2026-09-19T19:59:51.882+0000] {logging_mixin.py:188} INFO - [2026-09-19T19:59:51.882+0000] {dagbag.py:545} INFO - Filling up the DagBag from /opt/airflow/dags/lcbo_pipeline_dag.py
[2026-09-19T19:59:51.901+0000] {processor.py:840} INFO - DAG(s) 'lcbo_pipeline' retrieved from /opt/airflow/dags/lcbo_pipeline_dag.py
[2026-09-19T19:59:51.926+0000] {logging_mixin.py:188} INFO - [2026-09-19T19:59:51.926+0000] {dag.py:3089} INFO - Sync 1 DAGs
[2026-09-19T19:59:51.935+0000] {logging_mixin.py:188} INFO - [2026-09-19T19:59:51.935+0000] {dag.py:3947} INFO - Setting next_dagrun for lcbo_pipeline to None, run_after=None
[2026-09-19T19:59:51.952+0000] {processor.py:183} INFO - Processing /opt/airflow/dags/lcbo_pipeline_dag.py took 0.076 seconds
[2026-09-19T20:00:22.073+0000] {processor.py:161} INFO - Started process (PID=1084) to work on /opt/airflow/dags/lcbo_pipeline_dag.py
[2026-09-19T20:00:22.074+0000] {processor.py:830} INFO - Processing file /opt/airflow/dags/lcbo_pipeline_dag.py for tasks to queue
[2026-09-19T20:00:22.076+0000] {logging_mixin.py:188} INFO - [2026-09-19T20:00:22.075+0000] {dagbag.py:545} INFO - Filling up the DagBag from /opt/airflow/dags/lcbo_pipeline_dag.py
[2026-09-19T20:00:22.092+0000] {processor.py:840} INFO - DAG(s) 'lcbo_pipeline' retrieved from /opt/airflow/dags/lcbo_pipeline_dag.py
[2026-09-19T20:00:22.115+0000] {logging_mixin.py:188} INFO - [2026-09-19T20:00:22.115+0000] {dag.py:3089} INFO - Sync 1 DAGs
[2026-09-19T20:00:22.125+0000] {logging_mixin.py:188} INFO - [2026-09-19T20:00:22.124+0000] {dag.py:3947} INFO - Setting next_dagrun for lcbo_pipeline to None, run_after=None
[2026-09-19T20:00:22.141+0000] {processor.py:183} INFO - Processing /opt/airflow/dags/lcbo_pipeline_dag.py took 0.073 seconds
[2026-09-19T20:00:52.356+0000] {processor.py:161} INFO - Started process (PID=1095) to work on /opt/airflow/dags/lcbo_pipeline_dag.py
[2026-09-19T20:00:52.357+0000] {processor.py:830} INFO - Processing file /opt/airflow/dags/lcbo_pipeline_dag.py for tasks to queue
[2026-09-19T20:00:52.359+0000] {logging_mixin.py:188} INFO - [2026-09-19T20:00:52.359+0000] {dagbag.py:545} INFO - Filling up the DagBag from /opt/airflow/dags/lcbo_pipeline_dag.py
[2026-09-19T20:00:52.378+0000] {processor.py:840} INFO - DAG(s) 'lcbo_pipeline' retrieved from /opt/airflow/dags/lcbo_pipeline_dag.py
[2026-09-19T20:00:52.404+0000] {logging_mixin.py:188} INFO - [2026-09-19T20:00:52.404+0000] {dag.py:3089} INFO - Sync 1 DAGs
[2026-09-19T20:00:52.415+0000] {logging_mixin.py:188} INFO - [2026-09-19T20:00:52.415+0000] {dag.py:3947} INFO - Setting next_dagrun for lcbo_pipeline to None, run_after=None
[2026-09-19T20:00:52.432+0000] {processor.py:183} INFO - Processing /opt/airflow/dags/lcbo_pipeline_dag.py took 0.080 seconds
[2026-09-19T20:01:22.549+0000] {processor.py:161} INFO - Started process (PID=1106) to work on /opt/airflow/dags/lcbo_pipeline_dag.py
[2026-09-19T20:01:22.550+0000] {processor.py:830} INFO - Processing file /opt/airflow/dags/lcbo_pipeline_dag.py for tasks to queue
[2026-09-19T20:01:22.553+0000] {logging_mixin.py:188} INFO - [2026-09-19T20:01:22.552+0000] {dagbag.py:545} INFO - Filling up the DagBag from /opt/airflow/dags/lcbo_pipeline_dag.py
[2026-09-19T20:01:22.580+0000] {processor.py:840} INFO - DAG(s) 'lcbo_pipeline' retrieved from /opt/airflow/dags/lcbo_pipeline_dag.py
[2026-09-19T20:01:22.607+0000] {logging_mixin.py:188} INFO - [2026-09-19T20:01:22.607+0000] {dag.py:3089} INFO - Sync 1 DAGs
[2026-09-19T20:01:22.619+0000] {logging_mixin.py:188} INFO - [2026-09-19T20:01:22.619+0000] {dag.py:3947} INFO - Setting next_dagrun for lcbo_pipeline to None, run_after=None
[2026-09-19T20:01:22.636+0000] {processor.py:183} INFO - Processing /opt/airflow/dags/lcbo_pipeline_dag.py took 0.091 seconds
[2026-09-19T20:01:52.782+0000] {processor.py:161} INFO - Started process (PID=1117) to work on /opt/airflow/dags/lcbo_pipeline_dag.py
[2026-09-19T20:01:52.787+0000] {processor.py:830} INFO - Processing file /opt/airflow/dags/lcbo_pipeline_dag.py for tasks to queue
[2026-09-19T20:01:52.790+0000] {logging_mixin.py:188} INFO - [2026-09-19T20:01:52.790+0000] {dagbag.py:545} INFO - Filling up the DagBag from /opt/airflow/dags/lcbo_pipeline_dag.py
[2026-09-19T20:01:52.809+0000] {processor.py:840} INFO - DAG(s) 'lcbo_pipeline' retrieved from /opt/airflow/dags/lcbo_pipeline_dag.py
[2026-09-19T20:01:52.834+0000] {logging_mixin.py:188} INFO - [2026-09-19T20:01:52.834+0000] {dag.py:3089} INFO - Sync 1 DAGs
[2026-09-19T20:01:52.844+0000] {logging_mixin.py:188} INFO - [2026-09-19T20:01:52.844+0000] {dag.py:3947} INFO - Setting next_dagrun for lcbo_pipeline to None, run_after=None
[2026-09-19T20:01:52.860+0000] {processor.py:183} INFO - Processing /opt/airflow/dags/lcbo_pipeline_dag.py took 0.084 seconds
[2026-09-19T20:02:22.986+0000] {processor.py:161} INFO - Started process (PID=1128) to work on /opt/airflow/dags/lcbo_pipeline_dag.py
[2026-09-19T20:02:22.987+0000] {processor.py:830} INFO - Processing file /opt/airflow/dags/lcbo_pipeline_dag.py for tasks to queue
[2026-09-19T20:02:22.989+0000] {logging_mixin.py:188} INFO - [2026-09-19T20:02:22.988+0000] {dagbag.py:545} INFO - Filling up the DagBag from /opt/airflow/dags/lcbo_pipeline_dag.py
[2026-09-19T20:02:23.007+0000] {processor.py:840} INFO - DAG(s) 'lcbo_pipeline' retrieved from /opt/airflow/dags/lcbo_pipeline_dag.py
[2026-09-19T20:02:23.032+0000] {logging_mixin.py:188} INFO - [2026-09-19T20:02:23.032+0000] {dag.py:3089} INFO - Sync 1 DAGs
[2026-09-19T20:02:23.041+0000] {logging_mixin.py:188} INFO - [2026-09-19T20:02:23.041+0000] {dag.py:3947} INFO - Setting next_dagrun for lcbo_pipeline to None, run_after=None
[2026-09-19T20:02:23.057+0000] {processor.py:183} INFO - Processing /opt/airflow/dags/lcbo_pipeline_dag.py took 0.075 seconds
[2026-09-19T20:02:44.196+0000] {processor.py:161} INFO - Started process (PID=1139) to work on /opt/airflow/dags/lcbo_pipeline_dag.py
[2026-09-19T20:02:44.197+0000] {processor.py:830} INFO - Processing file /opt/airflow/dags/lcbo_pipeline_dag.py for tasks to queue
[2026-09-19T20:02:44.199+0000] {logging_mixin.py:188} INFO - [2026-09-19T20:02:44.198+0000] {dagbag.py:545} INFO - Filling up the DagBag from /opt/airflow/dags/lcbo_pipeline_dag.py
[2026-09-19T20:02:44.231+0000] {processor.py:840} INFO - DAG(s) 'lcbo_pipeline' retrieved from /opt/airflow/dags/lcbo_pipeline_dag.py
[2026-09-19T20:02:44.357+0000] {logging_mixin.py:188} INFO - [2026-09-19T20:02:44.356+0000] {dag.py:3089} INFO - Sync 1 DAGs
[2026-09-19T20:02:44.365+0000] {logging_mixin.py:188} INFO - [2026-09-19T20:02:44.365+0000] {dag.py:3947} INFO - Setting next_dagrun for lcbo_pipeline to None, run_after=None
[2026-09-19T20:02:44.387+0000] {processor.py:183} INFO - Processing /opt/airflow/dags/lcbo_pipeline_dag.py took 0.196 seconds
[2026-09-19T20:02:46.221+0000] {processor.py:161} INFO - Started process (PID=1144) to work on /opt/airflow/dags/lcbo_pipeline_dag.py
[2026-09-19T20:02:46.222+0000] {processor.py:830} INFO - Processing file /opt/airflow/dags/lcbo_pipeline_dag.py for tasks to queue
[2026-09-19T20:02:46.224+0000] {logging_mixin.py:188} INFO - [2026-09-19T20:02:46.224+0000] {dagbag.py:545} INFO - Filling up the DagBag from /opt/airflow/dags/lcbo_pipeline_dag.py
[2026-09-19T20:02:46.254+0000] {processor.py:840} INFO - DAG(s) 'lcbo_pipeline' retrieved from /opt/airflow/dags/lcbo_pipeline_dag.py
[2026-09-19T20:02:46.265+0000] {logging_mixin.py:188} INFO - [2026-09-19T20:02:46.265+0000] {dag.py:3089} INFO - Sync 1 DAGs
[2026-09-19T20:02:46.275+0000] {logging_mixin.py:188} INFO - [2026-09-19T20:02:46.275+0000] {dag.py:3947} INFO - Setting next_dagrun for lcbo_pipeline to None, run_after=None
[2026-09-19T20:02:46.297+0000] {processor.py:183} INFO - Processing /opt/airflow/dags/lcbo_pipeline_dag.py took 0.081 seconds
[2026-09-19T20:03:16.400+0000] {processor.py:161} INFO - Started process (PID=1155) to work on /opt/airflow/dags/lcbo_pipeline_dag.py
[2026-09-19T20:03:16.401+0000] {processor.py:830} INFO - Processing file /opt/airflow/dags/lcbo_pipeline_dag.py for tasks to queue
[2026-09-19T20:03:16.403+0000] {logging_mixin.py:188} INFO - [2026-09-19T20:03:16.403+0000] {dagbag.py:545} INFO - Filling up the DagBag from /opt/airflow/dags/lcbo_pipeline_dag.py
[2026-09-19T20:03:16.422+0000] {processor.py:840} INFO - DAG(s) 'lcbo_pipeline' retrieved from /opt/airflow/dags/lcbo_pipeline_dag.py
[2026-09-19T20:03:16.448+0000] {logging_mixin.py:188} INFO - [2026-09-19T20:03:16.448+0000] {dag.py:3089} INFO - Sync 1 DAGs
[2026-09-19T20:03:16.459+0000] {logging_mixin.py:188} INFO - [2026-09-19T20:03:16.458+0000] {dag.py:3947} INFO - Setting next_dagrun for lcbo_pipeline to None, run_after=None
[2026-09-19T20:03:16.473+0000] {processor.py:183} INFO - Processing /opt/airflow/dags/lcbo_pipeline_dag.py took 0.078 seconds
[2026-09-19T20:03:46.662+0000] {processor.py:161} INFO - Started process (PID=1166) to work on /opt/airflow/dags/lcbo_pipeline_dag.py
[2026-09-19T20:03:46.664+0000] {processor.py:830} INFO - Processing file /opt/airflow/dags/lcbo_pipeline_dag.py for tasks to queue
[2026-09-19T20:03:46.665+0000] {logging_mixin.py:188} INFO - [2026-09-19T20:03:46.665+0000] {dagbag.py:545} INFO - Filling up the DagBag from /opt/airflow/dags/lcbo_pipeline_dag.py
[2026-09-19T20:03:46.684+0000] {processor.py:840} INFO - DAG(s) 'lcbo_pipeline' retrieved from /opt/airflow/dags/lcbo_pipeline_dag.py
[2026-09-19T20:03:46.709+0000] {logging_mixin.py:188} INFO - [2026-09-19T20:03:46.709+0000] {dag.py:3089} INFO - Sync 1 DAGs
[2026-09-19T20:03:46.721+0000] {logging_mixin.py:188} INFO - [2026-09-19T20:03:46.721+0000] {dag.py:3947} INFO - Setting next_dagrun for lcbo_pipeline to None, run_after=None
[2026-09-19T20:03:46.739+0000] {processor.py:183} INFO - Processing /opt/airflow/dags/lcbo_pipeline_dag.py took 0.082 seconds
[2026-09-19T20:04:16.843+0000] {processor.py:161} INFO - Started process (PID=1252) to work on /opt/airflow/dags/lcbo_pipeline_dag.py
[2026-09-19T20:04:16.844+0000] {processor.py:830} INFO - Processing file /opt/airflow/dags/lcbo_pipeline_dag.py for tasks to queue
[2026-09-19T20:04:16.846+0000] {logging_mixin.py:188} INFO - [2026-09-19T20:04:16.845+0000] {dagbag.py:545} INFO - Filling up the DagBag from /opt/airflow/dags/lcbo_pipeline_dag.py
[2026-09-19T20:04:16.863+0000] {processor.py:840} INFO - DAG(s) 'lcbo_pipeline' retrieved from /opt/airflow/dags/lcbo_pipeline_dag.py
[2026-09-19T20:04:16.888+0000] {logging_mixin.py:188} INFO - [2026-09-19T20:04:16.888+0000] {dag.py:3089} INFO - Sync 1 DAGs
[2026-09-19T20:04:16.899+0000] {logging_mixin.py:188} INFO - [2026-09-19T20:04:16.899+0000] {dag.py:3947} INFO - Setting next_dagrun for lcbo_pipeline to None, run_after=None
[2026-09-19T20:04:16.916+0000] {processor.py:183} INFO - Processing /opt/airflow/dags/lcbo_pipeline_dag.py took 0.078 seconds
[2026-09-19T20:04:47.087+0000] {processor.py:161} INFO - Started process (PID=1321) to work on /opt/airflow/dags/lcbo_pipeline_dag.py
[2026-09-19T20:04:47.088+0000] {processor.py:830} INFO - Processing file /opt/airflow/dags/lcbo_pipeline_dag.py for tasks to queue
[2026-09-19T20:04:47.091+0000] {logging_mixin.py:188} INFO - [2026-09-19T20:04:47.091+0000] {dagbag.py:545} INFO - Filling up the DagBag from /opt/airflow/dags/lcbo_pipeline_dag.py
[2026-09-19T20:04:47.115+0000] {processor.py:840} INFO - DAG(s) 'lcbo_pipeline' retrieved from /opt/airflow/dags/lcbo_pipeline_dag.py
[2026-09-19T20:04:47.145+0000] {logging_mixin.py:188} INFO - [2026-09-19T20:04:47.145+0000] {dag.py:3089} INFO - Sync 1 DAGs
[2026-09-19T20:04:47.159+0000] {logging_mixin.py:188} INFO - [2026-09-19T20:04:47.159+0000] {dag.py:3947} INFO - Setting next_dagrun for lcbo_pipeline to None, run_after=None
[2026-09-19T20:04:47.176+0000] {processor.py:183} INFO - Processing /opt/airflow/dags/lcbo_pipeline_dag.py took 0.097 seconds
[2026-09-19T20:05:17.276+0000] {processor.py:161} INFO - Started process (PID=1332) to work on /opt/airflow/dags/lcbo_pipeline_dag.py
[2026-09-19T20:05:17.278+0000] {processor.py:830} INFO - Processing file /opt/airflow/dags/lcbo_pipeline_dag.py for tasks to queue
[2026-09-19T20:05:17.280+0000] {logging_mixin.py:188} INFO - [2026-09-19T20:05:17.280+0000] {dagbag.py:545} INFO - Filling up the DagBag from /opt/airflow/dags/lcbo_pipeline_dag.py
[2026-09-19T20:05:17.297+0000] {processor.py:840} INFO - DAG(s) 'lcbo_pipeline' retrieved from /opt/airflow/dags/lcbo_pipeline_dag.py
[2026-09-19T20:05:17.323+0000] {logging_mixin.py:188} INFO - [2026-09-19T20:05:17.323+0000] {dag.py:3089} INFO - Sync 1 DAGs
[2026-09-19T20:05:17.333+0000] {logging_mixin.py:188} INFO - [2026-09-19T20:05:17.333+0000] {dag.py:3947} INFO - Setting next_dagrun for lcbo_pipeline to None, run_after=None
[2026-09-19T20:05:17.349+0000] {processor.py:183} INFO - Processing /opt/airflow/dags/lcbo_pipeline_dag.py took 0.078 seconds
[2026-09-19T20:05:47.579+0000] {processor.py:161} INFO - Started process (PID=1343) to work on /opt/airflow/dags/lcbo_pipeline_dag.py
[2026-09-19T20:05:47.581+0000] {processor.py:830} INFO - Processing file /opt/airflow/dags/lcbo_pipeline_dag.py for tasks to queue
[2026-09-19T20:05:47.583+0000] {logging_mixin.py:188} INFO - [2026-09-19T20:05:47.583+0000] {dagbag.py:545} INFO - Filling up the DagBag from /opt/airflow/dags/lcbo_pipeline_dag.py
[2026-09-19T20:05:47.605+0000] {processor.py:840} INFO - DAG(s) 'lcbo_pipeline' retrieved from /opt/airflow/dags/lcbo_pipeline_dag.py
[2026-09-19T20:05:47.634+0000] {logging_mixin.py:188} INFO - [2026-09-19T20:05:47.634+0000] {dag.py:3089} INFO - Sync 1 DAGs
[2026-09-19T20:05:47.646+0000] {logging_mixin.py:188} INFO - [2026-09-19T20:05:47.646+0000] {dag.py:3947} INFO - Setting next_dagrun for lcbo_pipeline to None, run_after=None
[2026-09-19T20:05:47.662+0000] {processor.py:183} INFO - Processing /opt/airflow/dags/lcbo_pipeline_dag.py took 0.089 seconds
[2026-09-19T20:06:17.782+0000] {processor.py:161} INFO - Started process (PID=1354) to work on /opt/airflow/dags/lcbo_pipeline_dag.py
[2026-09-19T20:06:17.783+0000] {processor.py:830} INFO - Processing file /opt/airflow/dags/lcbo_pipeline_dag.py for tasks to queue
[2026-09-19T20:06:17.785+0000] {logging_mixin.py:188} INFO - [2026-09-19T20:06:17.784+0000] {dagbag.py:545} INFO - Filling up the DagBag from /opt/airflow/dags/lcbo_pipeline_dag.py
[2026-09-19T20:06:17.802+0000] {processor.py:840} INFO - DAG(s) 'lcbo_pipeline' retrieved from /opt/airflow/dags/lcbo_pipeline_dag.py
[2026-09-19T20:06:17.828+0000] {logging_mixin.py:188} INFO - [2026-09-19T20:06:17.827+0000] {dag.py:3089} INFO - Sync 1 DAGs
[2026-09-19T20:06:17.838+0000] {logging_mixin.py:188} INFO - [2026-09-19T20:06:17.838+0000] {dag.py:3947} INFO - Setting next_dagrun for lcbo_pipeline to None, run_after=None
[2026-09-19T20:06:17.857+0000] {processor.py:183} INFO - Processing /opt/airflow/dags/lcbo_pipeline_dag.py took 0.079 seconds
[2026-09-19T20:06:48.038+0000] {processor.py:161} INFO - Started process (PID=1365) to work on /opt/airflow/dags/lcbo_pipeline_dag.py
[2026-09-19T20:06:48.040+0000] {processor.py:830} INFO - Processing file /opt/airflow/dags/lcbo_pipeline_dag.py for tasks to queue
[2026-09-19T20:06:48.041+0000] {logging_mixin.py:188} INFO - [2026-09-19T20:06:48.041+0000] {dagbag.py:545} INFO - Filling up the DagBag from /opt/airflow/dags/lcbo_pipeline_dag.py
[2026-09-19T20:06:48.060+0000] {processor.py:840} INFO - DAG(s) 'lcbo_pipeline' retrieved from /opt/airflow/dags/lcbo_pipeline_dag.py
[2026-09-19T20:06:48.086+0000] {logging_mixin.py:188} INFO - [2026-09-19T20:06:48.086+0000] {dag.py:3089} INFO - Sync 1 DAGs
[2026-09-19T20:06:48.097+0000] {logging_mixin.py:188} INFO - [2026-09-19T20:06:48.097+0000] {dag.py:3947} INFO - Setting next_dagrun for lcbo_pipeline to None, run_after=None
[2026-09-19T20:06:48.113+0000] {processor.py:183} INFO - Processing /opt/airflow/dags/lcbo_pipeline_dag.py took 0.078 seconds
[2026-09-19T20:07:18.226+0000] {processor.py:161} INFO - Started process (PID=1376) to work on /opt/airflow/dags/lcbo_pipeline_dag.py
[2026-09-19T20:07:18.227+0000] {processor.py:830} INFO - Processing file /opt/airflow/dags/lcbo_pipeline_dag.py for tasks to queue
[2026-09-19T20:07:18.229+0000] {logging_mixin.py:188} INFO - [2026-09-19T20:07:18.229+0000] {dagbag.py:545} INFO - Filling up the DagBag from /opt/airflow/dags/lcbo_pipeline_dag.py
[2026-09-19T20:07:18.248+0000] {processor.py:840} INFO - DAG(s) 'lcbo_pipeline' retrieved from /opt/airflow/dags/lcbo_pipeline_dag.py
[2026-09-19T20:07:18.273+0000] {logging_mixin.py:188} INFO - [2026-09-19T20:07:18.273+0000] {dag.py:3089} INFO - Sync 1 DAGs
[2026-09-19T20:07:18.283+0000] {logging_mixin.py:188} INFO - [2026-09-19T20:07:18.282+0000] {dag.py:3947} INFO - Setting next_dagrun for lcbo_pipeline to None, run_after=None
[2026-09-19T20:07:18.298+0000] {processor.py:183} INFO - Processing /opt/airflow/dags/lcbo_pipeline_dag.py took 0.076 seconds
[2026-09-19T20:07:48.477+0000] {processor.py:161} INFO - Started process (PID=1387) to work on /opt/airflow/dags/lcbo_pipeline_dag.py
[2026-09-19T20:07:48.478+0000] {processor.py:830} INFO - Processing file /opt/airflow/dags/lcbo_pipeline_dag.py for tasks to queue
[2026-09-19T20:07:48.480+0000] {logging_mixin.py:188} INFO - [2026-09-19T20:07:48.480+0000] {dagbag.py:545} INFO - Filling up the DagBag from /opt/airflow/dags/lcbo_pipeline_dag.py
[2026-09-19T20:07:48.499+0000] {processor.py:840} INFO - DAG(s) 'lcbo_pipeline' retrieved from /opt/airflow/dags/lcbo_pipeline_dag.py
[2026-09-19T20:07:48.525+0000] {logging_mixin.py:188} INFO - [2026-09-19T20:07:48.525+0000] {dag.py:3089} INFO - Sync 1 DAGs
[2026-09-19T20:07:48.535+0000] {logging_mixin.py:188} INFO - [2026-09-19T20:07:48.535+0000] {dag.py:3947} INFO - Setting next_dagrun for lcbo_pipeline to None, run_after=None
[2026-09-19T20:07:48.553+0000] {processor.py:183} INFO - Processing /opt/airflow/dags/lcbo_pipeline_dag.py took 0.081 seconds
[2026-09-19T20:08:18.665+0000] {processor.py:161} INFO - Started process (PID=1398) to work on /opt/airflow/dags/lcbo_pipeline_dag.py
[2026-09-19T20:08:18.666+0000] {processor.py:830} INFO - Processing file /opt/airflow/dags/lcbo_pipeline_dag.py for tasks to queue
[2026-09-19T20:08:18.668+0000] {logging_mixin.py:188} INFO - [2026-09-19T20:08:18.668+0000] {dagbag.py:545} INFO - Filling up the DagBag from /opt/airflow/dags/lcbo_pipeline_dag.py
[2026-09-19T20:08:18.686+0000] {processor.py:840} INFO - DAG(s) 'lcbo_pipeline' retrieved from /opt/airflow/dags/lcbo_pipeline_dag.py
[2026-09-19T20:08:18.711+0000] {logging_mixin.py:188} INFO - [2026-09-19T20:08:18.711+0000] {dag.py:3089} INFO - Sync 1 DAGs
[2026-09-19T20:08:18.723+0000] {logging_mixin.py:188} INFO - [2026-09-19T20:08:18.723+0000] {dag.py:3947} INFO - Setting next_dagrun for lcbo_pipeline to None, run_after=None
[2026-09-19T20:08:18.739+0000] {processor.py:183} INFO - Processing /opt/airflow/dags/lcbo_pipeline_dag.py took 0.078 seconds
[2026-09-19T20:08:48.912+0000] {processor.py:161} INFO - Started process (PID=1409) to work on /opt/airflow/dags/lcbo_pipeline_dag.py
[2026-09-19T20:08:48.913+0000] {processor.py:830} INFO - Processing file /opt/airflow/dags/lcbo_pipeline_dag.py for tasks to queue
[2026-09-19T20:08:48.915+0000] {logging_mixin.py:188} INFO - [2026-09-19T20:08:48.915+0000] {dagbag.py:545} INFO - Filling up the DagBag from /opt/airflow/dags/lcbo_pipeline_dag.py
[2026-09-19T20:08:48.932+0000] {processor.py:840} INFO - DAG(s) 'lcbo_pipeline' retrieved from /opt/airflow/dags/lcbo_pipeline_dag.py
[2026-09-19T20:08:48.958+0000] {logging_mixin.py:188} INFO - [2026-09-19T20:08:48.958+0000] {dag.py:3089} INFO - Sync 1 DAGs
[2026-09-19T20:08:48.969+0000] {logging_mixin.py:188} INFO - [2026-09-19T20:08:48.969+0000] {dag.py:3947} INFO - Setting next_dagrun for lcbo_pipeline to None, run_after=None
[2026-09-19T20:08:48.986+0000] {processor.py:183} INFO - Processing /opt/airflow/dags/lcbo_pipeline_dag.py took 0.078 seconds
[2026-09-19T20:09:19.108+0000] {processor.py:161} INFO - Started process (PID=1420) to work on /opt/airflow/dags/lcbo_pipeline_dag.py
[2026-09-19T20:09:19.110+0000] {processor.py:830} INFO - Processing file /opt/airflow/dags/lcbo_pipeline_dag.py for tasks to queue
[2026-09-19T20:09:19.112+0000] {logging_mixin.py:188} INFO - [2026-09-19T20:09:19.111+0000] {dagbag.py:545} INFO - Filling up the DagBag from /opt/airflow/dags/lcbo_pipeline_dag.py
[2026-09-19T20:09:19.128+0000] {processor.py:840} INFO - DAG(s) 'lcbo_pipeline' retrieved from /opt/airflow/dags/lcbo_pipeline_dag.py
[2026-09-19T20:09:19.155+0000] {logging_mixin.py:188} INFO - [2026-09-19T20:09:19.155+0000] {dag.py:3089} INFO - Sync 1 DAGs
[2026-09-19T20:09:19.166+0000] {logging_mixin.py:188} INFO - [2026-09-19T20:09:19.166+0000] {dag.py:3947} INFO - Setting next_dagrun for lcbo_pipeline to None, run_after=None
[2026-09-19T20:09:19.183+0000] {processor.py:183} INFO - Processing /opt/airflow/dags/lcbo_pipeline_dag.py took 0.079 seconds
[2026-09-19T20:09:49.370+0000] {processor.py:161} INFO - Started process (PID=1431) to work on /opt/airflow/dags/lcbo_pipeline_dag.py
[2026-09-19T20:09:49.371+0000] {processor.py:830} INFO - Processing file /opt/airflow/dags/lcbo_pipeline_dag.py for tasks to queue
[2026-09-19T20:09:49.373+0000] {logging_mixin.py:188} INFO - [2026-09-19T20:09:49.373+0000] {dagbag.py:545} INFO - Filling up the DagBag from /opt/airflow/dags/lcbo_pipeline_dag.py
[2026-09-19T20:09:49.391+0000] {processor.py:840} INFO - DAG(s) 'lcbo_pipeline' retrieved from /opt/airflow/dags/lcbo_pipeline_dag.py
[2026-09-19T20:09:49.416+0000] {logging_mixin.py:188} INFO - [2026-09-19T20:09:49.416+0000] {dag.py:3089} INFO - Sync 1 DAGs
[2026-09-19T20:09:49.426+0000] {logging_mixin.py:188} INFO - [2026-09-19T20:09:49.426+0000] {dag.py:3947} INFO - Setting next_dagrun for lcbo_pipeline to None, run_after=None
[2026-09-19T20:09:49.443+0000] {processor.py:183} INFO - Processing /opt/airflow/dags/lcbo_pipeline_dag.py took 0.077 seconds
[2026-09-19T20:10:19.572+0000] {processor.py:161} INFO - Started process (PID=1442) to work on /opt/airflow/dags/lcbo_pipeline_dag.py
[2026-09-19T20:10:19.573+0000] {processor.py:830} INFO - Processing file /opt/airflow/dags/lcbo_pipeline_dag.py for tasks to queue
[2026-09-19T20:10:19.575+0000] {logging_mixin.py:188} INFO - [2026-09-19T20:10:19.575+0000] {dagbag.py:545} INFO - Filling up the DagBag from /opt/airflow/dags/lcbo_pipeline_dag.py
[2026-09-19T20:10:19.592+0000] {processor.py:840} INFO - DAG(s) 'lcbo_pipeline' retrieved from /opt/airflow/dags/lcbo_pipeline_dag.py
[2026-09-19T20:10:19.617+0000] {logging_mixin.py:188} INFO - [2026-09-19T20:10:19.617+0000] {dag.py:3089} INFO - Sync 1 DAGs
[2026-09-19T20:10:19.627+0000] {logging_mixin.py:188} INFO - [2026-09-19T20:10:19.627+0000] {dag.py:3947} INFO - Setting next_dagrun for lcbo_pipeline to None, run_after=None
[2026-09-19T20:10:19.644+0000] {processor.py:183} INFO - Processing /opt/airflow/dags/lcbo_pipeline_dag.py took 0.076 seconds
[2026-09-19T20:10:49.835+0000] {processor.py:161} INFO - Started process (PID=1453) to work on /opt/airflow/dags/lcbo_pipeline_dag.py
[2026-09-19T20:10:49.837+0000] {processor.py:830} INFO - Processing file /opt/airflow/dags/lcbo_pipeline_dag.py for tasks to queue
[2026-09-19T20:10:49.838+0000] {logging_mixin.py:188} INFO - [2026-09-19T20:10:49.838+0000] {dagbag.py:545} INFO - Filling up the DagBag from /opt/airflow/dags/lcbo_pipeline_dag.py
[2026-09-19T20:10:49.856+0000] {processor.py:840} INFO - DAG(s) 'lcbo_pipeline' retrieved from /opt/airflow/dags/lcbo_pipeline_dag.py
[2026-09-19T20:10:49.880+0000] {logging_mixin.py:188} INFO - [2026-09-19T20:10:49.879+0000] {dag.py:3089} INFO - Sync 1 DAGs
[2026-09-19T20:10:49.890+0000] {logging_mixin.py:188} INFO - [2026-09-19T20:10:49.890+0000] {dag.py:3947} INFO - Setting next_dagrun for lcbo_pipeline to None, run_after=None
[2026-09-19T20:10:49.906+0000] {processor.py:183} INFO - Processing /opt/airflow/dags/lcbo_pipeline_dag.py took 0.075 seconds
[2026-09-19T20:11:20.044+0000] {processor.py:161} INFO - Started process (PID=1463) to work on /opt/airflow/dags/lcbo_pipeline_dag.py
[2026-09-19T20:11:20.045+0000] {processor.py:830} INFO - Processing file /opt/airflow/dags/lcbo_pipeline_dag.py for tasks to queue
[2026-09-19T20:11:20.046+0000] {logging_mixin.py:188} INFO - [2026-09-19T20:11:20.046+0000] {dagbag.py:545} INFO - Filling up the DagBag from /opt/airflow/dags/lcbo_pipeline_dag.py
[2026-09-19T20:11:20.063+0000] {processor.py:840} INFO - DAG(s) 'lcbo_pipeline' retrieved from /opt/airflow/dags/lcbo_pipeline_dag.py
[2026-09-19T20:11:20.086+0000] {logging_mixin.py:188} INFO - [2026-09-19T20:11:20.086+0000] {dag.py:3089} INFO - Sync 1 DAGs
[2026-09-19T20:11:20.096+0000] {logging_mixin.py:188} INFO - [2026-09-19T20:11:20.096+0000] {dag.py:3947} INFO - Setting next_dagrun for lcbo_pipeline to None, run_after=None
[2026-09-19T20:11:20.112+0000] {processor.py:183} INFO - Processing /opt/airflow/dags/lcbo_pipeline_dag.py took 0.072 seconds
[2026-09-19T20:11:50.287+0000] {processor.py:161} INFO - Started process (PID=1474) to work on /opt/airflow/dags/lcbo_pipeline_dag.py
[2026-09-19T20:11:50.288+0000] {processor.py:830} INFO - Processing file /opt/airflow/dags/lcbo_pipeline_dag.py for tasks to queue
[2026-09-19T20:11:50.290+0000] {logging_mixin.py:188} INFO - [2026-09-19T20:11:50.290+0000] {dagbag.py:545} INFO - Filling up the DagBag from /opt/airflow/dags/lcbo_pipeline_dag.py
[2026-09-19T20:11:50.310+0000] {processor.py:840} INFO - DAG(s) 'lcbo_pipeline' retrieved from /opt/airflow/dags/lcbo_pipeline_dag.py
[2026-09-19T20:11:50.335+0000] {logging_mixin.py:188} INFO - [2026-09-19T20:11:50.335+0000] {dag.py:3089} INFO - Sync 1 DAGs
[2026-09-19T20:11:50.346+0000] {logging_mixin.py:188} INFO - [2026-09-19T20:11:50.346+0000] {dag.py:3947} INFO - Setting next_dagrun for lcbo_pipeline to None, run_after=None
[2026-09-19T20:11:50.362+0000] {processor.py:183} INFO - Processing /opt/airflow/dags/lcbo_pipeline_dag.py took 0.079 seconds
[2026-09-19T20:12:20.492+0000] {processor.py:161} INFO - Started process (PID=1485) to work on /opt/airflow/dags/lcbo_pipeline_dag.py
[2026-09-19T20:12:20.494+0000] {processor.py:830} INFO - Processing file /opt/airflow/dags/lcbo_pipeline_dag.py for tasks to queue
[2026-09-19T20:12:20.495+0000] {logging_mixin.py:188} INFO - [2026-09-19T20:12:20.495+0000] {dagbag.py:545} INFO - Filling up the DagBag from /opt/airflow/dags/lcbo_pipeline_dag.py
[2026-09-19T20:12:20.514+0000] {processor.py:840} INFO - DAG(s) 'lcbo_pipeline' retrieved from /opt/airflow/dags/lcbo_pipeline_dag.py
[2026-09-19T20:12:20.541+0000] {logging_mixin.py:188} INFO - [2026-09-19T20:12:20.541+0000] {dag.py:3089} INFO - Sync 1 DAGs
[2026-09-19T20:12:20.552+0000] {logging_mixin.py:188} INFO - [2026-09-19T20:12:20.551+0000] {dag.py:3947} INFO - Setting next_dagrun for lcbo_pipeline to None, run_after=None
[2026-09-19T20:12:20.568+0000] {processor.py:183} INFO - Processing /opt/airflow/dags/lcbo_pipeline_dag.py took 0.080 seconds
[2026-09-19T20:12:50.738+0000] {processor.py:161} INFO - Started process (PID=1496) to work on /opt/airflow/dags/lcbo_pipeline_dag.py
[2026-09-19T20:12:50.740+0000] {processor.py:830} INFO - Processing file /opt/airflow/dags/lcbo_pipeline_dag.py for tasks to queue
[2026-09-19T20:12:50.742+0000] {logging_mixin.py:188} INFO - [2026-09-19T20:12:50.741+0000] {dagbag.py:545} INFO - Filling up the DagBag from /opt/airflow/dags/lcbo_pipeline_dag.py
[2026-09-19T20:12:50.760+0000] {processor.py:840} INFO - DAG(s) 'lcbo_pipeline' retrieved from /opt/airflow/dags/lcbo_pipeline_dag.py
[2026-09-19T20:12:50.786+0000] {logging_mixin.py:188} INFO - [2026-09-19T20:12:50.786+0000] {dag.py:3089} INFO - Sync 1 DAGs
[2026-09-19T20:12:50.796+0000] {logging_mixin.py:188} INFO - [2026-09-19T20:12:50.796+0000] {dag.py:3947} INFO - Setting next_dagrun for lcbo_pipeline to None, run_after=None
[2026-09-19T20:12:50.817+0000] {processor.py:183} INFO - Processing /opt/airflow/dags/lcbo_pipeline_dag.py took 0.083 seconds
[2026-09-19T20:13:20.939+0000] {processor.py:161} INFO - Started process (PID=1507) to work on /opt/airflow/dags/lcbo_pipeline_dag.py
[2026-09-19T20:13:20.940+0000] {processor.py:830} INFO - Processing file /opt/airflow/dags/lcbo_pipeline_dag.py for tasks to queue
[2026-09-19T20:13:20.941+0000] {logging_mixin.py:188} INFO - [2026-09-19T20:13:20.941+0000] {dagbag.py:545} INFO - Filling up the DagBag from /opt/airflow/dags/lcbo_pipeline_dag.py
[2026-09-19T20:13:20.959+0000] {processor.py:840} INFO - DAG(s) 'lcbo_pipeline' retrieved from /opt/airflow/dags/lcbo_pipeline_dag.py
[2026-09-19T20:13:20.984+0000] {logging_mixin.py:188} INFO - [2026-09-19T20:13:20.983+0000] {dag.py:3089} INFO - Sync 1 DAGs
[2026-09-19T20:13:20.992+0000] {logging_mixin.py:188} INFO - [2026-09-19T20:13:20.992+0000] {dag.py:3947} INFO - Setting next_dagrun for lcbo_pipeline to None, run_after=None
[2026-09-19T20:13:21.008+0000] {processor.py:183} INFO - Processing /opt/airflow/dags/lcbo_pipeline_dag.py took 0.073 seconds
[2026-09-19T20:13:51.182+0000] {processor.py:161} INFO - Started process (PID=1518) to work on /opt/airflow/dags/lcbo_pipeline_dag.py
[2026-09-19T20:13:51.183+0000] {processor.py:830} INFO - Processing file /opt/airflow/dags/lcbo_pipeline_dag.py for tasks to queue
[2026-09-19T20:13:51.185+0000] {logging_mixin.py:188} INFO - [2026-09-19T20:13:51.184+0000] {dagbag.py:545} INFO - Filling up the DagBag from /opt/airflow/dags/lcbo_pipeline_dag.py
[2026-09-19T20:13:51.203+0000] {processor.py:840} INFO - DAG(s) 'lcbo_pipeline' retrieved from /opt/airflow/dags/lcbo_pipeline_dag.py
[2026-09-19T20:13:51.227+0000] {logging_mixin.py:188} INFO - [2026-09-19T20:13:51.226+0000] {dag.py:3089} INFO - Sync 1 DAGs
[2026-09-19T20:13:51.237+0000] {logging_mixin.py:188} INFO - [2026-09-19T20:13:51.237+0000] {dag.py:3947} INFO - Setting next_dagrun for lcbo_pipeline to None, run_after=None
[2026-09-19T20:13:51.252+0000] {processor.py:183} INFO - Processing /opt/airflow/dags/lcbo_pipeline_dag.py took 0.074 seconds
[2026-09-19T20:14:21.364+0000] {processor.py:161} INFO - Started process (PID=1529) to work on /opt/airflow/dags/lcbo_pipeline_dag.py
[2026-09-19T20:14:21.366+0000] {processor.py:830} INFO - Processing file /opt/airflow/dags/lcbo_pipeline_dag.py for tasks to queue
[2026-09-19T20:14:21.368+0000] {logging_mixin.py:188} INFO - [2026-09-19T20:14:21.367+0000] {dagbag.py:545} INFO - Filling up the DagBag from /opt/airflow/dags/lcbo_pipeline_dag.py
[2026-09-19T20:14:21.385+0000] {processor.py:840} INFO - DAG(s) 'lcbo_pipeline' retrieved from /opt/airflow/dags/lcbo_pipeline_dag.py
[2026-09-19T20:14:21.410+0000] {logging_mixin.py:188} INFO - [2026-09-19T20:14:21.410+0000] {dag.py:3089} INFO - Sync 1 DAGs
[2026-09-19T20:14:21.419+0000] {logging_mixin.py:188} INFO - [2026-09-19T20:14:21.419+0000] {dag.py:3947} INFO - Setting next_dagrun for lcbo_pipeline to None, run_after=None
[2026-09-19T20:14:21.447+0000] {processor.py:183} INFO - Processing /opt/airflow/dags/lcbo_pipeline_dag.py took 0.087 seconds
[2026-09-19T20:14:51.611+0000] {processor.py:161} INFO - Started process (PID=1540) to work on /opt/airflow/dags/lcbo_pipeline_dag.py
[2026-09-19T20:14:51.612+0000] {processor.py:830} INFO - Processing file /opt/airflow/dags/lcbo_pipeline_dag.py for tasks to queue
[2026-09-19T20:14:51.615+0000] {logging_mixin.py:188} INFO - [2026-09-19T20:14:51.614+0000] {dagbag.py:545} INFO - Filling up the DagBag from /opt/airflow/dags/lcbo_pipeline_dag.py
[2026-09-19T20:14:51.636+0000] {processor.py:840} INFO - DAG(s) 'lcbo_pipeline' retrieved from /opt/airflow/dags/lcbo_pipeline_dag.py
[2026-09-19T20:14:51.663+0000] {logging_mixin.py:188} INFO - [2026-09-19T20:14:51.663+0000] {dag.py:3089} INFO - Sync 1 DAGs
[2026-09-19T20:14:51.675+0000] {logging_mixin.py:188} INFO - [2026-09-19T20:14:51.675+0000] {dag.py:3947} INFO - Setting next_dagrun for lcbo_pipeline to None, run_after=None
[2026-09-19T20:14:51.693+0000] {processor.py:183} INFO - Processing /opt/airflow/dags/lcbo_pipeline_dag.py took 0.086 seconds
[2026-09-19T20:15:21.818+0000] {processor.py:161} INFO - Started process (PID=1551) to work on /opt/airflow/dags/lcbo_pipeline_dag.py
[2026-09-19T20:15:21.820+0000] {processor.py:830} INFO - Processing file /opt/airflow/dags/lcbo_pipeline_dag.py for tasks to queue
[2026-09-19T20:15:21.822+0000] {logging_mixin.py:188} INFO - [2026-09-19T20:15:21.821+0000] {dagbag.py:545} INFO - Filling up the DagBag from /opt/airflow/dags/lcbo_pipeline_dag.py
[2026-09-19T20:15:21.841+0000] {processor.py:840} INFO - DAG(s) 'lcbo_pipeline' retrieved from /opt/airflow/dags/lcbo_pipeline_dag.py
[2026-09-19T20:15:21.868+0000] {logging_mixin.py:188} INFO - [2026-09-19T20:15:21.868+0000] {dag.py:3089} INFO - Sync 1 DAGs
[2026-09-19T20:15:21.878+0000] {logging_mixin.py:188} INFO - [2026-09-19T20:15:21.878+0000] {dag.py:3947} INFO - Setting next_dagrun for lcbo_pipeline to None, run_after=None
[2026-09-19T20:15:21.895+0000] {processor.py:183} INFO - Processing /opt/airflow/dags/lcbo_pipeline_dag.py took 0.081 seconds
[2026-09-19T20:15:52.106+0000] {processor.py:161} INFO - Started process (PID=1562) to work on /opt/airflow/dags/lcbo_pipeline_dag.py
[2026-09-19T20:15:52.107+0000] {processor.py:830} INFO - Processing file /opt/airflow/dags/lcbo_pipeline_dag.py for tasks to queue
[2026-09-19T20:15:52.109+0000] {logging_mixin.py:188} INFO - [2026-09-19T20:15:52.109+0000] {dagbag.py:545} INFO - Filling up the DagBag from /opt/airflow/dags/lcbo_pipeline_dag.py
[2026-09-19T20:15:52.128+0000] {processor.py:840} INFO - DAG(s) 'lcbo_pipeline' retrieved from /opt/airflow/dags/lcbo_pipeline_dag.py
[2026-09-19T20:15:52.154+0000] {logging_mixin.py:188} INFO - [2026-09-19T20:15:52.154+0000] {dag.py:3089} INFO - Sync 1 DAGs
[2026-09-19T20:15:52.164+0000] {logging_mixin.py:188} INFO - [2026-09-19T20:15:52.164+0000] {dag.py:3947} INFO - Setting next_dagrun for lcbo_pipeline to None, run_after=None
[2026-09-19T20:15:52.179+0000] {processor.py:183} INFO - Processing /opt/airflow/dags/lcbo_pipeline_dag.py took 0.077 seconds
[2026-09-19T20:16:22.304+0000] {processor.py:161} INFO - Started process (PID=1573) to work on /opt/airflow/dags/lcbo_pipeline_dag.py
[2026-09-19T20:16:22.305+0000] {processor.py:830} INFO - Processing file /opt/airflow/dags/lcbo_pipeline_dag.py for tasks to queue
[2026-09-19T20:16:22.307+0000] {logging_mixin.py:188} INFO - [2026-09-19T20:16:22.307+0000] {dagbag.py:545} INFO - Filling up the DagBag from /opt/airflow/dags/lcbo_pipeline_dag.py
[2026-09-19T20:16:22.327+0000] {processor.py:840} INFO - DAG(s) 'lcbo_pipeline' retrieved from /opt/airflow/dags/lcbo_pipeline_dag.py
[2026-09-19T20:16:22.352+0000] {logging_mixin.py:188} INFO - [2026-09-19T20:16:22.352+0000] {dag.py:3089} INFO - Sync 1 DAGs
[2026-09-19T20:16:22.362+0000] {logging_mixin.py:188} INFO - [2026-09-19T20:16:22.362+0000] {dag.py:3947} INFO - Setting next_dagrun for lcbo_pipeline to None, run_after=None
[2026-09-19T20:16:22.380+0000] {processor.py:183} INFO - Processing /opt/airflow/dags/lcbo_pipeline_dag.py took 0.081 seconds
[2026-09-19T20:16:52.545+0000] {processor.py:161} INFO - Started process (PID=1584) to work on /opt/airflow/dags/lcbo_pipeline_dag.py
[2026-09-19T20:16:52.546+0000] {processor.py:830} INFO - Processing file /opt/airflow/dags/lcbo_pipeline_dag.py for tasks to queue
[2026-09-19T20:16:52.548+0000] {logging_mixin.py:188} INFO - [2026-09-19T20:16:52.548+0000] {dagbag.py:545} INFO - Filling up the DagBag from /opt/airflow/dags/lcbo_pipeline_dag.py
[2026-09-19T20:16:52.566+0000] {processor.py:840} INFO - DAG(s) 'lcbo_pipeline' retrieved from /opt/airflow/dags/lcbo_pipeline_dag.py
[2026-09-19T20:16:52.591+0000] {logging_mixin.py:188} INFO - [2026-09-19T20:16:52.591+0000] {dag.py:3089} INFO - Sync 1 DAGs
[2026-09-19T20:16:52.601+0000] {logging_mixin.py:188} INFO - [2026-09-19T20:16:52.601+0000] {dag.py:3947} INFO - Setting next_dagrun for lcbo_pipeline to None, run_after=None
[2026-09-19T20:16:52.618+0000] {processor.py:183} INFO - Processing /opt/airflow/dags/lcbo_pipeline_dag.py took 0.077 seconds
[2026-09-19T20:17:22.750+0000] {processor.py:161} INFO - Started process (PID=1595) to work on /opt/airflow/dags/lcbo_pipeline_dag.py
[2026-09-19T20:17:22.751+0000] {processor.py:830} INFO - Processing file /opt/airflow/dags/lcbo_pipeline_dag.py for tasks to queue
[2026-09-19T20:17:22.753+0000] {logging_mixin.py:188} INFO - [2026-09-19T20:17:22.752+0000] {dagbag.py:545} INFO - Filling up the DagBag from /opt/airflow/dags/lcbo_pipeline_dag.py
[2026-09-19T20:17:22.770+0000] {processor.py:840} INFO - DAG(s) 'lcbo_pipeline' retrieved from /opt/airflow/dags/lcbo_pipeline_dag.py
[2026-09-19T20:17:22.794+0000] {logging_mixin.py:188} INFO - [2026-09-19T20:17:22.794+0000] {dag.py:3089} INFO - Sync 1 DAGs
[2026-09-19T20:17:22.803+0000] {logging_mixin.py:188} INFO - [2026-09-19T20:17:22.803+0000] {dag.py:3947} INFO - Setting next_dagrun for lcbo_pipeline to None, run_after=None
[2026-09-19T20:17:22.821+0000] {processor.py:183} INFO - Processing /opt/airflow/dags/lcbo_pipeline_dag.py took 0.075 seconds
[2026-09-19T20:17:52.988+0000] {processor.py:161} INFO - Started process (PID=1606) to work on /opt/airflow/dags/lcbo_pipeline_dag.py
[2026-09-19T20:17:52.989+0000] {processor.py:830} INFO - Processing file /opt/airflow/dags/lcbo_pipeline_dag.py for tasks to queue
[2026-09-19T20:17:52.992+0000] {logging_mixin.py:188} INFO - [2026-09-19T20:17:52.992+0000] {dagbag.py:545} INFO - Filling up the DagBag from /opt/airflow/dags/lcbo_pipeline_dag.py
[2026-09-19T20:17:53.016+0000] {processor.py:840} INFO - DAG(s) 'lcbo_pipeline' retrieved from /opt/airflow/dags/lcbo_pipeline_dag.py
[2026-09-19T20:17:53.047+0000] {logging_mixin.py:188} INFO - [2026-09-19T20:17:53.047+0000] {dag.py:3089} INFO - Sync 1 DAGs
[2026-09-19T20:17:53.059+0000] {logging_mixin.py:188} INFO - [2026-09-19T20:17:53.059+0000] {dag.py:3947} INFO - Setting next_dagrun for lcbo_pipeline to None, run_after=None
[2026-09-19T20:17:53.080+0000] {processor.py:183} INFO - Processing /opt/airflow/dags/lcbo_pipeline_dag.py took 0.096 seconds
[2026-09-19T20:18:23.176+0000] {processor.py:161} INFO - Started process (PID=1617) to work on /opt/airflow/dags/lcbo_pipeline_dag.py
[2026-09-19T20:18:23.178+0000] {processor.py:830} INFO - Processing file /opt/airflow/dags/lcbo_pipeline_dag.py for tasks to queue
[2026-09-19T20:18:23.180+0000] {logging_mixin.py:188} INFO - [2026-09-19T20:18:23.180+0000] {dagbag.py:545} INFO - Filling up the DagBag from /opt/airflow/dags/lcbo_pipeline_dag.py
[2026-09-19T20:18:23.201+0000] {processor.py:840} INFO - DAG(s) 'lcbo_pipeline' retrieved from /opt/airflow/dags/lcbo_pipeline_dag.py
[2026-09-19T20:18:23.227+0000] {logging_mixin.py:188} INFO - [2026-09-19T20:18:23.227+0000] {dag.py:3089} INFO - Sync 1 DAGs
[2026-09-19T20:18:23.238+0000] {logging_mixin.py:188} INFO - [2026-09-19T20:18:23.238+0000] {dag.py:3947} INFO - Setting next_dagrun for lcbo_pipeline to None, run_after=None
[2026-09-19T20:18:23.255+0000] {processor.py:183} INFO - Processing /opt/airflow/dags/lcbo_pipeline_dag.py took 0.083 seconds
[2026-09-19T20:18:53.435+0000] {processor.py:161} INFO - Started process (PID=1628) to work on /opt/airflow/dags/lcbo_pipeline_dag.py
[2026-09-19T20:18:53.436+0000] {processor.py:830} INFO - Processing file /opt/airflow/dags/lcbo_pipeline_dag.py for tasks to queue
[2026-09-19T20:18:53.439+0000] {logging_mixin.py:188} INFO - [2026-09-19T20:18:53.438+0000] {dagbag.py:545} INFO - Filling up the DagBag from /opt/airflow/dags/lcbo_pipeline_dag.py
[2026-09-19T20:18:53.458+0000] {processor.py:840} INFO - DAG(s) 'lcbo_pipeline' retrieved from /opt/airflow/dags/lcbo_pipeline_dag.py
[2026-09-19T20:18:53.484+0000] {logging_mixin.py:188} INFO - [2026-09-19T20:18:53.484+0000] {dag.py:3089} INFO - Sync 1 DAGs
[2026-09-19T20:18:53.495+0000] {logging_mixin.py:188} INFO - [2026-09-19T20:18:53.495+0000] {dag.py:3947} INFO - Setting next_dagrun for lcbo_pipeline to None, run_after=None
[2026-09-19T20:18:53.512+0000] {processor.py:183} INFO - Processing /opt/airflow/dags/lcbo_pipeline_dag.py took 0.082 seconds
[2026-09-19T20:19:23.642+0000] {processor.py:161} INFO - Started process (PID=1639) to work on /opt/airflow/dags/lcbo_pipeline_dag.py
[2026-09-19T20:19:23.643+0000] {processor.py:830} INFO - Processing file /opt/airflow/dags/lcbo_pipeline_dag.py for tasks to queue
[2026-09-19T20:19:23.645+0000] {logging_mixin.py:188} INFO - [2026-09-19T20:19:23.645+0000] {dagbag.py:545} INFO - Filling up the DagBag from /opt/airflow/dags/lcbo_pipeline_dag.py
[2026-09-19T20:19:23.666+0000] {processor.py:840} INFO - DAG(s) 'lcbo_pipeline' retrieved from /opt/airflow/dags/lcbo_pipeline_dag.py
[2026-09-19T20:19:23.691+0000] {logging_mixin.py:188} INFO - [2026-09-19T20:19:23.691+0000] {dag.py:3089} INFO - Sync 1 DAGs
[2026-09-19T20:19:23.702+0000] {logging_mixin.py:188} INFO - [2026-09-19T20:19:23.702+0000] {dag.py:3947} INFO - Setting next_dagrun for lcbo_pipeline to None, run_after=None
[2026-09-19T20:19:23.719+0000] {processor.py:183} INFO - Processing /opt/airflow/dags/lcbo_pipeline_dag.py took 0.082 seconds
[2026-09-19T20:19:53.886+0000] {processor.py:161} INFO - Started process (PID=1650) to work on /opt/airflow/dags/lcbo_pipeline_dag.py
[2026-09-19T20:19:53.888+0000] {processor.py:830} INFO - Processing file /opt/airflow/dags/lcbo_pipeline_dag.py for tasks to queue
[2026-09-19T20:19:53.892+0000] {logging_mixin.py:188} INFO - [2026-09-19T20:19:53.891+0000] {dagbag.py:545} INFO - Filling up the DagBag from /opt/airflow/dags/lcbo_pipeline_dag.py
[2026-09-19T20:19:53.913+0000] {processor.py:840} INFO - DAG(s) 'lcbo_pipeline' retrieved from /opt/airflow/dags/lcbo_pipeline_dag.py
[2026-09-19T20:19:53.945+0000] {logging_mixin.py:188} INFO - [2026-09-19T20:19:53.945+0000] {dag.py:3089} INFO - Sync 1 DAGs
[2026-09-19T20:19:53.957+0000] {logging_mixin.py:188} INFO - [2026-09-19T20:19:53.956+0000] {dag.py:3947} INFO - Setting next_dagrun for lcbo_pipeline to None, run_after=None
[2026-09-19T20:19:53.976+0000] {processor.py:183} INFO - Processing /opt/airflow/dags/lcbo_pipeline_dag.py took 0.095 seconds
[2026-09-19T20:20:24.083+0000] {processor.py:161} INFO - Started process (PID=1661) to work on /opt/airflow/dags/lcbo_pipeline_dag.py
[2026-09-19T20:20:24.085+0000] {processor.py:830} INFO - Processing file /opt/airflow/dags/lcbo_pipeline_dag.py for tasks to queue
[2026-09-19T20:20:24.087+0000] {logging_mixin.py:188} INFO - [2026-09-19T20:20:24.087+0000] {dagbag.py:545} INFO - Filling up the DagBag from /opt/airflow/dags/lcbo_pipeline_dag.py
[2026-09-19T20:20:24.106+0000] {processor.py:840} INFO - DAG(s) 'lcbo_pipeline' retrieved from /opt/airflow/dags/lcbo_pipeline_dag.py
[2026-09-19T20:20:24.135+0000] {logging_mixin.py:188} INFO - [2026-09-19T20:20:24.135+0000] {dag.py:3089} INFO - Sync 1 DAGs
[2026-09-19T20:20:24.146+0000] {logging_mixin.py:188} INFO - [2026-09-19T20:20:24.146+0000] {dag.py:3947} INFO - Setting next_dagrun for lcbo_pipeline to None, run_after=None
[2026-09-19T20:20:24.165+0000] {processor.py:183} INFO - Processing /opt/airflow/dags/lcbo_pipeline_dag.py took 0.087 seconds
[2026-09-19T20:20:54.363+0000] {processor.py:161} INFO - Started process (PID=1672) to work on /opt/airflow/dags/lcbo_pipeline_dag.py
[2026-09-19T20:20:54.365+0000] {processor.py:830} INFO - Processing file /opt/airflow/dags/lcbo_pipeline_dag.py for tasks to queue
[2026-09-19T20:20:54.367+0000] {logging_mixin.py:188} INFO - [2026-09-19T20:20:54.367+0000] {dagbag.py:545} INFO - Filling up the DagBag from /opt/airflow/dags/lcbo_pipeline_dag.py
[2026-09-19T20:20:54.387+0000] {processor.py:840} INFO - DAG(s) 'lcbo_pipeline' retrieved from /opt/airflow/dags/lcbo_pipeline_dag.py
[2026-09-19T20:20:54.419+0000] {logging_mixin.py:188} INFO - [2026-09-19T20:20:54.419+0000] {dag.py:3089} INFO - Sync 1 DAGs
[2026-09-19T20:20:54.431+0000] {logging_mixin.py:188} INFO - [2026-09-19T20:20:54.431+0000] {dag.py:3947} INFO - Setting next_dagrun for lcbo_pipeline to None, run_after=None
[2026-09-19T20:20:54.452+0000] {processor.py:183} INFO - Processing /opt/airflow/dags/lcbo_pipeline_dag.py took 0.093 seconds
[2026-09-19T20:21:24.556+0000] {processor.py:161} INFO - Started process (PID=1683) to work on /opt/airflow/dags/lcbo_pipeline_dag.py
[2026-09-19T20:21:24.557+0000] {processor.py:830} INFO - Processing file /opt/airflow/dags/lcbo_pipeline_dag.py for tasks to queue
[2026-09-19T20:21:24.559+0000] {logging_mixin.py:188} INFO - [2026-09-19T20:21:24.559+0000] {dagbag.py:545} INFO - Filling up the DagBag from /opt/airflow/dags/lcbo_pipeline_dag.py
[2026-09-19T20:21:24.579+0000] {processor.py:840} INFO - DAG(s) 'lcbo_pipeline' retrieved from /opt/airflow/dags/lcbo_pipeline_dag.py
[2026-09-19T20:21:24.606+0000] {logging_mixin.py:188} INFO - [2026-09-19T20:21:24.606+0000] {dag.py:3089} INFO - Sync 1 DAGs
[2026-09-19T20:21:24.615+0000] {logging_mixin.py:188} INFO - [2026-09-19T20:21:24.615+0000] {dag.py:3947} INFO - Setting next_dagrun for lcbo_pipeline to None, run_after=None
[2026-09-19T20:21:24.632+0000] {processor.py:183} INFO - Processing /opt/airflow/dags/lcbo_pipeline_dag.py took 0.081 seconds
[2026-09-19T20:21:54.814+0000] {processor.py:161} INFO - Started process (PID=1694) to work on /opt/airflow/dags/lcbo_pipeline_dag.py
[2026-09-19T20:21:54.815+0000] {processor.py:830} INFO - Processing file /opt/airflow/dags/lcbo_pipeline_dag.py for tasks to queue
[2026-09-19T20:21:54.817+0000] {logging_mixin.py:188} INFO - [2026-09-19T20:21:54.817+0000] {dagbag.py:545} INFO - Filling up the DagBag from /opt/airflow/dags/lcbo_pipeline_dag.py
[2026-09-19T20:21:54.835+0000] {processor.py:840} INFO - DAG(s) 'lcbo_pipeline' retrieved from /opt/airflow/dags/lcbo_pipeline_dag.py
[2026-09-19T20:21:54.863+0000] {logging_mixin.py:188} INFO - [2026-09-19T20:21:54.863+0000] {dag.py:3089} INFO - Sync 1 DAGs
[2026-09-19T20:21:54.874+0000] {logging_mixin.py:188} INFO - [2026-09-19T20:21:54.873+0000] {dag.py:3947} INFO - Setting next_dagrun for lcbo_pipeline to None, run_after=None
[2026-09-19T20:21:54.890+0000] {processor.py:183} INFO - Processing /opt/airflow/dags/lcbo_pipeline_dag.py took 0.081 seconds
[2026-09-19T20:22:25.007+0000] {processor.py:161} INFO - Started process (PID=1705) to work on /opt/airflow/dags/lcbo_pipeline_dag.py
[2026-09-19T20:22:25.009+0000] {processor.py:830} INFO - Processing file /opt/airflow/dags/lcbo_pipeline_dag.py for tasks to queue
[2026-09-19T20:22:25.010+0000] {logging_mixin.py:188} INFO - [2026-09-19T20:22:25.010+0000] {dagbag.py:545} INFO - Filling up the DagBag from /opt/airflow/dags/lcbo_pipeline_dag.py
[2026-09-19T20:22:25.030+0000] {processor.py:840} INFO - DAG(s) 'lcbo_pipeline' retrieved from /opt/airflow/dags/lcbo_pipeline_dag.py
[2026-09-19T20:22:25.058+0000] {logging_mixin.py:188} INFO - [2026-09-19T20:22:25.057+0000] {dag.py:3089} INFO - Sync 1 DAGs
[2026-09-19T20:22:25.069+0000] {logging_mixin.py:188} INFO - [2026-09-19T20:22:25.069+0000] {dag.py:3947} INFO - Setting next_dagrun for lcbo_pipeline to None, run_after=None
[2026-09-19T20:22:25.084+0000] {processor.py:183} INFO - Processing /opt/airflow/dags/lcbo_pipeline_dag.py took 0.082 seconds
[2026-09-19T20:22:55.243+0000] {processor.py:161} INFO - Started process (PID=1716) to work on /opt/airflow/dags/lcbo_pipeline_dag.py
[2026-09-19T20:22:55.244+0000] {processor.py:830} INFO - Processing file /opt/airflow/dags/lcbo_pipeline_dag.py for tasks to queue
[2026-09-19T20:22:55.246+0000] {logging_mixin.py:188} INFO - [2026-09-19T20:22:55.245+0000] {dagbag.py:545} INFO - Filling up the DagBag from /opt/airflow/dags/lcbo_pipeline_dag.py
[2026-09-19T20:22:55.264+0000] {processor.py:840} INFO - DAG(s) 'lcbo_pipeline' retrieved from /opt/airflow/dags/lcbo_pipeline_dag.py
[2026-09-19T20:22:55.289+0000] {logging_mixin.py:188} INFO - [2026-09-19T20:22:55.289+0000] {dag.py:3089} INFO - Sync 1 DAGs
[2026-09-19T20:22:55.300+0000] {logging_mixin.py:188} INFO - [2026-09-19T20:22:55.300+0000] {dag.py:3947} INFO - Setting next_dagrun for lcbo_pipeline to None, run_after=None
[2026-09-19T20:22:55.318+0000] {processor.py:183} INFO - Processing /opt/airflow/dags/lcbo_pipeline_dag.py took 0.080 seconds
[2026-09-19T20:23:25.442+0000] {processor.py:161} INFO - Started process (PID=1727) to work on /opt/airflow/dags/lcbo_pipeline_dag.py
[2026-09-19T20:23:25.444+0000] {processor.py:830} INFO - Processing file /opt/airflow/dags/lcbo_pipeline_dag.py for tasks to queue
[2026-09-19T20:23:25.446+0000] {logging_mixin.py:188} INFO - [2026-09-19T20:23:25.446+0000] {dagbag.py:545} INFO - Filling up the DagBag from /opt/airflow/dags/lcbo_pipeline_dag.py
[2026-09-19T20:23:25.465+0000] {processor.py:840} INFO - DAG(s) 'lcbo_pipeline' retrieved from /opt/airflow/dags/lcbo_pipeline_dag.py
[2026-09-19T20:23:25.490+0000] {logging_mixin.py:188} INFO - [2026-09-19T20:23:25.490+0000] {dag.py:3089} INFO - Sync 1 DAGs
[2026-09-19T20:23:25.499+0000] {logging_mixin.py:188} INFO - [2026-09-19T20:23:25.498+0000] {dag.py:3947} INFO - Setting next_dagrun for lcbo_pipeline to None, run_after=None
[2026-09-19T20:23:25.515+0000] {processor.py:183} INFO - Processing /opt/airflow/dags/lcbo_pipeline_dag.py took 0.078 seconds
[2026-09-19T20:23:55.687+0000] {processor.py:161} INFO - Started process (PID=1738) to work on /opt/airflow/dags/lcbo_pipeline_dag.py
[2026-09-19T20:23:55.688+0000] {processor.py:830} INFO - Processing file /opt/airflow/dags/lcbo_pipeline_dag.py for tasks to queue
[2026-09-19T20:23:55.690+0000] {logging_mixin.py:188} INFO - [2026-09-19T20:23:55.690+0000] {dagbag.py:545} INFO - Filling up the DagBag from /opt/airflow/dags/lcbo_pipeline_dag.py
[2026-09-19T20:23:55.708+0000] {processor.py:840} INFO - DAG(s) 'lcbo_pipeline' retrieved from /opt/airflow/dags/lcbo_pipeline_dag.py
[2026-09-19T20:23:55.732+0000] {logging_mixin.py:188} INFO - [2026-09-19T20:23:55.732+0000] {dag.py:3089} INFO - Sync 1 DAGs
[2026-09-19T20:23:55.743+0000] {logging_mixin.py:188} INFO - [2026-09-19T20:23:55.743+0000] {dag.py:3947} INFO - Setting next_dagrun for lcbo_pipeline to None, run_after=None
[2026-09-19T20:23:55.758+0000] {processor.py:183} INFO - Processing /opt/airflow/dags/lcbo_pipeline_dag.py took 0.077 seconds
[2026-09-19T20:24:25.874+0000] {processor.py:161} INFO - Started process (PID=1749) to work on /opt/airflow/dags/lcbo_pipeline_dag.py
[2026-09-19T20:24:25.876+0000] {processor.py:830} INFO - Processing file /opt/airflow/dags/lcbo_pipeline_dag.py for tasks to queue
[2026-09-19T20:24:25.877+0000] {logging_mixin.py:188} INFO - [2026-09-19T20:24:25.877+0000] {dagbag.py:545} INFO - Filling up the DagBag from /opt/airflow/dags/lcbo_pipeline_dag.py
[2026-09-19T20:24:25.896+0000] {processor.py:840} INFO - DAG(s) 'lcbo_pipeline' retrieved from /opt/airflow/dags/lcbo_pipeline_dag.py
[2026-09-19T20:24:25.921+0000] {logging_mixin.py:188} INFO - [2026-09-19T20:24:25.921+0000] {dag.py:3089} INFO - Sync 1 DAGs
[2026-09-19T20:24:25.930+0000] {logging_mixin.py:188} INFO - [2026-09-19T20:24:25.930+0000] {dag.py:3947} INFO - Setting next_dagrun for lcbo_pipeline to None, run_after=None
[2026-09-19T20:24:25.944+0000] {processor.py:183} INFO - Processing /opt/airflow/dags/lcbo_pipeline_dag.py took 0.075 seconds
[2026-09-19T20:24:56.122+0000] {processor.py:161} INFO - Started process (PID=1760) to work on /opt/airflow/dags/lcbo_pipeline_dag.py
[2026-09-19T20:24:56.123+0000] {processor.py:830} INFO - Processing file /opt/airflow/dags/lcbo_pipeline_dag.py for tasks to queue
[2026-09-19T20:24:56.125+0000] {logging_mixin.py:188} INFO - [2026-09-19T20:24:56.125+0000] {dagbag.py:545} INFO - Filling up the DagBag from /opt/airflow/dags/lcbo_pipeline_dag.py
[2026-09-19T20:24:56.144+0000] {processor.py:840} INFO - DAG(s) 'lcbo_pipeline' retrieved from /opt/airflow/dags/lcbo_pipeline_dag.py
[2026-09-19T20:24:56.172+0000] {logging_mixin.py:188} INFO - [2026-09-19T20:24:56.171+0000] {dag.py:3089} INFO - Sync 1 DAGs
[2026-09-19T20:24:56.182+0000] {logging_mixin.py:188} INFO - [2026-09-19T20:24:56.181+0000] {dag.py:3947} INFO - Setting next_dagrun for lcbo_pipeline to None, run_after=None
[2026-09-19T20:24:56.202+0000] {processor.py:183} INFO - Processing /opt/airflow/dags/lcbo_pipeline_dag.py took 0.084 seconds
[2026-09-19T20:25:26.319+0000] {processor.py:161} INFO - Started process (PID=1771) to work on /opt/airflow/dags/lcbo_pipeline_dag.py
[2026-09-19T20:25:26.321+0000] {processor.py:830} INFO - Processing file /opt/airflow/dags/lcbo_pipeline_dag.py for tasks to queue
[2026-09-19T20:25:26.323+0000] {logging_mixin.py:188} INFO - [2026-09-19T20:25:26.322+0000] {dagbag.py:545} INFO - Filling up the DagBag from /opt/airflow/dags/lcbo_pipeline_dag.py
[2026-09-19T20:25:26.343+0000] {processor.py:840} INFO - DAG(s) 'lcbo_pipeline' retrieved from /opt/airflow/dags/lcbo_pipeline_dag.py
[2026-09-19T20:25:26.370+0000] {logging_mixin.py:188} INFO - [2026-09-19T20:25:26.370+0000] {dag.py:3089} INFO - Sync 1 DAGs
[2026-09-19T20:25:26.381+0000] {logging_mixin.py:188} INFO - [2026-09-19T20:25:26.381+0000] {dag.py:3947} INFO - Setting next_dagrun for lcbo_pipeline to None, run_after=None
[2026-09-19T20:25:26.397+0000] {processor.py:183} INFO - Processing /opt/airflow/dags/lcbo_pipeline_dag.py took 0.083 seconds
[2026-09-19T20:25:56.625+0000] {processor.py:161} INFO - Started process (PID=1782) to work on /opt/airflow/dags/lcbo_pipeline_dag.py
[2026-09-19T20:25:56.626+0000] {processor.py:830} INFO - Processing file /opt/airflow/dags/lcbo_pipeline_dag.py for tasks to queue
[2026-09-19T20:25:56.628+0000] {logging_mixin.py:188} INFO - [2026-09-19T20:25:56.628+0000] {dagbag.py:545} INFO - Filling up the DagBag from /opt/airflow/dags/lcbo_pipeline_dag.py
[2026-09-19T20:25:56.650+0000] {processor.py:840} INFO - DAG(s) 'lcbo_pipeline' retrieved from /opt/airflow/dags/lcbo_pipeline_dag.py
[2026-09-19T20:25:56.681+0000] {logging_mixin.py:188} INFO - [2026-09-19T20:25:56.681+0000] {dag.py:3089} INFO - Sync 1 DAGs
[2026-09-19T20:25:56.694+0000] {logging_mixin.py:188} INFO - [2026-09-19T20:25:56.694+0000] {dag.py:3947} INFO - Setting next_dagrun for lcbo_pipeline to None, run_after=None
[2026-09-19T20:25:56.717+0000] {processor.py:183} INFO - Processing /opt/airflow/dags/lcbo_pipeline_dag.py took 0.097 seconds
[2026-09-19T20:26:26.818+0000] {processor.py:161} INFO - Started process (PID=1793) to work on /opt/airflow/dags/lcbo_pipeline_dag.py
[2026-09-19T20:26:26.819+0000] {processor.py:830} INFO - Processing file /opt/airflow/dags/lcbo_pipeline_dag.py for tasks to queue
[2026-09-19T20:26:26.821+0000] {logging_mixin.py:188} INFO - [2026-09-19T20:26:26.821+0000] {dagbag.py:545} INFO - Filling up the DagBag from /opt/airflow/dags/lcbo_pipeline_dag.py
[2026-09-19T20:26:26.840+0000] {processor.py:840} INFO - DAG(s) 'lcbo_pipeline' retrieved from /opt/airflow/dags/lcbo_pipeline_dag.py
[2026-09-19T20:26:26.867+0000] {logging_mixin.py:188} INFO - [2026-09-19T20:26:26.867+0000] {dag.py:3089} INFO - Sync 1 DAGs
[2026-09-19T20:26:26.878+0000] {logging_mixin.py:188} INFO - [2026-09-19T20:26:26.878+0000] {dag.py:3947} INFO - Setting next_dagrun for lcbo_pipeline to None, run_after=None
[2026-09-19T20:26:26.895+0000] {processor.py:183} INFO - Processing /opt/airflow/dags/lcbo_pipeline_dag.py took 0.082 seconds
[2026-09-19T20:26:57.076+0000] {processor.py:161} INFO - Started process (PID=1804) to work on /opt/airflow/dags/lcbo_pipeline_dag.py
[2026-09-19T20:26:57.077+0000] {processor.py:830} INFO - Processing file /opt/airflow/dags/lcbo_pipeline_dag.py for tasks to queue
[2026-09-19T20:26:57.080+0000] {logging_mixin.py:188} INFO - [2026-09-19T20:26:57.079+0000] {dagbag.py:545} INFO - Filling up the DagBag from /opt/airflow/dags/lcbo_pipeline_dag.py
[2026-09-19T20:26:57.099+0000] {processor.py:840} INFO - DAG(s) 'lcbo_pipeline' retrieved from /opt/airflow/dags/lcbo_pipeline_dag.py
[2026-09-19T20:26:57.126+0000] {logging_mixin.py:188} INFO - [2026-09-19T20:26:57.126+0000] {dag.py:3089} INFO - Sync 1 DAGs
[2026-09-19T20:26:57.137+0000] {logging_mixin.py:188} INFO - [2026-09-19T20:26:57.136+0000] {dag.py:3947} INFO - Setting next_dagrun for lcbo_pipeline to None, run_after=None
[2026-09-19T20:26:57.153+0000] {processor.py:183} INFO - Processing /opt/airflow/dags/lcbo_pipeline_dag.py took 0.082 seconds
[2026-09-19T20:27:27.272+0000] {processor.py:161} INFO - Started process (PID=1815) to work on /opt/airflow/dags/lcbo_pipeline_dag.py
[2026-09-19T20:27:27.274+0000] {processor.py:830} INFO - Processing file /opt/airflow/dags/lcbo_pipeline_dag.py for tasks to queue
[2026-09-19T20:27:27.275+0000] {logging_mixin.py:188} INFO - [2026-09-19T20:27:27.275+0000] {dagbag.py:545} INFO - Filling up the DagBag from /opt/airflow/dags/lcbo_pipeline_dag.py
[2026-09-19T20:27:27.294+0000] {processor.py:840} INFO - DAG(s) 'lcbo_pipeline' retrieved from /opt/airflow/dags/lcbo_pipeline_dag.py
[2026-09-19T20:27:27.323+0000] {logging_mixin.py:188} INFO - [2026-09-19T20:27:27.322+0000] {dag.py:3089} INFO - Sync 1 DAGs
[2026-09-19T20:27:27.334+0000] {logging_mixin.py:188} INFO - [2026-09-19T20:27:27.334+0000] {dag.py:3947} INFO - Setting next_dagrun for lcbo_pipeline to None, run_after=None
[2026-09-19T20:27:27.352+0000] {processor.py:183} INFO - Processing /opt/airflow/dags/lcbo_pipeline_dag.py took 0.085 seconds
[2026-09-19T20:27:57.524+0000] {processor.py:161} INFO - Started process (PID=1826) to work on /opt/airflow/dags/lcbo_pipeline_dag.py
[2026-09-19T20:27:57.525+0000] {processor.py:830} INFO - Processing file /opt/airflow/dags/lcbo_pipeline_dag.py for tasks to queue
[2026-09-19T20:27:57.528+0000] {logging_mixin.py:188} INFO - [2026-09-19T20:27:57.527+0000] {dagbag.py:545} INFO - Filling up the DagBag from /opt/airflow/dags/lcbo_pipeline_dag.py
[2026-09-19T20:27:57.548+0000] {processor.py:840} INFO - DAG(s) 'lcbo_pipeline' retrieved from /opt/airflow/dags/lcbo_pipeline_dag.py
[2026-09-19T20:27:57.578+0000] {logging_mixin.py:188} INFO - [2026-09-19T20:27:57.578+0000] {dag.py:3089} INFO - Sync 1 DAGs
[2026-09-19T20:27:57.589+0000] {logging_mixin.py:188} INFO - [2026-09-19T20:27:57.589+0000] {dag.py:3947} INFO - Setting next_dagrun for lcbo_pipeline to None, run_after=None
[2026-09-19T20:27:57.609+0000] {processor.py:183} INFO - Processing /opt/airflow/dags/lcbo_pipeline_dag.py took 0.090 seconds
[2026-09-19T20:28:27.716+0000] {processor.py:161} INFO - Started process (PID=1837) to work on /opt/airflow/dags/lcbo_pipeline_dag.py
[2026-09-19T20:28:27.718+0000] {processor.py:830} INFO - Processing file /opt/airflow/dags/lcbo_pipeline_dag.py for tasks to queue
[2026-09-19T20:28:27.720+0000] {logging_mixin.py:188} INFO - [2026-09-19T20:28:27.720+0000] {dagbag.py:545} INFO - Filling up the DagBag from /opt/airflow/dags/lcbo_pipeline_dag.py
[2026-09-19T20:28:27.740+0000] {processor.py:840} INFO - DAG(s) 'lcbo_pipeline' retrieved from /opt/airflow/dags/lcbo_pipeline_dag.py
[2026-09-19T20:28:27.768+0000] {logging_mixin.py:188} INFO - [2026-09-19T20:28:27.768+0000] {dag.py:3089} INFO - Sync 1 DAGs
[2026-09-19T20:28:27.779+0000] {logging_mixin.py:188} INFO - [2026-09-19T20:28:27.778+0000] {dag.py:3947} INFO - Setting next_dagrun for lcbo_pipeline to None, run_after=None
[2026-09-19T20:28:27.795+0000] {processor.py:183} INFO - Processing /opt/airflow/dags/lcbo_pipeline_dag.py took 0.083 seconds
[2026-09-19T20:28:57.963+0000] {processor.py:161} INFO - Started process (PID=1848) to work on /opt/airflow/dags/lcbo_pipeline_dag.py
[2026-09-19T20:28:57.965+0000] {processor.py:830} INFO - Processing file /opt/airflow/dags/lcbo_pipeline_dag.py for tasks to queue
[2026-09-19T20:28:57.967+0000] {logging_mixin.py:188} INFO - [2026-09-19T20:28:57.966+0000] {dagbag.py:545} INFO - Filling up the DagBag from /opt/airflow/dags/lcbo_pipeline_dag.py
[2026-09-19T20:28:57.986+0000] {processor.py:840} INFO - DAG(s) 'lcbo_pipeline' retrieved from /opt/airflow/dags/lcbo_pipeline_dag.py
[2026-09-19T20:28:58.015+0000] {logging_mixin.py:188} INFO - [2026-09-19T20:28:58.015+0000] {dag.py:3089} INFO - Sync 1 DAGs
[2026-09-19T20:28:58.026+0000] {logging_mixin.py:188} INFO - [2026-09-19T20:28:58.026+0000] {dag.py:3947} INFO - Setting next_dagrun for lcbo_pipeline to None, run_after=None
[2026-09-19T20:28:58.043+0000] {processor.py:183} INFO - Processing /opt/airflow/dags/lcbo_pipeline_dag.py took 0.085 seconds
[2026-09-19T20:29:28.155+0000] {processor.py:161} INFO - Started process (PID=1859) to work on /opt/airflow/dags/lcbo_pipeline_dag.py
[2026-09-19T20:29:28.157+0000] {processor.py:830} INFO - Processing file /opt/airflow/dags/lcbo_pipeline_dag.py for tasks to queue
[2026-09-19T20:29:28.159+0000] {logging_mixin.py:188} INFO - [2026-09-19T20:29:28.159+0000] {dagbag.py:545} INFO - Filling up the DagBag from /opt/airflow/dags/lcbo_pipeline_dag.py
[2026-09-19T20:29:28.179+0000] {processor.py:840} INFO - DAG(s) 'lcbo_pipeline' retrieved from /opt/airflow/dags/lcbo_pipeline_dag.py
[2026-09-19T20:29:28.207+0000] {logging_mixin.py:188} INFO - [2026-09-19T20:29:28.207+0000] {dag.py:3089} INFO - Sync 1 DAGs
[2026-09-19T20:29:28.217+0000] {logging_mixin.py:188} INFO - [2026-09-19T20:29:28.217+0000] {dag.py:3947} INFO - Setting next_dagrun for lcbo_pipeline to None, run_after=None
[2026-09-19T20:29:28.236+0000] {processor.py:183} INFO - Processing /opt/airflow/dags/lcbo_pipeline_dag.py took 0.086 seconds
[2026-09-19T20:29:58.408+0000] {processor.py:161} INFO - Started process (PID=1870) to work on /opt/airflow/dags/lcbo_pipeline_dag.py
[2026-09-19T20:29:58.409+0000] {processor.py:830} INFO - Processing file /opt/airflow/dags/lcbo_pipeline_dag.py for tasks to queue
[2026-09-19T20:29:58.412+0000] {logging_mixin.py:188} INFO - [2026-09-19T20:29:58.411+0000] {dagbag.py:545} INFO - Filling up the DagBag from /opt/airflow/dags/lcbo_pipeline_dag.py
[2026-09-19T20:29:58.431+0000] {processor.py:840} INFO - DAG(s) 'lcbo_pipeline' retrieved from /opt/airflow/dags/lcbo_pipeline_dag.py
[2026-09-19T20:29:58.458+0000] {logging_mixin.py:188} INFO - [2026-09-19T20:29:58.457+0000] {dag.py:3089} INFO - Sync 1 DAGs
[2026-09-19T20:29:58.469+0000] {logging_mixin.py:188} INFO - [2026-09-19T20:29:58.469+0000] {dag.py:3947} INFO - Setting next_dagrun for lcbo_pipeline to None, run_after=None
[2026-09-19T20:29:58.486+0000] {processor.py:183} INFO - Processing /opt/airflow/dags/lcbo_pipeline_dag.py took 0.083 seconds
[2026-09-19T20:30:28.599+0000] {processor.py:161} INFO - Started process (PID=1881) to work on /opt/airflow/dags/lcbo_pipeline_dag.py
[2026-09-19T20:30:28.600+0000] {processor.py:830} INFO - Processing file /opt/airflow/dags/lcbo_pipeline_dag.py for tasks to queue
[2026-09-19T20:30:28.602+0000] {logging_mixin.py:188} INFO - [2026-09-19T20:30:28.602+0000] {dagbag.py:545} INFO - Filling up the DagBag from /opt/airflow/dags/lcbo_pipeline_dag.py
[2026-09-19T20:30:28.623+0000] {processor.py:840} INFO - DAG(s) 'lcbo_pipeline' retrieved from /opt/airflow/dags/lcbo_pipeline_dag.py
[2026-09-19T20:30:28.655+0000] {logging_mixin.py:188} INFO - [2026-09-19T20:30:28.654+0000] {dag.py:3089} INFO - Sync 1 DAGs
[2026-09-19T20:30:28.666+0000] {logging_mixin.py:188} INFO - [2026-09-19T20:30:28.665+0000] {dag.py:3947} INFO - Setting next_dagrun for lcbo_pipeline to None, run_after=None
[2026-09-19T20:30:28.683+0000] {processor.py:183} INFO - Processing /opt/airflow/dags/lcbo_pipeline_dag.py took 0.089 seconds
[2026-09-19T20:30:58.890+0000] {processor.py:161} INFO - Started process (PID=1892) to work on /opt/airflow/dags/lcbo_pipeline_dag.py
[2026-09-19T20:30:58.892+0000] {processor.py:830} INFO - Processing file /opt/airflow/dags/lcbo_pipeline_dag.py for tasks to queue
[2026-09-19T20:30:58.894+0000] {logging_mixin.py:188} INFO - [2026-09-19T20:30:58.894+0000] {dagbag.py:545} INFO - Filling up the DagBag from /opt/airflow/dags/lcbo_pipeline_dag.py
[2026-09-19T20:30:58.914+0000] {processor.py:840} INFO - DAG(s) 'lcbo_pipeline' retrieved from /opt/airflow/dags/lcbo_pipeline_dag.py
[2026-09-19T20:30:58.944+0000] {logging_mixin.py:188} INFO - [2026-09-19T20:30:58.944+0000] {dag.py:3089} INFO - Sync 1 DAGs
[2026-09-19T20:30:58.956+0000] {logging_mixin.py:188} INFO - [2026-09-19T20:30:58.956+0000] {dag.py:3947} INFO - Setting next_dagrun for lcbo_pipeline to None, run_after=None
[2026-09-19T20:30:58.973+0000] {processor.py:183} INFO - Processing /opt/airflow/dags/lcbo_pipeline_dag.py took 0.088 seconds
[2026-09-19T20:31:29.087+0000] {processor.py:161} INFO - Started process (PID=1903) to work on /opt/airflow/dags/lcbo_pipeline_dag.py
[2026-09-19T20:31:29.088+0000] {processor.py:830} INFO - Processing file /opt/airflow/dags/lcbo_pipeline_dag.py for tasks to queue
[2026-09-19T20:31:29.091+0000] {logging_mixin.py:188} INFO - [2026-09-19T20:31:29.091+0000] {dagbag.py:545} INFO - Filling up the DagBag from /opt/airflow/dags/lcbo_pipeline_dag.py
[2026-09-19T20:31:29.111+0000] {processor.py:840} INFO - DAG(s) 'lcbo_pipeline' retrieved from /opt/airflow/dags/lcbo_pipeline_dag.py
[2026-09-19T20:31:29.138+0000] {logging_mixin.py:188} INFO - [2026-09-19T20:31:29.138+0000] {dag.py:3089} INFO - Sync 1 DAGs
[2026-09-19T20:31:29.147+0000] {logging_mixin.py:188} INFO - [2026-09-19T20:31:29.147+0000] {dag.py:3947} INFO - Setting next_dagrun for lcbo_pipeline to None, run_after=None
[2026-09-19T20:31:29.163+0000] {processor.py:183} INFO - Processing /opt/airflow/dags/lcbo_pipeline_dag.py took 0.082 seconds
[2026-09-19T20:31:59.347+0000] {processor.py:161} INFO - Started process (PID=1915) to work on /opt/airflow/dags/lcbo_pipeline_dag.py
[2026-09-19T20:31:59.348+0000] {processor.py:830} INFO - Processing file /opt/airflow/dags/lcbo_pipeline_dag.py for tasks to queue
[2026-09-19T20:31:59.350+0000] {logging_mixin.py:188} INFO - [2026-09-19T20:31:59.350+0000] {dagbag.py:545} INFO - Filling up the DagBag from /opt/airflow/dags/lcbo_pipeline_dag.py
[2026-09-19T20:31:59.369+0000] {processor.py:840} INFO - DAG(s) 'lcbo_pipeline' retrieved from /opt/airflow/dags/lcbo_pipeline_dag.py
[2026-09-19T20:31:59.396+0000] {logging_mixin.py:188} INFO - [2026-09-19T20:31:59.396+0000] {dag.py:3089} INFO - Sync 1 DAGs
[2026-09-19T20:31:59.407+0000] {logging_mixin.py:188} INFO - [2026-09-19T20:31:59.407+0000] {dag.py:3947} INFO - Setting next_dagrun for lcbo_pipeline to None, run_after=None
[2026-09-19T20:31:59.425+0000] {processor.py:183} INFO - Processing /opt/airflow/dags/lcbo_pipeline_dag.py took 0.083 seconds
[2026-09-19T20:32:29.532+0000] {processor.py:161} INFO - Started process (PID=1982) to work on /opt/airflow/dags/lcbo_pipeline_dag.py
[2026-09-19T20:32:29.534+0000] {processor.py:830} INFO - Processing file /opt/airflow/dags/lcbo_pipeline_dag.py for tasks to queue
[2026-09-19T20:32:29.536+0000] {logging_mixin.py:188} INFO - [2026-09-19T20:32:29.536+0000] {dagbag.py:545} INFO - Filling up the DagBag from /opt/airflow/dags/lcbo_pipeline_dag.py
[2026-09-19T20:32:29.556+0000] {processor.py:840} INFO - DAG(s) 'lcbo_pipeline' retrieved from /opt/airflow/dags/lcbo_pipeline_dag.py
[2026-09-19T20:32:29.586+0000] {logging_mixin.py:188} INFO - [2026-09-19T20:32:29.586+0000] {dag.py:3089} INFO - Sync 1 DAGs
[2026-09-19T20:32:29.599+0000] {logging_mixin.py:188} INFO - [2026-09-19T20:32:29.599+0000] {dag.py:3947} INFO - Setting next_dagrun for lcbo_pipeline to None, run_after=None
[2026-09-19T20:32:29.624+0000] {processor.py:183} INFO - Processing /opt/airflow/dags/lcbo_pipeline_dag.py took 0.098 seconds
[2026-09-19T20:32:59.753+0000] {processor.py:161} INFO - Started process (PID=2043) to work on /opt/airflow/dags/lcbo_pipeline_dag.py
[2026-09-19T20:32:59.754+0000] {processor.py:830} INFO - Processing file /opt/airflow/dags/lcbo_pipeline_dag.py for tasks to queue
[2026-09-19T20:32:59.756+0000] {logging_mixin.py:188} INFO - [2026-09-19T20:32:59.756+0000] {dagbag.py:545} INFO - Filling up the DagBag from /opt/airflow/dags/lcbo_pipeline_dag.py
[2026-09-19T20:32:59.775+0000] {processor.py:840} INFO - DAG(s) 'lcbo_pipeline' retrieved from /opt/airflow/dags/lcbo_pipeline_dag.py
[2026-09-19T20:32:59.805+0000] {logging_mixin.py:188} INFO - [2026-09-19T20:32:59.804+0000] {dag.py:3089} INFO - Sync 1 DAGs
[2026-09-19T20:32:59.818+0000] {logging_mixin.py:188} INFO - [2026-09-19T20:32:59.817+0000] {dag.py:3947} INFO - Setting next_dagrun for lcbo_pipeline to None, run_after=None
[2026-09-19T20:32:59.837+0000] {processor.py:183} INFO - Processing /opt/airflow/dags/lcbo_pipeline_dag.py took 0.089 seconds
[2026-09-19T20:33:29.980+0000] {processor.py:161} INFO - Started process (PID=2065) to work on /opt/airflow/dags/lcbo_pipeline_dag.py
[2026-09-19T20:33:29.982+0000] {processor.py:830} INFO - Processing file /opt/airflow/dags/lcbo_pipeline_dag.py for tasks to queue
[2026-09-19T20:33:29.984+0000] {logging_mixin.py:188} INFO - [2026-09-19T20:33:29.984+0000] {dagbag.py:545} INFO - Filling up the DagBag from /opt/airflow/dags/lcbo_pipeline_dag.py
[2026-09-19T20:33:30.001+0000] {processor.py:840} INFO - DAG(s) 'lcbo_pipeline' retrieved from /opt/airflow/dags/lcbo_pipeline_dag.py
[2026-09-19T20:33:30.027+0000] {logging_mixin.py:188} INFO - [2026-09-19T20:33:30.027+0000] {dag.py:3089} INFO - Sync 1 DAGs
[2026-09-19T20:33:30.037+0000] {logging_mixin.py:188} INFO - [2026-09-19T20:33:30.037+0000] {dag.py:3947} INFO - Setting next_dagrun for lcbo_pipeline to None, run_after=None
[2026-09-19T20:33:30.053+0000] {processor.py:183} INFO - Processing /opt/airflow/dags/lcbo_pipeline_dag.py took 0.078 seconds
[2026-09-19T20:34:00.198+0000] {processor.py:161} INFO - Started process (PID=2076) to work on /opt/airflow/dags/lcbo_pipeline_dag.py
[2026-09-19T20:34:00.199+0000] {processor.py:830} INFO - Processing file /opt/airflow/dags/lcbo_pipeline_dag.py for tasks to queue
[2026-09-19T20:34:00.201+0000] {logging_mixin.py:188} INFO - [2026-09-19T20:34:00.201+0000] {dagbag.py:545} INFO - Filling up the DagBag from /opt/airflow/dags/lcbo_pipeline_dag.py
[2026-09-19T20:34:00.223+0000] {processor.py:840} INFO - DAG(s) 'lcbo_pipeline' retrieved from /opt/airflow/dags/lcbo_pipeline_dag.py
[2026-09-19T20:34:00.256+0000] {logging_mixin.py:188} INFO - [2026-09-19T20:34:00.256+0000] {dag.py:3089} INFO - Sync 1 DAGs
[2026-09-19T20:34:00.266+0000] {logging_mixin.py:188} INFO - [2026-09-19T20:34:00.266+0000] {dag.py:3947} INFO - Setting next_dagrun for lcbo_pipeline to None, run_after=None
[2026-09-19T20:34:00.283+0000] {processor.py:183} INFO - Processing /opt/airflow/dags/lcbo_pipeline_dag.py took 0.091 seconds
[2026-09-19T20:34:30.419+0000] {processor.py:161} INFO - Started process (PID=2087) to work on /opt/airflow/dags/lcbo_pipeline_dag.py
[2026-09-19T20:34:30.420+0000] {processor.py:830} INFO - Processing file /opt/airflow/dags/lcbo_pipeline_dag.py for tasks to queue
[2026-09-19T20:34:30.421+0000] {logging_mixin.py:188} INFO - [2026-09-19T20:34:30.421+0000] {dagbag.py:545} INFO - Filling up the DagBag from /opt/airflow/dags/lcbo_pipeline_dag.py
[2026-09-19T20:34:30.441+0000] {processor.py:840} INFO - DAG(s) 'lcbo_pipeline' retrieved from /opt/airflow/dags/lcbo_pipeline_dag.py
[2026-09-19T20:34:30.468+0000] {logging_mixin.py:188} INFO - [2026-09-19T20:34:30.467+0000] {dag.py:3089} INFO - Sync 1 DAGs
[2026-09-19T20:34:30.479+0000] {logging_mixin.py:188} INFO - [2026-09-19T20:34:30.478+0000] {dag.py:3947} INFO - Setting next_dagrun for lcbo_pipeline to None, run_after=None
[2026-09-19T20:34:30.498+0000] {processor.py:183} INFO - Processing /opt/airflow/dags/lcbo_pipeline_dag.py took 0.084 seconds
[2026-09-19T20:35:00.656+0000] {processor.py:161} INFO - Started process (PID=2098) to work on /opt/airflow/dags/lcbo_pipeline_dag.py
[2026-09-19T20:35:00.658+0000] {processor.py:830} INFO - Processing file /opt/airflow/dags/lcbo_pipeline_dag.py for tasks to queue
[2026-09-19T20:35:00.660+0000] {logging_mixin.py:188} INFO - [2026-09-19T20:35:00.660+0000] {dagbag.py:545} INFO - Filling up the DagBag from /opt/airflow/dags/lcbo_pipeline_dag.py
[2026-09-19T20:35:00.679+0000] {processor.py:840} INFO - DAG(s) 'lcbo_pipeline' retrieved from /opt/airflow/dags/lcbo_pipeline_dag.py
[2026-09-19T20:35:00.706+0000] {logging_mixin.py:188} INFO - [2026-09-19T20:35:00.706+0000] {dag.py:3089} INFO - Sync 1 DAGs
[2026-09-19T20:35:00.718+0000] {logging_mixin.py:188} INFO - [2026-09-19T20:35:00.718+0000] {dag.py:3947} INFO - Setting next_dagrun for lcbo_pipeline to None, run_after=None
[2026-09-19T20:35:00.735+0000] {processor.py:183} INFO - Processing /opt/airflow/dags/lcbo_pipeline_dag.py took 0.083 seconds
[2026-09-19T20:35:30.872+0000] {processor.py:161} INFO - Started process (PID=2109) to work on /opt/airflow/dags/lcbo_pipeline_dag.py
[2026-09-19T20:35:30.874+0000] {processor.py:830} INFO - Processing file /opt/airflow/dags/lcbo_pipeline_dag.py for tasks to queue
[2026-09-19T20:35:30.876+0000] {logging_mixin.py:188} INFO - [2026-09-19T20:35:30.875+0000] {dagbag.py:545} INFO - Filling up the DagBag from /opt/airflow/dags/lcbo_pipeline_dag.py
[2026-09-19T20:35:30.896+0000] {processor.py:840} INFO - DAG(s) 'lcbo_pipeline' retrieved from /opt/airflow/dags/lcbo_pipeline_dag.py
[2026-09-19T20:35:30.925+0000] {logging_mixin.py:188} INFO - [2026-09-19T20:35:30.925+0000] {dag.py:3089} INFO - Sync 1 DAGs
[2026-09-19T20:35:30.937+0000] {logging_mixin.py:188} INFO - [2026-09-19T20:35:30.936+0000] {dag.py:3947} INFO - Setting next_dagrun for lcbo_pipeline to None, run_after=None
[2026-09-19T20:35:30.955+0000] {processor.py:183} INFO - Processing /opt/airflow/dags/lcbo_pipeline_dag.py took 0.088 seconds
[2026-09-19T20:36:01.141+0000] {processor.py:161} INFO - Started process (PID=2120) to work on /opt/airflow/dags/lcbo_pipeline_dag.py
[2026-09-19T20:36:01.142+0000] {processor.py:830} INFO - Processing file /opt/airflow/dags/lcbo_pipeline_dag.py for tasks to queue
[2026-09-19T20:36:01.145+0000] {logging_mixin.py:188} INFO - [2026-09-19T20:36:01.144+0000] {dagbag.py:545} INFO - Filling up the DagBag from /opt/airflow/dags/lcbo_pipeline_dag.py
[2026-09-19T20:36:01.164+0000] {processor.py:840} INFO - DAG(s) 'lcbo_pipeline' retrieved from /opt/airflow/dags/lcbo_pipeline_dag.py
[2026-09-19T20:36:01.191+0000] {logging_mixin.py:188} INFO - [2026-09-19T20:36:01.190+0000] {dag.py:3089} INFO - Sync 1 DAGs
[2026-09-19T20:36:01.202+0000] {logging_mixin.py:188} INFO - [2026-09-19T20:36:01.202+0000] {dag.py:3947} INFO - Setting next_dagrun for lcbo_pipeline to None, run_after=None
[2026-09-19T20:36:01.220+0000] {processor.py:183} INFO - Processing /opt/airflow/dags/lcbo_pipeline_dag.py took 0.085 seconds
[2026-09-19T20:36:31.335+0000] {processor.py:161} INFO - Started process (PID=2131) to work on /opt/airflow/dags/lcbo_pipeline_dag.py
[2026-09-19T20:36:31.336+0000] {processor.py:830} INFO - Processing file /opt/airflow/dags/lcbo_pipeline_dag.py for tasks to queue
[2026-09-19T20:36:31.338+0000] {logging_mixin.py:188} INFO - [2026-09-19T20:36:31.338+0000] {dagbag.py:545} INFO - Filling up the DagBag from /opt/airflow/dags/lcbo_pipeline_dag.py
[2026-09-19T20:36:31.359+0000] {processor.py:840} INFO - DAG(s) 'lcbo_pipeline' retrieved from /opt/airflow/dags/lcbo_pipeline_dag.py
[2026-09-19T20:36:31.390+0000] {logging_mixin.py:188} INFO - [2026-09-19T20:36:31.389+0000] {dag.py:3089} INFO - Sync 1 DAGs
[2026-09-19T20:36:31.403+0000] {logging_mixin.py:188} INFO - [2026-09-19T20:36:31.402+0000] {dag.py:3947} INFO - Setting next_dagrun for lcbo_pipeline to None, run_after=None
[2026-09-19T20:36:31.420+0000] {processor.py:183} INFO - Processing /opt/airflow/dags/lcbo_pipeline_dag.py took 0.090 seconds
[2026-09-19T20:37:01.581+0000] {processor.py:161} INFO - Started process (PID=2142) to work on /opt/airflow/dags/lcbo_pipeline_dag.py
[2026-09-19T20:37:01.582+0000] {processor.py:830} INFO - Processing file /opt/airflow/dags/lcbo_pipeline_dag.py for tasks to queue
[2026-09-19T20:37:01.584+0000] {logging_mixin.py:188} INFO - [2026-09-19T20:37:01.584+0000] {dagbag.py:545} INFO - Filling up the DagBag from /opt/airflow/dags/lcbo_pipeline_dag.py
[2026-09-19T20:37:01.603+0000] {processor.py:840} INFO - DAG(s) 'lcbo_pipeline' retrieved from /opt/airflow/dags/lcbo_pipeline_dag.py
[2026-09-19T20:37:01.632+0000] {logging_mixin.py:188} INFO - [2026-09-19T20:37:01.632+0000] {dag.py:3089} INFO - Sync 1 DAGs
[2026-09-19T20:37:01.643+0000] {logging_mixin.py:188} INFO - [2026-09-19T20:37:01.643+0000] {dag.py:3947} INFO - Setting next_dagrun for lcbo_pipeline to None, run_after=None
[2026-09-19T20:37:01.661+0000] {processor.py:183} INFO - Processing /opt/airflow/dags/lcbo_pipeline_dag.py took 0.084 seconds
[2026-09-19T20:37:31.776+0000] {processor.py:161} INFO - Started process (PID=2153) to work on /opt/airflow/dags/lcbo_pipeline_dag.py
[2026-09-19T20:37:31.777+0000] {processor.py:830} INFO - Processing file /opt/airflow/dags/lcbo_pipeline_dag.py for tasks to queue
[2026-09-19T20:37:31.780+0000] {logging_mixin.py:188} INFO - [2026-09-19T20:37:31.779+0000] {dagbag.py:545} INFO - Filling up the DagBag from /opt/airflow/dags/lcbo_pipeline_dag.py
[2026-09-19T20:37:31.801+0000] {processor.py:840} INFO - DAG(s) 'lcbo_pipeline' retrieved from /opt/airflow/dags/lcbo_pipeline_dag.py
[2026-09-19T20:37:31.833+0000] {logging_mixin.py:188} INFO - [2026-09-19T20:37:31.832+0000] {dag.py:3089} INFO - Sync 1 DAGs
[2026-09-19T20:37:31.846+0000] {logging_mixin.py:188} INFO - [2026-09-19T20:37:31.845+0000] {dag.py:3947} INFO - Setting next_dagrun for lcbo_pipeline to None, run_after=None
[2026-09-19T20:37:31.868+0000] {processor.py:183} INFO - Processing /opt/airflow/dags/lcbo_pipeline_dag.py took 0.097 seconds
[2026-09-19T20:38:02.023+0000] {processor.py:161} INFO - Started process (PID=2164) to work on /opt/airflow/dags/lcbo_pipeline_dag.py
[2026-09-19T20:38:02.024+0000] {processor.py:830} INFO - Processing file /opt/airflow/dags/lcbo_pipeline_dag.py for tasks to queue
[2026-09-19T20:38:02.026+0000] {logging_mixin.py:188} INFO - [2026-09-19T20:38:02.026+0000] {dagbag.py:545} INFO - Filling up the DagBag from /opt/airflow/dags/lcbo_pipeline_dag.py
[2026-09-19T20:38:02.045+0000] {processor.py:840} INFO - DAG(s) 'lcbo_pipeline' retrieved from /opt/airflow/dags/lcbo_pipeline_dag.py
[2026-09-19T20:38:02.071+0000] {logging_mixin.py:188} INFO - [2026-09-19T20:38:02.071+0000] {dag.py:3089} INFO - Sync 1 DAGs
[2026-09-19T20:38:02.082+0000] {logging_mixin.py:188} INFO - [2026-09-19T20:38:02.081+0000] {dag.py:3947} INFO - Setting next_dagrun for lcbo_pipeline to None, run_after=None
[2026-09-19T20:38:02.100+0000] {processor.py:183} INFO - Processing /opt/airflow/dags/lcbo_pipeline_dag.py took 0.082 seconds
[2026-09-19T20:38:32.229+0000] {processor.py:161} INFO - Started process (PID=2246) to work on /opt/airflow/dags/lcbo_pipeline_dag.py
[2026-09-19T20:38:32.230+0000] {processor.py:830} INFO - Processing file /opt/airflow/dags/lcbo_pipeline_dag.py for tasks to queue
[2026-09-19T20:38:32.232+0000] {logging_mixin.py:188} INFO - [2026-09-19T20:38:32.231+0000] {dagbag.py:545} INFO - Filling up the DagBag from /opt/airflow/dags/lcbo_pipeline_dag.py
[2026-09-19T20:38:32.250+0000] {processor.py:840} INFO - DAG(s) 'lcbo_pipeline' retrieved from /opt/airflow/dags/lcbo_pipeline_dag.py
[2026-09-19T20:38:32.276+0000] {logging_mixin.py:188} INFO - [2026-09-19T20:38:32.276+0000] {dag.py:3089} INFO - Sync 1 DAGs
[2026-09-19T20:38:32.287+0000] {logging_mixin.py:188} INFO - [2026-09-19T20:38:32.287+0000] {dag.py:3947} INFO - Setting next_dagrun for lcbo_pipeline to None, run_after=None
[2026-09-19T20:38:32.323+0000] {processor.py:183} INFO - Processing /opt/airflow/dags/lcbo_pipeline_dag.py took 0.098 seconds
[2026-09-19T20:39:02.445+0000] {processor.py:161} INFO - Started process (PID=2303) to work on /opt/airflow/dags/lcbo_pipeline_dag.py
[2026-09-19T20:39:02.447+0000] {processor.py:830} INFO - Processing file /opt/airflow/dags/lcbo_pipeline_dag.py for tasks to queue
[2026-09-19T20:39:02.449+0000] {logging_mixin.py:188} INFO - [2026-09-19T20:39:02.448+0000] {dagbag.py:545} INFO - Filling up the DagBag from /opt/airflow/dags/lcbo_pipeline_dag.py
[2026-09-19T20:39:02.467+0000] {processor.py:840} INFO - DAG(s) 'lcbo_pipeline' retrieved from /opt/airflow/dags/lcbo_pipeline_dag.py
[2026-09-19T20:39:02.492+0000] {logging_mixin.py:188} INFO - [2026-09-19T20:39:02.492+0000] {dag.py:3089} INFO - Sync 1 DAGs
[2026-09-19T20:39:02.504+0000] {logging_mixin.py:188} INFO - [2026-09-19T20:39:02.504+0000] {dag.py:3947} INFO - Setting next_dagrun for lcbo_pipeline to None, run_after=None
[2026-09-19T20:39:02.524+0000] {processor.py:183} INFO - Processing /opt/airflow/dags/lcbo_pipeline_dag.py took 0.083 seconds
[2026-09-19T20:39:32.693+0000] {processor.py:161} INFO - Started process (PID=2314) to work on /opt/airflow/dags/lcbo_pipeline_dag.py
[2026-09-19T20:39:32.695+0000] {processor.py:830} INFO - Processing file /opt/airflow/dags/lcbo_pipeline_dag.py for tasks to queue
[2026-09-19T20:39:32.701+0000] {logging_mixin.py:188} INFO - [2026-09-19T20:39:32.700+0000] {dagbag.py:545} INFO - Filling up the DagBag from /opt/airflow/dags/lcbo_pipeline_dag.py
[2026-09-19T20:39:32.730+0000] {processor.py:840} INFO - DAG(s) 'lcbo_pipeline' retrieved from /opt/airflow/dags/lcbo_pipeline_dag.py
[2026-09-19T20:39:32.765+0000] {logging_mixin.py:188} INFO - [2026-09-19T20:39:32.764+0000] {dag.py:3089} INFO - Sync 1 DAGs
[2026-09-19T20:39:32.776+0000] {logging_mixin.py:188} INFO - [2026-09-19T20:39:32.775+0000] {dag.py:3947} INFO - Setting next_dagrun for lcbo_pipeline to None, run_after=None
[2026-09-19T20:39:32.796+0000] {processor.py:183} INFO - Processing /opt/airflow/dags/lcbo_pipeline_dag.py took 0.112 seconds
[2026-09-19T20:40:02.894+0000] {processor.py:161} INFO - Started process (PID=2325) to work on /opt/airflow/dags/lcbo_pipeline_dag.py
[2026-09-19T20:40:02.899+0000] {processor.py:830} INFO - Processing file /opt/airflow/dags/lcbo_pipeline_dag.py for tasks to queue
[2026-09-19T20:40:02.903+0000] {logging_mixin.py:188} INFO - [2026-09-19T20:40:02.902+0000] {dagbag.py:545} INFO - Filling up the DagBag from /opt/airflow/dags/lcbo_pipeline_dag.py
[2026-09-19T20:40:02.922+0000] {processor.py:840} INFO - DAG(s) 'lcbo_pipeline' retrieved from /opt/airflow/dags/lcbo_pipeline_dag.py
[2026-09-19T20:40:02.952+0000] {logging_mixin.py:188} INFO - [2026-09-19T20:40:02.951+0000] {dag.py:3089} INFO - Sync 1 DAGs
[2026-09-19T20:40:02.963+0000] {logging_mixin.py:188} INFO - [2026-09-19T20:40:02.963+0000] {dag.py:3947} INFO - Setting next_dagrun for lcbo_pipeline to None, run_after=None
[2026-09-19T20:40:02.979+0000] {processor.py:183} INFO - Processing /opt/airflow/dags/lcbo_pipeline_dag.py took 0.091 seconds
[2026-09-19T20:40:33.165+0000] {processor.py:161} INFO - Started process (PID=2336) to work on /opt/airflow/dags/lcbo_pipeline_dag.py
[2026-09-19T20:40:33.167+0000] {processor.py:830} INFO - Processing file /opt/airflow/dags/lcbo_pipeline_dag.py for tasks to queue
[2026-09-19T20:40:33.169+0000] {logging_mixin.py:188} INFO - [2026-09-19T20:40:33.168+0000] {dagbag.py:545} INFO - Filling up the DagBag from /opt/airflow/dags/lcbo_pipeline_dag.py
[2026-09-19T20:40:33.187+0000] {processor.py:840} INFO - DAG(s) 'lcbo_pipeline' retrieved from /opt/airflow/dags/lcbo_pipeline_dag.py
[2026-09-19T20:40:33.215+0000] {logging_mixin.py:188} INFO - [2026-09-19T20:40:33.214+0000] {dag.py:3089} INFO - Sync 1 DAGs
[2026-09-19T20:40:33.226+0000] {logging_mixin.py:188} INFO - [2026-09-19T20:40:33.225+0000] {dag.py:3947} INFO - Setting next_dagrun for lcbo_pipeline to None, run_after=None
[2026-09-19T20:40:33.241+0000] {processor.py:183} INFO - Processing /opt/airflow/dags/lcbo_pipeline_dag.py took 0.080 seconds
[2026-09-19T20:41:03.393+0000] {processor.py:161} INFO - Started process (PID=2347) to work on /opt/airflow/dags/lcbo_pipeline_dag.py
[2026-09-19T20:41:03.395+0000] {processor.py:830} INFO - Processing file /opt/airflow/dags/lcbo_pipeline_dag.py for tasks to queue
[2026-09-19T20:41:03.397+0000] {logging_mixin.py:188} INFO - [2026-09-19T20:41:03.397+0000] {dagbag.py:545} INFO - Filling up the DagBag from /opt/airflow/dags/lcbo_pipeline_dag.py
[2026-09-19T20:41:03.416+0000] {processor.py:840} INFO - DAG(s) 'lcbo_pipeline' retrieved from /opt/airflow/dags/lcbo_pipeline_dag.py
[2026-09-19T20:41:03.442+0000] {logging_mixin.py:188} INFO - [2026-09-19T20:41:03.442+0000] {dag.py:3089} INFO - Sync 1 DAGs
[2026-09-19T20:41:03.454+0000] {logging_mixin.py:188} INFO - [2026-09-19T20:41:03.454+0000] {dag.py:3947} INFO - Setting next_dagrun for lcbo_pipeline to None, run_after=None
[2026-09-19T20:41:03.473+0000] {processor.py:183} INFO - Processing /opt/airflow/dags/lcbo_pipeline_dag.py took 0.085 seconds
[2026-09-19T20:41:33.610+0000] {processor.py:161} INFO - Started process (PID=2358) to work on /opt/airflow/dags/lcbo_pipeline_dag.py
[2026-09-19T20:41:33.612+0000] {processor.py:830} INFO - Processing file /opt/airflow/dags/lcbo_pipeline_dag.py for tasks to queue
[2026-09-19T20:41:33.613+0000] {logging_mixin.py:188} INFO - [2026-09-19T20:41:33.613+0000] {dagbag.py:545} INFO - Filling up the DagBag from /opt/airflow/dags/lcbo_pipeline_dag.py
[2026-09-19T20:41:33.633+0000] {processor.py:840} INFO - DAG(s) 'lcbo_pipeline' retrieved from /opt/airflow/dags/lcbo_pipeline_dag.py
[2026-09-19T20:41:33.664+0000] {logging_mixin.py:188} INFO - [2026-09-19T20:41:33.663+0000] {dag.py:3089} INFO - Sync 1 DAGs
[2026-09-19T20:41:33.675+0000] {logging_mixin.py:188} INFO - [2026-09-19T20:41:33.675+0000] {dag.py:3947} INFO - Setting next_dagrun for lcbo_pipeline to None, run_after=None
[2026-09-19T20:41:33.694+0000] {processor.py:183} INFO - Processing /opt/airflow/dags/lcbo_pipeline_dag.py took 0.090 seconds
[2026-09-19T20:42:03.827+0000] {processor.py:161} INFO - Started process (PID=2369) to work on /opt/airflow/dags/lcbo_pipeline_dag.py
[2026-09-19T20:42:03.829+0000] {processor.py:830} INFO - Processing file /opt/airflow/dags/lcbo_pipeline_dag.py for tasks to queue
[2026-09-19T20:42:03.830+0000] {logging_mixin.py:188} INFO - [2026-09-19T20:42:03.830+0000] {dagbag.py:545} INFO - Filling up the DagBag from /opt/airflow/dags/lcbo_pipeline_dag.py
[2026-09-19T20:42:03.849+0000] {processor.py:840} INFO - DAG(s) 'lcbo_pipeline' retrieved from /opt/airflow/dags/lcbo_pipeline_dag.py
[2026-09-19T20:42:03.875+0000] {logging_mixin.py:188} INFO - [2026-09-19T20:42:03.874+0000] {dag.py:3089} INFO - Sync 1 DAGs
[2026-09-19T20:42:03.885+0000] {logging_mixin.py:188} INFO - [2026-09-19T20:42:03.885+0000] {dag.py:3947} INFO - Setting next_dagrun for lcbo_pipeline to None, run_after=None
[2026-09-19T20:42:03.905+0000] {processor.py:183} INFO - Processing /opt/airflow/dags/lcbo_pipeline_dag.py took 0.082 seconds
[2026-09-19T20:42:34.054+0000] {processor.py:161} INFO - Started process (PID=2380) to work on /opt/airflow/dags/lcbo_pipeline_dag.py
[2026-09-19T20:42:34.056+0000] {processor.py:830} INFO - Processing file /opt/airflow/dags/lcbo_pipeline_dag.py for tasks to queue
[2026-09-19T20:42:34.058+0000] {logging_mixin.py:188} INFO - [2026-09-19T20:42:34.057+0000] {dagbag.py:545} INFO - Filling up the DagBag from /opt/airflow/dags/lcbo_pipeline_dag.py
[2026-09-19T20:42:34.079+0000] {processor.py:840} INFO - DAG(s) 'lcbo_pipeline' retrieved from /opt/airflow/dags/lcbo_pipeline_dag.py
[2026-09-19T20:42:34.108+0000] {logging_mixin.py:188} INFO - [2026-09-19T20:42:34.108+0000] {dag.py:3089} INFO - Sync 1 DAGs
[2026-09-19T20:42:34.120+0000] {logging_mixin.py:188} INFO - [2026-09-19T20:42:34.120+0000] {dag.py:3947} INFO - Setting next_dagrun for lcbo_pipeline to None, run_after=None
[2026-09-19T20:42:34.139+0000] {processor.py:183} INFO - Processing /opt/airflow/dags/lcbo_pipeline_dag.py took 0.091 seconds
[2026-09-19T20:43:04.257+0000] {processor.py:161} INFO - Started process (PID=2391) to work on /opt/airflow/dags/lcbo_pipeline_dag.py
[2026-09-19T20:43:04.259+0000] {processor.py:830} INFO - Processing file /opt/airflow/dags/lcbo_pipeline_dag.py for tasks to queue
[2026-09-19T20:43:04.261+0000] {logging_mixin.py:188} INFO - [2026-09-19T20:43:04.260+0000] {dagbag.py:545} INFO - Filling up the DagBag from /opt/airflow/dags/lcbo_pipeline_dag.py
[2026-09-19T20:43:04.286+0000] {processor.py:840} INFO - DAG(s) 'lcbo_pipeline' retrieved from /opt/airflow/dags/lcbo_pipeline_dag.py
[2026-09-19T20:43:04.325+0000] {logging_mixin.py:188} INFO - [2026-09-19T20:43:04.324+0000] {dag.py:3089} INFO - Sync 1 DAGs
[2026-09-19T20:43:04.336+0000] {logging_mixin.py:188} INFO - [2026-09-19T20:43:04.336+0000] {dag.py:3947} INFO - Setting next_dagrun for lcbo_pipeline to None, run_after=None
[2026-09-19T20:43:04.355+0000] {processor.py:183} INFO - Processing /opt/airflow/dags/lcbo_pipeline_dag.py took 0.104 seconds
[2026-09-19T20:43:34.512+0000] {processor.py:161} INFO - Started process (PID=2402) to work on /opt/airflow/dags/lcbo_pipeline_dag.py
[2026-09-19T20:43:34.514+0000] {processor.py:830} INFO - Processing file /opt/airflow/dags/lcbo_pipeline_dag.py for tasks to queue
[2026-09-19T20:43:34.516+0000] {logging_mixin.py:188} INFO - [2026-09-19T20:43:34.516+0000] {dagbag.py:545} INFO - Filling up the DagBag from /opt/airflow/dags/lcbo_pipeline_dag.py
[2026-09-19T20:43:34.534+0000] {processor.py:840} INFO - DAG(s) 'lcbo_pipeline' retrieved from /opt/airflow/dags/lcbo_pipeline_dag.py
[2026-09-19T20:43:34.568+0000] {logging_mixin.py:188} INFO - [2026-09-19T20:43:34.567+0000] {dag.py:3089} INFO - Sync 1 DAGs
[2026-09-19T20:43:34.579+0000] {logging_mixin.py:188} INFO - [2026-09-19T20:43:34.579+0000] {dag.py:3947} INFO - Setting next_dagrun for lcbo_pipeline to None, run_after=None
[2026-09-19T20:43:34.596+0000] {processor.py:183} INFO - Processing /opt/airflow/dags/lcbo_pipeline_dag.py took 0.090 seconds
[2026-09-19T20:44:04.728+0000] {processor.py:161} INFO - Started process (PID=2413) to work on /opt/airflow/dags/lcbo_pipeline_dag.py
[2026-09-19T20:44:04.729+0000] {processor.py:830} INFO - Processing file /opt/airflow/dags/lcbo_pipeline_dag.py for tasks to queue
[2026-09-19T20:44:04.731+0000] {logging_mixin.py:188} INFO - [2026-09-19T20:44:04.731+0000] {dagbag.py:545} INFO - Filling up the DagBag from /opt/airflow/dags/lcbo_pipeline_dag.py
[2026-09-19T20:44:04.750+0000] {processor.py:840} INFO - DAG(s) 'lcbo_pipeline' retrieved from /opt/airflow/dags/lcbo_pipeline_dag.py
[2026-09-19T20:44:04.778+0000] {logging_mixin.py:188} INFO - [2026-09-19T20:44:04.777+0000] {dag.py:3089} INFO - Sync 1 DAGs
[2026-09-19T20:44:04.789+0000] {logging_mixin.py:188} INFO - [2026-09-19T20:44:04.789+0000] {dag.py:3947} INFO - Setting next_dagrun for lcbo_pipeline to None, run_after=None
[2026-09-19T20:44:04.808+0000] {processor.py:183} INFO - Processing /opt/airflow/dags/lcbo_pipeline_dag.py took 0.084 seconds
[2026-09-19T20:44:34.945+0000] {processor.py:161} INFO - Started process (PID=2424) to work on /opt/airflow/dags/lcbo_pipeline_dag.py
[2026-09-19T20:44:34.947+0000] {processor.py:830} INFO - Processing file /opt/airflow/dags/lcbo_pipeline_dag.py for tasks to queue
[2026-09-19T20:44:34.949+0000] {logging_mixin.py:188} INFO - [2026-09-19T20:44:34.949+0000] {dagbag.py:545} INFO - Filling up the DagBag from /opt/airflow/dags/lcbo_pipeline_dag.py
[2026-09-19T20:44:34.971+0000] {processor.py:840} INFO - DAG(s) 'lcbo_pipeline' retrieved from /opt/airflow/dags/lcbo_pipeline_dag.py
[2026-09-19T20:44:35.001+0000] {logging_mixin.py:188} INFO - [2026-09-19T20:44:35.000+0000] {dag.py:3089} INFO - Sync 1 DAGs
[2026-09-19T20:44:35.012+0000] {logging_mixin.py:188} INFO - [2026-09-19T20:44:35.012+0000] {dag.py:3947} INFO - Setting next_dagrun for lcbo_pipeline to None, run_after=None
[2026-09-19T20:44:35.030+0000] {processor.py:183} INFO - Processing /opt/airflow/dags/lcbo_pipeline_dag.py took 0.090 seconds
[2026-09-19T20:45:05.175+0000] {processor.py:161} INFO - Started process (PID=2435) to work on /opt/airflow/dags/lcbo_pipeline_dag.py
[2026-09-19T20:45:05.177+0000] {processor.py:830} INFO - Processing file /opt/airflow/dags/lcbo_pipeline_dag.py for tasks to queue
[2026-09-19T20:45:05.178+0000] {logging_mixin.py:188} INFO - [2026-09-19T20:45:05.178+0000] {dagbag.py:545} INFO - Filling up the DagBag from /opt/airflow/dags/lcbo_pipeline_dag.py
[2026-09-19T20:45:05.199+0000] {processor.py:840} INFO - DAG(s) 'lcbo_pipeline' retrieved from /opt/airflow/dags/lcbo_pipeline_dag.py
[2026-09-19T20:45:05.229+0000] {logging_mixin.py:188} INFO - [2026-09-19T20:45:05.229+0000] {dag.py:3089} INFO - Sync 1 DAGs
[2026-09-19T20:45:05.241+0000] {logging_mixin.py:188} INFO - [2026-09-19T20:45:05.241+0000] {dag.py:3947} INFO - Setting next_dagrun for lcbo_pipeline to None, run_after=None
[2026-09-19T20:45:05.258+0000] {processor.py:183} INFO - Processing /opt/airflow/dags/lcbo_pipeline_dag.py took 0.088 seconds
[2026-09-19T20:45:35.394+0000] {processor.py:161} INFO - Started process (PID=2447) to work on /opt/airflow/dags/lcbo_pipeline_dag.py
[2026-09-19T20:45:35.396+0000] {processor.py:830} INFO - Processing file /opt/airflow/dags/lcbo_pipeline_dag.py for tasks to queue
[2026-09-19T20:45:35.398+0000] {logging_mixin.py:188} INFO - [2026-09-19T20:45:35.398+0000] {dagbag.py:545} INFO - Filling up the DagBag from /opt/airflow/dags/lcbo_pipeline_dag.py
[2026-09-19T20:45:35.417+0000] {processor.py:840} INFO - DAG(s) 'lcbo_pipeline' retrieved from /opt/airflow/dags/lcbo_pipeline_dag.py
[2026-09-19T20:45:35.444+0000] {logging_mixin.py:188} INFO - [2026-09-19T20:45:35.444+0000] {dag.py:3089} INFO - Sync 1 DAGs
[2026-09-19T20:45:35.456+0000] {logging_mixin.py:188} INFO - [2026-09-19T20:45:35.456+0000] {dag.py:3947} INFO - Setting next_dagrun for lcbo_pipeline to None, run_after=None
[2026-09-19T20:45:35.472+0000] {processor.py:183} INFO - Processing /opt/airflow/dags/lcbo_pipeline_dag.py took 0.082 seconds
[2026-09-19T20:46:05.645+0000] {processor.py:161} INFO - Started process (PID=2458) to work on /opt/airflow/dags/lcbo_pipeline_dag.py
[2026-09-19T20:46:05.646+0000] {processor.py:830} INFO - Processing file /opt/airflow/dags/lcbo_pipeline_dag.py for tasks to queue
[2026-09-19T20:46:05.648+0000] {logging_mixin.py:188} INFO - [2026-09-19T20:46:05.647+0000] {dagbag.py:545} INFO - Filling up the DagBag from /opt/airflow/dags/lcbo_pipeline_dag.py
[2026-09-19T20:46:05.665+0000] {processor.py:840} INFO - DAG(s) 'lcbo_pipeline' retrieved from /opt/airflow/dags/lcbo_pipeline_dag.py
[2026-09-19T20:46:05.691+0000] {logging_mixin.py:188} INFO - [2026-09-19T20:46:05.691+0000] {dag.py:3089} INFO - Sync 1 DAGs
[2026-09-19T20:46:05.703+0000] {logging_mixin.py:188} INFO - [2026-09-19T20:46:05.703+0000] {dag.py:3947} INFO - Setting next_dagrun for lcbo_pipeline to None, run_after=None
[2026-09-19T20:46:05.720+0000] {processor.py:183} INFO - Processing /opt/airflow/dags/lcbo_pipeline_dag.py took 0.080 seconds
[2026-09-19T20:46:35.840+0000] {processor.py:161} INFO - Started process (PID=2469) to work on /opt/airflow/dags/lcbo_pipeline_dag.py
[2026-09-19T20:46:35.841+0000] {processor.py:830} INFO - Processing file /opt/airflow/dags/lcbo_pipeline_dag.py for tasks to queue
[2026-09-19T20:46:35.843+0000] {logging_mixin.py:188} INFO - [2026-09-19T20:46:35.843+0000] {dagbag.py:545} INFO - Filling up the DagBag from /opt/airflow/dags/lcbo_pipeline_dag.py
[2026-09-19T20:46:35.863+0000] {processor.py:840} INFO - DAG(s) 'lcbo_pipeline' retrieved from /opt/airflow/dags/lcbo_pipeline_dag.py
[2026-09-19T20:46:35.890+0000] {logging_mixin.py:188} INFO - [2026-09-19T20:46:35.890+0000] {dag.py:3089} INFO - Sync 1 DAGs
[2026-09-19T20:46:35.901+0000] {logging_mixin.py:188} INFO - [2026-09-19T20:46:35.901+0000] {dag.py:3947} INFO - Setting next_dagrun for lcbo_pipeline to None, run_after=None
[2026-09-19T20:46:35.920+0000] {processor.py:183} INFO - Processing /opt/airflow/dags/lcbo_pipeline_dag.py took 0.085 seconds
[2026-09-19T20:47:06.072+0000] {processor.py:161} INFO - Started process (PID=2481) to work on /opt/airflow/dags/lcbo_pipeline_dag.py
[2026-09-19T20:47:06.073+0000] {processor.py:830} INFO - Processing file /opt/airflow/dags/lcbo_pipeline_dag.py for tasks to queue
[2026-09-19T20:47:06.075+0000] {logging_mixin.py:188} INFO - [2026-09-19T20:47:06.074+0000] {dagbag.py:545} INFO - Filling up the DagBag from /opt/airflow/dags/lcbo_pipeline_dag.py
[2026-09-19T20:47:06.093+0000] {processor.py:840} INFO - DAG(s) 'lcbo_pipeline' retrieved from /opt/airflow/dags/lcbo_pipeline_dag.py
[2026-09-19T20:47:06.119+0000] {logging_mixin.py:188} INFO - [2026-09-19T20:47:06.119+0000] {dag.py:3089} INFO - Sync 1 DAGs
[2026-09-19T20:47:06.129+0000] {logging_mixin.py:188} INFO - [2026-09-19T20:47:06.129+0000] {dag.py:3947} INFO - Setting next_dagrun for lcbo_pipeline to None, run_after=None
[2026-09-19T20:47:06.145+0000] {processor.py:183} INFO - Processing /opt/airflow/dags/lcbo_pipeline_dag.py took 0.079 seconds
[2026-09-19T20:47:36.278+0000] {processor.py:161} INFO - Started process (PID=2492) to work on /opt/airflow/dags/lcbo_pipeline_dag.py
[2026-09-19T20:47:36.279+0000] {processor.py:830} INFO - Processing file /opt/airflow/dags/lcbo_pipeline_dag.py for tasks to queue
[2026-09-19T20:47:36.281+0000] {logging_mixin.py:188} INFO - [2026-09-19T20:47:36.281+0000] {dagbag.py:545} INFO - Filling up the DagBag from /opt/airflow/dags/lcbo_pipeline_dag.py
[2026-09-19T20:47:36.304+0000] {processor.py:840} INFO - DAG(s) 'lcbo_pipeline' retrieved from /opt/airflow/dags/lcbo_pipeline_dag.py
[2026-09-19T20:47:36.332+0000] {logging_mixin.py:188} INFO - [2026-09-19T20:47:36.332+0000] {dag.py:3089} INFO - Sync 1 DAGs
[2026-09-19T20:47:36.345+0000] {logging_mixin.py:188} INFO - [2026-09-19T20:47:36.345+0000] {dag.py:3947} INFO - Setting next_dagrun for lcbo_pipeline to None, run_after=None
[2026-09-19T20:47:36.361+0000] {processor.py:183} INFO - Processing /opt/airflow/dags/lcbo_pipeline_dag.py took 0.090 seconds
[2026-09-19T20:48:06.486+0000] {processor.py:161} INFO - Started process (PID=2503) to work on /opt/airflow/dags/lcbo_pipeline_dag.py
[2026-09-19T20:48:06.488+0000] {processor.py:830} INFO - Processing file /opt/airflow/dags/lcbo_pipeline_dag.py for tasks to queue
[2026-09-19T20:48:06.491+0000] {logging_mixin.py:188} INFO - [2026-09-19T20:48:06.490+0000] {dagbag.py:545} INFO - Filling up the DagBag from /opt/airflow/dags/lcbo_pipeline_dag.py
[2026-09-19T20:48:06.511+0000] {processor.py:840} INFO - DAG(s) 'lcbo_pipeline' retrieved from /opt/airflow/dags/lcbo_pipeline_dag.py
[2026-09-19T20:48:06.541+0000] {logging_mixin.py:188} INFO - [2026-09-19T20:48:06.541+0000] {dag.py:3089} INFO - Sync 1 DAGs
[2026-09-19T20:48:06.552+0000] {logging_mixin.py:188} INFO - [2026-09-19T20:48:06.552+0000] {dag.py:3947} INFO - Setting next_dagrun for lcbo_pipeline to None, run_after=None
[2026-09-19T20:48:06.568+0000] {processor.py:183} INFO - Processing /opt/airflow/dags/lcbo_pipeline_dag.py took 0.088 seconds
[2026-09-19T20:48:36.720+0000] {processor.py:161} INFO - Started process (PID=2514) to work on /opt/airflow/dags/lcbo_pipeline_dag.py
[2026-09-19T20:48:36.722+0000] {processor.py:830} INFO - Processing file /opt/airflow/dags/lcbo_pipeline_dag.py for tasks to queue
[2026-09-19T20:48:36.724+0000] {logging_mixin.py:188} INFO - [2026-09-19T20:48:36.724+0000] {dagbag.py:545} INFO - Filling up the DagBag from /opt/airflow/dags/lcbo_pipeline_dag.py
[2026-09-19T20:48:36.742+0000] {processor.py:840} INFO - DAG(s) 'lcbo_pipeline' retrieved from /opt/airflow/dags/lcbo_pipeline_dag.py
[2026-09-19T20:48:36.770+0000] {logging_mixin.py:188} INFO - [2026-09-19T20:48:36.770+0000] {dag.py:3089} INFO - Sync 1 DAGs
[2026-09-19T20:48:36.781+0000] {logging_mixin.py:188} INFO - [2026-09-19T20:48:36.781+0000] {dag.py:3947} INFO - Setting next_dagrun for lcbo_pipeline to None, run_after=None
[2026-09-19T20:48:36.799+0000] {processor.py:183} INFO - Processing /opt/airflow/dags/lcbo_pipeline_dag.py took 0.084 seconds
[2026-09-19T20:49:06.930+0000] {processor.py:161} INFO - Started process (PID=2525) to work on /opt/airflow/dags/lcbo_pipeline_dag.py
[2026-09-19T20:49:06.931+0000] {processor.py:830} INFO - Processing file /opt/airflow/dags/lcbo_pipeline_dag.py for tasks to queue
[2026-09-19T20:49:06.933+0000] {logging_mixin.py:188} INFO - [2026-09-19T20:49:06.933+0000] {dagbag.py:545} INFO - Filling up the DagBag from /opt/airflow/dags/lcbo_pipeline_dag.py
[2026-09-19T20:49:06.951+0000] {processor.py:840} INFO - DAG(s) 'lcbo_pipeline' retrieved from /opt/airflow/dags/lcbo_pipeline_dag.py
[2026-09-19T20:49:06.976+0000] {logging_mixin.py:188} INFO - [2026-09-19T20:49:06.976+0000] {dag.py:3089} INFO - Sync 1 DAGs
[2026-09-19T20:49:06.988+0000] {logging_mixin.py:188} INFO - [2026-09-19T20:49:06.987+0000] {dag.py:3947} INFO - Setting next_dagrun for lcbo_pipeline to None, run_after=None
[2026-09-19T20:49:07.007+0000] {processor.py:183} INFO - Processing /opt/airflow/dags/lcbo_pipeline_dag.py took 0.083 seconds
[2026-09-19T20:49:37.164+0000] {processor.py:161} INFO - Started process (PID=2536) to work on /opt/airflow/dags/lcbo_pipeline_dag.py
[2026-09-19T20:49:37.166+0000] {processor.py:830} INFO - Processing file /opt/airflow/dags/lcbo_pipeline_dag.py for tasks to queue
[2026-09-19T20:49:37.168+0000] {logging_mixin.py:188} INFO - [2026-09-19T20:49:37.167+0000] {dagbag.py:545} INFO - Filling up the DagBag from /opt/airflow/dags/lcbo_pipeline_dag.py
[2026-09-19T20:49:37.185+0000] {processor.py:840} INFO - DAG(s) 'lcbo_pipeline' retrieved from /opt/airflow/dags/lcbo_pipeline_dag.py
[2026-09-19T20:49:37.211+0000] {logging_mixin.py:188} INFO - [2026-09-19T20:49:37.211+0000] {dag.py:3089} INFO - Sync 1 DAGs
[2026-09-19T20:49:37.222+0000] {logging_mixin.py:188} INFO - [2026-09-19T20:49:37.222+0000] {dag.py:3947} INFO - Setting next_dagrun for lcbo_pipeline to None, run_after=None
[2026-09-19T20:49:37.239+0000] {processor.py:183} INFO - Processing /opt/airflow/dags/lcbo_pipeline_dag.py took 0.079 seconds
[2026-09-19T20:50:07.370+0000] {processor.py:161} INFO - Started process (PID=2548) to work on /opt/airflow/dags/lcbo_pipeline_dag.py
[2026-09-19T20:50:07.371+0000] {processor.py:830} INFO - Processing file /opt/airflow/dags/lcbo_pipeline_dag.py for tasks to queue
[2026-09-19T20:50:07.374+0000] {logging_mixin.py:188} INFO - [2026-09-19T20:50:07.373+0000] {dagbag.py:545} INFO - Filling up the DagBag from /opt/airflow/dags/lcbo_pipeline_dag.py
[2026-09-19T20:50:07.393+0000] {processor.py:840} INFO - DAG(s) 'lcbo_pipeline' retrieved from /opt/airflow/dags/lcbo_pipeline_dag.py
[2026-09-19T20:50:07.422+0000] {logging_mixin.py:188} INFO - [2026-09-19T20:50:07.422+0000] {dag.py:3089} INFO - Sync 1 DAGs
[2026-09-19T20:50:07.434+0000] {logging_mixin.py:188} INFO - [2026-09-19T20:50:07.434+0000] {dag.py:3947} INFO - Setting next_dagrun for lcbo_pipeline to None, run_after=None
[2026-09-19T20:50:07.452+0000] {processor.py:183} INFO - Processing /opt/airflow/dags/lcbo_pipeline_dag.py took 0.087 seconds
[2026-09-19T20:50:37.598+0000] {processor.py:161} INFO - Started process (PID=2559) to work on /opt/airflow/dags/lcbo_pipeline_dag.py
[2026-09-19T20:50:37.599+0000] {processor.py:830} INFO - Processing file /opt/airflow/dags/lcbo_pipeline_dag.py for tasks to queue
[2026-09-19T20:50:37.601+0000] {logging_mixin.py:188} INFO - [2026-09-19T20:50:37.601+0000] {dagbag.py:545} INFO - Filling up the DagBag from /opt/airflow/dags/lcbo_pipeline_dag.py
[2026-09-19T20:50:37.621+0000] {processor.py:840} INFO - DAG(s) 'lcbo_pipeline' retrieved from /opt/airflow/dags/lcbo_pipeline_dag.py
[2026-09-19T20:50:37.647+0000] {logging_mixin.py:188} INFO - [2026-09-19T20:50:37.646+0000] {dag.py:3089} INFO - Sync 1 DAGs
[2026-09-19T20:50:37.657+0000] {logging_mixin.py:188} INFO - [2026-09-19T20:50:37.657+0000] {dag.py:3947} INFO - Setting next_dagrun for lcbo_pipeline to None, run_after=None
[2026-09-19T20:50:37.674+0000] {processor.py:183} INFO - Processing /opt/airflow/dags/lcbo_pipeline_dag.py took 0.080 seconds
[2026-09-19T20:50:49.752+0000] {processor.py:161} INFO - Started process (PID=2570) to work on /opt/airflow/dags/lcbo_pipeline_dag.py
[2026-09-19T20:50:49.753+0000] {processor.py:830} INFO - Processing file /opt/airflow/dags/lcbo_pipeline_dag.py for tasks to queue
[2026-09-19T20:50:49.755+0000] {logging_mixin.py:188} INFO - [2026-09-19T20:50:49.755+0000] {dagbag.py:545} INFO - Filling up the DagBag from /opt/airflow/dags/lcbo_pipeline_dag.py
[2026-09-19T20:50:49.787+0000] {processor.py:840} INFO - DAG(s) 'lcbo_pipeline' retrieved from /opt/airflow/dags/lcbo_pipeline_dag.py
[2026-09-19T20:50:49.982+0000] {logging_mixin.py:188} INFO - [2026-09-19T20:50:49.982+0000] {dag.py:3089} INFO - Sync 1 DAGs
[2026-09-19T20:50:49.992+0000] {logging_mixin.py:188} INFO - [2026-09-19T20:50:49.991+0000] {dag.py:3947} INFO - Setting next_dagrun for lcbo_pipeline to None, run_after=None
[2026-09-19T20:50:50.014+0000] {processor.py:183} INFO - Processing /opt/airflow/dags/lcbo_pipeline_dag.py took 0.267 seconds
[2026-09-19T20:51:20.203+0000] {processor.py:161} INFO - Started process (PID=2581) to work on /opt/airflow/dags/lcbo_pipeline_dag.py
[2026-09-19T20:51:20.204+0000] {processor.py:830} INFO - Processing file /opt/airflow/dags/lcbo_pipeline_dag.py for tasks to queue
[2026-09-19T20:51:20.207+0000] {logging_mixin.py:188} INFO - [2026-09-19T20:51:20.206+0000] {dagbag.py:545} INFO - Filling up the DagBag from /opt/airflow/dags/lcbo_pipeline_dag.py
[2026-09-19T20:51:20.226+0000] {processor.py:840} INFO - DAG(s) 'lcbo_pipeline' retrieved from /opt/airflow/dags/lcbo_pipeline_dag.py
[2026-09-19T20:51:20.257+0000] {logging_mixin.py:188} INFO - [2026-09-19T20:51:20.256+0000] {dag.py:3089} INFO - Sync 1 DAGs
[2026-09-19T20:51:20.269+0000] {logging_mixin.py:188} INFO - [2026-09-19T20:51:20.269+0000] {dag.py:3947} INFO - Setting next_dagrun for lcbo_pipeline to None, run_after=None
[2026-09-19T20:51:20.290+0000] {processor.py:183} INFO - Processing /opt/airflow/dags/lcbo_pipeline_dag.py took 0.092 seconds
[2026-09-19T20:51:50.394+0000] {processor.py:161} INFO - Started process (PID=2592) to work on /opt/airflow/dags/lcbo_pipeline_dag.py
[2026-09-19T20:51:50.395+0000] {processor.py:830} INFO - Processing file /opt/airflow/dags/lcbo_pipeline_dag.py for tasks to queue
[2026-09-19T20:51:50.397+0000] {logging_mixin.py:188} INFO - [2026-09-19T20:51:50.397+0000] {dagbag.py:545} INFO - Filling up the DagBag from /opt/airflow/dags/lcbo_pipeline_dag.py
[2026-09-19T20:51:50.415+0000] {processor.py:840} INFO - DAG(s) 'lcbo_pipeline' retrieved from /opt/airflow/dags/lcbo_pipeline_dag.py
[2026-09-19T20:51:50.444+0000] {logging_mixin.py:188} INFO - [2026-09-19T20:51:50.444+0000] {dag.py:3089} INFO - Sync 1 DAGs
[2026-09-19T20:51:50.455+0000] {logging_mixin.py:188} INFO - [2026-09-19T20:51:50.454+0000] {dag.py:3947} INFO - Setting next_dagrun for lcbo_pipeline to None, run_after=None
[2026-09-19T20:51:50.470+0000] {processor.py:183} INFO - Processing /opt/airflow/dags/lcbo_pipeline_dag.py took 0.081 seconds
[2026-09-19T20:52:20.667+0000] {processor.py:161} INFO - Started process (PID=2603) to work on /opt/airflow/dags/lcbo_pipeline_dag.py
[2026-09-19T20:52:20.669+0000] {processor.py:830} INFO - Processing file /opt/airflow/dags/lcbo_pipeline_dag.py for tasks to queue
[2026-09-19T20:52:20.671+0000] {logging_mixin.py:188} INFO - [2026-09-19T20:52:20.670+0000] {dagbag.py:545} INFO - Filling up the DagBag from /opt/airflow/dags/lcbo_pipeline_dag.py
[2026-09-19T20:52:20.690+0000] {processor.py:840} INFO - DAG(s) 'lcbo_pipeline' retrieved from /opt/airflow/dags/lcbo_pipeline_dag.py
[2026-09-19T20:52:20.717+0000] {logging_mixin.py:188} INFO - [2026-09-19T20:52:20.717+0000] {dag.py:3089} INFO - Sync 1 DAGs
[2026-09-19T20:52:20.728+0000] {logging_mixin.py:188} INFO - [2026-09-19T20:52:20.728+0000] {dag.py:3947} INFO - Setting next_dagrun for lcbo_pipeline to None, run_after=None
[2026-09-19T20:52:20.744+0000] {processor.py:183} INFO - Processing /opt/airflow/dags/lcbo_pipeline_dag.py took 0.081 seconds
[2026-09-19T20:52:50.861+0000] {processor.py:161} INFO - Started process (PID=2614) to work on /opt/airflow/dags/lcbo_pipeline_dag.py
[2026-09-19T20:52:50.863+0000] {processor.py:830} INFO - Processing file /opt/airflow/dags/lcbo_pipeline_dag.py for tasks to queue
[2026-09-19T20:52:50.865+0000] {logging_mixin.py:188} INFO - [2026-09-19T20:52:50.865+0000] {dagbag.py:545} INFO - Filling up the DagBag from /opt/airflow/dags/lcbo_pipeline_dag.py
[2026-09-19T20:52:50.884+0000] {processor.py:840} INFO - DAG(s) 'lcbo_pipeline' retrieved from /opt/airflow/dags/lcbo_pipeline_dag.py
[2026-09-19T20:52:50.914+0000] {logging_mixin.py:188} INFO - [2026-09-19T20:52:50.913+0000] {dag.py:3089} INFO - Sync 1 DAGs
[2026-09-19T20:52:50.925+0000] {logging_mixin.py:188} INFO - [2026-09-19T20:52:50.925+0000] {dag.py:3947} INFO - Setting next_dagrun for lcbo_pipeline to None, run_after=None
[2026-09-19T20:52:50.943+0000] {processor.py:183} INFO - Processing /opt/airflow/dags/lcbo_pipeline_dag.py took 0.087 seconds
[2026-09-19T20:53:21.120+0000] {processor.py:161} INFO - Started process (PID=2625) to work on /opt/airflow/dags/lcbo_pipeline_dag.py
[2026-09-19T20:53:21.122+0000] {processor.py:830} INFO - Processing file /opt/airflow/dags/lcbo_pipeline_dag.py for tasks to queue
[2026-09-19T20:53:21.124+0000] {logging_mixin.py:188} INFO - [2026-09-19T20:53:21.123+0000] {dagbag.py:545} INFO - Filling up the DagBag from /opt/airflow/dags/lcbo_pipeline_dag.py
[2026-09-19T20:53:21.143+0000] {processor.py:840} INFO - DAG(s) 'lcbo_pipeline' retrieved from /opt/airflow/dags/lcbo_pipeline_dag.py
[2026-09-19T20:53:21.169+0000] {logging_mixin.py:188} INFO - [2026-09-19T20:53:21.169+0000] {dag.py:3089} INFO - Sync 1 DAGs
[2026-09-19T20:53:21.181+0000] {logging_mixin.py:188} INFO - [2026-09-19T20:53:21.181+0000] {dag.py:3947} INFO - Setting next_dagrun for lcbo_pipeline to None, run_after=None
[2026-09-19T20:53:21.200+0000] {processor.py:183} INFO - Processing /opt/airflow/dags/lcbo_pipeline_dag.py took 0.085 seconds
[2026-09-19T20:53:51.316+0000] {processor.py:161} INFO - Started process (PID=2636) to work on /opt/airflow/dags/lcbo_pipeline_dag.py
[2026-09-19T20:53:51.317+0000] {processor.py:830} INFO - Processing file /opt/airflow/dags/lcbo_pipeline_dag.py for tasks to queue
[2026-09-19T20:53:51.319+0000] {logging_mixin.py:188} INFO - [2026-09-19T20:53:51.319+0000] {dagbag.py:545} INFO - Filling up the DagBag from /opt/airflow/dags/lcbo_pipeline_dag.py
[2026-09-19T20:53:51.337+0000] {processor.py:840} INFO - DAG(s) 'lcbo_pipeline' retrieved from /opt/airflow/dags/lcbo_pipeline_dag.py
[2026-09-19T20:53:51.366+0000] {logging_mixin.py:188} INFO - [2026-09-19T20:53:51.365+0000] {dag.py:3089} INFO - Sync 1 DAGs
[2026-09-19T20:53:51.376+0000] {logging_mixin.py:188} INFO - [2026-09-19T20:53:51.376+0000] {dag.py:3947} INFO - Setting next_dagrun for lcbo_pipeline to None, run_after=None
[2026-09-19T20:53:51.393+0000] {processor.py:183} INFO - Processing /opt/airflow/dags/lcbo_pipeline_dag.py took 0.082 seconds
[2026-09-19T20:54:21.577+0000] {processor.py:161} INFO - Started process (PID=2647) to work on /opt/airflow/dags/lcbo_pipeline_dag.py
[2026-09-19T20:54:21.579+0000] {processor.py:830} INFO - Processing file /opt/airflow/dags/lcbo_pipeline_dag.py for tasks to queue
[2026-09-19T20:54:21.581+0000] {logging_mixin.py:188} INFO - [2026-09-19T20:54:21.580+0000] {dagbag.py:545} INFO - Filling up the DagBag from /opt/airflow/dags/lcbo_pipeline_dag.py
[2026-09-19T20:54:21.600+0000] {processor.py:840} INFO - DAG(s) 'lcbo_pipeline' retrieved from /opt/airflow/dags/lcbo_pipeline_dag.py
[2026-09-19T20:54:21.627+0000] {logging_mixin.py:188} INFO - [2026-09-19T20:54:21.627+0000] {dag.py:3089} INFO - Sync 1 DAGs
[2026-09-19T20:54:21.638+0000] {logging_mixin.py:188} INFO - [2026-09-19T20:54:21.638+0000] {dag.py:3947} INFO - Setting next_dagrun for lcbo_pipeline to None, run_after=None
[2026-09-19T20:54:21.654+0000] {processor.py:183} INFO - Processing /opt/airflow/dags/lcbo_pipeline_dag.py took 0.082 seconds
[2026-09-19T20:54:51.776+0000] {processor.py:161} INFO - Started process (PID=2658) to work on /opt/airflow/dags/lcbo_pipeline_dag.py
[2026-09-19T20:54:51.777+0000] {processor.py:830} INFO - Processing file /opt/airflow/dags/lcbo_pipeline_dag.py for tasks to queue
[2026-09-19T20:54:51.779+0000] {logging_mixin.py:188} INFO - [2026-09-19T20:54:51.779+0000] {dagbag.py:545} INFO - Filling up the DagBag from /opt/airflow/dags/lcbo_pipeline_dag.py
[2026-09-19T20:54:51.797+0000] {processor.py:840} INFO - DAG(s) 'lcbo_pipeline' retrieved from /opt/airflow/dags/lcbo_pipeline_dag.py
[2026-09-19T20:54:51.823+0000] {logging_mixin.py:188} INFO - [2026-09-19T20:54:51.823+0000] {dag.py:3089} INFO - Sync 1 DAGs
[2026-09-19T20:54:51.832+0000] {logging_mixin.py:188} INFO - [2026-09-19T20:54:51.832+0000] {dag.py:3947} INFO - Setting next_dagrun for lcbo_pipeline to None, run_after=None
[2026-09-19T20:54:51.849+0000] {processor.py:183} INFO - Processing /opt/airflow/dags/lcbo_pipeline_dag.py took 0.078 seconds
[2026-09-19T20:55:22.039+0000] {processor.py:161} INFO - Started process (PID=2669) to work on /opt/airflow/dags/lcbo_pipeline_dag.py
[2026-09-19T20:55:22.040+0000] {processor.py:830} INFO - Processing file /opt/airflow/dags/lcbo_pipeline_dag.py for tasks to queue
[2026-09-19T20:55:22.042+0000] {logging_mixin.py:188} INFO - [2026-09-19T20:55:22.042+0000] {dagbag.py:545} INFO - Filling up the DagBag from /opt/airflow/dags/lcbo_pipeline_dag.py
[2026-09-19T20:55:22.060+0000] {processor.py:840} INFO - DAG(s) 'lcbo_pipeline' retrieved from /opt/airflow/dags/lcbo_pipeline_dag.py
[2026-09-19T20:55:22.089+0000] {logging_mixin.py:188} INFO - [2026-09-19T20:55:22.089+0000] {dag.py:3089} INFO - Sync 1 DAGs
[2026-09-19T20:55:22.101+0000] {logging_mixin.py:188} INFO - [2026-09-19T20:55:22.101+0000] {dag.py:3947} INFO - Setting next_dagrun for lcbo_pipeline to None, run_after=None
[2026-09-19T20:55:22.117+0000] {processor.py:183} INFO - Processing /opt/airflow/dags/lcbo_pipeline_dag.py took 0.083 seconds
[2026-09-19T20:55:52.276+0000] {processor.py:161} INFO - Started process (PID=2680) to work on /opt/airflow/dags/lcbo_pipeline_dag.py
[2026-09-19T20:55:52.278+0000] {processor.py:830} INFO - Processing file /opt/airflow/dags/lcbo_pipeline_dag.py for tasks to queue
[2026-09-19T20:55:52.280+0000] {logging_mixin.py:188} INFO - [2026-09-19T20:55:52.279+0000] {dagbag.py:545} INFO - Filling up the DagBag from /opt/airflow/dags/lcbo_pipeline_dag.py
[2026-09-19T20:55:52.299+0000] {processor.py:840} INFO - DAG(s) 'lcbo_pipeline' retrieved from /opt/airflow/dags/lcbo_pipeline_dag.py
[2026-09-19T20:55:52.328+0000] {logging_mixin.py:188} INFO - [2026-09-19T20:55:52.328+0000] {dag.py:3089} INFO - Sync 1 DAGs
[2026-09-19T20:55:52.338+0000] {logging_mixin.py:188} INFO - [2026-09-19T20:55:52.338+0000] {dag.py:3947} INFO - Setting next_dagrun for lcbo_pipeline to None, run_after=None
[2026-09-19T20:55:52.356+0000] {processor.py:183} INFO - Processing /opt/airflow/dags/lcbo_pipeline_dag.py took 0.085 seconds
[2026-09-19T20:56:22.491+0000] {processor.py:161} INFO - Started process (PID=2691) to work on /opt/airflow/dags/lcbo_pipeline_dag.py
[2026-09-19T20:56:22.492+0000] {processor.py:830} INFO - Processing file /opt/airflow/dags/lcbo_pipeline_dag.py for tasks to queue
[2026-09-19T20:56:22.494+0000] {logging_mixin.py:188} INFO - [2026-09-19T20:56:22.494+0000] {dagbag.py:545} INFO - Filling up the DagBag from /opt/airflow/dags/lcbo_pipeline_dag.py
[2026-09-19T20:56:22.518+0000] {processor.py:840} INFO - DAG(s) 'lcbo_pipeline' retrieved from /opt/airflow/dags/lcbo_pipeline_dag.py
[2026-09-19T20:56:22.546+0000] {logging_mixin.py:188} INFO - [2026-09-19T20:56:22.546+0000] {dag.py:3089} INFO - Sync 1 DAGs
[2026-09-19T20:56:22.556+0000] {logging_mixin.py:188} INFO - [2026-09-19T20:56:22.556+0000] {dag.py:3947} INFO - Setting next_dagrun for lcbo_pipeline to None, run_after=None
[2026-09-19T20:56:22.574+0000] {processor.py:183} INFO - Processing /opt/airflow/dags/lcbo_pipeline_dag.py took 0.088 seconds
[2026-09-19T20:56:52.737+0000] {processor.py:161} INFO - Started process (PID=2792) to work on /opt/airflow/dags/lcbo_pipeline_dag.py
[2026-09-19T20:56:52.738+0000] {processor.py:830} INFO - Processing file /opt/airflow/dags/lcbo_pipeline_dag.py for tasks to queue
[2026-09-19T20:56:52.740+0000] {logging_mixin.py:188} INFO - [2026-09-19T20:56:52.740+0000] {dagbag.py:545} INFO - Filling up the DagBag from /opt/airflow/dags/lcbo_pipeline_dag.py
[2026-09-19T20:56:52.762+0000] {processor.py:840} INFO - DAG(s) 'lcbo_pipeline' retrieved from /opt/airflow/dags/lcbo_pipeline_dag.py
[2026-09-19T20:56:52.796+0000] {logging_mixin.py:188} INFO - [2026-09-19T20:56:52.796+0000] {dag.py:3089} INFO - Sync 1 DAGs
[2026-09-19T20:56:52.812+0000] {logging_mixin.py:188} INFO - [2026-09-19T20:56:52.812+0000] {dag.py:3947} INFO - Setting next_dagrun for lcbo_pipeline to None, run_after=None
[2026-09-19T20:56:52.838+0000] {processor.py:183} INFO - Processing /opt/airflow/dags/lcbo_pipeline_dag.py took 0.106 seconds
[2026-09-19T20:57:22.934+0000] {processor.py:161} INFO - Started process (PID=2846) to work on /opt/airflow/dags/lcbo_pipeline_dag.py
[2026-09-19T20:57:22.936+0000] {processor.py:830} INFO - Processing file /opt/airflow/dags/lcbo_pipeline_dag.py for tasks to queue
[2026-09-19T20:57:22.938+0000] {logging_mixin.py:188} INFO - [2026-09-19T20:57:22.937+0000] {dagbag.py:545} INFO - Filling up the DagBag from /opt/airflow/dags/lcbo_pipeline_dag.py
[2026-09-19T20:57:22.956+0000] {processor.py:840} INFO - DAG(s) 'lcbo_pipeline' retrieved from /opt/airflow/dags/lcbo_pipeline_dag.py
[2026-09-19T20:57:22.985+0000] {logging_mixin.py:188} INFO - [2026-09-19T20:57:22.984+0000] {dag.py:3089} INFO - Sync 1 DAGs
[2026-09-19T20:57:22.996+0000] {logging_mixin.py:188} INFO - [2026-09-19T20:57:22.996+0000] {dag.py:3947} INFO - Setting next_dagrun for lcbo_pipeline to None, run_after=None
[2026-09-19T20:57:23.014+0000] {processor.py:183} INFO - Processing /opt/airflow/dags/lcbo_pipeline_dag.py took 0.086 seconds
[2026-09-19T20:57:53.214+0000] {processor.py:161} INFO - Started process (PID=2857) to work on /opt/airflow/dags/lcbo_pipeline_dag.py
[2026-09-19T20:57:53.215+0000] {processor.py:830} INFO - Processing file /opt/airflow/dags/lcbo_pipeline_dag.py for tasks to queue
[2026-09-19T20:57:53.217+0000] {logging_mixin.py:188} INFO - [2026-09-19T20:57:53.217+0000] {dagbag.py:545} INFO - Filling up the DagBag from /opt/airflow/dags/lcbo_pipeline_dag.py
[2026-09-19T20:57:53.235+0000] {processor.py:840} INFO - DAG(s) 'lcbo_pipeline' retrieved from /opt/airflow/dags/lcbo_pipeline_dag.py
[2026-09-19T20:57:53.260+0000] {logging_mixin.py:188} INFO - [2026-09-19T20:57:53.260+0000] {dag.py:3089} INFO - Sync 1 DAGs
[2026-09-19T20:57:53.270+0000] {logging_mixin.py:188} INFO - [2026-09-19T20:57:53.270+0000] {dag.py:3947} INFO - Setting next_dagrun for lcbo_pipeline to None, run_after=None
[2026-09-19T20:57:53.286+0000] {processor.py:183} INFO - Processing /opt/airflow/dags/lcbo_pipeline_dag.py took 0.077 seconds
[2026-09-19T20:58:23.422+0000] {processor.py:161} INFO - Started process (PID=2868) to work on /opt/airflow/dags/lcbo_pipeline_dag.py
[2026-09-19T20:58:23.424+0000] {processor.py:830} INFO - Processing file /opt/airflow/dags/lcbo_pipeline_dag.py for tasks to queue
[2026-09-19T20:58:23.425+0000] {logging_mixin.py:188} INFO - [2026-09-19T20:58:23.425+0000] {dagbag.py:545} INFO - Filling up the DagBag from /opt/airflow/dags/lcbo_pipeline_dag.py
[2026-09-19T20:58:23.448+0000] {processor.py:840} INFO - DAG(s) 'lcbo_pipeline' retrieved from /opt/airflow/dags/lcbo_pipeline_dag.py
[2026-09-19T20:58:23.480+0000] {logging_mixin.py:188} INFO - [2026-09-19T20:58:23.480+0000] {dag.py:3089} INFO - Sync 1 DAGs
[2026-09-19T20:58:23.492+0000] {logging_mixin.py:188} INFO - [2026-09-19T20:58:23.491+0000] {dag.py:3947} INFO - Setting next_dagrun for lcbo_pipeline to None, run_after=None
[2026-09-19T20:58:23.509+0000] {processor.py:183} INFO - Processing /opt/airflow/dags/lcbo_pipeline_dag.py took 0.093 seconds
[2026-09-19T20:58:53.672+0000] {processor.py:161} INFO - Started process (PID=2879) to work on /opt/airflow/dags/lcbo_pipeline_dag.py
[2026-09-19T20:58:53.674+0000] {processor.py:830} INFO - Processing file /opt/airflow/dags/lcbo_pipeline_dag.py for tasks to queue
[2026-09-19T20:58:53.676+0000] {logging_mixin.py:188} INFO - [2026-09-19T20:58:53.675+0000] {dagbag.py:545} INFO - Filling up the DagBag from /opt/airflow/dags/lcbo_pipeline_dag.py
[2026-09-19T20:58:53.694+0000] {processor.py:840} INFO - DAG(s) 'lcbo_pipeline' retrieved from /opt/airflow/dags/lcbo_pipeline_dag.py
[2026-09-19T20:58:53.721+0000] {logging_mixin.py:188} INFO - [2026-09-19T20:58:53.721+0000] {dag.py:3089} INFO - Sync 1 DAGs
[2026-09-19T20:58:53.732+0000] {logging_mixin.py:188} INFO - [2026-09-19T20:58:53.732+0000] {dag.py:3947} INFO - Setting next_dagrun for lcbo_pipeline to None, run_after=None
[2026-09-19T20:58:53.751+0000] {processor.py:183} INFO - Processing /opt/airflow/dags/lcbo_pipeline_dag.py took 0.083 seconds
[2026-09-19T20:59:23.883+0000] {processor.py:161} INFO - Started process (PID=2890) to work on /opt/airflow/dags/lcbo_pipeline_dag.py
[2026-09-19T20:59:23.885+0000] {processor.py:830} INFO - Processing file /opt/airflow/dags/lcbo_pipeline_dag.py for tasks to queue
[2026-09-19T20:59:23.887+0000] {logging_mixin.py:188} INFO - [2026-09-19T20:59:23.886+0000] {dagbag.py:545} INFO - Filling up the DagBag from /opt/airflow/dags/lcbo_pipeline_dag.py
[2026-09-19T20:59:23.905+0000] {processor.py:840} INFO - DAG(s) 'lcbo_pipeline' retrieved from /opt/airflow/dags/lcbo_pipeline_dag.py
[2026-09-19T20:59:23.932+0000] {logging_mixin.py:188} INFO - [2026-09-19T20:59:23.931+0000] {dag.py:3089} INFO - Sync 1 DAGs
[2026-09-19T20:59:23.944+0000] {logging_mixin.py:188} INFO - [2026-09-19T20:59:23.944+0000] {dag.py:3947} INFO - Setting next_dagrun for lcbo_pipeline to None, run_after=None
[2026-09-19T20:59:23.965+0000] {processor.py:183} INFO - Processing /opt/airflow/dags/lcbo_pipeline_dag.py took 0.087 seconds
[2026-09-19T20:59:54.117+0000] {processor.py:161} INFO - Started process (PID=2901) to work on /opt/airflow/dags/lcbo_pipeline_dag.py
[2026-09-19T20:59:54.118+0000] {processor.py:830} INFO - Processing file /opt/airflow/dags/lcbo_pipeline_dag.py for tasks to queue
[2026-09-19T20:59:54.120+0000] {logging_mixin.py:188} INFO - [2026-09-19T20:59:54.120+0000] {dagbag.py:545} INFO - Filling up the DagBag from /opt/airflow/dags/lcbo_pipeline_dag.py
[2026-09-19T20:59:54.138+0000] {processor.py:840} INFO - DAG(s) 'lcbo_pipeline' retrieved from /opt/airflow/dags/lcbo_pipeline_dag.py
[2026-09-19T20:59:54.163+0000] {logging_mixin.py:188} INFO - [2026-09-19T20:59:54.163+0000] {dag.py:3089} INFO - Sync 1 DAGs
[2026-09-19T20:59:54.174+0000] {logging_mixin.py:188} INFO - [2026-09-19T20:59:54.174+0000] {dag.py:3947} INFO - Setting next_dagrun for lcbo_pipeline to None, run_after=None
[2026-09-19T20:59:54.190+0000] {processor.py:183} INFO - Processing /opt/airflow/dags/lcbo_pipeline_dag.py took 0.077 seconds
[2026-09-19T21:00:24.339+0000] {processor.py:161} INFO - Started process (PID=2912) to work on /opt/airflow/dags/lcbo_pipeline_dag.py
[2026-09-19T21:00:24.340+0000] {processor.py:830} INFO - Processing file /opt/airflow/dags/lcbo_pipeline_dag.py for tasks to queue
[2026-09-19T21:00:24.342+0000] {logging_mixin.py:188} INFO - [2026-09-19T21:00:24.342+0000] {dagbag.py:545} INFO - Filling up the DagBag from /opt/airflow/dags/lcbo_pipeline_dag.py
[2026-09-19T21:00:24.360+0000] {processor.py:840} INFO - DAG(s) 'lcbo_pipeline' retrieved from /opt/airflow/dags/lcbo_pipeline_dag.py
[2026-09-19T21:00:24.385+0000] {logging_mixin.py:188} INFO - [2026-09-19T21:00:24.385+0000] {dag.py:3089} INFO - Sync 1 DAGs
[2026-09-19T21:00:24.397+0000] {logging_mixin.py:188} INFO - [2026-09-19T21:00:24.397+0000] {dag.py:3947} INFO - Setting next_dagrun for lcbo_pipeline to None, run_after=None
[2026-09-19T21:00:24.414+0000] {processor.py:183} INFO - Processing /opt/airflow/dags/lcbo_pipeline_dag.py took 0.080 seconds
[2026-09-19T21:00:54.592+0000] {processor.py:161} INFO - Started process (PID=2923) to work on /opt/airflow/dags/lcbo_pipeline_dag.py
[2026-09-19T21:00:54.593+0000] {processor.py:830} INFO - Processing file /opt/airflow/dags/lcbo_pipeline_dag.py for tasks to queue
[2026-09-19T21:00:54.595+0000] {logging_mixin.py:188} INFO - [2026-09-19T21:00:54.595+0000] {dagbag.py:545} INFO - Filling up the DagBag from /opt/airflow/dags/lcbo_pipeline_dag.py
[2026-09-19T21:00:54.612+0000] {processor.py:840} INFO - DAG(s) 'lcbo_pipeline' retrieved from /opt/airflow/dags/lcbo_pipeline_dag.py
[2026-09-19T21:00:54.637+0000] {logging_mixin.py:188} INFO - [2026-09-19T21:00:54.637+0000] {dag.py:3089} INFO - Sync 1 DAGs
[2026-09-19T21:00:54.647+0000] {logging_mixin.py:188} INFO - [2026-09-19T21:00:54.647+0000] {dag.py:3947} INFO - Setting next_dagrun for lcbo_pipeline to None, run_after=None
[2026-09-19T21:00:54.663+0000] {processor.py:183} INFO - Processing /opt/airflow/dags/lcbo_pipeline_dag.py took 0.076 seconds
[2026-09-19T21:01:24.782+0000] {processor.py:161} INFO - Started process (PID=2934) to work on /opt/airflow/dags/lcbo_pipeline_dag.py
[2026-09-19T21:01:24.784+0000] {processor.py:830} INFO - Processing file /opt/airflow/dags/lcbo_pipeline_dag.py for tasks to queue
[2026-09-19T21:01:24.785+0000] {logging_mixin.py:188} INFO - [2026-09-19T21:01:24.785+0000] {dagbag.py:545} INFO - Filling up the DagBag from /opt/airflow/dags/lcbo_pipeline_dag.py
[2026-09-19T21:01:24.804+0000] {processor.py:840} INFO - DAG(s) 'lcbo_pipeline' retrieved from /opt/airflow/dags/lcbo_pipeline_dag.py
[2026-09-19T21:01:24.830+0000] {logging_mixin.py:188} INFO - [2026-09-19T21:01:24.830+0000] {dag.py:3089} INFO - Sync 1 DAGs
[2026-09-19T21:01:24.842+0000] {logging_mixin.py:188} INFO - [2026-09-19T21:01:24.842+0000] {dag.py:3947} INFO - Setting next_dagrun for lcbo_pipeline to None, run_after=None
[2026-09-19T21:01:24.858+0000] {processor.py:183} INFO - Processing /opt/airflow/dags/lcbo_pipeline_dag.py took 0.080 seconds
[2026-09-19T21:01:55.012+0000] {processor.py:161} INFO - Started process (PID=2945) to work on /opt/airflow/dags/lcbo_pipeline_dag.py
[2026-09-19T21:01:55.013+0000] {processor.py:830} INFO - Processing file /opt/airflow/dags/lcbo_pipeline_dag.py for tasks to queue
[2026-09-19T21:01:55.015+0000] {logging_mixin.py:188} INFO - [2026-09-19T21:01:55.015+0000] {dagbag.py:545} INFO - Filling up the DagBag from /opt/airflow/dags/lcbo_pipeline_dag.py
[2026-09-19T21:01:55.033+0000] {processor.py:840} INFO - DAG(s) 'lcbo_pipeline' retrieved from /opt/airflow/dags/lcbo_pipeline_dag.py
[2026-09-19T21:01:55.061+0000] {logging_mixin.py:188} INFO - [2026-09-19T21:01:55.061+0000] {dag.py:3089} INFO - Sync 1 DAGs
[2026-09-19T21:01:55.072+0000] {logging_mixin.py:188} INFO - [2026-09-19T21:01:55.072+0000] {dag.py:3947} INFO - Setting next_dagrun for lcbo_pipeline to None, run_after=None
[2026-09-19T21:01:55.090+0000] {processor.py:183} INFO - Processing /opt/airflow/dags/lcbo_pipeline_dag.py took 0.083 seconds
[2026-09-19T21:02:25.205+0000] {processor.py:161} INFO - Started process (PID=2956) to work on /opt/airflow/dags/lcbo_pipeline_dag.py
[2026-09-19T21:02:25.207+0000] {processor.py:830} INFO - Processing file /opt/airflow/dags/lcbo_pipeline_dag.py for tasks to queue
[2026-09-19T21:02:25.209+0000] {logging_mixin.py:188} INFO - [2026-09-19T21:02:25.208+0000] {dagbag.py:545} INFO - Filling up the DagBag from /opt/airflow/dags/lcbo_pipeline_dag.py
[2026-09-19T21:02:25.227+0000] {processor.py:840} INFO - DAG(s) 'lcbo_pipeline' retrieved from /opt/airflow/dags/lcbo_pipeline_dag.py
[2026-09-19T21:02:25.253+0000] {logging_mixin.py:188} INFO - [2026-09-19T21:02:25.253+0000] {dag.py:3089} INFO - Sync 1 DAGs
[2026-09-19T21:02:25.262+0000] {logging_mixin.py:188} INFO - [2026-09-19T21:02:25.262+0000] {dag.py:3947} INFO - Setting next_dagrun for lcbo_pipeline to None, run_after=None
[2026-09-19T21:02:25.276+0000] {processor.py:183} INFO - Processing /opt/airflow/dags/lcbo_pipeline_dag.py took 0.075 seconds
[2026-09-19T21:02:44.380+0000] {processor.py:161} INFO - Started process (PID=2961) to work on /opt/airflow/dags/lcbo_pipeline_dag.py
[2026-09-19T21:02:44.381+0000] {processor.py:830} INFO - Processing file /opt/airflow/dags/lcbo_pipeline_dag.py for tasks to queue
[2026-09-19T21:02:44.383+0000] {logging_mixin.py:188} INFO - [2026-09-19T21:02:44.383+0000] {dagbag.py:545} INFO - Filling up the DagBag from /opt/airflow/dags/lcbo_pipeline_dag.py
[2026-09-19T21:02:44.414+0000] {processor.py:840} INFO - DAG(s) 'lcbo_pipeline' retrieved from /opt/airflow/dags/lcbo_pipeline_dag.py
[2026-09-19T21:02:44.551+0000] {logging_mixin.py:188} INFO - [2026-09-19T21:02:44.551+0000] {dag.py:3089} INFO - Sync 1 DAGs
[2026-09-19T21:02:44.561+0000] {logging_mixin.py:188} INFO - [2026-09-19T21:02:44.561+0000] {dag.py:3947} INFO - Setting next_dagrun for lcbo_pipeline to None, run_after=None
[2026-09-19T21:02:44.585+0000] {processor.py:183} INFO - Processing /opt/airflow/dags/lcbo_pipeline_dag.py took 0.209 seconds
[2026-09-19T21:03:14.771+0000] {processor.py:161} INFO - Started process (PID=2972) to work on /opt/airflow/dags/lcbo_pipeline_dag.py
[2026-09-19T21:03:14.772+0000] {processor.py:830} INFO - Processing file /opt/airflow/dags/lcbo_pipeline_dag.py for tasks to queue
[2026-09-19T21:03:14.774+0000] {logging_mixin.py:188} INFO - [2026-09-19T21:03:14.774+0000] {dagbag.py:545} INFO - Filling up the DagBag from /opt/airflow/dags/lcbo_pipeline_dag.py
[2026-09-19T21:03:14.792+0000] {processor.py:840} INFO - DAG(s) 'lcbo_pipeline' retrieved from /opt/airflow/dags/lcbo_pipeline_dag.py
[2026-09-19T21:03:14.818+0000] {logging_mixin.py:188} INFO - [2026-09-19T21:03:14.817+0000] {dag.py:3089} INFO - Sync 1 DAGs
[2026-09-19T21:03:14.828+0000] {logging_mixin.py:188} INFO - [2026-09-19T21:03:14.828+0000] {dag.py:3947} INFO - Setting next_dagrun for lcbo_pipeline to None, run_after=None
[2026-09-19T21:03:14.844+0000] {processor.py:183} INFO - Processing /opt/airflow/dags/lcbo_pipeline_dag.py took 0.078 seconds
[2026-09-19T21:03:44.957+0000] {processor.py:161} INFO - Started process (PID=2983) to work on /opt/airflow/dags/lcbo_pipeline_dag.py
[2026-09-19T21:03:44.959+0000] {processor.py:830} INFO - Processing file /opt/airflow/dags/lcbo_pipeline_dag.py for tasks to queue
[2026-09-19T21:03:44.961+0000] {logging_mixin.py:188} INFO - [2026-09-19T21:03:44.961+0000] {dagbag.py:545} INFO - Filling up the DagBag from /opt/airflow/dags/lcbo_pipeline_dag.py
[2026-09-19T21:03:44.979+0000] {processor.py:840} INFO - DAG(s) 'lcbo_pipeline' retrieved from /opt/airflow/dags/lcbo_pipeline_dag.py
[2026-09-19T21:03:45.009+0000] {logging_mixin.py:188} INFO - [2026-09-19T21:03:45.008+0000] {dag.py:3089} INFO - Sync 1 DAGs
[2026-09-19T21:03:45.020+0000] {logging_mixin.py:188} INFO - [2026-09-19T21:03:45.020+0000] {dag.py:3947} INFO - Setting next_dagrun for lcbo_pipeline to None, run_after=None
[2026-09-19T21:03:45.037+0000] {processor.py:183} INFO - Processing /opt/airflow/dags/lcbo_pipeline_dag.py took 0.085 seconds
[2026-09-19T21:04:15.195+0000] {processor.py:161} INFO - Started process (PID=2994) to work on /opt/airflow/dags/lcbo_pipeline_dag.py
[2026-09-19T21:04:15.197+0000] {processor.py:830} INFO - Processing file /opt/airflow/dags/lcbo_pipeline_dag.py for tasks to queue
[2026-09-19T21:04:15.199+0000] {logging_mixin.py:188} INFO - [2026-09-19T21:04:15.198+0000] {dagbag.py:545} INFO - Filling up the DagBag from /opt/airflow/dags/lcbo_pipeline_dag.py
[2026-09-19T21:04:15.217+0000] {processor.py:840} INFO - DAG(s) 'lcbo_pipeline' retrieved from /opt/airflow/dags/lcbo_pipeline_dag.py
[2026-09-19T21:04:15.243+0000] {logging_mixin.py:188} INFO - [2026-09-19T21:04:15.242+0000] {dag.py:3089} INFO - Sync 1 DAGs
[2026-09-19T21:04:15.255+0000] {logging_mixin.py:188} INFO - [2026-09-19T21:04:15.255+0000] {dag.py:3947} INFO - Setting next_dagrun for lcbo_pipeline to None, run_after=None
[2026-09-19T21:04:15.275+0000] {processor.py:183} INFO - Processing /opt/airflow/dags/lcbo_pipeline_dag.py took 0.085 seconds
[2026-09-19T21:04:45.397+0000] {processor.py:161} INFO - Started process (PID=3005) to work on /opt/airflow/dags/lcbo_pipeline_dag.py
[2026-09-19T21:04:45.399+0000] {processor.py:830} INFO - Processing file /opt/airflow/dags/lcbo_pipeline_dag.py for tasks to queue
[2026-09-19T21:04:45.401+0000] {logging_mixin.py:188} INFO - [2026-09-19T21:04:45.401+0000] {dagbag.py:545} INFO - Filling up the DagBag from /opt/airflow/dags/lcbo_pipeline_dag.py
[2026-09-19T21:04:45.422+0000] {processor.py:840} INFO - DAG(s) 'lcbo_pipeline' retrieved from /opt/airflow/dags/lcbo_pipeline_dag.py
[2026-09-19T21:04:45.450+0000] {logging_mixin.py:188} INFO - [2026-09-19T21:04:45.450+0000] {dag.py:3089} INFO - Sync 1 DAGs
[2026-09-19T21:04:45.460+0000] {logging_mixin.py:188} INFO - [2026-09-19T21:04:45.460+0000] {dag.py:3947} INFO - Setting next_dagrun for lcbo_pipeline to None, run_after=None
[2026-09-19T21:04:45.477+0000] {processor.py:183} INFO - Processing /opt/airflow/dags/lcbo_pipeline_dag.py took 0.085 seconds
[2026-09-19T21:05:15.642+0000] {processor.py:161} INFO - Started process (PID=3016) to work on /opt/airflow/dags/lcbo_pipeline_dag.py
[2026-09-19T21:05:15.643+0000] {processor.py:830} INFO - Processing file /opt/airflow/dags/lcbo_pipeline_dag.py for tasks to queue
[2026-09-19T21:05:15.645+0000] {logging_mixin.py:188} INFO - [2026-09-19T21:05:15.645+0000] {dagbag.py:545} INFO - Filling up the DagBag from /opt/airflow/dags/lcbo_pipeline_dag.py
[2026-09-19T21:05:15.664+0000] {processor.py:840} INFO - DAG(s) 'lcbo_pipeline' retrieved from /opt/airflow/dags/lcbo_pipeline_dag.py
[2026-09-19T21:05:15.691+0000] {logging_mixin.py:188} INFO - [2026-09-19T21:05:15.690+0000] {dag.py:3089} INFO - Sync 1 DAGs
[2026-09-19T21:05:15.701+0000] {logging_mixin.py:188} INFO - [2026-09-19T21:05:15.701+0000] {dag.py:3947} INFO - Setting next_dagrun for lcbo_pipeline to None, run_after=None
[2026-09-19T21:05:15.719+0000] {processor.py:183} INFO - Processing /opt/airflow/dags/lcbo_pipeline_dag.py took 0.082 seconds
[2026-09-19T21:05:45.875+0000] {processor.py:161} INFO - Started process (PID=3027) to work on /opt/airflow/dags/lcbo_pipeline_dag.py
[2026-09-19T21:05:45.876+0000] {processor.py:830} INFO - Processing file /opt/airflow/dags/lcbo_pipeline_dag.py for tasks to queue
[2026-09-19T21:05:45.878+0000] {logging_mixin.py:188} INFO - [2026-09-19T21:05:45.878+0000] {dagbag.py:545} INFO - Filling up the DagBag from /opt/airflow/dags/lcbo_pipeline_dag.py
[2026-09-19T21:05:45.912+0000] {processor.py:840} INFO - DAG(s) 'lcbo_pipeline' retrieved from /opt/airflow/dags/lcbo_pipeline_dag.py
[2026-09-19T21:05:45.953+0000] {logging_mixin.py:188} INFO - [2026-09-19T21:05:45.953+0000] {dag.py:3089} INFO - Sync 1 DAGs
[2026-09-19T21:05:45.977+0000] {logging_mixin.py:188} INFO - [2026-09-19T21:05:45.977+0000] {dag.py:3947} INFO - Setting next_dagrun for lcbo_pipeline to None, run_after=None
[2026-09-19T21:05:45.999+0000] {processor.py:183} INFO - Processing /opt/airflow/dags/lcbo_pipeline_dag.py took 0.132 seconds
[2026-09-19T21:06:16.090+0000] {processor.py:161} INFO - Started process (PID=3038) to work on /opt/airflow/dags/lcbo_pipeline_dag.py
[2026-09-19T21:06:16.092+0000] {processor.py:830} INFO - Processing file /opt/airflow/dags/lcbo_pipeline_dag.py for tasks to queue
[2026-09-19T21:06:16.094+0000] {logging_mixin.py:188} INFO - [2026-09-19T21:06:16.094+0000] {dagbag.py:545} INFO - Filling up the DagBag from /opt/airflow/dags/lcbo_pipeline_dag.py
[2026-09-19T21:06:16.111+0000] {processor.py:840} INFO - DAG(s) 'lcbo_pipeline' retrieved from /opt/airflow/dags/lcbo_pipeline_dag.py
[2026-09-19T21:06:16.138+0000] {logging_mixin.py:188} INFO - [2026-09-19T21:06:16.138+0000] {dag.py:3089} INFO - Sync 1 DAGs
[2026-09-19T21:06:16.148+0000] {logging_mixin.py:188} INFO - [2026-09-19T21:06:16.148+0000] {dag.py:3947} INFO - Setting next_dagrun for lcbo_pipeline to None, run_after=None
[2026-09-19T21:06:16.165+0000] {processor.py:183} INFO - Processing /opt/airflow/dags/lcbo_pipeline_dag.py took 0.079 seconds
[2026-09-19T21:06:46.377+0000] {processor.py:161} INFO - Started process (PID=3049) to work on /opt/airflow/dags/lcbo_pipeline_dag.py
[2026-09-19T21:06:46.378+0000] {processor.py:830} INFO - Processing file /opt/airflow/dags/lcbo_pipeline_dag.py for tasks to queue
[2026-09-19T21:06:46.380+0000] {logging_mixin.py:188} INFO - [2026-09-19T21:06:46.379+0000] {dagbag.py:545} INFO - Filling up the DagBag from /opt/airflow/dags/lcbo_pipeline_dag.py
[2026-09-19T21:06:46.401+0000] {processor.py:840} INFO - DAG(s) 'lcbo_pipeline' retrieved from /opt/airflow/dags/lcbo_pipeline_dag.py
[2026-09-19T21:06:46.435+0000] {logging_mixin.py:188} INFO - [2026-09-19T21:06:46.435+0000] {dag.py:3089} INFO - Sync 1 DAGs
[2026-09-19T21:06:46.446+0000] {logging_mixin.py:188} INFO - [2026-09-19T21:06:46.446+0000] {dag.py:3947} INFO - Setting next_dagrun for lcbo_pipeline to None, run_after=None
[2026-09-19T21:06:46.463+0000] {processor.py:183} INFO - Processing /opt/airflow/dags/lcbo_pipeline_dag.py took 0.093 seconds
[2026-09-19T21:07:16.575+0000] {processor.py:161} INFO - Started process (PID=3060) to work on /opt/airflow/dags/lcbo_pipeline_dag.py
[2026-09-19T21:07:16.576+0000] {processor.py:830} INFO - Processing file /opt/airflow/dags/lcbo_pipeline_dag.py for tasks to queue
[2026-09-19T21:07:16.578+0000] {logging_mixin.py:188} INFO - [2026-09-19T21:07:16.578+0000] {dagbag.py:545} INFO - Filling up the DagBag from /opt/airflow/dags/lcbo_pipeline_dag.py
[2026-09-19T21:07:16.596+0000] {processor.py:840} INFO - DAG(s) 'lcbo_pipeline' retrieved from /opt/airflow/dags/lcbo_pipeline_dag.py
[2026-09-19T21:07:16.628+0000] {logging_mixin.py:188} INFO - [2026-09-19T21:07:16.628+0000] {dag.py:3089} INFO - Sync 1 DAGs
[2026-09-19T21:07:16.637+0000] {logging_mixin.py:188} INFO - [2026-09-19T21:07:16.637+0000] {dag.py:3947} INFO - Setting next_dagrun for lcbo_pipeline to None, run_after=None
[2026-09-19T21:07:16.652+0000] {processor.py:183} INFO - Processing /opt/airflow/dags/lcbo_pipeline_dag.py took 0.081 seconds
[2026-09-19T21:07:46.844+0000] {processor.py:161} INFO - Started process (PID=3071) to work on /opt/airflow/dags/lcbo_pipeline_dag.py
[2026-09-19T21:07:46.846+0000] {processor.py:830} INFO - Processing file /opt/airflow/dags/lcbo_pipeline_dag.py for tasks to queue
[2026-09-19T21:07:46.848+0000] {logging_mixin.py:188} INFO - [2026-09-19T21:07:46.847+0000] {dagbag.py:545} INFO - Filling up the DagBag from /opt/airflow/dags/lcbo_pipeline_dag.py
[2026-09-19T21:07:46.869+0000] {processor.py:840} INFO - DAG(s) 'lcbo_pipeline' retrieved from /opt/airflow/dags/lcbo_pipeline_dag.py
[2026-09-19T21:07:46.895+0000] {logging_mixin.py:188} INFO - [2026-09-19T21:07:46.894+0000] {dag.py:3089} INFO - Sync 1 DAGs
[2026-09-19T21:07:46.907+0000] {logging_mixin.py:188} INFO - [2026-09-19T21:07:46.907+0000] {dag.py:3947} INFO - Setting next_dagrun for lcbo_pipeline to None, run_after=None
[2026-09-19T21:07:46.925+0000] {processor.py:183} INFO - Processing /opt/airflow/dags/lcbo_pipeline_dag.py took 0.086 seconds
[2026-09-19T21:08:17.041+0000] {processor.py:161} INFO - Started process (PID=3082) to work on /opt/airflow/dags/lcbo_pipeline_dag.py
[2026-09-19T21:08:17.042+0000] {processor.py:830} INFO - Processing file /opt/airflow/dags/lcbo_pipeline_dag.py for tasks to queue
[2026-09-19T21:08:17.044+0000] {logging_mixin.py:188} INFO - [2026-09-19T21:08:17.044+0000] {dagbag.py:545} INFO - Filling up the DagBag from /opt/airflow/dags/lcbo_pipeline_dag.py
[2026-09-19T21:08:17.061+0000] {processor.py:840} INFO - DAG(s) 'lcbo_pipeline' retrieved from /opt/airflow/dags/lcbo_pipeline_dag.py
[2026-09-19T21:08:17.088+0000] {logging_mixin.py:188} INFO - [2026-09-19T21:08:17.088+0000] {dag.py:3089} INFO - Sync 1 DAGs
[2026-09-19T21:08:17.099+0000] {logging_mixin.py:188} INFO - [2026-09-19T21:08:17.099+0000] {dag.py:3947} INFO - Setting next_dagrun for lcbo_pipeline to None, run_after=None
[2026-09-19T21:08:17.114+0000] {processor.py:183} INFO - Processing /opt/airflow/dags/lcbo_pipeline_dag.py took 0.078 seconds
[2026-09-19T21:08:47.292+0000] {processor.py:161} INFO - Started process (PID=3093) to work on /opt/airflow/dags/lcbo_pipeline_dag.py
[2026-09-19T21:08:47.293+0000] {processor.py:830} INFO - Processing file /opt/airflow/dags/lcbo_pipeline_dag.py for tasks to queue
[2026-09-19T21:08:47.295+0000] {logging_mixin.py:188} INFO - [2026-09-19T21:08:47.295+0000] {dagbag.py:545} INFO - Filling up the DagBag from /opt/airflow/dags/lcbo_pipeline_dag.py
[2026-09-19T21:08:47.316+0000] {processor.py:840} INFO - DAG(s) 'lcbo_pipeline' retrieved from /opt/airflow/dags/lcbo_pipeline_dag.py
[2026-09-19T21:08:47.343+0000] {logging_mixin.py:188} INFO - [2026-09-19T21:08:47.343+0000] {dag.py:3089} INFO - Sync 1 DAGs
[2026-09-19T21:08:47.352+0000] {logging_mixin.py:188} INFO - [2026-09-19T21:08:47.352+0000] {dag.py:3947} INFO - Setting next_dagrun for lcbo_pipeline to None, run_after=None
[2026-09-19T21:08:47.368+0000] {processor.py:183} INFO - Processing /opt/airflow/dags/lcbo_pipeline_dag.py took 0.081 seconds
[2026-09-19T21:09:17.479+0000] {processor.py:161} INFO - Started process (PID=3104) to work on /opt/airflow/dags/lcbo_pipeline_dag.py
[2026-09-19T21:09:17.480+0000] {processor.py:830} INFO - Processing file /opt/airflow/dags/lcbo_pipeline_dag.py for tasks to queue
[2026-09-19T21:09:17.483+0000] {logging_mixin.py:188} INFO - [2026-09-19T21:09:17.483+0000] {dagbag.py:545} INFO - Filling up the DagBag from /opt/airflow/dags/lcbo_pipeline_dag.py
[2026-09-19T21:09:17.502+0000] {processor.py:840} INFO - DAG(s) 'lcbo_pipeline' retrieved from /opt/airflow/dags/lcbo_pipeline_dag.py
[2026-09-19T21:09:17.528+0000] {logging_mixin.py:188} INFO - [2026-09-19T21:09:17.528+0000] {dag.py:3089} INFO - Sync 1 DAGs
[2026-09-19T21:09:17.539+0000] {logging_mixin.py:188} INFO - [2026-09-19T21:09:17.539+0000] {dag.py:3947} INFO - Setting next_dagrun for lcbo_pipeline to None, run_after=None
[2026-09-19T21:09:17.555+0000] {processor.py:183} INFO - Processing /opt/airflow/dags/lcbo_pipeline_dag.py took 0.080 seconds
[2026-09-19T21:09:47.754+0000] {processor.py:161} INFO - Started process (PID=3115) to work on /opt/airflow/dags/lcbo_pipeline_dag.py
[2026-09-19T21:09:47.755+0000] {processor.py:830} INFO - Processing file /opt/airflow/dags/lcbo_pipeline_dag.py for tasks to queue
[2026-09-19T21:09:47.757+0000] {logging_mixin.py:188} INFO - [2026-09-19T21:09:47.757+0000] {dagbag.py:545} INFO - Filling up the DagBag from /opt/airflow/dags/lcbo_pipeline_dag.py
[2026-09-19T21:09:47.777+0000] {processor.py:840} INFO - DAG(s) 'lcbo_pipeline' retrieved from /opt/airflow/dags/lcbo_pipeline_dag.py
[2026-09-19T21:09:47.803+0000] {logging_mixin.py:188} INFO - [2026-09-19T21:09:47.803+0000] {dag.py:3089} INFO - Sync 1 DAGs
[2026-09-19T21:09:47.813+0000] {logging_mixin.py:188} INFO - [2026-09-19T21:09:47.813+0000] {dag.py:3947} INFO - Setting next_dagrun for lcbo_pipeline to None, run_after=None
[2026-09-19T21:09:47.833+0000] {processor.py:183} INFO - Processing /opt/airflow/dags/lcbo_pipeline_dag.py took 0.084 seconds
[2026-09-19T21:10:17.951+0000] {processor.py:161} INFO - Started process (PID=3126) to work on /opt/airflow/dags/lcbo_pipeline_dag.py
[2026-09-19T21:10:17.953+0000] {processor.py:830} INFO - Processing file /opt/airflow/dags/lcbo_pipeline_dag.py for tasks to queue
[2026-09-19T21:10:17.955+0000] {logging_mixin.py:188} INFO - [2026-09-19T21:10:17.954+0000] {dagbag.py:545} INFO - Filling up the DagBag from /opt/airflow/dags/lcbo_pipeline_dag.py
[2026-09-19T21:10:17.973+0000] {processor.py:840} INFO - DAG(s) 'lcbo_pipeline' retrieved from /opt/airflow/dags/lcbo_pipeline_dag.py
[2026-09-19T21:10:18.001+0000] {logging_mixin.py:188} INFO - [2026-09-19T21:10:18.001+0000] {dag.py:3089} INFO - Sync 1 DAGs
[2026-09-19T21:10:18.012+0000] {logging_mixin.py:188} INFO - [2026-09-19T21:10:18.011+0000] {dag.py:3947} INFO - Setting next_dagrun for lcbo_pipeline to None, run_after=None
[2026-09-19T21:10:18.026+0000] {processor.py:183} INFO - Processing /opt/airflow/dags/lcbo_pipeline_dag.py took 0.080 seconds
[2026-09-19T21:10:48.248+0000] {processor.py:161} INFO - Started process (PID=3137) to work on /opt/airflow/dags/lcbo_pipeline_dag.py
[2026-09-19T21:10:48.250+0000] {processor.py:830} INFO - Processing file /opt/airflow/dags/lcbo_pipeline_dag.py for tasks to queue
[2026-09-19T21:10:48.252+0000] {logging_mixin.py:188} INFO - [2026-09-19T21:10:48.252+0000] {dagbag.py:545} INFO - Filling up the DagBag from /opt/airflow/dags/lcbo_pipeline_dag.py
[2026-09-19T21:10:48.270+0000] {processor.py:840} INFO - DAG(s) 'lcbo_pipeline' retrieved from /opt/airflow/dags/lcbo_pipeline_dag.py
[2026-09-19T21:10:48.299+0000] {logging_mixin.py:188} INFO - [2026-09-19T21:10:48.298+0000] {dag.py:3089} INFO - Sync 1 DAGs
[2026-09-19T21:10:48.312+0000] {logging_mixin.py:188} INFO - [2026-09-19T21:10:48.312+0000] {dag.py:3947} INFO - Setting next_dagrun for lcbo_pipeline to None, run_after=None
[2026-09-19T21:10:48.330+0000] {processor.py:183} INFO - Processing /opt/airflow/dags/lcbo_pipeline_dag.py took 0.086 seconds
[2026-09-19T21:11:18.442+0000] {processor.py:161} INFO - Started process (PID=3148) to work on /opt/airflow/dags/lcbo_pipeline_dag.py
[2026-09-19T21:11:18.444+0000] {processor.py:830} INFO - Processing file /opt/airflow/dags/lcbo_pipeline_dag.py for tasks to queue
[2026-09-19T21:11:18.445+0000] {logging_mixin.py:188} INFO - [2026-09-19T21:11:18.445+0000] {dagbag.py:545} INFO - Filling up the DagBag from /opt/airflow/dags/lcbo_pipeline_dag.py
[2026-09-19T21:11:18.463+0000] {processor.py:840} INFO - DAG(s) 'lcbo_pipeline' retrieved from /opt/airflow/dags/lcbo_pipeline_dag.py
[2026-09-19T21:11:18.490+0000] {logging_mixin.py:188} INFO - [2026-09-19T21:11:18.490+0000] {dag.py:3089} INFO - Sync 1 DAGs
[2026-09-19T21:11:18.502+0000] {logging_mixin.py:188} INFO - [2026-09-19T21:11:18.502+0000] {dag.py:3947} INFO - Setting next_dagrun for lcbo_pipeline to None, run_after=None
[2026-09-19T21:11:18.520+0000] {processor.py:183} INFO - Processing /opt/airflow/dags/lcbo_pipeline_dag.py took 0.083 seconds
[2026-09-19T21:11:48.709+0000] {processor.py:161} INFO - Started process (PID=3159) to work on /opt/airflow/dags/lcbo_pipeline_dag.py
[2026-09-19T21:11:48.711+0000] {processor.py:830} INFO - Processing file /opt/airflow/dags/lcbo_pipeline_dag.py for tasks to queue
[2026-09-19T21:11:48.712+0000] {logging_mixin.py:188} INFO - [2026-09-19T21:11:48.712+0000] {dagbag.py:545} INFO - Filling up the DagBag from /opt/airflow/dags/lcbo_pipeline_dag.py
[2026-09-19T21:11:48.730+0000] {processor.py:840} INFO - DAG(s) 'lcbo_pipeline' retrieved from /opt/airflow/dags/lcbo_pipeline_dag.py
[2026-09-19T21:11:48.754+0000] {logging_mixin.py:188} INFO - [2026-09-19T21:11:48.754+0000] {dag.py:3089} INFO - Sync 1 DAGs
[2026-09-19T21:11:48.765+0000] {logging_mixin.py:188} INFO - [2026-09-19T21:11:48.765+0000] {dag.py:3947} INFO - Setting next_dagrun for lcbo_pipeline to None, run_after=None
[2026-09-19T21:11:48.781+0000] {processor.py:183} INFO - Processing /opt/airflow/dags/lcbo_pipeline_dag.py took 0.076 seconds
[2026-09-19T21:12:18.925+0000] {processor.py:161} INFO - Started process (PID=3170) to work on /opt/airflow/dags/lcbo_pipeline_dag.py
[2026-09-19T21:12:18.926+0000] {processor.py:830} INFO - Processing file /opt/airflow/dags/lcbo_pipeline_dag.py for tasks to queue
[2026-09-19T21:12:18.928+0000] {logging_mixin.py:188} INFO - [2026-09-19T21:12:18.928+0000] {dagbag.py:545} INFO - Filling up the DagBag from /opt/airflow/dags/lcbo_pipeline_dag.py
[2026-09-19T21:12:18.946+0000] {processor.py:840} INFO - DAG(s) 'lcbo_pipeline' retrieved from /opt/airflow/dags/lcbo_pipeline_dag.py
[2026-09-19T21:12:18.971+0000] {logging_mixin.py:188} INFO - [2026-09-19T21:12:18.971+0000] {dag.py:3089} INFO - Sync 1 DAGs
[2026-09-19T21:12:18.981+0000] {logging_mixin.py:188} INFO - [2026-09-19T21:12:18.981+0000] {dag.py:3947} INFO - Setting next_dagrun for lcbo_pipeline to None, run_after=None
[2026-09-19T21:12:19.000+0000] {processor.py:183} INFO - Processing /opt/airflow/dags/lcbo_pipeline_dag.py took 0.080 seconds
[2026-09-19T21:12:49.158+0000] {processor.py:161} INFO - Started process (PID=3181) to work on /opt/airflow/dags/lcbo_pipeline_dag.py
[2026-09-19T21:12:49.160+0000] {processor.py:830} INFO - Processing file /opt/airflow/dags/lcbo_pipeline_dag.py for tasks to queue
[2026-09-19T21:12:49.162+0000] {logging_mixin.py:188} INFO - [2026-09-19T21:12:49.161+0000] {dagbag.py:545} INFO - Filling up the DagBag from /opt/airflow/dags/lcbo_pipeline_dag.py
[2026-09-19T21:12:49.179+0000] {processor.py:840} INFO - DAG(s) 'lcbo_pipeline' retrieved from /opt/airflow/dags/lcbo_pipeline_dag.py
[2026-09-19T21:12:49.205+0000] {logging_mixin.py:188} INFO - [2026-09-19T21:12:49.204+0000] {dag.py:3089} INFO - Sync 1 DAGs
[2026-09-19T21:12:49.216+0000] {logging_mixin.py:188} INFO - [2026-09-19T21:12:49.216+0000] {dag.py:3947} INFO - Setting next_dagrun for lcbo_pipeline to None, run_after=None
[2026-09-19T21:12:49.233+0000] {processor.py:183} INFO - Processing /opt/airflow/dags/lcbo_pipeline_dag.py took 0.080 seconds
[2026-09-19T21:13:19.374+0000] {processor.py:161} INFO - Started process (PID=3192) to work on /opt/airflow/dags/lcbo_pipeline_dag.py
[2026-09-19T21:13:19.376+0000] {processor.py:830} INFO - Processing file /opt/airflow/dags/lcbo_pipeline_dag.py for tasks to queue
[2026-09-19T21:13:19.378+0000] {logging_mixin.py:188} INFO - [2026-09-19T21:13:19.377+0000] {dagbag.py:545} INFO - Filling up the DagBag from /opt/airflow/dags/lcbo_pipeline_dag.py
[2026-09-19T21:13:19.398+0000] {processor.py:840} INFO - DAG(s) 'lcbo_pipeline' retrieved from /opt/airflow/dags/lcbo_pipeline_dag.py
[2026-09-19T21:13:19.427+0000] {logging_mixin.py:188} INFO - [2026-09-19T21:13:19.427+0000] {dag.py:3089} INFO - Sync 1 DAGs
[2026-09-19T21:13:19.441+0000] {logging_mixin.py:188} INFO - [2026-09-19T21:13:19.441+0000] {dag.py:3947} INFO - Setting next_dagrun for lcbo_pipeline to None, run_after=None
[2026-09-19T21:13:19.462+0000] {processor.py:183} INFO - Processing /opt/airflow/dags/lcbo_pipeline_dag.py took 0.093 seconds
[2026-09-19T21:13:49.618+0000] {processor.py:161} INFO - Started process (PID=3203) to work on /opt/airflow/dags/lcbo_pipeline_dag.py
[2026-09-19T21:13:49.619+0000] {processor.py:830} INFO - Processing file /opt/airflow/dags/lcbo_pipeline_dag.py for tasks to queue
[2026-09-19T21:13:49.621+0000] {logging_mixin.py:188} INFO - [2026-09-19T21:13:49.620+0000] {dagbag.py:545} INFO - Filling up the DagBag from /opt/airflow/dags/lcbo_pipeline_dag.py
[2026-09-19T21:13:49.639+0000] {processor.py:840} INFO - DAG(s) 'lcbo_pipeline' retrieved from /opt/airflow/dags/lcbo_pipeline_dag.py
[2026-09-19T21:13:49.666+0000] {logging_mixin.py:188} INFO - [2026-09-19T21:13:49.666+0000] {dag.py:3089} INFO - Sync 1 DAGs
[2026-09-19T21:13:49.679+0000] {logging_mixin.py:188} INFO - [2026-09-19T21:13:49.678+0000] {dag.py:3947} INFO - Setting next_dagrun for lcbo_pipeline to None, run_after=None
[2026-09-19T21:13:49.699+0000] {processor.py:183} INFO - Processing /opt/airflow/dags/lcbo_pipeline_dag.py took 0.086 seconds
[2026-09-19T21:14:19.827+0000] {processor.py:161} INFO - Started process (PID=3258) to work on /opt/airflow/dags/lcbo_pipeline_dag.py
[2026-09-19T21:14:19.829+0000] {processor.py:830} INFO - Processing file /opt/airflow/dags/lcbo_pipeline_dag.py for tasks to queue
[2026-09-19T21:14:19.831+0000] {logging_mixin.py:188} INFO - [2026-09-19T21:14:19.831+0000] {dagbag.py:545} INFO - Filling up the DagBag from /opt/airflow/dags/lcbo_pipeline_dag.py
[2026-09-19T21:14:19.849+0000] {processor.py:840} INFO - DAG(s) 'lcbo_pipeline' retrieved from /opt/airflow/dags/lcbo_pipeline_dag.py
[2026-09-19T21:14:19.876+0000] {logging_mixin.py:188} INFO - [2026-09-19T21:14:19.876+0000] {dag.py:3089} INFO - Sync 1 DAGs
[2026-09-19T21:14:19.888+0000] {logging_mixin.py:188} INFO - [2026-09-19T21:14:19.888+0000] {dag.py:3947} INFO - Setting next_dagrun for lcbo_pipeline to None, run_after=None
[2026-09-19T21:14:19.904+0000] {processor.py:183} INFO - Processing /opt/airflow/dags/lcbo_pipeline_dag.py took 0.081 seconds
[2026-09-19T21:14:50.057+0000] {processor.py:161} INFO - Started process (PID=3326) to work on /opt/airflow/dags/lcbo_pipeline_dag.py
[2026-09-19T21:14:50.058+0000] {processor.py:830} INFO - Processing file /opt/airflow/dags/lcbo_pipeline_dag.py for tasks to queue
[2026-09-19T21:14:50.061+0000] {logging_mixin.py:188} INFO - [2026-09-19T21:14:50.060+0000] {dagbag.py:545} INFO - Filling up the DagBag from /opt/airflow/dags/lcbo_pipeline_dag.py
[2026-09-19T21:14:50.082+0000] {processor.py:840} INFO - DAG(s) 'lcbo_pipeline' retrieved from /opt/airflow/dags/lcbo_pipeline_dag.py
[2026-09-19T21:14:50.115+0000] {logging_mixin.py:188} INFO - [2026-09-19T21:14:50.115+0000] {dag.py:3089} INFO - Sync 1 DAGs
[2026-09-19T21:14:50.127+0000] {logging_mixin.py:188} INFO - [2026-09-19T21:14:50.127+0000] {dag.py:3947} INFO - Setting next_dagrun for lcbo_pipeline to None, run_after=None
[2026-09-19T21:14:50.146+0000] {processor.py:183} INFO - Processing /opt/airflow/dags/lcbo_pipeline_dag.py took 0.096 seconds
[2026-09-19T21:15:20.263+0000] {processor.py:161} INFO - Started process (PID=3359) to work on /opt/airflow/dags/lcbo_pipeline_dag.py
[2026-09-19T21:15:20.266+0000] {processor.py:830} INFO - Processing file /opt/airflow/dags/lcbo_pipeline_dag.py for tasks to queue
[2026-09-19T21:15:20.271+0000] {logging_mixin.py:188} INFO - [2026-09-19T21:15:20.271+0000] {dagbag.py:545} INFO - Filling up the DagBag from /opt/airflow/dags/lcbo_pipeline_dag.py
[2026-09-19T21:15:20.292+0000] {processor.py:840} INFO - DAG(s) 'lcbo_pipeline' retrieved from /opt/airflow/dags/lcbo_pipeline_dag.py
[2026-09-19T21:15:20.324+0000] {logging_mixin.py:188} INFO - [2026-09-19T21:15:20.324+0000] {dag.py:3089} INFO - Sync 1 DAGs
[2026-09-19T21:15:20.338+0000] {logging_mixin.py:188} INFO - [2026-09-19T21:15:20.338+0000] {dag.py:3947} INFO - Setting next_dagrun for lcbo_pipeline to None, run_after=None
[2026-09-19T21:15:20.356+0000] {processor.py:183} INFO - Processing /opt/airflow/dags/lcbo_pipeline_dag.py took 0.103 seconds
[2026-09-19T21:15:50.551+0000] {processor.py:161} INFO - Started process (PID=3370) to work on /opt/airflow/dags/lcbo_pipeline_dag.py
[2026-09-19T21:15:50.552+0000] {processor.py:830} INFO - Processing file /opt/airflow/dags/lcbo_pipeline_dag.py for tasks to queue
[2026-09-19T21:15:50.554+0000] {logging_mixin.py:188} INFO - [2026-09-19T21:15:50.554+0000] {dagbag.py:545} INFO - Filling up the DagBag from /opt/airflow/dags/lcbo_pipeline_dag.py
[2026-09-19T21:15:50.578+0000] {processor.py:840} INFO - DAG(s) 'lcbo_pipeline' retrieved from /opt/airflow/dags/lcbo_pipeline_dag.py
[2026-09-19T21:15:50.610+0000] {logging_mixin.py:188} INFO - [2026-09-19T21:15:50.610+0000] {dag.py:3089} INFO - Sync 1 DAGs
[2026-09-19T21:15:50.622+0000] {logging_mixin.py:188} INFO - [2026-09-19T21:15:50.622+0000] {dag.py:3947} INFO - Setting next_dagrun for lcbo_pipeline to None, run_after=None
[2026-09-19T21:15:50.638+0000] {processor.py:183} INFO - Processing /opt/airflow/dags/lcbo_pipeline_dag.py took 0.094 seconds
[2026-09-19T21:16:20.745+0000] {processor.py:161} INFO - Started process (PID=3381) to work on /opt/airflow/dags/lcbo_pipeline_dag.py
[2026-09-19T21:16:20.746+0000] {processor.py:830} INFO - Processing file /opt/airflow/dags/lcbo_pipeline_dag.py for tasks to queue
[2026-09-19T21:16:20.748+0000] {logging_mixin.py:188} INFO - [2026-09-19T21:16:20.747+0000] {dagbag.py:545} INFO - Filling up the DagBag from /opt/airflow/dags/lcbo_pipeline_dag.py
[2026-09-19T21:16:20.768+0000] {processor.py:840} INFO - DAG(s) 'lcbo_pipeline' retrieved from /opt/airflow/dags/lcbo_pipeline_dag.py
[2026-09-19T21:16:20.799+0000] {logging_mixin.py:188} INFO - [2026-09-19T21:16:20.799+0000] {dag.py:3089} INFO - Sync 1 DAGs
[2026-09-19T21:16:20.811+0000] {logging_mixin.py:188} INFO - [2026-09-19T21:16:20.811+0000] {dag.py:3947} INFO - Setting next_dagrun for lcbo_pipeline to None, run_after=None
[2026-09-19T21:16:20.827+0000] {processor.py:183} INFO - Processing /opt/airflow/dags/lcbo_pipeline_dag.py took 0.088 seconds
[2026-09-19T21:16:51.020+0000] {processor.py:161} INFO - Started process (PID=3392) to work on /opt/airflow/dags/lcbo_pipeline_dag.py
[2026-09-19T21:16:51.022+0000] {processor.py:830} INFO - Processing file /opt/airflow/dags/lcbo_pipeline_dag.py for tasks to queue
[2026-09-19T21:16:51.024+0000] {logging_mixin.py:188} INFO - [2026-09-19T21:16:51.023+0000] {dagbag.py:545} INFO - Filling up the DagBag from /opt/airflow/dags/lcbo_pipeline_dag.py
[2026-09-19T21:16:51.041+0000] {processor.py:840} INFO - DAG(s) 'lcbo_pipeline' retrieved from /opt/airflow/dags/lcbo_pipeline_dag.py
[2026-09-19T21:16:51.066+0000] {logging_mixin.py:188} INFO - [2026-09-19T21:16:51.066+0000] {dag.py:3089} INFO - Sync 1 DAGs
[2026-09-19T21:16:51.078+0000] {logging_mixin.py:188} INFO - [2026-09-19T21:16:51.077+0000] {dag.py:3947} INFO - Setting next_dagrun for lcbo_pipeline to None, run_after=None
[2026-09-19T21:16:51.094+0000] {processor.py:183} INFO - Processing /opt/airflow/dags/lcbo_pipeline_dag.py took 0.079 seconds
[2026-09-19T21:17:21.215+0000] {processor.py:161} INFO - Started process (PID=3403) to work on /opt/airflow/dags/lcbo_pipeline_dag.py
[2026-09-19T21:17:21.216+0000] {processor.py:830} INFO - Processing file /opt/airflow/dags/lcbo_pipeline_dag.py for tasks to queue
[2026-09-19T21:17:21.218+0000] {logging_mixin.py:188} INFO - [2026-09-19T21:17:21.218+0000] {dagbag.py:545} INFO - Filling up the DagBag from /opt/airflow/dags/lcbo_pipeline_dag.py
[2026-09-19T21:17:21.236+0000] {processor.py:840} INFO - DAG(s) 'lcbo_pipeline' retrieved from /opt/airflow/dags/lcbo_pipeline_dag.py
[2026-09-19T21:17:21.263+0000] {logging_mixin.py:188} INFO - [2026-09-19T21:17:21.262+0000] {dag.py:3089} INFO - Sync 1 DAGs
[2026-09-19T21:17:21.273+0000] {logging_mixin.py:188} INFO - [2026-09-19T21:17:21.272+0000] {dag.py:3947} INFO - Setting next_dagrun for lcbo_pipeline to None, run_after=None
[2026-09-19T21:17:21.290+0000] {processor.py:183} INFO - Processing /opt/airflow/dags/lcbo_pipeline_dag.py took 0.081 seconds
[2026-09-19T21:17:51.470+0000] {processor.py:161} INFO - Started process (PID=3414) to work on /opt/airflow/dags/lcbo_pipeline_dag.py
[2026-09-19T21:17:51.471+0000] {processor.py:830} INFO - Processing file /opt/airflow/dags/lcbo_pipeline_dag.py for tasks to queue
[2026-09-19T21:17:51.473+0000] {logging_mixin.py:188} INFO - [2026-09-19T21:17:51.473+0000] {dagbag.py:545} INFO - Filling up the DagBag from /opt/airflow/dags/lcbo_pipeline_dag.py
[2026-09-19T21:17:51.492+0000] {processor.py:840} INFO - DAG(s) 'lcbo_pipeline' retrieved from /opt/airflow/dags/lcbo_pipeline_dag.py
[2026-09-19T21:17:51.536+0000] {logging_mixin.py:188} INFO - [2026-09-19T21:17:51.536+0000] {dag.py:3089} INFO - Sync 1 DAGs
[2026-09-19T21:17:51.551+0000] {logging_mixin.py:188} INFO - [2026-09-19T21:17:51.550+0000] {dag.py:3947} INFO - Setting next_dagrun for lcbo_pipeline to None, run_after=None
[2026-09-19T21:17:51.571+0000] {processor.py:183} INFO - Processing /opt/airflow/dags/lcbo_pipeline_dag.py took 0.105 seconds
[2026-09-19T21:18:21.661+0000] {processor.py:161} INFO - Started process (PID=3425) to work on /opt/airflow/dags/lcbo_pipeline_dag.py
[2026-09-19T21:18:21.663+0000] {processor.py:830} INFO - Processing file /opt/airflow/dags/lcbo_pipeline_dag.py for tasks to queue
[2026-09-19T21:18:21.666+0000] {logging_mixin.py:188} INFO - [2026-09-19T21:18:21.665+0000] {dagbag.py:545} INFO - Filling up the DagBag from /opt/airflow/dags/lcbo_pipeline_dag.py
[2026-09-19T21:18:21.686+0000] {processor.py:840} INFO - DAG(s) 'lcbo_pipeline' retrieved from /opt/airflow/dags/lcbo_pipeline_dag.py
[2026-09-19T21:18:21.717+0000] {logging_mixin.py:188} INFO - [2026-09-19T21:18:21.717+0000] {dag.py:3089} INFO - Sync 1 DAGs
[2026-09-19T21:18:21.729+0000] {logging_mixin.py:188} INFO - [2026-09-19T21:18:21.729+0000] {dag.py:3947} INFO - Setting next_dagrun for lcbo_pipeline to None, run_after=None
[2026-09-19T21:18:21.746+0000] {processor.py:183} INFO - Processing /opt/airflow/dags/lcbo_pipeline_dag.py took 0.090 seconds
[2026-09-19T21:18:51.915+0000] {processor.py:161} INFO - Started process (PID=3436) to work on /opt/airflow/dags/lcbo_pipeline_dag.py
[2026-09-19T21:18:51.916+0000] {processor.py:830} INFO - Processing file /opt/airflow/dags/lcbo_pipeline_dag.py for tasks to queue
[2026-09-19T21:18:51.918+0000] {logging_mixin.py:188} INFO - [2026-09-19T21:18:51.918+0000] {dagbag.py:545} INFO - Filling up the DagBag from /opt/airflow/dags/lcbo_pipeline_dag.py
[2026-09-19T21:18:51.936+0000] {processor.py:840} INFO - DAG(s) 'lcbo_pipeline' retrieved from /opt/airflow/dags/lcbo_pipeline_dag.py
[2026-09-19T21:18:51.963+0000] {logging_mixin.py:188} INFO - [2026-09-19T21:18:51.963+0000] {dag.py:3089} INFO - Sync 1 DAGs
[2026-09-19T21:18:51.974+0000] {logging_mixin.py:188} INFO - [2026-09-19T21:18:51.974+0000] {dag.py:3947} INFO - Setting next_dagrun for lcbo_pipeline to None, run_after=None
[2026-09-19T21:18:51.992+0000] {processor.py:183} INFO - Processing /opt/airflow/dags/lcbo_pipeline_dag.py took 0.082 seconds
[2026-09-19T21:19:22.100+0000] {processor.py:161} INFO - Started process (PID=3447) to work on /opt/airflow/dags/lcbo_pipeline_dag.py
[2026-09-19T21:19:22.102+0000] {processor.py:830} INFO - Processing file /opt/airflow/dags/lcbo_pipeline_dag.py for tasks to queue
[2026-09-19T21:19:22.104+0000] {logging_mixin.py:188} INFO - [2026-09-19T21:19:22.104+0000] {dagbag.py:545} INFO - Filling up the DagBag from /opt/airflow/dags/lcbo_pipeline_dag.py
[2026-09-19T21:19:22.123+0000] {processor.py:840} INFO - DAG(s) 'lcbo_pipeline' retrieved from /opt/airflow/dags/lcbo_pipeline_dag.py
[2026-09-19T21:19:22.151+0000] {logging_mixin.py:188} INFO - [2026-09-19T21:19:22.151+0000] {dag.py:3089} INFO - Sync 1 DAGs
[2026-09-19T21:19:22.161+0000] {logging_mixin.py:188} INFO - [2026-09-19T21:19:22.161+0000] {dag.py:3947} INFO - Setting next_dagrun for lcbo_pipeline to None, run_after=None
[2026-09-19T21:19:22.177+0000] {processor.py:183} INFO - Processing /opt/airflow/dags/lcbo_pipeline_dag.py took 0.082 seconds
[2026-09-19T21:19:52.363+0000] {processor.py:161} INFO - Started process (PID=3458) to work on /opt/airflow/dags/lcbo_pipeline_dag.py
[2026-09-19T21:19:52.364+0000] {processor.py:830} INFO - Processing file /opt/airflow/dags/lcbo_pipeline_dag.py for tasks to queue
[2026-09-19T21:19:52.366+0000] {logging_mixin.py:188} INFO - [2026-09-19T21:19:52.366+0000] {dagbag.py:545} INFO - Filling up the DagBag from /opt/airflow/dags/lcbo_pipeline_dag.py
[2026-09-19T21:19:52.385+0000] {processor.py:840} INFO - DAG(s) 'lcbo_pipeline' retrieved from /opt/airflow/dags/lcbo_pipeline_dag.py
[2026-09-19T21:19:52.410+0000] {logging_mixin.py:188} INFO - [2026-09-19T21:19:52.410+0000] {dag.py:3089} INFO - Sync 1 DAGs
[2026-09-19T21:19:52.422+0000] {logging_mixin.py:188} INFO - [2026-09-19T21:19:52.422+0000] {dag.py:3947} INFO - Setting next_dagrun for lcbo_pipeline to None, run_after=None
[2026-09-19T21:19:52.438+0000] {processor.py:183} INFO - Processing /opt/airflow/dags/lcbo_pipeline_dag.py took 0.080 seconds
[2026-09-19T21:20:22.543+0000] {processor.py:161} INFO - Started process (PID=3469) to work on /opt/airflow/dags/lcbo_pipeline_dag.py
[2026-09-19T21:20:22.544+0000] {processor.py:830} INFO - Processing file /opt/airflow/dags/lcbo_pipeline_dag.py for tasks to queue
[2026-09-19T21:20:22.546+0000] {logging_mixin.py:188} INFO - [2026-09-19T21:20:22.545+0000] {dagbag.py:545} INFO - Filling up the DagBag from /opt/airflow/dags/lcbo_pipeline_dag.py
[2026-09-19T21:20:22.563+0000] {processor.py:840} INFO - DAG(s) 'lcbo_pipeline' retrieved from /opt/airflow/dags/lcbo_pipeline_dag.py
[2026-09-19T21:20:22.585+0000] {logging_mixin.py:188} INFO - [2026-09-19T21:20:22.585+0000] {dag.py:3089} INFO - Sync 1 DAGs
[2026-09-19T21:20:22.595+0000] {logging_mixin.py:188} INFO - [2026-09-19T21:20:22.595+0000] {dag.py:3947} INFO - Setting next_dagrun for lcbo_pipeline to None, run_after=None
[2026-09-19T21:20:22.610+0000] {processor.py:183} INFO - Processing /opt/airflow/dags/lcbo_pipeline_dag.py took 0.071 seconds
[2026-09-19T21:20:52.825+0000] {processor.py:161} INFO - Started process (PID=3480) to work on /opt/airflow/dags/lcbo_pipeline_dag.py
[2026-09-19T21:20:52.827+0000] {processor.py:830} INFO - Processing file /opt/airflow/dags/lcbo_pipeline_dag.py for tasks to queue
[2026-09-19T21:20:52.829+0000] {logging_mixin.py:188} INFO - [2026-09-19T21:20:52.829+0000] {dagbag.py:545} INFO - Filling up the DagBag from /opt/airflow/dags/lcbo_pipeline_dag.py
[2026-09-19T21:20:52.848+0000] {processor.py:840} INFO - DAG(s) 'lcbo_pipeline' retrieved from /opt/airflow/dags/lcbo_pipeline_dag.py
[2026-09-19T21:20:52.876+0000] {logging_mixin.py:188} INFO - [2026-09-19T21:20:52.876+0000] {dag.py:3089} INFO - Sync 1 DAGs
[2026-09-19T21:20:52.890+0000] {logging_mixin.py:188} INFO - [2026-09-19T21:20:52.890+0000] {dag.py:3947} INFO - Setting next_dagrun for lcbo_pipeline to None, run_after=None
[2026-09-19T21:20:52.913+0000] {processor.py:183} INFO - Processing /opt/airflow/dags/lcbo_pipeline_dag.py took 0.092 seconds
[2026-09-19T21:21:23.016+0000] {processor.py:161} INFO - Started process (PID=3491) to work on /opt/airflow/dags/lcbo_pipeline_dag.py
[2026-09-19T21:21:23.018+0000] {processor.py:830} INFO - Processing file /opt/airflow/dags/lcbo_pipeline_dag.py for tasks to queue
[2026-09-19T21:21:23.019+0000] {logging_mixin.py:188} INFO - [2026-09-19T21:21:23.019+0000] {dagbag.py:545} INFO - Filling up the DagBag from /opt/airflow/dags/lcbo_pipeline_dag.py
[2026-09-19T21:21:23.037+0000] {processor.py:840} INFO - DAG(s) 'lcbo_pipeline' retrieved from /opt/airflow/dags/lcbo_pipeline_dag.py
[2026-09-19T21:21:23.066+0000] {logging_mixin.py:188} INFO - [2026-09-19T21:21:23.066+0000] {dag.py:3089} INFO - Sync 1 DAGs
[2026-09-19T21:21:23.076+0000] {logging_mixin.py:188} INFO - [2026-09-19T21:21:23.076+0000] {dag.py:3947} INFO - Setting next_dagrun for lcbo_pipeline to None, run_after=None
[2026-09-19T21:21:23.093+0000] {processor.py:183} INFO - Processing /opt/airflow/dags/lcbo_pipeline_dag.py took 0.080 seconds
[2026-09-19T21:21:53.274+0000] {processor.py:161} INFO - Started process (PID=3502) to work on /opt/airflow/dags/lcbo_pipeline_dag.py
[2026-09-19T21:21:53.275+0000] {processor.py:830} INFO - Processing file /opt/airflow/dags/lcbo_pipeline_dag.py for tasks to queue
[2026-09-19T21:21:53.277+0000] {logging_mixin.py:188} INFO - [2026-09-19T21:21:53.277+0000] {dagbag.py:545} INFO - Filling up the DagBag from /opt/airflow/dags/lcbo_pipeline_dag.py
[2026-09-19T21:21:53.296+0000] {processor.py:840} INFO - DAG(s) 'lcbo_pipeline' retrieved from /opt/airflow/dags/lcbo_pipeline_dag.py
[2026-09-19T21:21:53.322+0000] {logging_mixin.py:188} INFO - [2026-09-19T21:21:53.322+0000] {dag.py:3089} INFO - Sync 1 DAGs
[2026-09-19T21:21:53.333+0000] {logging_mixin.py:188} INFO - [2026-09-19T21:21:53.333+0000] {dag.py:3947} INFO - Setting next_dagrun for lcbo_pipeline to None, run_after=None
[2026-09-19T21:21:53.352+0000] {processor.py:183} INFO - Processing /opt/airflow/dags/lcbo_pipeline_dag.py took 0.082 seconds
[2026-09-19T21:22:23.460+0000] {processor.py:161} INFO - Started process (PID=3513) to work on /opt/airflow/dags/lcbo_pipeline_dag.py
[2026-09-19T21:22:23.461+0000] {processor.py:830} INFO - Processing file /opt/airflow/dags/lcbo_pipeline_dag.py for tasks to queue
[2026-09-19T21:22:23.463+0000] {logging_mixin.py:188} INFO - [2026-09-19T21:22:23.463+0000] {dagbag.py:545} INFO - Filling up the DagBag from /opt/airflow/dags/lcbo_pipeline_dag.py
[2026-09-19T21:22:23.481+0000] {processor.py:840} INFO - DAG(s) 'lcbo_pipeline' retrieved from /opt/airflow/dags/lcbo_pipeline_dag.py
[2026-09-19T21:22:23.507+0000] {logging_mixin.py:188} INFO - [2026-09-19T21:22:23.507+0000] {dag.py:3089} INFO - Sync 1 DAGs
[2026-09-19T21:22:23.518+0000] {logging_mixin.py:188} INFO - [2026-09-19T21:22:23.518+0000] {dag.py:3947} INFO - Setting next_dagrun for lcbo_pipeline to None, run_after=None
[2026-09-19T21:22:23.535+0000] {processor.py:183} INFO - Processing /opt/airflow/dags/lcbo_pipeline_dag.py took 0.079 seconds
[2026-09-19T21:22:53.724+0000] {processor.py:161} INFO - Started process (PID=3524) to work on /opt/airflow/dags/lcbo_pipeline_dag.py
[2026-09-19T21:22:53.725+0000] {processor.py:830} INFO - Processing file /opt/airflow/dags/lcbo_pipeline_dag.py for tasks to queue
[2026-09-19T21:22:53.727+0000] {logging_mixin.py:188} INFO - [2026-09-19T21:22:53.727+0000] {dagbag.py:545} INFO - Filling up the DagBag from /opt/airflow/dags/lcbo_pipeline_dag.py
[2026-09-19T21:22:53.747+0000] {processor.py:840} INFO - DAG(s) 'lcbo_pipeline' retrieved from /opt/airflow/dags/lcbo_pipeline_dag.py
[2026-09-19T21:22:53.772+0000] {logging_mixin.py:188} INFO - [2026-09-19T21:22:53.771+0000] {dag.py:3089} INFO - Sync 1 DAGs
[2026-09-19T21:22:53.782+0000] {logging_mixin.py:188} INFO - [2026-09-19T21:22:53.781+0000] {dag.py:3947} INFO - Setting next_dagrun for lcbo_pipeline to None, run_after=None
[2026-09-19T21:22:53.800+0000] {processor.py:183} INFO - Processing /opt/airflow/dags/lcbo_pipeline_dag.py took 0.082 seconds
[2026-09-19T21:23:23.910+0000] {processor.py:161} INFO - Started process (PID=3535) to work on /opt/airflow/dags/lcbo_pipeline_dag.py
[2026-09-19T21:23:23.912+0000] {processor.py:830} INFO - Processing file /opt/airflow/dags/lcbo_pipeline_dag.py for tasks to queue
[2026-09-19T21:23:23.914+0000] {logging_mixin.py:188} INFO - [2026-09-19T21:23:23.914+0000] {dagbag.py:545} INFO - Filling up the DagBag from /opt/airflow/dags/lcbo_pipeline_dag.py
[2026-09-19T21:23:23.933+0000] {processor.py:840} INFO - DAG(s) 'lcbo_pipeline' retrieved from /opt/airflow/dags/lcbo_pipeline_dag.py
[2026-09-19T21:23:23.964+0000] {logging_mixin.py:188} INFO - [2026-09-19T21:23:23.964+0000] {dag.py:3089} INFO - Sync 1 DAGs
[2026-09-19T21:23:23.975+0000] {logging_mixin.py:188} INFO - [2026-09-19T21:23:23.975+0000] {dag.py:3947} INFO - Setting next_dagrun for lcbo_pipeline to None, run_after=None
[2026-09-19T21:23:23.993+0000] {processor.py:183} INFO - Processing /opt/airflow/dags/lcbo_pipeline_dag.py took 0.087 seconds
[2026-09-19T21:23:54.172+0000] {processor.py:161} INFO - Started process (PID=3546) to work on /opt/airflow/dags/lcbo_pipeline_dag.py
[2026-09-19T21:23:54.174+0000] {processor.py:830} INFO - Processing file /opt/airflow/dags/lcbo_pipeline_dag.py for tasks to queue
[2026-09-19T21:23:54.178+0000] {logging_mixin.py:188} INFO - [2026-09-19T21:23:54.178+0000] {dagbag.py:545} INFO - Filling up the DagBag from /opt/airflow/dags/lcbo_pipeline_dag.py
[2026-09-19T21:23:54.203+0000] {processor.py:840} INFO - DAG(s) 'lcbo_pipeline' retrieved from /opt/airflow/dags/lcbo_pipeline_dag.py
[2026-09-19T21:23:54.233+0000] {logging_mixin.py:188} INFO - [2026-09-19T21:23:54.233+0000] {dag.py:3089} INFO - Sync 1 DAGs
[2026-09-19T21:23:54.246+0000] {logging_mixin.py:188} INFO - [2026-09-19T21:23:54.245+0000] {dag.py:3947} INFO - Setting next_dagrun for lcbo_pipeline to None, run_after=None
[2026-09-19T21:23:54.265+0000] {processor.py:183} INFO - Processing /opt/airflow/dags/lcbo_pipeline_dag.py took 0.098 seconds
[2026-09-19T21:24:24.350+0000] {processor.py:161} INFO - Started process (PID=3557) to work on /opt/airflow/dags/lcbo_pipeline_dag.py
[2026-09-19T21:24:24.351+0000] {processor.py:830} INFO - Processing file /opt/airflow/dags/lcbo_pipeline_dag.py for tasks to queue
[2026-09-19T21:24:24.353+0000] {logging_mixin.py:188} INFO - [2026-09-19T21:24:24.353+0000] {dagbag.py:545} INFO - Filling up the DagBag from /opt/airflow/dags/lcbo_pipeline_dag.py
[2026-09-19T21:24:24.371+0000] {processor.py:840} INFO - DAG(s) 'lcbo_pipeline' retrieved from /opt/airflow/dags/lcbo_pipeline_dag.py
[2026-09-19T21:24:24.400+0000] {logging_mixin.py:188} INFO - [2026-09-19T21:24:24.400+0000] {dag.py:3089} INFO - Sync 1 DAGs
[2026-09-19T21:24:24.412+0000] {logging_mixin.py:188} INFO - [2026-09-19T21:24:24.412+0000] {dag.py:3947} INFO - Setting next_dagrun for lcbo_pipeline to None, run_after=None
[2026-09-19T21:24:24.429+0000] {processor.py:183} INFO - Processing /opt/airflow/dags/lcbo_pipeline_dag.py took 0.084 seconds
[2026-09-19T21:24:54.634+0000] {processor.py:161} INFO - Started process (PID=3568) to work on /opt/airflow/dags/lcbo_pipeline_dag.py
[2026-09-19T21:24:54.635+0000] {processor.py:830} INFO - Processing file /opt/airflow/dags/lcbo_pipeline_dag.py for tasks to queue
[2026-09-19T21:24:54.637+0000] {logging_mixin.py:188} INFO - [2026-09-19T21:24:54.637+0000] {dagbag.py:545} INFO - Filling up the DagBag from /opt/airflow/dags/lcbo_pipeline_dag.py
[2026-09-19T21:24:54.655+0000] {processor.py:840} INFO - DAG(s) 'lcbo_pipeline' retrieved from /opt/airflow/dags/lcbo_pipeline_dag.py
[2026-09-19T21:24:54.681+0000] {logging_mixin.py:188} INFO - [2026-09-19T21:24:54.681+0000] {dag.py:3089} INFO - Sync 1 DAGs
[2026-09-19T21:24:54.692+0000] {logging_mixin.py:188} INFO - [2026-09-19T21:24:54.691+0000] {dag.py:3947} INFO - Setting next_dagrun for lcbo_pipeline to None, run_after=None
[2026-09-19T21:24:54.709+0000] {processor.py:183} INFO - Processing /opt/airflow/dags/lcbo_pipeline_dag.py took 0.080 seconds
[2026-09-19T21:25:24.835+0000] {processor.py:161} INFO - Started process (PID=3579) to work on /opt/airflow/dags/lcbo_pipeline_dag.py
[2026-09-19T21:25:24.837+0000] {processor.py:830} INFO - Processing file /opt/airflow/dags/lcbo_pipeline_dag.py for tasks to queue
[2026-09-19T21:25:24.839+0000] {logging_mixin.py:188} INFO - [2026-09-19T21:25:24.839+0000] {dagbag.py:545} INFO - Filling up the DagBag from /opt/airflow/dags/lcbo_pipeline_dag.py
[2026-09-19T21:25:24.858+0000] {processor.py:840} INFO - DAG(s) 'lcbo_pipeline' retrieved from /opt/airflow/dags/lcbo_pipeline_dag.py
[2026-09-19T21:25:24.887+0000] {logging_mixin.py:188} INFO - [2026-09-19T21:25:24.887+0000] {dag.py:3089} INFO - Sync 1 DAGs
[2026-09-19T21:25:24.901+0000] {logging_mixin.py:188} INFO - [2026-09-19T21:25:24.900+0000] {dag.py:3947} INFO - Setting next_dagrun for lcbo_pipeline to None, run_after=None
[2026-09-19T21:25:24.919+0000] {processor.py:183} INFO - Processing /opt/airflow/dags/lcbo_pipeline_dag.py took 0.089 seconds
[2026-09-19T21:25:55.136+0000] {processor.py:161} INFO - Started process (PID=3590) to work on /opt/airflow/dags/lcbo_pipeline_dag.py
[2026-09-19T21:25:55.138+0000] {processor.py:830} INFO - Processing file /opt/airflow/dags/lcbo_pipeline_dag.py for tasks to queue
[2026-09-19T21:25:55.140+0000] {logging_mixin.py:188} INFO - [2026-09-19T21:25:55.140+0000] {dagbag.py:545} INFO - Filling up the DagBag from /opt/airflow/dags/lcbo_pipeline_dag.py
[2026-09-19T21:25:55.160+0000] {processor.py:840} INFO - DAG(s) 'lcbo_pipeline' retrieved from /opt/airflow/dags/lcbo_pipeline_dag.py
[2026-09-19T21:25:55.187+0000] {logging_mixin.py:188} INFO - [2026-09-19T21:25:55.186+0000] {dag.py:3089} INFO - Sync 1 DAGs
[2026-09-19T21:25:55.198+0000] {logging_mixin.py:188} INFO - [2026-09-19T21:25:55.198+0000] {dag.py:3947} INFO - Setting next_dagrun for lcbo_pipeline to None, run_after=None
[2026-09-19T21:25:55.217+0000] {processor.py:183} INFO - Processing /opt/airflow/dags/lcbo_pipeline_dag.py took 0.088 seconds
[2026-09-19T21:26:25.325+0000] {processor.py:161} INFO - Started process (PID=3601) to work on /opt/airflow/dags/lcbo_pipeline_dag.py
[2026-09-19T21:26:25.326+0000] {processor.py:830} INFO - Processing file /opt/airflow/dags/lcbo_pipeline_dag.py for tasks to queue
[2026-09-19T21:26:25.328+0000] {logging_mixin.py:188} INFO - [2026-09-19T21:26:25.327+0000] {dagbag.py:545} INFO - Filling up the DagBag from /opt/airflow/dags/lcbo_pipeline_dag.py
[2026-09-19T21:26:25.345+0000] {processor.py:840} INFO - DAG(s) 'lcbo_pipeline' retrieved from /opt/airflow/dags/lcbo_pipeline_dag.py
[2026-09-19T21:26:25.371+0000] {logging_mixin.py:188} INFO - [2026-09-19T21:26:25.371+0000] {dag.py:3089} INFO - Sync 1 DAGs
[2026-09-19T21:26:25.381+0000] {logging_mixin.py:188} INFO - [2026-09-19T21:26:25.381+0000] {dag.py:3947} INFO - Setting next_dagrun for lcbo_pipeline to None, run_after=None
[2026-09-19T21:26:25.397+0000] {processor.py:183} INFO - Processing /opt/airflow/dags/lcbo_pipeline_dag.py took 0.076 seconds
[2026-09-19T21:26:55.594+0000] {processor.py:161} INFO - Started process (PID=3612) to work on /opt/airflow/dags/lcbo_pipeline_dag.py
[2026-09-19T21:26:55.596+0000] {processor.py:830} INFO - Processing file /opt/airflow/dags/lcbo_pipeline_dag.py for tasks to queue
[2026-09-19T21:26:55.598+0000] {logging_mixin.py:188} INFO - [2026-09-19T21:26:55.598+0000] {dagbag.py:545} INFO - Filling up the DagBag from /opt/airflow/dags/lcbo_pipeline_dag.py
[2026-09-19T21:26:55.618+0000] {processor.py:840} INFO - DAG(s) 'lcbo_pipeline' retrieved from /opt/airflow/dags/lcbo_pipeline_dag.py
[2026-09-19T21:26:55.644+0000] {logging_mixin.py:188} INFO - [2026-09-19T21:26:55.644+0000] {dag.py:3089} INFO - Sync 1 DAGs
[2026-09-19T21:26:55.654+0000] {logging_mixin.py:188} INFO - [2026-09-19T21:26:55.654+0000] {dag.py:3947} INFO - Setting next_dagrun for lcbo_pipeline to None, run_after=None
[2026-09-19T21:26:55.672+0000] {processor.py:183} INFO - Processing /opt/airflow/dags/lcbo_pipeline_dag.py took 0.083 seconds
[2026-09-19T21:27:25.789+0000] {processor.py:161} INFO - Started process (PID=3623) to work on /opt/airflow/dags/lcbo_pipeline_dag.py
[2026-09-19T21:27:25.791+0000] {processor.py:830} INFO - Processing file /opt/airflow/dags/lcbo_pipeline_dag.py for tasks to queue
[2026-09-19T21:27:25.793+0000] {logging_mixin.py:188} INFO - [2026-09-19T21:27:25.792+0000] {dagbag.py:545} INFO - Filling up the DagBag from /opt/airflow/dags/lcbo_pipeline_dag.py
[2026-09-19T21:27:25.811+0000] {processor.py:840} INFO - DAG(s) 'lcbo_pipeline' retrieved from /opt/airflow/dags/lcbo_pipeline_dag.py
[2026-09-19T21:27:25.840+0000] {logging_mixin.py:188} INFO - [2026-09-19T21:27:25.840+0000] {dag.py:3089} INFO - Sync 1 DAGs
[2026-09-19T21:27:25.851+0000] {logging_mixin.py:188} INFO - [2026-09-19T21:27:25.851+0000] {dag.py:3947} INFO - Setting next_dagrun for lcbo_pipeline to None, run_after=None
[2026-09-19T21:27:25.866+0000] {processor.py:183} INFO - Processing /opt/airflow/dags/lcbo_pipeline_dag.py took 0.082 seconds
[2026-09-19T21:27:56.051+0000] {processor.py:161} INFO - Started process (PID=3634) to work on /opt/airflow/dags/lcbo_pipeline_dag.py
[2026-09-19T21:27:56.053+0000] {processor.py:830} INFO - Processing file /opt/airflow/dags/lcbo_pipeline_dag.py for tasks to queue
[2026-09-19T21:27:56.055+0000] {logging_mixin.py:188} INFO - [2026-09-19T21:27:56.055+0000] {dagbag.py:545} INFO - Filling up the DagBag from /opt/airflow/dags/lcbo_pipeline_dag.py
[2026-09-19T21:27:56.072+0000] {processor.py:840} INFO - DAG(s) 'lcbo_pipeline' retrieved from /opt/airflow/dags/lcbo_pipeline_dag.py
[2026-09-19T21:27:56.098+0000] {logging_mixin.py:188} INFO - [2026-09-19T21:27:56.098+0000] {dag.py:3089} INFO - Sync 1 DAGs
[2026-09-19T21:27:56.110+0000] {logging_mixin.py:188} INFO - [2026-09-19T21:27:56.110+0000] {dag.py:3947} INFO - Setting next_dagrun for lcbo_pipeline to None, run_after=None
[2026-09-19T21:27:56.130+0000] {processor.py:183} INFO - Processing /opt/airflow/dags/lcbo_pipeline_dag.py took 0.084 seconds
[2026-09-19T21:28:26.253+0000] {processor.py:161} INFO - Started process (PID=3645) to work on /opt/airflow/dags/lcbo_pipeline_dag.py
[2026-09-19T21:28:26.255+0000] {processor.py:830} INFO - Processing file /opt/airflow/dags/lcbo_pipeline_dag.py for tasks to queue
[2026-09-19T21:28:26.257+0000] {logging_mixin.py:188} INFO - [2026-09-19T21:28:26.257+0000] {dagbag.py:545} INFO - Filling up the DagBag from /opt/airflow/dags/lcbo_pipeline_dag.py
[2026-09-19T21:28:26.279+0000] {processor.py:840} INFO - DAG(s) 'lcbo_pipeline' retrieved from /opt/airflow/dags/lcbo_pipeline_dag.py
[2026-09-19T21:28:26.305+0000] {logging_mixin.py:188} INFO - [2026-09-19T21:28:26.305+0000] {dag.py:3089} INFO - Sync 1 DAGs
[2026-09-19T21:28:26.315+0000] {logging_mixin.py:188} INFO - [2026-09-19T21:28:26.315+0000] {dag.py:3947} INFO - Setting next_dagrun for lcbo_pipeline to None, run_after=None
[2026-09-19T21:28:26.332+0000] {processor.py:183} INFO - Processing /opt/airflow/dags/lcbo_pipeline_dag.py took 0.084 seconds
[2026-09-19T21:28:56.511+0000] {processor.py:161} INFO - Started process (PID=3656) to work on /opt/airflow/dags/lcbo_pipeline_dag.py
[2026-09-19T21:28:56.512+0000] {processor.py:830} INFO - Processing file /opt/airflow/dags/lcbo_pipeline_dag.py for tasks to queue
[2026-09-19T21:28:56.514+0000] {logging_mixin.py:188} INFO - [2026-09-19T21:28:56.514+0000] {dagbag.py:545} INFO - Filling up the DagBag from /opt/airflow/dags/lcbo_pipeline_dag.py
[2026-09-19T21:28:56.532+0000] {processor.py:840} INFO - DAG(s) 'lcbo_pipeline' retrieved from /opt/airflow/dags/lcbo_pipeline_dag.py
[2026-09-19T21:28:56.558+0000] {logging_mixin.py:188} INFO - [2026-09-19T21:28:56.558+0000] {dag.py:3089} INFO - Sync 1 DAGs
[2026-09-19T21:28:56.570+0000] {logging_mixin.py:188} INFO - [2026-09-19T21:28:56.569+0000] {dag.py:3947} INFO - Setting next_dagrun for lcbo_pipeline to None, run_after=None
[2026-09-19T21:28:56.588+0000] {processor.py:183} INFO - Processing /opt/airflow/dags/lcbo_pipeline_dag.py took 0.081 seconds
[2026-09-19T21:29:26.709+0000] {processor.py:161} INFO - Started process (PID=3667) to work on /opt/airflow/dags/lcbo_pipeline_dag.py
[2026-09-19T21:29:26.710+0000] {processor.py:830} INFO - Processing file /opt/airflow/dags/lcbo_pipeline_dag.py for tasks to queue
[2026-09-19T21:29:26.712+0000] {logging_mixin.py:188} INFO - [2026-09-19T21:29:26.712+0000] {dagbag.py:545} INFO - Filling up the DagBag from /opt/airflow/dags/lcbo_pipeline_dag.py
[2026-09-19T21:29:26.730+0000] {processor.py:840} INFO - DAG(s) 'lcbo_pipeline' retrieved from /opt/airflow/dags/lcbo_pipeline_dag.py
[2026-09-19T21:29:26.757+0000] {logging_mixin.py:188} INFO - [2026-09-19T21:29:26.757+0000] {dag.py:3089} INFO - Sync 1 DAGs
[2026-09-19T21:29:26.768+0000] {logging_mixin.py:188} INFO - [2026-09-19T21:29:26.768+0000] {dag.py:3947} INFO - Setting next_dagrun for lcbo_pipeline to None, run_after=None
[2026-09-19T21:29:26.788+0000] {processor.py:183} INFO - Processing /opt/airflow/dags/lcbo_pipeline_dag.py took 0.084 seconds
[2026-09-19T21:29:56.960+0000] {processor.py:161} INFO - Started process (PID=3678) to work on /opt/airflow/dags/lcbo_pipeline_dag.py
[2026-09-19T21:29:56.961+0000] {processor.py:830} INFO - Processing file /opt/airflow/dags/lcbo_pipeline_dag.py for tasks to queue
[2026-09-19T21:29:56.963+0000] {logging_mixin.py:188} INFO - [2026-09-19T21:29:56.962+0000] {dagbag.py:545} INFO - Filling up the DagBag from /opt/airflow/dags/lcbo_pipeline_dag.py
[2026-09-19T21:29:56.980+0000] {processor.py:840} INFO - DAG(s) 'lcbo_pipeline' retrieved from /opt/airflow/dags/lcbo_pipeline_dag.py
[2026-09-19T21:29:57.010+0000] {logging_mixin.py:188} INFO - [2026-09-19T21:29:57.009+0000] {dag.py:3089} INFO - Sync 1 DAGs
[2026-09-19T21:29:57.023+0000] {logging_mixin.py:188} INFO - [2026-09-19T21:29:57.023+0000] {dag.py:3947} INFO - Setting next_dagrun for lcbo_pipeline to None, run_after=None
[2026-09-19T21:29:57.040+0000] {processor.py:183} INFO - Processing /opt/airflow/dags/lcbo_pipeline_dag.py took 0.085 seconds
[2026-09-19T21:30:27.171+0000] {processor.py:161} INFO - Started process (PID=3689) to work on /opt/airflow/dags/lcbo_pipeline_dag.py
[2026-09-19T21:30:27.172+0000] {processor.py:830} INFO - Processing file /opt/airflow/dags/lcbo_pipeline_dag.py for tasks to queue
[2026-09-19T21:30:27.174+0000] {logging_mixin.py:188} INFO - [2026-09-19T21:30:27.174+0000] {dagbag.py:545} INFO - Filling up the DagBag from /opt/airflow/dags/lcbo_pipeline_dag.py
[2026-09-19T21:30:27.192+0000] {processor.py:840} INFO - DAG(s) 'lcbo_pipeline' retrieved from /opt/airflow/dags/lcbo_pipeline_dag.py
[2026-09-19T21:30:27.217+0000] {logging_mixin.py:188} INFO - [2026-09-19T21:30:27.217+0000] {dag.py:3089} INFO - Sync 1 DAGs
[2026-09-19T21:30:27.228+0000] {logging_mixin.py:188} INFO - [2026-09-19T21:30:27.228+0000] {dag.py:3947} INFO - Setting next_dagrun for lcbo_pipeline to None, run_after=None
[2026-09-19T21:30:27.246+0000] {processor.py:183} INFO - Processing /opt/airflow/dags/lcbo_pipeline_dag.py took 0.079 seconds
[2026-09-19T21:30:57.454+0000] {processor.py:161} INFO - Started process (PID=3700) to work on /opt/airflow/dags/lcbo_pipeline_dag.py
[2026-09-19T21:30:57.456+0000] {processor.py:830} INFO - Processing file /opt/airflow/dags/lcbo_pipeline_dag.py for tasks to queue
[2026-09-19T21:30:57.457+0000] {logging_mixin.py:188} INFO - [2026-09-19T21:30:57.457+0000] {dagbag.py:545} INFO - Filling up the DagBag from /opt/airflow/dags/lcbo_pipeline_dag.py
[2026-09-19T21:30:57.476+0000] {processor.py:840} INFO - DAG(s) 'lcbo_pipeline' retrieved from /opt/airflow/dags/lcbo_pipeline_dag.py
[2026-09-19T21:30:57.503+0000] {logging_mixin.py:188} INFO - [2026-09-19T21:30:57.503+0000] {dag.py:3089} INFO - Sync 1 DAGs
[2026-09-19T21:30:57.513+0000] {logging_mixin.py:188} INFO - [2026-09-19T21:30:57.513+0000] {dag.py:3947} INFO - Setting next_dagrun for lcbo_pipeline to None, run_after=None
[2026-09-19T21:30:57.529+0000] {processor.py:183} INFO - Processing /opt/airflow/dags/lcbo_pipeline_dag.py took 0.080 seconds
[2026-09-19T21:31:27.655+0000] {processor.py:161} INFO - Started process (PID=3711) to work on /opt/airflow/dags/lcbo_pipeline_dag.py
[2026-09-19T21:31:27.656+0000] {processor.py:830} INFO - Processing file /opt/airflow/dags/lcbo_pipeline_dag.py for tasks to queue
[2026-09-19T21:31:27.657+0000] {logging_mixin.py:188} INFO - [2026-09-19T21:31:27.657+0000] {dagbag.py:545} INFO - Filling up the DagBag from /opt/airflow/dags/lcbo_pipeline_dag.py
[2026-09-19T21:31:27.676+0000] {processor.py:840} INFO - DAG(s) 'lcbo_pipeline' retrieved from /opt/airflow/dags/lcbo_pipeline_dag.py
[2026-09-19T21:31:27.700+0000] {logging_mixin.py:188} INFO - [2026-09-19T21:31:27.700+0000] {dag.py:3089} INFO - Sync 1 DAGs
[2026-09-19T21:31:27.709+0000] {logging_mixin.py:188} INFO - [2026-09-19T21:31:27.709+0000] {dag.py:3947} INFO - Setting next_dagrun for lcbo_pipeline to None, run_after=None
[2026-09-19T21:31:27.724+0000] {processor.py:183} INFO - Processing /opt/airflow/dags/lcbo_pipeline_dag.py took 0.074 seconds
[2026-09-19T21:31:57.907+0000] {processor.py:161} INFO - Started process (PID=3722) to work on /opt/airflow/dags/lcbo_pipeline_dag.py
[2026-09-19T21:31:57.908+0000] {processor.py:830} INFO - Processing file /opt/airflow/dags/lcbo_pipeline_dag.py for tasks to queue
[2026-09-19T21:31:57.909+0000] {logging_mixin.py:188} INFO - [2026-09-19T21:31:57.909+0000] {dagbag.py:545} INFO - Filling up the DagBag from /opt/airflow/dags/lcbo_pipeline_dag.py
[2026-09-19T21:31:57.927+0000] {processor.py:840} INFO - DAG(s) 'lcbo_pipeline' retrieved from /opt/airflow/dags/lcbo_pipeline_dag.py
[2026-09-19T21:31:57.952+0000] {logging_mixin.py:188} INFO - [2026-09-19T21:31:57.952+0000] {dag.py:3089} INFO - Sync 1 DAGs
[2026-09-19T21:31:57.963+0000] {logging_mixin.py:188} INFO - [2026-09-19T21:31:57.963+0000] {dag.py:3947} INFO - Setting next_dagrun for lcbo_pipeline to None, run_after=None
[2026-09-19T21:31:57.978+0000] {processor.py:183} INFO - Processing /opt/airflow/dags/lcbo_pipeline_dag.py took 0.076 seconds
[2026-09-19T21:32:28.106+0000] {processor.py:161} INFO - Started process (PID=3733) to work on /opt/airflow/dags/lcbo_pipeline_dag.py
[2026-09-19T21:32:28.107+0000] {processor.py:830} INFO - Processing file /opt/airflow/dags/lcbo_pipeline_dag.py for tasks to queue
[2026-09-19T21:32:28.109+0000] {logging_mixin.py:188} INFO - [2026-09-19T21:32:28.109+0000] {dagbag.py:545} INFO - Filling up the DagBag from /opt/airflow/dags/lcbo_pipeline_dag.py
[2026-09-19T21:32:28.127+0000] {processor.py:840} INFO - DAG(s) 'lcbo_pipeline' retrieved from /opt/airflow/dags/lcbo_pipeline_dag.py
[2026-09-19T21:32:28.154+0000] {logging_mixin.py:188} INFO - [2026-09-19T21:32:28.154+0000] {dag.py:3089} INFO - Sync 1 DAGs
[2026-09-19T21:32:28.165+0000] {logging_mixin.py:188} INFO - [2026-09-19T21:32:28.165+0000] {dag.py:3947} INFO - Setting next_dagrun for lcbo_pipeline to None, run_after=None
[2026-09-19T21:32:28.181+0000] {processor.py:183} INFO - Processing /opt/airflow/dags/lcbo_pipeline_dag.py took 0.080 seconds
[2026-09-19T21:32:58.354+0000] {processor.py:161} INFO - Started process (PID=3744) to work on /opt/airflow/dags/lcbo_pipeline_dag.py
[2026-09-19T21:32:58.355+0000] {processor.py:830} INFO - Processing file /opt/airflow/dags/lcbo_pipeline_dag.py for tasks to queue
[2026-09-19T21:32:58.357+0000] {logging_mixin.py:188} INFO - [2026-09-19T21:32:58.357+0000] {dagbag.py:545} INFO - Filling up the DagBag from /opt/airflow/dags/lcbo_pipeline_dag.py
[2026-09-19T21:32:58.375+0000] {processor.py:840} INFO - DAG(s) 'lcbo_pipeline' retrieved from /opt/airflow/dags/lcbo_pipeline_dag.py
[2026-09-19T21:32:58.401+0000] {logging_mixin.py:188} INFO - [2026-09-19T21:32:58.401+0000] {dag.py:3089} INFO - Sync 1 DAGs
[2026-09-19T21:32:58.411+0000] {logging_mixin.py:188} INFO - [2026-09-19T21:32:58.411+0000] {dag.py:3947} INFO - Setting next_dagrun for lcbo_pipeline to None, run_after=None
[2026-09-19T21:32:58.426+0000] {processor.py:183} INFO - Processing /opt/airflow/dags/lcbo_pipeline_dag.py took 0.076 seconds
[2026-09-19T21:33:28.556+0000] {processor.py:161} INFO - Started process (PID=3755) to work on /opt/airflow/dags/lcbo_pipeline_dag.py
[2026-09-19T21:33:28.558+0000] {processor.py:830} INFO - Processing file /opt/airflow/dags/lcbo_pipeline_dag.py for tasks to queue
[2026-09-19T21:33:28.559+0000] {logging_mixin.py:188} INFO - [2026-09-19T21:33:28.559+0000] {dagbag.py:545} INFO - Filling up the DagBag from /opt/airflow/dags/lcbo_pipeline_dag.py
[2026-09-19T21:33:28.578+0000] {processor.py:840} INFO - DAG(s) 'lcbo_pipeline' retrieved from /opt/airflow/dags/lcbo_pipeline_dag.py
[2026-09-19T21:33:28.603+0000] {logging_mixin.py:188} INFO - [2026-09-19T21:33:28.603+0000] {dag.py:3089} INFO - Sync 1 DAGs
[2026-09-19T21:33:28.613+0000] {logging_mixin.py:188} INFO - [2026-09-19T21:33:28.613+0000] {dag.py:3947} INFO - Setting next_dagrun for lcbo_pipeline to None, run_after=None
[2026-09-19T21:33:28.629+0000] {processor.py:183} INFO - Processing /opt/airflow/dags/lcbo_pipeline_dag.py took 0.078 seconds
[2026-09-19T21:33:58.811+0000] {processor.py:161} INFO - Started process (PID=3766) to work on /opt/airflow/dags/lcbo_pipeline_dag.py
[2026-09-19T21:33:58.812+0000] {processor.py:830} INFO - Processing file /opt/airflow/dags/lcbo_pipeline_dag.py for tasks to queue
[2026-09-19T21:33:58.813+0000] {logging_mixin.py:188} INFO - [2026-09-19T21:33:58.813+0000] {dagbag.py:545} INFO - Filling up the DagBag from /opt/airflow/dags/lcbo_pipeline_dag.py
[2026-09-19T21:33:58.831+0000] {processor.py:840} INFO - DAG(s) 'lcbo_pipeline' retrieved from /opt/airflow/dags/lcbo_pipeline_dag.py
[2026-09-19T21:33:58.855+0000] {logging_mixin.py:188} INFO - [2026-09-19T21:33:58.855+0000] {dag.py:3089} INFO - Sync 1 DAGs
[2026-09-19T21:33:58.866+0000] {logging_mixin.py:188} INFO - [2026-09-19T21:33:58.866+0000] {dag.py:3947} INFO - Setting next_dagrun for lcbo_pipeline to None, run_after=None
[2026-09-19T21:33:58.883+0000] {processor.py:183} INFO - Processing /opt/airflow/dags/lcbo_pipeline_dag.py took 0.076 seconds
[2026-09-19T21:34:29.014+0000] {processor.py:161} INFO - Started process (PID=3777) to work on /opt/airflow/dags/lcbo_pipeline_dag.py
[2026-09-19T21:34:29.016+0000] {processor.py:830} INFO - Processing file /opt/airflow/dags/lcbo_pipeline_dag.py for tasks to queue
[2026-09-19T21:34:29.018+0000] {logging_mixin.py:188} INFO - [2026-09-19T21:34:29.017+0000] {dagbag.py:545} INFO - Filling up the DagBag from /opt/airflow/dags/lcbo_pipeline_dag.py
[2026-09-19T21:34:29.036+0000] {processor.py:840} INFO - DAG(s) 'lcbo_pipeline' retrieved from /opt/airflow/dags/lcbo_pipeline_dag.py
[2026-09-19T21:34:29.062+0000] {logging_mixin.py:188} INFO - [2026-09-19T21:34:29.061+0000] {dag.py:3089} INFO - Sync 1 DAGs
[2026-09-19T21:34:29.073+0000] {logging_mixin.py:188} INFO - [2026-09-19T21:34:29.072+0000] {dag.py:3947} INFO - Setting next_dagrun for lcbo_pipeline to None, run_after=None
[2026-09-19T21:34:29.090+0000] {processor.py:183} INFO - Processing /opt/airflow/dags/lcbo_pipeline_dag.py took 0.080 seconds
[2026-09-19T21:34:59.273+0000] {processor.py:161} INFO - Started process (PID=3788) to work on /opt/airflow/dags/lcbo_pipeline_dag.py
[2026-09-19T21:34:59.274+0000] {processor.py:830} INFO - Processing file /opt/airflow/dags/lcbo_pipeline_dag.py for tasks to queue
[2026-09-19T21:34:59.275+0000] {logging_mixin.py:188} INFO - [2026-09-19T21:34:59.275+0000] {dagbag.py:545} INFO - Filling up the DagBag from /opt/airflow/dags/lcbo_pipeline_dag.py
[2026-09-19T21:34:59.292+0000] {processor.py:840} INFO - DAG(s) 'lcbo_pipeline' retrieved from /opt/airflow/dags/lcbo_pipeline_dag.py
[2026-09-19T21:34:59.317+0000] {logging_mixin.py:188} INFO - [2026-09-19T21:34:59.317+0000] {dag.py:3089} INFO - Sync 1 DAGs
[2026-09-19T21:34:59.328+0000] {logging_mixin.py:188} INFO - [2026-09-19T21:34:59.328+0000] {dag.py:3947} INFO - Setting next_dagrun for lcbo_pipeline to None, run_after=None
[2026-09-19T21:34:59.346+0000] {processor.py:183} INFO - Processing /opt/airflow/dags/lcbo_pipeline_dag.py took 0.078 seconds
[2026-09-19T21:35:29.475+0000] {processor.py:161} INFO - Started process (PID=3799) to work on /opt/airflow/dags/lcbo_pipeline_dag.py
[2026-09-19T21:35:29.476+0000] {processor.py:830} INFO - Processing file /opt/airflow/dags/lcbo_pipeline_dag.py for tasks to queue
[2026-09-19T21:35:29.477+0000] {logging_mixin.py:188} INFO - [2026-09-19T21:35:29.477+0000] {dagbag.py:545} INFO - Filling up the DagBag from /opt/airflow/dags/lcbo_pipeline_dag.py
[2026-09-19T21:35:29.495+0000] {processor.py:840} INFO - DAG(s) 'lcbo_pipeline' retrieved from /opt/airflow/dags/lcbo_pipeline_dag.py
[2026-09-19T21:35:29.520+0000] {logging_mixin.py:188} INFO - [2026-09-19T21:35:29.520+0000] {dag.py:3089} INFO - Sync 1 DAGs
[2026-09-19T21:35:29.531+0000] {logging_mixin.py:188} INFO - [2026-09-19T21:35:29.530+0000] {dag.py:3947} INFO - Setting next_dagrun for lcbo_pipeline to None, run_after=None
[2026-09-19T21:35:29.547+0000] {processor.py:183} INFO - Processing /opt/airflow/dags/lcbo_pipeline_dag.py took 0.077 seconds
[2026-09-19T21:35:59.761+0000] {processor.py:161} INFO - Started process (PID=3810) to work on /opt/airflow/dags/lcbo_pipeline_dag.py
[2026-09-19T21:35:59.762+0000] {processor.py:830} INFO - Processing file /opt/airflow/dags/lcbo_pipeline_dag.py for tasks to queue
[2026-09-19T21:35:59.764+0000] {logging_mixin.py:188} INFO - [2026-09-19T21:35:59.764+0000] {dagbag.py:545} INFO - Filling up the DagBag from /opt/airflow/dags/lcbo_pipeline_dag.py
[2026-09-19T21:35:59.783+0000] {processor.py:840} INFO - DAG(s) 'lcbo_pipeline' retrieved from /opt/airflow/dags/lcbo_pipeline_dag.py
[2026-09-19T21:35:59.808+0000] {logging_mixin.py:188} INFO - [2026-09-19T21:35:59.808+0000] {dag.py:3089} INFO - Sync 1 DAGs
[2026-09-19T21:35:59.819+0000] {logging_mixin.py:188} INFO - [2026-09-19T21:35:59.819+0000] {dag.py:3947} INFO - Setting next_dagrun for lcbo_pipeline to None, run_after=None
[2026-09-19T21:35:59.837+0000] {processor.py:183} INFO - Processing /opt/airflow/dags/lcbo_pipeline_dag.py took 0.081 seconds
[2026-09-19T21:36:29.959+0000] {processor.py:161} INFO - Started process (PID=3821) to work on /opt/airflow/dags/lcbo_pipeline_dag.py
[2026-09-19T21:36:29.960+0000] {processor.py:830} INFO - Processing file /opt/airflow/dags/lcbo_pipeline_dag.py for tasks to queue
[2026-09-19T21:36:29.963+0000] {logging_mixin.py:188} INFO - [2026-09-19T21:36:29.962+0000] {dagbag.py:545} INFO - Filling up the DagBag from /opt/airflow/dags/lcbo_pipeline_dag.py
[2026-09-19T21:36:29.982+0000] {processor.py:840} INFO - DAG(s) 'lcbo_pipeline' retrieved from /opt/airflow/dags/lcbo_pipeline_dag.py
[2026-09-19T21:36:30.009+0000] {logging_mixin.py:188} INFO - [2026-09-19T21:36:30.008+0000] {dag.py:3089} INFO - Sync 1 DAGs
[2026-09-19T21:36:30.022+0000] {logging_mixin.py:188} INFO - [2026-09-19T21:36:30.022+0000] {dag.py:3947} INFO - Setting next_dagrun for lcbo_pipeline to None, run_after=None
[2026-09-19T21:36:30.039+0000] {processor.py:183} INFO - Processing /opt/airflow/dags/lcbo_pipeline_dag.py took 0.086 seconds
[2026-09-19T21:37:00.211+0000] {processor.py:161} INFO - Started process (PID=3832) to work on /opt/airflow/dags/lcbo_pipeline_dag.py
[2026-09-19T21:37:00.212+0000] {processor.py:830} INFO - Processing file /opt/airflow/dags/lcbo_pipeline_dag.py for tasks to queue
[2026-09-19T21:37:00.214+0000] {logging_mixin.py:188} INFO - [2026-09-19T21:37:00.214+0000] {dagbag.py:545} INFO - Filling up the DagBag from /opt/airflow/dags/lcbo_pipeline_dag.py
[2026-09-19T21:37:00.233+0000] {processor.py:840} INFO - DAG(s) 'lcbo_pipeline' retrieved from /opt/airflow/dags/lcbo_pipeline_dag.py
[2026-09-19T21:37:00.258+0000] {logging_mixin.py:188} INFO - [2026-09-19T21:37:00.258+0000] {dag.py:3089} INFO - Sync 1 DAGs
[2026-09-19T21:37:00.268+0000] {logging_mixin.py:188} INFO - [2026-09-19T21:37:00.267+0000] {dag.py:3947} INFO - Setting next_dagrun for lcbo_pipeline to None, run_after=None
[2026-09-19T21:37:00.282+0000] {processor.py:183} INFO - Processing /opt/airflow/dags/lcbo_pipeline_dag.py took 0.075 seconds
[2026-09-19T21:37:30.418+0000] {processor.py:161} INFO - Started process (PID=3843) to work on /opt/airflow/dags/lcbo_pipeline_dag.py
[2026-09-19T21:37:30.420+0000] {processor.py:830} INFO - Processing file /opt/airflow/dags/lcbo_pipeline_dag.py for tasks to queue
[2026-09-19T21:37:30.421+0000] {logging_mixin.py:188} INFO - [2026-09-19T21:37:30.421+0000] {dagbag.py:545} INFO - Filling up the DagBag from /opt/airflow/dags/lcbo_pipeline_dag.py
[2026-09-19T21:37:30.439+0000] {processor.py:840} INFO - DAG(s) 'lcbo_pipeline' retrieved from /opt/airflow/dags/lcbo_pipeline_dag.py
[2026-09-19T21:37:30.465+0000] {logging_mixin.py:188} INFO - [2026-09-19T21:37:30.465+0000] {dag.py:3089} INFO - Sync 1 DAGs
[2026-09-19T21:37:30.476+0000] {logging_mixin.py:188} INFO - [2026-09-19T21:37:30.476+0000] {dag.py:3947} INFO - Setting next_dagrun for lcbo_pipeline to None, run_after=None
[2026-09-19T21:37:30.496+0000] {processor.py:183} INFO - Processing /opt/airflow/dags/lcbo_pipeline_dag.py took 0.081 seconds
[2026-09-19T21:38:00.656+0000] {processor.py:161} INFO - Started process (PID=3854) to work on /opt/airflow/dags/lcbo_pipeline_dag.py
[2026-09-19T21:38:00.657+0000] {processor.py:830} INFO - Processing file /opt/airflow/dags/lcbo_pipeline_dag.py for tasks to queue
[2026-09-19T21:38:00.658+0000] {logging_mixin.py:188} INFO - [2026-09-19T21:38:00.658+0000] {dagbag.py:545} INFO - Filling up the DagBag from /opt/airflow/dags/lcbo_pipeline_dag.py
[2026-09-19T21:38:00.676+0000] {processor.py:840} INFO - DAG(s) 'lcbo_pipeline' retrieved from /opt/airflow/dags/lcbo_pipeline_dag.py
[2026-09-19T21:38:00.698+0000] {logging_mixin.py:188} INFO - [2026-09-19T21:38:00.698+0000] {dag.py:3089} INFO - Sync 1 DAGs
[2026-09-19T21:38:00.707+0000] {logging_mixin.py:188} INFO - [2026-09-19T21:38:00.707+0000] {dag.py:3947} INFO - Setting next_dagrun for lcbo_pipeline to None, run_after=None
[2026-09-19T21:38:00.724+0000] {processor.py:183} INFO - Processing /opt/airflow/dags/lcbo_pipeline_dag.py took 0.072 seconds
[2026-09-19T21:38:30.858+0000] {processor.py:161} INFO - Started process (PID=3865) to work on /opt/airflow/dags/lcbo_pipeline_dag.py
[2026-09-19T21:38:30.859+0000] {processor.py:830} INFO - Processing file /opt/airflow/dags/lcbo_pipeline_dag.py for tasks to queue
[2026-09-19T21:38:30.861+0000] {logging_mixin.py:188} INFO - [2026-09-19T21:38:30.861+0000] {dagbag.py:545} INFO - Filling up the DagBag from /opt/airflow/dags/lcbo_pipeline_dag.py
[2026-09-19T21:38:30.879+0000] {processor.py:840} INFO - DAG(s) 'lcbo_pipeline' retrieved from /opt/airflow/dags/lcbo_pipeline_dag.py
[2026-09-19T21:38:30.904+0000] {logging_mixin.py:188} INFO - [2026-09-19T21:38:30.904+0000] {dag.py:3089} INFO - Sync 1 DAGs
[2026-09-19T21:38:30.914+0000] {logging_mixin.py:188} INFO - [2026-09-19T21:38:30.914+0000] {dag.py:3947} INFO - Setting next_dagrun for lcbo_pipeline to None, run_after=None
[2026-09-19T21:38:30.932+0000] {processor.py:183} INFO - Processing /opt/airflow/dags/lcbo_pipeline_dag.py took 0.078 seconds
[2026-09-19T21:39:01.094+0000] {processor.py:161} INFO - Started process (PID=3876) to work on /opt/airflow/dags/lcbo_pipeline_dag.py
[2026-09-19T21:39:01.096+0000] {processor.py:830} INFO - Processing file /opt/airflow/dags/lcbo_pipeline_dag.py for tasks to queue
[2026-09-19T21:39:01.097+0000] {logging_mixin.py:188} INFO - [2026-09-19T21:39:01.097+0000] {dagbag.py:545} INFO - Filling up the DagBag from /opt/airflow/dags/lcbo_pipeline_dag.py
[2026-09-19T21:39:01.115+0000] {processor.py:840} INFO - DAG(s) 'lcbo_pipeline' retrieved from /opt/airflow/dags/lcbo_pipeline_dag.py
[2026-09-19T21:39:01.140+0000] {logging_mixin.py:188} INFO - [2026-09-19T21:39:01.140+0000] {dag.py:3089} INFO - Sync 1 DAGs
[2026-09-19T21:39:01.152+0000] {logging_mixin.py:188} INFO - [2026-09-19T21:39:01.152+0000] {dag.py:3947} INFO - Setting next_dagrun for lcbo_pipeline to None, run_after=None
[2026-09-19T21:39:01.171+0000] {processor.py:183} INFO - Processing /opt/airflow/dags/lcbo_pipeline_dag.py took 0.081 seconds
[2026-09-19T21:39:31.300+0000] {processor.py:161} INFO - Started process (PID=3887) to work on /opt/airflow/dags/lcbo_pipeline_dag.py
[2026-09-19T21:39:31.302+0000] {processor.py:830} INFO - Processing file /opt/airflow/dags/lcbo_pipeline_dag.py for tasks to queue
[2026-09-19T21:39:31.303+0000] {logging_mixin.py:188} INFO - [2026-09-19T21:39:31.303+0000] {dagbag.py:545} INFO - Filling up the DagBag from /opt/airflow/dags/lcbo_pipeline_dag.py
[2026-09-19T21:39:31.321+0000] {processor.py:840} INFO - DAG(s) 'lcbo_pipeline' retrieved from /opt/airflow/dags/lcbo_pipeline_dag.py
[2026-09-19T21:39:31.350+0000] {logging_mixin.py:188} INFO - [2026-09-19T21:39:31.350+0000] {dag.py:3089} INFO - Sync 1 DAGs
[2026-09-19T21:39:31.362+0000] {logging_mixin.py:188} INFO - [2026-09-19T21:39:31.361+0000] {dag.py:3947} INFO - Setting next_dagrun for lcbo_pipeline to None, run_after=None
[2026-09-19T21:39:31.380+0000] {processor.py:183} INFO - Processing /opt/airflow/dags/lcbo_pipeline_dag.py took 0.084 seconds
[2026-09-19T21:40:01.560+0000] {processor.py:161} INFO - Started process (PID=3898) to work on /opt/airflow/dags/lcbo_pipeline_dag.py
[2026-09-19T21:40:01.561+0000] {processor.py:830} INFO - Processing file /opt/airflow/dags/lcbo_pipeline_dag.py for tasks to queue
[2026-09-19T21:40:01.563+0000] {logging_mixin.py:188} INFO - [2026-09-19T21:40:01.563+0000] {dagbag.py:545} INFO - Filling up the DagBag from /opt/airflow/dags/lcbo_pipeline_dag.py
[2026-09-19T21:40:01.580+0000] {processor.py:840} INFO - DAG(s) 'lcbo_pipeline' retrieved from /opt/airflow/dags/lcbo_pipeline_dag.py
[2026-09-19T21:40:01.604+0000] {logging_mixin.py:188} INFO - [2026-09-19T21:40:01.603+0000] {dag.py:3089} INFO - Sync 1 DAGs
[2026-09-19T21:40:01.613+0000] {logging_mixin.py:188} INFO - [2026-09-19T21:40:01.613+0000] {dag.py:3947} INFO - Setting next_dagrun for lcbo_pipeline to None, run_after=None
[2026-09-19T21:40:01.627+0000] {processor.py:183} INFO - Processing /opt/airflow/dags/lcbo_pipeline_dag.py took 0.072 seconds
[2026-09-19T21:40:31.758+0000] {processor.py:161} INFO - Started process (PID=3909) to work on /opt/airflow/dags/lcbo_pipeline_dag.py
[2026-09-19T21:40:31.759+0000] {processor.py:830} INFO - Processing file /opt/airflow/dags/lcbo_pipeline_dag.py for tasks to queue
[2026-09-19T21:40:31.761+0000] {logging_mixin.py:188} INFO - [2026-09-19T21:40:31.760+0000] {dagbag.py:545} INFO - Filling up the DagBag from /opt/airflow/dags/lcbo_pipeline_dag.py
[2026-09-19T21:40:31.779+0000] {processor.py:840} INFO - DAG(s) 'lcbo_pipeline' retrieved from /opt/airflow/dags/lcbo_pipeline_dag.py
[2026-09-19T21:40:31.804+0000] {logging_mixin.py:188} INFO - [2026-09-19T21:40:31.803+0000] {dag.py:3089} INFO - Sync 1 DAGs
[2026-09-19T21:40:31.815+0000] {logging_mixin.py:188} INFO - [2026-09-19T21:40:31.815+0000] {dag.py:3947} INFO - Setting next_dagrun for lcbo_pipeline to None, run_after=None
[2026-09-19T21:40:31.833+0000] {processor.py:183} INFO - Processing /opt/airflow/dags/lcbo_pipeline_dag.py took 0.080 seconds
[2026-09-19T21:41:02.026+0000] {processor.py:161} INFO - Started process (PID=3920) to work on /opt/airflow/dags/lcbo_pipeline_dag.py
[2026-09-19T21:41:02.027+0000] {processor.py:830} INFO - Processing file /opt/airflow/dags/lcbo_pipeline_dag.py for tasks to queue
[2026-09-19T21:41:02.029+0000] {logging_mixin.py:188} INFO - [2026-09-19T21:41:02.029+0000] {dagbag.py:545} INFO - Filling up the DagBag from /opt/airflow/dags/lcbo_pipeline_dag.py
[2026-09-19T21:41:02.046+0000] {processor.py:840} INFO - DAG(s) 'lcbo_pipeline' retrieved from /opt/airflow/dags/lcbo_pipeline_dag.py
[2026-09-19T21:41:02.071+0000] {logging_mixin.py:188} INFO - [2026-09-19T21:41:02.070+0000] {dag.py:3089} INFO - Sync 1 DAGs
[2026-09-19T21:41:02.081+0000] {logging_mixin.py:188} INFO - [2026-09-19T21:41:02.081+0000] {dag.py:3947} INFO - Setting next_dagrun for lcbo_pipeline to None, run_after=None
[2026-09-19T21:41:02.098+0000] {processor.py:183} INFO - Processing /opt/airflow/dags/lcbo_pipeline_dag.py took 0.076 seconds
[2026-09-19T21:41:32.221+0000] {processor.py:161} INFO - Started process (PID=3931) to work on /opt/airflow/dags/lcbo_pipeline_dag.py
[2026-09-19T21:41:32.222+0000] {processor.py:830} INFO - Processing file /opt/airflow/dags/lcbo_pipeline_dag.py for tasks to queue
[2026-09-19T21:41:32.224+0000] {logging_mixin.py:188} INFO - [2026-09-19T21:41:32.224+0000] {dagbag.py:545} INFO - Filling up the DagBag from /opt/airflow/dags/lcbo_pipeline_dag.py
[2026-09-19T21:41:32.243+0000] {processor.py:840} INFO - DAG(s) 'lcbo_pipeline' retrieved from /opt/airflow/dags/lcbo_pipeline_dag.py
[2026-09-19T21:41:32.268+0000] {logging_mixin.py:188} INFO - [2026-09-19T21:41:32.268+0000] {dag.py:3089} INFO - Sync 1 DAGs
[2026-09-19T21:41:32.279+0000] {logging_mixin.py:188} INFO - [2026-09-19T21:41:32.279+0000] {dag.py:3947} INFO - Setting next_dagrun for lcbo_pipeline to None, run_after=None
[2026-09-19T21:41:32.294+0000] {processor.py:183} INFO - Processing /opt/airflow/dags/lcbo_pipeline_dag.py took 0.077 seconds
[2026-09-19T21:42:02.467+0000] {processor.py:161} INFO - Started process (PID=3942) to work on /opt/airflow/dags/lcbo_pipeline_dag.py
[2026-09-19T21:42:02.469+0000] {processor.py:830} INFO - Processing file /opt/airflow/dags/lcbo_pipeline_dag.py for tasks to queue
[2026-09-19T21:42:02.470+0000] {logging_mixin.py:188} INFO - [2026-09-19T21:42:02.470+0000] {dagbag.py:545} INFO - Filling up the DagBag from /opt/airflow/dags/lcbo_pipeline_dag.py
[2026-09-19T21:42:02.488+0000] {processor.py:840} INFO - DAG(s) 'lcbo_pipeline' retrieved from /opt/airflow/dags/lcbo_pipeline_dag.py
[2026-09-19T21:42:02.513+0000] {logging_mixin.py:188} INFO - [2026-09-19T21:42:02.513+0000] {dag.py:3089} INFO - Sync 1 DAGs
[2026-09-19T21:42:02.524+0000] {logging_mixin.py:188} INFO - [2026-09-19T21:42:02.524+0000] {dag.py:3947} INFO - Setting next_dagrun for lcbo_pipeline to None, run_after=None
[2026-09-19T21:42:02.542+0000] {processor.py:183} INFO - Processing /opt/airflow/dags/lcbo_pipeline_dag.py took 0.079 seconds
[2026-09-19T21:42:32.674+0000] {processor.py:161} INFO - Started process (PID=3953) to work on /opt/airflow/dags/lcbo_pipeline_dag.py
[2026-09-19T21:42:32.675+0000] {processor.py:830} INFO - Processing file /opt/airflow/dags/lcbo_pipeline_dag.py for tasks to queue
[2026-09-19T21:42:32.677+0000] {logging_mixin.py:188} INFO - [2026-09-19T21:42:32.677+0000] {dagbag.py:545} INFO - Filling up the DagBag from /opt/airflow/dags/lcbo_pipeline_dag.py
[2026-09-19T21:42:32.695+0000] {processor.py:840} INFO - DAG(s) 'lcbo_pipeline' retrieved from /opt/airflow/dags/lcbo_pipeline_dag.py
[2026-09-19T21:42:32.720+0000] {logging_mixin.py:188} INFO - [2026-09-19T21:42:32.720+0000] {dag.py:3089} INFO - Sync 1 DAGs
[2026-09-19T21:42:32.731+0000] {logging_mixin.py:188} INFO - [2026-09-19T21:42:32.730+0000] {dag.py:3947} INFO - Setting next_dagrun for lcbo_pipeline to None, run_after=None
[2026-09-19T21:42:32.747+0000] {processor.py:183} INFO - Processing /opt/airflow/dags/lcbo_pipeline_dag.py took 0.078 seconds
[2026-09-19T21:43:02.923+0000] {processor.py:161} INFO - Started process (PID=3964) to work on /opt/airflow/dags/lcbo_pipeline_dag.py
[2026-09-19T21:43:02.924+0000] {processor.py:830} INFO - Processing file /opt/airflow/dags/lcbo_pipeline_dag.py for tasks to queue
[2026-09-19T21:43:02.926+0000] {logging_mixin.py:188} INFO - [2026-09-19T21:43:02.926+0000] {dagbag.py:545} INFO - Filling up the DagBag from /opt/airflow/dags/lcbo_pipeline_dag.py
[2026-09-19T21:43:02.945+0000] {processor.py:840} INFO - DAG(s) 'lcbo_pipeline' retrieved from /opt/airflow/dags/lcbo_pipeline_dag.py
[2026-09-19T21:43:02.971+0000] {logging_mixin.py:188} INFO - [2026-09-19T21:43:02.971+0000] {dag.py:3089} INFO - Sync 1 DAGs
[2026-09-19T21:43:02.981+0000] {logging_mixin.py:188} INFO - [2026-09-19T21:43:02.981+0000] {dag.py:3947} INFO - Setting next_dagrun for lcbo_pipeline to None, run_after=None
[2026-09-19T21:43:02.997+0000] {processor.py:183} INFO - Processing /opt/airflow/dags/lcbo_pipeline_dag.py took 0.079 seconds
[2026-09-19T21:43:33.119+0000] {processor.py:161} INFO - Started process (PID=3975) to work on /opt/airflow/dags/lcbo_pipeline_dag.py
[2026-09-19T21:43:33.121+0000] {processor.py:830} INFO - Processing file /opt/airflow/dags/lcbo_pipeline_dag.py for tasks to queue
[2026-09-19T21:43:33.122+0000] {logging_mixin.py:188} INFO - [2026-09-19T21:43:33.122+0000] {dagbag.py:545} INFO - Filling up the DagBag from /opt/airflow/dags/lcbo_pipeline_dag.py
[2026-09-19T21:43:33.140+0000] {processor.py:840} INFO - DAG(s) 'lcbo_pipeline' retrieved from /opt/airflow/dags/lcbo_pipeline_dag.py
[2026-09-19T21:43:33.167+0000] {logging_mixin.py:188} INFO - [2026-09-19T21:43:33.167+0000] {dag.py:3089} INFO - Sync 1 DAGs
[2026-09-19T21:43:33.179+0000] {logging_mixin.py:188} INFO - [2026-09-19T21:43:33.178+0000] {dag.py:3947} INFO - Setting next_dagrun for lcbo_pipeline to None, run_after=None
[2026-09-19T21:43:33.198+0000] {processor.py:183} INFO - Processing /opt/airflow/dags/lcbo_pipeline_dag.py took 0.083 seconds
[2026-09-19T21:44:03.376+0000] {processor.py:161} INFO - Started process (PID=3986) to work on /opt/airflow/dags/lcbo_pipeline_dag.py
[2026-09-19T21:44:03.378+0000] {processor.py:830} INFO - Processing file /opt/airflow/dags/lcbo_pipeline_dag.py for tasks to queue
[2026-09-19T21:44:03.379+0000] {logging_mixin.py:188} INFO - [2026-09-19T21:44:03.379+0000] {dagbag.py:545} INFO - Filling up the DagBag from /opt/airflow/dags/lcbo_pipeline_dag.py
[2026-09-19T21:44:03.396+0000] {processor.py:840} INFO - DAG(s) 'lcbo_pipeline' retrieved from /opt/airflow/dags/lcbo_pipeline_dag.py
[2026-09-19T21:44:03.421+0000] {logging_mixin.py:188} INFO - [2026-09-19T21:44:03.420+0000] {dag.py:3089} INFO - Sync 1 DAGs
[2026-09-19T21:44:03.431+0000] {logging_mixin.py:188} INFO - [2026-09-19T21:44:03.431+0000] {dag.py:3947} INFO - Setting next_dagrun for lcbo_pipeline to None, run_after=None
[2026-09-19T21:44:03.449+0000] {processor.py:183} INFO - Processing /opt/airflow/dags/lcbo_pipeline_dag.py took 0.076 seconds
[2026-09-19T21:44:33.577+0000] {processor.py:161} INFO - Started process (PID=3997) to work on /opt/airflow/dags/lcbo_pipeline_dag.py
[2026-09-19T21:44:33.578+0000] {processor.py:830} INFO - Processing file /opt/airflow/dags/lcbo_pipeline_dag.py for tasks to queue
[2026-09-19T21:44:33.580+0000] {logging_mixin.py:188} INFO - [2026-09-19T21:44:33.579+0000] {dagbag.py:545} INFO - Filling up the DagBag from /opt/airflow/dags/lcbo_pipeline_dag.py
[2026-09-19T21:44:33.597+0000] {processor.py:840} INFO - DAG(s) 'lcbo_pipeline' retrieved from /opt/airflow/dags/lcbo_pipeline_dag.py
[2026-09-19T21:44:33.622+0000] {logging_mixin.py:188} INFO - [2026-09-19T21:44:33.622+0000] {dag.py:3089} INFO - Sync 1 DAGs
[2026-09-19T21:44:33.632+0000] {logging_mixin.py:188} INFO - [2026-09-19T21:44:33.632+0000] {dag.py:3947} INFO - Setting next_dagrun for lcbo_pipeline to None, run_after=None
[2026-09-19T21:44:33.654+0000] {processor.py:183} INFO - Processing /opt/airflow/dags/lcbo_pipeline_dag.py took 0.082 seconds
[2026-09-19T21:45:03.827+0000] {processor.py:161} INFO - Started process (PID=4008) to work on /opt/airflow/dags/lcbo_pipeline_dag.py
[2026-09-19T21:45:03.829+0000] {processor.py:830} INFO - Processing file /opt/airflow/dags/lcbo_pipeline_dag.py for tasks to queue
[2026-09-19T21:45:03.830+0000] {logging_mixin.py:188} INFO - [2026-09-19T21:45:03.830+0000] {dagbag.py:545} INFO - Filling up the DagBag from /opt/airflow/dags/lcbo_pipeline_dag.py
[2026-09-19T21:45:03.848+0000] {processor.py:840} INFO - DAG(s) 'lcbo_pipeline' retrieved from /opt/airflow/dags/lcbo_pipeline_dag.py
[2026-09-19T21:45:03.873+0000] {logging_mixin.py:188} INFO - [2026-09-19T21:45:03.872+0000] {dag.py:3089} INFO - Sync 1 DAGs
[2026-09-19T21:45:03.884+0000] {logging_mixin.py:188} INFO - [2026-09-19T21:45:03.883+0000] {dag.py:3947} INFO - Setting next_dagrun for lcbo_pipeline to None, run_after=None
[2026-09-19T21:45:03.901+0000] {processor.py:183} INFO - Processing /opt/airflow/dags/lcbo_pipeline_dag.py took 0.078 seconds
[2026-09-19T21:45:34.029+0000] {processor.py:161} INFO - Started process (PID=4019) to work on /opt/airflow/dags/lcbo_pipeline_dag.py
[2026-09-19T21:45:34.030+0000] {processor.py:830} INFO - Processing file /opt/airflow/dags/lcbo_pipeline_dag.py for tasks to queue
[2026-09-19T21:45:34.032+0000] {logging_mixin.py:188} INFO - [2026-09-19T21:45:34.032+0000] {dagbag.py:545} INFO - Filling up the DagBag from /opt/airflow/dags/lcbo_pipeline_dag.py
[2026-09-19T21:45:34.050+0000] {processor.py:840} INFO - DAG(s) 'lcbo_pipeline' retrieved from /opt/airflow/dags/lcbo_pipeline_dag.py
[2026-09-19T21:45:34.077+0000] {logging_mixin.py:188} INFO - [2026-09-19T21:45:34.077+0000] {dag.py:3089} INFO - Sync 1 DAGs
[2026-09-19T21:45:34.089+0000] {logging_mixin.py:188} INFO - [2026-09-19T21:45:34.089+0000] {dag.py:3947} INFO - Setting next_dagrun for lcbo_pipeline to None, run_after=None
[2026-09-19T21:45:34.107+0000] {processor.py:183} INFO - Processing /opt/airflow/dags/lcbo_pipeline_dag.py took 0.083 seconds
[2026-09-19T21:46:04.303+0000] {processor.py:161} INFO - Started process (PID=4030) to work on /opt/airflow/dags/lcbo_pipeline_dag.py
[2026-09-19T21:46:04.304+0000] {processor.py:830} INFO - Processing file /opt/airflow/dags/lcbo_pipeline_dag.py for tasks to queue
[2026-09-19T21:46:04.306+0000] {logging_mixin.py:188} INFO - [2026-09-19T21:46:04.305+0000] {dagbag.py:545} INFO - Filling up the DagBag from /opt/airflow/dags/lcbo_pipeline_dag.py
[2026-09-19T21:46:04.322+0000] {processor.py:840} INFO - DAG(s) 'lcbo_pipeline' retrieved from /opt/airflow/dags/lcbo_pipeline_dag.py
[2026-09-19T21:46:04.355+0000] {logging_mixin.py:188} INFO - [2026-09-19T21:46:04.354+0000] {dag.py:3089} INFO - Sync 1 DAGs
[2026-09-19T21:46:04.365+0000] {logging_mixin.py:188} INFO - [2026-09-19T21:46:04.365+0000] {dag.py:3947} INFO - Setting next_dagrun for lcbo_pipeline to None, run_after=None
[2026-09-19T21:46:04.382+0000] {processor.py:183} INFO - Processing /opt/airflow/dags/lcbo_pipeline_dag.py took 0.083 seconds
[2026-09-19T21:46:34.499+0000] {processor.py:161} INFO - Started process (PID=4041) to work on /opt/airflow/dags/lcbo_pipeline_dag.py
[2026-09-19T21:46:34.500+0000] {processor.py:830} INFO - Processing file /opt/airflow/dags/lcbo_pipeline_dag.py for tasks to queue
[2026-09-19T21:46:34.502+0000] {logging_mixin.py:188} INFO - [2026-09-19T21:46:34.502+0000] {dagbag.py:545} INFO - Filling up the DagBag from /opt/airflow/dags/lcbo_pipeline_dag.py
[2026-09-19T21:46:34.519+0000] {processor.py:840} INFO - DAG(s) 'lcbo_pipeline' retrieved from /opt/airflow/dags/lcbo_pipeline_dag.py
[2026-09-19T21:46:34.544+0000] {logging_mixin.py:188} INFO - [2026-09-19T21:46:34.544+0000] {dag.py:3089} INFO - Sync 1 DAGs
[2026-09-19T21:46:34.554+0000] {logging_mixin.py:188} INFO - [2026-09-19T21:46:34.554+0000] {dag.py:3947} INFO - Setting next_dagrun for lcbo_pipeline to None, run_after=None
[2026-09-19T21:46:34.575+0000] {processor.py:183} INFO - Processing /opt/airflow/dags/lcbo_pipeline_dag.py took 0.080 seconds
[2026-09-19T21:47:04.767+0000] {processor.py:161} INFO - Started process (PID=4052) to work on /opt/airflow/dags/lcbo_pipeline_dag.py
[2026-09-19T21:47:04.768+0000] {processor.py:830} INFO - Processing file /opt/airflow/dags/lcbo_pipeline_dag.py for tasks to queue
[2026-09-19T21:47:04.770+0000] {logging_mixin.py:188} INFO - [2026-09-19T21:47:04.769+0000] {dagbag.py:545} INFO - Filling up the DagBag from /opt/airflow/dags/lcbo_pipeline_dag.py
[2026-09-19T21:47:04.789+0000] {processor.py:840} INFO - DAG(s) 'lcbo_pipeline' retrieved from /opt/airflow/dags/lcbo_pipeline_dag.py
[2026-09-19T21:47:04.817+0000] {logging_mixin.py:188} INFO - [2026-09-19T21:47:04.816+0000] {dag.py:3089} INFO - Sync 1 DAGs
[2026-09-19T21:47:04.829+0000] {logging_mixin.py:188} INFO - [2026-09-19T21:47:04.829+0000] {dag.py:3947} INFO - Setting next_dagrun for lcbo_pipeline to None, run_after=None
[2026-09-19T21:47:04.846+0000] {processor.py:183} INFO - Processing /opt/airflow/dags/lcbo_pipeline_dag.py took 0.084 seconds
[2026-09-19T21:47:34.983+0000] {processor.py:161} INFO - Started process (PID=4063) to work on /opt/airflow/dags/lcbo_pipeline_dag.py
[2026-09-19T21:47:34.984+0000] {processor.py:830} INFO - Processing file /opt/airflow/dags/lcbo_pipeline_dag.py for tasks to queue
[2026-09-19T21:47:34.987+0000] {logging_mixin.py:188} INFO - [2026-09-19T21:47:34.986+0000] {dagbag.py:545} INFO - Filling up the DagBag from /opt/airflow/dags/lcbo_pipeline_dag.py
[2026-09-19T21:47:35.009+0000] {processor.py:840} INFO - DAG(s) 'lcbo_pipeline' retrieved from /opt/airflow/dags/lcbo_pipeline_dag.py
[2026-09-19T21:47:35.038+0000] {logging_mixin.py:188} INFO - [2026-09-19T21:47:35.038+0000] {dag.py:3089} INFO - Sync 1 DAGs
[2026-09-19T21:47:35.049+0000] {logging_mixin.py:188} INFO - [2026-09-19T21:47:35.049+0000] {dag.py:3947} INFO - Setting next_dagrun for lcbo_pipeline to None, run_after=None
[2026-09-19T21:47:35.065+0000] {processor.py:183} INFO - Processing /opt/airflow/dags/lcbo_pipeline_dag.py took 0.089 seconds
[2026-09-19T21:48:05.235+0000] {processor.py:161} INFO - Started process (PID=4074) to work on /opt/airflow/dags/lcbo_pipeline_dag.py
[2026-09-19T21:48:05.237+0000] {processor.py:830} INFO - Processing file /opt/airflow/dags/lcbo_pipeline_dag.py for tasks to queue
[2026-09-19T21:48:05.240+0000] {logging_mixin.py:188} INFO - [2026-09-19T21:48:05.239+0000] {dagbag.py:545} INFO - Filling up the DagBag from /opt/airflow/dags/lcbo_pipeline_dag.py
[2026-09-19T21:48:05.263+0000] {processor.py:840} INFO - DAG(s) 'lcbo_pipeline' retrieved from /opt/airflow/dags/lcbo_pipeline_dag.py
[2026-09-19T21:48:05.295+0000] {logging_mixin.py:188} INFO - [2026-09-19T21:48:05.294+0000] {dag.py:3089} INFO - Sync 1 DAGs
[2026-09-19T21:48:05.307+0000] {logging_mixin.py:188} INFO - [2026-09-19T21:48:05.307+0000] {dag.py:3947} INFO - Setting next_dagrun for lcbo_pipeline to None, run_after=None
[2026-09-19T21:48:05.326+0000] {processor.py:183} INFO - Processing /opt/airflow/dags/lcbo_pipeline_dag.py took 0.098 seconds
[2026-09-19T21:48:35.443+0000] {processor.py:161} INFO - Started process (PID=4085) to work on /opt/airflow/dags/lcbo_pipeline_dag.py
[2026-09-19T21:48:35.444+0000] {processor.py:830} INFO - Processing file /opt/airflow/dags/lcbo_pipeline_dag.py for tasks to queue
[2026-09-19T21:48:35.446+0000] {logging_mixin.py:188} INFO - [2026-09-19T21:48:35.446+0000] {dagbag.py:545} INFO - Filling up the DagBag from /opt/airflow/dags/lcbo_pipeline_dag.py
[2026-09-19T21:48:35.464+0000] {processor.py:840} INFO - DAG(s) 'lcbo_pipeline' retrieved from /opt/airflow/dags/lcbo_pipeline_dag.py
[2026-09-19T21:48:35.488+0000] {logging_mixin.py:188} INFO - [2026-09-19T21:48:35.488+0000] {dag.py:3089} INFO - Sync 1 DAGs
[2026-09-19T21:48:35.497+0000] {logging_mixin.py:188} INFO - [2026-09-19T21:48:35.497+0000] {dag.py:3947} INFO - Setting next_dagrun for lcbo_pipeline to None, run_after=None
[2026-09-19T21:48:35.512+0000] {processor.py:183} INFO - Processing /opt/airflow/dags/lcbo_pipeline_dag.py took 0.072 seconds
[2026-09-19T21:49:05.712+0000] {processor.py:161} INFO - Started process (PID=4096) to work on /opt/airflow/dags/lcbo_pipeline_dag.py
[2026-09-19T21:49:05.713+0000] {processor.py:830} INFO - Processing file /opt/airflow/dags/lcbo_pipeline_dag.py for tasks to queue
[2026-09-19T21:49:05.714+0000] {logging_mixin.py:188} INFO - [2026-09-19T21:49:05.714+0000] {dagbag.py:545} INFO - Filling up the DagBag from /opt/airflow/dags/lcbo_pipeline_dag.py
[2026-09-19T21:49:05.732+0000] {processor.py:840} INFO - DAG(s) 'lcbo_pipeline' retrieved from /opt/airflow/dags/lcbo_pipeline_dag.py
[2026-09-19T21:49:05.757+0000] {logging_mixin.py:188} INFO - [2026-09-19T21:49:05.756+0000] {dag.py:3089} INFO - Sync 1 DAGs
[2026-09-19T21:49:05.767+0000] {logging_mixin.py:188} INFO - [2026-09-19T21:49:05.767+0000] {dag.py:3947} INFO - Setting next_dagrun for lcbo_pipeline to None, run_after=None
[2026-09-19T21:49:05.785+0000] {processor.py:183} INFO - Processing /opt/airflow/dags/lcbo_pipeline_dag.py took 0.077 seconds
[2026-09-19T21:49:35.909+0000] {processor.py:161} INFO - Started process (PID=4107) to work on /opt/airflow/dags/lcbo_pipeline_dag.py
[2026-09-19T21:49:35.910+0000] {processor.py:830} INFO - Processing file /opt/airflow/dags/lcbo_pipeline_dag.py for tasks to queue
[2026-09-19T21:49:35.912+0000] {logging_mixin.py:188} INFO - [2026-09-19T21:49:35.912+0000] {dagbag.py:545} INFO - Filling up the DagBag from /opt/airflow/dags/lcbo_pipeline_dag.py
[2026-09-19T21:49:35.930+0000] {processor.py:840} INFO - DAG(s) 'lcbo_pipeline' retrieved from /opt/airflow/dags/lcbo_pipeline_dag.py
[2026-09-19T21:49:35.959+0000] {logging_mixin.py:188} INFO - [2026-09-19T21:49:35.959+0000] {dag.py:3089} INFO - Sync 1 DAGs
[2026-09-19T21:49:35.972+0000] {logging_mixin.py:188} INFO - [2026-09-19T21:49:35.971+0000] {dag.py:3947} INFO - Setting next_dagrun for lcbo_pipeline to None, run_after=None
[2026-09-19T21:49:35.988+0000] {processor.py:183} INFO - Processing /opt/airflow/dags/lcbo_pipeline_dag.py took 0.083 seconds
[2026-09-19T21:50:06.169+0000] {processor.py:161} INFO - Started process (PID=4118) to work on /opt/airflow/dags/lcbo_pipeline_dag.py
[2026-09-19T21:50:06.170+0000] {processor.py:830} INFO - Processing file /opt/airflow/dags/lcbo_pipeline_dag.py for tasks to queue
[2026-09-19T21:50:06.172+0000] {logging_mixin.py:188} INFO - [2026-09-19T21:50:06.172+0000] {dagbag.py:545} INFO - Filling up the DagBag from /opt/airflow/dags/lcbo_pipeline_dag.py
[2026-09-19T21:50:06.190+0000] {processor.py:840} INFO - DAG(s) 'lcbo_pipeline' retrieved from /opt/airflow/dags/lcbo_pipeline_dag.py
[2026-09-19T21:50:06.214+0000] {logging_mixin.py:188} INFO - [2026-09-19T21:50:06.214+0000] {dag.py:3089} INFO - Sync 1 DAGs
[2026-09-19T21:50:06.225+0000] {logging_mixin.py:188} INFO - [2026-09-19T21:50:06.225+0000] {dag.py:3947} INFO - Setting next_dagrun for lcbo_pipeline to None, run_after=None
[2026-09-19T21:50:06.241+0000] {processor.py:183} INFO - Processing /opt/airflow/dags/lcbo_pipeline_dag.py took 0.076 seconds
[2026-09-19T21:50:36.366+0000] {processor.py:161} INFO - Started process (PID=4129) to work on /opt/airflow/dags/lcbo_pipeline_dag.py
[2026-09-19T21:50:36.367+0000] {processor.py:830} INFO - Processing file /opt/airflow/dags/lcbo_pipeline_dag.py for tasks to queue
[2026-09-19T21:50:36.369+0000] {logging_mixin.py:188} INFO - [2026-09-19T21:50:36.369+0000] {dagbag.py:545} INFO - Filling up the DagBag from /opt/airflow/dags/lcbo_pipeline_dag.py
[2026-09-19T21:50:36.386+0000] {processor.py:840} INFO - DAG(s) 'lcbo_pipeline' retrieved from /opt/airflow/dags/lcbo_pipeline_dag.py
[2026-09-19T21:50:36.411+0000] {logging_mixin.py:188} INFO - [2026-09-19T21:50:36.411+0000] {dag.py:3089} INFO - Sync 1 DAGs
[2026-09-19T21:50:36.421+0000] {logging_mixin.py:188} INFO - [2026-09-19T21:50:36.421+0000] {dag.py:3947} INFO - Setting next_dagrun for lcbo_pipeline to None, run_after=None
[2026-09-19T21:50:36.441+0000] {processor.py:183} INFO - Processing /opt/airflow/dags/lcbo_pipeline_dag.py took 0.080 seconds
[2026-09-19T21:51:06.651+0000] {processor.py:161} INFO - Started process (PID=4140) to work on /opt/airflow/dags/lcbo_pipeline_dag.py
[2026-09-19T21:51:06.652+0000] {processor.py:830} INFO - Processing file /opt/airflow/dags/lcbo_pipeline_dag.py for tasks to queue
[2026-09-19T21:51:06.654+0000] {logging_mixin.py:188} INFO - [2026-09-19T21:51:06.654+0000] {dagbag.py:545} INFO - Filling up the DagBag from /opt/airflow/dags/lcbo_pipeline_dag.py
[2026-09-19T21:51:06.672+0000] {processor.py:840} INFO - DAG(s) 'lcbo_pipeline' retrieved from /opt/airflow/dags/lcbo_pipeline_dag.py
[2026-09-19T21:51:06.698+0000] {logging_mixin.py:188} INFO - [2026-09-19T21:51:06.698+0000] {dag.py:3089} INFO - Sync 1 DAGs
[2026-09-19T21:51:06.709+0000] {logging_mixin.py:188} INFO - [2026-09-19T21:51:06.709+0000] {dag.py:3947} INFO - Setting next_dagrun for lcbo_pipeline to None, run_after=None
[2026-09-19T21:51:06.725+0000] {processor.py:183} INFO - Processing /opt/airflow/dags/lcbo_pipeline_dag.py took 0.079 seconds
[2026-09-19T21:51:36.854+0000] {processor.py:161} INFO - Started process (PID=4151) to work on /opt/airflow/dags/lcbo_pipeline_dag.py
[2026-09-19T21:51:36.856+0000] {processor.py:830} INFO - Processing file /opt/airflow/dags/lcbo_pipeline_dag.py for tasks to queue
[2026-09-19T21:51:36.857+0000] {logging_mixin.py:188} INFO - [2026-09-19T21:51:36.857+0000] {dagbag.py:545} INFO - Filling up the DagBag from /opt/airflow/dags/lcbo_pipeline_dag.py
[2026-09-19T21:51:36.874+0000] {processor.py:840} INFO - DAG(s) 'lcbo_pipeline' retrieved from /opt/airflow/dags/lcbo_pipeline_dag.py
[2026-09-19T21:51:36.898+0000] {logging_mixin.py:188} INFO - [2026-09-19T21:51:36.898+0000] {dag.py:3089} INFO - Sync 1 DAGs
[2026-09-19T21:51:36.908+0000] {logging_mixin.py:188} INFO - [2026-09-19T21:51:36.908+0000] {dag.py:3947} INFO - Setting next_dagrun for lcbo_pipeline to None, run_after=None
[2026-09-19T21:51:36.925+0000] {processor.py:183} INFO - Processing /opt/airflow/dags/lcbo_pipeline_dag.py took 0.074 seconds
[2026-09-19T21:52:07.094+0000] {processor.py:161} INFO - Started process (PID=4162) to work on /opt/airflow/dags/lcbo_pipeline_dag.py
[2026-09-19T21:52:07.095+0000] {processor.py:830} INFO - Processing file /opt/airflow/dags/lcbo_pipeline_dag.py for tasks to queue
[2026-09-19T21:52:07.097+0000] {logging_mixin.py:188} INFO - [2026-09-19T21:52:07.096+0000] {dagbag.py:545} INFO - Filling up the DagBag from /opt/airflow/dags/lcbo_pipeline_dag.py
[2026-09-19T21:52:07.113+0000] {processor.py:840} INFO - DAG(s) 'lcbo_pipeline' retrieved from /opt/airflow/dags/lcbo_pipeline_dag.py
[2026-09-19T21:52:07.139+0000] {logging_mixin.py:188} INFO - [2026-09-19T21:52:07.138+0000] {dag.py:3089} INFO - Sync 1 DAGs
[2026-09-19T21:52:07.149+0000] {logging_mixin.py:188} INFO - [2026-09-19T21:52:07.149+0000] {dag.py:3947} INFO - Setting next_dagrun for lcbo_pipeline to None, run_after=None
[2026-09-19T21:52:07.169+0000] {processor.py:183} INFO - Processing /opt/airflow/dags/lcbo_pipeline_dag.py took 0.079 seconds
[2026-09-19T21:52:37.297+0000] {processor.py:161} INFO - Started process (PID=4173) to work on /opt/airflow/dags/lcbo_pipeline_dag.py
[2026-09-19T21:52:37.298+0000] {processor.py:830} INFO - Processing file /opt/airflow/dags/lcbo_pipeline_dag.py for tasks to queue
[2026-09-19T21:52:37.300+0000] {logging_mixin.py:188} INFO - [2026-09-19T21:52:37.300+0000] {dagbag.py:545} INFO - Filling up the DagBag from /opt/airflow/dags/lcbo_pipeline_dag.py
[2026-09-19T21:52:37.317+0000] {processor.py:840} INFO - DAG(s) 'lcbo_pipeline' retrieved from /opt/airflow/dags/lcbo_pipeline_dag.py
[2026-09-19T21:52:37.340+0000] {logging_mixin.py:188} INFO - [2026-09-19T21:52:37.340+0000] {dag.py:3089} INFO - Sync 1 DAGs
[2026-09-19T21:52:37.351+0000] {logging_mixin.py:188} INFO - [2026-09-19T21:52:37.351+0000] {dag.py:3947} INFO - Setting next_dagrun for lcbo_pipeline to None, run_after=None
[2026-09-19T21:52:37.368+0000] {processor.py:183} INFO - Processing /opt/airflow/dags/lcbo_pipeline_dag.py took 0.075 seconds
[2026-09-19T21:53:07.546+0000] {processor.py:161} INFO - Started process (PID=4184) to work on /opt/airflow/dags/lcbo_pipeline_dag.py
[2026-09-19T21:53:07.547+0000] {processor.py:830} INFO - Processing file /opt/airflow/dags/lcbo_pipeline_dag.py for tasks to queue
[2026-09-19T21:53:07.548+0000] {logging_mixin.py:188} INFO - [2026-09-19T21:53:07.548+0000] {dagbag.py:545} INFO - Filling up the DagBag from /opt/airflow/dags/lcbo_pipeline_dag.py
[2026-09-19T21:53:07.564+0000] {processor.py:840} INFO - DAG(s) 'lcbo_pipeline' retrieved from /opt/airflow/dags/lcbo_pipeline_dag.py
[2026-09-19T21:53:07.589+0000] {logging_mixin.py:188} INFO - [2026-09-19T21:53:07.589+0000] {dag.py:3089} INFO - Sync 1 DAGs
[2026-09-19T21:53:07.601+0000] {logging_mixin.py:188} INFO - [2026-09-19T21:53:07.600+0000] {dag.py:3947} INFO - Setting next_dagrun for lcbo_pipeline to None, run_after=None
[2026-09-19T21:53:07.619+0000] {processor.py:183} INFO - Processing /opt/airflow/dags/lcbo_pipeline_dag.py took 0.077 seconds
[2026-09-19T21:53:37.751+0000] {processor.py:161} INFO - Started process (PID=4195) to work on /opt/airflow/dags/lcbo_pipeline_dag.py
[2026-09-19T21:53:37.752+0000] {processor.py:830} INFO - Processing file /opt/airflow/dags/lcbo_pipeline_dag.py for tasks to queue
[2026-09-19T21:53:37.754+0000] {logging_mixin.py:188} INFO - [2026-09-19T21:53:37.753+0000] {dagbag.py:545} INFO - Filling up the DagBag from /opt/airflow/dags/lcbo_pipeline_dag.py
[2026-09-19T21:53:37.772+0000] {processor.py:840} INFO - DAG(s) 'lcbo_pipeline' retrieved from /opt/airflow/dags/lcbo_pipeline_dag.py
[2026-09-19T21:53:37.797+0000] {logging_mixin.py:188} INFO - [2026-09-19T21:53:37.797+0000] {dag.py:3089} INFO - Sync 1 DAGs
[2026-09-19T21:53:37.807+0000] {logging_mixin.py:188} INFO - [2026-09-19T21:53:37.807+0000] {dag.py:3947} INFO - Setting next_dagrun for lcbo_pipeline to None, run_after=None
[2026-09-19T21:53:37.823+0000] {processor.py:183} INFO - Processing /opt/airflow/dags/lcbo_pipeline_dag.py took 0.077 seconds
[2026-09-19T21:54:08.002+0000] {processor.py:161} INFO - Started process (PID=4206) to work on /opt/airflow/dags/lcbo_pipeline_dag.py
[2026-09-19T21:54:08.003+0000] {processor.py:830} INFO - Processing file /opt/airflow/dags/lcbo_pipeline_dag.py for tasks to queue
[2026-09-19T21:54:08.004+0000] {logging_mixin.py:188} INFO - [2026-09-19T21:54:08.004+0000] {dagbag.py:545} INFO - Filling up the DagBag from /opt/airflow/dags/lcbo_pipeline_dag.py
[2026-09-19T21:54:08.021+0000] {processor.py:840} INFO - DAG(s) 'lcbo_pipeline' retrieved from /opt/airflow/dags/lcbo_pipeline_dag.py
[2026-09-19T21:54:08.044+0000] {logging_mixin.py:188} INFO - [2026-09-19T21:54:08.044+0000] {dag.py:3089} INFO - Sync 1 DAGs
[2026-09-19T21:54:08.053+0000] {logging_mixin.py:188} INFO - [2026-09-19T21:54:08.053+0000] {dag.py:3947} INFO - Setting next_dagrun for lcbo_pipeline to None, run_after=None
[2026-09-19T21:54:08.069+0000] {processor.py:183} INFO - Processing /opt/airflow/dags/lcbo_pipeline_dag.py took 0.071 seconds
[2026-09-19T21:54:38.199+0000] {processor.py:161} INFO - Started process (PID=4217) to work on /opt/airflow/dags/lcbo_pipeline_dag.py
[2026-09-19T21:54:38.201+0000] {processor.py:830} INFO - Processing file /opt/airflow/dags/lcbo_pipeline_dag.py for tasks to queue
[2026-09-19T21:54:38.203+0000] {logging_mixin.py:188} INFO - [2026-09-19T21:54:38.203+0000] {dagbag.py:545} INFO - Filling up the DagBag from /opt/airflow/dags/lcbo_pipeline_dag.py
[2026-09-19T21:54:38.220+0000] {processor.py:840} INFO - DAG(s) 'lcbo_pipeline' retrieved from /opt/airflow/dags/lcbo_pipeline_dag.py
[2026-09-19T21:54:38.245+0000] {logging_mixin.py:188} INFO - [2026-09-19T21:54:38.244+0000] {dag.py:3089} INFO - Sync 1 DAGs
[2026-09-19T21:54:38.255+0000] {logging_mixin.py:188} INFO - [2026-09-19T21:54:38.255+0000] {dag.py:3947} INFO - Setting next_dagrun for lcbo_pipeline to None, run_after=None
[2026-09-19T21:54:38.272+0000] {processor.py:183} INFO - Processing /opt/airflow/dags/lcbo_pipeline_dag.py took 0.076 seconds
[2026-09-19T21:55:08.449+0000] {processor.py:161} INFO - Started process (PID=4228) to work on /opt/airflow/dags/lcbo_pipeline_dag.py
[2026-09-19T21:55:08.450+0000] {processor.py:830} INFO - Processing file /opt/airflow/dags/lcbo_pipeline_dag.py for tasks to queue
[2026-09-19T21:55:08.452+0000] {logging_mixin.py:188} INFO - [2026-09-19T21:55:08.451+0000] {dagbag.py:545} INFO - Filling up the DagBag from /opt/airflow/dags/lcbo_pipeline_dag.py
[2026-09-19T21:55:08.470+0000] {processor.py:840} INFO - DAG(s) 'lcbo_pipeline' retrieved from /opt/airflow/dags/lcbo_pipeline_dag.py
[2026-09-19T21:55:08.497+0000] {logging_mixin.py:188} INFO - [2026-09-19T21:55:08.496+0000] {dag.py:3089} INFO - Sync 1 DAGs
[2026-09-19T21:55:08.508+0000] {logging_mixin.py:188} INFO - [2026-09-19T21:55:08.508+0000] {dag.py:3947} INFO - Setting next_dagrun for lcbo_pipeline to None, run_after=None
[2026-09-19T21:55:08.527+0000] {processor.py:183} INFO - Processing /opt/airflow/dags/lcbo_pipeline_dag.py took 0.082 seconds
[2026-09-19T21:55:38.647+0000] {processor.py:161} INFO - Started process (PID=4239) to work on /opt/airflow/dags/lcbo_pipeline_dag.py
[2026-09-19T21:55:38.648+0000] {processor.py:830} INFO - Processing file /opt/airflow/dags/lcbo_pipeline_dag.py for tasks to queue
[2026-09-19T21:55:38.650+0000] {logging_mixin.py:188} INFO - [2026-09-19T21:55:38.649+0000] {dagbag.py:545} INFO - Filling up the DagBag from /opt/airflow/dags/lcbo_pipeline_dag.py
[2026-09-19T21:55:38.668+0000] {processor.py:840} INFO - DAG(s) 'lcbo_pipeline' retrieved from /opt/airflow/dags/lcbo_pipeline_dag.py
[2026-09-19T21:55:38.692+0000] {logging_mixin.py:188} INFO - [2026-09-19T21:55:38.692+0000] {dag.py:3089} INFO - Sync 1 DAGs
[2026-09-19T21:55:38.701+0000] {logging_mixin.py:188} INFO - [2026-09-19T21:55:38.701+0000] {dag.py:3947} INFO - Setting next_dagrun for lcbo_pipeline to None, run_after=None
[2026-09-19T21:55:38.716+0000] {processor.py:183} INFO - Processing /opt/airflow/dags/lcbo_pipeline_dag.py took 0.073 seconds
[2026-09-19T21:56:08.938+0000] {processor.py:161} INFO - Started process (PID=4250) to work on /opt/airflow/dags/lcbo_pipeline_dag.py
[2026-09-19T21:56:08.939+0000] {processor.py:830} INFO - Processing file /opt/airflow/dags/lcbo_pipeline_dag.py for tasks to queue
[2026-09-19T21:56:08.941+0000] {logging_mixin.py:188} INFO - [2026-09-19T21:56:08.941+0000] {dagbag.py:545} INFO - Filling up the DagBag from /opt/airflow/dags/lcbo_pipeline_dag.py
[2026-09-19T21:56:08.958+0000] {processor.py:840} INFO - DAG(s) 'lcbo_pipeline' retrieved from /opt/airflow/dags/lcbo_pipeline_dag.py
[2026-09-19T21:56:08.984+0000] {logging_mixin.py:188} INFO - [2026-09-19T21:56:08.984+0000] {dag.py:3089} INFO - Sync 1 DAGs
[2026-09-19T21:56:08.995+0000] {logging_mixin.py:188} INFO - [2026-09-19T21:56:08.995+0000] {dag.py:3947} INFO - Setting next_dagrun for lcbo_pipeline to None, run_after=None
[2026-09-19T21:56:09.011+0000] {processor.py:183} INFO - Processing /opt/airflow/dags/lcbo_pipeline_dag.py took 0.077 seconds
[2026-09-19T21:56:39.142+0000] {processor.py:161} INFO - Started process (PID=4261) to work on /opt/airflow/dags/lcbo_pipeline_dag.py
[2026-09-19T21:56:39.144+0000] {processor.py:830} INFO - Processing file /opt/airflow/dags/lcbo_pipeline_dag.py for tasks to queue
[2026-09-19T21:56:39.146+0000] {logging_mixin.py:188} INFO - [2026-09-19T21:56:39.145+0000] {dagbag.py:545} INFO - Filling up the DagBag from /opt/airflow/dags/lcbo_pipeline_dag.py
[2026-09-19T21:56:39.164+0000] {processor.py:840} INFO - DAG(s) 'lcbo_pipeline' retrieved from /opt/airflow/dags/lcbo_pipeline_dag.py
[2026-09-19T21:56:39.190+0000] {logging_mixin.py:188} INFO - [2026-09-19T21:56:39.189+0000] {dag.py:3089} INFO - Sync 1 DAGs
[2026-09-19T21:56:39.200+0000] {logging_mixin.py:188} INFO - [2026-09-19T21:56:39.200+0000] {dag.py:3947} INFO - Setting next_dagrun for lcbo_pipeline to None, run_after=None
[2026-09-19T21:56:39.215+0000] {processor.py:183} INFO - Processing /opt/airflow/dags/lcbo_pipeline_dag.py took 0.078 seconds
[2026-09-19T21:57:09.392+0000] {processor.py:161} INFO - Started process (PID=4272) to work on /opt/airflow/dags/lcbo_pipeline_dag.py
[2026-09-19T21:57:09.394+0000] {processor.py:830} INFO - Processing file /opt/airflow/dags/lcbo_pipeline_dag.py for tasks to queue
[2026-09-19T21:57:09.395+0000] {logging_mixin.py:188} INFO - [2026-09-19T21:57:09.395+0000] {dagbag.py:545} INFO - Filling up the DagBag from /opt/airflow/dags/lcbo_pipeline_dag.py
[2026-09-19T21:57:09.414+0000] {processor.py:840} INFO - DAG(s) 'lcbo_pipeline' retrieved from /opt/airflow/dags/lcbo_pipeline_dag.py
[2026-09-19T21:57:09.440+0000] {logging_mixin.py:188} INFO - [2026-09-19T21:57:09.440+0000] {dag.py:3089} INFO - Sync 1 DAGs
[2026-09-19T21:57:09.450+0000] {logging_mixin.py:188} INFO - [2026-09-19T21:57:09.449+0000] {dag.py:3947} INFO - Setting next_dagrun for lcbo_pipeline to None, run_after=None
[2026-09-19T21:57:09.467+0000] {processor.py:183} INFO - Processing /opt/airflow/dags/lcbo_pipeline_dag.py took 0.079 seconds
[2026-09-19T21:57:39.594+0000] {processor.py:161} INFO - Started process (PID=4283) to work on /opt/airflow/dags/lcbo_pipeline_dag.py
[2026-09-19T21:57:39.595+0000] {processor.py:830} INFO - Processing file /opt/airflow/dags/lcbo_pipeline_dag.py for tasks to queue
[2026-09-19T21:57:39.597+0000] {logging_mixin.py:188} INFO - [2026-09-19T21:57:39.597+0000] {dagbag.py:545} INFO - Filling up the DagBag from /opt/airflow/dags/lcbo_pipeline_dag.py
[2026-09-19T21:57:39.615+0000] {processor.py:840} INFO - DAG(s) 'lcbo_pipeline' retrieved from /opt/airflow/dags/lcbo_pipeline_dag.py
[2026-09-19T21:57:39.642+0000] {logging_mixin.py:188} INFO - [2026-09-19T21:57:39.642+0000] {dag.py:3089} INFO - Sync 1 DAGs
[2026-09-19T21:57:39.653+0000] {logging_mixin.py:188} INFO - [2026-09-19T21:57:39.653+0000] {dag.py:3947} INFO - Setting next_dagrun for lcbo_pipeline to None, run_after=None
[2026-09-19T21:57:39.668+0000] {processor.py:183} INFO - Processing /opt/airflow/dags/lcbo_pipeline_dag.py took 0.079 seconds
[2026-09-19T21:58:09.841+0000] {processor.py:161} INFO - Started process (PID=4294) to work on /opt/airflow/dags/lcbo_pipeline_dag.py
[2026-09-19T21:58:09.843+0000] {processor.py:830} INFO - Processing file /opt/airflow/dags/lcbo_pipeline_dag.py for tasks to queue
[2026-09-19T21:58:09.845+0000] {logging_mixin.py:188} INFO - [2026-09-19T21:58:09.845+0000] {dagbag.py:545} INFO - Filling up the DagBag from /opt/airflow/dags/lcbo_pipeline_dag.py
[2026-09-19T21:58:09.862+0000] {processor.py:840} INFO - DAG(s) 'lcbo_pipeline' retrieved from /opt/airflow/dags/lcbo_pipeline_dag.py
[2026-09-19T21:58:09.886+0000] {logging_mixin.py:188} INFO - [2026-09-19T21:58:09.885+0000] {dag.py:3089} INFO - Sync 1 DAGs
[2026-09-19T21:58:09.896+0000] {logging_mixin.py:188} INFO - [2026-09-19T21:58:09.896+0000] {dag.py:3947} INFO - Setting next_dagrun for lcbo_pipeline to None, run_after=None
[2026-09-19T21:58:09.913+0000] {processor.py:183} INFO - Processing /opt/airflow/dags/lcbo_pipeline_dag.py took 0.075 seconds
[2026-09-19T21:58:40.042+0000] {processor.py:161} INFO - Started process (PID=4305) to work on /opt/airflow/dags/lcbo_pipeline_dag.py
[2026-09-19T21:58:40.043+0000] {processor.py:830} INFO - Processing file /opt/airflow/dags/lcbo_pipeline_dag.py for tasks to queue
[2026-09-19T21:58:40.045+0000] {logging_mixin.py:188} INFO - [2026-09-19T21:58:40.044+0000] {dagbag.py:545} INFO - Filling up the DagBag from /opt/airflow/dags/lcbo_pipeline_dag.py
[2026-09-19T21:58:40.062+0000] {processor.py:840} INFO - DAG(s) 'lcbo_pipeline' retrieved from /opt/airflow/dags/lcbo_pipeline_dag.py
[2026-09-19T21:58:40.086+0000] {logging_mixin.py:188} INFO - [2026-09-19T21:58:40.086+0000] {dag.py:3089} INFO - Sync 1 DAGs
[2026-09-19T21:58:40.095+0000] {logging_mixin.py:188} INFO - [2026-09-19T21:58:40.095+0000] {dag.py:3947} INFO - Setting next_dagrun for lcbo_pipeline to None, run_after=None
[2026-09-19T21:58:40.112+0000] {processor.py:183} INFO - Processing /opt/airflow/dags/lcbo_pipeline_dag.py took 0.074 seconds
[2026-09-19T21:59:10.288+0000] {processor.py:161} INFO - Started process (PID=4316) to work on /opt/airflow/dags/lcbo_pipeline_dag.py
[2026-09-19T21:59:10.290+0000] {processor.py:830} INFO - Processing file /opt/airflow/dags/lcbo_pipeline_dag.py for tasks to queue
[2026-09-19T21:59:10.292+0000] {logging_mixin.py:188} INFO - [2026-09-19T21:59:10.291+0000] {dagbag.py:545} INFO - Filling up the DagBag from /opt/airflow/dags/lcbo_pipeline_dag.py
[2026-09-19T21:59:10.309+0000] {processor.py:840} INFO - DAG(s) 'lcbo_pipeline' retrieved from /opt/airflow/dags/lcbo_pipeline_dag.py
[2026-09-19T21:59:10.334+0000] {logging_mixin.py:188} INFO - [2026-09-19T21:59:10.334+0000] {dag.py:3089} INFO - Sync 1 DAGs
[2026-09-19T21:59:10.345+0000] {logging_mixin.py:188} INFO - [2026-09-19T21:59:10.345+0000] {dag.py:3947} INFO - Setting next_dagrun for lcbo_pipeline to None, run_after=None
[2026-09-19T21:59:10.363+0000] {processor.py:183} INFO - Processing /opt/airflow/dags/lcbo_pipeline_dag.py took 0.079 seconds
[2026-09-19T21:59:40.491+0000] {processor.py:161} INFO - Started process (PID=4327) to work on /opt/airflow/dags/lcbo_pipeline_dag.py
[2026-09-19T21:59:40.493+0000] {processor.py:830} INFO - Processing file /opt/airflow/dags/lcbo_pipeline_dag.py for tasks to queue
[2026-09-19T21:59:40.494+0000] {logging_mixin.py:188} INFO - [2026-09-19T21:59:40.494+0000] {dagbag.py:545} INFO - Filling up the DagBag from /opt/airflow/dags/lcbo_pipeline_dag.py
[2026-09-19T21:59:40.512+0000] {processor.py:840} INFO - DAG(s) 'lcbo_pipeline' retrieved from /opt/airflow/dags/lcbo_pipeline_dag.py
[2026-09-19T21:59:40.535+0000] {logging_mixin.py:188} INFO - [2026-09-19T21:59:40.535+0000] {dag.py:3089} INFO - Sync 1 DAGs
[2026-09-19T21:59:40.545+0000] {logging_mixin.py:188} INFO - [2026-09-19T21:59:40.544+0000] {dag.py:3947} INFO - Setting next_dagrun for lcbo_pipeline to None, run_after=None
[2026-09-19T21:59:40.559+0000] {processor.py:183} INFO - Processing /opt/airflow/dags/lcbo_pipeline_dag.py took 0.073 seconds
[2026-09-19T22:00:10.732+0000] {processor.py:161} INFO - Started process (PID=4338) to work on /opt/airflow/dags/lcbo_pipeline_dag.py
[2026-09-19T22:00:10.734+0000] {processor.py:830} INFO - Processing file /opt/airflow/dags/lcbo_pipeline_dag.py for tasks to queue
[2026-09-19T22:00:10.736+0000] {logging_mixin.py:188} INFO - [2026-09-19T22:00:10.735+0000] {dagbag.py:545} INFO - Filling up the DagBag from /opt/airflow/dags/lcbo_pipeline_dag.py
[2026-09-19T22:00:10.754+0000] {processor.py:840} INFO - DAG(s) 'lcbo_pipeline' retrieved from /opt/airflow/dags/lcbo_pipeline_dag.py
[2026-09-19T22:00:10.778+0000] {logging_mixin.py:188} INFO - [2026-09-19T22:00:10.778+0000] {dag.py:3089} INFO - Sync 1 DAGs
[2026-09-19T22:00:10.790+0000] {logging_mixin.py:188} INFO - [2026-09-19T22:00:10.790+0000] {dag.py:3947} INFO - Setting next_dagrun for lcbo_pipeline to None, run_after=None
[2026-09-19T22:00:10.807+0000] {processor.py:183} INFO - Processing /opt/airflow/dags/lcbo_pipeline_dag.py took 0.079 seconds
[2026-09-19T22:00:40.926+0000] {processor.py:161} INFO - Started process (PID=4349) to work on /opt/airflow/dags/lcbo_pipeline_dag.py
[2026-09-19T22:00:40.928+0000] {processor.py:830} INFO - Processing file /opt/airflow/dags/lcbo_pipeline_dag.py for tasks to queue
[2026-09-19T22:00:40.929+0000] {logging_mixin.py:188} INFO - [2026-09-19T22:00:40.929+0000] {dagbag.py:545} INFO - Filling up the DagBag from /opt/airflow/dags/lcbo_pipeline_dag.py
[2026-09-19T22:00:40.947+0000] {processor.py:840} INFO - DAG(s) 'lcbo_pipeline' retrieved from /opt/airflow/dags/lcbo_pipeline_dag.py
[2026-09-19T22:00:40.973+0000] {logging_mixin.py:188} INFO - [2026-09-19T22:00:40.973+0000] {dag.py:3089} INFO - Sync 1 DAGs
[2026-09-19T22:00:40.984+0000] {logging_mixin.py:188} INFO - [2026-09-19T22:00:40.984+0000] {dag.py:3947} INFO - Setting next_dagrun for lcbo_pipeline to None, run_after=None
[2026-09-19T22:00:41.004+0000] {processor.py:183} INFO - Processing /opt/airflow/dags/lcbo_pipeline_dag.py took 0.081 seconds
[2026-09-19T22:01:11.211+0000] {processor.py:161} INFO - Started process (PID=4360) to work on /opt/airflow/dags/lcbo_pipeline_dag.py
[2026-09-19T22:01:11.212+0000] {processor.py:830} INFO - Processing file /opt/airflow/dags/lcbo_pipeline_dag.py for tasks to queue
[2026-09-19T22:01:11.214+0000] {logging_mixin.py:188} INFO - [2026-09-19T22:01:11.213+0000] {dagbag.py:545} INFO - Filling up the DagBag from /opt/airflow/dags/lcbo_pipeline_dag.py
[2026-09-19T22:01:11.232+0000] {processor.py:840} INFO - DAG(s) 'lcbo_pipeline' retrieved from /opt/airflow/dags/lcbo_pipeline_dag.py
[2026-09-19T22:01:11.256+0000] {logging_mixin.py:188} INFO - [2026-09-19T22:01:11.256+0000] {dag.py:3089} INFO - Sync 1 DAGs
[2026-09-19T22:01:11.267+0000] {logging_mixin.py:188} INFO - [2026-09-19T22:01:11.267+0000] {dag.py:3947} INFO - Setting next_dagrun for lcbo_pipeline to None, run_after=None
[2026-09-19T22:01:11.285+0000] {processor.py:183} INFO - Processing /opt/airflow/dags/lcbo_pipeline_dag.py took 0.079 seconds
[2026-09-19T22:01:41.409+0000] {processor.py:161} INFO - Started process (PID=4371) to work on /opt/airflow/dags/lcbo_pipeline_dag.py
[2026-09-19T22:01:41.410+0000] {processor.py:830} INFO - Processing file /opt/airflow/dags/lcbo_pipeline_dag.py for tasks to queue
[2026-09-19T22:01:41.412+0000] {logging_mixin.py:188} INFO - [2026-09-19T22:01:41.412+0000] {dagbag.py:545} INFO - Filling up the DagBag from /opt/airflow/dags/lcbo_pipeline_dag.py
[2026-09-19T22:01:41.430+0000] {processor.py:840} INFO - DAG(s) 'lcbo_pipeline' retrieved from /opt/airflow/dags/lcbo_pipeline_dag.py
[2026-09-19T22:01:41.454+0000] {logging_mixin.py:188} INFO - [2026-09-19T22:01:41.454+0000] {dag.py:3089} INFO - Sync 1 DAGs
[2026-09-19T22:01:41.463+0000] {logging_mixin.py:188} INFO - [2026-09-19T22:01:41.463+0000] {dag.py:3947} INFO - Setting next_dagrun for lcbo_pipeline to None, run_after=None
[2026-09-19T22:01:41.479+0000] {processor.py:183} INFO - Processing /opt/airflow/dags/lcbo_pipeline_dag.py took 0.074 seconds
[2026-09-19T22:02:11.668+0000] {processor.py:161} INFO - Started process (PID=4382) to work on /opt/airflow/dags/lcbo_pipeline_dag.py
[2026-09-19T22:02:11.670+0000] {processor.py:830} INFO - Processing file /opt/airflow/dags/lcbo_pipeline_dag.py for tasks to queue
[2026-09-19T22:02:11.671+0000] {logging_mixin.py:188} INFO - [2026-09-19T22:02:11.671+0000] {dagbag.py:545} INFO - Filling up the DagBag from /opt/airflow/dags/lcbo_pipeline_dag.py
[2026-09-19T22:02:11.688+0000] {processor.py:840} INFO - DAG(s) 'lcbo_pipeline' retrieved from /opt/airflow/dags/lcbo_pipeline_dag.py
[2026-09-19T22:02:11.712+0000] {logging_mixin.py:188} INFO - [2026-09-19T22:02:11.711+0000] {dag.py:3089} INFO - Sync 1 DAGs
[2026-09-19T22:02:11.722+0000] {logging_mixin.py:188} INFO - [2026-09-19T22:02:11.721+0000] {dag.py:3947} INFO - Setting next_dagrun for lcbo_pipeline to None, run_after=None
[2026-09-19T22:02:11.738+0000] {processor.py:183} INFO - Processing /opt/airflow/dags/lcbo_pipeline_dag.py took 0.073 seconds
[2026-09-19T22:02:41.864+0000] {processor.py:161} INFO - Started process (PID=4393) to work on /opt/airflow/dags/lcbo_pipeline_dag.py
[2026-09-19T22:02:41.865+0000] {processor.py:830} INFO - Processing file /opt/airflow/dags/lcbo_pipeline_dag.py for tasks to queue
[2026-09-19T22:02:41.867+0000] {logging_mixin.py:188} INFO - [2026-09-19T22:02:41.867+0000] {dagbag.py:545} INFO - Filling up the DagBag from /opt/airflow/dags/lcbo_pipeline_dag.py
[2026-09-19T22:02:41.884+0000] {processor.py:840} INFO - DAG(s) 'lcbo_pipeline' retrieved from /opt/airflow/dags/lcbo_pipeline_dag.py
[2026-09-19T22:02:41.907+0000] {logging_mixin.py:188} INFO - [2026-09-19T22:02:41.907+0000] {dag.py:3089} INFO - Sync 1 DAGs
[2026-09-19T22:02:41.916+0000] {logging_mixin.py:188} INFO - [2026-09-19T22:02:41.916+0000] {dag.py:3947} INFO - Setting next_dagrun for lcbo_pipeline to None, run_after=None
[2026-09-19T22:02:41.931+0000] {processor.py:183} INFO - Processing /opt/airflow/dags/lcbo_pipeline_dag.py took 0.072 seconds
[2026-09-19T22:03:12.113+0000] {processor.py:161} INFO - Started process (PID=4404) to work on /opt/airflow/dags/lcbo_pipeline_dag.py
[2026-09-19T22:03:12.114+0000] {processor.py:830} INFO - Processing file /opt/airflow/dags/lcbo_pipeline_dag.py for tasks to queue
[2026-09-19T22:03:12.116+0000] {logging_mixin.py:188} INFO - [2026-09-19T22:03:12.116+0000] {dagbag.py:545} INFO - Filling up the DagBag from /opt/airflow/dags/lcbo_pipeline_dag.py
[2026-09-19T22:03:12.132+0000] {processor.py:840} INFO - DAG(s) 'lcbo_pipeline' retrieved from /opt/airflow/dags/lcbo_pipeline_dag.py
[2026-09-19T22:03:12.155+0000] {logging_mixin.py:188} INFO - [2026-09-19T22:03:12.155+0000] {dag.py:3089} INFO - Sync 1 DAGs
[2026-09-19T22:03:12.164+0000] {logging_mixin.py:188} INFO - [2026-09-19T22:03:12.164+0000] {dag.py:3947} INFO - Setting next_dagrun for lcbo_pipeline to None, run_after=None
[2026-09-19T22:03:12.180+0000] {processor.py:183} INFO - Processing /opt/airflow/dags/lcbo_pipeline_dag.py took 0.071 seconds
[2026-09-19T22:03:42.317+0000] {processor.py:161} INFO - Started process (PID=4415) to work on /opt/airflow/dags/lcbo_pipeline_dag.py
[2026-09-19T22:03:42.319+0000] {processor.py:830} INFO - Processing file /opt/airflow/dags/lcbo_pipeline_dag.py for tasks to queue
[2026-09-19T22:03:42.320+0000] {logging_mixin.py:188} INFO - [2026-09-19T22:03:42.320+0000] {dagbag.py:545} INFO - Filling up the DagBag from /opt/airflow/dags/lcbo_pipeline_dag.py
[2026-09-19T22:03:42.338+0000] {processor.py:840} INFO - DAG(s) 'lcbo_pipeline' retrieved from /opt/airflow/dags/lcbo_pipeline_dag.py
[2026-09-19T22:03:42.362+0000] {logging_mixin.py:188} INFO - [2026-09-19T22:03:42.362+0000] {dag.py:3089} INFO - Sync 1 DAGs
[2026-09-19T22:03:42.371+0000] {logging_mixin.py:188} INFO - [2026-09-19T22:03:42.371+0000] {dag.py:3947} INFO - Setting next_dagrun for lcbo_pipeline to None, run_after=None
[2026-09-19T22:03:42.387+0000] {processor.py:183} INFO - Processing /opt/airflow/dags/lcbo_pipeline_dag.py took 0.074 seconds
[2026-09-19T22:04:12.578+0000] {processor.py:161} INFO - Started process (PID=4426) to work on /opt/airflow/dags/lcbo_pipeline_dag.py
[2026-09-19T22:04:12.579+0000] {processor.py:830} INFO - Processing file /opt/airflow/dags/lcbo_pipeline_dag.py for tasks to queue
[2026-09-19T22:04:12.582+0000] {logging_mixin.py:188} INFO - [2026-09-19T22:04:12.581+0000] {dagbag.py:545} INFO - Filling up the DagBag from /opt/airflow/dags/lcbo_pipeline_dag.py
[2026-09-19T22:04:12.601+0000] {processor.py:840} INFO - DAG(s) 'lcbo_pipeline' retrieved from /opt/airflow/dags/lcbo_pipeline_dag.py
[2026-09-19T22:04:12.628+0000] {logging_mixin.py:188} INFO - [2026-09-19T22:04:12.628+0000] {dag.py:3089} INFO - Sync 1 DAGs
[2026-09-19T22:04:12.640+0000] {logging_mixin.py:188} INFO - [2026-09-19T22:04:12.639+0000] {dag.py:3947} INFO - Setting next_dagrun for lcbo_pipeline to None, run_after=None
[2026-09-19T22:04:12.658+0000] {processor.py:183} INFO - Processing /opt/airflow/dags/lcbo_pipeline_dag.py took 0.086 seconds
[2026-09-19T22:04:42.778+0000] {processor.py:161} INFO - Started process (PID=4437) to work on /opt/airflow/dags/lcbo_pipeline_dag.py
[2026-09-19T22:04:42.780+0000] {processor.py:830} INFO - Processing file /opt/airflow/dags/lcbo_pipeline_dag.py for tasks to queue
[2026-09-19T22:04:42.783+0000] {logging_mixin.py:188} INFO - [2026-09-19T22:04:42.783+0000] {dagbag.py:545} INFO - Filling up the DagBag from /opt/airflow/dags/lcbo_pipeline_dag.py
[2026-09-19T22:04:42.808+0000] {processor.py:840} INFO - DAG(s) 'lcbo_pipeline' retrieved from /opt/airflow/dags/lcbo_pipeline_dag.py
[2026-09-19T22:04:42.847+0000] {logging_mixin.py:188} INFO - [2026-09-19T22:04:42.847+0000] {dag.py:3089} INFO - Sync 1 DAGs
[2026-09-19T22:04:42.860+0000] {logging_mixin.py:188} INFO - [2026-09-19T22:04:42.860+0000] {dag.py:3947} INFO - Setting next_dagrun for lcbo_pipeline to None, run_after=None
[2026-09-19T22:04:42.882+0000] {processor.py:183} INFO - Processing /opt/airflow/dags/lcbo_pipeline_dag.py took 0.111 seconds
[2026-09-19T22:05:13.036+0000] {processor.py:161} INFO - Started process (PID=4448) to work on /opt/airflow/dags/lcbo_pipeline_dag.py
[2026-09-19T22:05:13.038+0000] {processor.py:830} INFO - Processing file /opt/airflow/dags/lcbo_pipeline_dag.py for tasks to queue
[2026-09-19T22:05:13.040+0000] {logging_mixin.py:188} INFO - [2026-09-19T22:05:13.040+0000] {dagbag.py:545} INFO - Filling up the DagBag from /opt/airflow/dags/lcbo_pipeline_dag.py
[2026-09-19T22:05:13.057+0000] {processor.py:840} INFO - DAG(s) 'lcbo_pipeline' retrieved from /opt/airflow/dags/lcbo_pipeline_dag.py
[2026-09-19T22:05:13.082+0000] {logging_mixin.py:188} INFO - [2026-09-19T22:05:13.082+0000] {dag.py:3089} INFO - Sync 1 DAGs
[2026-09-19T22:05:13.092+0000] {logging_mixin.py:188} INFO - [2026-09-19T22:05:13.092+0000] {dag.py:3947} INFO - Setting next_dagrun for lcbo_pipeline to None, run_after=None
[2026-09-19T22:05:13.108+0000] {processor.py:183} INFO - Processing /opt/airflow/dags/lcbo_pipeline_dag.py took 0.076 seconds
[2026-09-19T22:05:43.247+0000] {processor.py:161} INFO - Started process (PID=4459) to work on /opt/airflow/dags/lcbo_pipeline_dag.py
[2026-09-19T22:05:43.249+0000] {processor.py:830} INFO - Processing file /opt/airflow/dags/lcbo_pipeline_dag.py for tasks to queue
[2026-09-19T22:05:43.251+0000] {logging_mixin.py:188} INFO - [2026-09-19T22:05:43.251+0000] {dagbag.py:545} INFO - Filling up the DagBag from /opt/airflow/dags/lcbo_pipeline_dag.py
[2026-09-19T22:05:43.268+0000] {processor.py:840} INFO - DAG(s) 'lcbo_pipeline' retrieved from /opt/airflow/dags/lcbo_pipeline_dag.py
[2026-09-19T22:05:43.291+0000] {logging_mixin.py:188} INFO - [2026-09-19T22:05:43.291+0000] {dag.py:3089} INFO - Sync 1 DAGs
[2026-09-19T22:05:43.302+0000] {logging_mixin.py:188} INFO - [2026-09-19T22:05:43.302+0000] {dag.py:3947} INFO - Setting next_dagrun for lcbo_pipeline to None, run_after=None
[2026-09-19T22:05:43.319+0000] {processor.py:183} INFO - Processing /opt/airflow/dags/lcbo_pipeline_dag.py took 0.075 seconds
[2026-09-19T22:06:13.520+0000] {processor.py:161} INFO - Started process (PID=4470) to work on /opt/airflow/dags/lcbo_pipeline_dag.py
[2026-09-19T22:06:13.521+0000] {processor.py:830} INFO - Processing file /opt/airflow/dags/lcbo_pipeline_dag.py for tasks to queue
[2026-09-19T22:06:13.522+0000] {logging_mixin.py:188} INFO - [2026-09-19T22:06:13.522+0000] {dagbag.py:545} INFO - Filling up the DagBag from /opt/airflow/dags/lcbo_pipeline_dag.py
[2026-09-19T22:06:13.538+0000] {processor.py:840} INFO - DAG(s) 'lcbo_pipeline' retrieved from /opt/airflow/dags/lcbo_pipeline_dag.py
[2026-09-19T22:06:13.561+0000] {logging_mixin.py:188} INFO - [2026-09-19T22:06:13.561+0000] {dag.py:3089} INFO - Sync 1 DAGs
[2026-09-19T22:06:13.571+0000] {logging_mixin.py:188} INFO - [2026-09-19T22:06:13.571+0000] {dag.py:3947} INFO - Setting next_dagrun for lcbo_pipeline to None, run_after=None
[2026-09-19T22:06:13.589+0000] {processor.py:183} INFO - Processing /opt/airflow/dags/lcbo_pipeline_dag.py took 0.074 seconds
[2026-09-19T22:06:43.719+0000] {processor.py:161} INFO - Started process (PID=4481) to work on /opt/airflow/dags/lcbo_pipeline_dag.py
[2026-09-19T22:06:43.720+0000] {processor.py:830} INFO - Processing file /opt/airflow/dags/lcbo_pipeline_dag.py for tasks to queue
[2026-09-19T22:06:43.722+0000] {logging_mixin.py:188} INFO - [2026-09-19T22:06:43.722+0000] {dagbag.py:545} INFO - Filling up the DagBag from /opt/airflow/dags/lcbo_pipeline_dag.py
[2026-09-19T22:06:43.738+0000] {processor.py:840} INFO - DAG(s) 'lcbo_pipeline' retrieved from /opt/airflow/dags/lcbo_pipeline_dag.py
[2026-09-19T22:06:43.762+0000] {logging_mixin.py:188} INFO - [2026-09-19T22:06:43.762+0000] {dag.py:3089} INFO - Sync 1 DAGs
[2026-09-19T22:06:43.772+0000] {logging_mixin.py:188} INFO - [2026-09-19T22:06:43.772+0000] {dag.py:3947} INFO - Setting next_dagrun for lcbo_pipeline to None, run_after=None
[2026-09-19T22:06:43.788+0000] {processor.py:183} INFO - Processing /opt/airflow/dags/lcbo_pipeline_dag.py took 0.073 seconds
[2026-09-19T22:07:13.966+0000] {processor.py:161} INFO - Started process (PID=4492) to work on /opt/airflow/dags/lcbo_pipeline_dag.py
[2026-09-19T22:07:13.968+0000] {processor.py:830} INFO - Processing file /opt/airflow/dags/lcbo_pipeline_dag.py for tasks to queue
[2026-09-19T22:07:13.970+0000] {logging_mixin.py:188} INFO - [2026-09-19T22:07:13.970+0000] {dagbag.py:545} INFO - Filling up the DagBag from /opt/airflow/dags/lcbo_pipeline_dag.py
[2026-09-19T22:07:13.988+0000] {processor.py:840} INFO - DAG(s) 'lcbo_pipeline' retrieved from /opt/airflow/dags/lcbo_pipeline_dag.py
[2026-09-19T22:07:14.016+0000] {logging_mixin.py:188} INFO - [2026-09-19T22:07:14.015+0000] {dag.py:3089} INFO - Sync 1 DAGs
[2026-09-19T22:07:14.026+0000] {logging_mixin.py:188} INFO - [2026-09-19T22:07:14.026+0000] {dag.py:3947} INFO - Setting next_dagrun for lcbo_pipeline to None, run_after=None
[2026-09-19T22:07:14.047+0000] {processor.py:183} INFO - Processing /opt/airflow/dags/lcbo_pipeline_dag.py took 0.085 seconds
[2026-09-19T22:07:44.175+0000] {processor.py:161} INFO - Started process (PID=4503) to work on /opt/airflow/dags/lcbo_pipeline_dag.py
[2026-09-19T22:07:44.177+0000] {processor.py:830} INFO - Processing file /opt/airflow/dags/lcbo_pipeline_dag.py for tasks to queue
[2026-09-19T22:07:44.179+0000] {logging_mixin.py:188} INFO - [2026-09-19T22:07:44.178+0000] {dagbag.py:545} INFO - Filling up the DagBag from /opt/airflow/dags/lcbo_pipeline_dag.py
[2026-09-19T22:07:44.200+0000] {processor.py:840} INFO - DAG(s) 'lcbo_pipeline' retrieved from /opt/airflow/dags/lcbo_pipeline_dag.py
[2026-09-19T22:07:44.228+0000] {logging_mixin.py:188} INFO - [2026-09-19T22:07:44.228+0000] {dag.py:3089} INFO - Sync 1 DAGs
[2026-09-19T22:07:44.240+0000] {logging_mixin.py:188} INFO - [2026-09-19T22:07:44.239+0000] {dag.py:3947} INFO - Setting next_dagrun for lcbo_pipeline to None, run_after=None
[2026-09-19T22:07:44.258+0000] {processor.py:183} INFO - Processing /opt/airflow/dags/lcbo_pipeline_dag.py took 0.089 seconds
[2026-09-19T22:08:14.419+0000] {processor.py:161} INFO - Started process (PID=4514) to work on /opt/airflow/dags/lcbo_pipeline_dag.py
[2026-09-19T22:08:14.420+0000] {processor.py:830} INFO - Processing file /opt/airflow/dags/lcbo_pipeline_dag.py for tasks to queue
[2026-09-19T22:08:14.422+0000] {logging_mixin.py:188} INFO - [2026-09-19T22:08:14.422+0000] {dagbag.py:545} INFO - Filling up the DagBag from /opt/airflow/dags/lcbo_pipeline_dag.py
[2026-09-19T22:08:14.439+0000] {processor.py:840} INFO - DAG(s) 'lcbo_pipeline' retrieved from /opt/airflow/dags/lcbo_pipeline_dag.py
[2026-09-19T22:08:14.464+0000] {logging_mixin.py:188} INFO - [2026-09-19T22:08:14.463+0000] {dag.py:3089} INFO - Sync 1 DAGs
[2026-09-19T22:08:14.475+0000] {logging_mixin.py:188} INFO - [2026-09-19T22:08:14.474+0000] {dag.py:3947} INFO - Setting next_dagrun for lcbo_pipeline to None, run_after=None
[2026-09-19T22:08:14.492+0000] {processor.py:183} INFO - Processing /opt/airflow/dags/lcbo_pipeline_dag.py took 0.078 seconds
[2026-09-19T22:08:45.149+0000] {processor.py:161} INFO - Started process (PID=4525) to work on /opt/airflow/dags/lcbo_pipeline_dag.py
[2026-09-19T22:08:45.150+0000] {processor.py:830} INFO - Processing file /opt/airflow/dags/lcbo_pipeline_dag.py for tasks to queue
[2026-09-19T22:08:45.151+0000] {logging_mixin.py:188} INFO - [2026-09-19T22:08:45.151+0000] {dagbag.py:545} INFO - Filling up the DagBag from /opt/airflow/dags/lcbo_pipeline_dag.py
[2026-09-19T22:08:45.168+0000] {processor.py:840} INFO - DAG(s) 'lcbo_pipeline' retrieved from /opt/airflow/dags/lcbo_pipeline_dag.py
[2026-09-19T22:08:45.191+0000] {logging_mixin.py:188} INFO - [2026-09-19T22:08:45.191+0000] {dag.py:3089} INFO - Sync 1 DAGs
[2026-09-19T22:08:45.200+0000] {logging_mixin.py:188} INFO - [2026-09-19T22:08:45.200+0000] {dag.py:3947} INFO - Setting next_dagrun for lcbo_pipeline to None, run_after=None
[2026-09-19T22:08:45.219+0000] {processor.py:183} INFO - Processing /opt/airflow/dags/lcbo_pipeline_dag.py took 0.074 seconds
[2026-09-19T22:09:15.350+0000] {processor.py:161} INFO - Started process (PID=4536) to work on /opt/airflow/dags/lcbo_pipeline_dag.py
[2026-09-19T22:09:15.351+0000] {processor.py:830} INFO - Processing file /opt/airflow/dags/lcbo_pipeline_dag.py for tasks to queue
[2026-09-19T22:09:15.353+0000] {logging_mixin.py:188} INFO - [2026-09-19T22:09:15.353+0000] {dagbag.py:545} INFO - Filling up the DagBag from /opt/airflow/dags/lcbo_pipeline_dag.py
[2026-09-19T22:09:15.371+0000] {processor.py:840} INFO - DAG(s) 'lcbo_pipeline' retrieved from /opt/airflow/dags/lcbo_pipeline_dag.py
[2026-09-19T22:09:15.396+0000] {logging_mixin.py:188} INFO - [2026-09-19T22:09:15.396+0000] {dag.py:3089} INFO - Sync 1 DAGs
[2026-09-19T22:09:15.406+0000] {logging_mixin.py:188} INFO - [2026-09-19T22:09:15.405+0000] {dag.py:3947} INFO - Setting next_dagrun for lcbo_pipeline to None, run_after=None
[2026-09-19T22:09:15.421+0000] {processor.py:183} INFO - Processing /opt/airflow/dags/lcbo_pipeline_dag.py took 0.076 seconds
[2026-09-19T22:09:45.591+0000] {processor.py:161} INFO - Started process (PID=4547) to work on /opt/airflow/dags/lcbo_pipeline_dag.py
[2026-09-19T22:09:45.593+0000] {processor.py:830} INFO - Processing file /opt/airflow/dags/lcbo_pipeline_dag.py for tasks to queue
[2026-09-19T22:09:45.594+0000] {logging_mixin.py:188} INFO - [2026-09-19T22:09:45.594+0000] {dagbag.py:545} INFO - Filling up the DagBag from /opt/airflow/dags/lcbo_pipeline_dag.py
[2026-09-19T22:09:45.612+0000] {processor.py:840} INFO - DAG(s) 'lcbo_pipeline' retrieved from /opt/airflow/dags/lcbo_pipeline_dag.py
[2026-09-19T22:09:45.635+0000] {logging_mixin.py:188} INFO - [2026-09-19T22:09:45.635+0000] {dag.py:3089} INFO - Sync 1 DAGs
[2026-09-19T22:09:45.645+0000] {logging_mixin.py:188} INFO - [2026-09-19T22:09:45.645+0000] {dag.py:3947} INFO - Setting next_dagrun for lcbo_pipeline to None, run_after=None
[2026-09-19T22:09:45.662+0000] {processor.py:183} INFO - Processing /opt/airflow/dags/lcbo_pipeline_dag.py took 0.074 seconds
[2026-09-19T22:10:15.795+0000] {processor.py:161} INFO - Started process (PID=4558) to work on /opt/airflow/dags/lcbo_pipeline_dag.py
[2026-09-19T22:10:15.796+0000] {processor.py:830} INFO - Processing file /opt/airflow/dags/lcbo_pipeline_dag.py for tasks to queue
[2026-09-19T22:10:15.798+0000] {logging_mixin.py:188} INFO - [2026-09-19T22:10:15.798+0000] {dagbag.py:545} INFO - Filling up the DagBag from /opt/airflow/dags/lcbo_pipeline_dag.py
[2026-09-19T22:10:15.816+0000] {processor.py:840} INFO - DAG(s) 'lcbo_pipeline' retrieved from /opt/airflow/dags/lcbo_pipeline_dag.py
[2026-09-19T22:10:15.841+0000] {logging_mixin.py:188} INFO - [2026-09-19T22:10:15.841+0000] {dag.py:3089} INFO - Sync 1 DAGs
[2026-09-19T22:10:15.852+0000] {logging_mixin.py:188} INFO - [2026-09-19T22:10:15.851+0000] {dag.py:3947} INFO - Setting next_dagrun for lcbo_pipeline to None, run_after=None
[2026-09-19T22:10:15.870+0000] {processor.py:183} INFO - Processing /opt/airflow/dags/lcbo_pipeline_dag.py took 0.080 seconds
[2026-09-19T22:10:46.069+0000] {processor.py:161} INFO - Started process (PID=4569) to work on /opt/airflow/dags/lcbo_pipeline_dag.py
[2026-09-19T22:10:46.070+0000] {processor.py:830} INFO - Processing file /opt/airflow/dags/lcbo_pipeline_dag.py for tasks to queue
[2026-09-19T22:10:46.072+0000] {logging_mixin.py:188} INFO - [2026-09-19T22:10:46.071+0000] {dagbag.py:545} INFO - Filling up the DagBag from /opt/airflow/dags/lcbo_pipeline_dag.py
[2026-09-19T22:10:46.089+0000] {processor.py:840} INFO - DAG(s) 'lcbo_pipeline' retrieved from /opt/airflow/dags/lcbo_pipeline_dag.py
[2026-09-19T22:10:46.114+0000] {logging_mixin.py:188} INFO - [2026-09-19T22:10:46.114+0000] {dag.py:3089} INFO - Sync 1 DAGs
[2026-09-19T22:10:46.126+0000] {logging_mixin.py:188} INFO - [2026-09-19T22:10:46.126+0000] {dag.py:3947} INFO - Setting next_dagrun for lcbo_pipeline to None, run_after=None
[2026-09-19T22:10:46.145+0000] {processor.py:183} INFO - Processing /opt/airflow/dags/lcbo_pipeline_dag.py took 0.082 seconds
[2026-09-19T22:11:16.267+0000] {processor.py:161} INFO - Started process (PID=4580) to work on /opt/airflow/dags/lcbo_pipeline_dag.py
[2026-09-19T22:11:16.268+0000] {processor.py:830} INFO - Processing file /opt/airflow/dags/lcbo_pipeline_dag.py for tasks to queue
[2026-09-19T22:11:16.270+0000] {logging_mixin.py:188} INFO - [2026-09-19T22:11:16.270+0000] {dagbag.py:545} INFO - Filling up the DagBag from /opt/airflow/dags/lcbo_pipeline_dag.py
[2026-09-19T22:11:16.289+0000] {processor.py:840} INFO - DAG(s) 'lcbo_pipeline' retrieved from /opt/airflow/dags/lcbo_pipeline_dag.py
[2026-09-19T22:11:16.318+0000] {logging_mixin.py:188} INFO - [2026-09-19T22:11:16.317+0000] {dag.py:3089} INFO - Sync 1 DAGs
[2026-09-19T22:11:16.329+0000] {logging_mixin.py:188} INFO - [2026-09-19T22:11:16.328+0000] {dag.py:3947} INFO - Setting next_dagrun for lcbo_pipeline to None, run_after=None
[2026-09-19T22:11:16.351+0000] {processor.py:183} INFO - Processing /opt/airflow/dags/lcbo_pipeline_dag.py took 0.089 seconds
[2026-09-19T22:11:46.506+0000] {processor.py:161} INFO - Started process (PID=4591) to work on /opt/airflow/dags/lcbo_pipeline_dag.py
[2026-09-19T22:11:46.507+0000] {processor.py:830} INFO - Processing file /opt/airflow/dags/lcbo_pipeline_dag.py for tasks to queue
[2026-09-19T22:11:46.509+0000] {logging_mixin.py:188} INFO - [2026-09-19T22:11:46.509+0000] {dagbag.py:545} INFO - Filling up the DagBag from /opt/airflow/dags/lcbo_pipeline_dag.py
[2026-09-19T22:11:46.526+0000] {processor.py:840} INFO - DAG(s) 'lcbo_pipeline' retrieved from /opt/airflow/dags/lcbo_pipeline_dag.py
[2026-09-19T22:11:46.549+0000] {logging_mixin.py:188} INFO - [2026-09-19T22:11:46.549+0000] {dag.py:3089} INFO - Sync 1 DAGs
[2026-09-19T22:11:46.558+0000] {logging_mixin.py:188} INFO - [2026-09-19T22:11:46.558+0000] {dag.py:3947} INFO - Setting next_dagrun for lcbo_pipeline to None, run_after=None
[2026-09-19T22:11:46.573+0000] {processor.py:183} INFO - Processing /opt/airflow/dags/lcbo_pipeline_dag.py took 0.072 seconds
[2026-09-19T22:12:16.727+0000] {processor.py:161} INFO - Started process (PID=4602) to work on /opt/airflow/dags/lcbo_pipeline_dag.py
[2026-09-19T22:12:16.729+0000] {processor.py:830} INFO - Processing file /opt/airflow/dags/lcbo_pipeline_dag.py for tasks to queue
[2026-09-19T22:12:16.731+0000] {logging_mixin.py:188} INFO - [2026-09-19T22:12:16.730+0000] {dagbag.py:545} INFO - Filling up the DagBag from /opt/airflow/dags/lcbo_pipeline_dag.py
[2026-09-19T22:12:16.748+0000] {processor.py:840} INFO - DAG(s) 'lcbo_pipeline' retrieved from /opt/airflow/dags/lcbo_pipeline_dag.py
[2026-09-19T22:12:16.772+0000] {logging_mixin.py:188} INFO - [2026-09-19T22:12:16.772+0000] {dag.py:3089} INFO - Sync 1 DAGs
[2026-09-19T22:12:16.782+0000] {logging_mixin.py:188} INFO - [2026-09-19T22:12:16.782+0000] {dag.py:3947} INFO - Setting next_dagrun for lcbo_pipeline to None, run_after=None
[2026-09-19T22:12:16.801+0000] {processor.py:183} INFO - Processing /opt/airflow/dags/lcbo_pipeline_dag.py took 0.079 seconds
[2026-09-19T22:12:46.946+0000] {processor.py:161} INFO - Started process (PID=4613) to work on /opt/airflow/dags/lcbo_pipeline_dag.py
[2026-09-19T22:12:46.947+0000] {processor.py:830} INFO - Processing file /opt/airflow/dags/lcbo_pipeline_dag.py for tasks to queue
[2026-09-19T22:12:46.949+0000] {logging_mixin.py:188} INFO - [2026-09-19T22:12:46.949+0000] {dagbag.py:545} INFO - Filling up the DagBag from /opt/airflow/dags/lcbo_pipeline_dag.py
[2026-09-19T22:12:46.967+0000] {processor.py:840} INFO - DAG(s) 'lcbo_pipeline' retrieved from /opt/airflow/dags/lcbo_pipeline_dag.py
[2026-09-19T22:12:46.993+0000] {logging_mixin.py:188} INFO - [2026-09-19T22:12:46.992+0000] {dag.py:3089} INFO - Sync 1 DAGs
[2026-09-19T22:12:47.004+0000] {logging_mixin.py:188} INFO - [2026-09-19T22:12:47.004+0000] {dag.py:3947} INFO - Setting next_dagrun for lcbo_pipeline to None, run_after=None
[2026-09-19T22:12:47.023+0000] {processor.py:183} INFO - Processing /opt/airflow/dags/lcbo_pipeline_dag.py took 0.081 seconds
[2026-09-19T22:13:17.182+0000] {processor.py:161} INFO - Started process (PID=4624) to work on /opt/airflow/dags/lcbo_pipeline_dag.py
[2026-09-19T22:13:17.183+0000] {processor.py:830} INFO - Processing file /opt/airflow/dags/lcbo_pipeline_dag.py for tasks to queue
[2026-09-19T22:13:17.185+0000] {logging_mixin.py:188} INFO - [2026-09-19T22:13:17.185+0000] {dagbag.py:545} INFO - Filling up the DagBag from /opt/airflow/dags/lcbo_pipeline_dag.py
[2026-09-19T22:13:17.202+0000] {processor.py:840} INFO - DAG(s) 'lcbo_pipeline' retrieved from /opt/airflow/dags/lcbo_pipeline_dag.py
[2026-09-19T22:13:17.227+0000] {logging_mixin.py:188} INFO - [2026-09-19T22:13:17.226+0000] {dag.py:3089} INFO - Sync 1 DAGs
[2026-09-19T22:13:17.236+0000] {logging_mixin.py:188} INFO - [2026-09-19T22:13:17.236+0000] {dag.py:3947} INFO - Setting next_dagrun for lcbo_pipeline to None, run_after=None
[2026-09-19T22:13:17.253+0000] {processor.py:183} INFO - Processing /opt/airflow/dags/lcbo_pipeline_dag.py took 0.076 seconds
[2026-09-19T22:13:47.389+0000] {processor.py:161} INFO - Started process (PID=4635) to work on /opt/airflow/dags/lcbo_pipeline_dag.py
[2026-09-19T22:13:47.390+0000] {processor.py:830} INFO - Processing file /opt/airflow/dags/lcbo_pipeline_dag.py for tasks to queue
[2026-09-19T22:13:47.392+0000] {logging_mixin.py:188} INFO - [2026-09-19T22:13:47.392+0000] {dagbag.py:545} INFO - Filling up the DagBag from /opt/airflow/dags/lcbo_pipeline_dag.py
[2026-09-19T22:13:47.409+0000] {processor.py:840} INFO - DAG(s) 'lcbo_pipeline' retrieved from /opt/airflow/dags/lcbo_pipeline_dag.py
[2026-09-19T22:13:47.432+0000] {logging_mixin.py:188} INFO - [2026-09-19T22:13:47.432+0000] {dag.py:3089} INFO - Sync 1 DAGs
[2026-09-19T22:13:47.443+0000] {logging_mixin.py:188} INFO - [2026-09-19T22:13:47.442+0000] {dag.py:3947} INFO - Setting next_dagrun for lcbo_pipeline to None, run_after=None
[2026-09-19T22:13:47.460+0000] {processor.py:183} INFO - Processing /opt/airflow/dags/lcbo_pipeline_dag.py took 0.075 seconds
[2026-09-19T22:14:17.623+0000] {processor.py:161} INFO - Started process (PID=4646) to work on /opt/airflow/dags/lcbo_pipeline_dag.py
[2026-09-19T22:14:17.625+0000] {processor.py:830} INFO - Processing file /opt/airflow/dags/lcbo_pipeline_dag.py for tasks to queue
[2026-09-19T22:14:17.626+0000] {logging_mixin.py:188} INFO - [2026-09-19T22:14:17.626+0000] {dagbag.py:545} INFO - Filling up the DagBag from /opt/airflow/dags/lcbo_pipeline_dag.py
[2026-09-19T22:14:17.643+0000] {processor.py:840} INFO - DAG(s) 'lcbo_pipeline' retrieved from /opt/airflow/dags/lcbo_pipeline_dag.py
[2026-09-19T22:14:17.668+0000] {logging_mixin.py:188} INFO - [2026-09-19T22:14:17.668+0000] {dag.py:3089} INFO - Sync 1 DAGs
[2026-09-19T22:14:17.681+0000] {logging_mixin.py:188} INFO - [2026-09-19T22:14:17.680+0000] {dag.py:3947} INFO - Setting next_dagrun for lcbo_pipeline to None, run_after=None
[2026-09-19T22:14:17.700+0000] {processor.py:183} INFO - Processing /opt/airflow/dags/lcbo_pipeline_dag.py took 0.081 seconds
[2026-09-19T22:14:47.823+0000] {processor.py:161} INFO - Started process (PID=4657) to work on /opt/airflow/dags/lcbo_pipeline_dag.py
[2026-09-19T22:14:47.825+0000] {processor.py:830} INFO - Processing file /opt/airflow/dags/lcbo_pipeline_dag.py for tasks to queue
[2026-09-19T22:14:47.827+0000] {logging_mixin.py:188} INFO - [2026-09-19T22:14:47.827+0000] {dagbag.py:545} INFO - Filling up the DagBag from /opt/airflow/dags/lcbo_pipeline_dag.py
[2026-09-19T22:14:47.846+0000] {processor.py:840} INFO - DAG(s) 'lcbo_pipeline' retrieved from /opt/airflow/dags/lcbo_pipeline_dag.py
[2026-09-19T22:14:47.872+0000] {logging_mixin.py:188} INFO - [2026-09-19T22:14:47.872+0000] {dag.py:3089} INFO - Sync 1 DAGs
[2026-09-19T22:14:47.883+0000] {logging_mixin.py:188} INFO - [2026-09-19T22:14:47.883+0000] {dag.py:3947} INFO - Setting next_dagrun for lcbo_pipeline to None, run_after=None
[2026-09-19T22:14:47.902+0000] {processor.py:183} INFO - Processing /opt/airflow/dags/lcbo_pipeline_dag.py took 0.083 seconds
[2026-09-19T22:15:18.079+0000] {processor.py:161} INFO - Started process (PID=4668) to work on /opt/airflow/dags/lcbo_pipeline_dag.py
[2026-09-19T22:15:18.080+0000] {processor.py:830} INFO - Processing file /opt/airflow/dags/lcbo_pipeline_dag.py for tasks to queue
[2026-09-19T22:15:18.082+0000] {logging_mixin.py:188} INFO - [2026-09-19T22:15:18.082+0000] {dagbag.py:545} INFO - Filling up the DagBag from /opt/airflow/dags/lcbo_pipeline_dag.py
[2026-09-19T22:15:18.099+0000] {processor.py:840} INFO - DAG(s) 'lcbo_pipeline' retrieved from /opt/airflow/dags/lcbo_pipeline_dag.py
[2026-09-19T22:15:18.123+0000] {logging_mixin.py:188} INFO - [2026-09-19T22:15:18.123+0000] {dag.py:3089} INFO - Sync 1 DAGs
[2026-09-19T22:15:18.133+0000] {logging_mixin.py:188} INFO - [2026-09-19T22:15:18.133+0000] {dag.py:3947} INFO - Setting next_dagrun for lcbo_pipeline to None, run_after=None
[2026-09-19T22:15:18.150+0000] {processor.py:183} INFO - Processing /opt/airflow/dags/lcbo_pipeline_dag.py took 0.074 seconds
[2026-09-19T22:15:48.311+0000] {processor.py:161} INFO - Started process (PID=4679) to work on /opt/airflow/dags/lcbo_pipeline_dag.py
[2026-09-19T22:15:48.312+0000] {processor.py:830} INFO - Processing file /opt/airflow/dags/lcbo_pipeline_dag.py for tasks to queue
[2026-09-19T22:15:48.314+0000] {logging_mixin.py:188} INFO - [2026-09-19T22:15:48.314+0000] {dagbag.py:545} INFO - Filling up the DagBag from /opt/airflow/dags/lcbo_pipeline_dag.py
[2026-09-19T22:15:48.330+0000] {processor.py:840} INFO - DAG(s) 'lcbo_pipeline' retrieved from /opt/airflow/dags/lcbo_pipeline_dag.py
[2026-09-19T22:15:48.354+0000] {logging_mixin.py:188} INFO - [2026-09-19T22:15:48.353+0000] {dag.py:3089} INFO - Sync 1 DAGs
[2026-09-19T22:15:48.364+0000] {logging_mixin.py:188} INFO - [2026-09-19T22:15:48.364+0000] {dag.py:3947} INFO - Setting next_dagrun for lcbo_pipeline to None, run_after=None
[2026-09-19T22:15:48.381+0000] {processor.py:183} INFO - Processing /opt/airflow/dags/lcbo_pipeline_dag.py took 0.074 seconds
[2026-09-19T22:16:18.515+0000] {processor.py:161} INFO - Started process (PID=4690) to work on /opt/airflow/dags/lcbo_pipeline_dag.py
[2026-09-19T22:16:18.517+0000] {processor.py:830} INFO - Processing file /opt/airflow/dags/lcbo_pipeline_dag.py for tasks to queue
[2026-09-19T22:16:18.518+0000] {logging_mixin.py:188} INFO - [2026-09-19T22:16:18.518+0000] {dagbag.py:545} INFO - Filling up the DagBag from /opt/airflow/dags/lcbo_pipeline_dag.py
[2026-09-19T22:16:18.536+0000] {processor.py:840} INFO - DAG(s) 'lcbo_pipeline' retrieved from /opt/airflow/dags/lcbo_pipeline_dag.py
[2026-09-19T22:16:18.560+0000] {logging_mixin.py:188} INFO - [2026-09-19T22:16:18.559+0000] {dag.py:3089} INFO - Sync 1 DAGs
[2026-09-19T22:16:18.569+0000] {logging_mixin.py:188} INFO - [2026-09-19T22:16:18.569+0000] {dag.py:3947} INFO - Setting next_dagrun for lcbo_pipeline to None, run_after=None
[2026-09-19T22:16:18.586+0000] {processor.py:183} INFO - Processing /opt/airflow/dags/lcbo_pipeline_dag.py took 0.075 seconds
[2026-09-19T22:16:48.754+0000] {processor.py:161} INFO - Started process (PID=4701) to work on /opt/airflow/dags/lcbo_pipeline_dag.py
[2026-09-19T22:16:48.757+0000] {processor.py:830} INFO - Processing file /opt/airflow/dags/lcbo_pipeline_dag.py for tasks to queue
[2026-09-19T22:16:48.758+0000] {logging_mixin.py:188} INFO - [2026-09-19T22:16:48.758+0000] {dagbag.py:545} INFO - Filling up the DagBag from /opt/airflow/dags/lcbo_pipeline_dag.py
[2026-09-19T22:16:48.776+0000] {processor.py:840} INFO - DAG(s) 'lcbo_pipeline' retrieved from /opt/airflow/dags/lcbo_pipeline_dag.py
[2026-09-19T22:16:48.800+0000] {logging_mixin.py:188} INFO - [2026-09-19T22:16:48.799+0000] {dag.py:3089} INFO - Sync 1 DAGs
[2026-09-19T22:16:48.811+0000] {logging_mixin.py:188} INFO - [2026-09-19T22:16:48.811+0000] {dag.py:3947} INFO - Setting next_dagrun for lcbo_pipeline to None, run_after=None
[2026-09-19T22:16:48.829+0000] {processor.py:183} INFO - Processing /opt/airflow/dags/lcbo_pipeline_dag.py took 0.078 seconds
[2026-09-19T22:17:18.959+0000] {processor.py:161} INFO - Started process (PID=4712) to work on /opt/airflow/dags/lcbo_pipeline_dag.py
[2026-09-19T22:17:18.961+0000] {processor.py:830} INFO - Processing file /opt/airflow/dags/lcbo_pipeline_dag.py for tasks to queue
[2026-09-19T22:17:18.962+0000] {logging_mixin.py:188} INFO - [2026-09-19T22:17:18.962+0000] {dagbag.py:545} INFO - Filling up the DagBag from /opt/airflow/dags/lcbo_pipeline_dag.py
[2026-09-19T22:17:18.978+0000] {processor.py:840} INFO - DAG(s) 'lcbo_pipeline' retrieved from /opt/airflow/dags/lcbo_pipeline_dag.py
[2026-09-19T22:17:19.004+0000] {logging_mixin.py:188} INFO - [2026-09-19T22:17:19.003+0000] {dag.py:3089} INFO - Sync 1 DAGs
[2026-09-19T22:17:19.017+0000] {logging_mixin.py:188} INFO - [2026-09-19T22:17:19.017+0000] {dag.py:3947} INFO - Setting next_dagrun for lcbo_pipeline to None, run_after=None
[2026-09-19T22:17:19.034+0000] {processor.py:183} INFO - Processing /opt/airflow/dags/lcbo_pipeline_dag.py took 0.079 seconds
[2026-09-19T22:17:49.203+0000] {processor.py:161} INFO - Started process (PID=4723) to work on /opt/airflow/dags/lcbo_pipeline_dag.py
[2026-09-19T22:17:49.204+0000] {processor.py:830} INFO - Processing file /opt/airflow/dags/lcbo_pipeline_dag.py for tasks to queue
[2026-09-19T22:17:49.206+0000] {logging_mixin.py:188} INFO - [2026-09-19T22:17:49.206+0000] {dagbag.py:545} INFO - Filling up the DagBag from /opt/airflow/dags/lcbo_pipeline_dag.py
[2026-09-19T22:17:49.223+0000] {processor.py:840} INFO - DAG(s) 'lcbo_pipeline' retrieved from /opt/airflow/dags/lcbo_pipeline_dag.py
[2026-09-19T22:17:49.257+0000] {logging_mixin.py:188} INFO - [2026-09-19T22:17:49.257+0000] {dag.py:3089} INFO - Sync 1 DAGs
[2026-09-19T22:17:49.267+0000] {logging_mixin.py:188} INFO - [2026-09-19T22:17:49.267+0000] {dag.py:3947} INFO - Setting next_dagrun for lcbo_pipeline to None, run_after=None
[2026-09-19T22:17:49.284+0000] {processor.py:183} INFO - Processing /opt/airflow/dags/lcbo_pipeline_dag.py took 0.085 seconds
[2026-09-19T22:18:19.405+0000] {processor.py:161} INFO - Started process (PID=4734) to work on /opt/airflow/dags/lcbo_pipeline_dag.py
[2026-09-19T22:18:19.406+0000] {processor.py:830} INFO - Processing file /opt/airflow/dags/lcbo_pipeline_dag.py for tasks to queue
[2026-09-19T22:18:19.407+0000] {logging_mixin.py:188} INFO - [2026-09-19T22:18:19.407+0000] {dagbag.py:545} INFO - Filling up the DagBag from /opt/airflow/dags/lcbo_pipeline_dag.py
[2026-09-19T22:18:19.424+0000] {processor.py:840} INFO - DAG(s) 'lcbo_pipeline' retrieved from /opt/airflow/dags/lcbo_pipeline_dag.py
[2026-09-19T22:18:19.448+0000] {logging_mixin.py:188} INFO - [2026-09-19T22:18:19.448+0000] {dag.py:3089} INFO - Sync 1 DAGs
[2026-09-19T22:18:19.459+0000] {logging_mixin.py:188} INFO - [2026-09-19T22:18:19.458+0000] {dag.py:3947} INFO - Setting next_dagrun for lcbo_pipeline to None, run_after=None
[2026-09-19T22:18:19.474+0000] {processor.py:183} INFO - Processing /opt/airflow/dags/lcbo_pipeline_dag.py took 0.073 seconds
[2026-09-19T22:18:49.661+0000] {processor.py:161} INFO - Started process (PID=4745) to work on /opt/airflow/dags/lcbo_pipeline_dag.py
[2026-09-19T22:18:49.663+0000] {processor.py:830} INFO - Processing file /opt/airflow/dags/lcbo_pipeline_dag.py for tasks to queue
[2026-09-19T22:18:49.665+0000] {logging_mixin.py:188} INFO - [2026-09-19T22:18:49.664+0000] {dagbag.py:545} INFO - Filling up the DagBag from /opt/airflow/dags/lcbo_pipeline_dag.py
[2026-09-19T22:18:49.682+0000] {processor.py:840} INFO - DAG(s) 'lcbo_pipeline' retrieved from /opt/airflow/dags/lcbo_pipeline_dag.py
[2026-09-19T22:18:49.708+0000] {logging_mixin.py:188} INFO - [2026-09-19T22:18:49.708+0000] {dag.py:3089} INFO - Sync 1 DAGs
[2026-09-19T22:18:49.719+0000] {logging_mixin.py:188} INFO - [2026-09-19T22:18:49.718+0000] {dag.py:3947} INFO - Setting next_dagrun for lcbo_pipeline to None, run_after=None
[2026-09-19T22:18:49.735+0000] {processor.py:183} INFO - Processing /opt/airflow/dags/lcbo_pipeline_dag.py took 0.078 seconds
[2026-09-19T22:19:19.853+0000] {processor.py:161} INFO - Started process (PID=4756) to work on /opt/airflow/dags/lcbo_pipeline_dag.py
[2026-09-19T22:19:19.854+0000] {processor.py:830} INFO - Processing file /opt/airflow/dags/lcbo_pipeline_dag.py for tasks to queue
[2026-09-19T22:19:19.856+0000] {logging_mixin.py:188} INFO - [2026-09-19T22:19:19.856+0000] {dagbag.py:545} INFO - Filling up the DagBag from /opt/airflow/dags/lcbo_pipeline_dag.py
[2026-09-19T22:19:19.874+0000] {processor.py:840} INFO - DAG(s) 'lcbo_pipeline' retrieved from /opt/airflow/dags/lcbo_pipeline_dag.py
[2026-09-19T22:19:19.900+0000] {logging_mixin.py:188} INFO - [2026-09-19T22:19:19.900+0000] {dag.py:3089} INFO - Sync 1 DAGs
[2026-09-19T22:19:19.910+0000] {logging_mixin.py:188} INFO - [2026-09-19T22:19:19.910+0000] {dag.py:3947} INFO - Setting next_dagrun for lcbo_pipeline to None, run_after=None
[2026-09-19T22:19:19.925+0000] {processor.py:183} INFO - Processing /opt/airflow/dags/lcbo_pipeline_dag.py took 0.076 seconds
[2026-09-19T22:19:50.103+0000] {processor.py:161} INFO - Started process (PID=4767) to work on /opt/airflow/dags/lcbo_pipeline_dag.py
[2026-09-19T22:19:50.105+0000] {processor.py:830} INFO - Processing file /opt/airflow/dags/lcbo_pipeline_dag.py for tasks to queue
[2026-09-19T22:19:50.106+0000] {logging_mixin.py:188} INFO - [2026-09-19T22:19:50.106+0000] {dagbag.py:545} INFO - Filling up the DagBag from /opt/airflow/dags/lcbo_pipeline_dag.py
[2026-09-19T22:19:50.124+0000] {processor.py:840} INFO - DAG(s) 'lcbo_pipeline' retrieved from /opt/airflow/dags/lcbo_pipeline_dag.py
[2026-09-19T22:19:50.149+0000] {logging_mixin.py:188} INFO - [2026-09-19T22:19:50.149+0000] {dag.py:3089} INFO - Sync 1 DAGs
[2026-09-19T22:19:50.159+0000] {logging_mixin.py:188} INFO - [2026-09-19T22:19:50.159+0000] {dag.py:3947} INFO - Setting next_dagrun for lcbo_pipeline to None, run_after=None
[2026-09-19T22:19:50.176+0000] {processor.py:183} INFO - Processing /opt/airflow/dags/lcbo_pipeline_dag.py took 0.077 seconds
[2026-09-19T22:20:20.296+0000] {processor.py:161} INFO - Started process (PID=4778) to work on /opt/airflow/dags/lcbo_pipeline_dag.py
[2026-09-19T22:20:20.297+0000] {processor.py:830} INFO - Processing file /opt/airflow/dags/lcbo_pipeline_dag.py for tasks to queue
[2026-09-19T22:20:20.298+0000] {logging_mixin.py:188} INFO - [2026-09-19T22:20:20.298+0000] {dagbag.py:545} INFO - Filling up the DagBag from /opt/airflow/dags/lcbo_pipeline_dag.py
[2026-09-19T22:20:20.315+0000] {processor.py:840} INFO - DAG(s) 'lcbo_pipeline' retrieved from /opt/airflow/dags/lcbo_pipeline_dag.py
[2026-09-19T22:20:20.340+0000] {logging_mixin.py:188} INFO - [2026-09-19T22:20:20.339+0000] {dag.py:3089} INFO - Sync 1 DAGs
[2026-09-19T22:20:20.349+0000] {logging_mixin.py:188} INFO - [2026-09-19T22:20:20.349+0000] {dag.py:3947} INFO - Setting next_dagrun for lcbo_pipeline to None, run_after=None
[2026-09-19T22:20:20.367+0000] {processor.py:183} INFO - Processing /opt/airflow/dags/lcbo_pipeline_dag.py took 0.075 seconds
[2026-09-19T22:20:50.569+0000] {processor.py:161} INFO - Started process (PID=4789) to work on /opt/airflow/dags/lcbo_pipeline_dag.py
[2026-09-19T22:20:50.570+0000] {processor.py:830} INFO - Processing file /opt/airflow/dags/lcbo_pipeline_dag.py for tasks to queue
[2026-09-19T22:20:50.572+0000] {logging_mixin.py:188} INFO - [2026-09-19T22:20:50.571+0000] {dagbag.py:545} INFO - Filling up the DagBag from /opt/airflow/dags/lcbo_pipeline_dag.py
[2026-09-19T22:20:50.588+0000] {processor.py:840} INFO - DAG(s) 'lcbo_pipeline' retrieved from /opt/airflow/dags/lcbo_pipeline_dag.py
[2026-09-19T22:20:50.612+0000] {logging_mixin.py:188} INFO - [2026-09-19T22:20:50.612+0000] {dag.py:3089} INFO - Sync 1 DAGs
[2026-09-19T22:20:50.623+0000] {logging_mixin.py:188} INFO - [2026-09-19T22:20:50.623+0000] {dag.py:3947} INFO - Setting next_dagrun for lcbo_pipeline to None, run_after=None
[2026-09-19T22:20:50.643+0000] {processor.py:183} INFO - Processing /opt/airflow/dags/lcbo_pipeline_dag.py took 0.078 seconds
[2026-09-19T22:21:20.770+0000] {processor.py:161} INFO - Started process (PID=4800) to work on /opt/airflow/dags/lcbo_pipeline_dag.py
[2026-09-19T22:21:20.771+0000] {processor.py:830} INFO - Processing file /opt/airflow/dags/lcbo_pipeline_dag.py for tasks to queue
[2026-09-19T22:21:20.773+0000] {logging_mixin.py:188} INFO - [2026-09-19T22:21:20.773+0000] {dagbag.py:545} INFO - Filling up the DagBag from /opt/airflow/dags/lcbo_pipeline_dag.py
[2026-09-19T22:21:20.790+0000] {processor.py:840} INFO - DAG(s) 'lcbo_pipeline' retrieved from /opt/airflow/dags/lcbo_pipeline_dag.py
[2026-09-19T22:21:20.815+0000] {logging_mixin.py:188} INFO - [2026-09-19T22:21:20.815+0000] {dag.py:3089} INFO - Sync 1 DAGs
[2026-09-19T22:21:20.825+0000] {logging_mixin.py:188} INFO - [2026-09-19T22:21:20.825+0000] {dag.py:3947} INFO - Setting next_dagrun for lcbo_pipeline to None, run_after=None
[2026-09-19T22:21:20.843+0000] {processor.py:183} INFO - Processing /opt/airflow/dags/lcbo_pipeline_dag.py took 0.079 seconds
[2026-09-19T22:21:51.011+0000] {processor.py:161} INFO - Started process (PID=4811) to work on /opt/airflow/dags/lcbo_pipeline_dag.py
[2026-09-19T22:21:51.013+0000] {processor.py:830} INFO - Processing file /opt/airflow/dags/lcbo_pipeline_dag.py for tasks to queue
[2026-09-19T22:21:51.015+0000] {logging_mixin.py:188} INFO - [2026-09-19T22:21:51.014+0000] {dagbag.py:545} INFO - Filling up the DagBag from /opt/airflow/dags/lcbo_pipeline_dag.py
[2026-09-19T22:21:51.033+0000] {processor.py:840} INFO - DAG(s) 'lcbo_pipeline' retrieved from /opt/airflow/dags/lcbo_pipeline_dag.py
[2026-09-19T22:21:51.061+0000] {logging_mixin.py:188} INFO - [2026-09-19T22:21:51.060+0000] {dag.py:3089} INFO - Sync 1 DAGs
[2026-09-19T22:21:51.071+0000] {logging_mixin.py:188} INFO - [2026-09-19T22:21:51.070+0000] {dag.py:3947} INFO - Setting next_dagrun for lcbo_pipeline to None, run_after=None
[2026-09-19T22:21:51.088+0000] {processor.py:183} INFO - Processing /opt/airflow/dags/lcbo_pipeline_dag.py took 0.081 seconds
[2026-09-19T22:22:21.221+0000] {processor.py:161} INFO - Started process (PID=4822) to work on /opt/airflow/dags/lcbo_pipeline_dag.py
[2026-09-19T22:22:21.222+0000] {processor.py:830} INFO - Processing file /opt/airflow/dags/lcbo_pipeline_dag.py for tasks to queue
[2026-09-19T22:22:21.224+0000] {logging_mixin.py:188} INFO - [2026-09-19T22:22:21.224+0000] {dagbag.py:545} INFO - Filling up the DagBag from /opt/airflow/dags/lcbo_pipeline_dag.py
[2026-09-19T22:22:21.242+0000] {processor.py:840} INFO - DAG(s) 'lcbo_pipeline' retrieved from /opt/airflow/dags/lcbo_pipeline_dag.py
[2026-09-19T22:22:21.271+0000] {logging_mixin.py:188} INFO - [2026-09-19T22:22:21.271+0000] {dag.py:3089} INFO - Sync 1 DAGs
[2026-09-19T22:22:21.282+0000] {logging_mixin.py:188} INFO - [2026-09-19T22:22:21.282+0000] {dag.py:3947} INFO - Setting next_dagrun for lcbo_pipeline to None, run_after=None
[2026-09-19T22:22:21.300+0000] {processor.py:183} INFO - Processing /opt/airflow/dags/lcbo_pipeline_dag.py took 0.085 seconds
[2026-09-19T22:22:51.470+0000] {processor.py:161} INFO - Started process (PID=4833) to work on /opt/airflow/dags/lcbo_pipeline_dag.py
[2026-09-19T22:22:51.471+0000] {processor.py:830} INFO - Processing file /opt/airflow/dags/lcbo_pipeline_dag.py for tasks to queue
[2026-09-19T22:22:51.473+0000] {logging_mixin.py:188} INFO - [2026-09-19T22:22:51.473+0000] {dagbag.py:545} INFO - Filling up the DagBag from /opt/airflow/dags/lcbo_pipeline_dag.py
[2026-09-19T22:22:51.492+0000] {processor.py:840} INFO - DAG(s) 'lcbo_pipeline' retrieved from /opt/airflow/dags/lcbo_pipeline_dag.py
[2026-09-19T22:22:51.517+0000] {logging_mixin.py:188} INFO - [2026-09-19T22:22:51.517+0000] {dag.py:3089} INFO - Sync 1 DAGs
[2026-09-19T22:22:51.528+0000] {logging_mixin.py:188} INFO - [2026-09-19T22:22:51.528+0000] {dag.py:3947} INFO - Setting next_dagrun for lcbo_pipeline to None, run_after=None
[2026-09-19T22:22:51.544+0000] {processor.py:183} INFO - Processing /opt/airflow/dags/lcbo_pipeline_dag.py took 0.078 seconds
[2026-09-19T22:23:21.661+0000] {processor.py:161} INFO - Started process (PID=4844) to work on /opt/airflow/dags/lcbo_pipeline_dag.py
[2026-09-19T22:23:21.662+0000] {processor.py:830} INFO - Processing file /opt/airflow/dags/lcbo_pipeline_dag.py for tasks to queue
[2026-09-19T22:23:21.664+0000] {logging_mixin.py:188} INFO - [2026-09-19T22:23:21.664+0000] {dagbag.py:545} INFO - Filling up the DagBag from /opt/airflow/dags/lcbo_pipeline_dag.py
[2026-09-19T22:23:21.681+0000] {processor.py:840} INFO - DAG(s) 'lcbo_pipeline' retrieved from /opt/airflow/dags/lcbo_pipeline_dag.py
[2026-09-19T22:23:21.705+0000] {logging_mixin.py:188} INFO - [2026-09-19T22:23:21.705+0000] {dag.py:3089} INFO - Sync 1 DAGs
[2026-09-19T22:23:21.716+0000] {logging_mixin.py:188} INFO - [2026-09-19T22:23:21.715+0000] {dag.py:3947} INFO - Setting next_dagrun for lcbo_pipeline to None, run_after=None
[2026-09-19T22:23:21.731+0000] {processor.py:183} INFO - Processing /opt/airflow/dags/lcbo_pipeline_dag.py took 0.075 seconds
[2026-09-19T22:23:51.906+0000] {processor.py:161} INFO - Started process (PID=4855) to work on /opt/airflow/dags/lcbo_pipeline_dag.py
[2026-09-19T22:23:51.907+0000] {processor.py:830} INFO - Processing file /opt/airflow/dags/lcbo_pipeline_dag.py for tasks to queue
[2026-09-19T22:23:51.909+0000] {logging_mixin.py:188} INFO - [2026-09-19T22:23:51.908+0000] {dagbag.py:545} INFO - Filling up the DagBag from /opt/airflow/dags/lcbo_pipeline_dag.py
[2026-09-19T22:23:51.924+0000] {processor.py:840} INFO - DAG(s) 'lcbo_pipeline' retrieved from /opt/airflow/dags/lcbo_pipeline_dag.py
[2026-09-19T22:23:51.947+0000] {logging_mixin.py:188} INFO - [2026-09-19T22:23:51.947+0000] {dag.py:3089} INFO - Sync 1 DAGs
[2026-09-19T22:23:51.956+0000] {logging_mixin.py:188} INFO - [2026-09-19T22:23:51.956+0000] {dag.py:3947} INFO - Setting next_dagrun for lcbo_pipeline to None, run_after=None
[2026-09-19T22:23:51.972+0000] {processor.py:183} INFO - Processing /opt/airflow/dags/lcbo_pipeline_dag.py took 0.070 seconds
[2026-09-19T22:24:22.102+0000] {processor.py:161} INFO - Started process (PID=4866) to work on /opt/airflow/dags/lcbo_pipeline_dag.py
[2026-09-19T22:24:22.103+0000] {processor.py:830} INFO - Processing file /opt/airflow/dags/lcbo_pipeline_dag.py for tasks to queue
[2026-09-19T22:24:22.105+0000] {logging_mixin.py:188} INFO - [2026-09-19T22:24:22.104+0000] {dagbag.py:545} INFO - Filling up the DagBag from /opt/airflow/dags/lcbo_pipeline_dag.py
[2026-09-19T22:24:22.121+0000] {processor.py:840} INFO - DAG(s) 'lcbo_pipeline' retrieved from /opt/airflow/dags/lcbo_pipeline_dag.py
[2026-09-19T22:24:22.145+0000] {logging_mixin.py:188} INFO - [2026-09-19T22:24:22.144+0000] {dag.py:3089} INFO - Sync 1 DAGs
[2026-09-19T22:24:22.155+0000] {logging_mixin.py:188} INFO - [2026-09-19T22:24:22.155+0000] {dag.py:3947} INFO - Setting next_dagrun for lcbo_pipeline to None, run_after=None
[2026-09-19T22:24:22.172+0000] {processor.py:183} INFO - Processing /opt/airflow/dags/lcbo_pipeline_dag.py took 0.074 seconds
[2026-09-19T22:24:52.341+0000] {processor.py:161} INFO - Started process (PID=4877) to work on /opt/airflow/dags/lcbo_pipeline_dag.py
[2026-09-19T22:24:52.342+0000] {processor.py:830} INFO - Processing file /opt/airflow/dags/lcbo_pipeline_dag.py for tasks to queue
[2026-09-19T22:24:52.344+0000] {logging_mixin.py:188} INFO - [2026-09-19T22:24:52.344+0000] {dagbag.py:545} INFO - Filling up the DagBag from /opt/airflow/dags/lcbo_pipeline_dag.py
[2026-09-19T22:24:52.361+0000] {processor.py:840} INFO - DAG(s) 'lcbo_pipeline' retrieved from /opt/airflow/dags/lcbo_pipeline_dag.py
[2026-09-19T22:24:52.384+0000] {logging_mixin.py:188} INFO - [2026-09-19T22:24:52.384+0000] {dag.py:3089} INFO - Sync 1 DAGs
[2026-09-19T22:24:52.394+0000] {logging_mixin.py:188} INFO - [2026-09-19T22:24:52.394+0000] {dag.py:3947} INFO - Setting next_dagrun for lcbo_pipeline to None, run_after=None
[2026-09-19T22:24:52.412+0000] {processor.py:183} INFO - Processing /opt/airflow/dags/lcbo_pipeline_dag.py took 0.074 seconds
[2026-09-19T22:25:22.544+0000] {processor.py:161} INFO - Started process (PID=4888) to work on /opt/airflow/dags/lcbo_pipeline_dag.py
[2026-09-19T22:25:22.545+0000] {processor.py:830} INFO - Processing file /opt/airflow/dags/lcbo_pipeline_dag.py for tasks to queue
[2026-09-19T22:25:22.547+0000] {logging_mixin.py:188} INFO - [2026-09-19T22:25:22.546+0000] {dagbag.py:545} INFO - Filling up the DagBag from /opt/airflow/dags/lcbo_pipeline_dag.py
[2026-09-19T22:25:22.562+0000] {processor.py:840} INFO - DAG(s) 'lcbo_pipeline' retrieved from /opt/airflow/dags/lcbo_pipeline_dag.py
[2026-09-19T22:25:22.586+0000] {logging_mixin.py:188} INFO - [2026-09-19T22:25:22.586+0000] {dag.py:3089} INFO - Sync 1 DAGs
[2026-09-19T22:25:22.597+0000] {logging_mixin.py:188} INFO - [2026-09-19T22:25:22.597+0000] {dag.py:3947} INFO - Setting next_dagrun for lcbo_pipeline to None, run_after=None
[2026-09-19T22:25:22.613+0000] {processor.py:183} INFO - Processing /opt/airflow/dags/lcbo_pipeline_dag.py took 0.073 seconds
[2026-09-19T22:25:52.815+0000] {processor.py:161} INFO - Started process (PID=4899) to work on /opt/airflow/dags/lcbo_pipeline_dag.py
[2026-09-19T22:25:52.817+0000] {processor.py:830} INFO - Processing file /opt/airflow/dags/lcbo_pipeline_dag.py for tasks to queue
[2026-09-19T22:25:52.818+0000] {logging_mixin.py:188} INFO - [2026-09-19T22:25:52.818+0000] {dagbag.py:545} INFO - Filling up the DagBag from /opt/airflow/dags/lcbo_pipeline_dag.py
[2026-09-19T22:25:52.834+0000] {processor.py:840} INFO - DAG(s) 'lcbo_pipeline' retrieved from /opt/airflow/dags/lcbo_pipeline_dag.py
[2026-09-19T22:25:52.858+0000] {logging_mixin.py:188} INFO - [2026-09-19T22:25:52.858+0000] {dag.py:3089} INFO - Sync 1 DAGs
[2026-09-19T22:25:52.868+0000] {logging_mixin.py:188} INFO - [2026-09-19T22:25:52.868+0000] {dag.py:3947} INFO - Setting next_dagrun for lcbo_pipeline to None, run_after=None
[2026-09-19T22:25:52.883+0000] {processor.py:183} INFO - Processing /opt/airflow/dags/lcbo_pipeline_dag.py took 0.072 seconds
[2026-09-19T22:26:23.021+0000] {processor.py:161} INFO - Started process (PID=4910) to work on /opt/airflow/dags/lcbo_pipeline_dag.py
[2026-09-19T22:26:23.022+0000] {processor.py:830} INFO - Processing file /opt/airflow/dags/lcbo_pipeline_dag.py for tasks to queue
[2026-09-19T22:26:23.023+0000] {logging_mixin.py:188} INFO - [2026-09-19T22:26:23.023+0000] {dagbag.py:545} INFO - Filling up the DagBag from /opt/airflow/dags/lcbo_pipeline_dag.py
[2026-09-19T22:26:23.041+0000] {processor.py:840} INFO - DAG(s) 'lcbo_pipeline' retrieved from /opt/airflow/dags/lcbo_pipeline_dag.py
[2026-09-19T22:26:23.066+0000] {logging_mixin.py:188} INFO - [2026-09-19T22:26:23.066+0000] {dag.py:3089} INFO - Sync 1 DAGs
[2026-09-19T22:26:23.076+0000] {logging_mixin.py:188} INFO - [2026-09-19T22:26:23.076+0000] {dag.py:3947} INFO - Setting next_dagrun for lcbo_pipeline to None, run_after=None
[2026-09-19T22:26:23.097+0000] {processor.py:183} INFO - Processing /opt/airflow/dags/lcbo_pipeline_dag.py took 0.080 seconds
[2026-09-19T22:26:53.239+0000] {processor.py:161} INFO - Started process (PID=4921) to work on /opt/airflow/dags/lcbo_pipeline_dag.py
[2026-09-19T22:26:53.240+0000] {processor.py:830} INFO - Processing file /opt/airflow/dags/lcbo_pipeline_dag.py for tasks to queue
[2026-09-19T22:26:53.241+0000] {logging_mixin.py:188} INFO - [2026-09-19T22:26:53.241+0000] {dagbag.py:545} INFO - Filling up the DagBag from /opt/airflow/dags/lcbo_pipeline_dag.py
[2026-09-19T22:26:53.258+0000] {processor.py:840} INFO - DAG(s) 'lcbo_pipeline' retrieved from /opt/airflow/dags/lcbo_pipeline_dag.py
[2026-09-19T22:26:53.281+0000] {logging_mixin.py:188} INFO - [2026-09-19T22:26:53.281+0000] {dag.py:3089} INFO - Sync 1 DAGs
[2026-09-19T22:26:53.292+0000] {logging_mixin.py:188} INFO - [2026-09-19T22:26:53.291+0000] {dag.py:3947} INFO - Setting next_dagrun for lcbo_pipeline to None, run_after=None
[2026-09-19T22:26:53.310+0000] {processor.py:183} INFO - Processing /opt/airflow/dags/lcbo_pipeline_dag.py took 0.075 seconds
[2026-09-19T22:27:23.473+0000] {processor.py:161} INFO - Started process (PID=4932) to work on /opt/airflow/dags/lcbo_pipeline_dag.py
[2026-09-19T22:27:23.474+0000] {processor.py:830} INFO - Processing file /opt/airflow/dags/lcbo_pipeline_dag.py for tasks to queue
[2026-09-19T22:27:23.476+0000] {logging_mixin.py:188} INFO - [2026-09-19T22:27:23.476+0000] {dagbag.py:545} INFO - Filling up the DagBag from /opt/airflow/dags/lcbo_pipeline_dag.py
[2026-09-19T22:27:23.494+0000] {processor.py:840} INFO - DAG(s) 'lcbo_pipeline' retrieved from /opt/airflow/dags/lcbo_pipeline_dag.py
[2026-09-19T22:27:23.519+0000] {logging_mixin.py:188} INFO - [2026-09-19T22:27:23.519+0000] {dag.py:3089} INFO - Sync 1 DAGs
[2026-09-19T22:27:23.531+0000] {logging_mixin.py:188} INFO - [2026-09-19T22:27:23.531+0000] {dag.py:3947} INFO - Setting next_dagrun for lcbo_pipeline to None, run_after=None
[2026-09-19T22:27:23.550+0000] {processor.py:183} INFO - Processing /opt/airflow/dags/lcbo_pipeline_dag.py took 0.081 seconds
[2026-09-19T22:27:53.672+0000] {processor.py:161} INFO - Started process (PID=4943) to work on /opt/airflow/dags/lcbo_pipeline_dag.py
[2026-09-19T22:27:53.673+0000] {processor.py:830} INFO - Processing file /opt/airflow/dags/lcbo_pipeline_dag.py for tasks to queue
[2026-09-19T22:27:53.675+0000] {logging_mixin.py:188} INFO - [2026-09-19T22:27:53.674+0000] {dagbag.py:545} INFO - Filling up the DagBag from /opt/airflow/dags/lcbo_pipeline_dag.py
[2026-09-19T22:27:53.691+0000] {processor.py:840} INFO - DAG(s) 'lcbo_pipeline' retrieved from /opt/airflow/dags/lcbo_pipeline_dag.py
[2026-09-19T22:27:53.716+0000] {logging_mixin.py:188} INFO - [2026-09-19T22:27:53.715+0000] {dag.py:3089} INFO - Sync 1 DAGs
[2026-09-19T22:27:53.724+0000] {logging_mixin.py:188} INFO - [2026-09-19T22:27:53.724+0000] {dag.py:3947} INFO - Setting next_dagrun for lcbo_pipeline to None, run_after=None
[2026-09-19T22:27:53.737+0000] {processor.py:183} INFO - Processing /opt/airflow/dags/lcbo_pipeline_dag.py took 0.069 seconds
[2026-09-19T22:28:23.920+0000] {processor.py:161} INFO - Started process (PID=4954) to work on /opt/airflow/dags/lcbo_pipeline_dag.py
[2026-09-19T22:28:23.921+0000] {processor.py:830} INFO - Processing file /opt/airflow/dags/lcbo_pipeline_dag.py for tasks to queue
[2026-09-19T22:28:23.923+0000] {logging_mixin.py:188} INFO - [2026-09-19T22:28:23.922+0000] {dagbag.py:545} INFO - Filling up the DagBag from /opt/airflow/dags/lcbo_pipeline_dag.py
[2026-09-19T22:28:23.939+0000] {processor.py:840} INFO - DAG(s) 'lcbo_pipeline' retrieved from /opt/airflow/dags/lcbo_pipeline_dag.py
[2026-09-19T22:28:23.963+0000] {logging_mixin.py:188} INFO - [2026-09-19T22:28:23.962+0000] {dag.py:3089} INFO - Sync 1 DAGs
[2026-09-19T22:28:23.974+0000] {logging_mixin.py:188} INFO - [2026-09-19T22:28:23.973+0000] {dag.py:3947} INFO - Setting next_dagrun for lcbo_pipeline to None, run_after=None
[2026-09-19T22:28:23.990+0000] {processor.py:183} INFO - Processing /opt/airflow/dags/lcbo_pipeline_dag.py took 0.074 seconds
[2026-09-19T22:28:54.115+0000] {processor.py:161} INFO - Started process (PID=4965) to work on /opt/airflow/dags/lcbo_pipeline_dag.py
[2026-09-19T22:28:54.116+0000] {processor.py:830} INFO - Processing file /opt/airflow/dags/lcbo_pipeline_dag.py for tasks to queue
[2026-09-19T22:28:54.118+0000] {logging_mixin.py:188} INFO - [2026-09-19T22:28:54.118+0000] {dagbag.py:545} INFO - Filling up the DagBag from /opt/airflow/dags/lcbo_pipeline_dag.py
[2026-09-19T22:28:54.136+0000] {processor.py:840} INFO - DAG(s) 'lcbo_pipeline' retrieved from /opt/airflow/dags/lcbo_pipeline_dag.py
[2026-09-19T22:28:54.163+0000] {logging_mixin.py:188} INFO - [2026-09-19T22:28:54.162+0000] {dag.py:3089} INFO - Sync 1 DAGs
[2026-09-19T22:28:54.173+0000] {logging_mixin.py:188} INFO - [2026-09-19T22:28:54.173+0000] {dag.py:3947} INFO - Setting next_dagrun for lcbo_pipeline to None, run_after=None
[2026-09-19T22:28:54.189+0000] {processor.py:183} INFO - Processing /opt/airflow/dags/lcbo_pipeline_dag.py took 0.077 seconds
[2026-09-19T22:29:24.357+0000] {processor.py:161} INFO - Started process (PID=4976) to work on /opt/airflow/dags/lcbo_pipeline_dag.py
[2026-09-19T22:29:24.358+0000] {processor.py:830} INFO - Processing file /opt/airflow/dags/lcbo_pipeline_dag.py for tasks to queue
[2026-09-19T22:29:24.360+0000] {logging_mixin.py:188} INFO - [2026-09-19T22:29:24.360+0000] {dagbag.py:545} INFO - Filling up the DagBag from /opt/airflow/dags/lcbo_pipeline_dag.py
[2026-09-19T22:29:24.377+0000] {processor.py:840} INFO - DAG(s) 'lcbo_pipeline' retrieved from /opt/airflow/dags/lcbo_pipeline_dag.py
[2026-09-19T22:29:24.401+0000] {logging_mixin.py:188} INFO - [2026-09-19T22:29:24.401+0000] {dag.py:3089} INFO - Sync 1 DAGs
[2026-09-19T22:29:24.411+0000] {logging_mixin.py:188} INFO - [2026-09-19T22:29:24.411+0000] {dag.py:3947} INFO - Setting next_dagrun for lcbo_pipeline to None, run_after=None
[2026-09-19T22:29:24.429+0000] {processor.py:183} INFO - Processing /opt/airflow/dags/lcbo_pipeline_dag.py took 0.075 seconds
[2026-09-19T22:29:54.554+0000] {processor.py:161} INFO - Started process (PID=4987) to work on /opt/airflow/dags/lcbo_pipeline_dag.py
[2026-09-19T22:29:54.556+0000] {processor.py:830} INFO - Processing file /opt/airflow/dags/lcbo_pipeline_dag.py for tasks to queue
[2026-09-19T22:29:54.558+0000] {logging_mixin.py:188} INFO - [2026-09-19T22:29:54.558+0000] {dagbag.py:545} INFO - Filling up the DagBag from /opt/airflow/dags/lcbo_pipeline_dag.py
[2026-09-19T22:29:54.575+0000] {processor.py:840} INFO - DAG(s) 'lcbo_pipeline' retrieved from /opt/airflow/dags/lcbo_pipeline_dag.py
[2026-09-19T22:29:54.600+0000] {logging_mixin.py:188} INFO - [2026-09-19T22:29:54.600+0000] {dag.py:3089} INFO - Sync 1 DAGs
[2026-09-19T22:29:54.611+0000] {logging_mixin.py:188} INFO - [2026-09-19T22:29:54.611+0000] {dag.py:3947} INFO - Setting next_dagrun for lcbo_pipeline to None, run_after=None
[2026-09-19T22:29:54.629+0000] {processor.py:183} INFO - Processing /opt/airflow/dags/lcbo_pipeline_dag.py took 0.079 seconds
[2026-09-19T22:30:24.806+0000] {processor.py:161} INFO - Started process (PID=4998) to work on /opt/airflow/dags/lcbo_pipeline_dag.py
[2026-09-19T22:30:24.808+0000] {processor.py:830} INFO - Processing file /opt/airflow/dags/lcbo_pipeline_dag.py for tasks to queue
[2026-09-19T22:30:24.809+0000] {logging_mixin.py:188} INFO - [2026-09-19T22:30:24.809+0000] {dagbag.py:545} INFO - Filling up the DagBag from /opt/airflow/dags/lcbo_pipeline_dag.py
[2026-09-19T22:30:24.826+0000] {processor.py:840} INFO - DAG(s) 'lcbo_pipeline' retrieved from /opt/airflow/dags/lcbo_pipeline_dag.py
[2026-09-19T22:30:24.851+0000] {logging_mixin.py:188} INFO - [2026-09-19T22:30:24.850+0000] {dag.py:3089} INFO - Sync 1 DAGs
[2026-09-19T22:30:24.862+0000] {logging_mixin.py:188} INFO - [2026-09-19T22:30:24.861+0000] {dag.py:3947} INFO - Setting next_dagrun for lcbo_pipeline to None, run_after=None
[2026-09-19T22:30:24.878+0000] {processor.py:183} INFO - Processing /opt/airflow/dags/lcbo_pipeline_dag.py took 0.076 seconds
[2026-09-19T22:30:55.031+0000] {processor.py:161} INFO - Started process (PID=5009) to work on /opt/airflow/dags/lcbo_pipeline_dag.py
[2026-09-19T22:30:55.032+0000] {processor.py:830} INFO - Processing file /opt/airflow/dags/lcbo_pipeline_dag.py for tasks to queue
[2026-09-19T22:30:55.034+0000] {logging_mixin.py:188} INFO - [2026-09-19T22:30:55.034+0000] {dagbag.py:545} INFO - Filling up the DagBag from /opt/airflow/dags/lcbo_pipeline_dag.py
[2026-09-19T22:30:55.051+0000] {processor.py:840} INFO - DAG(s) 'lcbo_pipeline' retrieved from /opt/airflow/dags/lcbo_pipeline_dag.py
[2026-09-19T22:30:55.076+0000] {logging_mixin.py:188} INFO - [2026-09-19T22:30:55.076+0000] {dag.py:3089} INFO - Sync 1 DAGs
[2026-09-19T22:30:55.087+0000] {logging_mixin.py:188} INFO - [2026-09-19T22:30:55.086+0000] {dag.py:3947} INFO - Setting next_dagrun for lcbo_pipeline to None, run_after=None
[2026-09-19T22:30:55.102+0000] {processor.py:183} INFO - Processing /opt/airflow/dags/lcbo_pipeline_dag.py took 0.075 seconds
[2026-09-19T22:31:25.243+0000] {processor.py:161} INFO - Started process (PID=5020) to work on /opt/airflow/dags/lcbo_pipeline_dag.py
[2026-09-19T22:31:25.245+0000] {processor.py:830} INFO - Processing file /opt/airflow/dags/lcbo_pipeline_dag.py for tasks to queue
[2026-09-19T22:31:25.246+0000] {logging_mixin.py:188} INFO - [2026-09-19T22:31:25.246+0000] {dagbag.py:545} INFO - Filling up the DagBag from /opt/airflow/dags/lcbo_pipeline_dag.py
[2026-09-19T22:31:25.263+0000] {processor.py:840} INFO - DAG(s) 'lcbo_pipeline' retrieved from /opt/airflow/dags/lcbo_pipeline_dag.py
[2026-09-19T22:31:25.286+0000] {logging_mixin.py:188} INFO - [2026-09-19T22:31:25.286+0000] {dag.py:3089} INFO - Sync 1 DAGs
[2026-09-19T22:31:25.296+0000] {logging_mixin.py:188} INFO - [2026-09-19T22:31:25.295+0000] {dag.py:3947} INFO - Setting next_dagrun for lcbo_pipeline to None, run_after=None
[2026-09-19T22:31:25.314+0000] {processor.py:183} INFO - Processing /opt/airflow/dags/lcbo_pipeline_dag.py took 0.074 seconds
[2026-09-19T22:31:55.467+0000] {processor.py:161} INFO - Started process (PID=5031) to work on /opt/airflow/dags/lcbo_pipeline_dag.py
[2026-09-19T22:31:55.468+0000] {processor.py:830} INFO - Processing file /opt/airflow/dags/lcbo_pipeline_dag.py for tasks to queue
[2026-09-19T22:31:55.470+0000] {logging_mixin.py:188} INFO - [2026-09-19T22:31:55.470+0000] {dagbag.py:545} INFO - Filling up the DagBag from /opt/airflow/dags/lcbo_pipeline_dag.py
[2026-09-19T22:31:55.487+0000] {processor.py:840} INFO - DAG(s) 'lcbo_pipeline' retrieved from /opt/airflow/dags/lcbo_pipeline_dag.py
[2026-09-19T22:31:55.513+0000] {logging_mixin.py:188} INFO - [2026-09-19T22:31:55.513+0000] {dag.py:3089} INFO - Sync 1 DAGs
[2026-09-19T22:31:55.524+0000] {logging_mixin.py:188} INFO - [2026-09-19T22:31:55.524+0000] {dag.py:3947} INFO - Setting next_dagrun for lcbo_pipeline to None, run_after=None
[2026-09-19T22:31:55.542+0000] {processor.py:183} INFO - Processing /opt/airflow/dags/lcbo_pipeline_dag.py took 0.080 seconds
[2026-09-19T22:32:25.687+0000] {processor.py:161} INFO - Started process (PID=5042) to work on /opt/airflow/dags/lcbo_pipeline_dag.py
[2026-09-19T22:32:25.688+0000] {processor.py:830} INFO - Processing file /opt/airflow/dags/lcbo_pipeline_dag.py for tasks to queue
[2026-09-19T22:32:25.690+0000] {logging_mixin.py:188} INFO - [2026-09-19T22:32:25.689+0000] {dagbag.py:545} INFO - Filling up the DagBag from /opt/airflow/dags/lcbo_pipeline_dag.py
[2026-09-19T22:32:25.706+0000] {processor.py:840} INFO - DAG(s) 'lcbo_pipeline' retrieved from /opt/airflow/dags/lcbo_pipeline_dag.py
[2026-09-19T22:32:25.729+0000] {logging_mixin.py:188} INFO - [2026-09-19T22:32:25.729+0000] {dag.py:3089} INFO - Sync 1 DAGs
[2026-09-19T22:32:25.739+0000] {logging_mixin.py:188} INFO - [2026-09-19T22:32:25.739+0000] {dag.py:3947} INFO - Setting next_dagrun for lcbo_pipeline to None, run_after=None
[2026-09-19T22:32:25.756+0000] {processor.py:183} INFO - Processing /opt/airflow/dags/lcbo_pipeline_dag.py took 0.073 seconds
[2026-09-19T22:32:55.922+0000] {processor.py:161} INFO - Started process (PID=5053) to work on /opt/airflow/dags/lcbo_pipeline_dag.py
[2026-09-19T22:32:55.923+0000] {processor.py:830} INFO - Processing file /opt/airflow/dags/lcbo_pipeline_dag.py for tasks to queue
[2026-09-19T22:32:55.925+0000] {logging_mixin.py:188} INFO - [2026-09-19T22:32:55.925+0000] {dagbag.py:545} INFO - Filling up the DagBag from /opt/airflow/dags/lcbo_pipeline_dag.py
[2026-09-19T22:32:55.942+0000] {processor.py:840} INFO - DAG(s) 'lcbo_pipeline' retrieved from /opt/airflow/dags/lcbo_pipeline_dag.py
[2026-09-19T22:32:55.966+0000] {logging_mixin.py:188} INFO - [2026-09-19T22:32:55.966+0000] {dag.py:3089} INFO - Sync 1 DAGs
[2026-09-19T22:32:55.975+0000] {logging_mixin.py:188} INFO - [2026-09-19T22:32:55.975+0000] {dag.py:3947} INFO - Setting next_dagrun for lcbo_pipeline to None, run_after=None
[2026-09-19T22:32:55.989+0000] {processor.py:183} INFO - Processing /opt/airflow/dags/lcbo_pipeline_dag.py took 0.071 seconds
[2026-09-19T22:33:26.131+0000] {processor.py:161} INFO - Started process (PID=5064) to work on /opt/airflow/dags/lcbo_pipeline_dag.py
[2026-09-19T22:33:26.132+0000] {processor.py:830} INFO - Processing file /opt/airflow/dags/lcbo_pipeline_dag.py for tasks to queue
[2026-09-19T22:33:26.134+0000] {logging_mixin.py:188} INFO - [2026-09-19T22:33:26.134+0000] {dagbag.py:545} INFO - Filling up the DagBag from /opt/airflow/dags/lcbo_pipeline_dag.py
[2026-09-19T22:33:26.153+0000] {processor.py:840} INFO - DAG(s) 'lcbo_pipeline' retrieved from /opt/airflow/dags/lcbo_pipeline_dag.py
[2026-09-19T22:33:26.178+0000] {logging_mixin.py:188} INFO - [2026-09-19T22:33:26.177+0000] {dag.py:3089} INFO - Sync 1 DAGs
[2026-09-19T22:33:26.188+0000] {logging_mixin.py:188} INFO - [2026-09-19T22:33:26.188+0000] {dag.py:3947} INFO - Setting next_dagrun for lcbo_pipeline to None, run_after=None
[2026-09-19T22:33:26.206+0000] {processor.py:183} INFO - Processing /opt/airflow/dags/lcbo_pipeline_dag.py took 0.080 seconds
[2026-09-19T22:33:56.359+0000] {processor.py:161} INFO - Started process (PID=5081) to work on /opt/airflow/dags/lcbo_pipeline_dag.py
[2026-09-19T22:33:56.360+0000] {processor.py:830} INFO - Processing file /opt/airflow/dags/lcbo_pipeline_dag.py for tasks to queue
[2026-09-19T22:33:56.362+0000] {logging_mixin.py:188} INFO - [2026-09-19T22:33:56.362+0000] {dagbag.py:545} INFO - Filling up the DagBag from /opt/airflow/dags/lcbo_pipeline_dag.py
[2026-09-19T22:33:56.380+0000] {processor.py:840} INFO - DAG(s) 'lcbo_pipeline' retrieved from /opt/airflow/dags/lcbo_pipeline_dag.py
[2026-09-19T22:33:56.404+0000] {logging_mixin.py:188} INFO - [2026-09-19T22:33:56.404+0000] {dag.py:3089} INFO - Sync 1 DAGs
[2026-09-19T22:33:56.414+0000] {logging_mixin.py:188} INFO - [2026-09-19T22:33:56.414+0000] {dag.py:3947} INFO - Setting next_dagrun for lcbo_pipeline to None, run_after=None
[2026-09-19T22:33:56.429+0000] {processor.py:183} INFO - Processing /opt/airflow/dags/lcbo_pipeline_dag.py took 0.075 seconds
[2026-09-19T22:34:26.570+0000] {processor.py:161} INFO - Started process (PID=5092) to work on /opt/airflow/dags/lcbo_pipeline_dag.py
[2026-09-19T22:34:26.571+0000] {processor.py:830} INFO - Processing file /opt/airflow/dags/lcbo_pipeline_dag.py for tasks to queue
[2026-09-19T22:34:26.572+0000] {logging_mixin.py:188} INFO - [2026-09-19T22:34:26.572+0000] {dagbag.py:545} INFO - Filling up the DagBag from /opt/airflow/dags/lcbo_pipeline_dag.py
[2026-09-19T22:34:26.589+0000] {processor.py:840} INFO - DAG(s) 'lcbo_pipeline' retrieved from /opt/airflow/dags/lcbo_pipeline_dag.py
[2026-09-19T22:34:26.612+0000] {logging_mixin.py:188} INFO - [2026-09-19T22:34:26.612+0000] {dag.py:3089} INFO - Sync 1 DAGs
[2026-09-19T22:34:26.624+0000] {logging_mixin.py:188} INFO - [2026-09-19T22:34:26.623+0000] {dag.py:3947} INFO - Setting next_dagrun for lcbo_pipeline to None, run_after=None
[2026-09-19T22:34:26.639+0000] {processor.py:183} INFO - Processing /opt/airflow/dags/lcbo_pipeline_dag.py took 0.074 seconds
[2026-09-19T22:34:56.808+0000] {processor.py:161} INFO - Started process (PID=5103) to work on /opt/airflow/dags/lcbo_pipeline_dag.py
[2026-09-19T22:34:56.809+0000] {processor.py:830} INFO - Processing file /opt/airflow/dags/lcbo_pipeline_dag.py for tasks to queue
[2026-09-19T22:34:56.810+0000] {logging_mixin.py:188} INFO - [2026-09-19T22:34:56.810+0000] {dagbag.py:545} INFO - Filling up the DagBag from /opt/airflow/dags/lcbo_pipeline_dag.py
[2026-09-19T22:34:56.828+0000] {processor.py:840} INFO - DAG(s) 'lcbo_pipeline' retrieved from /opt/airflow/dags/lcbo_pipeline_dag.py
[2026-09-19T22:34:56.853+0000] {logging_mixin.py:188} INFO - [2026-09-19T22:34:56.852+0000] {dag.py:3089} INFO - Sync 1 DAGs
[2026-09-19T22:34:56.864+0000] {logging_mixin.py:188} INFO - [2026-09-19T22:34:56.864+0000] {dag.py:3947} INFO - Setting next_dagrun for lcbo_pipeline to None, run_after=None
[2026-09-19T22:34:56.881+0000] {processor.py:183} INFO - Processing /opt/airflow/dags/lcbo_pipeline_dag.py took 0.077 seconds
[2026-09-19T22:35:27.022+0000] {processor.py:161} INFO - Started process (PID=5114) to work on /opt/airflow/dags/lcbo_pipeline_dag.py
[2026-09-19T22:35:27.023+0000] {processor.py:830} INFO - Processing file /opt/airflow/dags/lcbo_pipeline_dag.py for tasks to queue
[2026-09-19T22:35:27.025+0000] {logging_mixin.py:188} INFO - [2026-09-19T22:35:27.024+0000] {dagbag.py:545} INFO - Filling up the DagBag from /opt/airflow/dags/lcbo_pipeline_dag.py
[2026-09-19T22:35:27.045+0000] {processor.py:840} INFO - DAG(s) 'lcbo_pipeline' retrieved from /opt/airflow/dags/lcbo_pipeline_dag.py
[2026-09-19T22:35:27.069+0000] {logging_mixin.py:188} INFO - [2026-09-19T22:35:27.069+0000] {dag.py:3089} INFO - Sync 1 DAGs
[2026-09-19T22:35:27.080+0000] {logging_mixin.py:188} INFO - [2026-09-19T22:35:27.080+0000] {dag.py:3947} INFO - Setting next_dagrun for lcbo_pipeline to None, run_after=None
[2026-09-19T22:35:27.097+0000] {processor.py:183} INFO - Processing /opt/airflow/dags/lcbo_pipeline_dag.py took 0.080 seconds
[2026-09-19T22:35:57.282+0000] {processor.py:161} INFO - Started process (PID=5125) to work on /opt/airflow/dags/lcbo_pipeline_dag.py
[2026-09-19T22:35:57.284+0000] {processor.py:830} INFO - Processing file /opt/airflow/dags/lcbo_pipeline_dag.py for tasks to queue
[2026-09-19T22:35:57.286+0000] {logging_mixin.py:188} INFO - [2026-09-19T22:35:57.286+0000] {dagbag.py:545} INFO - Filling up the DagBag from /opt/airflow/dags/lcbo_pipeline_dag.py
[2026-09-19T22:35:57.304+0000] {processor.py:840} INFO - DAG(s) 'lcbo_pipeline' retrieved from /opt/airflow/dags/lcbo_pipeline_dag.py
[2026-09-19T22:35:57.328+0000] {logging_mixin.py:188} INFO - [2026-09-19T22:35:57.328+0000] {dag.py:3089} INFO - Sync 1 DAGs
[2026-09-19T22:35:57.338+0000] {logging_mixin.py:188} INFO - [2026-09-19T22:35:57.338+0000] {dag.py:3947} INFO - Setting next_dagrun for lcbo_pipeline to None, run_after=None
[2026-09-19T22:35:57.353+0000] {processor.py:183} INFO - Processing /opt/airflow/dags/lcbo_pipeline_dag.py took 0.075 seconds
[2026-09-19T22:36:27.478+0000] {processor.py:161} INFO - Started process (PID=5136) to work on /opt/airflow/dags/lcbo_pipeline_dag.py
[2026-09-19T22:36:27.480+0000] {processor.py:830} INFO - Processing file /opt/airflow/dags/lcbo_pipeline_dag.py for tasks to queue
[2026-09-19T22:36:27.482+0000] {logging_mixin.py:188} INFO - [2026-09-19T22:36:27.481+0000] {dagbag.py:545} INFO - Filling up the DagBag from /opt/airflow/dags/lcbo_pipeline_dag.py
[2026-09-19T22:36:27.500+0000] {processor.py:840} INFO - DAG(s) 'lcbo_pipeline' retrieved from /opt/airflow/dags/lcbo_pipeline_dag.py
[2026-09-19T22:36:27.526+0000] {logging_mixin.py:188} INFO - [2026-09-19T22:36:27.526+0000] {dag.py:3089} INFO - Sync 1 DAGs
[2026-09-19T22:36:27.537+0000] {logging_mixin.py:188} INFO - [2026-09-19T22:36:27.537+0000] {dag.py:3947} INFO - Setting next_dagrun for lcbo_pipeline to None, run_after=None
[2026-09-19T22:36:27.557+0000] {processor.py:183} INFO - Processing /opt/airflow/dags/lcbo_pipeline_dag.py took 0.083 seconds
[2026-09-19T22:36:57.721+0000] {processor.py:161} INFO - Started process (PID=5147) to work on /opt/airflow/dags/lcbo_pipeline_dag.py
[2026-09-19T22:36:57.723+0000] {processor.py:830} INFO - Processing file /opt/airflow/dags/lcbo_pipeline_dag.py for tasks to queue
[2026-09-19T22:36:57.724+0000] {logging_mixin.py:188} INFO - [2026-09-19T22:36:57.724+0000] {dagbag.py:545} INFO - Filling up the DagBag from /opt/airflow/dags/lcbo_pipeline_dag.py
[2026-09-19T22:36:57.741+0000] {processor.py:840} INFO - DAG(s) 'lcbo_pipeline' retrieved from /opt/airflow/dags/lcbo_pipeline_dag.py
[2026-09-19T22:36:57.764+0000] {logging_mixin.py:188} INFO - [2026-09-19T22:36:57.764+0000] {dag.py:3089} INFO - Sync 1 DAGs
[2026-09-19T22:36:57.773+0000] {logging_mixin.py:188} INFO - [2026-09-19T22:36:57.773+0000] {dag.py:3947} INFO - Setting next_dagrun for lcbo_pipeline to None, run_after=None
[2026-09-19T22:36:57.789+0000] {processor.py:183} INFO - Processing /opt/airflow/dags/lcbo_pipeline_dag.py took 0.072 seconds
[2026-09-19T22:37:27.926+0000] {processor.py:161} INFO - Started process (PID=5158) to work on /opt/airflow/dags/lcbo_pipeline_dag.py
[2026-09-19T22:37:27.927+0000] {processor.py:830} INFO - Processing file /opt/airflow/dags/lcbo_pipeline_dag.py for tasks to queue
[2026-09-19T22:37:27.929+0000] {logging_mixin.py:188} INFO - [2026-09-19T22:37:27.929+0000] {dagbag.py:545} INFO - Filling up the DagBag from /opt/airflow/dags/lcbo_pipeline_dag.py
[2026-09-19T22:37:27.945+0000] {processor.py:840} INFO - DAG(s) 'lcbo_pipeline' retrieved from /opt/airflow/dags/lcbo_pipeline_dag.py
[2026-09-19T22:37:27.969+0000] {logging_mixin.py:188} INFO - [2026-09-19T22:37:27.969+0000] {dag.py:3089} INFO - Sync 1 DAGs
[2026-09-19T22:37:27.979+0000] {logging_mixin.py:188} INFO - [2026-09-19T22:37:27.979+0000] {dag.py:3947} INFO - Setting next_dagrun for lcbo_pipeline to None, run_after=None
[2026-09-19T22:37:27.995+0000] {processor.py:183} INFO - Processing /opt/airflow/dags/lcbo_pipeline_dag.py took 0.073 seconds
[2026-09-19T22:37:58.161+0000] {processor.py:161} INFO - Started process (PID=5169) to work on /opt/airflow/dags/lcbo_pipeline_dag.py
[2026-09-19T22:37:58.162+0000] {processor.py:830} INFO - Processing file /opt/airflow/dags/lcbo_pipeline_dag.py for tasks to queue
[2026-09-19T22:37:58.164+0000] {logging_mixin.py:188} INFO - [2026-09-19T22:37:58.164+0000] {dagbag.py:545} INFO - Filling up the DagBag from /opt/airflow/dags/lcbo_pipeline_dag.py
[2026-09-19T22:37:58.180+0000] {processor.py:840} INFO - DAG(s) 'lcbo_pipeline' retrieved from /opt/airflow/dags/lcbo_pipeline_dag.py
[2026-09-19T22:37:58.205+0000] {logging_mixin.py:188} INFO - [2026-09-19T22:37:58.205+0000] {dag.py:3089} INFO - Sync 1 DAGs
[2026-09-19T22:37:58.215+0000] {logging_mixin.py:188} INFO - [2026-09-19T22:37:58.215+0000] {dag.py:3947} INFO - Setting next_dagrun for lcbo_pipeline to None, run_after=None
[2026-09-19T22:37:58.234+0000] {processor.py:183} INFO - Processing /opt/airflow/dags/lcbo_pipeline_dag.py took 0.076 seconds
[2026-09-19T22:38:28.359+0000] {processor.py:161} INFO - Started process (PID=5181) to work on /opt/airflow/dags/lcbo_pipeline_dag.py
[2026-09-19T22:38:28.360+0000] {processor.py:830} INFO - Processing file /opt/airflow/dags/lcbo_pipeline_dag.py for tasks to queue
[2026-09-19T22:38:28.361+0000] {logging_mixin.py:188} INFO - [2026-09-19T22:38:28.361+0000] {dagbag.py:545} INFO - Filling up the DagBag from /opt/airflow/dags/lcbo_pipeline_dag.py
[2026-09-19T22:38:28.379+0000] {processor.py:840} INFO - DAG(s) 'lcbo_pipeline' retrieved from /opt/airflow/dags/lcbo_pipeline_dag.py
[2026-09-19T22:38:28.403+0000] {logging_mixin.py:188} INFO - [2026-09-19T22:38:28.403+0000] {dag.py:3089} INFO - Sync 1 DAGs
[2026-09-19T22:38:28.414+0000] {logging_mixin.py:188} INFO - [2026-09-19T22:38:28.414+0000] {dag.py:3947} INFO - Setting next_dagrun for lcbo_pipeline to None, run_after=None
[2026-09-19T22:38:28.432+0000] {processor.py:183} INFO - Processing /opt/airflow/dags/lcbo_pipeline_dag.py took 0.077 seconds
[2026-09-19T22:38:58.604+0000] {processor.py:161} INFO - Started process (PID=5192) to work on /opt/airflow/dags/lcbo_pipeline_dag.py
[2026-09-19T22:38:58.605+0000] {processor.py:830} INFO - Processing file /opt/airflow/dags/lcbo_pipeline_dag.py for tasks to queue
[2026-09-19T22:38:58.607+0000] {logging_mixin.py:188} INFO - [2026-09-19T22:38:58.607+0000] {dagbag.py:545} INFO - Filling up the DagBag from /opt/airflow/dags/lcbo_pipeline_dag.py
[2026-09-19T22:38:58.624+0000] {processor.py:840} INFO - DAG(s) 'lcbo_pipeline' retrieved from /opt/airflow/dags/lcbo_pipeline_dag.py
[2026-09-19T22:38:58.647+0000] {logging_mixin.py:188} INFO - [2026-09-19T22:38:58.647+0000] {dag.py:3089} INFO - Sync 1 DAGs
[2026-09-19T22:38:58.656+0000] {logging_mixin.py:188} INFO - [2026-09-19T22:38:58.656+0000] {dag.py:3947} INFO - Setting next_dagrun for lcbo_pipeline to None, run_after=None
[2026-09-19T22:38:58.671+0000] {processor.py:183} INFO - Processing /opt/airflow/dags/lcbo_pipeline_dag.py took 0.071 seconds
[2026-09-19T22:39:28.796+0000] {processor.py:161} INFO - Started process (PID=5203) to work on /opt/airflow/dags/lcbo_pipeline_dag.py
[2026-09-19T22:39:28.798+0000] {processor.py:830} INFO - Processing file /opt/airflow/dags/lcbo_pipeline_dag.py for tasks to queue
[2026-09-19T22:39:28.800+0000] {logging_mixin.py:188} INFO - [2026-09-19T22:39:28.799+0000] {dagbag.py:545} INFO - Filling up the DagBag from /opt/airflow/dags/lcbo_pipeline_dag.py
[2026-09-19T22:39:28.816+0000] {processor.py:840} INFO - DAG(s) 'lcbo_pipeline' retrieved from /opt/airflow/dags/lcbo_pipeline_dag.py
[2026-09-19T22:39:28.843+0000] {logging_mixin.py:188} INFO - [2026-09-19T22:39:28.842+0000] {dag.py:3089} INFO - Sync 1 DAGs
[2026-09-19T22:39:28.853+0000] {logging_mixin.py:188} INFO - [2026-09-19T22:39:28.853+0000] {dag.py:3947} INFO - Setting next_dagrun for lcbo_pipeline to None, run_after=None
[2026-09-19T22:39:28.870+0000] {processor.py:183} INFO - Processing /opt/airflow/dags/lcbo_pipeline_dag.py took 0.078 seconds
[2026-09-19T22:39:59.047+0000] {processor.py:161} INFO - Started process (PID=5214) to work on /opt/airflow/dags/lcbo_pipeline_dag.py
[2026-09-19T22:39:59.048+0000] {processor.py:830} INFO - Processing file /opt/airflow/dags/lcbo_pipeline_dag.py for tasks to queue
[2026-09-19T22:39:59.050+0000] {logging_mixin.py:188} INFO - [2026-09-19T22:39:59.050+0000] {dagbag.py:545} INFO - Filling up the DagBag from /opt/airflow/dags/lcbo_pipeline_dag.py
[2026-09-19T22:39:59.067+0000] {processor.py:840} INFO - DAG(s) 'lcbo_pipeline' retrieved from /opt/airflow/dags/lcbo_pipeline_dag.py
[2026-09-19T22:39:59.091+0000] {logging_mixin.py:188} INFO - [2026-09-19T22:39:59.091+0000] {dag.py:3089} INFO - Sync 1 DAGs
[2026-09-19T22:39:59.102+0000] {logging_mixin.py:188} INFO - [2026-09-19T22:39:59.101+0000] {dag.py:3947} INFO - Setting next_dagrun for lcbo_pipeline to None, run_after=None
[2026-09-19T22:39:59.118+0000] {processor.py:183} INFO - Processing /opt/airflow/dags/lcbo_pipeline_dag.py took 0.074 seconds
[2026-09-19T22:40:29.249+0000] {processor.py:161} INFO - Started process (PID=5225) to work on /opt/airflow/dags/lcbo_pipeline_dag.py
[2026-09-19T22:40:29.250+0000] {processor.py:830} INFO - Processing file /opt/airflow/dags/lcbo_pipeline_dag.py for tasks to queue
[2026-09-19T22:40:29.252+0000] {logging_mixin.py:188} INFO - [2026-09-19T22:40:29.252+0000] {dagbag.py:545} INFO - Filling up the DagBag from /opt/airflow/dags/lcbo_pipeline_dag.py
[2026-09-19T22:40:29.270+0000] {processor.py:840} INFO - DAG(s) 'lcbo_pipeline' retrieved from /opt/airflow/dags/lcbo_pipeline_dag.py
[2026-09-19T22:40:29.297+0000] {logging_mixin.py:188} INFO - [2026-09-19T22:40:29.296+0000] {dag.py:3089} INFO - Sync 1 DAGs
[2026-09-19T22:40:29.307+0000] {logging_mixin.py:188} INFO - [2026-09-19T22:40:29.307+0000] {dag.py:3947} INFO - Setting next_dagrun for lcbo_pipeline to None, run_after=None
[2026-09-19T22:40:29.322+0000] {processor.py:183} INFO - Processing /opt/airflow/dags/lcbo_pipeline_dag.py took 0.078 seconds
[2026-09-19T22:40:59.522+0000] {processor.py:161} INFO - Started process (PID=5236) to work on /opt/airflow/dags/lcbo_pipeline_dag.py
[2026-09-19T22:40:59.523+0000] {processor.py:830} INFO - Processing file /opt/airflow/dags/lcbo_pipeline_dag.py for tasks to queue
[2026-09-19T22:40:59.525+0000] {logging_mixin.py:188} INFO - [2026-09-19T22:40:59.525+0000] {dagbag.py:545} INFO - Filling up the DagBag from /opt/airflow/dags/lcbo_pipeline_dag.py
[2026-09-19T22:40:59.542+0000] {processor.py:840} INFO - DAG(s) 'lcbo_pipeline' retrieved from /opt/airflow/dags/lcbo_pipeline_dag.py
[2026-09-19T22:40:59.564+0000] {logging_mixin.py:188} INFO - [2026-09-19T22:40:59.564+0000] {dag.py:3089} INFO - Sync 1 DAGs
[2026-09-19T22:40:59.576+0000] {logging_mixin.py:188} INFO - [2026-09-19T22:40:59.576+0000] {dag.py:3947} INFO - Setting next_dagrun for lcbo_pipeline to None, run_after=None
[2026-09-19T22:40:59.593+0000] {processor.py:183} INFO - Processing /opt/airflow/dags/lcbo_pipeline_dag.py took 0.074 seconds
[2026-09-19T22:41:29.719+0000] {processor.py:161} INFO - Started process (PID=5247) to work on /opt/airflow/dags/lcbo_pipeline_dag.py
[2026-09-19T22:41:29.720+0000] {processor.py:830} INFO - Processing file /opt/airflow/dags/lcbo_pipeline_dag.py for tasks to queue
[2026-09-19T22:41:29.721+0000] {logging_mixin.py:188} INFO - [2026-09-19T22:41:29.721+0000] {dagbag.py:545} INFO - Filling up the DagBag from /opt/airflow/dags/lcbo_pipeline_dag.py
[2026-09-19T22:41:29.739+0000] {processor.py:840} INFO - DAG(s) 'lcbo_pipeline' retrieved from /opt/airflow/dags/lcbo_pipeline_dag.py
[2026-09-19T22:41:29.764+0000] {logging_mixin.py:188} INFO - [2026-09-19T22:41:29.764+0000] {dag.py:3089} INFO - Sync 1 DAGs
[2026-09-19T22:41:29.775+0000] {logging_mixin.py:188} INFO - [2026-09-19T22:41:29.774+0000] {dag.py:3947} INFO - Setting next_dagrun for lcbo_pipeline to None, run_after=None
[2026-09-19T22:41:29.791+0000] {processor.py:183} INFO - Processing /opt/airflow/dags/lcbo_pipeline_dag.py took 0.077 seconds
[2026-09-19T22:41:59.961+0000] {processor.py:161} INFO - Started process (PID=5258) to work on /opt/airflow/dags/lcbo_pipeline_dag.py
[2026-09-19T22:41:59.962+0000] {processor.py:830} INFO - Processing file /opt/airflow/dags/lcbo_pipeline_dag.py for tasks to queue
[2026-09-19T22:41:59.964+0000] {logging_mixin.py:188} INFO - [2026-09-19T22:41:59.964+0000] {dagbag.py:545} INFO - Filling up the DagBag from /opt/airflow/dags/lcbo_pipeline_dag.py
[2026-09-19T22:41:59.983+0000] {processor.py:840} INFO - DAG(s) 'lcbo_pipeline' retrieved from /opt/airflow/dags/lcbo_pipeline_dag.py
[2026-09-19T22:42:00.010+0000] {logging_mixin.py:188} INFO - [2026-09-19T22:42:00.010+0000] {dag.py:3089} INFO - Sync 1 DAGs
[2026-09-19T22:42:00.022+0000] {logging_mixin.py:188} INFO - [2026-09-19T22:42:00.021+0000] {dag.py:3947} INFO - Setting next_dagrun for lcbo_pipeline to None, run_after=None
[2026-09-19T22:42:00.040+0000] {processor.py:183} INFO - Processing /opt/airflow/dags/lcbo_pipeline_dag.py took 0.085 seconds
[2026-09-19T22:42:30.163+0000] {processor.py:161} INFO - Started process (PID=5269) to work on /opt/airflow/dags/lcbo_pipeline_dag.py
[2026-09-19T22:42:30.164+0000] {processor.py:830} INFO - Processing file /opt/airflow/dags/lcbo_pipeline_dag.py for tasks to queue
[2026-09-19T22:42:30.166+0000] {logging_mixin.py:188} INFO - [2026-09-19T22:42:30.166+0000] {dagbag.py:545} INFO - Filling up the DagBag from /opt/airflow/dags/lcbo_pipeline_dag.py
[2026-09-19T22:42:30.184+0000] {processor.py:840} INFO - DAG(s) 'lcbo_pipeline' retrieved from /opt/airflow/dags/lcbo_pipeline_dag.py
[2026-09-19T22:42:30.209+0000] {logging_mixin.py:188} INFO - [2026-09-19T22:42:30.209+0000] {dag.py:3089} INFO - Sync 1 DAGs
[2026-09-19T22:42:30.218+0000] {logging_mixin.py:188} INFO - [2026-09-19T22:42:30.218+0000] {dag.py:3947} INFO - Setting next_dagrun for lcbo_pipeline to None, run_after=None
[2026-09-19T22:42:30.233+0000] {processor.py:183} INFO - Processing /opt/airflow/dags/lcbo_pipeline_dag.py took 0.076 seconds
[2026-09-19T22:43:00.415+0000] {processor.py:161} INFO - Started process (PID=5280) to work on /opt/airflow/dags/lcbo_pipeline_dag.py
[2026-09-19T22:43:00.417+0000] {processor.py:830} INFO - Processing file /opt/airflow/dags/lcbo_pipeline_dag.py for tasks to queue
[2026-09-19T22:43:00.419+0000] {logging_mixin.py:188} INFO - [2026-09-19T22:43:00.418+0000] {dagbag.py:545} INFO - Filling up the DagBag from /opt/airflow/dags/lcbo_pipeline_dag.py
[2026-09-19T22:43:00.438+0000] {processor.py:840} INFO - DAG(s) 'lcbo_pipeline' retrieved from /opt/airflow/dags/lcbo_pipeline_dag.py
[2026-09-19T22:43:00.463+0000] {logging_mixin.py:188} INFO - [2026-09-19T22:43:00.463+0000] {dag.py:3089} INFO - Sync 1 DAGs
[2026-09-19T22:43:00.474+0000] {logging_mixin.py:188} INFO - [2026-09-19T22:43:00.474+0000] {dag.py:3947} INFO - Setting next_dagrun for lcbo_pipeline to None, run_after=None
[2026-09-19T22:43:00.492+0000] {processor.py:183} INFO - Processing /opt/airflow/dags/lcbo_pipeline_dag.py took 0.081 seconds
[2026-09-19T22:43:30.619+0000] {processor.py:161} INFO - Started process (PID=5291) to work on /opt/airflow/dags/lcbo_pipeline_dag.py
[2026-09-19T22:43:30.620+0000] {processor.py:830} INFO - Processing file /opt/airflow/dags/lcbo_pipeline_dag.py for tasks to queue
[2026-09-19T22:43:30.622+0000] {logging_mixin.py:188} INFO - [2026-09-19T22:43:30.621+0000] {dagbag.py:545} INFO - Filling up the DagBag from /opt/airflow/dags/lcbo_pipeline_dag.py
[2026-09-19T22:43:30.639+0000] {processor.py:840} INFO - DAG(s) 'lcbo_pipeline' retrieved from /opt/airflow/dags/lcbo_pipeline_dag.py
[2026-09-19T22:43:30.667+0000] {logging_mixin.py:188} INFO - [2026-09-19T22:43:30.666+0000] {dag.py:3089} INFO - Sync 1 DAGs
[2026-09-19T22:43:30.678+0000] {logging_mixin.py:188} INFO - [2026-09-19T22:43:30.677+0000] {dag.py:3947} INFO - Setting next_dagrun for lcbo_pipeline to None, run_after=None
[2026-09-19T22:43:30.694+0000] {processor.py:183} INFO - Processing /opt/airflow/dags/lcbo_pipeline_dag.py took 0.080 seconds
[2026-09-19T22:44:00.865+0000] {processor.py:161} INFO - Started process (PID=5302) to work on /opt/airflow/dags/lcbo_pipeline_dag.py
[2026-09-19T22:44:00.866+0000] {processor.py:830} INFO - Processing file /opt/airflow/dags/lcbo_pipeline_dag.py for tasks to queue
[2026-09-19T22:44:00.868+0000] {logging_mixin.py:188} INFO - [2026-09-19T22:44:00.868+0000] {dagbag.py:545} INFO - Filling up the DagBag from /opt/airflow/dags/lcbo_pipeline_dag.py
[2026-09-19T22:44:00.887+0000] {processor.py:840} INFO - DAG(s) 'lcbo_pipeline' retrieved from /opt/airflow/dags/lcbo_pipeline_dag.py
[2026-09-19T22:44:00.913+0000] {logging_mixin.py:188} INFO - [2026-09-19T22:44:00.913+0000] {dag.py:3089} INFO - Sync 1 DAGs
[2026-09-19T22:44:00.926+0000] {logging_mixin.py:188} INFO - [2026-09-19T22:44:00.925+0000] {dag.py:3947} INFO - Setting next_dagrun for lcbo_pipeline to None, run_after=None
[2026-09-19T22:44:00.944+0000] {processor.py:183} INFO - Processing /opt/airflow/dags/lcbo_pipeline_dag.py took 0.084 seconds
[2026-09-19T22:44:31.061+0000] {processor.py:161} INFO - Started process (PID=5313) to work on /opt/airflow/dags/lcbo_pipeline_dag.py
[2026-09-19T22:44:31.063+0000] {processor.py:830} INFO - Processing file /opt/airflow/dags/lcbo_pipeline_dag.py for tasks to queue
[2026-09-19T22:44:31.065+0000] {logging_mixin.py:188} INFO - [2026-09-19T22:44:31.065+0000] {dagbag.py:545} INFO - Filling up the DagBag from /opt/airflow/dags/lcbo_pipeline_dag.py
[2026-09-19T22:44:31.082+0000] {processor.py:840} INFO - DAG(s) 'lcbo_pipeline' retrieved from /opt/airflow/dags/lcbo_pipeline_dag.py
[2026-09-19T22:44:31.109+0000] {logging_mixin.py:188} INFO - [2026-09-19T22:44:31.109+0000] {dag.py:3089} INFO - Sync 1 DAGs
[2026-09-19T22:44:31.119+0000] {logging_mixin.py:188} INFO - [2026-09-19T22:44:31.119+0000] {dag.py:3947} INFO - Setting next_dagrun for lcbo_pipeline to None, run_after=None
[2026-09-19T22:44:31.137+0000] {processor.py:183} INFO - Processing /opt/airflow/dags/lcbo_pipeline_dag.py took 0.080 seconds
[2026-09-19T22:45:01.297+0000] {processor.py:161} INFO - Started process (PID=5324) to work on /opt/airflow/dags/lcbo_pipeline_dag.py
[2026-09-19T22:45:01.299+0000] {processor.py:830} INFO - Processing file /opt/airflow/dags/lcbo_pipeline_dag.py for tasks to queue
[2026-09-19T22:45:01.300+0000] {logging_mixin.py:188} INFO - [2026-09-19T22:45:01.300+0000] {dagbag.py:545} INFO - Filling up the DagBag from /opt/airflow/dags/lcbo_pipeline_dag.py
[2026-09-19T22:45:01.317+0000] {processor.py:840} INFO - DAG(s) 'lcbo_pipeline' retrieved from /opt/airflow/dags/lcbo_pipeline_dag.py
[2026-09-19T22:45:01.340+0000] {logging_mixin.py:188} INFO - [2026-09-19T22:45:01.340+0000] {dag.py:3089} INFO - Sync 1 DAGs
[2026-09-19T22:45:01.349+0000] {logging_mixin.py:188} INFO - [2026-09-19T22:45:01.349+0000] {dag.py:3947} INFO - Setting next_dagrun for lcbo_pipeline to None, run_after=None
[2026-09-19T22:45:01.365+0000] {processor.py:183} INFO - Processing /opt/airflow/dags/lcbo_pipeline_dag.py took 0.072 seconds
[2026-09-19T22:45:31.488+0000] {processor.py:161} INFO - Started process (PID=5335) to work on /opt/airflow/dags/lcbo_pipeline_dag.py
[2026-09-19T22:45:31.489+0000] {processor.py:830} INFO - Processing file /opt/airflow/dags/lcbo_pipeline_dag.py for tasks to queue
[2026-09-19T22:45:31.491+0000] {logging_mixin.py:188} INFO - [2026-09-19T22:45:31.491+0000] {dagbag.py:545} INFO - Filling up the DagBag from /opt/airflow/dags/lcbo_pipeline_dag.py
[2026-09-19T22:45:31.507+0000] {processor.py:840} INFO - DAG(s) 'lcbo_pipeline' retrieved from /opt/airflow/dags/lcbo_pipeline_dag.py
[2026-09-19T22:45:31.531+0000] {logging_mixin.py:188} INFO - [2026-09-19T22:45:31.531+0000] {dag.py:3089} INFO - Sync 1 DAGs
[2026-09-19T22:45:31.540+0000] {logging_mixin.py:188} INFO - [2026-09-19T22:45:31.540+0000] {dag.py:3947} INFO - Setting next_dagrun for lcbo_pipeline to None, run_after=None
[2026-09-19T22:45:31.554+0000] {processor.py:183} INFO - Processing /opt/airflow/dags/lcbo_pipeline_dag.py took 0.070 seconds
[2026-09-19T22:46:01.769+0000] {processor.py:161} INFO - Started process (PID=5346) to work on /opt/airflow/dags/lcbo_pipeline_dag.py
[2026-09-19T22:46:01.771+0000] {processor.py:830} INFO - Processing file /opt/airflow/dags/lcbo_pipeline_dag.py for tasks to queue
[2026-09-19T22:46:01.772+0000] {logging_mixin.py:188} INFO - [2026-09-19T22:46:01.772+0000] {dagbag.py:545} INFO - Filling up the DagBag from /opt/airflow/dags/lcbo_pipeline_dag.py
[2026-09-19T22:46:01.788+0000] {processor.py:840} INFO - DAG(s) 'lcbo_pipeline' retrieved from /opt/airflow/dags/lcbo_pipeline_dag.py
[2026-09-19T22:46:01.814+0000] {logging_mixin.py:188} INFO - [2026-09-19T22:46:01.813+0000] {dag.py:3089} INFO - Sync 1 DAGs
[2026-09-19T22:46:01.825+0000] {logging_mixin.py:188} INFO - [2026-09-19T22:46:01.824+0000] {dag.py:3947} INFO - Setting next_dagrun for lcbo_pipeline to None, run_after=None
[2026-09-19T22:46:01.840+0000] {processor.py:183} INFO - Processing /opt/airflow/dags/lcbo_pipeline_dag.py took 0.075 seconds
[2026-09-19T22:46:31.972+0000] {processor.py:161} INFO - Started process (PID=5357) to work on /opt/airflow/dags/lcbo_pipeline_dag.py
[2026-09-19T22:46:31.973+0000] {processor.py:830} INFO - Processing file /opt/airflow/dags/lcbo_pipeline_dag.py for tasks to queue
[2026-09-19T22:46:31.975+0000] {logging_mixin.py:188} INFO - [2026-09-19T22:46:31.975+0000] {dagbag.py:545} INFO - Filling up the DagBag from /opt/airflow/dags/lcbo_pipeline_dag.py
[2026-09-19T22:46:31.994+0000] {processor.py:840} INFO - DAG(s) 'lcbo_pipeline' retrieved from /opt/airflow/dags/lcbo_pipeline_dag.py
[2026-09-19T22:46:32.020+0000] {logging_mixin.py:188} INFO - [2026-09-19T22:46:32.019+0000] {dag.py:3089} INFO - Sync 1 DAGs
[2026-09-19T22:46:32.032+0000] {logging_mixin.py:188} INFO - [2026-09-19T22:46:32.031+0000] {dag.py:3947} INFO - Setting next_dagrun for lcbo_pipeline to None, run_after=None
[2026-09-19T22:46:32.052+0000] {processor.py:183} INFO - Processing /opt/airflow/dags/lcbo_pipeline_dag.py took 0.084 seconds
[2026-09-19T22:47:02.207+0000] {processor.py:161} INFO - Started process (PID=5368) to work on /opt/airflow/dags/lcbo_pipeline_dag.py
[2026-09-19T22:47:02.208+0000] {processor.py:830} INFO - Processing file /opt/airflow/dags/lcbo_pipeline_dag.py for tasks to queue
[2026-09-19T22:47:02.210+0000] {logging_mixin.py:188} INFO - [2026-09-19T22:47:02.209+0000] {dagbag.py:545} INFO - Filling up the DagBag from /opt/airflow/dags/lcbo_pipeline_dag.py
[2026-09-19T22:47:02.228+0000] {processor.py:840} INFO - DAG(s) 'lcbo_pipeline' retrieved from /opt/airflow/dags/lcbo_pipeline_dag.py
[2026-09-19T22:47:02.254+0000] {logging_mixin.py:188} INFO - [2026-09-19T22:47:02.254+0000] {dag.py:3089} INFO - Sync 1 DAGs
[2026-09-19T22:47:02.267+0000] {logging_mixin.py:188} INFO - [2026-09-19T22:47:02.267+0000] {dag.py:3947} INFO - Setting next_dagrun for lcbo_pipeline to None, run_after=None
[2026-09-19T22:47:02.284+0000] {processor.py:183} INFO - Processing /opt/airflow/dags/lcbo_pipeline_dag.py took 0.081 seconds
[2026-09-19T22:47:32.422+0000] {processor.py:161} INFO - Started process (PID=5379) to work on /opt/airflow/dags/lcbo_pipeline_dag.py
[2026-09-19T22:47:32.423+0000] {processor.py:830} INFO - Processing file /opt/airflow/dags/lcbo_pipeline_dag.py for tasks to queue
[2026-09-19T22:47:32.425+0000] {logging_mixin.py:188} INFO - [2026-09-19T22:47:32.425+0000] {dagbag.py:545} INFO - Filling up the DagBag from /opt/airflow/dags/lcbo_pipeline_dag.py
[2026-09-19T22:47:32.443+0000] {processor.py:840} INFO - DAG(s) 'lcbo_pipeline' retrieved from /opt/airflow/dags/lcbo_pipeline_dag.py
[2026-09-19T22:47:32.468+0000] {logging_mixin.py:188} INFO - [2026-09-19T22:47:32.468+0000] {dag.py:3089} INFO - Sync 1 DAGs
[2026-09-19T22:47:32.480+0000] {logging_mixin.py:188} INFO - [2026-09-19T22:47:32.480+0000] {dag.py:3947} INFO - Setting next_dagrun for lcbo_pipeline to None, run_after=None
[2026-09-19T22:47:32.498+0000] {processor.py:183} INFO - Processing /opt/airflow/dags/lcbo_pipeline_dag.py took 0.081 seconds
[2026-09-19T22:48:02.657+0000] {processor.py:161} INFO - Started process (PID=5390) to work on /opt/airflow/dags/lcbo_pipeline_dag.py
[2026-09-19T22:48:02.658+0000] {processor.py:830} INFO - Processing file /opt/airflow/dags/lcbo_pipeline_dag.py for tasks to queue
[2026-09-19T22:48:02.660+0000] {logging_mixin.py:188} INFO - [2026-09-19T22:48:02.659+0000] {dagbag.py:545} INFO - Filling up the DagBag from /opt/airflow/dags/lcbo_pipeline_dag.py
[2026-09-19T22:48:02.677+0000] {processor.py:840} INFO - DAG(s) 'lcbo_pipeline' retrieved from /opt/airflow/dags/lcbo_pipeline_dag.py
[2026-09-19T22:48:02.710+0000] {logging_mixin.py:188} INFO - [2026-09-19T22:48:02.710+0000] {dag.py:3089} INFO - Sync 1 DAGs
[2026-09-19T22:48:02.720+0000] {logging_mixin.py:188} INFO - [2026-09-19T22:48:02.720+0000] {dag.py:3947} INFO - Setting next_dagrun for lcbo_pipeline to None, run_after=None
[2026-09-19T22:48:02.738+0000] {processor.py:183} INFO - Processing /opt/airflow/dags/lcbo_pipeline_dag.py took 0.085 seconds
[2026-09-19T22:48:32.875+0000] {processor.py:161} INFO - Started process (PID=5401) to work on /opt/airflow/dags/lcbo_pipeline_dag.py
[2026-09-19T22:48:32.876+0000] {processor.py:830} INFO - Processing file /opt/airflow/dags/lcbo_pipeline_dag.py for tasks to queue
[2026-09-19T22:48:32.877+0000] {logging_mixin.py:188} INFO - [2026-09-19T22:48:32.877+0000] {dagbag.py:545} INFO - Filling up the DagBag from /opt/airflow/dags/lcbo_pipeline_dag.py
[2026-09-19T22:48:32.894+0000] {processor.py:840} INFO - DAG(s) 'lcbo_pipeline' retrieved from /opt/airflow/dags/lcbo_pipeline_dag.py
[2026-09-19T22:48:32.921+0000] {logging_mixin.py:188} INFO - [2026-09-19T22:48:32.921+0000] {dag.py:3089} INFO - Sync 1 DAGs
[2026-09-19T22:48:32.931+0000] {logging_mixin.py:188} INFO - [2026-09-19T22:48:32.931+0000] {dag.py:3947} INFO - Setting next_dagrun for lcbo_pipeline to None, run_after=None
[2026-09-19T22:48:32.946+0000] {processor.py:183} INFO - Processing /opt/airflow/dags/lcbo_pipeline_dag.py took 0.076 seconds
[2026-09-19T22:49:03.117+0000] {processor.py:161} INFO - Started process (PID=5412) to work on /opt/airflow/dags/lcbo_pipeline_dag.py
[2026-09-19T22:49:03.119+0000] {processor.py:830} INFO - Processing file /opt/airflow/dags/lcbo_pipeline_dag.py for tasks to queue
[2026-09-19T22:49:03.120+0000] {logging_mixin.py:188} INFO - [2026-09-19T22:49:03.120+0000] {dagbag.py:545} INFO - Filling up the DagBag from /opt/airflow/dags/lcbo_pipeline_dag.py
[2026-09-19T22:49:03.138+0000] {processor.py:840} INFO - DAG(s) 'lcbo_pipeline' retrieved from /opt/airflow/dags/lcbo_pipeline_dag.py
[2026-09-19T22:49:03.161+0000] {logging_mixin.py:188} INFO - [2026-09-19T22:49:03.161+0000] {dag.py:3089} INFO - Sync 1 DAGs
[2026-09-19T22:49:03.170+0000] {logging_mixin.py:188} INFO - [2026-09-19T22:49:03.170+0000] {dag.py:3947} INFO - Setting next_dagrun for lcbo_pipeline to None, run_after=None
[2026-09-19T22:49:03.187+0000] {processor.py:183} INFO - Processing /opt/airflow/dags/lcbo_pipeline_dag.py took 0.074 seconds
[2026-09-19T22:49:33.319+0000] {processor.py:161} INFO - Started process (PID=5423) to work on /opt/airflow/dags/lcbo_pipeline_dag.py
[2026-09-19T22:49:33.320+0000] {processor.py:830} INFO - Processing file /opt/airflow/dags/lcbo_pipeline_dag.py for tasks to queue
[2026-09-19T22:49:33.322+0000] {logging_mixin.py:188} INFO - [2026-09-19T22:49:33.322+0000] {dagbag.py:545} INFO - Filling up the DagBag from /opt/airflow/dags/lcbo_pipeline_dag.py
[2026-09-19T22:49:33.340+0000] {processor.py:840} INFO - DAG(s) 'lcbo_pipeline' retrieved from /opt/airflow/dags/lcbo_pipeline_dag.py
[2026-09-19T22:49:33.367+0000] {logging_mixin.py:188} INFO - [2026-09-19T22:49:33.367+0000] {dag.py:3089} INFO - Sync 1 DAGs
[2026-09-19T22:49:33.380+0000] {logging_mixin.py:188} INFO - [2026-09-19T22:49:33.379+0000] {dag.py:3947} INFO - Setting next_dagrun for lcbo_pipeline to None, run_after=None
[2026-09-19T22:49:33.401+0000] {processor.py:183} INFO - Processing /opt/airflow/dags/lcbo_pipeline_dag.py took 0.087 seconds
[2026-09-19T22:50:03.566+0000] {processor.py:161} INFO - Started process (PID=5434) to work on /opt/airflow/dags/lcbo_pipeline_dag.py
[2026-09-19T22:50:03.567+0000] {processor.py:830} INFO - Processing file /opt/airflow/dags/lcbo_pipeline_dag.py for tasks to queue
[2026-09-19T22:50:03.569+0000] {logging_mixin.py:188} INFO - [2026-09-19T22:50:03.568+0000] {dagbag.py:545} INFO - Filling up the DagBag from /opt/airflow/dags/lcbo_pipeline_dag.py
[2026-09-19T22:50:03.586+0000] {processor.py:840} INFO - DAG(s) 'lcbo_pipeline' retrieved from /opt/airflow/dags/lcbo_pipeline_dag.py
[2026-09-19T22:50:03.609+0000] {logging_mixin.py:188} INFO - [2026-09-19T22:50:03.608+0000] {dag.py:3089} INFO - Sync 1 DAGs
[2026-09-19T22:50:03.620+0000] {logging_mixin.py:188} INFO - [2026-09-19T22:50:03.620+0000] {dag.py:3947} INFO - Setting next_dagrun for lcbo_pipeline to None, run_after=None
[2026-09-19T22:50:03.638+0000] {processor.py:183} INFO - Processing /opt/airflow/dags/lcbo_pipeline_dag.py took 0.076 seconds
[2026-09-19T22:50:33.784+0000] {processor.py:161} INFO - Started process (PID=5445) to work on /opt/airflow/dags/lcbo_pipeline_dag.py
[2026-09-19T22:50:33.785+0000] {processor.py:830} INFO - Processing file /opt/airflow/dags/lcbo_pipeline_dag.py for tasks to queue
[2026-09-19T22:50:33.787+0000] {logging_mixin.py:188} INFO - [2026-09-19T22:50:33.787+0000] {dagbag.py:545} INFO - Filling up the DagBag from /opt/airflow/dags/lcbo_pipeline_dag.py
[2026-09-19T22:50:33.805+0000] {processor.py:840} INFO - DAG(s) 'lcbo_pipeline' retrieved from /opt/airflow/dags/lcbo_pipeline_dag.py
[2026-09-19T22:50:33.831+0000] {logging_mixin.py:188} INFO - [2026-09-19T22:50:33.831+0000] {dag.py:3089} INFO - Sync 1 DAGs
[2026-09-19T22:50:33.845+0000] {logging_mixin.py:188} INFO - [2026-09-19T22:50:33.845+0000] {dag.py:3947} INFO - Setting next_dagrun for lcbo_pipeline to None, run_after=None
[2026-09-19T22:50:33.862+0000] {processor.py:183} INFO - Processing /opt/airflow/dags/lcbo_pipeline_dag.py took 0.083 seconds
[2026-09-19T22:51:04.043+0000] {processor.py:161} INFO - Started process (PID=5456) to work on /opt/airflow/dags/lcbo_pipeline_dag.py
[2026-09-19T22:51:04.045+0000] {processor.py:830} INFO - Processing file /opt/airflow/dags/lcbo_pipeline_dag.py for tasks to queue
[2026-09-19T22:51:04.047+0000] {logging_mixin.py:188} INFO - [2026-09-19T22:51:04.047+0000] {dagbag.py:545} INFO - Filling up the DagBag from /opt/airflow/dags/lcbo_pipeline_dag.py
[2026-09-19T22:51:04.064+0000] {processor.py:840} INFO - DAG(s) 'lcbo_pipeline' retrieved from /opt/airflow/dags/lcbo_pipeline_dag.py
[2026-09-19T22:51:04.088+0000] {logging_mixin.py:188} INFO - [2026-09-19T22:51:04.087+0000] {dag.py:3089} INFO - Sync 1 DAGs
[2026-09-19T22:51:04.099+0000] {logging_mixin.py:188} INFO - [2026-09-19T22:51:04.099+0000] {dag.py:3947} INFO - Setting next_dagrun for lcbo_pipeline to None, run_after=None
[2026-09-19T22:51:04.117+0000] {processor.py:183} INFO - Processing /opt/airflow/dags/lcbo_pipeline_dag.py took 0.078 seconds
[2026-09-19T22:51:34.246+0000] {processor.py:161} INFO - Started process (PID=5467) to work on /opt/airflow/dags/lcbo_pipeline_dag.py
[2026-09-19T22:51:34.247+0000] {processor.py:830} INFO - Processing file /opt/airflow/dags/lcbo_pipeline_dag.py for tasks to queue
[2026-09-19T22:51:34.248+0000] {logging_mixin.py:188} INFO - [2026-09-19T22:51:34.248+0000] {dagbag.py:545} INFO - Filling up the DagBag from /opt/airflow/dags/lcbo_pipeline_dag.py
[2026-09-19T22:51:34.266+0000] {processor.py:840} INFO - DAG(s) 'lcbo_pipeline' retrieved from /opt/airflow/dags/lcbo_pipeline_dag.py
[2026-09-19T22:51:34.290+0000] {logging_mixin.py:188} INFO - [2026-09-19T22:51:34.290+0000] {dag.py:3089} INFO - Sync 1 DAGs
[2026-09-19T22:51:34.301+0000] {logging_mixin.py:188} INFO - [2026-09-19T22:51:34.301+0000] {dag.py:3947} INFO - Setting next_dagrun for lcbo_pipeline to None, run_after=None
[2026-09-19T22:51:34.317+0000] {processor.py:183} INFO - Processing /opt/airflow/dags/lcbo_pipeline_dag.py took 0.075 seconds
[2026-09-19T22:52:04.492+0000] {processor.py:161} INFO - Started process (PID=5478) to work on /opt/airflow/dags/lcbo_pipeline_dag.py
[2026-09-19T22:52:04.494+0000] {processor.py:830} INFO - Processing file /opt/airflow/dags/lcbo_pipeline_dag.py for tasks to queue
[2026-09-19T22:52:04.496+0000] {logging_mixin.py:188} INFO - [2026-09-19T22:52:04.495+0000] {dagbag.py:545} INFO - Filling up the DagBag from /opt/airflow/dags/lcbo_pipeline_dag.py
[2026-09-19T22:52:04.514+0000] {processor.py:840} INFO - DAG(s) 'lcbo_pipeline' retrieved from /opt/airflow/dags/lcbo_pipeline_dag.py
[2026-09-19T22:52:04.538+0000] {logging_mixin.py:188} INFO - [2026-09-19T22:52:04.537+0000] {dag.py:3089} INFO - Sync 1 DAGs
[2026-09-19T22:52:04.548+0000] {logging_mixin.py:188} INFO - [2026-09-19T22:52:04.548+0000] {dag.py:3947} INFO - Setting next_dagrun for lcbo_pipeline to None, run_after=None
[2026-09-19T22:52:04.573+0000] {processor.py:183} INFO - Processing /opt/airflow/dags/lcbo_pipeline_dag.py took 0.085 seconds
[2026-09-19T22:52:34.698+0000] {processor.py:161} INFO - Started process (PID=5489) to work on /opt/airflow/dags/lcbo_pipeline_dag.py
[2026-09-19T22:52:34.699+0000] {processor.py:830} INFO - Processing file /opt/airflow/dags/lcbo_pipeline_dag.py for tasks to queue
[2026-09-19T22:52:34.700+0000] {logging_mixin.py:188} INFO - [2026-09-19T22:52:34.700+0000] {dagbag.py:545} INFO - Filling up the DagBag from /opt/airflow/dags/lcbo_pipeline_dag.py
[2026-09-19T22:52:34.717+0000] {processor.py:840} INFO - DAG(s) 'lcbo_pipeline' retrieved from /opt/airflow/dags/lcbo_pipeline_dag.py
[2026-09-19T22:52:34.741+0000] {logging_mixin.py:188} INFO - [2026-09-19T22:52:34.741+0000] {dag.py:3089} INFO - Sync 1 DAGs
[2026-09-19T22:52:34.750+0000] {logging_mixin.py:188} INFO - [2026-09-19T22:52:34.750+0000] {dag.py:3947} INFO - Setting next_dagrun for lcbo_pipeline to None, run_after=None
[2026-09-19T22:52:34.766+0000] {processor.py:183} INFO - Processing /opt/airflow/dags/lcbo_pipeline_dag.py took 0.072 seconds
[2026-09-19T22:53:04.948+0000] {processor.py:161} INFO - Started process (PID=5500) to work on /opt/airflow/dags/lcbo_pipeline_dag.py
[2026-09-19T22:53:04.949+0000] {processor.py:830} INFO - Processing file /opt/airflow/dags/lcbo_pipeline_dag.py for tasks to queue
[2026-09-19T22:53:04.951+0000] {logging_mixin.py:188} INFO - [2026-09-19T22:53:04.950+0000] {dagbag.py:545} INFO - Filling up the DagBag from /opt/airflow/dags/lcbo_pipeline_dag.py
[2026-09-19T22:53:04.967+0000] {processor.py:840} INFO - DAG(s) 'lcbo_pipeline' retrieved from /opt/airflow/dags/lcbo_pipeline_dag.py
[2026-09-19T22:53:04.992+0000] {logging_mixin.py:188} INFO - [2026-09-19T22:53:04.992+0000] {dag.py:3089} INFO - Sync 1 DAGs
[2026-09-19T22:53:05.002+0000] {logging_mixin.py:188} INFO - [2026-09-19T22:53:05.002+0000] {dag.py:3947} INFO - Setting next_dagrun for lcbo_pipeline to None, run_after=None
[2026-09-19T22:53:05.017+0000] {processor.py:183} INFO - Processing /opt/airflow/dags/lcbo_pipeline_dag.py took 0.073 seconds
[2026-09-19T22:53:35.152+0000] {processor.py:161} INFO - Started process (PID=5511) to work on /opt/airflow/dags/lcbo_pipeline_dag.py
[2026-09-19T22:53:35.153+0000] {processor.py:830} INFO - Processing file /opt/airflow/dags/lcbo_pipeline_dag.py for tasks to queue
[2026-09-19T22:53:35.155+0000] {logging_mixin.py:188} INFO - [2026-09-19T22:53:35.155+0000] {dagbag.py:545} INFO - Filling up the DagBag from /opt/airflow/dags/lcbo_pipeline_dag.py
[2026-09-19T22:53:35.172+0000] {processor.py:840} INFO - DAG(s) 'lcbo_pipeline' retrieved from /opt/airflow/dags/lcbo_pipeline_dag.py
[2026-09-19T22:53:35.196+0000] {logging_mixin.py:188} INFO - [2026-09-19T22:53:35.196+0000] {dag.py:3089} INFO - Sync 1 DAGs
[2026-09-19T22:53:35.207+0000] {logging_mixin.py:188} INFO - [2026-09-19T22:53:35.207+0000] {dag.py:3947} INFO - Setting next_dagrun for lcbo_pipeline to None, run_after=None
[2026-09-19T22:53:35.223+0000] {processor.py:183} INFO - Processing /opt/airflow/dags/lcbo_pipeline_dag.py took 0.075 seconds
[2026-09-19T22:54:05.379+0000] {processor.py:161} INFO - Started process (PID=5522) to work on /opt/airflow/dags/lcbo_pipeline_dag.py
[2026-09-19T22:54:05.380+0000] {processor.py:830} INFO - Processing file /opt/airflow/dags/lcbo_pipeline_dag.py for tasks to queue
[2026-09-19T22:54:05.382+0000] {logging_mixin.py:188} INFO - [2026-09-19T22:54:05.382+0000] {dagbag.py:545} INFO - Filling up the DagBag from /opt/airflow/dags/lcbo_pipeline_dag.py
[2026-09-19T22:54:05.398+0000] {processor.py:840} INFO - DAG(s) 'lcbo_pipeline' retrieved from /opt/airflow/dags/lcbo_pipeline_dag.py
[2026-09-19T22:54:05.421+0000] {logging_mixin.py:188} INFO - [2026-09-19T22:54:05.421+0000] {dag.py:3089} INFO - Sync 1 DAGs
[2026-09-19T22:54:05.431+0000] {logging_mixin.py:188} INFO - [2026-09-19T22:54:05.431+0000] {dag.py:3947} INFO - Setting next_dagrun for lcbo_pipeline to None, run_after=None
[2026-09-19T22:54:05.446+0000] {processor.py:183} INFO - Processing /opt/airflow/dags/lcbo_pipeline_dag.py took 0.071 seconds
[2026-09-19T22:54:35.586+0000] {processor.py:161} INFO - Started process (PID=5533) to work on /opt/airflow/dags/lcbo_pipeline_dag.py
[2026-09-19T22:54:35.588+0000] {processor.py:830} INFO - Processing file /opt/airflow/dags/lcbo_pipeline_dag.py for tasks to queue
[2026-09-19T22:54:35.589+0000] {logging_mixin.py:188} INFO - [2026-09-19T22:54:35.589+0000] {dagbag.py:545} INFO - Filling up the DagBag from /opt/airflow/dags/lcbo_pipeline_dag.py
[2026-09-19T22:54:35.608+0000] {processor.py:840} INFO - DAG(s) 'lcbo_pipeline' retrieved from /opt/airflow/dags/lcbo_pipeline_dag.py
[2026-09-19T22:54:35.634+0000] {logging_mixin.py:188} INFO - [2026-09-19T22:54:35.634+0000] {dag.py:3089} INFO - Sync 1 DAGs
[2026-09-19T22:54:35.644+0000] {logging_mixin.py:188} INFO - [2026-09-19T22:54:35.644+0000] {dag.py:3947} INFO - Setting next_dagrun for lcbo_pipeline to None, run_after=None
[2026-09-19T22:54:35.662+0000] {processor.py:183} INFO - Processing /opt/airflow/dags/lcbo_pipeline_dag.py took 0.080 seconds
[2026-09-19T22:55:05.813+0000] {processor.py:161} INFO - Started process (PID=5544) to work on /opt/airflow/dags/lcbo_pipeline_dag.py
[2026-09-19T22:55:05.815+0000] {processor.py:830} INFO - Processing file /opt/airflow/dags/lcbo_pipeline_dag.py for tasks to queue
[2026-09-19T22:55:05.816+0000] {logging_mixin.py:188} INFO - [2026-09-19T22:55:05.816+0000] {dagbag.py:545} INFO - Filling up the DagBag from /opt/airflow/dags/lcbo_pipeline_dag.py
[2026-09-19T22:55:05.833+0000] {processor.py:840} INFO - DAG(s) 'lcbo_pipeline' retrieved from /opt/airflow/dags/lcbo_pipeline_dag.py
[2026-09-19T22:55:05.856+0000] {logging_mixin.py:188} INFO - [2026-09-19T22:55:05.856+0000] {dag.py:3089} INFO - Sync 1 DAGs
[2026-09-19T22:55:05.867+0000] {logging_mixin.py:188} INFO - [2026-09-19T22:55:05.866+0000] {dag.py:3947} INFO - Setting next_dagrun for lcbo_pipeline to None, run_after=None
[2026-09-19T22:55:05.885+0000] {processor.py:183} INFO - Processing /opt/airflow/dags/lcbo_pipeline_dag.py took 0.076 seconds
[2026-09-19T22:55:36.029+0000] {processor.py:161} INFO - Started process (PID=5555) to work on /opt/airflow/dags/lcbo_pipeline_dag.py
[2026-09-19T22:55:36.030+0000] {processor.py:830} INFO - Processing file /opt/airflow/dags/lcbo_pipeline_dag.py for tasks to queue
[2026-09-19T22:55:36.031+0000] {logging_mixin.py:188} INFO - [2026-09-19T22:55:36.031+0000] {dagbag.py:545} INFO - Filling up the DagBag from /opt/airflow/dags/lcbo_pipeline_dag.py
[2026-09-19T22:55:36.048+0000] {processor.py:840} INFO - DAG(s) 'lcbo_pipeline' retrieved from /opt/airflow/dags/lcbo_pipeline_dag.py
[2026-09-19T22:55:36.070+0000] {logging_mixin.py:188} INFO - [2026-09-19T22:55:36.070+0000] {dag.py:3089} INFO - Sync 1 DAGs
[2026-09-19T22:55:36.082+0000] {logging_mixin.py:188} INFO - [2026-09-19T22:55:36.082+0000] {dag.py:3947} INFO - Setting next_dagrun for lcbo_pipeline to None, run_after=None
[2026-09-19T22:55:36.098+0000] {processor.py:183} INFO - Processing /opt/airflow/dags/lcbo_pipeline_dag.py took 0.073 seconds
[2026-09-19T22:56:06.288+0000] {processor.py:161} INFO - Started process (PID=5566) to work on /opt/airflow/dags/lcbo_pipeline_dag.py
[2026-09-19T22:56:06.289+0000] {processor.py:830} INFO - Processing file /opt/airflow/dags/lcbo_pipeline_dag.py for tasks to queue
[2026-09-19T22:56:06.291+0000] {logging_mixin.py:188} INFO - [2026-09-19T22:56:06.291+0000] {dagbag.py:545} INFO - Filling up the DagBag from /opt/airflow/dags/lcbo_pipeline_dag.py
[2026-09-19T22:56:06.307+0000] {processor.py:840} INFO - DAG(s) 'lcbo_pipeline' retrieved from /opt/airflow/dags/lcbo_pipeline_dag.py
[2026-09-19T22:56:06.333+0000] {logging_mixin.py:188} INFO - [2026-09-19T22:56:06.333+0000] {dag.py:3089} INFO - Sync 1 DAGs
[2026-09-19T22:56:06.345+0000] {logging_mixin.py:188} INFO - [2026-09-19T22:56:06.345+0000] {dag.py:3947} INFO - Setting next_dagrun for lcbo_pipeline to None, run_after=None
[2026-09-19T22:56:06.363+0000] {processor.py:183} INFO - Processing /opt/airflow/dags/lcbo_pipeline_dag.py took 0.079 seconds
[2026-09-19T22:56:36.488+0000] {processor.py:161} INFO - Started process (PID=5577) to work on /opt/airflow/dags/lcbo_pipeline_dag.py
[2026-09-19T22:56:36.489+0000] {processor.py:830} INFO - Processing file /opt/airflow/dags/lcbo_pipeline_dag.py for tasks to queue
[2026-09-19T22:56:36.491+0000] {logging_mixin.py:188} INFO - [2026-09-19T22:56:36.491+0000] {dagbag.py:545} INFO - Filling up the DagBag from /opt/airflow/dags/lcbo_pipeline_dag.py
[2026-09-19T22:56:36.509+0000] {processor.py:840} INFO - DAG(s) 'lcbo_pipeline' retrieved from /opt/airflow/dags/lcbo_pipeline_dag.py
[2026-09-19T22:56:36.533+0000] {logging_mixin.py:188} INFO - [2026-09-19T22:56:36.532+0000] {dag.py:3089} INFO - Sync 1 DAGs
[2026-09-19T22:56:36.541+0000] {logging_mixin.py:188} INFO - [2026-09-19T22:56:36.541+0000] {dag.py:3947} INFO - Setting next_dagrun for lcbo_pipeline to None, run_after=None
[2026-09-19T22:56:36.556+0000] {processor.py:183} INFO - Processing /opt/airflow/dags/lcbo_pipeline_dag.py took 0.073 seconds
[2026-09-19T22:57:06.728+0000] {processor.py:161} INFO - Started process (PID=5588) to work on /opt/airflow/dags/lcbo_pipeline_dag.py
[2026-09-19T22:57:06.729+0000] {processor.py:830} INFO - Processing file /opt/airflow/dags/lcbo_pipeline_dag.py for tasks to queue
[2026-09-19T22:57:06.731+0000] {logging_mixin.py:188} INFO - [2026-09-19T22:57:06.730+0000] {dagbag.py:545} INFO - Filling up the DagBag from /opt/airflow/dags/lcbo_pipeline_dag.py
[2026-09-19T22:57:06.748+0000] {processor.py:840} INFO - DAG(s) 'lcbo_pipeline' retrieved from /opt/airflow/dags/lcbo_pipeline_dag.py
[2026-09-19T22:57:06.771+0000] {logging_mixin.py:188} INFO - [2026-09-19T22:57:06.771+0000] {dag.py:3089} INFO - Sync 1 DAGs
[2026-09-19T22:57:06.782+0000] {logging_mixin.py:188} INFO - [2026-09-19T22:57:06.782+0000] {dag.py:3947} INFO - Setting next_dagrun for lcbo_pipeline to None, run_after=None
[2026-09-19T22:57:06.798+0000] {processor.py:183} INFO - Processing /opt/airflow/dags/lcbo_pipeline_dag.py took 0.074 seconds
[2026-09-19T22:57:36.930+0000] {processor.py:161} INFO - Started process (PID=5599) to work on /opt/airflow/dags/lcbo_pipeline_dag.py
[2026-09-19T22:57:36.931+0000] {processor.py:830} INFO - Processing file /opt/airflow/dags/lcbo_pipeline_dag.py for tasks to queue
[2026-09-19T22:57:36.932+0000] {logging_mixin.py:188} INFO - [2026-09-19T22:57:36.932+0000] {dagbag.py:545} INFO - Filling up the DagBag from /opt/airflow/dags/lcbo_pipeline_dag.py
[2026-09-19T22:57:36.949+0000] {processor.py:840} INFO - DAG(s) 'lcbo_pipeline' retrieved from /opt/airflow/dags/lcbo_pipeline_dag.py
[2026-09-19T22:57:36.973+0000] {logging_mixin.py:188} INFO - [2026-09-19T22:57:36.973+0000] {dag.py:3089} INFO - Sync 1 DAGs
[2026-09-19T22:57:36.983+0000] {logging_mixin.py:188} INFO - [2026-09-19T22:57:36.983+0000] {dag.py:3947} INFO - Setting next_dagrun for lcbo_pipeline to None, run_after=None
[2026-09-19T22:57:36.998+0000] {processor.py:183} INFO - Processing /opt/airflow/dags/lcbo_pipeline_dag.py took 0.073 seconds
[2026-09-19T22:58:07.170+0000] {processor.py:161} INFO - Started process (PID=5610) to work on /opt/airflow/dags/lcbo_pipeline_dag.py
[2026-09-19T22:58:07.172+0000] {processor.py:830} INFO - Processing file /opt/airflow/dags/lcbo_pipeline_dag.py for tasks to queue
[2026-09-19T22:58:07.173+0000] {logging_mixin.py:188} INFO - [2026-09-19T22:58:07.173+0000] {dagbag.py:545} INFO - Filling up the DagBag from /opt/airflow/dags/lcbo_pipeline_dag.py
[2026-09-19T22:58:07.189+0000] {processor.py:840} INFO - DAG(s) 'lcbo_pipeline' retrieved from /opt/airflow/dags/lcbo_pipeline_dag.py
[2026-09-19T22:58:07.215+0000] {logging_mixin.py:188} INFO - [2026-09-19T22:58:07.214+0000] {dag.py:3089} INFO - Sync 1 DAGs
[2026-09-19T22:58:07.225+0000] {logging_mixin.py:188} INFO - [2026-09-19T22:58:07.225+0000] {dag.py:3947} INFO - Setting next_dagrun for lcbo_pipeline to None, run_after=None
[2026-09-19T22:58:07.245+0000] {processor.py:183} INFO - Processing /opt/airflow/dags/lcbo_pipeline_dag.py took 0.078 seconds
[2026-09-19T22:58:37.379+0000] {processor.py:161} INFO - Started process (PID=5621) to work on /opt/airflow/dags/lcbo_pipeline_dag.py
[2026-09-19T22:58:37.380+0000] {processor.py:830} INFO - Processing file /opt/airflow/dags/lcbo_pipeline_dag.py for tasks to queue
[2026-09-19T22:58:37.381+0000] {logging_mixin.py:188} INFO - [2026-09-19T22:58:37.381+0000] {dagbag.py:545} INFO - Filling up the DagBag from /opt/airflow/dags/lcbo_pipeline_dag.py
[2026-09-19T22:58:37.398+0000] {processor.py:840} INFO - DAG(s) 'lcbo_pipeline' retrieved from /opt/airflow/dags/lcbo_pipeline_dag.py
[2026-09-19T22:58:37.420+0000] {logging_mixin.py:188} INFO - [2026-09-19T22:58:37.420+0000] {dag.py:3089} INFO - Sync 1 DAGs
[2026-09-19T22:58:37.431+0000] {logging_mixin.py:188} INFO - [2026-09-19T22:58:37.431+0000] {dag.py:3947} INFO - Setting next_dagrun for lcbo_pipeline to None, run_after=None
[2026-09-19T22:58:37.445+0000] {processor.py:183} INFO - Processing /opt/airflow/dags/lcbo_pipeline_dag.py took 0.071 seconds
[2026-09-19T22:59:07.614+0000] {processor.py:161} INFO - Started process (PID=5632) to work on /opt/airflow/dags/lcbo_pipeline_dag.py
[2026-09-19T22:59:07.615+0000] {processor.py:830} INFO - Processing file /opt/airflow/dags/lcbo_pipeline_dag.py for tasks to queue
[2026-09-19T22:59:07.617+0000] {logging_mixin.py:188} INFO - [2026-09-19T22:59:07.617+0000] {dagbag.py:545} INFO - Filling up the DagBag from /opt/airflow/dags/lcbo_pipeline_dag.py
[2026-09-19T22:59:07.637+0000] {processor.py:840} INFO - DAG(s) 'lcbo_pipeline' retrieved from /opt/airflow/dags/lcbo_pipeline_dag.py
[2026-09-19T22:59:07.664+0000] {logging_mixin.py:188} INFO - [2026-09-19T22:59:07.663+0000] {dag.py:3089} INFO - Sync 1 DAGs
[2026-09-19T22:59:07.676+0000] {logging_mixin.py:188} INFO - [2026-09-19T22:59:07.676+0000] {dag.py:3947} INFO - Setting next_dagrun for lcbo_pipeline to None, run_after=None
[2026-09-19T22:59:07.697+0000] {processor.py:183} INFO - Processing /opt/airflow/dags/lcbo_pipeline_dag.py took 0.087 seconds
[2026-09-19T22:59:37.809+0000] {processor.py:161} INFO - Started process (PID=5643) to work on /opt/airflow/dags/lcbo_pipeline_dag.py
[2026-09-19T22:59:37.811+0000] {processor.py:830} INFO - Processing file /opt/airflow/dags/lcbo_pipeline_dag.py for tasks to queue
[2026-09-19T22:59:37.813+0000] {logging_mixin.py:188} INFO - [2026-09-19T22:59:37.812+0000] {dagbag.py:545} INFO - Filling up the DagBag from /opt/airflow/dags/lcbo_pipeline_dag.py
[2026-09-19T22:59:37.830+0000] {processor.py:840} INFO - DAG(s) 'lcbo_pipeline' retrieved from /opt/airflow/dags/lcbo_pipeline_dag.py
[2026-09-19T22:59:37.856+0000] {logging_mixin.py:188} INFO - [2026-09-19T22:59:37.855+0000] {dag.py:3089} INFO - Sync 1 DAGs
[2026-09-19T22:59:37.866+0000] {logging_mixin.py:188} INFO - [2026-09-19T22:59:37.866+0000] {dag.py:3947} INFO - Setting next_dagrun for lcbo_pipeline to None, run_after=None
[2026-09-19T22:59:37.881+0000] {processor.py:183} INFO - Processing /opt/airflow/dags/lcbo_pipeline_dag.py took 0.077 seconds
[2026-09-19T23:00:08.070+0000] {processor.py:161} INFO - Started process (PID=5654) to work on /opt/airflow/dags/lcbo_pipeline_dag.py
[2026-09-19T23:00:08.072+0000] {processor.py:830} INFO - Processing file /opt/airflow/dags/lcbo_pipeline_dag.py for tasks to queue
[2026-09-19T23:00:08.073+0000] {logging_mixin.py:188} INFO - [2026-09-19T23:00:08.073+0000] {dagbag.py:545} INFO - Filling up the DagBag from /opt/airflow/dags/lcbo_pipeline_dag.py
[2026-09-19T23:00:08.089+0000] {processor.py:840} INFO - DAG(s) 'lcbo_pipeline' retrieved from /opt/airflow/dags/lcbo_pipeline_dag.py
[2026-09-19T23:00:08.113+0000] {logging_mixin.py:188} INFO - [2026-09-19T23:00:08.112+0000] {dag.py:3089} INFO - Sync 1 DAGs
[2026-09-19T23:00:08.123+0000] {logging_mixin.py:188} INFO - [2026-09-19T23:00:08.123+0000] {dag.py:3947} INFO - Setting next_dagrun for lcbo_pipeline to None, run_after=None
[2026-09-19T23:00:08.139+0000] {processor.py:183} INFO - Processing /opt/airflow/dags/lcbo_pipeline_dag.py took 0.073 seconds
[2026-09-19T23:00:38.268+0000] {processor.py:161} INFO - Started process (PID=5666) to work on /opt/airflow/dags/lcbo_pipeline_dag.py
[2026-09-19T23:00:38.270+0000] {processor.py:830} INFO - Processing file /opt/airflow/dags/lcbo_pipeline_dag.py for tasks to queue
[2026-09-19T23:00:38.272+0000] {logging_mixin.py:188} INFO - [2026-09-19T23:00:38.272+0000] {dagbag.py:545} INFO - Filling up the DagBag from /opt/airflow/dags/lcbo_pipeline_dag.py
[2026-09-19T23:00:38.290+0000] {processor.py:840} INFO - DAG(s) 'lcbo_pipeline' retrieved from /opt/airflow/dags/lcbo_pipeline_dag.py
[2026-09-19T23:00:38.314+0000] {logging_mixin.py:188} INFO - [2026-09-19T23:00:38.313+0000] {dag.py:3089} INFO - Sync 1 DAGs
[2026-09-19T23:00:38.323+0000] {logging_mixin.py:188} INFO - [2026-09-19T23:00:38.323+0000] {dag.py:3947} INFO - Setting next_dagrun for lcbo_pipeline to None, run_after=None
[2026-09-19T23:00:38.339+0000] {processor.py:183} INFO - Processing /opt/airflow/dags/lcbo_pipeline_dag.py took 0.075 seconds
[2026-09-19T23:01:08.541+0000] {processor.py:161} INFO - Started process (PID=5677) to work on /opt/airflow/dags/lcbo_pipeline_dag.py
[2026-09-19T23:01:08.542+0000] {processor.py:830} INFO - Processing file /opt/airflow/dags/lcbo_pipeline_dag.py for tasks to queue
[2026-09-19T23:01:08.544+0000] {logging_mixin.py:188} INFO - [2026-09-19T23:01:08.544+0000] {dagbag.py:545} INFO - Filling up the DagBag from /opt/airflow/dags/lcbo_pipeline_dag.py
[2026-09-19T23:01:08.564+0000] {processor.py:840} INFO - DAG(s) 'lcbo_pipeline' retrieved from /opt/airflow/dags/lcbo_pipeline_dag.py
[2026-09-19T23:01:08.591+0000] {logging_mixin.py:188} INFO - [2026-09-19T23:01:08.590+0000] {dag.py:3089} INFO - Sync 1 DAGs
[2026-09-19T23:01:08.601+0000] {logging_mixin.py:188} INFO - [2026-09-19T23:01:08.601+0000] {dag.py:3947} INFO - Setting next_dagrun for lcbo_pipeline to None, run_after=None
[2026-09-19T23:01:08.619+0000] {processor.py:183} INFO - Processing /opt/airflow/dags/lcbo_pipeline_dag.py took 0.083 seconds
[2026-09-19T23:01:38.742+0000] {processor.py:161} INFO - Started process (PID=5688) to work on /opt/airflow/dags/lcbo_pipeline_dag.py
[2026-09-19T23:01:38.745+0000] {processor.py:830} INFO - Processing file /opt/airflow/dags/lcbo_pipeline_dag.py for tasks to queue
[2026-09-19T23:01:38.748+0000] {logging_mixin.py:188} INFO - [2026-09-19T23:01:38.747+0000] {dagbag.py:545} INFO - Filling up the DagBag from /opt/airflow/dags/lcbo_pipeline_dag.py
[2026-09-19T23:01:38.775+0000] {processor.py:840} INFO - DAG(s) 'lcbo_pipeline' retrieved from /opt/airflow/dags/lcbo_pipeline_dag.py
[2026-09-19T23:01:38.804+0000] {logging_mixin.py:188} INFO - [2026-09-19T23:01:38.803+0000] {dag.py:3089} INFO - Sync 1 DAGs
[2026-09-19T23:01:38.815+0000] {logging_mixin.py:188} INFO - [2026-09-19T23:01:38.815+0000] {dag.py:3947} INFO - Setting next_dagrun for lcbo_pipeline to None, run_after=None
[2026-09-19T23:01:38.835+0000] {processor.py:183} INFO - Processing /opt/airflow/dags/lcbo_pipeline_dag.py took 0.100 seconds
[2026-09-19T23:02:08.986+0000] {processor.py:161} INFO - Started process (PID=5700) to work on /opt/airflow/dags/lcbo_pipeline_dag.py
[2026-09-19T23:02:08.987+0000] {processor.py:830} INFO - Processing file /opt/airflow/dags/lcbo_pipeline_dag.py for tasks to queue
[2026-09-19T23:02:08.988+0000] {logging_mixin.py:188} INFO - [2026-09-19T23:02:08.988+0000] {dagbag.py:545} INFO - Filling up the DagBag from /opt/airflow/dags/lcbo_pipeline_dag.py
[2026-09-19T23:02:09.006+0000] {processor.py:840} INFO - DAG(s) 'lcbo_pipeline' retrieved from /opt/airflow/dags/lcbo_pipeline_dag.py
[2026-09-19T23:02:09.029+0000] {logging_mixin.py:188} INFO - [2026-09-19T23:02:09.029+0000] {dag.py:3089} INFO - Sync 1 DAGs
[2026-09-19T23:02:09.041+0000] {logging_mixin.py:188} INFO - [2026-09-19T23:02:09.041+0000] {dag.py:3947} INFO - Setting next_dagrun for lcbo_pipeline to None, run_after=None
[2026-09-19T23:02:09.059+0000] {processor.py:183} INFO - Processing /opt/airflow/dags/lcbo_pipeline_dag.py took 0.077 seconds
[2026-09-19T23:02:39.211+0000] {processor.py:161} INFO - Started process (PID=5711) to work on /opt/airflow/dags/lcbo_pipeline_dag.py
[2026-09-19T23:02:39.212+0000] {processor.py:830} INFO - Processing file /opt/airflow/dags/lcbo_pipeline_dag.py for tasks to queue
[2026-09-19T23:02:39.214+0000] {logging_mixin.py:188} INFO - [2026-09-19T23:02:39.214+0000] {dagbag.py:545} INFO - Filling up the DagBag from /opt/airflow/dags/lcbo_pipeline_dag.py
[2026-09-19T23:02:39.232+0000] {processor.py:840} INFO - DAG(s) 'lcbo_pipeline' retrieved from /opt/airflow/dags/lcbo_pipeline_dag.py
[2026-09-19T23:02:39.257+0000] {logging_mixin.py:188} INFO - [2026-09-19T23:02:39.256+0000] {dag.py:3089} INFO - Sync 1 DAGs
[2026-09-19T23:02:39.267+0000] {logging_mixin.py:188} INFO - [2026-09-19T23:02:39.267+0000] {dag.py:3947} INFO - Setting next_dagrun for lcbo_pipeline to None, run_after=None
[2026-09-19T23:02:39.282+0000] {processor.py:183} INFO - Processing /opt/airflow/dags/lcbo_pipeline_dag.py took 0.075 seconds
[2026-09-19T23:03:09.433+0000] {processor.py:161} INFO - Started process (PID=5722) to work on /opt/airflow/dags/lcbo_pipeline_dag.py
[2026-09-19T23:03:09.434+0000] {processor.py:830} INFO - Processing file /opt/airflow/dags/lcbo_pipeline_dag.py for tasks to queue
[2026-09-19T23:03:09.435+0000] {logging_mixin.py:188} INFO - [2026-09-19T23:03:09.435+0000] {dagbag.py:545} INFO - Filling up the DagBag from /opt/airflow/dags/lcbo_pipeline_dag.py
[2026-09-19T23:03:09.452+0000] {processor.py:840} INFO - DAG(s) 'lcbo_pipeline' retrieved from /opt/airflow/dags/lcbo_pipeline_dag.py
[2026-09-19T23:03:09.474+0000] {logging_mixin.py:188} INFO - [2026-09-19T23:03:09.474+0000] {dag.py:3089} INFO - Sync 1 DAGs
[2026-09-19T23:03:09.483+0000] {logging_mixin.py:188} INFO - [2026-09-19T23:03:09.483+0000] {dag.py:3947} INFO - Setting next_dagrun for lcbo_pipeline to None, run_after=None
[2026-09-19T23:03:09.497+0000] {processor.py:183} INFO - Processing /opt/airflow/dags/lcbo_pipeline_dag.py took 0.069 seconds
[2026-09-19T23:03:39.652+0000] {processor.py:161} INFO - Started process (PID=5733) to work on /opt/airflow/dags/lcbo_pipeline_dag.py
[2026-09-19T23:03:39.653+0000] {processor.py:830} INFO - Processing file /opt/airflow/dags/lcbo_pipeline_dag.py for tasks to queue
[2026-09-19T23:03:39.654+0000] {logging_mixin.py:188} INFO - [2026-09-19T23:03:39.654+0000] {dagbag.py:545} INFO - Filling up the DagBag from /opt/airflow/dags/lcbo_pipeline_dag.py
[2026-09-19T23:03:39.671+0000] {processor.py:840} INFO - DAG(s) 'lcbo_pipeline' retrieved from /opt/airflow/dags/lcbo_pipeline_dag.py
[2026-09-19T23:03:39.694+0000] {logging_mixin.py:188} INFO - [2026-09-19T23:03:39.694+0000] {dag.py:3089} INFO - Sync 1 DAGs
[2026-09-19T23:03:39.703+0000] {logging_mixin.py:188} INFO - [2026-09-19T23:03:39.703+0000] {dag.py:3947} INFO - Setting next_dagrun for lcbo_pipeline to None, run_after=None
[2026-09-19T23:03:39.721+0000] {processor.py:183} INFO - Processing /opt/airflow/dags/lcbo_pipeline_dag.py took 0.074 seconds
[2026-09-19T23:04:09.869+0000] {processor.py:161} INFO - Started process (PID=5744) to work on /opt/airflow/dags/lcbo_pipeline_dag.py
[2026-09-19T23:04:09.871+0000] {processor.py:830} INFO - Processing file /opt/airflow/dags/lcbo_pipeline_dag.py for tasks to queue
[2026-09-19T23:04:09.873+0000] {logging_mixin.py:188} INFO - [2026-09-19T23:04:09.873+0000] {dagbag.py:545} INFO - Filling up the DagBag from /opt/airflow/dags/lcbo_pipeline_dag.py
[2026-09-19T23:04:09.889+0000] {processor.py:840} INFO - DAG(s) 'lcbo_pipeline' retrieved from /opt/airflow/dags/lcbo_pipeline_dag.py
[2026-09-19T23:04:09.912+0000] {logging_mixin.py:188} INFO - [2026-09-19T23:04:09.912+0000] {dag.py:3089} INFO - Sync 1 DAGs
[2026-09-19T23:04:09.923+0000] {logging_mixin.py:188} INFO - [2026-09-19T23:04:09.923+0000] {dag.py:3947} INFO - Setting next_dagrun for lcbo_pipeline to None, run_after=None
[2026-09-19T23:04:09.941+0000] {processor.py:183} INFO - Processing /opt/airflow/dags/lcbo_pipeline_dag.py took 0.076 seconds
[2026-09-19T23:04:40.084+0000] {processor.py:161} INFO - Started process (PID=5755) to work on /opt/airflow/dags/lcbo_pipeline_dag.py
[2026-09-19T23:04:40.086+0000] {processor.py:830} INFO - Processing file /opt/airflow/dags/lcbo_pipeline_dag.py for tasks to queue
[2026-09-19T23:04:40.088+0000] {logging_mixin.py:188} INFO - [2026-09-19T23:04:40.087+0000] {dagbag.py:545} INFO - Filling up the DagBag from /opt/airflow/dags/lcbo_pipeline_dag.py
[2026-09-19T23:04:40.105+0000] {processor.py:840} INFO - DAG(s) 'lcbo_pipeline' retrieved from /opt/airflow/dags/lcbo_pipeline_dag.py
[2026-09-19T23:04:40.129+0000] {logging_mixin.py:188} INFO - [2026-09-19T23:04:40.129+0000] {dag.py:3089} INFO - Sync 1 DAGs
[2026-09-19T23:04:40.139+0000] {logging_mixin.py:188} INFO - [2026-09-19T23:04:40.139+0000] {dag.py:3947} INFO - Setting next_dagrun for lcbo_pipeline to None, run_after=None
[2026-09-19T23:04:40.153+0000] {processor.py:183} INFO - Processing /opt/airflow/dags/lcbo_pipeline_dag.py took 0.073 seconds
[2026-09-19T23:05:10.307+0000] {processor.py:161} INFO - Started process (PID=5766) to work on /opt/airflow/dags/lcbo_pipeline_dag.py
[2026-09-19T23:05:10.308+0000] {processor.py:830} INFO - Processing file /opt/airflow/dags/lcbo_pipeline_dag.py for tasks to queue
[2026-09-19T23:05:10.310+0000] {logging_mixin.py:188} INFO - [2026-09-19T23:05:10.309+0000] {dagbag.py:545} INFO - Filling up the DagBag from /opt/airflow/dags/lcbo_pipeline_dag.py
[2026-09-19T23:05:10.327+0000] {processor.py:840} INFO - DAG(s) 'lcbo_pipeline' retrieved from /opt/airflow/dags/lcbo_pipeline_dag.py
[2026-09-19T23:05:10.351+0000] {logging_mixin.py:188} INFO - [2026-09-19T23:05:10.350+0000] {dag.py:3089} INFO - Sync 1 DAGs
[2026-09-19T23:05:10.362+0000] {logging_mixin.py:188} INFO - [2026-09-19T23:05:10.361+0000] {dag.py:3947} INFO - Setting next_dagrun for lcbo_pipeline to None, run_after=None
[2026-09-19T23:05:10.376+0000] {processor.py:183} INFO - Processing /opt/airflow/dags/lcbo_pipeline_dag.py took 0.073 seconds
[2026-09-19T23:05:40.532+0000] {processor.py:161} INFO - Started process (PID=5777) to work on /opt/airflow/dags/lcbo_pipeline_dag.py
[2026-09-19T23:05:40.534+0000] {processor.py:830} INFO - Processing file /opt/airflow/dags/lcbo_pipeline_dag.py for tasks to queue
[2026-09-19T23:05:40.536+0000] {logging_mixin.py:188} INFO - [2026-09-19T23:05:40.535+0000] {dagbag.py:545} INFO - Filling up the DagBag from /opt/airflow/dags/lcbo_pipeline_dag.py
[2026-09-19T23:05:40.555+0000] {processor.py:840} INFO - DAG(s) 'lcbo_pipeline' retrieved from /opt/airflow/dags/lcbo_pipeline_dag.py
[2026-09-19T23:05:40.582+0000] {logging_mixin.py:188} INFO - [2026-09-19T23:05:40.582+0000] {dag.py:3089} INFO - Sync 1 DAGs
[2026-09-19T23:05:40.592+0000] {logging_mixin.py:188} INFO - [2026-09-19T23:05:40.592+0000] {dag.py:3947} INFO - Setting next_dagrun for lcbo_pipeline to None, run_after=None
[2026-09-19T23:05:40.608+0000] {processor.py:183} INFO - Processing /opt/airflow/dags/lcbo_pipeline_dag.py took 0.081 seconds
[2026-09-19T23:06:10.780+0000] {processor.py:161} INFO - Started process (PID=5788) to work on /opt/airflow/dags/lcbo_pipeline_dag.py
[2026-09-19T23:06:10.782+0000] {processor.py:830} INFO - Processing file /opt/airflow/dags/lcbo_pipeline_dag.py for tasks to queue
[2026-09-19T23:06:10.784+0000] {logging_mixin.py:188} INFO - [2026-09-19T23:06:10.783+0000] {dagbag.py:545} INFO - Filling up the DagBag from /opt/airflow/dags/lcbo_pipeline_dag.py
[2026-09-19T23:06:10.801+0000] {processor.py:840} INFO - DAG(s) 'lcbo_pipeline' retrieved from /opt/airflow/dags/lcbo_pipeline_dag.py
[2026-09-19T23:06:10.826+0000] {logging_mixin.py:188} INFO - [2026-09-19T23:06:10.826+0000] {dag.py:3089} INFO - Sync 1 DAGs
[2026-09-19T23:06:10.835+0000] {logging_mixin.py:188} INFO - [2026-09-19T23:06:10.835+0000] {dag.py:3947} INFO - Setting next_dagrun for lcbo_pipeline to None, run_after=None
[2026-09-19T23:06:10.850+0000] {processor.py:183} INFO - Processing /opt/airflow/dags/lcbo_pipeline_dag.py took 0.074 seconds
[2026-09-19T23:06:40.986+0000] {processor.py:161} INFO - Started process (PID=5799) to work on /opt/airflow/dags/lcbo_pipeline_dag.py
[2026-09-19T23:06:40.988+0000] {processor.py:830} INFO - Processing file /opt/airflow/dags/lcbo_pipeline_dag.py for tasks to queue
[2026-09-19T23:06:40.990+0000] {logging_mixin.py:188} INFO - [2026-09-19T23:06:40.989+0000] {dagbag.py:545} INFO - Filling up the DagBag from /opt/airflow/dags/lcbo_pipeline_dag.py
[2026-09-19T23:06:41.010+0000] {processor.py:840} INFO - DAG(s) 'lcbo_pipeline' retrieved from /opt/airflow/dags/lcbo_pipeline_dag.py
[2026-09-19T23:06:41.038+0000] {logging_mixin.py:188} INFO - [2026-09-19T23:06:41.038+0000] {dag.py:3089} INFO - Sync 1 DAGs
[2026-09-19T23:06:41.051+0000] {logging_mixin.py:188} INFO - [2026-09-19T23:06:41.051+0000] {dag.py:3947} INFO - Setting next_dagrun for lcbo_pipeline to None, run_after=None
[2026-09-19T23:06:41.068+0000] {processor.py:183} INFO - Processing /opt/airflow/dags/lcbo_pipeline_dag.py took 0.088 seconds
[2026-09-19T23:07:11.232+0000] {processor.py:161} INFO - Started process (PID=5810) to work on /opt/airflow/dags/lcbo_pipeline_dag.py
[2026-09-19T23:07:11.233+0000] {processor.py:830} INFO - Processing file /opt/airflow/dags/lcbo_pipeline_dag.py for tasks to queue
[2026-09-19T23:07:11.235+0000] {logging_mixin.py:188} INFO - [2026-09-19T23:07:11.234+0000] {dagbag.py:545} INFO - Filling up the DagBag from /opt/airflow/dags/lcbo_pipeline_dag.py
[2026-09-19T23:07:11.254+0000] {processor.py:840} INFO - DAG(s) 'lcbo_pipeline' retrieved from /opt/airflow/dags/lcbo_pipeline_dag.py
[2026-09-19T23:07:11.280+0000] {logging_mixin.py:188} INFO - [2026-09-19T23:07:11.280+0000] {dag.py:3089} INFO - Sync 1 DAGs
[2026-09-19T23:07:11.290+0000] {logging_mixin.py:188} INFO - [2026-09-19T23:07:11.290+0000] {dag.py:3947} INFO - Setting next_dagrun for lcbo_pipeline to None, run_after=None
[2026-09-19T23:07:11.306+0000] {processor.py:183} INFO - Processing /opt/airflow/dags/lcbo_pipeline_dag.py took 0.078 seconds
[2026-09-19T23:07:41.437+0000] {processor.py:161} INFO - Started process (PID=5821) to work on /opt/airflow/dags/lcbo_pipeline_dag.py
[2026-09-19T23:07:41.438+0000] {processor.py:830} INFO - Processing file /opt/airflow/dags/lcbo_pipeline_dag.py for tasks to queue
[2026-09-19T23:07:41.440+0000] {logging_mixin.py:188} INFO - [2026-09-19T23:07:41.440+0000] {dagbag.py:545} INFO - Filling up the DagBag from /opt/airflow/dags/lcbo_pipeline_dag.py
[2026-09-19T23:07:41.459+0000] {processor.py:840} INFO - DAG(s) 'lcbo_pipeline' retrieved from /opt/airflow/dags/lcbo_pipeline_dag.py
[2026-09-19T23:07:41.485+0000] {logging_mixin.py:188} INFO - [2026-09-19T23:07:41.485+0000] {dag.py:3089} INFO - Sync 1 DAGs
[2026-09-19T23:07:41.497+0000] {logging_mixin.py:188} INFO - [2026-09-19T23:07:41.497+0000] {dag.py:3947} INFO - Setting next_dagrun for lcbo_pipeline to None, run_after=None
[2026-09-19T23:07:41.514+0000] {processor.py:183} INFO - Processing /opt/airflow/dags/lcbo_pipeline_dag.py took 0.083 seconds
[2026-09-19T23:08:11.676+0000] {processor.py:161} INFO - Started process (PID=5832) to work on /opt/airflow/dags/lcbo_pipeline_dag.py
[2026-09-19T23:08:11.677+0000] {processor.py:830} INFO - Processing file /opt/airflow/dags/lcbo_pipeline_dag.py for tasks to queue
[2026-09-19T23:08:11.678+0000] {logging_mixin.py:188} INFO - [2026-09-19T23:08:11.678+0000] {dagbag.py:545} INFO - Filling up the DagBag from /opt/airflow/dags/lcbo_pipeline_dag.py
[2026-09-19T23:08:11.695+0000] {processor.py:840} INFO - DAG(s) 'lcbo_pipeline' retrieved from /opt/airflow/dags/lcbo_pipeline_dag.py
[2026-09-19T23:08:11.718+0000] {logging_mixin.py:188} INFO - [2026-09-19T23:08:11.718+0000] {dag.py:3089} INFO - Sync 1 DAGs
[2026-09-19T23:08:11.727+0000] {logging_mixin.py:188} INFO - [2026-09-19T23:08:11.727+0000] {dag.py:3947} INFO - Setting next_dagrun for lcbo_pipeline to None, run_after=None
[2026-09-19T23:08:11.742+0000] {processor.py:183} INFO - Processing /opt/airflow/dags/lcbo_pipeline_dag.py took 0.071 seconds
[2026-09-19T23:08:41.876+0000] {processor.py:161} INFO - Started process (PID=5843) to work on /opt/airflow/dags/lcbo_pipeline_dag.py
[2026-09-19T23:08:41.877+0000] {processor.py:830} INFO - Processing file /opt/airflow/dags/lcbo_pipeline_dag.py for tasks to queue
[2026-09-19T23:08:41.878+0000] {logging_mixin.py:188} INFO - [2026-09-19T23:08:41.878+0000] {dagbag.py:545} INFO - Filling up the DagBag from /opt/airflow/dags/lcbo_pipeline_dag.py
[2026-09-19T23:08:41.895+0000] {processor.py:840} INFO - DAG(s) 'lcbo_pipeline' retrieved from /opt/airflow/dags/lcbo_pipeline_dag.py
[2026-09-19T23:08:41.918+0000] {logging_mixin.py:188} INFO - [2026-09-19T23:08:41.918+0000] {dag.py:3089} INFO - Sync 1 DAGs
[2026-09-19T23:08:41.928+0000] {logging_mixin.py:188} INFO - [2026-09-19T23:08:41.927+0000] {dag.py:3947} INFO - Setting next_dagrun for lcbo_pipeline to None, run_after=None
[2026-09-19T23:08:41.942+0000] {processor.py:183} INFO - Processing /opt/airflow/dags/lcbo_pipeline_dag.py took 0.070 seconds
[2026-09-19T23:09:12.112+0000] {processor.py:161} INFO - Started process (PID=5854) to work on /opt/airflow/dags/lcbo_pipeline_dag.py
[2026-09-19T23:09:12.113+0000] {processor.py:830} INFO - Processing file /opt/airflow/dags/lcbo_pipeline_dag.py for tasks to queue
[2026-09-19T23:09:12.114+0000] {logging_mixin.py:188} INFO - [2026-09-19T23:09:12.114+0000] {dagbag.py:545} INFO - Filling up the DagBag from /opt/airflow/dags/lcbo_pipeline_dag.py
[2026-09-19T23:09:12.131+0000] {processor.py:840} INFO - DAG(s) 'lcbo_pipeline' retrieved from /opt/airflow/dags/lcbo_pipeline_dag.py
[2026-09-19T23:09:12.158+0000] {logging_mixin.py:188} INFO - [2026-09-19T23:09:12.158+0000] {dag.py:3089} INFO - Sync 1 DAGs
[2026-09-19T23:09:12.170+0000] {logging_mixin.py:188} INFO - [2026-09-19T23:09:12.170+0000] {dag.py:3947} INFO - Setting next_dagrun for lcbo_pipeline to None, run_after=None
[2026-09-19T23:09:12.187+0000] {processor.py:183} INFO - Processing /opt/airflow/dags/lcbo_pipeline_dag.py took 0.080 seconds
[2026-09-19T23:09:42.310+0000] {processor.py:161} INFO - Started process (PID=5865) to work on /opt/airflow/dags/lcbo_pipeline_dag.py
[2026-09-19T23:09:42.312+0000] {processor.py:830} INFO - Processing file /opt/airflow/dags/lcbo_pipeline_dag.py for tasks to queue
[2026-09-19T23:09:42.314+0000] {logging_mixin.py:188} INFO - [2026-09-19T23:09:42.314+0000] {dagbag.py:545} INFO - Filling up the DagBag from /opt/airflow/dags/lcbo_pipeline_dag.py
[2026-09-19T23:09:42.331+0000] {processor.py:840} INFO - DAG(s) 'lcbo_pipeline' retrieved from /opt/airflow/dags/lcbo_pipeline_dag.py
[2026-09-19T23:09:42.356+0000] {logging_mixin.py:188} INFO - [2026-09-19T23:09:42.356+0000] {dag.py:3089} INFO - Sync 1 DAGs
[2026-09-19T23:09:42.366+0000] {logging_mixin.py:188} INFO - [2026-09-19T23:09:42.366+0000] {dag.py:3947} INFO - Setting next_dagrun for lcbo_pipeline to None, run_after=None
[2026-09-19T23:09:42.381+0000] {processor.py:183} INFO - Processing /opt/airflow/dags/lcbo_pipeline_dag.py took 0.075 seconds
[2026-09-19T23:10:12.579+0000] {processor.py:161} INFO - Started process (PID=5876) to work on /opt/airflow/dags/lcbo_pipeline_dag.py
[2026-09-19T23:10:12.580+0000] {processor.py:830} INFO - Processing file /opt/airflow/dags/lcbo_pipeline_dag.py for tasks to queue
[2026-09-19T23:10:12.582+0000] {logging_mixin.py:188} INFO - [2026-09-19T23:10:12.581+0000] {dagbag.py:545} INFO - Filling up the DagBag from /opt/airflow/dags/lcbo_pipeline_dag.py
[2026-09-19T23:10:12.600+0000] {processor.py:840} INFO - DAG(s) 'lcbo_pipeline' retrieved from /opt/airflow/dags/lcbo_pipeline_dag.py
[2026-09-19T23:10:12.626+0000] {logging_mixin.py:188} INFO - [2026-09-19T23:10:12.625+0000] {dag.py:3089} INFO - Sync 1 DAGs
[2026-09-19T23:10:12.637+0000] {logging_mixin.py:188} INFO - [2026-09-19T23:10:12.637+0000] {dag.py:3947} INFO - Setting next_dagrun for lcbo_pipeline to None, run_after=None
[2026-09-19T23:10:12.652+0000] {processor.py:183} INFO - Processing /opt/airflow/dags/lcbo_pipeline_dag.py took 0.078 seconds
[2026-09-19T23:10:42.779+0000] {processor.py:161} INFO - Started process (PID=5887) to work on /opt/airflow/dags/lcbo_pipeline_dag.py
[2026-09-19T23:10:42.780+0000] {processor.py:830} INFO - Processing file /opt/airflow/dags/lcbo_pipeline_dag.py for tasks to queue
[2026-09-19T23:10:42.783+0000] {logging_mixin.py:188} INFO - [2026-09-19T23:10:42.782+0000] {dagbag.py:545} INFO - Filling up the DagBag from /opt/airflow/dags/lcbo_pipeline_dag.py
[2026-09-19T23:10:42.799+0000] {processor.py:840} INFO - DAG(s) 'lcbo_pipeline' retrieved from /opt/airflow/dags/lcbo_pipeline_dag.py
[2026-09-19T23:10:42.824+0000] {logging_mixin.py:188} INFO - [2026-09-19T23:10:42.824+0000] {dag.py:3089} INFO - Sync 1 DAGs
[2026-09-19T23:10:42.835+0000] {logging_mixin.py:188} INFO - [2026-09-19T23:10:42.835+0000] {dag.py:3947} INFO - Setting next_dagrun for lcbo_pipeline to None, run_after=None
[2026-09-19T23:10:42.853+0000] {processor.py:183} INFO - Processing /opt/airflow/dags/lcbo_pipeline_dag.py took 0.078 seconds
[2026-09-19T23:11:13.061+0000] {processor.py:161} INFO - Started process (PID=5898) to work on /opt/airflow/dags/lcbo_pipeline_dag.py
[2026-09-19T23:11:13.062+0000] {processor.py:830} INFO - Processing file /opt/airflow/dags/lcbo_pipeline_dag.py for tasks to queue
[2026-09-19T23:11:13.064+0000] {logging_mixin.py:188} INFO - [2026-09-19T23:11:13.064+0000] {dagbag.py:545} INFO - Filling up the DagBag from /opt/airflow/dags/lcbo_pipeline_dag.py
[2026-09-19T23:11:13.083+0000] {processor.py:840} INFO - DAG(s) 'lcbo_pipeline' retrieved from /opt/airflow/dags/lcbo_pipeline_dag.py
[2026-09-19T23:11:13.107+0000] {logging_mixin.py:188} INFO - [2026-09-19T23:11:13.107+0000] {dag.py:3089} INFO - Sync 1 DAGs
[2026-09-19T23:11:13.118+0000] {logging_mixin.py:188} INFO - [2026-09-19T23:11:13.117+0000] {dag.py:3947} INFO - Setting next_dagrun for lcbo_pipeline to None, run_after=None
[2026-09-19T23:11:13.135+0000] {processor.py:183} INFO - Processing /opt/airflow/dags/lcbo_pipeline_dag.py took 0.078 seconds
[2026-09-19T23:11:43.269+0000] {processor.py:161} INFO - Started process (PID=5909) to work on /opt/airflow/dags/lcbo_pipeline_dag.py
[2026-09-19T23:11:43.271+0000] {processor.py:830} INFO - Processing file /opt/airflow/dags/lcbo_pipeline_dag.py for tasks to queue
[2026-09-19T23:11:43.272+0000] {logging_mixin.py:188} INFO - [2026-09-19T23:11:43.272+0000] {dagbag.py:545} INFO - Filling up the DagBag from /opt/airflow/dags/lcbo_pipeline_dag.py
[2026-09-19T23:11:43.288+0000] {processor.py:840} INFO - DAG(s) 'lcbo_pipeline' retrieved from /opt/airflow/dags/lcbo_pipeline_dag.py
[2026-09-19T23:11:43.314+0000] {logging_mixin.py:188} INFO - [2026-09-19T23:11:43.314+0000] {dag.py:3089} INFO - Sync 1 DAGs
[2026-09-19T23:11:43.325+0000] {logging_mixin.py:188} INFO - [2026-09-19T23:11:43.324+0000] {dag.py:3947} INFO - Setting next_dagrun for lcbo_pipeline to None, run_after=None
[2026-09-19T23:11:43.341+0000] {processor.py:183} INFO - Processing /opt/airflow/dags/lcbo_pipeline_dag.py took 0.076 seconds
[2026-09-19T23:12:13.512+0000] {processor.py:161} INFO - Started process (PID=5920) to work on /opt/airflow/dags/lcbo_pipeline_dag.py
[2026-09-19T23:12:13.514+0000] {processor.py:830} INFO - Processing file /opt/airflow/dags/lcbo_pipeline_dag.py for tasks to queue
[2026-09-19T23:12:13.515+0000] {logging_mixin.py:188} INFO - [2026-09-19T23:12:13.515+0000] {dagbag.py:545} INFO - Filling up the DagBag from /opt/airflow/dags/lcbo_pipeline_dag.py
[2026-09-19T23:12:13.534+0000] {processor.py:840} INFO - DAG(s) 'lcbo_pipeline' retrieved from /opt/airflow/dags/lcbo_pipeline_dag.py
[2026-09-19T23:12:13.556+0000] {logging_mixin.py:188} INFO - [2026-09-19T23:12:13.556+0000] {dag.py:3089} INFO - Sync 1 DAGs
[2026-09-19T23:12:13.565+0000] {logging_mixin.py:188} INFO - [2026-09-19T23:12:13.565+0000] {dag.py:3947} INFO - Setting next_dagrun for lcbo_pipeline to None, run_after=None
[2026-09-19T23:12:13.581+0000] {processor.py:183} INFO - Processing /opt/airflow/dags/lcbo_pipeline_dag.py took 0.073 seconds
[2026-09-19T23:12:43.719+0000] {processor.py:161} INFO - Started process (PID=5931) to work on /opt/airflow/dags/lcbo_pipeline_dag.py
[2026-09-19T23:12:43.720+0000] {processor.py:830} INFO - Processing file /opt/airflow/dags/lcbo_pipeline_dag.py for tasks to queue
[2026-09-19T23:12:43.722+0000] {logging_mixin.py:188} INFO - [2026-09-19T23:12:43.722+0000] {dagbag.py:545} INFO - Filling up the DagBag from /opt/airflow/dags/lcbo_pipeline_dag.py
[2026-09-19T23:12:43.739+0000] {processor.py:840} INFO - DAG(s) 'lcbo_pipeline' retrieved from /opt/airflow/dags/lcbo_pipeline_dag.py
[2026-09-19T23:12:43.765+0000] {logging_mixin.py:188} INFO - [2026-09-19T23:12:43.764+0000] {dag.py:3089} INFO - Sync 1 DAGs
[2026-09-19T23:12:43.775+0000] {logging_mixin.py:188} INFO - [2026-09-19T23:12:43.775+0000] {dag.py:3947} INFO - Setting next_dagrun for lcbo_pipeline to None, run_after=None
[2026-09-19T23:12:43.791+0000] {processor.py:183} INFO - Processing /opt/airflow/dags/lcbo_pipeline_dag.py took 0.076 seconds
[2026-09-19T23:13:13.965+0000] {processor.py:161} INFO - Started process (PID=5942) to work on /opt/airflow/dags/lcbo_pipeline_dag.py
[2026-09-19T23:13:13.966+0000] {processor.py:830} INFO - Processing file /opt/airflow/dags/lcbo_pipeline_dag.py for tasks to queue
[2026-09-19T23:13:13.967+0000] {logging_mixin.py:188} INFO - [2026-09-19T23:13:13.967+0000] {dagbag.py:545} INFO - Filling up the DagBag from /opt/airflow/dags/lcbo_pipeline_dag.py
[2026-09-19T23:13:13.983+0000] {processor.py:840} INFO - DAG(s) 'lcbo_pipeline' retrieved from /opt/airflow/dags/lcbo_pipeline_dag.py
[2026-09-19T23:13:14.007+0000] {logging_mixin.py:188} INFO - [2026-09-19T23:13:14.007+0000] {dag.py:3089} INFO - Sync 1 DAGs
[2026-09-19T23:13:14.017+0000] {logging_mixin.py:188} INFO - [2026-09-19T23:13:14.017+0000] {dag.py:3947} INFO - Setting next_dagrun for lcbo_pipeline to None, run_after=None
[2026-09-19T23:13:14.034+0000] {processor.py:183} INFO - Processing /opt/airflow/dags/lcbo_pipeline_dag.py took 0.073 seconds
[2026-09-19T23:13:44.159+0000] {processor.py:161} INFO - Started process (PID=5953) to work on /opt/airflow/dags/lcbo_pipeline_dag.py
[2026-09-19T23:13:44.160+0000] {processor.py:830} INFO - Processing file /opt/airflow/dags/lcbo_pipeline_dag.py for tasks to queue
[2026-09-19T23:13:44.162+0000] {logging_mixin.py:188} INFO - [2026-09-19T23:13:44.162+0000] {dagbag.py:545} INFO - Filling up the DagBag from /opt/airflow/dags/lcbo_pipeline_dag.py
[2026-09-19T23:13:44.179+0000] {processor.py:840} INFO - DAG(s) 'lcbo_pipeline' retrieved from /opt/airflow/dags/lcbo_pipeline_dag.py
[2026-09-19T23:13:44.202+0000] {logging_mixin.py:188} INFO - [2026-09-19T23:13:44.202+0000] {dag.py:3089} INFO - Sync 1 DAGs
[2026-09-19T23:13:44.211+0000] {logging_mixin.py:188} INFO - [2026-09-19T23:13:44.211+0000] {dag.py:3947} INFO - Setting next_dagrun for lcbo_pipeline to None, run_after=None
[2026-09-19T23:13:44.225+0000] {processor.py:183} INFO - Processing /opt/airflow/dags/lcbo_pipeline_dag.py took 0.070 seconds
[2026-09-19T23:14:14.402+0000] {processor.py:161} INFO - Started process (PID=5964) to work on /opt/airflow/dags/lcbo_pipeline_dag.py
[2026-09-19T23:14:14.403+0000] {processor.py:830} INFO - Processing file /opt/airflow/dags/lcbo_pipeline_dag.py for tasks to queue
[2026-09-19T23:14:14.406+0000] {logging_mixin.py:188} INFO - [2026-09-19T23:14:14.406+0000] {dagbag.py:545} INFO - Filling up the DagBag from /opt/airflow/dags/lcbo_pipeline_dag.py
[2026-09-19T23:14:14.425+0000] {processor.py:840} INFO - DAG(s) 'lcbo_pipeline' retrieved from /opt/airflow/dags/lcbo_pipeline_dag.py
[2026-09-19T23:14:14.450+0000] {logging_mixin.py:188} INFO - [2026-09-19T23:14:14.449+0000] {dag.py:3089} INFO - Sync 1 DAGs
[2026-09-19T23:14:14.460+0000] {logging_mixin.py:188} INFO - [2026-09-19T23:14:14.460+0000] {dag.py:3947} INFO - Setting next_dagrun for lcbo_pipeline to None, run_after=None
[2026-09-19T23:14:14.478+0000] {processor.py:183} INFO - Processing /opt/airflow/dags/lcbo_pipeline_dag.py took 0.080 seconds
[2026-09-19T23:14:44.612+0000] {processor.py:161} INFO - Started process (PID=5975) to work on /opt/airflow/dags/lcbo_pipeline_dag.py
[2026-09-19T23:14:44.614+0000] {processor.py:830} INFO - Processing file /opt/airflow/dags/lcbo_pipeline_dag.py for tasks to queue
[2026-09-19T23:14:44.615+0000] {logging_mixin.py:188} INFO - [2026-09-19T23:14:44.615+0000] {dagbag.py:545} INFO - Filling up the DagBag from /opt/airflow/dags/lcbo_pipeline_dag.py
[2026-09-19T23:14:44.632+0000] {processor.py:840} INFO - DAG(s) 'lcbo_pipeline' retrieved from /opt/airflow/dags/lcbo_pipeline_dag.py
[2026-09-19T23:14:44.656+0000] {logging_mixin.py:188} INFO - [2026-09-19T23:14:44.656+0000] {dag.py:3089} INFO - Sync 1 DAGs
[2026-09-19T23:14:44.665+0000] {logging_mixin.py:188} INFO - [2026-09-19T23:14:44.665+0000] {dag.py:3947} INFO - Setting next_dagrun for lcbo_pipeline to None, run_after=None
[2026-09-19T23:14:44.679+0000] {processor.py:183} INFO - Processing /opt/airflow/dags/lcbo_pipeline_dag.py took 0.071 seconds
[2026-09-19T23:15:14.864+0000] {processor.py:161} INFO - Started process (PID=5986) to work on /opt/airflow/dags/lcbo_pipeline_dag.py
[2026-09-19T23:15:14.865+0000] {processor.py:830} INFO - Processing file /opt/airflow/dags/lcbo_pipeline_dag.py for tasks to queue
[2026-09-19T23:15:14.866+0000] {logging_mixin.py:188} INFO - [2026-09-19T23:15:14.866+0000] {dagbag.py:545} INFO - Filling up the DagBag from /opt/airflow/dags/lcbo_pipeline_dag.py
[2026-09-19T23:15:14.884+0000] {processor.py:840} INFO - DAG(s) 'lcbo_pipeline' retrieved from /opt/airflow/dags/lcbo_pipeline_dag.py
[2026-09-19T23:15:14.909+0000] {logging_mixin.py:188} INFO - [2026-09-19T23:15:14.908+0000] {dag.py:3089} INFO - Sync 1 DAGs
[2026-09-19T23:15:14.918+0000] {logging_mixin.py:188} INFO - [2026-09-19T23:15:14.918+0000] {dag.py:3947} INFO - Setting next_dagrun for lcbo_pipeline to None, run_after=None
[2026-09-19T23:15:14.935+0000] {processor.py:183} INFO - Processing /opt/airflow/dags/lcbo_pipeline_dag.py took 0.075 seconds
[2026-09-19T23:15:45.066+0000] {processor.py:161} INFO - Started process (PID=5997) to work on /opt/airflow/dags/lcbo_pipeline_dag.py
[2026-09-19T23:15:45.067+0000] {processor.py:830} INFO - Processing file /opt/airflow/dags/lcbo_pipeline_dag.py for tasks to queue
[2026-09-19T23:15:45.069+0000] {logging_mixin.py:188} INFO - [2026-09-19T23:15:45.069+0000] {dagbag.py:545} INFO - Filling up the DagBag from /opt/airflow/dags/lcbo_pipeline_dag.py
[2026-09-19T23:15:45.086+0000] {processor.py:840} INFO - DAG(s) 'lcbo_pipeline' retrieved from /opt/airflow/dags/lcbo_pipeline_dag.py
[2026-09-19T23:15:45.109+0000] {logging_mixin.py:188} INFO - [2026-09-19T23:15:45.109+0000] {dag.py:3089} INFO - Sync 1 DAGs
[2026-09-19T23:15:45.118+0000] {logging_mixin.py:188} INFO - [2026-09-19T23:15:45.118+0000] {dag.py:3947} INFO - Setting next_dagrun for lcbo_pipeline to None, run_after=None
[2026-09-19T23:15:45.135+0000] {processor.py:183} INFO - Processing /opt/airflow/dags/lcbo_pipeline_dag.py took 0.073 seconds
[2026-09-19T23:16:15.336+0000] {processor.py:161} INFO - Started process (PID=6008) to work on /opt/airflow/dags/lcbo_pipeline_dag.py
[2026-09-19T23:16:15.337+0000] {processor.py:830} INFO - Processing file /opt/airflow/dags/lcbo_pipeline_dag.py for tasks to queue
[2026-09-19T23:16:15.339+0000] {logging_mixin.py:188} INFO - [2026-09-19T23:16:15.338+0000] {dagbag.py:545} INFO - Filling up the DagBag from /opt/airflow/dags/lcbo_pipeline_dag.py
[2026-09-19T23:16:15.356+0000] {processor.py:840} INFO - DAG(s) 'lcbo_pipeline' retrieved from /opt/airflow/dags/lcbo_pipeline_dag.py
[2026-09-19T23:16:15.382+0000] {logging_mixin.py:188} INFO - [2026-09-19T23:16:15.381+0000] {dag.py:3089} INFO - Sync 1 DAGs
[2026-09-19T23:16:15.392+0000] {logging_mixin.py:188} INFO - [2026-09-19T23:16:15.392+0000] {dag.py:3947} INFO - Setting next_dagrun for lcbo_pipeline to None, run_after=None
[2026-09-19T23:16:15.407+0000] {processor.py:183} INFO - Processing /opt/airflow/dags/lcbo_pipeline_dag.py took 0.076 seconds
[2026-09-19T23:16:45.537+0000] {processor.py:161} INFO - Started process (PID=6019) to work on /opt/airflow/dags/lcbo_pipeline_dag.py
[2026-09-19T23:16:45.538+0000] {processor.py:830} INFO - Processing file /opt/airflow/dags/lcbo_pipeline_dag.py for tasks to queue
[2026-09-19T23:16:45.539+0000] {logging_mixin.py:188} INFO - [2026-09-19T23:16:45.539+0000] {dagbag.py:545} INFO - Filling up the DagBag from /opt/airflow/dags/lcbo_pipeline_dag.py
[2026-09-19T23:16:45.556+0000] {processor.py:840} INFO - DAG(s) 'lcbo_pipeline' retrieved from /opt/airflow/dags/lcbo_pipeline_dag.py
[2026-09-19T23:16:45.579+0000] {logging_mixin.py:188} INFO - [2026-09-19T23:16:45.579+0000] {dag.py:3089} INFO - Sync 1 DAGs
[2026-09-19T23:16:45.587+0000] {logging_mixin.py:188} INFO - [2026-09-19T23:16:45.587+0000] {dag.py:3947} INFO - Setting next_dagrun for lcbo_pipeline to None, run_after=None
[2026-09-19T23:16:45.603+0000] {processor.py:183} INFO - Processing /opt/airflow/dags/lcbo_pipeline_dag.py took 0.070 seconds
[2026-09-19T23:17:15.790+0000] {processor.py:161} INFO - Started process (PID=6030) to work on /opt/airflow/dags/lcbo_pipeline_dag.py
[2026-09-19T23:17:15.791+0000] {processor.py:830} INFO - Processing file /opt/airflow/dags/lcbo_pipeline_dag.py for tasks to queue
[2026-09-19T23:17:15.792+0000] {logging_mixin.py:188} INFO - [2026-09-19T23:17:15.792+0000] {dagbag.py:545} INFO - Filling up the DagBag from /opt/airflow/dags/lcbo_pipeline_dag.py
[2026-09-19T23:17:15.809+0000] {processor.py:840} INFO - DAG(s) 'lcbo_pipeline' retrieved from /opt/airflow/dags/lcbo_pipeline_dag.py
[2026-09-19T23:17:15.837+0000] {logging_mixin.py:188} INFO - [2026-09-19T23:17:15.837+0000] {dag.py:3089} INFO - Sync 1 DAGs
[2026-09-19T23:17:15.847+0000] {logging_mixin.py:188} INFO - [2026-09-19T23:17:15.847+0000] {dag.py:3947} INFO - Setting next_dagrun for lcbo_pipeline to None, run_after=None
[2026-09-19T23:17:15.861+0000] {processor.py:183} INFO - Processing /opt/airflow/dags/lcbo_pipeline_dag.py took 0.075 seconds
[2026-09-19T23:17:45.988+0000] {processor.py:161} INFO - Started process (PID=6041) to work on /opt/airflow/dags/lcbo_pipeline_dag.py
[2026-09-19T23:17:45.990+0000] {processor.py:830} INFO - Processing file /opt/airflow/dags/lcbo_pipeline_dag.py for tasks to queue
[2026-09-19T23:17:45.991+0000] {logging_mixin.py:188} INFO - [2026-09-19T23:17:45.991+0000] {dagbag.py:545} INFO - Filling up the DagBag from /opt/airflow/dags/lcbo_pipeline_dag.py
[2026-09-19T23:17:46.007+0000] {processor.py:840} INFO - DAG(s) 'lcbo_pipeline' retrieved from /opt/airflow/dags/lcbo_pipeline_dag.py
[2026-09-19T23:17:46.032+0000] {logging_mixin.py:188} INFO - [2026-09-19T23:17:46.031+0000] {dag.py:3089} INFO - Sync 1 DAGs
[2026-09-19T23:17:46.040+0000] {logging_mixin.py:188} INFO - [2026-09-19T23:17:46.040+0000] {dag.py:3947} INFO - Setting next_dagrun for lcbo_pipeline to None, run_after=None
[2026-09-19T23:17:46.055+0000] {processor.py:183} INFO - Processing /opt/airflow/dags/lcbo_pipeline_dag.py took 0.071 seconds
[2026-09-19T23:18:16.232+0000] {processor.py:161} INFO - Started process (PID=6052) to work on /opt/airflow/dags/lcbo_pipeline_dag.py
[2026-09-19T23:18:16.233+0000] {processor.py:830} INFO - Processing file /opt/airflow/dags/lcbo_pipeline_dag.py for tasks to queue
[2026-09-19T23:18:16.235+0000] {logging_mixin.py:188} INFO - [2026-09-19T23:18:16.234+0000] {dagbag.py:545} INFO - Filling up the DagBag from /opt/airflow/dags/lcbo_pipeline_dag.py
[2026-09-19T23:18:16.252+0000] {processor.py:840} INFO - DAG(s) 'lcbo_pipeline' retrieved from /opt/airflow/dags/lcbo_pipeline_dag.py
[2026-09-19T23:18:16.276+0000] {logging_mixin.py:188} INFO - [2026-09-19T23:18:16.276+0000] {dag.py:3089} INFO - Sync 1 DAGs
[2026-09-19T23:18:16.287+0000] {logging_mixin.py:188} INFO - [2026-09-19T23:18:16.287+0000] {dag.py:3947} INFO - Setting next_dagrun for lcbo_pipeline to None, run_after=None
[2026-09-19T23:18:16.305+0000] {processor.py:183} INFO - Processing /opt/airflow/dags/lcbo_pipeline_dag.py took 0.077 seconds
[2026-09-19T23:18:46.440+0000] {processor.py:161} INFO - Started process (PID=6063) to work on /opt/airflow/dags/lcbo_pipeline_dag.py
[2026-09-19T23:18:46.441+0000] {processor.py:830} INFO - Processing file /opt/airflow/dags/lcbo_pipeline_dag.py for tasks to queue
[2026-09-19T23:18:46.443+0000] {logging_mixin.py:188} INFO - [2026-09-19T23:18:46.443+0000] {dagbag.py:545} INFO - Filling up the DagBag from /opt/airflow/dags/lcbo_pipeline_dag.py
[2026-09-19T23:18:46.461+0000] {processor.py:840} INFO - DAG(s) 'lcbo_pipeline' retrieved from /opt/airflow/dags/lcbo_pipeline_dag.py
[2026-09-19T23:18:46.488+0000] {logging_mixin.py:188} INFO - [2026-09-19T23:18:46.488+0000] {dag.py:3089} INFO - Sync 1 DAGs
[2026-09-19T23:18:46.500+0000] {logging_mixin.py:188} INFO - [2026-09-19T23:18:46.500+0000] {dag.py:3947} INFO - Setting next_dagrun for lcbo_pipeline to None, run_after=None
[2026-09-19T23:18:46.516+0000] {processor.py:183} INFO - Processing /opt/airflow/dags/lcbo_pipeline_dag.py took 0.080 seconds
[2026-09-19T23:19:16.677+0000] {processor.py:161} INFO - Started process (PID=6074) to work on /opt/airflow/dags/lcbo_pipeline_dag.py
[2026-09-19T23:19:16.679+0000] {processor.py:830} INFO - Processing file /opt/airflow/dags/lcbo_pipeline_dag.py for tasks to queue
[2026-09-19T23:19:16.680+0000] {logging_mixin.py:188} INFO - [2026-09-19T23:19:16.680+0000] {dagbag.py:545} INFO - Filling up the DagBag from /opt/airflow/dags/lcbo_pipeline_dag.py
[2026-09-19T23:19:16.698+0000] {processor.py:840} INFO - DAG(s) 'lcbo_pipeline' retrieved from /opt/airflow/dags/lcbo_pipeline_dag.py
[2026-09-19T23:19:16.723+0000] {logging_mixin.py:188} INFO - [2026-09-19T23:19:16.723+0000] {dag.py:3089} INFO - Sync 1 DAGs
[2026-09-19T23:19:16.734+0000] {logging_mixin.py:188} INFO - [2026-09-19T23:19:16.734+0000] {dag.py:3947} INFO - Setting next_dagrun for lcbo_pipeline to None, run_after=None
[2026-09-19T23:19:16.750+0000] {processor.py:183} INFO - Processing /opt/airflow/dags/lcbo_pipeline_dag.py took 0.077 seconds
[2026-09-19T23:19:46.897+0000] {processor.py:161} INFO - Started process (PID=6085) to work on /opt/airflow/dags/lcbo_pipeline_dag.py
[2026-09-19T23:19:46.898+0000] {processor.py:830} INFO - Processing file /opt/airflow/dags/lcbo_pipeline_dag.py for tasks to queue
[2026-09-19T23:19:46.900+0000] {logging_mixin.py:188} INFO - [2026-09-19T23:19:46.900+0000] {dagbag.py:545} INFO - Filling up the DagBag from /opt/airflow/dags/lcbo_pipeline_dag.py
[2026-09-19T23:19:46.917+0000] {processor.py:840} INFO - DAG(s) 'lcbo_pipeline' retrieved from /opt/airflow/dags/lcbo_pipeline_dag.py
[2026-09-19T23:19:46.940+0000] {logging_mixin.py:188} INFO - [2026-09-19T23:19:46.940+0000] {dag.py:3089} INFO - Sync 1 DAGs
[2026-09-19T23:19:46.950+0000] {logging_mixin.py:188} INFO - [2026-09-19T23:19:46.950+0000] {dag.py:3947} INFO - Setting next_dagrun for lcbo_pipeline to None, run_after=None
[2026-09-19T23:19:46.966+0000] {processor.py:183} INFO - Processing /opt/airflow/dags/lcbo_pipeline_dag.py took 0.073 seconds
[2026-09-19T23:20:17.126+0000] {processor.py:161} INFO - Started process (PID=6096) to work on /opt/airflow/dags/lcbo_pipeline_dag.py
[2026-09-19T23:20:17.127+0000] {processor.py:830} INFO - Processing file /opt/airflow/dags/lcbo_pipeline_dag.py for tasks to queue
[2026-09-19T23:20:17.129+0000] {logging_mixin.py:188} INFO - [2026-09-19T23:20:17.129+0000] {dagbag.py:545} INFO - Filling up the DagBag from /opt/airflow/dags/lcbo_pipeline_dag.py
[2026-09-19T23:20:17.146+0000] {processor.py:840} INFO - DAG(s) 'lcbo_pipeline' retrieved from /opt/airflow/dags/lcbo_pipeline_dag.py
[2026-09-19T23:20:17.171+0000] {logging_mixin.py:188} INFO - [2026-09-19T23:20:17.171+0000] {dag.py:3089} INFO - Sync 1 DAGs
[2026-09-19T23:20:17.181+0000] {logging_mixin.py:188} INFO - [2026-09-19T23:20:17.180+0000] {dag.py:3947} INFO - Setting next_dagrun for lcbo_pipeline to None, run_after=None
[2026-09-19T23:20:17.196+0000] {processor.py:183} INFO - Processing /opt/airflow/dags/lcbo_pipeline_dag.py took 0.075 seconds
[2026-09-19T23:20:47.344+0000] {processor.py:161} INFO - Started process (PID=6107) to work on /opt/airflow/dags/lcbo_pipeline_dag.py
[2026-09-19T23:20:47.345+0000] {processor.py:830} INFO - Processing file /opt/airflow/dags/lcbo_pipeline_dag.py for tasks to queue
[2026-09-19T23:20:47.346+0000] {logging_mixin.py:188} INFO - [2026-09-19T23:20:47.346+0000] {dagbag.py:545} INFO - Filling up the DagBag from /opt/airflow/dags/lcbo_pipeline_dag.py
[2026-09-19T23:20:47.363+0000] {processor.py:840} INFO - DAG(s) 'lcbo_pipeline' retrieved from /opt/airflow/dags/lcbo_pipeline_dag.py
[2026-09-19T23:20:47.386+0000] {logging_mixin.py:188} INFO - [2026-09-19T23:20:47.386+0000] {dag.py:3089} INFO - Sync 1 DAGs
[2026-09-19T23:20:47.397+0000] {logging_mixin.py:188} INFO - [2026-09-19T23:20:47.397+0000] {dag.py:3947} INFO - Setting next_dagrun for lcbo_pipeline to None, run_after=None
[2026-09-19T23:20:47.412+0000] {processor.py:183} INFO - Processing /opt/airflow/dags/lcbo_pipeline_dag.py took 0.073 seconds
[2026-09-19T23:21:17.600+0000] {processor.py:161} INFO - Started process (PID=6118) to work on /opt/airflow/dags/lcbo_pipeline_dag.py
[2026-09-19T23:21:17.601+0000] {processor.py:830} INFO - Processing file /opt/airflow/dags/lcbo_pipeline_dag.py for tasks to queue
[2026-09-19T23:21:17.603+0000] {logging_mixin.py:188} INFO - [2026-09-19T23:21:17.603+0000] {dagbag.py:545} INFO - Filling up the DagBag from /opt/airflow/dags/lcbo_pipeline_dag.py
[2026-09-19T23:21:17.621+0000] {processor.py:840} INFO - DAG(s) 'lcbo_pipeline' retrieved from /opt/airflow/dags/lcbo_pipeline_dag.py
[2026-09-19T23:21:17.647+0000] {logging_mixin.py:188} INFO - [2026-09-19T23:21:17.647+0000] {dag.py:3089} INFO - Sync 1 DAGs
[2026-09-19T23:21:17.658+0000] {logging_mixin.py:188} INFO - [2026-09-19T23:21:17.658+0000] {dag.py:3947} INFO - Setting next_dagrun for lcbo_pipeline to None, run_after=None
[2026-09-19T23:21:17.675+0000] {processor.py:183} INFO - Processing /opt/airflow/dags/lcbo_pipeline_dag.py took 0.078 seconds
[2026-09-19T23:21:47.800+0000] {processor.py:161} INFO - Started process (PID=6129) to work on /opt/airflow/dags/lcbo_pipeline_dag.py
[2026-09-19T23:21:47.802+0000] {processor.py:830} INFO - Processing file /opt/airflow/dags/lcbo_pipeline_dag.py for tasks to queue
[2026-09-19T23:21:47.803+0000] {logging_mixin.py:188} INFO - [2026-09-19T23:21:47.803+0000] {dagbag.py:545} INFO - Filling up the DagBag from /opt/airflow/dags/lcbo_pipeline_dag.py
[2026-09-19T23:21:47.819+0000] {processor.py:840} INFO - DAG(s) 'lcbo_pipeline' retrieved from /opt/airflow/dags/lcbo_pipeline_dag.py
[2026-09-19T23:21:47.842+0000] {logging_mixin.py:188} INFO - [2026-09-19T23:21:47.842+0000] {dag.py:3089} INFO - Sync 1 DAGs
[2026-09-19T23:21:47.850+0000] {logging_mixin.py:188} INFO - [2026-09-19T23:21:47.850+0000] {dag.py:3947} INFO - Setting next_dagrun for lcbo_pipeline to None, run_after=None
[2026-09-19T23:21:47.864+0000] {processor.py:183} INFO - Processing /opt/airflow/dags/lcbo_pipeline_dag.py took 0.068 seconds
[2026-09-19T23:22:18.059+0000] {processor.py:161} INFO - Started process (PID=6140) to work on /opt/airflow/dags/lcbo_pipeline_dag.py
[2026-09-19T23:22:18.061+0000] {processor.py:830} INFO - Processing file /opt/airflow/dags/lcbo_pipeline_dag.py for tasks to queue
[2026-09-19T23:22:18.063+0000] {logging_mixin.py:188} INFO - [2026-09-19T23:22:18.063+0000] {dagbag.py:545} INFO - Filling up the DagBag from /opt/airflow/dags/lcbo_pipeline_dag.py
[2026-09-19T23:22:18.081+0000] {processor.py:840} INFO - DAG(s) 'lcbo_pipeline' retrieved from /opt/airflow/dags/lcbo_pipeline_dag.py
[2026-09-19T23:22:18.107+0000] {logging_mixin.py:188} INFO - [2026-09-19T23:22:18.107+0000] {dag.py:3089} INFO - Sync 1 DAGs
[2026-09-19T23:22:18.118+0000] {logging_mixin.py:188} INFO - [2026-09-19T23:22:18.118+0000] {dag.py:3947} INFO - Setting next_dagrun for lcbo_pipeline to None, run_after=None
[2026-09-19T23:22:18.133+0000] {processor.py:183} INFO - Processing /opt/airflow/dags/lcbo_pipeline_dag.py took 0.079 seconds
[2026-09-19T23:22:48.265+0000] {processor.py:161} INFO - Started process (PID=6151) to work on /opt/airflow/dags/lcbo_pipeline_dag.py
[2026-09-19T23:22:48.266+0000] {processor.py:830} INFO - Processing file /opt/airflow/dags/lcbo_pipeline_dag.py for tasks to queue
[2026-09-19T23:22:48.268+0000] {logging_mixin.py:188} INFO - [2026-09-19T23:22:48.267+0000] {dagbag.py:545} INFO - Filling up the DagBag from /opt/airflow/dags/lcbo_pipeline_dag.py
[2026-09-19T23:22:48.284+0000] {processor.py:840} INFO - DAG(s) 'lcbo_pipeline' retrieved from /opt/airflow/dags/lcbo_pipeline_dag.py
[2026-09-19T23:22:48.309+0000] {logging_mixin.py:188} INFO - [2026-09-19T23:22:48.309+0000] {dag.py:3089} INFO - Sync 1 DAGs
[2026-09-19T23:22:48.319+0000] {logging_mixin.py:188} INFO - [2026-09-19T23:22:48.319+0000] {dag.py:3947} INFO - Setting next_dagrun for lcbo_pipeline to None, run_after=None
[2026-09-19T23:22:48.337+0000] {processor.py:183} INFO - Processing /opt/airflow/dags/lcbo_pipeline_dag.py took 0.077 seconds
[2026-09-19T23:23:18.511+0000] {processor.py:161} INFO - Started process (PID=6162) to work on /opt/airflow/dags/lcbo_pipeline_dag.py
[2026-09-19T23:23:18.512+0000] {processor.py:830} INFO - Processing file /opt/airflow/dags/lcbo_pipeline_dag.py for tasks to queue
[2026-09-19T23:23:18.514+0000] {logging_mixin.py:188} INFO - [2026-09-19T23:23:18.514+0000] {dagbag.py:545} INFO - Filling up the DagBag from /opt/airflow/dags/lcbo_pipeline_dag.py
[2026-09-19T23:23:18.535+0000] {processor.py:840} INFO - DAG(s) 'lcbo_pipeline' retrieved from /opt/airflow/dags/lcbo_pipeline_dag.py
[2026-09-19T23:23:18.560+0000] {logging_mixin.py:188} INFO - [2026-09-19T23:23:18.560+0000] {dag.py:3089} INFO - Sync 1 DAGs
[2026-09-19T23:23:18.570+0000] {logging_mixin.py:188} INFO - [2026-09-19T23:23:18.570+0000] {dag.py:3947} INFO - Setting next_dagrun for lcbo_pipeline to None, run_after=None
[2026-09-19T23:23:18.588+0000] {processor.py:183} INFO - Processing /opt/airflow/dags/lcbo_pipeline_dag.py took 0.082 seconds
[2026-09-19T23:23:48.711+0000] {processor.py:161} INFO - Started process (PID=6173) to work on /opt/airflow/dags/lcbo_pipeline_dag.py
[2026-09-19T23:23:48.712+0000] {processor.py:830} INFO - Processing file /opt/airflow/dags/lcbo_pipeline_dag.py for tasks to queue
[2026-09-19T23:23:48.714+0000] {logging_mixin.py:188} INFO - [2026-09-19T23:23:48.714+0000] {dagbag.py:545} INFO - Filling up the DagBag from /opt/airflow/dags/lcbo_pipeline_dag.py
[2026-09-19T23:23:48.730+0000] {processor.py:840} INFO - DAG(s) 'lcbo_pipeline' retrieved from /opt/airflow/dags/lcbo_pipeline_dag.py
[2026-09-19T23:23:48.754+0000] {logging_mixin.py:188} INFO - [2026-09-19T23:23:48.754+0000] {dag.py:3089} INFO - Sync 1 DAGs
[2026-09-19T23:23:48.763+0000] {logging_mixin.py:188} INFO - [2026-09-19T23:23:48.763+0000] {dag.py:3947} INFO - Setting next_dagrun for lcbo_pipeline to None, run_after=None
[2026-09-19T23:23:48.782+0000] {processor.py:183} INFO - Processing /opt/airflow/dags/lcbo_pipeline_dag.py took 0.074 seconds
[2026-09-19T23:24:18.956+0000] {processor.py:161} INFO - Started process (PID=6184) to work on /opt/airflow/dags/lcbo_pipeline_dag.py
[2026-09-19T23:24:18.957+0000] {processor.py:830} INFO - Processing file /opt/airflow/dags/lcbo_pipeline_dag.py for tasks to queue
[2026-09-19T23:24:18.959+0000] {logging_mixin.py:188} INFO - [2026-09-19T23:24:18.959+0000] {dagbag.py:545} INFO - Filling up the DagBag from /opt/airflow/dags/lcbo_pipeline_dag.py
[2026-09-19T23:24:18.976+0000] {processor.py:840} INFO - DAG(s) 'lcbo_pipeline' retrieved from /opt/airflow/dags/lcbo_pipeline_dag.py
[2026-09-19T23:24:19.000+0000] {logging_mixin.py:188} INFO - [2026-09-19T23:24:18.999+0000] {dag.py:3089} INFO - Sync 1 DAGs
[2026-09-19T23:24:19.011+0000] {logging_mixin.py:188} INFO - [2026-09-19T23:24:19.010+0000] {dag.py:3947} INFO - Setting next_dagrun for lcbo_pipeline to None, run_after=None
[2026-09-19T23:24:19.026+0000] {processor.py:183} INFO - Processing /opt/airflow/dags/lcbo_pipeline_dag.py took 0.074 seconds
[2026-09-19T23:24:49.159+0000] {processor.py:161} INFO - Started process (PID=6195) to work on /opt/airflow/dags/lcbo_pipeline_dag.py
[2026-09-19T23:24:49.160+0000] {processor.py:830} INFO - Processing file /opt/airflow/dags/lcbo_pipeline_dag.py for tasks to queue
[2026-09-19T23:24:49.162+0000] {logging_mixin.py:188} INFO - [2026-09-19T23:24:49.162+0000] {dagbag.py:545} INFO - Filling up the DagBag from /opt/airflow/dags/lcbo_pipeline_dag.py
[2026-09-19T23:24:49.180+0000] {processor.py:840} INFO - DAG(s) 'lcbo_pipeline' retrieved from /opt/airflow/dags/lcbo_pipeline_dag.py
[2026-09-19T23:24:49.207+0000] {logging_mixin.py:188} INFO - [2026-09-19T23:24:49.207+0000] {dag.py:3089} INFO - Sync 1 DAGs
[2026-09-19T23:24:49.217+0000] {logging_mixin.py:188} INFO - [2026-09-19T23:24:49.217+0000] {dag.py:3947} INFO - Setting next_dagrun for lcbo_pipeline to None, run_after=None
[2026-09-19T23:24:49.234+0000] {processor.py:183} INFO - Processing /opt/airflow/dags/lcbo_pipeline_dag.py took 0.079 seconds
[2026-09-19T23:25:19.405+0000] {processor.py:161} INFO - Started process (PID=6206) to work on /opt/airflow/dags/lcbo_pipeline_dag.py
[2026-09-19T23:25:19.406+0000] {processor.py:830} INFO - Processing file /opt/airflow/dags/lcbo_pipeline_dag.py for tasks to queue
[2026-09-19T23:25:19.407+0000] {logging_mixin.py:188} INFO - [2026-09-19T23:25:19.407+0000] {dagbag.py:545} INFO - Filling up the DagBag from /opt/airflow/dags/lcbo_pipeline_dag.py
[2026-09-19T23:25:19.425+0000] {processor.py:840} INFO - DAG(s) 'lcbo_pipeline' retrieved from /opt/airflow/dags/lcbo_pipeline_dag.py
[2026-09-19T23:25:19.450+0000] {logging_mixin.py:188} INFO - [2026-09-19T23:25:19.449+0000] {dag.py:3089} INFO - Sync 1 DAGs
[2026-09-19T23:25:19.460+0000] {logging_mixin.py:188} INFO - [2026-09-19T23:25:19.460+0000] {dag.py:3947} INFO - Setting next_dagrun for lcbo_pipeline to None, run_after=None
[2026-09-19T23:25:19.477+0000] {processor.py:183} INFO - Processing /opt/airflow/dags/lcbo_pipeline_dag.py took 0.077 seconds
[2026-09-19T23:25:49.638+0000] {processor.py:161} INFO - Started process (PID=6217) to work on /opt/airflow/dags/lcbo_pipeline_dag.py
[2026-09-19T23:25:49.639+0000] {processor.py:830} INFO - Processing file /opt/airflow/dags/lcbo_pipeline_dag.py for tasks to queue
[2026-09-19T23:25:49.640+0000] {logging_mixin.py:188} INFO - [2026-09-19T23:25:49.640+0000] {dagbag.py:545} INFO - Filling up the DagBag from /opt/airflow/dags/lcbo_pipeline_dag.py
[2026-09-19T23:25:49.657+0000] {processor.py:840} INFO - DAG(s) 'lcbo_pipeline' retrieved from /opt/airflow/dags/lcbo_pipeline_dag.py
[2026-09-19T23:25:49.682+0000] {logging_mixin.py:188} INFO - [2026-09-19T23:25:49.682+0000] {dag.py:3089} INFO - Sync 1 DAGs
[2026-09-19T23:25:49.692+0000] {logging_mixin.py:188} INFO - [2026-09-19T23:25:49.692+0000] {dag.py:3947} INFO - Setting next_dagrun for lcbo_pipeline to None, run_after=None
[2026-09-19T23:25:49.710+0000] {processor.py:183} INFO - Processing /opt/airflow/dags/lcbo_pipeline_dag.py took 0.077 seconds
[2026-09-19T23:26:19.842+0000] {processor.py:161} INFO - Started process (PID=6228) to work on /opt/airflow/dags/lcbo_pipeline_dag.py
[2026-09-19T23:26:19.844+0000] {processor.py:830} INFO - Processing file /opt/airflow/dags/lcbo_pipeline_dag.py for tasks to queue
[2026-09-19T23:26:19.845+0000] {logging_mixin.py:188} INFO - [2026-09-19T23:26:19.845+0000] {dagbag.py:545} INFO - Filling up the DagBag from /opt/airflow/dags/lcbo_pipeline_dag.py
[2026-09-19T23:26:19.862+0000] {processor.py:840} INFO - DAG(s) 'lcbo_pipeline' retrieved from /opt/airflow/dags/lcbo_pipeline_dag.py
[2026-09-19T23:26:19.885+0000] {logging_mixin.py:188} INFO - [2026-09-19T23:26:19.885+0000] {dag.py:3089} INFO - Sync 1 DAGs
[2026-09-19T23:26:19.895+0000] {logging_mixin.py:188} INFO - [2026-09-19T23:26:19.894+0000] {dag.py:3947} INFO - Setting next_dagrun for lcbo_pipeline to None, run_after=None
[2026-09-19T23:26:19.910+0000] {processor.py:183} INFO - Processing /opt/airflow/dags/lcbo_pipeline_dag.py took 0.072 seconds
[2026-09-19T23:26:50.086+0000] {processor.py:161} INFO - Started process (PID=6239) to work on /opt/airflow/dags/lcbo_pipeline_dag.py
[2026-09-19T23:26:50.088+0000] {processor.py:830} INFO - Processing file /opt/airflow/dags/lcbo_pipeline_dag.py for tasks to queue
[2026-09-19T23:26:50.089+0000] {logging_mixin.py:188} INFO - [2026-09-19T23:26:50.089+0000] {dagbag.py:545} INFO - Filling up the DagBag from /opt/airflow/dags/lcbo_pipeline_dag.py
[2026-09-19T23:26:50.106+0000] {processor.py:840} INFO - DAG(s) 'lcbo_pipeline' retrieved from /opt/airflow/dags/lcbo_pipeline_dag.py
[2026-09-19T23:26:50.129+0000] {logging_mixin.py:188} INFO - [2026-09-19T23:26:50.129+0000] {dag.py:3089} INFO - Sync 1 DAGs
[2026-09-19T23:26:50.140+0000] {logging_mixin.py:188} INFO - [2026-09-19T23:26:50.139+0000] {dag.py:3947} INFO - Setting next_dagrun for lcbo_pipeline to None, run_after=None
[2026-09-19T23:26:50.155+0000] {processor.py:183} INFO - Processing /opt/airflow/dags/lcbo_pipeline_dag.py took 0.073 seconds
[2026-09-19T23:27:20.290+0000] {processor.py:161} INFO - Started process (PID=6250) to work on /opt/airflow/dags/lcbo_pipeline_dag.py
[2026-09-19T23:27:20.291+0000] {processor.py:830} INFO - Processing file /opt/airflow/dags/lcbo_pipeline_dag.py for tasks to queue
[2026-09-19T23:27:20.293+0000] {logging_mixin.py:188} INFO - [2026-09-19T23:27:20.293+0000] {dagbag.py:545} INFO - Filling up the DagBag from /opt/airflow/dags/lcbo_pipeline_dag.py
[2026-09-19T23:27:20.311+0000] {processor.py:840} INFO - DAG(s) 'lcbo_pipeline' retrieved from /opt/airflow/dags/lcbo_pipeline_dag.py
[2026-09-19T23:27:20.335+0000] {logging_mixin.py:188} INFO - [2026-09-19T23:27:20.335+0000] {dag.py:3089} INFO - Sync 1 DAGs
[2026-09-19T23:27:20.343+0000] {logging_mixin.py:188} INFO - [2026-09-19T23:27:20.343+0000] {dag.py:3947} INFO - Setting next_dagrun for lcbo_pipeline to None, run_after=None
[2026-09-19T23:27:20.358+0000] {processor.py:183} INFO - Processing /opt/airflow/dags/lcbo_pipeline_dag.py took 0.073 seconds
[2026-09-19T23:27:50.533+0000] {processor.py:161} INFO - Started process (PID=6261) to work on /opt/airflow/dags/lcbo_pipeline_dag.py
[2026-09-19T23:27:50.534+0000] {processor.py:830} INFO - Processing file /opt/airflow/dags/lcbo_pipeline_dag.py for tasks to queue
[2026-09-19T23:27:50.536+0000] {logging_mixin.py:188} INFO - [2026-09-19T23:27:50.536+0000] {dagbag.py:545} INFO - Filling up the DagBag from /opt/airflow/dags/lcbo_pipeline_dag.py
[2026-09-19T23:27:50.553+0000] {processor.py:840} INFO - DAG(s) 'lcbo_pipeline' retrieved from /opt/airflow/dags/lcbo_pipeline_dag.py
[2026-09-19T23:27:50.577+0000] {logging_mixin.py:188} INFO - [2026-09-19T23:27:50.577+0000] {dag.py:3089} INFO - Sync 1 DAGs
[2026-09-19T23:27:50.588+0000] {logging_mixin.py:188} INFO - [2026-09-19T23:27:50.588+0000] {dag.py:3947} INFO - Setting next_dagrun for lcbo_pipeline to None, run_after=None
[2026-09-19T23:27:50.606+0000] {processor.py:183} INFO - Processing /opt/airflow/dags/lcbo_pipeline_dag.py took 0.077 seconds
[2026-09-19T23:28:20.733+0000] {processor.py:161} INFO - Started process (PID=6272) to work on /opt/airflow/dags/lcbo_pipeline_dag.py
[2026-09-19T23:28:20.735+0000] {processor.py:830} INFO - Processing file /opt/airflow/dags/lcbo_pipeline_dag.py for tasks to queue
[2026-09-19T23:28:20.736+0000] {logging_mixin.py:188} INFO - [2026-09-19T23:28:20.736+0000] {dagbag.py:545} INFO - Filling up the DagBag from /opt/airflow/dags/lcbo_pipeline_dag.py
[2026-09-19T23:28:20.753+0000] {processor.py:840} INFO - DAG(s) 'lcbo_pipeline' retrieved from /opt/airflow/dags/lcbo_pipeline_dag.py
[2026-09-19T23:28:20.778+0000] {logging_mixin.py:188} INFO - [2026-09-19T23:28:20.777+0000] {dag.py:3089} INFO - Sync 1 DAGs
[2026-09-19T23:28:20.788+0000] {logging_mixin.py:188} INFO - [2026-09-19T23:28:20.788+0000] {dag.py:3947} INFO - Setting next_dagrun for lcbo_pipeline to None, run_after=None
[2026-09-19T23:28:20.808+0000] {processor.py:183} INFO - Processing /opt/airflow/dags/lcbo_pipeline_dag.py took 0.078 seconds
[2026-09-19T23:28:50.980+0000] {processor.py:161} INFO - Started process (PID=6283) to work on /opt/airflow/dags/lcbo_pipeline_dag.py
[2026-09-19T23:28:50.981+0000] {processor.py:830} INFO - Processing file /opt/airflow/dags/lcbo_pipeline_dag.py for tasks to queue
[2026-09-19T23:28:50.983+0000] {logging_mixin.py:188} INFO - [2026-09-19T23:28:50.983+0000] {dagbag.py:545} INFO - Filling up the DagBag from /opt/airflow/dags/lcbo_pipeline_dag.py
[2026-09-19T23:28:51.000+0000] {processor.py:840} INFO - DAG(s) 'lcbo_pipeline' retrieved from /opt/airflow/dags/lcbo_pipeline_dag.py
[2026-09-19T23:28:51.025+0000] {logging_mixin.py:188} INFO - [2026-09-19T23:28:51.024+0000] {dag.py:3089} INFO - Sync 1 DAGs
[2026-09-19T23:28:51.035+0000] {logging_mixin.py:188} INFO - [2026-09-19T23:28:51.035+0000] {dag.py:3947} INFO - Setting next_dagrun for lcbo_pipeline to None, run_after=None
[2026-09-19T23:28:51.048+0000] {processor.py:183} INFO - Processing /opt/airflow/dags/lcbo_pipeline_dag.py took 0.072 seconds
[2026-09-19T23:29:21.192+0000] {processor.py:161} INFO - Started process (PID=6294) to work on /opt/airflow/dags/lcbo_pipeline_dag.py
[2026-09-19T23:29:21.193+0000] {processor.py:830} INFO - Processing file /opt/airflow/dags/lcbo_pipeline_dag.py for tasks to queue
[2026-09-19T23:29:21.194+0000] {logging_mixin.py:188} INFO - [2026-09-19T23:29:21.194+0000] {dagbag.py:545} INFO - Filling up the DagBag from /opt/airflow/dags/lcbo_pipeline_dag.py
[2026-09-19T23:29:21.212+0000] {processor.py:840} INFO - DAG(s) 'lcbo_pipeline' retrieved from /opt/airflow/dags/lcbo_pipeline_dag.py
[2026-09-19T23:29:21.235+0000] {logging_mixin.py:188} INFO - [2026-09-19T23:29:21.235+0000] {dag.py:3089} INFO - Sync 1 DAGs
[2026-09-19T23:29:21.244+0000] {logging_mixin.py:188} INFO - [2026-09-19T23:29:21.244+0000] {dag.py:3947} INFO - Setting next_dagrun for lcbo_pipeline to None, run_after=None
[2026-09-19T23:29:21.260+0000] {processor.py:183} INFO - Processing /opt/airflow/dags/lcbo_pipeline_dag.py took 0.072 seconds
[2026-09-19T23:29:51.426+0000] {processor.py:161} INFO - Started process (PID=6304) to work on /opt/airflow/dags/lcbo_pipeline_dag.py
[2026-09-19T23:29:51.427+0000] {processor.py:830} INFO - Processing file /opt/airflow/dags/lcbo_pipeline_dag.py for tasks to queue
[2026-09-19T23:29:51.429+0000] {logging_mixin.py:188} INFO - [2026-09-19T23:29:51.429+0000] {dagbag.py:545} INFO - Filling up the DagBag from /opt/airflow/dags/lcbo_pipeline_dag.py
[2026-09-19T23:29:51.447+0000] {processor.py:840} INFO - DAG(s) 'lcbo_pipeline' retrieved from /opt/airflow/dags/lcbo_pipeline_dag.py
[2026-09-19T23:29:51.472+0000] {logging_mixin.py:188} INFO - [2026-09-19T23:29:51.472+0000] {dag.py:3089} INFO - Sync 1 DAGs
[2026-09-19T23:29:51.482+0000] {logging_mixin.py:188} INFO - [2026-09-19T23:29:51.482+0000] {dag.py:3947} INFO - Setting next_dagrun for lcbo_pipeline to None, run_after=None
[2026-09-19T23:29:51.499+0000] {processor.py:183} INFO - Processing /opt/airflow/dags/lcbo_pipeline_dag.py took 0.077 seconds
[2026-09-19T23:30:21.635+0000] {processor.py:161} INFO - Started process (PID=6315) to work on /opt/airflow/dags/lcbo_pipeline_dag.py
[2026-09-19T23:30:21.636+0000] {processor.py:830} INFO - Processing file /opt/airflow/dags/lcbo_pipeline_dag.py for tasks to queue
[2026-09-19T23:30:21.637+0000] {logging_mixin.py:188} INFO - [2026-09-19T23:30:21.637+0000] {dagbag.py:545} INFO - Filling up the DagBag from /opt/airflow/dags/lcbo_pipeline_dag.py
[2026-09-19T23:30:21.655+0000] {processor.py:840} INFO - DAG(s) 'lcbo_pipeline' retrieved from /opt/airflow/dags/lcbo_pipeline_dag.py
[2026-09-19T23:30:21.678+0000] {logging_mixin.py:188} INFO - [2026-09-19T23:30:21.678+0000] {dag.py:3089} INFO - Sync 1 DAGs
[2026-09-19T23:30:21.687+0000] {logging_mixin.py:188} INFO - [2026-09-19T23:30:21.687+0000] {dag.py:3947} INFO - Setting next_dagrun for lcbo_pipeline to None, run_after=None
[2026-09-19T23:30:21.701+0000] {processor.py:183} INFO - Processing /opt/airflow/dags/lcbo_pipeline_dag.py took 0.070 seconds
[2026-09-19T23:30:51.902+0000] {processor.py:161} INFO - Started process (PID=6326) to work on /opt/airflow/dags/lcbo_pipeline_dag.py
[2026-09-19T23:30:51.903+0000] {processor.py:830} INFO - Processing file /opt/airflow/dags/lcbo_pipeline_dag.py for tasks to queue
[2026-09-19T23:30:51.905+0000] {logging_mixin.py:188} INFO - [2026-09-19T23:30:51.905+0000] {dagbag.py:545} INFO - Filling up the DagBag from /opt/airflow/dags/lcbo_pipeline_dag.py
[2026-09-19T23:30:51.924+0000] {processor.py:840} INFO - DAG(s) 'lcbo_pipeline' retrieved from /opt/airflow/dags/lcbo_pipeline_dag.py
[2026-09-19T23:30:51.950+0000] {logging_mixin.py:188} INFO - [2026-09-19T23:30:51.949+0000] {dag.py:3089} INFO - Sync 1 DAGs
[2026-09-19T23:30:51.961+0000] {logging_mixin.py:188} INFO - [2026-09-19T23:30:51.960+0000] {dag.py:3947} INFO - Setting next_dagrun for lcbo_pipeline to None, run_after=None
[2026-09-19T23:30:51.979+0000] {processor.py:183} INFO - Processing /opt/airflow/dags/lcbo_pipeline_dag.py took 0.081 seconds
[2026-09-19T23:31:22.100+0000] {processor.py:161} INFO - Started process (PID=6337) to work on /opt/airflow/dags/lcbo_pipeline_dag.py
[2026-09-19T23:31:22.102+0000] {processor.py:830} INFO - Processing file /opt/airflow/dags/lcbo_pipeline_dag.py for tasks to queue
[2026-09-19T23:31:22.104+0000] {logging_mixin.py:188} INFO - [2026-09-19T23:31:22.103+0000] {dagbag.py:545} INFO - Filling up the DagBag from /opt/airflow/dags/lcbo_pipeline_dag.py
[2026-09-19T23:31:22.121+0000] {processor.py:840} INFO - DAG(s) 'lcbo_pipeline' retrieved from /opt/airflow/dags/lcbo_pipeline_dag.py
[2026-09-19T23:31:22.147+0000] {logging_mixin.py:188} INFO - [2026-09-19T23:31:22.147+0000] {dag.py:3089} INFO - Sync 1 DAGs
[2026-09-19T23:31:22.156+0000] {logging_mixin.py:188} INFO - [2026-09-19T23:31:22.156+0000] {dag.py:3947} INFO - Setting next_dagrun for lcbo_pipeline to None, run_after=None
[2026-09-19T23:31:22.171+0000] {processor.py:183} INFO - Processing /opt/airflow/dags/lcbo_pipeline_dag.py took 0.075 seconds
[2026-09-19T23:31:52.356+0000] {processor.py:161} INFO - Started process (PID=6348) to work on /opt/airflow/dags/lcbo_pipeline_dag.py
[2026-09-19T23:31:52.358+0000] {processor.py:830} INFO - Processing file /opt/airflow/dags/lcbo_pipeline_dag.py for tasks to queue
[2026-09-19T23:31:52.359+0000] {logging_mixin.py:188} INFO - [2026-09-19T23:31:52.359+0000] {dagbag.py:545} INFO - Filling up the DagBag from /opt/airflow/dags/lcbo_pipeline_dag.py
[2026-09-19T23:31:52.377+0000] {processor.py:840} INFO - DAG(s) 'lcbo_pipeline' retrieved from /opt/airflow/dags/lcbo_pipeline_dag.py
[2026-09-19T23:31:52.400+0000] {logging_mixin.py:188} INFO - [2026-09-19T23:31:52.400+0000] {dag.py:3089} INFO - Sync 1 DAGs
[2026-09-19T23:31:52.408+0000] {logging_mixin.py:188} INFO - [2026-09-19T23:31:52.408+0000] {dag.py:3947} INFO - Setting next_dagrun for lcbo_pipeline to None, run_after=None
[2026-09-19T23:31:52.422+0000] {processor.py:183} INFO - Processing /opt/airflow/dags/lcbo_pipeline_dag.py took 0.070 seconds
[2026-09-19T23:32:22.548+0000] {processor.py:161} INFO - Started process (PID=6359) to work on /opt/airflow/dags/lcbo_pipeline_dag.py
[2026-09-19T23:32:22.549+0000] {processor.py:830} INFO - Processing file /opt/airflow/dags/lcbo_pipeline_dag.py for tasks to queue
[2026-09-19T23:32:22.550+0000] {logging_mixin.py:188} INFO - [2026-09-19T23:32:22.550+0000] {dagbag.py:545} INFO - Filling up the DagBag from /opt/airflow/dags/lcbo_pipeline_dag.py
[2026-09-19T23:32:22.568+0000] {processor.py:840} INFO - DAG(s) 'lcbo_pipeline' retrieved from /opt/airflow/dags/lcbo_pipeline_dag.py
[2026-09-19T23:32:22.592+0000] {logging_mixin.py:188} INFO - [2026-09-19T23:32:22.592+0000] {dag.py:3089} INFO - Sync 1 DAGs
[2026-09-19T23:32:22.601+0000] {logging_mixin.py:188} INFO - [2026-09-19T23:32:22.601+0000] {dag.py:3947} INFO - Setting next_dagrun for lcbo_pipeline to None, run_after=None
[2026-09-19T23:32:22.617+0000] {processor.py:183} INFO - Processing /opt/airflow/dags/lcbo_pipeline_dag.py took 0.074 seconds
[2026-09-19T23:32:52.777+0000] {processor.py:161} INFO - Started process (PID=6370) to work on /opt/airflow/dags/lcbo_pipeline_dag.py
[2026-09-19T23:32:52.778+0000] {processor.py:830} INFO - Processing file /opt/airflow/dags/lcbo_pipeline_dag.py for tasks to queue
[2026-09-19T23:32:52.780+0000] {logging_mixin.py:188} INFO - [2026-09-19T23:32:52.780+0000] {dagbag.py:545} INFO - Filling up the DagBag from /opt/airflow/dags/lcbo_pipeline_dag.py
[2026-09-19T23:32:52.799+0000] {processor.py:840} INFO - DAG(s) 'lcbo_pipeline' retrieved from /opt/airflow/dags/lcbo_pipeline_dag.py
[2026-09-19T23:32:52.823+0000] {logging_mixin.py:188} INFO - [2026-09-19T23:32:52.822+0000] {dag.py:3089} INFO - Sync 1 DAGs
[2026-09-19T23:32:52.834+0000] {logging_mixin.py:188} INFO - [2026-09-19T23:32:52.833+0000] {dag.py:3947} INFO - Setting next_dagrun for lcbo_pipeline to None, run_after=None
[2026-09-19T23:32:52.851+0000] {processor.py:183} INFO - Processing /opt/airflow/dags/lcbo_pipeline_dag.py took 0.077 seconds
[2026-09-19T23:33:22.963+0000] {processor.py:161} INFO - Started process (PID=6381) to work on /opt/airflow/dags/lcbo_pipeline_dag.py
[2026-09-19T23:33:22.964+0000] {processor.py:830} INFO - Processing file /opt/airflow/dags/lcbo_pipeline_dag.py for tasks to queue
[2026-09-19T23:33:22.966+0000] {logging_mixin.py:188} INFO - [2026-09-19T23:33:22.966+0000] {dagbag.py:545} INFO - Filling up the DagBag from /opt/airflow/dags/lcbo_pipeline_dag.py
[2026-09-19T23:33:22.983+0000] {processor.py:840} INFO - DAG(s) 'lcbo_pipeline' retrieved from /opt/airflow/dags/lcbo_pipeline_dag.py
[2026-09-19T23:33:23.010+0000] {logging_mixin.py:188} INFO - [2026-09-19T23:33:23.009+0000] {dag.py:3089} INFO - Sync 1 DAGs
[2026-09-19T23:33:23.020+0000] {logging_mixin.py:188} INFO - [2026-09-19T23:33:23.019+0000] {dag.py:3947} INFO - Setting next_dagrun for lcbo_pipeline to None, run_after=None
[2026-09-19T23:33:23.036+0000] {processor.py:183} INFO - Processing /opt/airflow/dags/lcbo_pipeline_dag.py took 0.078 seconds
[2026-09-19T23:33:53.221+0000] {processor.py:161} INFO - Started process (PID=6392) to work on /opt/airflow/dags/lcbo_pipeline_dag.py
[2026-09-19T23:33:53.222+0000] {processor.py:830} INFO - Processing file /opt/airflow/dags/lcbo_pipeline_dag.py for tasks to queue
[2026-09-19T23:33:53.223+0000] {logging_mixin.py:188} INFO - [2026-09-19T23:33:53.223+0000] {dagbag.py:545} INFO - Filling up the DagBag from /opt/airflow/dags/lcbo_pipeline_dag.py
[2026-09-19T23:33:53.240+0000] {processor.py:840} INFO - DAG(s) 'lcbo_pipeline' retrieved from /opt/airflow/dags/lcbo_pipeline_dag.py
[2026-09-19T23:33:53.263+0000] {logging_mixin.py:188} INFO - [2026-09-19T23:33:53.262+0000] {dag.py:3089} INFO - Sync 1 DAGs
[2026-09-19T23:33:53.271+0000] {logging_mixin.py:188} INFO - [2026-09-19T23:33:53.271+0000] {dag.py:3947} INFO - Setting next_dagrun for lcbo_pipeline to None, run_after=None
[2026-09-19T23:33:53.287+0000] {processor.py:183} INFO - Processing /opt/airflow/dags/lcbo_pipeline_dag.py took 0.070 seconds
[2026-09-19T23:34:23.414+0000] {processor.py:161} INFO - Started process (PID=6403) to work on /opt/airflow/dags/lcbo_pipeline_dag.py
[2026-09-19T23:34:23.415+0000] {processor.py:830} INFO - Processing file /opt/airflow/dags/lcbo_pipeline_dag.py for tasks to queue
[2026-09-19T23:34:23.416+0000] {logging_mixin.py:188} INFO - [2026-09-19T23:34:23.416+0000] {dagbag.py:545} INFO - Filling up the DagBag from /opt/airflow/dags/lcbo_pipeline_dag.py
[2026-09-19T23:34:23.433+0000] {processor.py:840} INFO - DAG(s) 'lcbo_pipeline' retrieved from /opt/airflow/dags/lcbo_pipeline_dag.py
[2026-09-19T23:34:23.457+0000] {logging_mixin.py:188} INFO - [2026-09-19T23:34:23.457+0000] {dag.py:3089} INFO - Sync 1 DAGs
[2026-09-19T23:34:23.468+0000] {logging_mixin.py:188} INFO - [2026-09-19T23:34:23.468+0000] {dag.py:3947} INFO - Setting next_dagrun for lcbo_pipeline to None, run_after=None
[2026-09-19T23:34:23.486+0000] {processor.py:183} INFO - Processing /opt/airflow/dags/lcbo_pipeline_dag.py took 0.077 seconds
[2026-09-19T23:34:53.660+0000] {processor.py:161} INFO - Started process (PID=6414) to work on /opt/airflow/dags/lcbo_pipeline_dag.py
[2026-09-19T23:34:53.661+0000] {processor.py:830} INFO - Processing file /opt/airflow/dags/lcbo_pipeline_dag.py for tasks to queue
[2026-09-19T23:34:53.662+0000] {logging_mixin.py:188} INFO - [2026-09-19T23:34:53.662+0000] {dagbag.py:545} INFO - Filling up the DagBag from /opt/airflow/dags/lcbo_pipeline_dag.py
[2026-09-19T23:34:53.679+0000] {processor.py:840} INFO - DAG(s) 'lcbo_pipeline' retrieved from /opt/airflow/dags/lcbo_pipeline_dag.py
[2026-09-19T23:34:53.701+0000] {logging_mixin.py:188} INFO - [2026-09-19T23:34:53.701+0000] {dag.py:3089} INFO - Sync 1 DAGs
[2026-09-19T23:34:53.710+0000] {logging_mixin.py:188} INFO - [2026-09-19T23:34:53.710+0000] {dag.py:3947} INFO - Setting next_dagrun for lcbo_pipeline to None, run_after=None
[2026-09-19T23:34:53.724+0000] {processor.py:183} INFO - Processing /opt/airflow/dags/lcbo_pipeline_dag.py took 0.068 seconds
[2026-09-19T23:35:23.856+0000] {processor.py:161} INFO - Started process (PID=6425) to work on /opt/airflow/dags/lcbo_pipeline_dag.py
[2026-09-19T23:35:23.858+0000] {processor.py:830} INFO - Processing file /opt/airflow/dags/lcbo_pipeline_dag.py for tasks to queue
[2026-09-19T23:35:23.860+0000] {logging_mixin.py:188} INFO - [2026-09-19T23:35:23.860+0000] {dagbag.py:545} INFO - Filling up the DagBag from /opt/airflow/dags/lcbo_pipeline_dag.py
[2026-09-19T23:35:23.878+0000] {processor.py:840} INFO - DAG(s) 'lcbo_pipeline' retrieved from /opt/airflow/dags/lcbo_pipeline_dag.py
[2026-09-19T23:35:23.903+0000] {logging_mixin.py:188} INFO - [2026-09-19T23:35:23.903+0000] {dag.py:3089} INFO - Sync 1 DAGs
[2026-09-19T23:35:23.915+0000] {logging_mixin.py:188} INFO - [2026-09-19T23:35:23.914+0000] {dag.py:3947} INFO - Setting next_dagrun for lcbo_pipeline to None, run_after=None
[2026-09-19T23:35:23.935+0000] {processor.py:183} INFO - Processing /opt/airflow/dags/lcbo_pipeline_dag.py took 0.082 seconds
[2026-09-19T23:35:54.124+0000] {processor.py:161} INFO - Started process (PID=6436) to work on /opt/airflow/dags/lcbo_pipeline_dag.py
[2026-09-19T23:35:54.126+0000] {processor.py:830} INFO - Processing file /opt/airflow/dags/lcbo_pipeline_dag.py for tasks to queue
[2026-09-19T23:35:54.127+0000] {logging_mixin.py:188} INFO - [2026-09-19T23:35:54.127+0000] {dagbag.py:545} INFO - Filling up the DagBag from /opt/airflow/dags/lcbo_pipeline_dag.py
[2026-09-19T23:35:54.146+0000] {processor.py:840} INFO - DAG(s) 'lcbo_pipeline' retrieved from /opt/airflow/dags/lcbo_pipeline_dag.py
[2026-09-19T23:35:54.169+0000] {logging_mixin.py:188} INFO - [2026-09-19T23:35:54.169+0000] {dag.py:3089} INFO - Sync 1 DAGs
[2026-09-19T23:35:54.179+0000] {logging_mixin.py:188} INFO - [2026-09-19T23:35:54.179+0000] {dag.py:3947} INFO - Setting next_dagrun for lcbo_pipeline to None, run_after=None
[2026-09-19T23:35:54.197+0000] {processor.py:183} INFO - Processing /opt/airflow/dags/lcbo_pipeline_dag.py took 0.077 seconds
[2026-09-19T23:36:24.313+0000] {processor.py:161} INFO - Started process (PID=6447) to work on /opt/airflow/dags/lcbo_pipeline_dag.py
[2026-09-19T23:36:24.314+0000] {processor.py:830} INFO - Processing file /opt/airflow/dags/lcbo_pipeline_dag.py for tasks to queue
[2026-09-19T23:36:24.316+0000] {logging_mixin.py:188} INFO - [2026-09-19T23:36:24.315+0000] {dagbag.py:545} INFO - Filling up the DagBag from /opt/airflow/dags/lcbo_pipeline_dag.py
[2026-09-19T23:36:24.332+0000] {processor.py:840} INFO - DAG(s) 'lcbo_pipeline' retrieved from /opt/airflow/dags/lcbo_pipeline_dag.py
[2026-09-19T23:36:24.357+0000] {logging_mixin.py:188} INFO - [2026-09-19T23:36:24.357+0000] {dag.py:3089} INFO - Sync 1 DAGs
[2026-09-19T23:36:24.366+0000] {logging_mixin.py:188} INFO - [2026-09-19T23:36:24.366+0000] {dag.py:3947} INFO - Setting next_dagrun for lcbo_pipeline to None, run_after=None
[2026-09-19T23:36:24.380+0000] {processor.py:183} INFO - Processing /opt/airflow/dags/lcbo_pipeline_dag.py took 0.071 seconds
[2026-09-19T23:36:54.564+0000] {processor.py:161} INFO - Started process (PID=6458) to work on /opt/airflow/dags/lcbo_pipeline_dag.py
[2026-09-19T23:36:54.565+0000] {processor.py:830} INFO - Processing file /opt/airflow/dags/lcbo_pipeline_dag.py for tasks to queue
[2026-09-19T23:36:54.566+0000] {logging_mixin.py:188} INFO - [2026-09-19T23:36:54.566+0000] {dagbag.py:545} INFO - Filling up the DagBag from /opt/airflow/dags/lcbo_pipeline_dag.py
[2026-09-19T23:36:54.584+0000] {processor.py:840} INFO - DAG(s) 'lcbo_pipeline' retrieved from /opt/airflow/dags/lcbo_pipeline_dag.py
[2026-09-19T23:36:54.608+0000] {logging_mixin.py:188} INFO - [2026-09-19T23:36:54.608+0000] {dag.py:3089} INFO - Sync 1 DAGs
[2026-09-19T23:36:54.618+0000] {logging_mixin.py:188} INFO - [2026-09-19T23:36:54.618+0000] {dag.py:3947} INFO - Setting next_dagrun for lcbo_pipeline to None, run_after=None
[2026-09-19T23:36:54.634+0000] {processor.py:183} INFO - Processing /opt/airflow/dags/lcbo_pipeline_dag.py took 0.074 seconds
[2026-09-19T23:37:24.761+0000] {processor.py:161} INFO - Started process (PID=6469) to work on /opt/airflow/dags/lcbo_pipeline_dag.py
[2026-09-19T23:37:24.762+0000] {processor.py:830} INFO - Processing file /opt/airflow/dags/lcbo_pipeline_dag.py for tasks to queue
[2026-09-19T23:37:24.764+0000] {logging_mixin.py:188} INFO - [2026-09-19T23:37:24.764+0000] {dagbag.py:545} INFO - Filling up the DagBag from /opt/airflow/dags/lcbo_pipeline_dag.py
[2026-09-19T23:37:24.780+0000] {processor.py:840} INFO - DAG(s) 'lcbo_pipeline' retrieved from /opt/airflow/dags/lcbo_pipeline_dag.py
[2026-09-19T23:37:24.804+0000] {logging_mixin.py:188} INFO - [2026-09-19T23:37:24.804+0000] {dag.py:3089} INFO - Sync 1 DAGs
[2026-09-19T23:37:24.813+0000] {logging_mixin.py:188} INFO - [2026-09-19T23:37:24.813+0000] {dag.py:3947} INFO - Setting next_dagrun for lcbo_pipeline to None, run_after=None
[2026-09-19T23:37:24.828+0000] {processor.py:183} INFO - Processing /opt/airflow/dags/lcbo_pipeline_dag.py took 0.071 seconds
[2026-09-19T23:37:55.002+0000] {processor.py:161} INFO - Started process (PID=6480) to work on /opt/airflow/dags/lcbo_pipeline_dag.py
[2026-09-19T23:37:55.003+0000] {processor.py:830} INFO - Processing file /opt/airflow/dags/lcbo_pipeline_dag.py for tasks to queue
[2026-09-19T23:37:55.005+0000] {logging_mixin.py:188} INFO - [2026-09-19T23:37:55.005+0000] {dagbag.py:545} INFO - Filling up the DagBag from /opt/airflow/dags/lcbo_pipeline_dag.py
[2026-09-19T23:37:55.022+0000] {processor.py:840} INFO - DAG(s) 'lcbo_pipeline' retrieved from /opt/airflow/dags/lcbo_pipeline_dag.py
[2026-09-19T23:37:55.047+0000] {logging_mixin.py:188} INFO - [2026-09-19T23:37:55.047+0000] {dag.py:3089} INFO - Sync 1 DAGs
[2026-09-19T23:37:55.057+0000] {logging_mixin.py:188} INFO - [2026-09-19T23:37:55.057+0000] {dag.py:3947} INFO - Setting next_dagrun for lcbo_pipeline to None, run_after=None
[2026-09-19T23:37:55.072+0000] {processor.py:183} INFO - Processing /opt/airflow/dags/lcbo_pipeline_dag.py took 0.073 seconds
[2026-09-19T23:38:25.198+0000] {processor.py:161} INFO - Started process (PID=6491) to work on /opt/airflow/dags/lcbo_pipeline_dag.py
[2026-09-19T23:38:25.199+0000] {processor.py:830} INFO - Processing file /opt/airflow/dags/lcbo_pipeline_dag.py for tasks to queue
[2026-09-19T23:38:25.201+0000] {logging_mixin.py:188} INFO - [2026-09-19T23:38:25.201+0000] {dagbag.py:545} INFO - Filling up the DagBag from /opt/airflow/dags/lcbo_pipeline_dag.py
[2026-09-19T23:38:25.218+0000] {processor.py:840} INFO - DAG(s) 'lcbo_pipeline' retrieved from /opt/airflow/dags/lcbo_pipeline_dag.py
[2026-09-19T23:38:25.242+0000] {logging_mixin.py:188} INFO - [2026-09-19T23:38:25.241+0000] {dag.py:3089} INFO - Sync 1 DAGs
[2026-09-19T23:38:25.253+0000] {logging_mixin.py:188} INFO - [2026-09-19T23:38:25.253+0000] {dag.py:3947} INFO - Setting next_dagrun for lcbo_pipeline to None, run_after=None
[2026-09-19T23:38:25.270+0000] {processor.py:183} INFO - Processing /opt/airflow/dags/lcbo_pipeline_dag.py took 0.076 seconds
[2026-09-19T23:38:55.428+0000] {processor.py:161} INFO - Started process (PID=6502) to work on /opt/airflow/dags/lcbo_pipeline_dag.py
[2026-09-19T23:38:55.430+0000] {processor.py:830} INFO - Processing file /opt/airflow/dags/lcbo_pipeline_dag.py for tasks to queue
[2026-09-19T23:38:55.431+0000] {logging_mixin.py:188} INFO - [2026-09-19T23:38:55.431+0000] {dagbag.py:545} INFO - Filling up the DagBag from /opt/airflow/dags/lcbo_pipeline_dag.py
[2026-09-19T23:38:55.448+0000] {processor.py:840} INFO - DAG(s) 'lcbo_pipeline' retrieved from /opt/airflow/dags/lcbo_pipeline_dag.py
[2026-09-19T23:38:55.471+0000] {logging_mixin.py:188} INFO - [2026-09-19T23:38:55.470+0000] {dag.py:3089} INFO - Sync 1 DAGs
[2026-09-19T23:38:55.480+0000] {logging_mixin.py:188} INFO - [2026-09-19T23:38:55.480+0000] {dag.py:3947} INFO - Setting next_dagrun for lcbo_pipeline to None, run_after=None
[2026-09-19T23:38:55.496+0000] {processor.py:183} INFO - Processing /opt/airflow/dags/lcbo_pipeline_dag.py took 0.072 seconds
[2026-09-19T23:39:25.636+0000] {processor.py:161} INFO - Started process (PID=6513) to work on /opt/airflow/dags/lcbo_pipeline_dag.py
[2026-09-19T23:39:25.637+0000] {processor.py:830} INFO - Processing file /opt/airflow/dags/lcbo_pipeline_dag.py for tasks to queue
[2026-09-19T23:39:25.639+0000] {logging_mixin.py:188} INFO - [2026-09-19T23:39:25.639+0000] {dagbag.py:545} INFO - Filling up the DagBag from /opt/airflow/dags/lcbo_pipeline_dag.py
[2026-09-19T23:39:25.657+0000] {processor.py:840} INFO - DAG(s) 'lcbo_pipeline' retrieved from /opt/airflow/dags/lcbo_pipeline_dag.py
[2026-09-19T23:39:25.679+0000] {logging_mixin.py:188} INFO - [2026-09-19T23:39:25.679+0000] {dag.py:3089} INFO - Sync 1 DAGs
[2026-09-19T23:39:25.689+0000] {logging_mixin.py:188} INFO - [2026-09-19T23:39:25.689+0000] {dag.py:3947} INFO - Setting next_dagrun for lcbo_pipeline to None, run_after=None
[2026-09-19T23:39:25.706+0000] {processor.py:183} INFO - Processing /opt/airflow/dags/lcbo_pipeline_dag.py took 0.075 seconds
[2026-09-19T23:39:55.868+0000] {processor.py:161} INFO - Started process (PID=6524) to work on /opt/airflow/dags/lcbo_pipeline_dag.py
[2026-09-19T23:39:55.869+0000] {processor.py:830} INFO - Processing file /opt/airflow/dags/lcbo_pipeline_dag.py for tasks to queue
[2026-09-19T23:39:55.871+0000] {logging_mixin.py:188} INFO - [2026-09-19T23:39:55.871+0000] {dagbag.py:545} INFO - Filling up the DagBag from /opt/airflow/dags/lcbo_pipeline_dag.py
[2026-09-19T23:39:55.888+0000] {processor.py:840} INFO - DAG(s) 'lcbo_pipeline' retrieved from /opt/airflow/dags/lcbo_pipeline_dag.py
[2026-09-19T23:39:55.913+0000] {logging_mixin.py:188} INFO - [2026-09-19T23:39:55.912+0000] {dag.py:3089} INFO - Sync 1 DAGs
[2026-09-19T23:39:55.923+0000] {logging_mixin.py:188} INFO - [2026-09-19T23:39:55.923+0000] {dag.py:3947} INFO - Setting next_dagrun for lcbo_pipeline to None, run_after=None
[2026-09-19T23:39:55.940+0000] {processor.py:183} INFO - Processing /opt/airflow/dags/lcbo_pipeline_dag.py took 0.076 seconds
[2026-09-19T23:40:26.058+0000] {processor.py:161} INFO - Started process (PID=6535) to work on /opt/airflow/dags/lcbo_pipeline_dag.py
[2026-09-19T23:40:26.059+0000] {processor.py:830} INFO - Processing file /opt/airflow/dags/lcbo_pipeline_dag.py for tasks to queue
[2026-09-19T23:40:26.061+0000] {logging_mixin.py:188} INFO - [2026-09-19T23:40:26.060+0000] {dagbag.py:545} INFO - Filling up the DagBag from /opt/airflow/dags/lcbo_pipeline_dag.py
[2026-09-19T23:40:26.078+0000] {processor.py:840} INFO - DAG(s) 'lcbo_pipeline' retrieved from /opt/airflow/dags/lcbo_pipeline_dag.py
[2026-09-19T23:40:26.102+0000] {logging_mixin.py:188} INFO - [2026-09-19T23:40:26.101+0000] {dag.py:3089} INFO - Sync 1 DAGs
[2026-09-19T23:40:26.111+0000] {logging_mixin.py:188} INFO - [2026-09-19T23:40:26.111+0000] {dag.py:3947} INFO - Setting next_dagrun for lcbo_pipeline to None, run_after=None
[2026-09-19T23:40:26.129+0000] {processor.py:183} INFO - Processing /opt/airflow/dags/lcbo_pipeline_dag.py took 0.075 seconds
[2026-09-19T23:40:56.337+0000] {processor.py:161} INFO - Started process (PID=6546) to work on /opt/airflow/dags/lcbo_pipeline_dag.py
[2026-09-19T23:40:56.338+0000] {processor.py:830} INFO - Processing file /opt/airflow/dags/lcbo_pipeline_dag.py for tasks to queue
[2026-09-19T23:40:56.340+0000] {logging_mixin.py:188} INFO - [2026-09-19T23:40:56.340+0000] {dagbag.py:545} INFO - Filling up the DagBag from /opt/airflow/dags/lcbo_pipeline_dag.py
[2026-09-19T23:40:56.357+0000] {processor.py:840} INFO - DAG(s) 'lcbo_pipeline' retrieved from /opt/airflow/dags/lcbo_pipeline_dag.py
[2026-09-19T23:40:56.379+0000] {logging_mixin.py:188} INFO - [2026-09-19T23:40:56.379+0000] {dag.py:3089} INFO - Sync 1 DAGs
[2026-09-19T23:40:56.387+0000] {logging_mixin.py:188} INFO - [2026-09-19T23:40:56.387+0000] {dag.py:3947} INFO - Setting next_dagrun for lcbo_pipeline to None, run_after=None
[2026-09-19T23:40:56.403+0000] {processor.py:183} INFO - Processing /opt/airflow/dags/lcbo_pipeline_dag.py took 0.069 seconds
[2026-09-19T23:41:26.525+0000] {processor.py:161} INFO - Started process (PID=6557) to work on /opt/airflow/dags/lcbo_pipeline_dag.py
[2026-09-19T23:41:26.526+0000] {processor.py:830} INFO - Processing file /opt/airflow/dags/lcbo_pipeline_dag.py for tasks to queue
[2026-09-19T23:41:26.528+0000] {logging_mixin.py:188} INFO - [2026-09-19T23:41:26.527+0000] {dagbag.py:545} INFO - Filling up the DagBag from /opt/airflow/dags/lcbo_pipeline_dag.py
[2026-09-19T23:41:26.546+0000] {processor.py:840} INFO - DAG(s) 'lcbo_pipeline' retrieved from /opt/airflow/dags/lcbo_pipeline_dag.py
[2026-09-19T23:41:26.569+0000] {logging_mixin.py:188} INFO - [2026-09-19T23:41:26.569+0000] {dag.py:3089} INFO - Sync 1 DAGs
[2026-09-19T23:41:26.579+0000] {logging_mixin.py:188} INFO - [2026-09-19T23:41:26.579+0000] {dag.py:3947} INFO - Setting next_dagrun for lcbo_pipeline to None, run_after=None
[2026-09-19T23:41:26.595+0000] {processor.py:183} INFO - Processing /opt/airflow/dags/lcbo_pipeline_dag.py took 0.074 seconds
[2026-09-19T23:41:56.756+0000] {processor.py:161} INFO - Started process (PID=6568) to work on /opt/airflow/dags/lcbo_pipeline_dag.py
[2026-09-19T23:41:56.757+0000] {processor.py:830} INFO - Processing file /opt/airflow/dags/lcbo_pipeline_dag.py for tasks to queue
[2026-09-19T23:41:56.759+0000] {logging_mixin.py:188} INFO - [2026-09-19T23:41:56.758+0000] {dagbag.py:545} INFO - Filling up the DagBag from /opt/airflow/dags/lcbo_pipeline_dag.py
[2026-09-19T23:41:56.775+0000] {processor.py:840} INFO - DAG(s) 'lcbo_pipeline' retrieved from /opt/airflow/dags/lcbo_pipeline_dag.py
[2026-09-19T23:41:56.798+0000] {logging_mixin.py:188} INFO - [2026-09-19T23:41:56.798+0000] {dag.py:3089} INFO - Sync 1 DAGs
[2026-09-19T23:41:56.807+0000] {logging_mixin.py:188} INFO - [2026-09-19T23:41:56.807+0000] {dag.py:3947} INFO - Setting next_dagrun for lcbo_pipeline to None, run_after=None
[2026-09-19T23:41:56.824+0000] {processor.py:183} INFO - Processing /opt/airflow/dags/lcbo_pipeline_dag.py took 0.072 seconds
[2026-09-19T23:42:26.951+0000] {processor.py:161} INFO - Started process (PID=6579) to work on /opt/airflow/dags/lcbo_pipeline_dag.py
[2026-09-19T23:42:26.952+0000] {processor.py:830} INFO - Processing file /opt/airflow/dags/lcbo_pipeline_dag.py for tasks to queue
[2026-09-19T23:42:26.954+0000] {logging_mixin.py:188} INFO - [2026-09-19T23:42:26.954+0000] {dagbag.py:545} INFO - Filling up the DagBag from /opt/airflow/dags/lcbo_pipeline_dag.py
[2026-09-19T23:42:26.972+0000] {processor.py:840} INFO - DAG(s) 'lcbo_pipeline' retrieved from /opt/airflow/dags/lcbo_pipeline_dag.py
[2026-09-19T23:42:26.996+0000] {logging_mixin.py:188} INFO - [2026-09-19T23:42:26.996+0000] {dag.py:3089} INFO - Sync 1 DAGs
[2026-09-19T23:42:27.007+0000] {logging_mixin.py:188} INFO - [2026-09-19T23:42:27.006+0000] {dag.py:3947} INFO - Setting next_dagrun for lcbo_pipeline to None, run_after=None
[2026-09-19T23:42:27.023+0000] {processor.py:183} INFO - Processing /opt/airflow/dags/lcbo_pipeline_dag.py took 0.076 seconds
[2026-09-19T23:42:57.196+0000] {processor.py:161} INFO - Started process (PID=6590) to work on /opt/airflow/dags/lcbo_pipeline_dag.py
[2026-09-19T23:42:57.198+0000] {processor.py:830} INFO - Processing file /opt/airflow/dags/lcbo_pipeline_dag.py for tasks to queue
[2026-09-19T23:42:57.200+0000] {logging_mixin.py:188} INFO - [2026-09-19T23:42:57.200+0000] {dagbag.py:545} INFO - Filling up the DagBag from /opt/airflow/dags/lcbo_pipeline_dag.py
[2026-09-19T23:42:57.216+0000] {processor.py:840} INFO - DAG(s) 'lcbo_pipeline' retrieved from /opt/airflow/dags/lcbo_pipeline_dag.py
[2026-09-19T23:42:57.239+0000] {logging_mixin.py:188} INFO - [2026-09-19T23:42:57.239+0000] {dag.py:3089} INFO - Sync 1 DAGs
[2026-09-19T23:42:57.249+0000] {logging_mixin.py:188} INFO - [2026-09-19T23:42:57.249+0000] {dag.py:3947} INFO - Setting next_dagrun for lcbo_pipeline to None, run_after=None
[2026-09-19T23:42:57.266+0000] {processor.py:183} INFO - Processing /opt/airflow/dags/lcbo_pipeline_dag.py took 0.074 seconds
[2026-09-19T23:43:27.388+0000] {processor.py:161} INFO - Started process (PID=6601) to work on /opt/airflow/dags/lcbo_pipeline_dag.py
[2026-09-19T23:43:27.389+0000] {processor.py:830} INFO - Processing file /opt/airflow/dags/lcbo_pipeline_dag.py for tasks to queue
[2026-09-19T23:43:27.391+0000] {logging_mixin.py:188} INFO - [2026-09-19T23:43:27.391+0000] {dagbag.py:545} INFO - Filling up the DagBag from /opt/airflow/dags/lcbo_pipeline_dag.py
[2026-09-19T23:43:27.407+0000] {processor.py:840} INFO - DAG(s) 'lcbo_pipeline' retrieved from /opt/airflow/dags/lcbo_pipeline_dag.py
[2026-09-19T23:43:27.431+0000] {logging_mixin.py:188} INFO - [2026-09-19T23:43:27.431+0000] {dag.py:3089} INFO - Sync 1 DAGs
[2026-09-19T23:43:27.440+0000] {logging_mixin.py:188} INFO - [2026-09-19T23:43:27.440+0000] {dag.py:3947} INFO - Setting next_dagrun for lcbo_pipeline to None, run_after=None
[2026-09-19T23:43:27.457+0000] {processor.py:183} INFO - Processing /opt/airflow/dags/lcbo_pipeline_dag.py took 0.073 seconds
[2026-09-19T23:43:57.641+0000] {processor.py:161} INFO - Started process (PID=6612) to work on /opt/airflow/dags/lcbo_pipeline_dag.py
[2026-09-19T23:43:57.642+0000] {processor.py:830} INFO - Processing file /opt/airflow/dags/lcbo_pipeline_dag.py for tasks to queue
[2026-09-19T23:43:57.648+0000] {logging_mixin.py:188} INFO - [2026-09-19T23:43:57.648+0000] {dagbag.py:545} INFO - Filling up the DagBag from /opt/airflow/dags/lcbo_pipeline_dag.py
[2026-09-19T23:43:57.666+0000] {processor.py:840} INFO - DAG(s) 'lcbo_pipeline' retrieved from /opt/airflow/dags/lcbo_pipeline_dag.py
[2026-09-19T23:43:57.691+0000] {logging_mixin.py:188} INFO - [2026-09-19T23:43:57.691+0000] {dag.py:3089} INFO - Sync 1 DAGs
[2026-09-19T23:43:57.702+0000] {logging_mixin.py:188} INFO - [2026-09-19T23:43:57.701+0000] {dag.py:3947} INFO - Setting next_dagrun for lcbo_pipeline to None, run_after=None
[2026-09-19T23:43:57.717+0000] {processor.py:183} INFO - Processing /opt/airflow/dags/lcbo_pipeline_dag.py took 0.080 seconds
[2026-09-19T23:44:27.835+0000] {processor.py:161} INFO - Started process (PID=6623) to work on /opt/airflow/dags/lcbo_pipeline_dag.py
[2026-09-19T23:44:27.836+0000] {processor.py:830} INFO - Processing file /opt/airflow/dags/lcbo_pipeline_dag.py for tasks to queue
[2026-09-19T23:44:27.838+0000] {logging_mixin.py:188} INFO - [2026-09-19T23:44:27.837+0000] {dagbag.py:545} INFO - Filling up the DagBag from /opt/airflow/dags/lcbo_pipeline_dag.py
[2026-09-19T23:44:27.854+0000] {processor.py:840} INFO - DAG(s) 'lcbo_pipeline' retrieved from /opt/airflow/dags/lcbo_pipeline_dag.py
[2026-09-19T23:44:27.878+0000] {logging_mixin.py:188} INFO - [2026-09-19T23:44:27.878+0000] {dag.py:3089} INFO - Sync 1 DAGs
[2026-09-19T23:44:27.887+0000] {logging_mixin.py:188} INFO - [2026-09-19T23:44:27.887+0000] {dag.py:3947} INFO - Setting next_dagrun for lcbo_pipeline to None, run_after=None
[2026-09-19T23:44:27.902+0000] {processor.py:183} INFO - Processing /opt/airflow/dags/lcbo_pipeline_dag.py took 0.071 seconds
[2026-09-19T23:44:58.083+0000] {processor.py:161} INFO - Started process (PID=6634) to work on /opt/airflow/dags/lcbo_pipeline_dag.py
[2026-09-19T23:44:58.084+0000] {processor.py:830} INFO - Processing file /opt/airflow/dags/lcbo_pipeline_dag.py for tasks to queue
[2026-09-19T23:44:58.085+0000] {logging_mixin.py:188} INFO - [2026-09-19T23:44:58.085+0000] {dagbag.py:545} INFO - Filling up the DagBag from /opt/airflow/dags/lcbo_pipeline_dag.py
[2026-09-19T23:44:58.102+0000] {processor.py:840} INFO - DAG(s) 'lcbo_pipeline' retrieved from /opt/airflow/dags/lcbo_pipeline_dag.py
[2026-09-19T23:44:58.129+0000] {logging_mixin.py:188} INFO - [2026-09-19T23:44:58.129+0000] {dag.py:3089} INFO - Sync 1 DAGs
[2026-09-19T23:44:58.140+0000] {logging_mixin.py:188} INFO - [2026-09-19T23:44:58.140+0000] {dag.py:3947} INFO - Setting next_dagrun for lcbo_pipeline to None, run_after=None
[2026-09-19T23:44:58.156+0000] {processor.py:183} INFO - Processing /opt/airflow/dags/lcbo_pipeline_dag.py took 0.077 seconds
[2026-09-19T23:45:28.281+0000] {processor.py:161} INFO - Started process (PID=6645) to work on /opt/airflow/dags/lcbo_pipeline_dag.py
[2026-09-19T23:45:28.282+0000] {processor.py:830} INFO - Processing file /opt/airflow/dags/lcbo_pipeline_dag.py for tasks to queue
[2026-09-19T23:45:28.284+0000] {logging_mixin.py:188} INFO - [2026-09-19T23:45:28.283+0000] {dagbag.py:545} INFO - Filling up the DagBag from /opt/airflow/dags/lcbo_pipeline_dag.py
[2026-09-19T23:45:28.301+0000] {processor.py:840} INFO - DAG(s) 'lcbo_pipeline' retrieved from /opt/airflow/dags/lcbo_pipeline_dag.py
[2026-09-19T23:45:28.326+0000] {logging_mixin.py:188} INFO - [2026-09-19T23:45:28.326+0000] {dag.py:3089} INFO - Sync 1 DAGs
[2026-09-19T23:45:28.337+0000] {logging_mixin.py:188} INFO - [2026-09-19T23:45:28.336+0000] {dag.py:3947} INFO - Setting next_dagrun for lcbo_pipeline to None, run_after=None
[2026-09-19T23:45:28.354+0000] {processor.py:183} INFO - Processing /opt/airflow/dags/lcbo_pipeline_dag.py took 0.078 seconds
[2026-09-19T23:45:58.548+0000] {processor.py:161} INFO - Started process (PID=6656) to work on /opt/airflow/dags/lcbo_pipeline_dag.py
[2026-09-19T23:45:58.549+0000] {processor.py:830} INFO - Processing file /opt/airflow/dags/lcbo_pipeline_dag.py for tasks to queue
[2026-09-19T23:45:58.551+0000] {logging_mixin.py:188} INFO - [2026-09-19T23:45:58.550+0000] {dagbag.py:545} INFO - Filling up the DagBag from /opt/airflow/dags/lcbo_pipeline_dag.py
[2026-09-19T23:45:58.568+0000] {processor.py:840} INFO - DAG(s) 'lcbo_pipeline' retrieved from /opt/airflow/dags/lcbo_pipeline_dag.py
[2026-09-19T23:45:58.590+0000] {logging_mixin.py:188} INFO - [2026-09-19T23:45:58.590+0000] {dag.py:3089} INFO - Sync 1 DAGs
[2026-09-19T23:45:58.598+0000] {logging_mixin.py:188} INFO - [2026-09-19T23:45:58.598+0000] {dag.py:3947} INFO - Setting next_dagrun for lcbo_pipeline to None, run_after=None
[2026-09-19T23:45:58.612+0000] {processor.py:183} INFO - Processing /opt/airflow/dags/lcbo_pipeline_dag.py took 0.068 seconds
[2026-09-19T23:46:28.744+0000] {processor.py:161} INFO - Started process (PID=6667) to work on /opt/airflow/dags/lcbo_pipeline_dag.py
[2026-09-19T23:46:28.745+0000] {processor.py:830} INFO - Processing file /opt/airflow/dags/lcbo_pipeline_dag.py for tasks to queue
[2026-09-19T23:46:28.746+0000] {logging_mixin.py:188} INFO - [2026-09-19T23:46:28.746+0000] {dagbag.py:545} INFO - Filling up the DagBag from /opt/airflow/dags/lcbo_pipeline_dag.py
[2026-09-19T23:46:28.763+0000] {processor.py:840} INFO - DAG(s) 'lcbo_pipeline' retrieved from /opt/airflow/dags/lcbo_pipeline_dag.py
[2026-09-19T23:46:28.785+0000] {logging_mixin.py:188} INFO - [2026-09-19T23:46:28.785+0000] {dag.py:3089} INFO - Sync 1 DAGs
[2026-09-19T23:46:28.794+0000] {logging_mixin.py:188} INFO - [2026-09-19T23:46:28.794+0000] {dag.py:3947} INFO - Setting next_dagrun for lcbo_pipeline to None, run_after=None
[2026-09-19T23:46:28.812+0000] {processor.py:183} INFO - Processing /opt/airflow/dags/lcbo_pipeline_dag.py took 0.074 seconds
[2026-09-19T23:46:58.967+0000] {processor.py:161} INFO - Started process (PID=6678) to work on /opt/airflow/dags/lcbo_pipeline_dag.py
[2026-09-19T23:46:58.968+0000] {processor.py:830} INFO - Processing file /opt/airflow/dags/lcbo_pipeline_dag.py for tasks to queue
[2026-09-19T23:46:58.969+0000] {logging_mixin.py:188} INFO - [2026-09-19T23:46:58.969+0000] {dagbag.py:545} INFO - Filling up the DagBag from /opt/airflow/dags/lcbo_pipeline_dag.py
[2026-09-19T23:46:58.986+0000] {processor.py:840} INFO - DAG(s) 'lcbo_pipeline' retrieved from /opt/airflow/dags/lcbo_pipeline_dag.py
[2026-09-19T23:46:59.008+0000] {logging_mixin.py:188} INFO - [2026-09-19T23:46:59.008+0000] {dag.py:3089} INFO - Sync 1 DAGs
[2026-09-19T23:46:59.017+0000] {logging_mixin.py:188} INFO - [2026-09-19T23:46:59.017+0000] {dag.py:3947} INFO - Setting next_dagrun for lcbo_pipeline to None, run_after=None
[2026-09-19T23:46:59.031+0000] {processor.py:183} INFO - Processing /opt/airflow/dags/lcbo_pipeline_dag.py took 0.068 seconds
[2026-09-19T23:47:29.154+0000] {processor.py:161} INFO - Started process (PID=6689) to work on /opt/airflow/dags/lcbo_pipeline_dag.py
[2026-09-19T23:47:29.155+0000] {processor.py:830} INFO - Processing file /opt/airflow/dags/lcbo_pipeline_dag.py for tasks to queue
[2026-09-19T23:47:29.157+0000] {logging_mixin.py:188} INFO - [2026-09-19T23:47:29.157+0000] {dagbag.py:545} INFO - Filling up the DagBag from /opt/airflow/dags/lcbo_pipeline_dag.py
[2026-09-19T23:47:29.176+0000] {processor.py:840} INFO - DAG(s) 'lcbo_pipeline' retrieved from /opt/airflow/dags/lcbo_pipeline_dag.py
[2026-09-19T23:47:29.201+0000] {logging_mixin.py:188} INFO - [2026-09-19T23:47:29.201+0000] {dag.py:3089} INFO - Sync 1 DAGs
[2026-09-19T23:47:29.211+0000] {logging_mixin.py:188} INFO - [2026-09-19T23:47:29.211+0000] {dag.py:3947} INFO - Setting next_dagrun for lcbo_pipeline to None, run_after=None
[2026-09-19T23:47:29.228+0000] {processor.py:183} INFO - Processing /opt/airflow/dags/lcbo_pipeline_dag.py took 0.078 seconds
[2026-09-19T23:47:59.391+0000] {processor.py:161} INFO - Started process (PID=6700) to work on /opt/airflow/dags/lcbo_pipeline_dag.py
[2026-09-19T23:47:59.393+0000] {processor.py:830} INFO - Processing file /opt/airflow/dags/lcbo_pipeline_dag.py for tasks to queue
[2026-09-19T23:47:59.394+0000] {logging_mixin.py:188} INFO - [2026-09-19T23:47:59.394+0000] {dagbag.py:545} INFO - Filling up the DagBag from /opt/airflow/dags/lcbo_pipeline_dag.py
[2026-09-19T23:47:59.411+0000] {processor.py:840} INFO - DAG(s) 'lcbo_pipeline' retrieved from /opt/airflow/dags/lcbo_pipeline_dag.py
[2026-09-19T23:47:59.436+0000] {logging_mixin.py:188} INFO - [2026-09-19T23:47:59.435+0000] {dag.py:3089} INFO - Sync 1 DAGs
[2026-09-19T23:47:59.447+0000] {logging_mixin.py:188} INFO - [2026-09-19T23:47:59.447+0000] {dag.py:3947} INFO - Setting next_dagrun for lcbo_pipeline to None, run_after=None
[2026-09-19T23:47:59.467+0000] {processor.py:183} INFO - Processing /opt/airflow/dags/lcbo_pipeline_dag.py took 0.080 seconds
[2026-09-19T23:48:29.589+0000] {processor.py:161} INFO - Started process (PID=6711) to work on /opt/airflow/dags/lcbo_pipeline_dag.py
[2026-09-19T23:48:29.590+0000] {processor.py:830} INFO - Processing file /opt/airflow/dags/lcbo_pipeline_dag.py for tasks to queue
[2026-09-19T23:48:29.592+0000] {logging_mixin.py:188} INFO - [2026-09-19T23:48:29.591+0000] {dagbag.py:545} INFO - Filling up the DagBag from /opt/airflow/dags/lcbo_pipeline_dag.py
[2026-09-19T23:48:29.609+0000] {processor.py:840} INFO - DAG(s) 'lcbo_pipeline' retrieved from /opt/airflow/dags/lcbo_pipeline_dag.py
[2026-09-19T23:48:29.633+0000] {logging_mixin.py:188} INFO - [2026-09-19T23:48:29.632+0000] {dag.py:3089} INFO - Sync 1 DAGs
[2026-09-19T23:48:29.642+0000] {logging_mixin.py:188} INFO - [2026-09-19T23:48:29.642+0000] {dag.py:3947} INFO - Setting next_dagrun for lcbo_pipeline to None, run_after=None
[2026-09-19T23:48:29.660+0000] {processor.py:183} INFO - Processing /opt/airflow/dags/lcbo_pipeline_dag.py took 0.076 seconds
[2026-09-19T23:48:59.842+0000] {processor.py:161} INFO - Started process (PID=6722) to work on /opt/airflow/dags/lcbo_pipeline_dag.py
[2026-09-19T23:48:59.843+0000] {processor.py:830} INFO - Processing file /opt/airflow/dags/lcbo_pipeline_dag.py for tasks to queue
[2026-09-19T23:48:59.845+0000] {logging_mixin.py:188} INFO - [2026-09-19T23:48:59.845+0000] {dagbag.py:545} INFO - Filling up the DagBag from /opt/airflow/dags/lcbo_pipeline_dag.py
[2026-09-19T23:48:59.862+0000] {processor.py:840} INFO - DAG(s) 'lcbo_pipeline' retrieved from /opt/airflow/dags/lcbo_pipeline_dag.py
[2026-09-19T23:48:59.886+0000] {logging_mixin.py:188} INFO - [2026-09-19T23:48:59.886+0000] {dag.py:3089} INFO - Sync 1 DAGs
[2026-09-19T23:48:59.895+0000] {logging_mixin.py:188} INFO - [2026-09-19T23:48:59.895+0000] {dag.py:3947} INFO - Setting next_dagrun for lcbo_pipeline to None, run_after=None
[2026-09-19T23:48:59.910+0000] {processor.py:183} INFO - Processing /opt/airflow/dags/lcbo_pipeline_dag.py took 0.072 seconds
[2026-09-19T23:49:30.033+0000] {processor.py:161} INFO - Started process (PID=6733) to work on /opt/airflow/dags/lcbo_pipeline_dag.py
[2026-09-19T23:49:30.035+0000] {processor.py:830} INFO - Processing file /opt/airflow/dags/lcbo_pipeline_dag.py for tasks to queue
[2026-09-19T23:49:30.036+0000] {logging_mixin.py:188} INFO - [2026-09-19T23:49:30.036+0000] {dagbag.py:545} INFO - Filling up the DagBag from /opt/airflow/dags/lcbo_pipeline_dag.py
[2026-09-19T23:49:30.053+0000] {processor.py:840} INFO - DAG(s) 'lcbo_pipeline' retrieved from /opt/airflow/dags/lcbo_pipeline_dag.py
[2026-09-19T23:49:30.077+0000] {logging_mixin.py:188} INFO - [2026-09-19T23:49:30.077+0000] {dag.py:3089} INFO - Sync 1 DAGs
[2026-09-19T23:49:30.086+0000] {logging_mixin.py:188} INFO - [2026-09-19T23:49:30.086+0000] {dag.py:3947} INFO - Setting next_dagrun for lcbo_pipeline to None, run_after=None
[2026-09-19T23:49:30.102+0000] {processor.py:183} INFO - Processing /opt/airflow/dags/lcbo_pipeline_dag.py took 0.073 seconds
[2026-09-19T23:50:00.276+0000] {processor.py:161} INFO - Started process (PID=6744) to work on /opt/airflow/dags/lcbo_pipeline_dag.py
[2026-09-19T23:50:00.277+0000] {processor.py:830} INFO - Processing file /opt/airflow/dags/lcbo_pipeline_dag.py for tasks to queue
[2026-09-19T23:50:00.279+0000] {logging_mixin.py:188} INFO - [2026-09-19T23:50:00.279+0000] {dagbag.py:545} INFO - Filling up the DagBag from /opt/airflow/dags/lcbo_pipeline_dag.py
[2026-09-19T23:50:00.300+0000] {processor.py:840} INFO - DAG(s) 'lcbo_pipeline' retrieved from /opt/airflow/dags/lcbo_pipeline_dag.py
[2026-09-19T23:50:00.325+0000] {logging_mixin.py:188} INFO - [2026-09-19T23:50:00.325+0000] {dag.py:3089} INFO - Sync 1 DAGs
[2026-09-19T23:50:00.335+0000] {logging_mixin.py:188} INFO - [2026-09-19T23:50:00.335+0000] {dag.py:3947} INFO - Setting next_dagrun for lcbo_pipeline to None, run_after=None
[2026-09-19T23:50:00.351+0000] {processor.py:183} INFO - Processing /opt/airflow/dags/lcbo_pipeline_dag.py took 0.079 seconds
[2026-09-19T23:50:30.471+0000] {processor.py:161} INFO - Started process (PID=6755) to work on /opt/airflow/dags/lcbo_pipeline_dag.py
[2026-09-19T23:50:30.473+0000] {processor.py:830} INFO - Processing file /opt/airflow/dags/lcbo_pipeline_dag.py for tasks to queue
[2026-09-19T23:50:30.475+0000] {logging_mixin.py:188} INFO - [2026-09-19T23:50:30.475+0000] {dagbag.py:545} INFO - Filling up the DagBag from /opt/airflow/dags/lcbo_pipeline_dag.py
[2026-09-19T23:50:30.493+0000] {processor.py:840} INFO - DAG(s) 'lcbo_pipeline' retrieved from /opt/airflow/dags/lcbo_pipeline_dag.py
[2026-09-19T23:50:30.518+0000] {logging_mixin.py:188} INFO - [2026-09-19T23:50:30.517+0000] {dag.py:3089} INFO - Sync 1 DAGs
[2026-09-19T23:50:30.528+0000] {logging_mixin.py:188} INFO - [2026-09-19T23:50:30.528+0000] {dag.py:3947} INFO - Setting next_dagrun for lcbo_pipeline to None, run_after=None
[2026-09-19T23:50:30.544+0000] {processor.py:183} INFO - Processing /opt/airflow/dags/lcbo_pipeline_dag.py took 0.078 seconds
[2026-09-19T23:51:00.751+0000] {processor.py:161} INFO - Started process (PID=6766) to work on /opt/airflow/dags/lcbo_pipeline_dag.py
[2026-09-19T23:51:00.752+0000] {processor.py:830} INFO - Processing file /opt/airflow/dags/lcbo_pipeline_dag.py for tasks to queue
[2026-09-19T23:51:00.754+0000] {logging_mixin.py:188} INFO - [2026-09-19T23:51:00.754+0000] {dagbag.py:545} INFO - Filling up the DagBag from /opt/airflow/dags/lcbo_pipeline_dag.py
[2026-09-19T23:51:00.773+0000] {processor.py:840} INFO - DAG(s) 'lcbo_pipeline' retrieved from /opt/airflow/dags/lcbo_pipeline_dag.py
[2026-09-19T23:51:00.797+0000] {logging_mixin.py:188} INFO - [2026-09-19T23:51:00.797+0000] {dag.py:3089} INFO - Sync 1 DAGs
[2026-09-19T23:51:00.807+0000] {logging_mixin.py:188} INFO - [2026-09-19T23:51:00.807+0000] {dag.py:3947} INFO - Setting next_dagrun for lcbo_pipeline to None, run_after=None
[2026-09-19T23:51:00.823+0000] {processor.py:183} INFO - Processing /opt/airflow/dags/lcbo_pipeline_dag.py took 0.076 seconds
[2026-09-19T23:51:30.951+0000] {processor.py:161} INFO - Started process (PID=6777) to work on /opt/airflow/dags/lcbo_pipeline_dag.py
[2026-09-19T23:51:30.953+0000] {processor.py:830} INFO - Processing file /opt/airflow/dags/lcbo_pipeline_dag.py for tasks to queue
[2026-09-19T23:51:30.955+0000] {logging_mixin.py:188} INFO - [2026-09-19T23:51:30.955+0000] {dagbag.py:545} INFO - Filling up the DagBag from /opt/airflow/dags/lcbo_pipeline_dag.py
[2026-09-19T23:51:30.984+0000] {processor.py:840} INFO - DAG(s) 'lcbo_pipeline' retrieved from /opt/airflow/dags/lcbo_pipeline_dag.py
[2026-09-19T23:51:31.009+0000] {logging_mixin.py:188} INFO - [2026-09-19T23:51:31.009+0000] {dag.py:3089} INFO - Sync 1 DAGs
[2026-09-19T23:51:31.019+0000] {logging_mixin.py:188} INFO - [2026-09-19T23:51:31.019+0000] {dag.py:3947} INFO - Setting next_dagrun for lcbo_pipeline to None, run_after=None
[2026-09-19T23:51:31.035+0000] {processor.py:183} INFO - Processing /opt/airflow/dags/lcbo_pipeline_dag.py took 0.091 seconds
[2026-09-19T23:52:01.193+0000] {processor.py:161} INFO - Started process (PID=6788) to work on /opt/airflow/dags/lcbo_pipeline_dag.py
[2026-09-19T23:52:01.195+0000] {processor.py:830} INFO - Processing file /opt/airflow/dags/lcbo_pipeline_dag.py for tasks to queue
[2026-09-19T23:52:01.197+0000] {logging_mixin.py:188} INFO - [2026-09-19T23:52:01.196+0000] {dagbag.py:545} INFO - Filling up the DagBag from /opt/airflow/dags/lcbo_pipeline_dag.py
[2026-09-19T23:52:01.214+0000] {processor.py:840} INFO - DAG(s) 'lcbo_pipeline' retrieved from /opt/airflow/dags/lcbo_pipeline_dag.py
[2026-09-19T23:52:01.238+0000] {logging_mixin.py:188} INFO - [2026-09-19T23:52:01.238+0000] {dag.py:3089} INFO - Sync 1 DAGs
[2026-09-19T23:52:01.248+0000] {logging_mixin.py:188} INFO - [2026-09-19T23:52:01.248+0000] {dag.py:3947} INFO - Setting next_dagrun for lcbo_pipeline to None, run_after=None
[2026-09-19T23:52:01.264+0000] {processor.py:183} INFO - Processing /opt/airflow/dags/lcbo_pipeline_dag.py took 0.076 seconds
[2026-09-19T23:52:31.412+0000] {processor.py:161} INFO - Started process (PID=6799) to work on /opt/airflow/dags/lcbo_pipeline_dag.py
[2026-09-19T23:52:31.414+0000] {processor.py:830} INFO - Processing file /opt/airflow/dags/lcbo_pipeline_dag.py for tasks to queue
[2026-09-19T23:52:31.416+0000] {logging_mixin.py:188} INFO - [2026-09-19T23:52:31.415+0000] {dagbag.py:545} INFO - Filling up the DagBag from /opt/airflow/dags/lcbo_pipeline_dag.py
[2026-09-19T23:52:31.435+0000] {processor.py:840} INFO - DAG(s) 'lcbo_pipeline' retrieved from /opt/airflow/dags/lcbo_pipeline_dag.py
[2026-09-19T23:52:31.457+0000] {logging_mixin.py:188} INFO - [2026-09-19T23:52:31.457+0000] {dag.py:3089} INFO - Sync 1 DAGs
[2026-09-19T23:52:31.467+0000] {logging_mixin.py:188} INFO - [2026-09-19T23:52:31.466+0000] {dag.py:3947} INFO - Setting next_dagrun for lcbo_pipeline to None, run_after=None
[2026-09-19T23:52:31.483+0000] {processor.py:183} INFO - Processing /opt/airflow/dags/lcbo_pipeline_dag.py took 0.076 seconds
[2026-09-19T23:53:01.635+0000] {processor.py:161} INFO - Started process (PID=6810) to work on /opt/airflow/dags/lcbo_pipeline_dag.py
[2026-09-19T23:53:01.636+0000] {processor.py:830} INFO - Processing file /opt/airflow/dags/lcbo_pipeline_dag.py for tasks to queue
[2026-09-19T23:53:01.638+0000] {logging_mixin.py:188} INFO - [2026-09-19T23:53:01.638+0000] {dagbag.py:545} INFO - Filling up the DagBag from /opt/airflow/dags/lcbo_pipeline_dag.py
[2026-09-19T23:53:01.656+0000] {processor.py:840} INFO - DAG(s) 'lcbo_pipeline' retrieved from /opt/airflow/dags/lcbo_pipeline_dag.py
[2026-09-19T23:53:01.682+0000] {logging_mixin.py:188} INFO - [2026-09-19T23:53:01.682+0000] {dag.py:3089} INFO - Sync 1 DAGs
[2026-09-19T23:53:01.695+0000] {logging_mixin.py:188} INFO - [2026-09-19T23:53:01.695+0000] {dag.py:3947} INFO - Setting next_dagrun for lcbo_pipeline to None, run_after=None
[2026-09-19T23:53:01.710+0000] {processor.py:183} INFO - Processing /opt/airflow/dags/lcbo_pipeline_dag.py took 0.081 seconds
[2026-09-19T23:53:31.850+0000] {processor.py:161} INFO - Started process (PID=6821) to work on /opt/airflow/dags/lcbo_pipeline_dag.py
[2026-09-19T23:53:31.852+0000] {processor.py:830} INFO - Processing file /opt/airflow/dags/lcbo_pipeline_dag.py for tasks to queue
[2026-09-19T23:53:31.853+0000] {logging_mixin.py:188} INFO - [2026-09-19T23:53:31.853+0000] {dagbag.py:545} INFO - Filling up the DagBag from /opt/airflow/dags/lcbo_pipeline_dag.py
[2026-09-19T23:53:31.872+0000] {processor.py:840} INFO - DAG(s) 'lcbo_pipeline' retrieved from /opt/airflow/dags/lcbo_pipeline_dag.py
[2026-09-19T23:53:31.896+0000] {logging_mixin.py:188} INFO - [2026-09-19T23:53:31.895+0000] {dag.py:3089} INFO - Sync 1 DAGs
[2026-09-19T23:53:31.906+0000] {logging_mixin.py:188} INFO - [2026-09-19T23:53:31.906+0000] {dag.py:3947} INFO - Setting next_dagrun for lcbo_pipeline to None, run_after=None
[2026-09-19T23:53:31.924+0000] {processor.py:183} INFO - Processing /opt/airflow/dags/lcbo_pipeline_dag.py took 0.078 seconds
[2026-09-19T23:54:02.071+0000] {processor.py:161} INFO - Started process (PID=6832) to work on /opt/airflow/dags/lcbo_pipeline_dag.py
[2026-09-19T23:54:02.073+0000] {processor.py:830} INFO - Processing file /opt/airflow/dags/lcbo_pipeline_dag.py for tasks to queue
[2026-09-19T23:54:02.074+0000] {logging_mixin.py:188} INFO - [2026-09-19T23:54:02.074+0000] {dagbag.py:545} INFO - Filling up the DagBag from /opt/airflow/dags/lcbo_pipeline_dag.py
[2026-09-19T23:54:02.092+0000] {processor.py:840} INFO - DAG(s) 'lcbo_pipeline' retrieved from /opt/airflow/dags/lcbo_pipeline_dag.py
[2026-09-19T23:54:02.116+0000] {logging_mixin.py:188} INFO - [2026-09-19T23:54:02.115+0000] {dag.py:3089} INFO - Sync 1 DAGs
[2026-09-19T23:54:02.127+0000] {logging_mixin.py:188} INFO - [2026-09-19T23:54:02.126+0000] {dag.py:3947} INFO - Setting next_dagrun for lcbo_pipeline to None, run_after=None
[2026-09-19T23:54:02.142+0000] {processor.py:183} INFO - Processing /opt/airflow/dags/lcbo_pipeline_dag.py took 0.076 seconds
[2026-09-19T23:54:32.296+0000] {processor.py:161} INFO - Started process (PID=6849) to work on /opt/airflow/dags/lcbo_pipeline_dag.py
[2026-09-19T23:54:32.297+0000] {processor.py:830} INFO - Processing file /opt/airflow/dags/lcbo_pipeline_dag.py for tasks to queue
[2026-09-19T23:54:32.300+0000] {logging_mixin.py:188} INFO - [2026-09-19T23:54:32.299+0000] {dagbag.py:545} INFO - Filling up the DagBag from /opt/airflow/dags/lcbo_pipeline_dag.py
[2026-09-19T23:54:32.319+0000] {processor.py:840} INFO - DAG(s) 'lcbo_pipeline' retrieved from /opt/airflow/dags/lcbo_pipeline_dag.py
[2026-09-19T23:54:32.344+0000] {logging_mixin.py:188} INFO - [2026-09-19T23:54:32.344+0000] {dag.py:3089} INFO - Sync 1 DAGs
[2026-09-19T23:54:32.354+0000] {logging_mixin.py:188} INFO - [2026-09-19T23:54:32.354+0000] {dag.py:3947} INFO - Setting next_dagrun for lcbo_pipeline to None, run_after=None
[2026-09-19T23:54:32.369+0000] {processor.py:183} INFO - Processing /opt/airflow/dags/lcbo_pipeline_dag.py took 0.078 seconds
[2026-09-19T23:55:02.518+0000] {processor.py:161} INFO - Started process (PID=6860) to work on /opt/airflow/dags/lcbo_pipeline_dag.py
[2026-09-19T23:55:02.520+0000] {processor.py:830} INFO - Processing file /opt/airflow/dags/lcbo_pipeline_dag.py for tasks to queue
[2026-09-19T23:55:02.521+0000] {logging_mixin.py:188} INFO - [2026-09-19T23:55:02.521+0000] {dagbag.py:545} INFO - Filling up the DagBag from /opt/airflow/dags/lcbo_pipeline_dag.py
[2026-09-19T23:55:02.538+0000] {processor.py:840} INFO - DAG(s) 'lcbo_pipeline' retrieved from /opt/airflow/dags/lcbo_pipeline_dag.py
[2026-09-19T23:55:02.563+0000] {logging_mixin.py:188} INFO - [2026-09-19T23:55:02.562+0000] {dag.py:3089} INFO - Sync 1 DAGs
[2026-09-19T23:55:02.572+0000] {logging_mixin.py:188} INFO - [2026-09-19T23:55:02.572+0000] {dag.py:3947} INFO - Setting next_dagrun for lcbo_pipeline to None, run_after=None
[2026-09-19T23:55:02.588+0000] {processor.py:183} INFO - Processing /opt/airflow/dags/lcbo_pipeline_dag.py took 0.074 seconds
[2026-09-19T23:55:32.744+0000] {processor.py:161} INFO - Started process (PID=6871) to work on /opt/airflow/dags/lcbo_pipeline_dag.py
[2026-09-19T23:55:32.745+0000] {processor.py:830} INFO - Processing file /opt/airflow/dags/lcbo_pipeline_dag.py for tasks to queue
[2026-09-19T23:55:32.747+0000] {logging_mixin.py:188} INFO - [2026-09-19T23:55:32.747+0000] {dagbag.py:545} INFO - Filling up the DagBag from /opt/airflow/dags/lcbo_pipeline_dag.py
[2026-09-19T23:55:32.765+0000] {processor.py:840} INFO - DAG(s) 'lcbo_pipeline' retrieved from /opt/airflow/dags/lcbo_pipeline_dag.py
[2026-09-19T23:55:32.788+0000] {logging_mixin.py:188} INFO - [2026-09-19T23:55:32.787+0000] {dag.py:3089} INFO - Sync 1 DAGs
[2026-09-19T23:55:32.799+0000] {logging_mixin.py:188} INFO - [2026-09-19T23:55:32.799+0000] {dag.py:3947} INFO - Setting next_dagrun for lcbo_pipeline to None, run_after=None
[2026-09-19T23:55:32.815+0000] {processor.py:183} INFO - Processing /opt/airflow/dags/lcbo_pipeline_dag.py took 0.075 seconds
[2026-09-19T23:56:02.993+0000] {processor.py:161} INFO - Started process (PID=6882) to work on /opt/airflow/dags/lcbo_pipeline_dag.py
[2026-09-19T23:56:02.994+0000] {processor.py:830} INFO - Processing file /opt/airflow/dags/lcbo_pipeline_dag.py for tasks to queue
[2026-09-19T23:56:02.996+0000] {logging_mixin.py:188} INFO - [2026-09-19T23:56:02.996+0000] {dagbag.py:545} INFO - Filling up the DagBag from /opt/airflow/dags/lcbo_pipeline_dag.py
[2026-09-19T23:56:03.013+0000] {processor.py:840} INFO - DAG(s) 'lcbo_pipeline' retrieved from /opt/airflow/dags/lcbo_pipeline_dag.py
[2026-09-19T23:56:03.037+0000] {logging_mixin.py:188} INFO - [2026-09-19T23:56:03.037+0000] {dag.py:3089} INFO - Sync 1 DAGs
[2026-09-19T23:56:03.048+0000] {logging_mixin.py:188} INFO - [2026-09-19T23:56:03.048+0000] {dag.py:3947} INFO - Setting next_dagrun for lcbo_pipeline to None, run_after=None
[2026-09-19T23:56:03.066+0000] {processor.py:183} INFO - Processing /opt/airflow/dags/lcbo_pipeline_dag.py took 0.076 seconds
[2026-09-19T23:56:33.191+0000] {processor.py:161} INFO - Started process (PID=6893) to work on /opt/airflow/dags/lcbo_pipeline_dag.py
[2026-09-19T23:56:33.193+0000] {processor.py:830} INFO - Processing file /opt/airflow/dags/lcbo_pipeline_dag.py for tasks to queue
[2026-09-19T23:56:33.194+0000] {logging_mixin.py:188} INFO - [2026-09-19T23:56:33.194+0000] {dagbag.py:545} INFO - Filling up the DagBag from /opt/airflow/dags/lcbo_pipeline_dag.py
[2026-09-19T23:56:33.214+0000] {processor.py:840} INFO - DAG(s) 'lcbo_pipeline' retrieved from /opt/airflow/dags/lcbo_pipeline_dag.py
[2026-09-19T23:56:33.243+0000] {logging_mixin.py:188} INFO - [2026-09-19T23:56:33.243+0000] {dag.py:3089} INFO - Sync 1 DAGs
[2026-09-19T23:56:33.253+0000] {logging_mixin.py:188} INFO - [2026-09-19T23:56:33.253+0000] {dag.py:3947} INFO - Setting next_dagrun for lcbo_pipeline to None, run_after=None
[2026-09-19T23:56:33.270+0000] {processor.py:183} INFO - Processing /opt/airflow/dags/lcbo_pipeline_dag.py took 0.083 seconds
[2026-09-19T23:57:03.436+0000] {processor.py:161} INFO - Started process (PID=6904) to work on /opt/airflow/dags/lcbo_pipeline_dag.py
[2026-09-19T23:57:03.437+0000] {processor.py:830} INFO - Processing file /opt/airflow/dags/lcbo_pipeline_dag.py for tasks to queue
[2026-09-19T23:57:03.439+0000] {logging_mixin.py:188} INFO - [2026-09-19T23:57:03.439+0000] {dagbag.py:545} INFO - Filling up the DagBag from /opt/airflow/dags/lcbo_pipeline_dag.py
[2026-09-19T23:57:03.456+0000] {processor.py:840} INFO - DAG(s) 'lcbo_pipeline' retrieved from /opt/airflow/dags/lcbo_pipeline_dag.py
[2026-09-19T23:57:03.480+0000] {logging_mixin.py:188} INFO - [2026-09-19T23:57:03.479+0000] {dag.py:3089} INFO - Sync 1 DAGs
[2026-09-19T23:57:03.490+0000] {logging_mixin.py:188} INFO - [2026-09-19T23:57:03.489+0000] {dag.py:3947} INFO - Setting next_dagrun for lcbo_pipeline to None, run_after=None
[2026-09-19T23:57:03.504+0000] {processor.py:183} INFO - Processing /opt/airflow/dags/lcbo_pipeline_dag.py took 0.072 seconds
[2026-09-19T23:57:33.643+0000] {processor.py:161} INFO - Started process (PID=6915) to work on /opt/airflow/dags/lcbo_pipeline_dag.py
[2026-09-19T23:57:33.645+0000] {processor.py:830} INFO - Processing file /opt/airflow/dags/lcbo_pipeline_dag.py for tasks to queue
[2026-09-19T23:57:33.647+0000] {logging_mixin.py:188} INFO - [2026-09-19T23:57:33.647+0000] {dagbag.py:545} INFO - Filling up the DagBag from /opt/airflow/dags/lcbo_pipeline_dag.py
[2026-09-19T23:57:33.664+0000] {processor.py:840} INFO - DAG(s) 'lcbo_pipeline' retrieved from /opt/airflow/dags/lcbo_pipeline_dag.py
[2026-09-19T23:57:33.687+0000] {logging_mixin.py:188} INFO - [2026-09-19T23:57:33.687+0000] {dag.py:3089} INFO - Sync 1 DAGs
[2026-09-19T23:57:33.697+0000] {logging_mixin.py:188} INFO - [2026-09-19T23:57:33.696+0000] {dag.py:3947} INFO - Setting next_dagrun for lcbo_pipeline to None, run_after=None
[2026-09-19T23:57:33.711+0000] {processor.py:183} INFO - Processing /opt/airflow/dags/lcbo_pipeline_dag.py took 0.072 seconds
[2026-09-19T23:58:03.888+0000] {processor.py:161} INFO - Started process (PID=6926) to work on /opt/airflow/dags/lcbo_pipeline_dag.py
[2026-09-19T23:58:03.890+0000] {processor.py:830} INFO - Processing file /opt/airflow/dags/lcbo_pipeline_dag.py for tasks to queue
[2026-09-19T23:58:03.891+0000] {logging_mixin.py:188} INFO - [2026-09-19T23:58:03.891+0000] {dagbag.py:545} INFO - Filling up the DagBag from /opt/airflow/dags/lcbo_pipeline_dag.py
[2026-09-19T23:58:03.909+0000] {processor.py:840} INFO - DAG(s) 'lcbo_pipeline' retrieved from /opt/airflow/dags/lcbo_pipeline_dag.py
[2026-09-19T23:58:03.933+0000] {logging_mixin.py:188} INFO - [2026-09-19T23:58:03.933+0000] {dag.py:3089} INFO - Sync 1 DAGs
[2026-09-19T23:58:03.944+0000] {logging_mixin.py:188} INFO - [2026-09-19T23:58:03.944+0000] {dag.py:3947} INFO - Setting next_dagrun for lcbo_pipeline to None, run_after=None
[2026-09-19T23:58:03.963+0000] {processor.py:183} INFO - Processing /opt/airflow/dags/lcbo_pipeline_dag.py took 0.079 seconds
[2026-09-19T23:58:34.094+0000] {processor.py:161} INFO - Started process (PID=6937) to work on /opt/airflow/dags/lcbo_pipeline_dag.py
[2026-09-19T23:58:34.095+0000] {processor.py:830} INFO - Processing file /opt/airflow/dags/lcbo_pipeline_dag.py for tasks to queue
[2026-09-19T23:58:34.097+0000] {logging_mixin.py:188} INFO - [2026-09-19T23:58:34.096+0000] {dagbag.py:545} INFO - Filling up the DagBag from /opt/airflow/dags/lcbo_pipeline_dag.py
[2026-09-19T23:58:34.113+0000] {processor.py:840} INFO - DAG(s) 'lcbo_pipeline' retrieved from /opt/airflow/dags/lcbo_pipeline_dag.py
[2026-09-19T23:58:34.137+0000] {logging_mixin.py:188} INFO - [2026-09-19T23:58:34.136+0000] {dag.py:3089} INFO - Sync 1 DAGs
[2026-09-19T23:58:34.147+0000] {logging_mixin.py:188} INFO - [2026-09-19T23:58:34.146+0000] {dag.py:3947} INFO - Setting next_dagrun for lcbo_pipeline to None, run_after=None
[2026-09-19T23:58:34.161+0000] {processor.py:183} INFO - Processing /opt/airflow/dags/lcbo_pipeline_dag.py took 0.071 seconds
[2026-09-19T23:59:04.335+0000] {processor.py:161} INFO - Started process (PID=6948) to work on /opt/airflow/dags/lcbo_pipeline_dag.py
[2026-09-19T23:59:04.336+0000] {processor.py:830} INFO - Processing file /opt/airflow/dags/lcbo_pipeline_dag.py for tasks to queue
[2026-09-19T23:59:04.338+0000] {logging_mixin.py:188} INFO - [2026-09-19T23:59:04.337+0000] {dagbag.py:545} INFO - Filling up the DagBag from /opt/airflow/dags/lcbo_pipeline_dag.py
[2026-09-19T23:59:04.354+0000] {processor.py:840} INFO - DAG(s) 'lcbo_pipeline' retrieved from /opt/airflow/dags/lcbo_pipeline_dag.py
[2026-09-19T23:59:04.378+0000] {logging_mixin.py:188} INFO - [2026-09-19T23:59:04.378+0000] {dag.py:3089} INFO - Sync 1 DAGs
[2026-09-19T23:59:04.389+0000] {logging_mixin.py:188} INFO - [2026-09-19T23:59:04.389+0000] {dag.py:3947} INFO - Setting next_dagrun for lcbo_pipeline to None, run_after=None
[2026-09-19T23:59:04.405+0000] {processor.py:183} INFO - Processing /opt/airflow/dags/lcbo_pipeline_dag.py took 0.075 seconds
[2026-09-19T23:59:34.526+0000] {processor.py:161} INFO - Started process (PID=6959) to work on /opt/airflow/dags/lcbo_pipeline_dag.py
[2026-09-19T23:59:34.528+0000] {processor.py:830} INFO - Processing file /opt/airflow/dags/lcbo_pipeline_dag.py for tasks to queue
[2026-09-19T23:59:34.529+0000] {logging_mixin.py:188} INFO - [2026-09-19T23:59:34.529+0000] {dagbag.py:545} INFO - Filling up the DagBag from /opt/airflow/dags/lcbo_pipeline_dag.py
[2026-09-19T23:59:34.545+0000] {processor.py:840} INFO - DAG(s) 'lcbo_pipeline' retrieved from /opt/airflow/dags/lcbo_pipeline_dag.py
[2026-09-19T23:59:34.569+0000] {logging_mixin.py:188} INFO - [2026-09-19T23:59:34.568+0000] {dag.py:3089} INFO - Sync 1 DAGs
[2026-09-19T23:59:34.578+0000] {logging_mixin.py:188} INFO - [2026-09-19T23:59:34.577+0000] {dag.py:3947} INFO - Setting next_dagrun for lcbo_pipeline to None, run_after=None
[2026-09-19T23:59:34.592+0000] {processor.py:183} INFO - Processing /opt/airflow/dags/lcbo_pipeline_dag.py took 0.070 seconds
